E_cm1  rho_reactant_cm  rho_MECP_shifted_LZ  rho_MECP_internal_WC
      1.0000000000   1.0319087960e-02   0.0000000000e+00   9.6765433571e-03
      2.0000000000   1.4593394144e-02   0.0000000000e+00   1.3684698852e-02
      3.0000000000   1.7873184634e-02   0.0000000000e+00   1.6760264736e-02
      4.0000000000   2.0638175920e-02   0.0000000000e+00   1.9353086714e-02
      5.0000000000   2.3074182144e-02   0.0000000000e+00   2.1637408734e-02
      6.0000000000   2.5276500112e-02   0.0000000000e+00   2.3702593699e-02
      7.0000000000   2.7301740499e-02   0.0000000000e+00   2.5601727274e-02
      8.0000000000   2.9186788288e-02   0.0000000000e+00   2.7369397705e-02
      9.0000000000   3.0957263879e-02   0.0000000000e+00   2.9029630071e-02
     10.0000000000   3.2631821329e-02   0.0000000000e+00   3.0599916886e-02
     11.0000000000   4.4543630901e-02   0.0000000000e+00   3.2093463583e-02
     12.0000000000   5.0339763412e-02   0.0000000000e+00   3.3520529472e-02
     13.0000000000   5.5079185389e-02   0.0000000000e+00   3.4889273243e-02
     14.0000000000   5.9248667609e-02   0.0000000000e+00   3.6206309930e-02
     15.0000000000   6.3039837960e-02   0.0000000000e+00   3.7477091271e-02
     16.0000000000   6.6552851951e-02   0.0000000000e+00   3.8706173428e-02
     17.0000000000   6.9848430117e-02   0.0000000000e+00   3.9897410352e-02
     18.0000000000   7.2966970720e-02   0.0000000000e+00   4.1054096557e-02
     19.0000000000   7.5937125486e-02   0.0000000000e+00   4.2179074616e-02
     20.0000000000   7.8780185616e-02   0.0000000000e+00   4.3274817467e-02
     21.0000000000   9.1831632580e-02   0.0000000000e+00   4.4343492399e-02
     22.0000000000   9.8740576206e-02   0.0000000000e+00   4.5387011463e-02
     23.0000000000   1.0456779272e-01   0.0000000000e+00   4.6407071669e-02
     24.0000000000   1.0980166783e-01   0.0000000000e+00   4.7405187398e-02
     25.0000000000   1.1463527776e-01   0.0000000000e+00   4.8382716785e-02
     26.0000000000   1.1917008282e-01   0.0000000000e+00   4.9340883402e-02
     27.0000000000   1.2346798402e-01   0.0000000000e+00   5.0280794208e-02
     28.0000000000   1.2757045172e-01   0.0000000000e+00   5.1203454547e-02
     29.0000000000   1.3150711481e-01   0.0000000000e+00   5.2109780741e-02
     30.0000000000   1.3530015810e-01   0.0000000000e+00   5.3000610753e-02
     31.0000000000   1.5960497074e-01   0.0000000000e+00   5.3876713259e-02
     32.0000000000   1.7170754693e-01   0.0000000000e+00   5.4738795410e-02
     33.0000000000   1.8171962459e-01   0.0000000000e+00   5.5587509517e-02
     34.0000000000   1.9060994925e-01   0.0000000000e+00   6.6100002181e-02
     35.0000000000   1.9875800756e-01   0.0000000000e+00   7.0931901378e-02
     36.0000000000   2.0636111069e-01   0.0000000000e+00   7.4819524879e-02
     37.0000000000   2.2385737407e-01   0.0000000000e+00   8.7889745426e-02
     38.0000000000   2.3496176447e-01   0.0000000000e+00   9.4972326957e-02
     39.0000000000   2.4478024698e-01   0.0000000000e+00   1.0089285233e-01
     40.0000000000   2.5383379801e-01   0.0000000000e+00   1.0615464776e-01
     41.0000000000   2.7265901009e-01   0.0000000000e+00   1.1096691574e-01
     42.0000000000   2.8501235547e-01   0.0000000000e+00   1.1544339212e-01
     43.0000000000   2.9602096614e-01   0.0000000000e+00   1.1965498235e-01
     44.0000000000   3.0621813919e-01   0.0000000000e+00   1.2364978845e-01
     45.0000000000   3.1582929155e-01   0.0000000000e+00   1.2746238574e-01
     46.0000000000   3.2498024342e-01   0.0000000000e+00   1.3111870027e-01
     47.0000000000   3.3375188101e-01   0.0000000000e+00   1.3463881250e-01
     48.0000000000   3.4220087227e-01   0.0000000000e+00   1.3803867969e-01
     49.0000000000   3.5036927654e-01   0.0000000000e+00   1.4133125017e-01
     50.0000000000   3.5828962746e-01   0.0000000000e+00   1.4452721454e-01
     51.0000000000   3.7630697061e-01   0.0000000000e+00   1.4763552965e-01
     52.0000000000   3.8807865224e-01   0.0000000000e+00   1.5066379453e-01
     53.0000000000   3.9867261613e-01   0.0000000000e+00   1.5361852681e-01
     54.0000000000   4.1890263016e-01   0.0000000000e+00   1.5650537005e-01
     55.0000000000   4.3260347191e-01   0.0000000000e+00   1.5932925228e-01
     56.0000000000   4.4493183342e-01   0.0000000000e+00   1.6209450900e-01
     57.0000000000   4.5643378557e-01   0.0000000000e+00   1.6480498005e-01
     58.0000000000   4.7765971703e-01   0.0000000000e+00   1.6746408690e-01
     59.0000000000   4.9237432369e-01   0.0000000000e+00   1.7007489493e-01
     60.0000000000   5.0570998095e-01   0.0000000000e+00   1.7264016415e-01
     61.0000000000   5.3884170867e-01   0.0000000000e+00   1.7516239095e-01
     62.0000000000   5.5926971506e-01   0.0000000000e+00   1.7764384273e-01
     63.0000000000   5.7722224790e-01   0.0000000000e+00   1.8008658678e-01
     64.0000000000   5.9374110907e-01   0.0000000000e+00   1.8249251466e-01
     65.0000000000   6.0925579991e-01   0.0000000000e+00   1.8486336281e-01
     66.0000000000   6.2399998550e-01   0.0000000000e+00   1.8720073013e-01
     67.0000000000   6.4843938257e-01   0.0000000000e+00   1.9918263643e-01
     68.0000000000   6.6631062045e-01   0.0000000000e+00   2.0546551749e-01
     69.0000000000   6.8273711559e-01   0.0000000000e+00   2.1078644036e-01
     70.0000000000   6.9825420294e-01   0.0000000000e+00   2.1559643111e-01
     71.0000000000   7.1309140831e-01   0.0000000000e+00   2.2007083424e-01
     72.0000000000   7.3769837400e-01   0.0000000000e+00   2.2430004085e-01
     73.0000000000   7.5579688026e-01   0.0000000000e+00   2.2833809908e-01
     74.0000000000   7.8281749846e-01   0.0000000000e+00   2.4189704316e-01
     75.0000000000   8.1324146728e-01   0.0000000000e+00   2.4965681485e-01
     76.0000000000   8.3597744896e-01   0.0000000000e+00   2.6604804617e-01
     77.0000000000   8.5668028097e-01   0.0000000000e+00   2.7618960897e-01
     78.0000000000   8.7609662489e-01   0.0000000000e+00   2.8500251444e-01
     79.0000000000   8.9456518840e-01   0.0000000000e+00   2.9303480064e-01
     80.0000000000   9.1228125272e-01   0.0000000000e+00   3.0052104702e-01
     81.0000000000   9.2937237129e-01   0.0000000000e+00   3.0759125803e-01
     82.0000000000   9.5624772265e-01   0.0000000000e+00   3.1432767132e-01
     83.0000000000   9.7661059299e-01   0.0000000000e+00   3.2078676372e-01
     84.0000000000   9.9556332535e-01   0.0000000000e+00   3.2700957578e-01
     85.0000000000   1.0239463456e+00   0.0000000000e+00   3.4270373599e-01
     86.0000000000   1.0456156647e+00   0.0000000000e+00   3.5254861784e-01
     87.0000000000   1.0657452697e+00   0.0000000000e+00   3.6129950727e-01
     88.0000000000   1.0848955837e+00   0.0000000000e+00   3.6942219831e-01
     89.0000000000   1.1033100051e+00   0.0000000000e+00   3.7710421006e-01
     90.0000000000   1.1211274347e+00   0.0000000000e+00   3.8444611472e-01
     91.0000000000   1.1384389134e+00   0.0000000000e+00   3.9151057933e-01
     92.0000000000   1.1759475414e+00   0.0000000000e+00   3.9834046913e-01
     93.0000000000   1.2009745788e+00   0.0000000000e+00   4.0496702581e-01
     94.0000000000   1.2236590707e+00   0.0000000000e+00   4.1141408537e-01
     95.0000000000   1.2449916542e+00   0.0000000000e+00   4.1770046977e-01
     96.0000000000   1.2756889309e+00   0.0000000000e+00   4.2384144345e-01
     97.0000000000   1.2995995038e+00   0.0000000000e+00   4.3952619473e-01
     98.0000000000   1.3219056380e+00   0.0000000000e+00   4.4942044986e-01
     99.0000000000   1.3431771403e+00   0.0000000000e+00   4.5826911875e-01
    100.0000000000   1.3636654023e+00   0.0000000000e+00   4.7620647473e-01
    101.0000000000   1.3835157377e+00   0.0000000000e+00   4.9774526631e-01
    102.0000000000   1.4131433637e+00   0.0000000000e+00   5.1237180218e-01
    103.0000000000   1.4362533896e+00   0.0000000000e+00   5.2533021446e-01
    104.0000000000   1.4579483448e+00   0.0000000000e+00   5.3728401511e-01
    105.0000000000   1.4890682040e+00   0.0000000000e+00   5.5820173076e-01
    106.0000000000   1.5237873941e+00   0.0000000000e+00   5.7290230907e-01
    107.0000000000   1.5612344084e+00   0.0000000000e+00   5.8622600833e-01
    108.0000000000   1.5906553906e+00   0.0000000000e+00   5.9869481697e-01
    109.0000000000   1.6178231135e+00   0.0000000000e+00   6.1053565339e-01
    110.0000000000   1.6435414766e+00   0.0000000000e+00   6.4123103896e-01
    111.0000000000   1.6785012631e+00   0.0000000000e+00   6.6017566018e-01
    112.0000000000   1.7168741360e+00   0.0000000000e+00   6.8657757759e-01
    113.0000000000   1.7474886635e+00   0.0000000000e+00   7.0603639388e-01
    114.0000000000   1.7862946666e+00   0.0000000000e+00   7.2367128754e-01
    115.0000000000   1.8176690660e+00   0.0000000000e+00   7.4013878833e-01
    116.0000000000   1.8573207727e+00   0.0000000000e+00   7.5574223312e-01
    117.0000000000   1.8895643042e+00   0.0000000000e+00   7.7065930326e-01
    118.0000000000   1.9197675487e+00   0.0000000000e+00   7.8500736466e-01
    119.0000000000   1.9486000218e+00   0.0000000000e+00   8.0854647141e-01
    120.0000000000   1.9763755733e+00   0.0000000000e+00   8.2599422732e-01
    121.0000000000   2.0032824696e+00   0.0000000000e+00   8.4213504374e-01
    122.0000000000   2.0500864481e+00   0.0000000000e+00   8.5745765527e-01
    123.0000000000   2.0841527866e+00   0.0000000000e+00   8.7216812914e-01
    124.0000000000   2.1156532757e+00   0.0000000000e+00   8.8638235330e-01
    125.0000000000   2.1456039136e+00   0.0000000000e+00   9.0017586176e-01
    126.0000000000   2.1744224535e+00   0.0000000000e+00   9.1360248637e-01
    127.0000000000   2.2023379020e+00   0.0000000000e+00   9.2670293021e-01
    128.0000000000   2.2294960195e+00   0.0000000000e+00   9.3950927774e-01
    129.0000000000   2.2559985279e+00   0.0000000000e+00   9.5204760701e-01
    130.0000000000   2.2819209636e+00   0.0000000000e+00   9.6433961612e-01
    131.0000000000   2.3073219644e+00   0.0000000000e+00   9.7640369416e-01
    132.0000000000   2.3425676714e+00   0.0000000000e+00   9.8825565877e-01
    133.0000000000   2.3713329485e+00   0.0000000000e+00   9.9990928273e-01
    134.0000000000   2.4193387752e+00   0.0000000000e+00   1.0210532248e+00
    135.0000000000   2.4543649116e+00   0.0000000000e+00   1.0363533041e+00
    136.0000000000   2.4867217507e+00   0.0000000000e+00   1.0505549298e+00
    137.0000000000   2.5174850715e+00   0.0000000000e+00   1.0641165956e+00
    138.0000000000   2.5471017170e+00   0.0000000000e+00   1.0772203719e+00
    139.0000000000   2.5758157446e+00   0.0000000000e+00   1.0899627405e+00
    140.0000000000   2.6037808768e+00   0.0000000000e+00   1.1024032920e+00
    141.0000000000   2.6311029787e+00   0.0000000000e+00   1.1145825825e+00
    142.0000000000   2.6578595818e+00   0.0000000000e+00   1.1265301328e+00
    143.0000000000   2.6944291665e+00   0.0000000000e+00   1.1382685134e+00
    144.0000000000   2.7244949453e+00   0.0000000000e+00   1.1498156357e+00
    145.0000000000   2.7531455253e+00   0.0000000000e+00   1.1611861333e+00
    146.0000000000   2.7912116150e+00   0.0000000000e+00   1.1723922406e+00
    147.0000000000   2.8225421809e+00   0.0000000000e+00   1.1931209235e+00
    148.0000000000   2.8626250999e+00   0.0000000000e+00   1.2080362669e+00
    149.0000000000   2.9059721303e+00   0.0000000000e+00   1.2218819691e+00
    150.0000000000   2.9415101448e+00   0.0000000000e+00   1.2447914162e+00
    151.0000000000   2.9852249096e+00   0.0000000000e+00   1.2616001753e+00
    152.0000000000   3.0318265538e+00   0.0000000000e+00   1.2868155853e+00
    153.0000000000   3.0806653554e+00   0.0000000000e+00   1.3056007573e+00
    154.0000000000   3.1211074207e+00   0.0000000000e+00   1.3229049849e+00
    155.0000000000   3.1589998991e+00   0.0000000000e+00   1.3392957792e+00
    156.0000000000   3.1951968772e+00   0.0000000000e+00   1.3550219034e+00
    157.0000000000   3.2301059505e+00   0.0000000000e+00   1.3702241608e+00
    158.0000000000   3.2639703742e+00   0.0000000000e+00   1.3849933079e+00
    159.0000000000   3.2969530191e+00   0.0000000000e+00   1.3993927393e+00
    160.0000000000   3.3394901360e+00   0.0000000000e+00   1.4134692490e+00
    161.0000000000   3.3753064164e+00   0.0000000000e+00   1.4272588037e+00
    162.0000000000   3.4095215516e+00   0.0000000000e+00   1.4407899190e+00
    163.0000000000   3.4529903144e+00   0.0000000000e+00   1.4540857669e+00
    164.0000000000   3.4895807841e+00   0.0000000000e+00   1.4671655578e+00
    165.0000000000   3.5244772462e+00   0.0000000000e+00   1.4800454849e+00
    166.0000000000   3.5582490218e+00   0.0000000000e+00   1.4927393908e+00
    167.0000000000   3.5911472810e+00   0.0000000000e+00   1.5149357945e+00
    168.0000000000   3.6233177774e+00   0.0000000000e+00   1.5313002332e+00
    169.0000000000   3.6651767333e+00   0.0000000000e+00   1.5465777393e+00
    170.0000000000   3.7107497500e+00   0.0000000000e+00   1.5805794551e+00
    171.0000000000   3.7487771469e+00   0.0000000000e+00   1.6027971133e+00
    172.0000000000   3.7848318865e+00   0.0000000000e+00   1.6227982970e+00
    173.0000000000   3.8299338668e+00   0.0000000000e+00   1.6415417849e+00
    174.0000000000   3.8783490384e+00   0.0000000000e+00   1.6594161192e+00
    175.0000000000   3.9189410249e+00   0.0000000000e+00   1.6766290515e+00
    176.0000000000   3.9573552633e+00   0.0000000000e+00   1.6933088399e+00
    177.0000000000   3.9943390630e+00   0.0000000000e+00   1.7095421035e+00
    178.0000000000   4.0302348957e+00   0.0000000000e+00   1.7253910728e+00
    179.0000000000   4.0755617708e+00   0.0000000000e+00   1.7409025322e+00
    180.0000000000   4.1140880981e+00   0.0000000000e+00   1.7561128973e+00
    181.0000000000   4.1509587642e+00   0.0000000000e+00   1.7710513037e+00
    182.0000000000   4.1867248865e+00   0.0000000000e+00   1.7857415877e+00
    183.0000000000   4.2422664770e+00   0.0000000000e+00   1.8098801565e+00
    184.0000000000   4.2849963748e+00   0.0000000000e+00   1.8281388908e+00
    185.0000000000   4.3354282769e+00   0.0000000000e+00   1.8452680067e+00
    186.0000000000   4.3782262207e+00   0.0000000000e+00   1.8617298556e+00
    187.0000000000   4.4188647721e+00   0.0000000000e+00   1.8777096367e+00
    188.0000000000   4.4580563624e+00   0.0000000000e+00   1.9029829362e+00
    189.0000000000   4.4961346929e+00   0.0000000000e+00   1.9222665277e+00
    190.0000000000   4.5332979965e+00   0.0000000000e+00   1.9403385244e+00
    191.0000000000   4.5696790955e+00   0.0000000000e+00   1.9576797660e+00
    192.0000000000   4.6156929546e+00   0.0000000000e+00   1.9744883087e+00
    193.0000000000   4.6653676280e+00   0.0000000000e+00   2.0005490241e+00
    194.0000000000   4.7074469504e+00   0.0000000000e+00   2.0205855983e+00
    195.0000000000   4.7475075121e+00   0.0000000000e+00   2.0393814229e+00
    196.0000000000   4.7862535243e+00   0.0000000000e+00   2.0574214553e+00
    197.0000000000   4.8239987894e+00   0.0000000000e+00   2.0749070229e+00
    198.0000000000   4.8609232629e+00   0.0000000000e+00   2.0919490944e+00
    199.0000000000   4.8971448098e+00   0.0000000000e+00   2.1182949925e+00
    200.0000000000   4.9430664239e+00   0.0000000000e+00   2.1483257143e+00
    201.0000000000   4.9823874777e+00   0.0000000000e+00   2.1811452832e+00
    202.0000000000   5.0202079197e+00   0.0000000000e+00   2.2066227666e+00
    203.0000000000   5.0673668236e+00   0.0000000000e+00   2.2301407436e+00
    204.0000000000   5.1077195772e+00   0.0000000000e+00   2.2524312951e+00
    205.0000000000   5.1464400619e+00   0.0000000000e+00   2.2738267212e+00
    206.0000000000   5.1840889662e+00   0.0000000000e+00   2.2945173549e+00
    207.0000000000   5.2209102216e+00   0.0000000000e+00   2.3146263796e+00
    208.0000000000   5.2570434556e+00   0.0000000000e+00   2.3342399372e+00
    209.0000000000   5.2925805756e+00   0.0000000000e+00   2.3630981520e+00
    210.0000000000   5.3379065600e+00   0.0000000000e+00   2.3955814793e+00
    211.0000000000   5.3870266633e+00   0.0000000000e+00   2.4211194822e+00
    212.0000000000   5.4286668793e+00   0.0000000000e+00   2.4449292236e+00
    213.0000000000   5.4787085983e+00   0.0000000000e+00   2.4676608180e+00
    214.0000000000   5.5421186768e+00   0.0000000000e+00   2.4895997891e+00
    215.0000000000   5.5915237744e+00   0.0000000000e+00   2.5109073028e+00
    216.0000000000   5.6376759688e+00   0.0000000000e+00   2.5316872096e+00
    217.0000000000   5.6818314630e+00   0.0000000000e+00   2.5520122483e+00
    218.0000000000   5.7245351549e+00   0.0000000000e+00   2.5719363823e+00
    219.0000000000   5.7660923506e+00   0.0000000000e+00   2.6011779056e+00
    220.0000000000   5.8066983509e+00   0.0000000000e+00   2.6341017795e+00
    221.0000000000   5.8464888697e+00   0.0000000000e+00   2.6601261841e+00
    222.0000000000   5.8958828428e+00   0.0000000000e+00   2.6844595864e+00
    223.0000000000   5.9489120924e+00   0.0000000000e+00   2.7174220071e+00
    224.0000000000   6.0046427925e+00   0.0000000000e+00   2.7439488188e+00
    225.0000000000   6.0626094643e+00   0.0000000000e+00   2.7689328154e+00
    226.0000000000   6.1122049505e+00   0.0000000000e+00   2.7929243169e+00
    227.0000000000   6.1695939606e+00   0.0000000000e+00   2.8161675411e+00
    228.0000000000   6.2192596209e+00   0.0000000000e+00   2.8484800701e+00
    229.0000000000   6.2666524190e+00   0.0000000000e+00   2.8746098996e+00
    230.0000000000   6.3124889160e+00   0.0000000000e+00   2.8993591591e+00
    231.0000000000   6.3571125217e+00   0.0000000000e+00   2.9232276715e+00
    232.0000000000   6.4110505255e+00   0.0000000000e+00   2.9464288361e+00
    233.0000000000   6.4580808138e+00   0.0000000000e+00   2.9690836142e+00
    234.0000000000   6.5136763126e+00   0.0000000000e+00   3.0106242770e+00
    235.0000000000   6.5620322604e+00   0.0000000000e+00   3.0404175137e+00
    236.0000000000   6.6084477591e+00   0.0000000000e+00   3.0679777155e+00
    237.0000000000   6.6535492040e+00   0.0000000000e+00   3.1039148584e+00
    238.0000000000   6.6976218067e+00   0.0000000000e+00   3.1332599252e+00
    239.0000000000   6.7408339956e+00   0.0000000000e+00   3.1609502627e+00
    240.0000000000   6.7832991476e+00   0.0000000000e+00   3.1875612366e+00
    241.0000000000   6.8250998875e+00   0.0000000000e+00   3.2133529212e+00
    242.0000000000   6.8662997156e+00   0.0000000000e+00   3.2384772436e+00
    243.0000000000   6.9069493212e+00   0.0000000000e+00   3.2630350580e+00
    244.0000000000   6.9677285065e+00   0.0000000000e+00   3.2870987246e+00
    245.0000000000   7.0159444749e+00   0.0000000000e+00   3.3107229618e+00
    246.0000000000   7.0617276077e+00   0.0000000000e+00   3.3339507543e+00
    247.0000000000   7.1060632019e+00   0.0000000000e+00   3.3568168599e+00
    248.0000000000   7.1493455625e+00   0.0000000000e+00   3.3793500302e+00
    249.0000000000   7.1917853646e+00   0.0000000000e+00   3.4015744890e+00
    250.0000000000   7.2335137647e+00   0.0000000000e+00   3.4235109563e+00
    251.0000000000   7.2849397572e+00   0.0000000000e+00   3.4451773815e+00
    252.0000000000   7.3297653247e+00   0.0000000000e+00   3.4665894818e+00
    253.0000000000   7.3730913477e+00   0.0000000000e+00   3.4877611486e+00
    254.0000000000   7.4360760616e+00   0.0000000000e+00   3.5183813021e+00
    255.0000000000   7.4862106186e+00   0.0000000000e+00   3.5527926602e+00
    256.0000000000   7.5337185838e+00   0.0000000000e+00   3.5900726609e+00
    257.0000000000   7.5796396849e+00   0.0000000000e+00   3.6200711216e+00
    258.0000000000   7.6244029635e+00   0.0000000000e+00   3.6481562383e+00
    259.0000000000   7.6785617381e+00   0.0000000000e+00   3.6750490788e+00
    260.0000000000   7.7258999938e+00   0.0000000000e+00   3.7010733442e+00
    261.0000000000   7.7715701493e+00   0.0000000000e+00   3.7264125454e+00
    262.0000000000   7.8161269996e+00   0.0000000000e+00   3.7511843823e+00
    263.0000000000   7.8598140779e+00   0.0000000000e+00   3.7754705397e+00
    264.0000000000   7.9234107710e+00   0.0000000000e+00   3.7993309425e+00
    265.0000000000   7.9742834647e+00   0.0000000000e+00   3.8228114112e+00
    266.0000000000   8.0226008925e+00   0.0000000000e+00   3.8459481264e+00
    267.0000000000   8.1003319784e+00   0.0000000000e+00   3.8784469447e+00
    268.0000000000   8.1587983342e+00   0.0000000000e+00   3.9049871893e+00
    269.0000000000   8.2133754559e+00   0.0000000000e+00   3.9303250807e+00
    270.0000000000   8.2656443163e+00   0.0000000000e+00   3.9549279162e+00
    271.0000000000   8.3265796379e+00   0.0000000000e+00   3.9789850415e+00
    272.0000000000   8.3801758423e+00   0.0000000000e+00   4.0025990313e+00
    273.0000000000   8.4317088939e+00   0.0000000000e+00   4.0258346388e+00
    274.0000000000   8.4921328607e+00   0.0000000000e+00   4.0487368420e+00
    275.0000000000   8.5557022159e+00   0.0000000000e+00   4.0713389859e+00
    276.0000000000   8.6112852545e+00   0.0000000000e+00   4.0936669776e+00
    277.0000000000   8.6645369279e+00   0.0000000000e+00   4.1157416641e+00
    278.0000000000   8.7162150470e+00   0.0000000000e+00   4.1375802800e+00
    279.0000000000   8.7666721957e+00   0.0000000000e+00   4.1591973817e+00
    280.0000000000   8.8161175585e+00   0.0000000000e+00   4.1806054767e+00
    281.0000000000   8.8646917260e+00   0.0000000000e+00   4.2018154650e+00
    282.0000000000   8.9124967145e+00   0.0000000000e+00   4.2228369578e+00
    283.0000000000   8.9596104897e+00   0.0000000000e+00   4.2436785150e+00
    284.0000000000   9.0060949060e+00   0.0000000000e+00   4.2643478243e+00
    285.0000000000   9.0623195258e+00   0.0000000000e+00   4.2848518411e+00
    286.0000000000   9.1119625835e+00   0.0000000000e+00   4.3051968985e+00
    287.0000000000   9.1601100922e+00   0.0000000000e+00   4.3253887948e+00
    288.0000000000   9.2175916480e+00   0.0000000000e+00   4.3454328654e+00
    289.0000000000   9.2682560411e+00   0.0000000000e+00   4.3653340410e+00
    290.0000000000   9.3275915686e+00   0.0000000000e+00   4.3947734397e+00
    291.0000000000   9.3901107880e+00   0.0000000000e+00   4.4184103901e+00
    292.0000000000   9.4447416096e+00   0.0000000000e+00   4.4409846694e+00
    293.0000000000   9.4971518934e+00   0.0000000000e+00   4.4726263941e+00
    294.0000000000   9.5480978145e+00   0.0000000000e+00   4.4981683785e+00
    295.0000000000   9.6082445588e+00   0.0000000000e+00   4.5224390806e+00
    296.0000000000   9.6717486542e+00   0.0000000000e+00   4.5459445433e+00
    297.0000000000   9.7377482466e+00   0.0000000000e+00   4.5688965414e+00
    298.0000000000   9.7955039978e+00   0.0000000000e+00   4.6010877943e+00
    299.0000000000   9.8508028403e+00   0.0000000000e+00   4.6369231387e+00
    300.0000000000   9.9044612927e+00   0.0000000000e+00   4.6658437514e+00
    301.0000000000   9.9568620247e+00   0.0000000000e+00   4.7027485003e+00
    302.0000000000   1.0018550076e+01   0.0000000000e+00   4.7329444798e+00
    303.0000000000   1.0073312014e+01   0.0000000000e+00   4.7711296409e+00
    304.0000000000   1.0136625181e+01   0.0000000000e+00   4.8025691439e+00
    305.0000000000   1.0203006157e+01   0.0000000000e+00   4.8322754169e+00
    306.0000000000   1.0261391275e+01   0.0000000000e+00   4.8608586650e+00
    307.0000000000   1.0317457664e+01   0.0000000000e+00   4.8885983181e+00
    308.0000000000   1.0371970367e+01   0.0000000000e+00   4.9156581875e+00
    309.0000000000   1.0425283544e+01   0.0000000000e+00   4.9421468712e+00
    310.0000000000   1.0477605680e+01   0.0000000000e+00   4.9681419609e+00
    311.0000000000   1.0529075768e+01   0.0000000000e+00   4.9937017865e+00
    312.0000000000   1.0579793931e+01   0.0000000000e+00   5.0188718507e+00
    313.0000000000   1.0629836214e+01   0.0000000000e+00   5.0436886678e+00
    314.0000000000   1.0689581727e+01   0.0000000000e+00   5.0778587455e+00
    315.0000000000   1.0753034471e+01   0.0000000000e+00   5.1060621941e+00
    316.0000000000   1.0819240497e+01   0.0000000000e+00   5.1330560578e+00
    317.0000000000   1.0877400276e+01   0.0000000000e+00   5.1593084405e+00
    318.0000000000   1.0933259151e+01   0.0000000000e+00   5.1850094495e+00
    319.0000000000   1.0987603678e+01   0.0000000000e+00   5.2102623622e+00
    320.0000000000   1.1051113312e+01   0.0000000000e+00   5.2351325715e+00
    321.0000000000   1.1107633091e+01   0.0000000000e+00   5.2596656319e+00
    322.0000000000   1.1162350409e+01   0.0000000000e+00   5.2838954044e+00
    323.0000000000   1.1215842379e+01   0.0000000000e+00   5.3078482554e+00
    324.0000000000   1.1268367902e+01   0.0000000000e+00   5.3315454392e+00
    325.0000000000   1.1330398473e+01   0.0000000000e+00   5.3550045507e+00
    326.0000000000   1.1385672871e+01   0.0000000000e+00   5.3782404635e+00
    327.0000000000   1.1439316276e+01   0.0000000000e+00   5.4012659642e+00
    328.0000000000   1.1491866068e+01   0.0000000000e+00   5.4240921976e+00
    329.0000000000   1.1543554158e+01   0.0000000000e+00   5.4660820756e+00
    330.0000000000   1.1594513747e+01   0.0000000000e+00   5.4965544823e+00
    331.0000000000   1.1644833308e+01   0.0000000000e+00   5.5249888644e+00
    332.0000000000   1.1704896063e+01   0.0000000000e+00   5.5522920094e+00
    333.0000000000   1.1758387411e+01   0.0000000000e+00   5.5788188598e+00
    334.0000000000   1.1820716120e+01   0.0000000000e+00   5.6241071307e+00
    335.0000000000   1.1896668711e+01   0.0000000000e+00   5.6575785555e+00
    336.0000000000   1.1958780938e+01   0.0000000000e+00   5.6887789136e+00
    337.0000000000   1.2017751894e+01   0.0000000000e+00   5.7186605850e+00
    338.0000000000   1.2085123048e+01   0.0000000000e+00   5.7476113552e+00
    339.0000000000   1.2155371530e+01   0.0000000000e+00   5.7855169267e+00
    340.0000000000   1.2227791776e+01   0.0000000000e+00   5.8268393643e+00
    341.0000000000   1.2291733152e+01   0.0000000000e+00   5.8610585580e+00
    342.0000000000   1.2353038043e+01   0.0000000000e+00   5.8934247499e+00
    343.0000000000   1.2412560058e+01   0.0000000000e+00   5.9246110451e+00
    344.0000000000   1.2470707952e+01   0.0000000000e+00   5.9549195260e+00
    345.0000000000   1.2527726748e+01   0.0000000000e+00   5.9942002046e+00
    346.0000000000   1.2594100355e+01   0.0000000000e+00   6.0272213779e+00
    347.0000000000   1.2653584018e+01   0.0000000000e+00   6.0587988866e+00
    348.0000000000   1.2721637526e+01   0.0000000000e+00   6.0894423342e+00
    349.0000000000   1.2782447921e+01   0.0000000000e+00   6.1193723863e+00
    350.0000000000   1.2841308911e+01   0.0000000000e+00   6.1487155741e+00
    351.0000000000   1.2898843192e+01   0.0000000000e+00   6.1775554580e+00
    352.0000000000   1.2955333362e+01   0.0000000000e+00   6.2059520966e+00
    353.0000000000   1.3010945950e+01   0.0000000000e+00   6.2339511419e+00
    354.0000000000   1.3065792932e+01   0.0000000000e+00   6.2615886952e+00
    355.0000000000   1.3119955879e+01   0.0000000000e+00   6.2985706985e+00
    356.0000000000   1.3183816579e+01   0.0000000000e+00   6.3295767088e+00
    357.0000000000   1.3251380329e+01   0.0000000000e+00   6.3593632925e+00
    358.0000000000   1.3311374681e+01   0.0000000000e+00   6.3883981679e+00
    359.0000000000   1.3369364200e+01   0.0000000000e+00   6.4168711479e+00
    360.0000000000   1.3426043990e+01   0.0000000000e+00   6.4448852974e+00
    361.0000000000   1.3481720816e+01   0.0000000000e+00   6.4725058676e+00
    362.0000000000   1.3536569109e+01   0.0000000000e+00   6.4997783311e+00
    363.0000000000   1.3590702333e+01   0.0000000000e+00   6.5267365156e+00
    364.0000000000   1.3644200853e+01   0.0000000000e+00   6.5534067951e+00
    365.0000000000   1.3707444119e+01   0.0000000000e+00   6.5798104637e+00
    366.0000000000   1.3774434674e+01   0.0000000000e+00   6.6156417260e+00
    367.0000000000   1.3833897240e+01   0.0000000000e+00   6.6552471549e+00
    368.0000000000   1.3891393632e+01   0.0000000000e+00   6.6880305078e+00
    369.0000000000   1.3957935447e+01   0.0000000000e+00   6.7191886897e+00
    370.0000000000   1.4017463169e+01   0.0000000000e+00   6.7493557422e+00
    371.0000000000   1.4085518357e+01   0.0000000000e+00   6.7788041523e+00
    372.0000000000   1.4146328280e+01   0.0000000000e+00   6.8076843581e+00
    373.0000000000   1.4215526600e+01   0.0000000000e+00   6.8360912726e+00
    374.0000000000   1.4277383111e+01   0.0000000000e+00   6.8640901088e+00
    375.0000000000   1.4337236258e+01   0.0000000000e+00   6.9014049771e+00
    376.0000000000   1.4406053917e+01   0.0000000000e+00   6.9327272156e+00
    377.0000000000   1.4467770776e+01   0.0000000000e+00   6.9628212403e+00
    378.0000000000   1.4527613701e+01   0.0000000000e+00   6.9921600990e+00
    379.0000000000   1.4586180849e+01   0.0000000000e+00   7.0306138097e+00
    380.0000000000   1.4643743782e+01   0.0000000000e+00   7.0629430357e+00
    381.0000000000   1.4700463176e+01   0.0000000000e+00   7.0939505720e+00
    382.0000000000   1.4756447397e+01   0.0000000000e+00   7.1241329297e+00
    383.0000000000   1.4811775489e+01   0.0000000000e+00   7.1536989801e+00
    384.0000000000   1.4876827276e+01   0.0000000000e+00   7.1827649753e+00
    385.0000000000   1.4935287326e+01   0.0000000000e+00   7.2114056047e+00
    386.0000000000   1.5002564719e+01   0.0000000000e+00   7.2493498206e+00
    387.0000000000   1.5062808596e+01   0.0000000000e+00   7.2812917273e+00
    388.0000000000   1.5121283433e+01   0.0000000000e+00   7.3119974756e+00
    389.0000000000   1.5178588811e+01   0.0000000000e+00   7.3419412897e+00
    390.0000000000   1.5234988666e+01   0.0000000000e+00   7.3713174944e+00
    391.0000000000   1.5290634204e+01   0.0000000000e+00   7.4002323322e+00
    392.0000000000   1.5345624632e+01   0.0000000000e+00   7.4287533131e+00
    393.0000000000   1.5400030751e+01   0.0000000000e+00   7.4569275229e+00
    394.0000000000   1.5453906074e+01   0.0000000000e+00   7.4847899409e+00
    395.0000000000   1.5507292770e+01   0.0000000000e+00   7.5123677569e+00
    396.0000000000   1.5580863301e+01   0.0000000000e+00   7.5396828349e+00
    397.0000000000   1.5641918502e+01   0.0000000000e+00   7.5764297667e+00
    398.0000000000   1.5700583186e+01   0.0000000000e+00   7.6072788327e+00
    399.0000000000   1.5757837749e+01   0.0000000000e+00   7.6369788702e+00
    400.0000000000   1.5834710339e+01   0.0000000000e+00   7.6756676012e+00
    401.0000000000   1.5898680034e+01   0.0000000000e+00   7.7178608474e+00
    402.0000000000   1.5959975080e+01   0.0000000000e+00   7.7530476892e+00
    403.0000000000   1.6019641725e+01   0.0000000000e+00   7.7961513269e+00
    404.0000000000   1.6078114664e+01   0.0000000000e+00   7.8324926596e+00
    405.0000000000   1.6145951677e+01   0.0000000000e+00   7.8671016132e+00
    406.0000000000   1.6227578352e+01   0.0000000000e+00   7.9005939069e+00
    407.0000000000   1.6295421987e+01   0.0000000000e+00   7.9332501098e+00
    408.0000000000   1.6360139914e+01   0.0000000000e+00   7.9652334788e+00
    409.0000000000   1.6422936639e+01   0.0000000000e+00   7.9966514249e+00
    410.0000000000   1.6484326194e+01   0.0000000000e+00   8.0275801698e+00
    411.0000000000   1.6544594223e+01   0.0000000000e+00   8.0580766828e+00
    412.0000000000   1.6603922869e+01   0.0000000000e+00   8.0881851976e+00
    413.0000000000   1.6662438695e+01   0.0000000000e+00   8.1179410800e+00
    414.0000000000   1.6720234976e+01   0.0000000000e+00   8.1473732719e+00
    415.0000000000   1.6777383473e+01   0.0000000000e+00   8.1765059127e+00
    416.0000000000   1.6833941224e+01   0.0000000000e+00   8.2053594568e+00
    417.0000000000   1.6900273835e+01   0.0000000000e+00   8.2436280127e+00
    418.0000000000   1.6960056165e+01   0.0000000000e+00   8.2759819076e+00
    419.0000000000   1.7028690366e+01   0.0000000000e+00   8.3168468690e+00
    420.0000000000   1.7090320457e+01   0.0000000000e+00   8.3513396579e+00
    421.0000000000   1.7150207014e+01   0.0000000000e+00   8.3843808807e+00
    422.0000000000   1.7219265656e+01   0.0000000000e+00   8.4165192312e+00
    423.0000000000   1.7291713100e+01   0.0000000000e+00   8.4479906072e+00
    424.0000000000   1.7356384968e+01   0.0000000000e+00   8.4886032857e+00
    425.0000000000   1.7418908807e+01   0.0000000000e+00   8.5230965498e+00
    426.0000000000   1.7490338655e+01   0.0000000000e+00   8.5562647916e+00
    427.0000000000   1.7575282267e+01   0.0000000000e+00   8.5886010836e+00
    428.0000000000   1.7646255232e+01   0.0000000000e+00   8.6203129623e+00
    429.0000000000   1.7713964700e+01   0.0000000000e+00   8.6515162926e+00
    430.0000000000   1.7779646218e+01   0.0000000000e+00   8.6822858134e+00
    431.0000000000   1.7843834580e+01   0.0000000000e+00   8.7126741816e+00
    432.0000000000   1.7906830075e+01   0.0000000000e+00   8.7427207637e+00
    433.0000000000   1.7968825620e+01   0.0000000000e+00   8.7724562684e+00
    434.0000000000   1.8029955969e+01   0.0000000000e+00   8.8115819712e+00
    435.0000000000   1.8090320807e+01   0.0000000000e+00   8.8447733589e+00
    436.0000000000   1.8160316107e+01   0.0000000000e+00   8.8767834242e+00
    437.0000000000   1.8233958306e+01   0.0000000000e+00   8.9080767285e+00
    438.0000000000   1.8299983785e+01   0.0000000000e+00   8.9485168239e+00
    439.0000000000   1.8363964170e+01   0.0000000000e+00   8.9925358845e+00
    440.0000000000   1.8426600272e+01   0.0000000000e+00   9.0295877844e+00
    441.0000000000   1.8488203513e+01   0.0000000000e+00   9.0649016195e+00
    442.0000000000   1.8548952149e+01   0.0000000000e+00   9.0991334813e+00
    443.0000000000   1.8619281911e+01   0.0000000000e+00   9.1325716946e+00
    444.0000000000   1.8682911943e+01   0.0000000000e+00   9.1653784955e+00
    445.0000000000   1.8755274192e+01   0.0000000000e+00   9.2073343875e+00
    446.0000000000   1.8820533716e+01   0.0000000000e+00   9.2431667552e+00
    447.0000000000   1.8894285610e+01   0.0000000000e+00   9.2776646502e+00
    448.0000000000   1.8960774220e+01   0.0000000000e+00   9.3209953588e+00
    449.0000000000   1.9035639478e+01   0.0000000000e+00   9.3580206314e+00
    450.0000000000   1.9103153668e+01   0.0000000000e+00   9.3935920226e+00
    451.0000000000   1.9168656274e+01   0.0000000000e+00   9.4282343897e+00
    452.0000000000   1.9232796534e+01   0.0000000000e+00   9.4621750939e+00
    453.0000000000   1.9316511401e+01   0.0000000000e+00   9.4955434089e+00
    454.0000000000   1.9387249865e+01   0.0000000000e+00   9.5284237004e+00
    455.0000000000   1.9455230995e+01   0.0000000000e+00   9.5705523986e+00
    456.0000000000   1.9531819153e+01   0.0000000000e+00   9.6066295616e+00
    457.0000000000   1.9611406663e+01   0.0000000000e+00   9.6414261912e+00
    458.0000000000   1.9682922376e+01   0.0000000000e+00   9.6754205379e+00
    459.0000000000   1.9752051759e+01   0.0000000000e+00   9.7088103205e+00
    460.0000000000   1.9819569343e+01   0.0000000000e+00   9.7417046772e+00
    461.0000000000   1.9885837377e+01   0.0000000000e+00   9.7741736169e+00
    462.0000000000   1.9951070833e+01   0.0000000000e+00   9.8062664006e+00
    463.0000000000   2.0025732924e+01   0.0000000000e+00   9.8380199171e+00
    464.0000000000   2.0093563973e+01   0.0000000000e+00   9.8694630439e+00
    465.0000000000   2.0159693539e+01   0.0000000000e+00   9.9006191462e+00
    466.0000000000   2.0224663983e+01   0.0000000000e+00   9.9411841584e+00
    467.0000000000   2.0309350209e+01   0.0000000000e+00   9.9951826550e+00
    468.0000000000   2.0381162092e+01   0.0000000000e+00   1.0036674701e+01
    469.0000000000   2.0450292584e+01   0.0000000000e+00   1.0075594060e+01
    470.0000000000   2.0517768762e+01   0.0000000000e+00   1.0113025533e+01
    471.0000000000   2.0584014624e+01   0.0000000000e+00   1.0149416644e+01
    472.0000000000   2.0649262930e+01   0.0000000000e+00   1.0185007885e+01
    473.0000000000   2.0713661839e+01   0.0000000000e+00   1.0229624405e+01
    474.0000000000   2.0777314707e+01   0.0000000000e+00   1.0268021608e+01
    475.0000000000   2.0840298261e+01   0.0000000000e+00   1.0305007359e+01
    476.0000000000   2.0902672071e+01   0.0000000000e+00   1.0350762231e+01
    477.0000000000   2.0964483967e+01   0.0000000000e+00   1.0390157735e+01
    478.0000000000   2.1036092456e+01   0.0000000000e+00   1.0428052834e+01
    479.0000000000   2.1101166835e+01   0.0000000000e+00   1.0464978151e+01
    480.0000000000   2.1195743017e+01   0.0000000000e+00   1.0501165643e+01
    481.0000000000   2.1271233738e+01   0.0000000000e+00   1.0536748310e+01
    482.0000000000   2.1342997234e+01   0.0000000000e+00   1.0581490135e+01
    483.0000000000   2.1412587124e+01   0.0000000000e+00   1.0620108644e+01
    484.0000000000   2.1480634607e+01   0.0000000000e+00   1.0657386804e+01
    485.0000000000   2.1547477907e+01   0.0000000000e+00   1.0693811526e+01
    486.0000000000   2.1613326487e+01   0.0000000000e+00   1.0729587072e+01
    487.0000000000   2.1688641520e+01   0.0000000000e+00   1.0764827685e+01
    488.0000000000   2.1767480880e+01   0.0000000000e+00   1.0799607461e+01
    489.0000000000   2.1838608654e+01   0.0000000000e+00   1.0833979005e+01
    490.0000000000   2.1907615743e+01   0.0000000000e+00   1.0867981988e+01
    491.0000000000   2.1975216811e+01   0.0000000000e+00   1.0901647640e+01
    492.0000000000   2.2041733504e+01   0.0000000000e+00   1.0935001337e+01
    493.0000000000   2.2107351801e+01   0.0000000000e+00   1.0968064209e+01
    494.0000000000   2.2172194292e+01   0.0000000000e+00   1.1000854192e+01
    495.0000000000   2.2236348653e+01   0.0000000000e+00   1.1033386753e+01
    496.0000000000   2.2299881188e+01   0.0000000000e+00   1.1075351942e+01
    497.0000000000   2.2362844101e+01   0.0000000000e+00   1.1111416749e+01
    498.0000000000   2.2435598855e+01   0.0000000000e+00   1.1146327596e+01
    499.0000000000   2.2501816804e+01   0.0000000000e+00   1.1180543866e+01
    500.0000000000   2.2566578057e+01   0.0000000000e+00   1.1214248425e+01
    501.0000000000   2.2640707100e+01   0.0000000000e+00   1.1257215022e+01
    502.0000000000   2.2708048263e+01   0.0000000000e+00   1.1294158982e+01
    503.0000000000   2.2773766837e+01   0.0000000000e+00   1.1329857277e+01
    504.0000000000   2.2838416699e+01   0.0000000000e+00   1.1364789855e+01
    505.0000000000   2.2902236288e+01   0.0000000000e+00   1.1399154081e+01
    506.0000000000   2.2965360733e+01   0.0000000000e+00   1.1433057752e+01
    507.0000000000   2.3038197305e+01   0.0000000000e+00   1.1466569090e+01
    508.0000000000   2.3125083079e+01   0.0000000000e+00   1.1509411942e+01
    509.0000000000   2.3198387979e+01   0.0000000000e+00   1.1555952834e+01
    510.0000000000   2.3268729605e+01   0.0000000000e+00   1.1605286136e+01
    511.0000000000   2.3337283596e+01   0.0000000000e+00   1.1647274106e+01
    512.0000000000   2.3404542231e+01   0.0000000000e+00   1.1696970856e+01
    513.0000000000   2.3470774293e+01   0.0000000000e+00   1.1739759739e+01
    514.0000000000   2.3536148552e+01   0.0000000000e+00   1.1780705901e+01
    515.0000000000   2.3600780757e+01   0.0000000000e+00   1.1820447185e+01
    516.0000000000   2.3664755305e+01   0.0000000000e+00   1.1859279143e+01
    517.0000000000   2.3748774739e+01   0.0000000000e+00   1.1897375757e+01
    518.0000000000   2.3830481220e+01   0.0000000000e+00   1.1934852447e+01
    519.0000000000   2.3913971718e+01   0.0000000000e+00   1.1971791615e+01
    520.0000000000   2.3988926242e+01   0.0000000000e+00   1.2008255130e+01
    521.0000000000   2.4071594353e+01   0.0000000000e+00   1.2044291197e+01
    522.0000000000   2.4146493048e+01   0.0000000000e+00   1.2079938456e+01
    523.0000000000   2.4219088409e+01   0.0000000000e+00   1.2124905137e+01
    524.0000000000   2.4300423782e+01   0.0000000000e+00   1.2163872778e+01
    525.0000000000   2.4374482569e+01   0.0000000000e+00   1.2201599631e+01
    526.0000000000   2.4446525088e+01   0.0000000000e+00   1.2238554843e+01
    527.0000000000   2.4537811738e+01   0.0000000000e+00   1.2274929433e+01
    528.0000000000   2.4626223376e+01   0.0000000000e+00   1.2310827489e+01
    529.0000000000   2.4705671117e+01   0.0000000000e+00   1.2346315131e+01
    530.0000000000   2.4782283855e+01   0.0000000000e+00   1.2381438574e+01
    531.0000000000   2.4857000656e+01   0.0000000000e+00   1.2425908826e+01
    532.0000000000   2.4930265733e+01   0.0000000000e+00   1.2464407880e+01
    533.0000000000   2.5022980063e+01   0.0000000000e+00   1.2501693303e+01
    534.0000000000   2.5112909988e+01   0.0000000000e+00   1.2547909561e+01
    535.0000000000   2.5193917725e+01   0.0000000000e+00   1.2587901292e+01
    536.0000000000   2.5282426911e+01   0.0000000000e+00   1.2626506870e+01
    537.0000000000   2.5362999444e+01   0.0000000000e+00   1.2664240771e+01
    538.0000000000   2.5451441191e+01   0.0000000000e+00   1.2701322033e+01
    539.0000000000   2.5532126181e+01   0.0000000000e+00   1.2737873151e+01
    540.0000000000   2.5610462675e+01   0.0000000000e+00   1.2773972900e+01
    541.0000000000   2.5697468624e+01   0.0000000000e+00   1.2809676497e+01
    542.0000000000   2.5777116435e+01   0.0000000000e+00   1.2845024996e+01
    543.0000000000   2.5854662433e+01   0.0000000000e+00   1.2880050251e+01
    544.0000000000   2.5930728431e+01   0.0000000000e+00   1.2914777798e+01
    545.0000000000   2.6005605412e+01   0.0000000000e+00   1.2949228631e+01
    546.0000000000   2.6079470277e+01   0.0000000000e+00   1.2983420373e+01
    547.0000000000   2.6152445150e+01   0.0000000000e+00   1.3017368062e+01
    548.0000000000   2.6234939964e+01   0.0000000000e+00   1.3060761259e+01
    549.0000000000   2.6320980909e+01   0.0000000000e+00   1.3107942979e+01
    550.0000000000   2.6399311773e+01   0.0000000000e+00   1.3148314177e+01
    551.0000000000   2.6475510155e+01   0.0000000000e+00   1.3187069502e+01
    552.0000000000   2.6550281886e+01   0.0000000000e+00   1.3224841142e+01
    553.0000000000   2.6623942726e+01   0.0000000000e+00   1.3261900039e+01
    554.0000000000   2.6706993856e+01   0.0000000000e+00   1.3298395321e+01
    555.0000000000   2.6783191474e+01   0.0000000000e+00   1.3334420779e+01
    556.0000000000   2.6857671969e+01   0.0000000000e+00   1.3379717197e+01
    557.0000000000   2.6930980480e+01   0.0000000000e+00   1.3418986362e+01
    558.0000000000   2.7003354632e+01   0.0000000000e+00   1.3456999592e+01
    559.0000000000   2.7085251135e+01   0.0000000000e+00   1.3494234687e+01
    560.0000000000   2.7160398151e+01   0.0000000000e+00   1.3530888501e+01
    561.0000000000   2.7233913051e+01   0.0000000000e+00   1.3567069096e+01
    562.0000000000   2.7306327347e+01   0.0000000000e+00   1.3612521852e+01
    563.0000000000   2.7377868480e+01   0.0000000000e+00   1.3651949906e+01
    564.0000000000   2.7448666198e+01   0.0000000000e+00   1.3690124762e+01
    565.0000000000   2.7518806282e+01   0.0000000000e+00   1.3727524003e+01
    566.0000000000   2.7598669842e+01   0.0000000000e+00   1.3764344147e+01
    567.0000000000   2.7671940607e+01   0.0000000000e+00   1.3810369457e+01
    568.0000000000   2.7743706937e+01   0.0000000000e+00   1.3850323531e+01
    569.0000000000   2.7824799086e+01   0.0000000000e+00   1.3888989968e+01
    570.0000000000   2.7899065581e+01   0.0000000000e+00   1.3926854102e+01
    571.0000000000   2.7971674875e+01   0.0000000000e+00   1.3964117731e+01
    572.0000000000   2.8043183305e+01   0.0000000000e+00   1.4000892341e+01
    573.0000000000   2.8113831268e+01   0.0000000000e+00   1.4037249255e+01
    574.0000000000   2.8183755504e+01   0.0000000000e+00   1.4073238404e+01
    575.0000000000   2.8253045535e+01   0.0000000000e+00   1.4108896945e+01
    576.0000000000   2.8332084367e+01   0.0000000000e+00   1.4144253768e+01
    577.0000000000   2.8404556522e+01   0.0000000000e+00   1.4179332083e+01
    578.0000000000   2.8485869577e+01   0.0000000000e+00   1.4214151025e+01
    579.0000000000   2.8580808728e+01   0.0000000000e+00   1.4258403235e+01
    580.0000000000   2.8661908374e+01   0.0000000000e+00   1.4296757552e+01
    581.0000000000   2.8750185369e+01   0.0000000000e+00   1.4333961718e+01
    582.0000000000   2.8830496950e+01   0.0000000000e+00   1.4370476057e+01
    583.0000000000   2.8908414099e+01   0.0000000000e+00   1.4406484100e+01
    584.0000000000   2.8984704363e+01   0.0000000000e+00   1.4442083511e+01
    585.0000000000   2.9059735768e+01   0.0000000000e+00   1.4487011394e+01
    586.0000000000   2.9133729236e+01   0.0000000000e+00   1.4525964181e+01
    587.0000000000   2.9217152358e+01   0.0000000000e+00   1.4563707871e+01
    588.0000000000   2.9293748363e+01   0.0000000000e+00   1.4600715464e+01
    589.0000000000   2.9378967700e+01   0.0000000000e+00   1.4637179621e+01
    590.0000000000   2.9456989882e+01   0.0000000000e+00   1.4673204781e+01
    591.0000000000   2.9543421473e+01   0.0000000000e+00   1.4718533202e+01
    592.0000000000   2.9632835135e+01   0.0000000000e+00   1.4757865322e+01
    593.0000000000   2.9724514452e+01   0.0000000000e+00   1.4805646847e+01
    594.0000000000   2.9807788177e+01   0.0000000000e+00   1.4847008383e+01
    595.0000000000   2.9888480680e+01   0.0000000000e+00   1.4896556998e+01
    596.0000000000   2.9967431363e+01   0.0000000000e+00   1.4939503746e+01
    597.0000000000   3.0045037992e+01   0.0000000000e+00   1.4990502340e+01
    598.0000000000   3.0121537066e+01   0.0000000000e+00   1.5034793609e+01
    599.0000000000   3.0207405820e+01   0.0000000000e+00   1.5077375051e+01
    600.0000000000   3.0296713298e+01   0.0000000000e+00   1.5128523555e+01
    601.0000000000   3.0378232097e+01   0.0000000000e+00   1.5182843302e+01
    602.0000000000   3.0457559957e+01   0.0000000000e+00   1.5229884015e+01
    603.0000000000   3.0535417224e+01   0.0000000000e+00   1.5274936249e+01
    604.0000000000   3.0622449454e+01   0.0000000000e+00   1.5318698878e+01
    605.0000000000   3.0702482912e+01   0.0000000000e+00   1.5361491668e+01
    606.0000000000   3.0780694077e+01   0.0000000000e+00   1.5413177406e+01
    607.0000000000   3.0857653528e+01   0.0000000000e+00   1.5458533993e+01
    608.0000000000   3.0943935291e+01   0.0000000000e+00   1.5502384717e+01
    609.0000000000   3.1033644601e+01   0.0000000000e+00   1.5545245103e+01
    610.0000000000   3.1115569094e+01   0.0000000000e+00   1.5587340628e+01
    611.0000000000   3.1195312890e+01   0.0000000000e+00   1.5628801794e+01
    612.0000000000   3.1273598819e+01   0.0000000000e+00   1.5669715493e+01
    613.0000000000   3.1350753991e+01   0.0000000000e+00   1.5710144611e+01
    614.0000000000   3.1426968299e+01   0.0000000000e+00   1.5750137228e+01
    615.0000000000   3.1502367295e+01   0.0000000000e+00   1.5789731550e+01
    616.0000000000   3.1577041007e+01   0.0000000000e+00   1.5828958815e+01
    617.0000000000   3.1651057671e+01   0.0000000000e+00   1.5867845132e+01
    618.0000000000   3.1724471128e+01   0.0000000000e+00   1.5906412708e+01
    619.0000000000   3.1797325174e+01   0.0000000000e+00   1.5954357242e+01
    620.0000000000   3.1879975372e+01   0.0000000000e+00   1.5996350523e+01
    621.0000000000   3.1956088817e+01   0.0000000000e+00   1.6037143091e+01
    622.0000000000   3.2030742467e+01   0.0000000000e+00   1.6086874443e+01
    623.0000000000   3.2104439348e+01   0.0000000000e+00   1.6130385633e+01
    624.0000000000   3.2177385852e+01   0.0000000000e+00   1.6172512409e+01
    625.0000000000   3.2249695607e+01   0.0000000000e+00   1.6213767303e+01
    626.0000000000   3.2321441689e+01   0.0000000000e+00   1.6264044441e+01
    627.0000000000   3.2402994962e+01   0.0000000000e+00   1.6308120294e+01
    628.0000000000   3.2488349812e+01   0.0000000000e+00   1.6360485151e+01
    629.0000000000   3.2566223684e+01   0.0000000000e+00   1.6406298520e+01
    630.0000000000   3.2652491125e+01   0.0000000000e+00   1.6450511029e+01
    631.0000000000   3.2731475256e+01   0.0000000000e+00   1.6493693391e+01
    632.0000000000   3.2818844990e+01   0.0000000000e+00   1.6536098210e+01
    633.0000000000   3.2898884206e+01   0.0000000000e+00   1.6577870247e+01
    634.0000000000   3.2976936754e+01   0.0000000000e+00   1.6628780645e+01
    635.0000000000   3.3053652930e+01   0.0000000000e+00   1.6673551505e+01
    636.0000000000   3.3129330973e+01   0.0000000000e+00   1.6726645364e+01
    637.0000000000   3.3214465394e+01   0.0000000000e+00   1.6773206264e+01
    638.0000000000   3.3292809197e+01   0.0000000000e+00   1.6818175697e+01
    639.0000000000   3.3379815783e+01   0.0000000000e+00   1.6862118762e+01
    640.0000000000   3.3480302838e+01   0.0000000000e+00   1.6905284525e+01
    641.0000000000   3.3566828796e+01   0.0000000000e+00   1.6947815477e+01
    642.0000000000   3.3650109780e+01   0.0000000000e+00   1.6989804760e+01
    643.0000000000   3.3731381283e+01   0.0000000000e+00   1.7031318472e+01
    644.0000000000   3.3811175520e+01   0.0000000000e+00   1.7072406224e+01
    645.0000000000   3.3889789676e+01   0.0000000000e+00   1.7113106792e+01
    646.0000000000   3.3967413680e+01   0.0000000000e+00   1.7153451434e+01
    647.0000000000   3.4044179603e+01   0.0000000000e+00   1.7193465962e+01
    648.0000000000   3.4120184780e+01   0.0000000000e+00   1.7233172105e+01
    649.0000000000   3.4195504058e+01   0.0000000000e+00   1.7272588451e+01
    650.0000000000   3.4280515984e+01   0.0000000000e+00   1.7311731110e+01
    651.0000000000   3.4358905142e+01   0.0000000000e+00   1.7360290747e+01
    652.0000000000   3.4435762114e+01   0.0000000000e+00   1.7402934930e+01
    653.0000000000   3.4511600736e+01   0.0000000000e+00   1.7444410610e+01
    654.0000000000   3.4586636112e+01   0.0000000000e+00   1.7485177660e+01
    655.0000000000   3.4660988994e+01   0.0000000000e+00   1.7525419394e+01
    656.0000000000   3.4734738342e+01   0.0000000000e+00   1.7565233429e+01
    657.0000000000   3.4807940847e+01   0.0000000000e+00   1.7614356943e+01
    658.0000000000   3.4880639819e+01   0.0000000000e+00   1.7667163072e+01
    659.0000000000   3.4952869823e+01   0.0000000000e+00   1.7713073103e+01
    660.0000000000   3.5034978432e+01   0.0000000000e+00   1.7757296099e+01
    661.0000000000   3.5110625822e+01   0.0000000000e+00   1.7800474860e+01
    662.0000000000   3.5184882951e+01   0.0000000000e+00   1.7842888380e+01
    663.0000000000   3.5258247607e+01   0.0000000000e+00   1.7884692065e+01
    664.0000000000   3.5341240671e+01   0.0000000000e+00   1.7925984698e+01
    665.0000000000   3.5417607843e+01   0.0000000000e+00   1.7966834567e+01
    666.0000000000   3.5492468860e+01   0.0000000000e+00   1.8007291723e+01
    667.0000000000   3.5597309258e+01   0.0000000000e+00   1.8076424100e+01
    668.0000000000   3.5683259521e+01   0.0000000000e+00   1.8128227213e+01
    669.0000000000   3.5786232360e+01   0.0000000000e+00   1.8176933079e+01
    670.0000000000   3.5895657085e+01   0.0000000000e+00   1.8223911671e+01
    671.0000000000   3.5989520127e+01   0.0000000000e+00   1.8269702986e+01
    672.0000000000   3.6089528536e+01   0.0000000000e+00   1.8314589920e+01
    673.0000000000   3.6191171399e+01   0.0000000000e+00   1.8358744585e+01
    674.0000000000   3.6283834691e+01   0.0000000000e+00   1.8402282037e+01
    675.0000000000   3.6383770349e+01   0.0000000000e+00   1.8454960898e+01
    676.0000000000   3.6496179991e+01   0.0000000000e+00   1.8501497655e+01
    677.0000000000   3.6604169845e+01   0.0000000000e+00   1.8556352314e+01
    678.0000000000   3.6702243785e+01   0.0000000000e+00   1.8604667859e+01
    679.0000000000   3.6807114068e+01   0.0000000000e+00   1.8651385450e+01
    680.0000000000   3.6903508433e+01   0.0000000000e+00   1.8706746770e+01
    681.0000000000   3.7007340400e+01   0.0000000000e+00   1.8755656171e+01
    682.0000000000   3.7103059261e+01   0.0000000000e+00   1.8812668789e+01
    683.0000000000   3.7196128618e+01   0.0000000000e+00   1.8862983010e+01
    684.0000000000   3.7287289541e+01   0.0000000000e+00   1.8911575307e+01
    685.0000000000   3.7376911417e+01   0.0000000000e+00   1.8959034818e+01
    686.0000000000   3.7465226863e+01   0.0000000000e+00   1.9005627949e+01
    687.0000000000   3.7552399667e+01   0.0000000000e+00   1.9051510186e+01
    688.0000000000   3.7638552984e+01   0.0000000000e+00   1.9096784704e+01
    689.0000000000   3.7723783525e+01   0.0000000000e+00   1.9151202085e+01
    690.0000000000   3.7808169636e+01   0.0000000000e+00   1.9199473424e+01
    691.0000000000   3.7902095368e+01   0.0000000000e+00   1.9246378569e+01
    692.0000000000   3.7989251718e+01   0.0000000000e+00   1.9292403022e+01
    693.0000000000   3.8085055070e+01   0.0000000000e+00   1.9337750553e+01
    694.0000000000   3.8173662083e+01   0.0000000000e+00   1.9392211970e+01
    695.0000000000   3.8270663707e+01   0.0000000000e+00   1.9450193293e+01
    696.0000000000   3.8360302737e+01   0.0000000000e+00   1.9501138468e+01
    697.0000000000   3.8447900080e+01   0.0000000000e+00   1.9550273371e+01
    698.0000000000   3.8534092957e+01   0.0000000000e+00   1.9598253920e+01
    699.0000000000   3.8629491362e+01   0.0000000000e+00   1.9645369714e+01
    700.0000000000   3.8717903014e+01   0.0000000000e+00   1.9701461489e+01
    701.0000000000   3.8825131592e+01   0.0000000000e+00   1.9760967069e+01
    702.0000000000   3.8919012889e+01   0.0000000000e+00   1.9813351979e+01
    703.0000000000   3.9009897598e+01   0.0000000000e+00   1.9863857449e+01
    704.0000000000   3.9098891812e+01   0.0000000000e+00   1.9913150726e+01
    705.0000000000   3.9186465991e+01   0.0000000000e+00   1.9961530017e+01
    706.0000000000   3.9272883124e+01   0.0000000000e+00   2.0009166216e+01
    707.0000000000   3.9358312465e+01   0.0000000000e+00   2.0056170860e+01
    708.0000000000   3.9442872874e+01   0.0000000000e+00   2.0102622915e+01
    709.0000000000   3.9526652936e+01   0.0000000000e+00   2.0158258044e+01
    710.0000000000   3.9609721579e+01   0.0000000000e+00   2.0207777414e+01
    711.0000000000   3.9702453303e+01   0.0000000000e+00   2.0255953898e+01
    712.0000000000   3.9788529930e+01   0.0000000000e+00   2.0303267890e+01
    713.0000000000   3.9873040181e+01   0.0000000000e+00   2.0349919305e+01
    714.0000000000   3.9966815766e+01   0.0000000000e+00   2.0396019421e+01
    715.0000000000   4.0053707178e+01   0.0000000000e+00   2.0441640288e+01
    716.0000000000   4.0138885043e+01   0.0000000000e+00   2.0486833094e+01
    717.0000000000   4.0222907904e+01   0.0000000000e+00   2.0531636529e+01
    718.0000000000   4.0306018326e+01   0.0000000000e+00   2.0576081158e+01
    719.0000000000   4.0388355125e+01   0.0000000000e+00   2.0620191923e+01
    720.0000000000   4.0470009791e+01   0.0000000000e+00   2.0663989685e+01
    721.0000000000   4.0561367178e+01   0.0000000000e+00   2.0707492242e+01
    722.0000000000   4.0646113545e+01   0.0000000000e+00   2.0750715012e+01
    723.0000000000   4.0729339004e+01   0.0000000000e+00   2.0793671525e+01
    724.0000000000   4.0811555959e+01   0.0000000000e+00   2.0836373785e+01
    725.0000000000   4.0892977700e+01   0.0000000000e+00   2.0878832532e+01
    726.0000000000   4.0984042154e+01   0.0000000000e+00   2.0921057456e+01
    727.0000000000   4.1068462554e+01   0.0000000000e+00   2.0963057353e+01
    728.0000000000   4.1151344115e+01   0.0000000000e+00   2.1004840257e+01
    729.0000000000   4.1233208269e+01   0.0000000000e+00   2.1046413541e+01
    730.0000000000   4.1324593045e+01   0.0000000000e+00   2.1087784008e+01
    731.0000000000   4.1419576154e+01   0.0000000000e+00   2.1128957952e+01
    732.0000000000   4.1506923506e+01   0.0000000000e+00   2.1189294311e+01
    733.0000000000   4.1612859820e+01   0.0000000000e+00   2.1238108680e+01
    734.0000000000   4.1705365683e+01   0.0000000000e+00   2.1294554298e+01
    735.0000000000   4.1794856582e+01   0.0000000000e+00   2.1344190712e+01
    736.0000000000   4.1882471520e+01   0.0000000000e+00   2.1392106704e+01
    737.0000000000   4.1968698810e+01   0.0000000000e+00   2.1438935086e+01
    738.0000000000   4.2074449567e+01   0.0000000000e+00   2.1484960274e+01
    739.0000000000   4.2167170790e+01   0.0000000000e+00   2.1530344595e+01
    740.0000000000   4.2257084713e+01   0.0000000000e+00   2.1575192776e+01
    741.0000000000   4.2365878743e+01   0.0000000000e+00   2.1619577799e+01
    742.0000000000   4.2461265891e+01   0.0000000000e+00   2.1663553343e+01
    743.0000000000   4.2553592235e+01   0.0000000000e+00   2.1707160508e+01
    744.0000000000   4.2643975248e+01   0.0000000000e+00   2.1750431763e+01
    745.0000000000   4.2732897649e+01   0.0000000000e+00   2.1793393413e+01
    746.0000000000   4.2830951974e+01   0.0000000000e+00   2.1845743754e+01
    747.0000000000   4.2921952047e+01   0.0000000000e+00   2.1892156162e+01
    748.0000000000   4.3011073704e+01   0.0000000000e+00   2.1937382064e+01
    749.0000000000   4.3098890559e+01   0.0000000000e+00   2.1991561366e+01
    750.0000000000   4.3185661570e+01   0.0000000000e+00   2.2039535199e+01
    751.0000000000   4.3281859885e+01   0.0000000000e+00   2.2086139153e+01
    752.0000000000   4.3391864782e+01   0.0000000000e+00   2.2131885445e+01
    753.0000000000   4.3488076256e+01   0.0000000000e+00   2.2176991235e+01
    754.0000000000   4.3581134780e+01   0.0000000000e+00   2.2221577430e+01
    755.0000000000   4.3682553243e+01   0.0000000000e+00   2.2265721438e+01
    756.0000000000   4.3776474916e+01   0.0000000000e+00   2.2309477288e+01
    757.0000000000   4.3868231273e+01   0.0000000000e+00   2.2352884989e+01
    758.0000000000   4.3958481365e+01   0.0000000000e+00   2.2405652011e+01
    759.0000000000   4.4047535856e+01   0.0000000000e+00   2.2452458126e+01
    760.0000000000   4.4145901454e+01   0.0000000000e+00   2.2498059380e+01
    761.0000000000   4.4247661319e+01   0.0000000000e+00   2.2542922559e+01
    762.0000000000   4.4351914801e+01   0.0000000000e+00   2.2596912873e+01
    763.0000000000   4.4447900352e+01   0.0000000000e+00   2.2644787206e+01
    764.0000000000   4.4541391532e+01   0.0000000000e+00   2.2701021868e+01
    765.0000000000   4.4633196558e+01   0.0000000000e+00   2.2750765972e+01
    766.0000000000   4.4723692861e+01   0.0000000000e+00   2.2798962149e+01
    767.0000000000   4.4813103079e+01   0.0000000000e+00   2.2865527876e+01
    768.0000000000   4.4911894680e+01   0.0000000000e+00   2.2929697323e+01
    769.0000000000   4.5003810551e+01   0.0000000000e+00   2.2985737694e+01
    770.0000000000   4.5093981936e+01   0.0000000000e+00   2.3039375535e+01
    771.0000000000   4.5182952392e+01   0.0000000000e+00   2.3101149740e+01
    772.0000000000   4.5281278653e+01   0.0000000000e+00   2.3156115944e+01
    773.0000000000   4.5372735214e+01   0.0000000000e+00   2.3209242340e+01
    774.0000000000   4.5462465412e+01   0.0000000000e+00   2.3261130492e+01
    775.0000000000   4.5561336275e+01   0.0000000000e+00   2.3312061408e+01
    776.0000000000   4.5653222654e+01   0.0000000000e+00   2.3362203618e+01
    777.0000000000   4.5743312779e+01   0.0000000000e+00   2.3411671231e+01
    778.0000000000   4.5832178395e+01   0.0000000000e+00   2.3460547308e+01
    779.0000000000   4.5920072245e+01   0.0000000000e+00   2.3518571845e+01
    780.0000000000   4.6007141175e+01   0.0000000000e+00   2.3570450107e+01
    781.0000000000   4.6093483140e+01   0.0000000000e+00   2.3620958665e+01
    782.0000000000   4.6189488274e+01   0.0000000000e+00   2.3670581185e+01
    783.0000000000   4.6278847208e+01   0.0000000000e+00   2.3719520441e+01
    784.0000000000   4.6366653720e+01   0.0000000000e+00   2.3767890207e+01
    785.0000000000   4.6453423317e+01   0.0000000000e+00   2.3825441246e+01
    786.0000000000   4.6539371938e+01   0.0000000000e+00   2.3876881702e+01
    787.0000000000   4.6624620704e+01   0.0000000000e+00   2.3926987713e+01
    788.0000000000   4.6709248692e+01   0.0000000000e+00   2.3976241126e+01
    789.0000000000   4.6793312574e+01   0.0000000000e+00   2.4024842385e+01
    790.0000000000   4.6887174666e+01   0.0000000000e+00   2.4072902819e+01
    791.0000000000   4.6984824644e+01   0.0000000000e+00   2.4120494278e+01
    792.0000000000   4.7095615456e+01   0.0000000000e+00   2.4167667625e+01
    793.0000000000   4.7192373295e+01   0.0000000000e+00   2.4214461167e+01
    794.0000000000   4.7285884837e+01   0.0000000000e+00   2.4270581610e+01
    795.0000000000   4.7377408639e+01   0.0000000000e+00   2.4320708560e+01
    796.0000000000   4.7467484180e+01   0.0000000000e+00   2.4369598285e+01
    797.0000000000   4.7556409809e+01   0.0000000000e+00   2.4417718051e+01
    798.0000000000   4.7644374116e+01   0.0000000000e+00   2.4465257166e+01
    799.0000000000   4.7731506840e+01   0.0000000000e+00   2.4512318187e+01
    800.0000000000   4.7848859919e+01   0.0000000000e+00   2.4568642428e+01
    801.0000000000   4.7947413917e+01   0.0000000000e+00   2.4628606534e+01
    802.0000000000   4.8052695623e+01   0.0000000000e+00   2.4681634805e+01
    803.0000000000   4.8149826400e+01   0.0000000000e+00   2.4732938909e+01
    804.0000000000   4.8244452100e+01   0.0000000000e+00   2.4783163927e+01
    805.0000000000   4.8337370473e+01   0.0000000000e+00   2.4842267408e+01
    806.0000000000   4.8428964671e+01   0.0000000000e+00   2.4895061607e+01
    807.0000000000   4.8519464486e+01   0.0000000000e+00   2.4946382696e+01
    808.0000000000   4.8609024285e+01   0.0000000000e+00   2.4996750238e+01
    809.0000000000   4.8697755408e+01   0.0000000000e+00   2.5046389818e+01
    810.0000000000   4.8796061312e+01   0.0000000000e+00   2.5095430273e+01
    811.0000000000   4.8897963532e+01   0.0000000000e+00   2.5143956060e+01
    812.0000000000   4.9012840253e+01   0.0000000000e+00   2.5192027363e+01
    813.0000000000   4.9113538049e+01   0.0000000000e+00   2.5239689538e+01
    814.0000000000   4.9210860318e+01   0.0000000000e+00   2.5286978163e+01
    815.0000000000   4.9306079524e+01   0.0000000000e+00   2.5333922010e+01
    816.0000000000   4.9410065940e+01   0.0000000000e+00   2.5380544898e+01
    817.0000000000   4.9506763999e+01   0.0000000000e+00   2.5426866929e+01
    818.0000000000   4.9601421096e+01   0.0000000000e+00   2.5472905329e+01
    819.0000000000   4.9694654073e+01   0.0000000000e+00   2.5518675058e+01
    820.0000000000   4.9786749856e+01   0.0000000000e+00   2.5564189250e+01
    821.0000000000   4.9888200642e+01   0.0000000000e+00   2.5609459547e+01
    822.0000000000   4.9982761056e+01   0.0000000000e+00   2.5654496354e+01
    823.0000000000   5.0085887831e+01   0.0000000000e+00   2.5699309037e+01
    824.0000000000   5.0181764510e+01   0.0000000000e+00   2.5743906081e+01
    825.0000000000   5.0275681493e+01   0.0000000000e+00   2.5788295217e+01
    826.0000000000   5.0368258543e+01   0.0000000000e+00   2.5832483527e+01
    827.0000000000   5.0459775721e+01   0.0000000000e+00   2.5886154065e+01
    828.0000000000   5.0550397389e+01   0.0000000000e+00   2.5933967919e+01
    829.0000000000   5.0640233672e+01   0.0000000000e+00   2.5980666464e+01
    830.0000000000   5.0729364566e+01   0.0000000000e+00   2.6026704736e+01
    831.0000000000   5.0817851425e+01   0.0000000000e+00   2.6072261825e+01
    832.0000000000   5.0905743178e+01   0.0000000000e+00   2.6117431627e+01
    833.0000000000   5.1003399081e+01   0.0000000000e+00   2.6162271482e+01
    834.0000000000   5.1094488999e+01   0.0000000000e+00   2.6235849613e+01
    835.0000000000   5.1184092039e+01   0.0000000000e+00   2.6292159026e+01
    836.0000000000   5.1272712943e+01   0.0000000000e+00   2.6345428174e+01
    837.0000000000   5.1360559499e+01   0.0000000000e+00   2.6406699721e+01
    838.0000000000   5.1458065589e+01   0.0000000000e+00   2.6461164928e+01
    839.0000000000   5.1548941402e+01   0.0000000000e+00   2.6513838886e+01
    840.0000000000   5.1638289821e+01   0.0000000000e+00   2.6565340207e+01
    841.0000000000   5.1726630464e+01   0.0000000000e+00   2.6625631657e+01
    842.0000000000   5.1814180832e+01   0.0000000000e+00   2.6679536931e+01
    843.0000000000   5.1921700440e+01   0.0000000000e+00   2.6731903765e+01
    844.0000000000   5.2016540123e+01   0.0000000000e+00   2.6783261910e+01
    845.0000000000   5.2119175288e+01   0.0000000000e+00   2.6833845567e+01
    846.0000000000   5.2224562738e+01   0.0000000000e+00   2.6883790753e+01
    847.0000000000   5.2321793796e+01   0.0000000000e+00   2.6942864440e+01
    848.0000000000   5.2416616237e+01   0.0000000000e+00   2.6995786857e+01
    849.0000000000   5.2520150691e+01   0.0000000000e+00   2.7047343317e+01
    850.0000000000   5.2616407658e+01   0.0000000000e+00   2.7107699285e+01
    851.0000000000   5.2720976582e+01   0.0000000000e+00   2.7161715798e+01
    852.0000000000   5.2818119035e+01   0.0000000000e+00   2.7214244344e+01
    853.0000000000   5.2933813236e+01   0.0000000000e+00   2.7265810092e+01
    854.0000000000   5.3035984569e+01   0.0000000000e+00   2.7316640934e+01
    855.0000000000   5.3135036962e+01   0.0000000000e+00   2.7366866791e+01
    856.0000000000   5.3232111050e+01   0.0000000000e+00   2.7416572735e+01
    857.0000000000   5.3327701041e+01   0.0000000000e+00   2.7465819381e+01
    858.0000000000   5.3422086922e+01   0.0000000000e+00   2.7514652442e+01
    859.0000000000   5.3515450475e+01   0.0000000000e+00   2.7563107828e+01
    860.0000000000   5.3607920002e+01   0.0000000000e+00   2.7611214625e+01
    861.0000000000   5.3699591318e+01   0.0000000000e+00   2.7658996960e+01
    862.0000000000   5.3790538967e+01   0.0000000000e+00   2.7706475230e+01
    863.0000000000   5.3891141844e+01   0.0000000000e+00   2.7763343488e+01
    864.0000000000   5.3995404333e+01   0.0000000000e+00   2.7814272032e+01
    865.0000000000   5.4092054037e+01   0.0000000000e+00   2.7864010050e+01
    866.0000000000   5.4196975125e+01   0.0000000000e+00   2.7913019269e+01
    867.0000000000   5.4294499554e+01   0.0000000000e+00   2.7971161104e+01
    868.0000000000   5.4400304238e+01   0.0000000000e+00   2.8032866106e+01
    869.0000000000   5.4498680252e+01   0.0000000000e+00   2.8087586905e+01
    870.0000000000   5.4594977911e+01   0.0000000000e+00   2.8140551644e+01
    871.0000000000   5.4700172397e+01   0.0000000000e+00   2.8192415681e+01
    872.0000000000   5.4798203295e+01   0.0000000000e+00   2.8243466781e+01
    873.0000000000   5.4904620075e+01   0.0000000000e+00   2.8293866754e+01
    874.0000000000   5.5003659696e+01   0.0000000000e+00   2.8343719239e+01
    875.0000000000   5.5100646119e+01   0.0000000000e+00   2.8393096315e+01
    876.0000000000   5.5196221500e+01   0.0000000000e+00   2.8451727609e+01
    877.0000000000   5.5290681523e+01   0.0000000000e+00   2.8504308972e+01
    878.0000000000   5.5384201835e+01   0.0000000000e+00   2.8565285110e+01
    879.0000000000   5.5476900942e+01   0.0000000000e+00   2.8619787295e+01
    880.0000000000   5.5568865209e+01   0.0000000000e+00   2.8672747485e+01
    881.0000000000   5.5660160923e+01   0.0000000000e+00   2.8724723432e+01
    882.0000000000   5.5761159986e+01   0.0000000000e+00   2.8775958384e+01
    883.0000000000   5.5855541800e+01   0.0000000000e+00   2.8826590129e+01
    884.0000000000   5.5958711963e+01   0.0000000000e+00   2.8876707930e+01
    885.0000000000   5.6054817216e+01   0.0000000000e+00   2.8926374644e+01
    886.0000000000   5.6159439446e+01   0.0000000000e+00   2.8975637132e+01
    887.0000000000   5.6256813182e+01   0.0000000000e+00   2.9024531817e+01
    888.0000000000   5.6352251796e+01   0.0000000000e+00   2.9073087915e+01
    889.0000000000   5.6446385638e+01   0.0000000000e+00   2.9131006000e+01
    890.0000000000   5.6549818423e+01   0.0000000000e+00   2.9192637846e+01
    891.0000000000   5.6646352128e+01   0.0000000000e+00   2.9247391517e+01
    892.0000000000   5.6751466081e+01   0.0000000000e+00   2.9300467530e+01
    893.0000000000   5.6849355111e+01   0.0000000000e+00   2.9371856074e+01
    894.0000000000   5.6955634284e+01   0.0000000000e+00   2.9431142390e+01
    895.0000000000   5.7054562003e+01   0.0000000000e+00   2.9497627317e+01
    896.0000000000   5.7151469392e+01   0.0000000000e+00   2.9566639035e+01
    897.0000000000   5.7247000352e+01   0.0000000000e+00   2.9637660379e+01
    898.0000000000   5.7351769173e+01   0.0000000000e+00   2.9700759873e+01
    899.0000000000   5.7459905324e+01   0.0000000000e+00   2.9761441193e+01
    900.0000000000   5.7570531049e+01   0.0000000000e+00   2.9820516788e+01
    901.0000000000   5.7672896999e+01   0.0000000000e+00   2.9888052225e+01
    902.0000000000   5.7772783470e+01   0.0000000000e+00   2.9958611342e+01
    903.0000000000   5.7871002405e+01   0.0000000000e+00   3.0021740228e+01
    904.0000000000   5.7988571393e+01   0.0000000000e+00   3.0082735863e+01
    905.0000000000   5.8103305354e+01   0.0000000000e+00   3.0142306189e+01
    906.0000000000   5.8240046877e+01   0.0000000000e+00   3.0200780271e+01
    907.0000000000   5.8355820691e+01   0.0000000000e+00   3.0258353100e+01
    908.0000000000   5.8466709544e+01   0.0000000000e+00   3.0315155465e+01
    909.0000000000   5.8584911391e+01   0.0000000000e+00   3.0380958544e+01
    910.0000000000   5.8694879532e+01   0.0000000000e+00   3.0440489480e+01
    911.0000000000   5.8812441985e+01   0.0000000000e+00   3.0498541018e+01
    912.0000000000   5.8932327397e+01   0.0000000000e+00   3.0555609269e+01
    913.0000000000   5.9043612195e+01   0.0000000000e+00   3.0611906887e+01
    914.0000000000   5.9183029181e+01   0.0000000000e+00   3.0677232231e+01
    915.0000000000   5.9302324138e+01   0.0000000000e+00   3.0736321267e+01
    916.0000000000   5.9417057109e+01   0.0000000000e+00   3.0793968510e+01
    917.0000000000   5.9528918854e+01   0.0000000000e+00   3.0850668976e+01
    918.0000000000   5.9638640350e+01   0.0000000000e+00   3.0906633098e+01
    919.0000000000   5.9746635799e+01   0.0000000000e+00   3.0961980100e+01
    920.0000000000   5.9853174455e+01   0.0000000000e+00   3.1016788273e+01
    921.0000000000   5.9958446646e+01   0.0000000000e+00   3.1071113850e+01
    922.0000000000   6.0062594733e+01   0.0000000000e+00   3.1124999708e+01
    923.0000000000   6.0176048699e+01   0.0000000000e+00   3.1178479948e+01
    924.0000000000   6.0292852829e+01   0.0000000000e+00   3.1231582551e+01
    925.0000000000   6.0401766780e+01   0.0000000000e+00   3.1284331025e+01
    926.0000000000   6.0518701051e+01   0.0000000000e+00   3.1336745492e+01
    927.0000000000   6.0628009616e+01   0.0000000000e+00   3.1388843437e+01
    928.0000000000   6.0735068996e+01   0.0000000000e+00   3.1440640239e+01
    929.0000000000   6.0840550201e+01   0.0000000000e+00   3.1492149567e+01
    930.0000000000   6.0955086326e+01   0.0000000000e+00   3.1543383671e+01
    931.0000000000   6.1062502118e+01   0.0000000000e+00   3.1613706699e+01
    932.0000000000   6.1167976298e+01   0.0000000000e+00   3.1672438843e+01
    933.0000000000   6.1282402114e+01   0.0000000000e+00   3.1738737429e+01
    934.0000000000   6.1410312809e+01   0.0000000000e+00   3.1807842199e+01
    935.0000000000   6.1524184962e+01   0.0000000000e+00   3.1869500291e+01
    936.0000000000   6.1634703977e+01   0.0000000000e+00   3.1938759825e+01
    937.0000000000   6.1743092977e+01   0.0000000000e+00   3.2001012828e+01
    938.0000000000   6.1849879715e+01   0.0000000000e+00   3.2061334128e+01
    939.0000000000   6.1955360720e+01   0.0000000000e+00   3.2120369907e+01
    940.0000000000   6.2059727212e+01   0.0000000000e+00   3.2178422543e+01
    941.0000000000   6.2163113577e+01   0.0000000000e+00   3.2235671567e+01
    942.0000000000   6.2275939081e+01   0.0000000000e+00   3.2301913490e+01
    943.0000000000   6.2392236899e+01   0.0000000000e+00   3.2361889559e+01
    944.0000000000   6.2511075174e+01   0.0000000000e+00   3.2420400618e+01
    945.0000000000   6.2621671685e+01   0.0000000000e+00   3.2487623969e+01
    946.0000000000   6.2729785700e+01   0.0000000000e+00   3.2548429907e+01
    947.0000000000   6.2836215240e+01   0.0000000000e+00   3.2607677323e+01
    948.0000000000   6.2951649379e+01   0.0000000000e+00   3.2665897426e+01
    949.0000000000   6.3059941352e+01   0.0000000000e+00   3.2723323113e+01
    950.0000000000   6.3166285638e+01   0.0000000000e+00   3.2780088523e+01
    951.0000000000   6.3271265544e+01   0.0000000000e+00   3.2845958866e+01
    952.0000000000   6.3375145446e+01   0.0000000000e+00   3.2905652927e+01
    953.0000000000   6.3478082630e+01   0.0000000000e+00   3.2963954926e+01
    954.0000000000   6.3580184128e+01   0.0000000000e+00   3.3021353001e+01
    955.0000000000   6.3691847907e+01   0.0000000000e+00   3.3078052597e+01
    956.0000000000   6.3796771372e+01   0.0000000000e+00   3.3134169098e+01
    957.0000000000   6.3900054189e+01   0.0000000000e+00   3.3189777689e+01
    958.0000000000   6.4002217018e+01   0.0000000000e+00   3.3244932016e+01
    959.0000000000   6.4113799430e+01   0.0000000000e+00   3.3299672741e+01
    960.0000000000   6.4239200882e+01   0.0000000000e+00   3.3354032036e+01
    961.0000000000   6.4350826583e+01   0.0000000000e+00   3.3408036175e+01
    962.0000000000   6.4459316691e+01   0.0000000000e+00   3.3461707144e+01
    963.0000000000   6.4565862610e+01   0.0000000000e+00   3.3515063695e+01
    964.0000000000   6.4681287471e+01   0.0000000000e+00   3.3577798612e+01
    965.0000000000   6.4799824503e+01   0.0000000000e+00   3.3634581211e+01
    966.0000000000   6.4910336388e+01   0.0000000000e+00   3.3690159919e+01
    967.0000000000   6.5018475162e+01   0.0000000000e+00   3.3754672425e+01
    968.0000000000   6.5124996163e+01   0.0000000000e+00   3.3812958223e+01
    969.0000000000   6.5230249595e+01   0.0000000000e+00   3.3869851715e+01
    970.0000000000   6.5334442365e+01   0.0000000000e+00   3.3925864268e+01
    971.0000000000   6.5437712941e+01   0.0000000000e+00   3.3981212452e+01
    972.0000000000   6.5540161408e+01   0.0000000000e+00   3.4036016786e+01
    973.0000000000   6.5652183086e+01   0.0000000000e+00   3.4090354450e+01
    974.0000000000   6.5757474429e+01   0.0000000000e+00   3.4144279369e+01
    975.0000000000   6.5871453925e+01   0.0000000000e+00   3.4197831541e+01
    976.0000000000   6.5978278362e+01   0.0000000000e+00   3.4251041961e+01
    977.0000000000   6.6083218564e+01   0.0000000000e+00   3.4303935458e+01
    978.0000000000   6.6186879480e+01   0.0000000000e+00   3.4356532449e+01
    979.0000000000   6.6289529651e+01   0.0000000000e+00   3.4408850085e+01
    980.0000000000   6.6391324294e+01   0.0000000000e+00   3.4460903022e+01
    981.0000000000   6.6492366141e+01   0.0000000000e+00   3.4512703967e+01
    982.0000000000   6.6592729127e+01   0.0000000000e+00   3.4564264076e+01
    983.0000000000   6.6692469575e+01   0.0000000000e+00   3.4615593240e+01
    984.0000000000   6.6801951279e+01   0.0000000000e+00   3.4666700312e+01
    985.0000000000   6.6915166054e+01   0.0000000000e+00   3.4727269821e+01
    986.0000000000   6.7020830980e+01   0.0000000000e+00   3.4791640629e+01
    987.0000000000   6.7124502266e+01   0.0000000000e+00   3.4858886773e+01
    988.0000000000   6.7226868202e+01   0.0000000000e+00   3.4918855051e+01
    989.0000000000   6.7328229910e+01   0.0000000000e+00   3.4976910967e+01
    990.0000000000   6.7428757079e+01   0.0000000000e+00   3.5033773180e+01
    991.0000000000   6.7528559150e+01   0.0000000000e+00   3.5089763227e+01
    992.0000000000   6.7627713040e+01   0.0000000000e+00   3.5154739209e+01
    993.0000000000   6.7726276136e+01   0.0000000000e+00   3.5213472133e+01
    994.0000000000   6.7824293178e+01   0.0000000000e+00   3.5270777881e+01
    995.0000000000   6.7932119322e+01   0.0000000000e+00   3.5327164772e+01
    996.0000000000   6.8043739636e+01   0.0000000000e+00   3.5382851545e+01
    997.0000000000   6.8147865750e+01   0.0000000000e+00   3.5437962538e+01
    998.0000000000   6.8250049343e+01   0.0000000000e+00   3.5492579044e+01
    999.0000000000   6.8350974874e+01   0.0000000000e+00   3.5556435437e+01
   1000.0000000000   6.8461259251e+01   0.0000000000e+00   3.5614230307e+01
   1001.0000000000   6.8575024502e+01   0.0000000000e+00   3.5690086631e+01
   1002.0000000000   6.8681063924e+01   0.0000000000e+00   3.5753791917e+01
   1003.0000000000   6.8795301246e+01   0.0000000000e+00   3.5815014753e+01
   1004.0000000000   6.8902093491e+01   0.0000000000e+00   3.5874763358e+01
   1005.0000000000   6.9017134037e+01   0.0000000000e+00   3.5933455696e+01
   1006.0000000000   6.9124725046e+01   0.0000000000e+00   3.5991319288e+01
   1007.0000000000   6.9230224433e+01   0.0000000000e+00   3.6048496779e+01
   1008.0000000000   6.9334293564e+01   0.0000000000e+00   3.6105085851e+01
   1009.0000000000   6.9437239563e+01   0.0000000000e+00   3.6161157583e+01
   1010.0000000000   6.9539245100e+01   0.0000000000e+00   3.6216766049e+01
   1011.0000000000   6.9640433051e+01   0.0000000000e+00   3.6271953801e+01
   1012.0000000000   6.9740892488e+01   0.0000000000e+00   3.6326755236e+01
   1013.0000000000   6.9851010423e+01   0.0000000000e+00   3.6381198765e+01
   1014.0000000000   6.9964795811e+01   0.0000000000e+00   3.6435308273e+01
   1015.0000000000   7.0091616949e+01   0.0000000000e+00   3.6489104148e+01
   1016.0000000000   7.0214631539e+01   0.0000000000e+00   3.6552280552e+01
   1017.0000000000   7.0328272575e+01   0.0000000000e+00   3.6609507950e+01
   1018.0000000000   7.0449176433e+01   0.0000000000e+00   3.6675212263e+01
   1019.0000000000   7.0562005541e+01   0.0000000000e+00   3.6734510484e+01
   1020.0000000000   7.0672300341e+01   0.0000000000e+00   3.6802000019e+01
   1021.0000000000   7.0780829575e+01   0.0000000000e+00   3.6862884902e+01
   1022.0000000000   7.0887969825e+01   0.0000000000e+00   3.6922137110e+01
   1023.0000000000   7.0993951776e+01   0.0000000000e+00   3.6980338511e+01
   1024.0000000000   7.1098933164e+01   0.0000000000e+00   3.7047424391e+01
   1025.0000000000   7.1203029355e+01   0.0000000000e+00   3.7108198065e+01
   1026.0000000000   7.1316647797e+01   0.0000000000e+00   3.7167491927e+01
   1027.0000000000   7.1423494634e+01   0.0000000000e+00   3.7225823982e+01
   1028.0000000000   7.1528677083e+01   0.0000000000e+00   3.7283419279e+01
   1029.0000000000   7.1632722167e+01   0.0000000000e+00   3.7340406595e+01
   1030.0000000000   7.1735855672e+01   0.0000000000e+00   3.7396870555e+01
   1031.0000000000   7.1838207158e+01   0.0000000000e+00   3.7452871607e+01
   1032.0000000000   7.1939862964e+01   0.0000000000e+00   3.7508455403e+01
   1033.0000000000   7.2051205125e+01   0.0000000000e+00   3.7573334369e+01
   1034.0000000000   7.2166237537e+01   0.0000000000e+00   3.7641869174e+01
   1035.0000000000   7.2273685814e+01   0.0000000000e+00   3.7703474771e+01
   1036.0000000000   7.2389431574e+01   0.0000000000e+00   3.7763357148e+01
   1037.0000000000   7.2497804105e+01   0.0000000000e+00   3.7822157840e+01
   1038.0000000000   7.2614477737e+01   0.0000000000e+00   3.7880155611e+01
   1039.0000000000   7.2723741130e+01   0.0000000000e+00   3.7937506221e+01
   1040.0000000000   7.2830942382e+01   0.0000000000e+00   3.7994309141e+01
   1041.0000000000   7.2936735579e+01   0.0000000000e+00   3.8050633530e+01
   1042.0000000000   7.3051741448e+01   0.0000000000e+00   3.8116206940e+01
   1043.0000000000   7.3159774600e+01   0.0000000000e+00   3.8175723736e+01
   1044.0000000000   7.3266004944e+01   0.0000000000e+00   3.8243627553e+01
   1045.0000000000   7.3370998752e+01   0.0000000000e+00   3.8305048894e+01
   1046.0000000000   7.3485326876e+01   0.0000000000e+00   3.8374595710e+01
   1047.0000000000   7.3603092013e+01   0.0000000000e+00   3.8437480433e+01
   1048.0000000000   7.3713079662e+01   0.0000000000e+00   3.8498681841e+01
   1049.0000000000   7.3820892082e+01   0.0000000000e+00   3.8558787388e+01
   1050.0000000000   7.3927250450e+01   0.0000000000e+00   3.8618060473e+01
   1051.0000000000   7.4032480391e+01   0.0000000000e+00   3.8676653257e+01
   1052.0000000000   7.4136770447e+01   0.0000000000e+00   3.8734665669e+01
   1053.0000000000   7.4240244941e+01   0.0000000000e+00   3.8792168729e+01
   1054.0000000000   7.4363630950e+01   0.0000000000e+00   3.8849215714e+01
   1055.0000000000   7.4474267938e+01   0.0000000000e+00   3.8905848199e+01
   1056.0000000000   7.4602947504e+01   0.0000000000e+00   3.8962099614e+01
   1057.0000000000   7.4728263347e+01   0.0000000000e+00   3.9017997490e+01
   1058.0000000000   7.4844359425e+01   0.0000000000e+00   3.9073564942e+01
   1059.0000000000   7.4957466245e+01   0.0000000000e+00   3.9128821680e+01
   1060.0000000000   7.5068574373e+01   0.0000000000e+00   3.9183784747e+01
   1061.0000000000   7.5178156654e+01   0.0000000000e+00   3.9267498669e+01
   1062.0000000000   7.5286492826e+01   0.0000000000e+00   3.9333941804e+01
   1063.0000000000   7.5393768358e+01   0.0000000000e+00   3.9407009801e+01
   1064.0000000000   7.5510434577e+01   0.0000000000e+00   3.9472717772e+01
   1065.0000000000   7.5620226832e+01   0.0000000000e+00   3.9536333733e+01
   1066.0000000000   7.5759229975e+01   0.0000000000e+00   3.9598584233e+01
   1067.0000000000   7.5889213249e+01   0.0000000000e+00   3.9669487184e+01
   1068.0000000000   7.6009200370e+01   0.0000000000e+00   3.9733898000e+01
   1069.0000000000   7.6125818733e+01   0.0000000000e+00   3.9796684290e+01
   1070.0000000000   7.6250517504e+01   0.0000000000e+00   3.9858389116e+01
   1071.0000000000   7.6377791799e+01   0.0000000000e+00   3.9919256072e+01
   1072.0000000000   7.6496646067e+01   0.0000000000e+00   3.9979428108e+01
   1073.0000000000   7.6612820261e+01   0.0000000000e+00   4.0039000956e+01
   1074.0000000000   7.6727129105e+01   0.0000000000e+00   4.0098043961e+01
   1075.0000000000   7.6839965363e+01   0.0000000000e+00   4.0156610028e+01
   1076.0000000000   7.6961886869e+01   0.0000000000e+00   4.0214741044e+01
   1077.0000000000   7.7076692838e+01   0.0000000000e+00   4.0272471104e+01
   1078.0000000000   7.7189553143e+01   0.0000000000e+00   4.0329828572e+01
   1079.0000000000   7.7301039548e+01   0.0000000000e+00   4.0386837458e+01
   1080.0000000000   7.7411411213e+01   0.0000000000e+00   4.0443518384e+01
   1081.0000000000   7.7520823452e+01   0.0000000000e+00   4.0499889273e+01
   1082.0000000000   7.7639702101e+01   0.0000000000e+00   4.0555965870e+01
   1083.0000000000   7.7751762781e+01   0.0000000000e+00   4.0611762124e+01
   1084.0000000000   7.7862118084e+01   0.0000000000e+00   4.0667290494e+01
   1085.0000000000   7.7971298382e+01   0.0000000000e+00   4.0722562185e+01
   1086.0000000000   7.8079531749e+01   0.0000000000e+00   4.0777587331e+01
   1087.0000000000   7.8197268539e+01   0.0000000000e+00   4.0832375155e+01
   1088.0000000000   7.8308232594e+01   0.0000000000e+00   4.0886934084e+01
   1089.0000000000   7.8417538299e+01   0.0000000000e+00   4.0941271859e+01
   1090.0000000000   7.8525715096e+01   0.0000000000e+00   4.0995395615e+01
   1091.0000000000   7.8632988975e+01   0.0000000000e+00   4.1058988499e+01
   1092.0000000000   7.8739488680e+01   0.0000000000e+00   4.1116711709e+01
   1093.0000000000   7.8845299302e+01   0.0000000000e+00   4.1173306754e+01
   1094.0000000000   7.8950482405e+01   0.0000000000e+00   4.1229228811e+01
   1095.0000000000   7.9065404379e+01   0.0000000000e+00   4.1294333664e+01
   1096.0000000000   7.9173739278e+01   0.0000000000e+00   4.1353370432e+01
   1097.0000000000   7.9290887827e+01   0.0000000000e+00   4.1420808954e+01
   1098.0000000000   7.9400992442e+01   0.0000000000e+00   4.1481792894e+01
   1099.0000000000   7.9529950310e+01   0.0000000000e+00   4.1541260250e+01
   1100.0000000000   7.9645628786e+01   0.0000000000e+00   4.1609447986e+01
   1101.0000000000   7.9758388634e+01   0.0000000000e+00   4.1680931780e+01
   1102.0000000000   7.9869337412e+01   0.0000000000e+00   4.1745240060e+01
   1103.0000000000   7.9978943378e+01   0.0000000000e+00   4.1807646928e+01
   1104.0000000000   8.0087465764e+01   0.0000000000e+00   4.1868838208e+01
   1105.0000000000   8.0195069482e+01   0.0000000000e+00   4.1929123086e+01
   1106.0000000000   8.0301868930e+01   0.0000000000e+00   4.1988679088e+01
   1107.0000000000   8.0428586506e+01   0.0000000000e+00   4.2047621753e+01
   1108.0000000000   8.0542559248e+01   0.0000000000e+00   4.2106032401e+01
   1109.0000000000   8.0653939191e+01   0.0000000000e+00   4.2163971431e+01
   1110.0000000000   8.0763727819e+01   0.0000000000e+00   4.2221485519e+01
   1111.0000000000   8.0872331825e+01   0.0000000000e+00   4.2278611845e+01
   1112.0000000000   8.0990290653e+01   0.0000000000e+00   4.2345057287e+01
   1113.0000000000   8.1101379290e+01   0.0000000000e+00   4.2405502156e+01
   1114.0000000000   8.1210744128e+01   0.0000000000e+00   4.2464703595e+01
   1115.0000000000   8.1318935832e+01   0.0000000000e+00   4.2523129755e+01
   1116.0000000000   8.1426195056e+01   0.0000000000e+00   4.2580970755e+01
   1117.0000000000   8.1542980077e+01   0.0000000000e+00   4.2638329874e+01
   1118.0000000000   8.1653019722e+01   0.0000000000e+00   4.2695272501e+01
   1119.0000000000   8.1771750545e+01   0.0000000000e+00   4.2751844187e+01
   1120.0000000000   8.1883339927e+01   0.0000000000e+00   4.2808078799e+01
   1121.0000000000   8.1993065075e+01   0.0000000000e+00   4.2864002713e+01
   1122.0000000000   8.2111853900e+01   0.0000000000e+00   4.2919637203e+01
   1123.0000000000   8.2223613391e+01   0.0000000000e+00   4.2984676435e+01
   1124.0000000000   8.2333550351e+01   0.0000000000e+00   4.3043790388e+01
   1125.0000000000   8.2452566983e+01   0.0000000000e+00   4.3101727691e+01
   1126.0000000000   8.2564559395e+01   0.0000000000e+00   4.3158949389e+01
   1127.0000000000   8.2685048496e+01   0.0000000000e+00   4.3215639609e+01
   1128.0000000000   8.2798251184e+01   0.0000000000e+00   4.3271896528e+01
   1129.0000000000   8.2909476624e+01   0.0000000000e+00   4.3337457696e+01
   1130.0000000000   8.3019355644e+01   0.0000000000e+00   4.3397019947e+01
   1131.0000000000   8.3128174999e+01   0.0000000000e+00   4.3455349639e+01
   1132.0000000000   8.3246422220e+01   0.0000000000e+00   4.3512920101e+01
   1133.0000000000   8.3368165099e+01   0.0000000000e+00   4.3569924298e+01
   1134.0000000000   8.3482171439e+01   0.0000000000e+00   4.3645820040e+01
   1135.0000000000   8.3594033307e+01   0.0000000000e+00   4.3709983446e+01
   1136.0000000000   8.3704465441e+01   0.0000000000e+00   4.3771931728e+01
   1137.0000000000   8.3824108189e+01   0.0000000000e+00   4.3842274723e+01
   1138.0000000000   8.3936783102e+01   0.0000000000e+00   4.3906041905e+01
   1139.0000000000   8.4047662432e+01   0.0000000000e+00   4.3968168492e+01
   1140.0000000000   8.4157312988e+01   0.0000000000e+00   4.4029227483e+01
   1141.0000000000   8.4265986345e+01   0.0000000000e+00   4.4089476535e+01
   1142.0000000000   8.4373829510e+01   0.0000000000e+00   4.4149065214e+01
   1143.0000000000   8.4480941033e+01   0.0000000000e+00   4.4208092113e+01
   1144.0000000000   8.4597711721e+01   0.0000000000e+00   4.4266627460e+01
   1145.0000000000   8.4707832825e+01   0.0000000000e+00   4.4324723979e+01
   1146.0000000000   8.4816398645e+01   0.0000000000e+00   4.4382422791e+01
   1147.0000000000   8.4934244187e+01   0.0000000000e+00   4.4439756925e+01
   1148.0000000000   8.5045221834e+01   0.0000000000e+00   4.4496753524e+01
   1149.0000000000   8.5154503196e+01   0.0000000000e+00   4.4553435323e+01
   1150.0000000000   8.5262647214e+01   0.0000000000e+00   4.4609821659e+01
   1151.0000000000   8.5380215548e+01   0.0000000000e+00   4.4675605742e+01
   1152.0000000000   8.5501301973e+01   0.0000000000e+00   4.4735457168e+01
   1153.0000000000   8.5614683945e+01   0.0000000000e+00   4.4794124521e+01
   1154.0000000000   8.5725956663e+01   0.0000000000e+00   4.4852068996e+01
   1155.0000000000   8.5846154245e+01   0.0000000000e+00   4.4909474988e+01
   1156.0000000000   8.5959233105e+01   0.0000000000e+00   4.4966440997e+01
   1157.0000000000   8.6080746489e+01   0.0000000000e+00   4.5032704931e+01
   1158.0000000000   8.6205249587e+01   0.0000000000e+00   4.5092963983e+01
   1159.0000000000   8.6332019028e+01   0.0000000000e+00   4.5151984871e+01
   1160.0000000000   8.6450380271e+01   0.0000000000e+00   4.5210241271e+01
   1161.0000000000   8.6576474908e+01   0.0000000000e+00   4.5267926481e+01
   1162.0000000000   8.6694777206e+01   0.0000000000e+00   4.5325145537e+01
   1163.0000000000   8.6810734213e+01   0.0000000000e+00   4.5381964714e+01
   1164.0000000000   8.6925061300e+01   0.0000000000e+00   4.5438429908e+01
   1165.0000000000   8.7038101671e+01   0.0000000000e+00   4.5494574977e+01
   1166.0000000000   8.7150063749e+01   0.0000000000e+00   4.5550426079e+01
   1167.0000000000   8.7261089692e+01   0.0000000000e+00   4.5625357222e+01
   1168.0000000000   8.7381602620e+01   0.0000000000e+00   4.5688695730e+01
   1169.0000000000   8.7495318526e+01   0.0000000000e+00   4.5749927634e+01
   1170.0000000000   8.7607351150e+01   0.0000000000e+00   4.5819641500e+01
   1171.0000000000   8.7718232016e+01   0.0000000000e+00   4.5882851576e+01
   1172.0000000000   8.7828190123e+01   0.0000000000e+00   4.5944481774e+01
   1173.0000000000   8.7947676474e+01   0.0000000000e+00   4.6005096432e+01
   1174.0000000000   8.8060415303e+01   0.0000000000e+00   4.6064946422e+01
   1175.0000000000   8.8171521172e+01   0.0000000000e+00   4.6124175873e+01
   1176.0000000000   8.8281523523e+01   0.0000000000e+00   4.6182878958e+01
   1177.0000000000   8.8390648210e+01   0.0000000000e+00   4.6241122248e+01
   1178.0000000000   8.8509342823e+01   0.0000000000e+00   4.6298955404e+01
   1179.0000000000   8.8621328259e+01   0.0000000000e+00   4.6356416959e+01
   1180.0000000000   8.8731715961e+01   0.0000000000e+00   4.6413537722e+01
   1181.0000000000   8.8851351611e+01   0.0000000000e+00   4.6480019472e+01
   1182.0000000000   8.8964094617e+01   0.0000000000e+00   4.6540538346e+01
   1183.0000000000   8.9085440519e+01   0.0000000000e+00   4.6599848025e+01
   1184.0000000000   8.9209906939e+01   0.0000000000e+00   4.6658413735e+01
   1185.0000000000   8.9326425404e+01   0.0000000000e+00   4.6726099651e+01
   1186.0000000000   8.9461304570e+01   0.0000000000e+00   4.6787661974e+01
   1187.0000000000   8.9582574796e+01   0.0000000000e+00   4.6847900026e+01
   1188.0000000000   8.9711003229e+01   0.0000000000e+00   4.6907307571e+01
   1189.0000000000   8.9831387812e+01   0.0000000000e+00   4.6966091274e+01
   1190.0000000000   8.9949283906e+01   0.0000000000e+00   4.7043718680e+01
   1191.0000000000   9.0065456980e+01   0.0000000000e+00   4.7109573139e+01
   1192.0000000000   9.0180277670e+01   0.0000000000e+00   4.7173177430e+01
   1193.0000000000   9.0293971089e+01   0.0000000000e+00   4.7245145792e+01
   1194.0000000000   9.0406690310e+01   0.0000000000e+00   4.7310511262e+01
   1195.0000000000   9.0518546892e+01   0.0000000000e+00   4.7374211999e+01
   1196.0000000000   9.0629626105e+01   0.0000000000e+00   4.7436823461e+01
   1197.0000000000   9.0739995438e+01   0.0000000000e+00   4.7498605396e+01
   1198.0000000000   9.0860028850e+01   0.0000000000e+00   4.7559709160e+01
   1199.0000000000   9.0983727131e+01   0.0000000000e+00   4.7629911444e+01
   1200.0000000000   9.1110134283e+01   0.0000000000e+00   4.7693938902e+01
   1201.0000000000   9.1228449448e+01   0.0000000000e+00   4.7766257790e+01
   1202.0000000000   9.1344417096e+01   0.0000000000e+00   4.7832015203e+01
   1203.0000000000   9.1458823207e+01   0.0000000000e+00   4.7896155153e+01
   1204.0000000000   9.1572027773e+01   0.0000000000e+00   4.7959244834e+01
   1205.0000000000   9.1684239460e+01   0.0000000000e+00   4.8031211612e+01
   1206.0000000000   9.1795595242e+01   0.0000000000e+00   4.8096854528e+01
   1207.0000000000   9.1906192432e+01   0.0000000000e+00   4.8170680321e+01
   1208.0000000000   9.2036742251e+01   0.0000000000e+00   4.8237861077e+01
   1209.0000000000   9.2154574063e+01   0.0000000000e+00   4.8303357369e+01
   1210.0000000000   9.2269834450e+01   0.0000000000e+00   4.8367747977e+01
   1211.0000000000   9.2383520905e+01   0.0000000000e+00   4.8431292177e+01
   1212.0000000000   9.2496037145e+01   0.0000000000e+00   4.8503816875e+01
   1213.0000000000   9.2607601259e+01   0.0000000000e+00   4.8570076501e+01
   1214.0000000000   9.2718350349e+01   0.0000000000e+00   4.8634877982e+01
   1215.0000000000   9.2838698258e+01   0.0000000000e+00   4.8698724907e+01
   1216.0000000000   9.2962670067e+01   0.0000000000e+00   4.8761833749e+01
   1217.0000000000   9.3079006142e+01   0.0000000000e+00   4.8824328050e+01
   1218.0000000000   9.3213917830e+01   0.0000000000e+00   4.8886289201e+01
   1219.0000000000   9.3335378435e+01   0.0000000000e+00   4.8947775676e+01
   1220.0000000000   9.3453799443e+01   0.0000000000e+00   4.9008831964e+01
   1221.0000000000   9.3570317716e+01   0.0000000000e+00   4.9079169858e+01
   1222.0000000000   9.3685420524e+01   0.0000000000e+00   4.9143473209e+01
   1223.0000000000   9.3799380417e+01   0.0000000000e+00   4.9216178407e+01
   1224.0000000000   9.3912372150e+01   0.0000000000e+00   4.9282410834e+01
   1225.0000000000   9.4024517683e+01   0.0000000000e+00   4.9347098209e+01
   1226.0000000000   9.4146226308e+01   0.0000000000e+00   4.9410795199e+01
   1227.0000000000   9.4261203763e+01   0.0000000000e+00   4.9473742789e+01
   1228.0000000000   9.4374555798e+01   0.0000000000e+00   4.9536077102e+01
   1229.0000000000   9.4497126589e+01   0.0000000000e+00   4.9597886179e+01
   1230.0000000000   9.4612775948e+01   0.0000000000e+00   4.9659231983e+01
   1231.0000000000   9.4726681593e+01   0.0000000000e+00   4.9720160731e+01
   1232.0000000000   9.4839407541e+01   0.0000000000e+00   4.9790384933e+01
   1233.0000000000   9.4951200629e+01   0.0000000000e+00   4.9854588564e+01
   1234.0000000000   9.5062203032e+01   0.0000000000e+00   4.9927207796e+01
   1235.0000000000   9.5172508908e+01   0.0000000000e+00   4.9993367594e+01
   1236.0000000000   9.5282186147e+01   0.0000000000e+00   5.0057995152e+01
   1237.0000000000   9.5391286576e+01   0.0000000000e+00   5.0131321099e+01
   1238.0000000000   9.5499851401e+01   0.0000000000e+00   5.0198240892e+01
   1239.0000000000   9.5618233488e+01   0.0000000000e+00   5.0263625856e+01
   1240.0000000000   9.5730097316e+01   0.0000000000e+00   5.0328013296e+01
   1241.0000000000   9.5840517389e+01   0.0000000000e+00   5.0391638860e+01
   1242.0000000000   9.5949994464e+01   0.0000000000e+00   5.0464314138e+01
   1243.0000000000   9.6058732851e+01   0.0000000000e+00   5.0540459291e+01
   1244.0000000000   9.6166844275e+01   0.0000000000e+00   5.0609528206e+01
   1245.0000000000   9.6284719162e+01   0.0000000000e+00   5.0676753935e+01
   1246.0000000000   9.6406362913e+01   0.0000000000e+00   5.0742797691e+01
   1247.0000000000   9.6530818726e+01   0.0000000000e+00   5.0807953046e+01
   1248.0000000000   9.6647282425e+01   0.0000000000e+00   5.0872387217e+01
   1249.0000000000   9.6782132233e+01   0.0000000000e+00   5.0936208752e+01
   1250.0000000000   9.6913740654e+01   0.0000000000e+00   5.1009170673e+01
   1251.0000000000   9.7046518567e+01   0.0000000000e+00   5.1085661611e+01
   1252.0000000000   9.7170315753e+01   0.0000000000e+00   5.1155116727e+01
   1253.0000000000   9.7291166319e+01   0.0000000000e+00   5.1232433715e+01
   1254.0000000000   9.7440976762e+01   0.0000000000e+00   5.1302920908e+01
   1255.0000000000   9.7571118932e+01   0.0000000000e+00   5.1381278706e+01
   1256.0000000000   9.7707341853e+01   0.0000000000e+00   5.1452775301e+01
   1257.0000000000   9.7834908218e+01   0.0000000000e+00   5.1522426399e+01
   1258.0000000000   9.7959560483e+01   0.0000000000e+00   5.1590845538e+01
   1259.0000000000   9.8092484971e+01   0.0000000000e+00   5.1658315434e+01
   1260.0000000000   9.8228071973e+01   0.0000000000e+00   5.1725003078e+01
   1261.0000000000   9.8365596739e+01   0.0000000000e+00   5.1791020114e+01
   1262.0000000000   9.8494411272e+01   0.0000000000e+00   5.1856447032e+01
   1263.0000000000   9.8620368063e+01   0.0000000000e+00   5.1921344907e+01
   1264.0000000000   9.8754652140e+01   0.0000000000e+00   5.1985761842e+01
   1265.0000000000   9.8881320872e+01   0.0000000000e+00   5.2049736804e+01
   1266.0000000000   9.9016000471e+01   0.0000000000e+00   5.2113302074e+01
   1267.0000000000   9.9142982493e+01   0.0000000000e+00   5.2186161425e+01
   1268.0000000000   9.9277951109e+01   0.0000000000e+00   5.2252993238e+01
   1269.0000000000   9.9415535911e+01   0.0000000000e+00   5.2318553522e+01
   1270.0000000000   9.9544744949e+01   0.0000000000e+00   5.2392986378e+01
   1271.0000000000   9.9671305252e+01   0.0000000000e+00   5.2461136782e+01
   1272.0000000000   9.9796018788e+01   0.0000000000e+00   5.2537520403e+01
   1273.0000000000   9.9929587361e+01   0.0000000000e+00   5.2616984324e+01
   1274.0000000000   1.0005587840e+02   0.0000000000e+00   5.2689139571e+01
   1275.0000000000   1.0018009984e+02   0.0000000000e+00   5.2759295471e+01
   1276.0000000000   1.0030284714e+02   0.0000000000e+00   5.2828156091e+01
   1277.0000000000   1.0043471448e+02   0.0000000000e+00   5.2896041451e+01
   1278.0000000000   1.0055950471e+02   0.0000000000e+00   5.2963136228e+01
   1279.0000000000   1.0070302157e+02   0.0000000000e+00   5.3029561088e+01
   1280.0000000000   1.0083310317e+02   0.0000000000e+00   5.3105077818e+01
   1281.0000000000   1.0096010354e+02   0.0000000000e+00   5.3174405055e+01
   1282.0000000000   1.0108513244e+02   0.0000000000e+00   5.3242327925e+01
   1283.0000000000   1.0120866409e+02   0.0000000000e+00   5.3309335743e+01
   1284.0000000000   1.0133096507e+02   0.0000000000e+00   5.3375635112e+01
   1285.0000000000   1.0145220805e+02   0.0000000000e+00   5.3441342449e+01
   1286.0000000000   1.0157251511e+02   0.0000000000e+00   5.3506533836e+01
   1287.0000000000   1.0169197777e+02   0.0000000000e+00   5.3571263676e+01
   1288.0000000000   1.0181066770e+02   0.0000000000e+00   5.3645249811e+01
   1289.0000000000   1.0192864283e+02   0.0000000000e+00   5.3722856560e+01
   1290.0000000000   1.0205627026e+02   0.0000000000e+00   5.3793501511e+01
   1291.0000000000   1.0218754579e+02   0.0000000000e+00   5.3862392669e+01
   1292.0000000000   1.0231119070e+02   0.0000000000e+00   5.3930173187e+01
   1293.0000000000   1.0243276532e+02   0.0000000000e+00   5.3997123180e+01
   1294.0000000000   1.0255296194e+02   0.0000000000e+00   5.4063399567e+01
   1295.0000000000   1.0267208542e+02   0.0000000000e+00   5.4129102840e+01
   1296.0000000000   1.0279030896e+02   0.0000000000e+00   5.4194303070e+01
   1297.0000000000   1.0290774531e+02   0.0000000000e+00   5.4259052094e+01
   1298.0000000000   1.0302447441e+02   0.0000000000e+00   5.4323389967e+01
   1299.0000000000   1.0314055650e+02   0.0000000000e+00   5.4397025230e+01
   1300.0000000000   1.0326635805e+02   0.0000000000e+00   5.4464639192e+01
   1301.0000000000   1.0338555368e+02   0.0000000000e+00   5.4550342717e+01
   1302.0000000000   1.0350322581e+02   0.0000000000e+00   5.4623914517e+01
   1303.0000000000   1.0361988151e+02   0.0000000000e+00   5.4695016624e+01
   1304.0000000000   1.0373573024e+02   0.0000000000e+00   5.4764652264e+01
   1305.0000000000   1.0385088810e+02   0.0000000000e+00   5.4833235540e+01
   1306.0000000000   1.0397574921e+02   0.0000000000e+00   5.4900990944e+01
   1307.0000000000   1.0410432218e+02   0.0000000000e+00   5.4968058724e+01
   1308.0000000000   1.0422533395e+02   0.0000000000e+00   5.5034534649e+01
   1309.0000000000   1.0434434672e+02   0.0000000000e+00   5.5100488261e+01
   1310.0000000000   1.0447237161e+02   0.0000000000e+00   5.5175648937e+01
   1311.0000000000   1.0459334823e+02   0.0000000000e+00   5.5244713296e+01
   1312.0000000000   1.0471249801e+02   0.0000000000e+00   5.5312450719e+01
   1313.0000000000   1.0483041102e+02   0.0000000000e+00   5.5379338805e+01
   1314.0000000000   1.0494735054e+02   0.0000000000e+00   5.5455251697e+01
   1315.0000000000   1.0506346953e+02   0.0000000000e+00   5.5524953784e+01
   1316.0000000000   1.0517886947e+02   0.0000000000e+00   5.5602927771e+01
   1317.0000000000   1.0530394240e+02   0.0000000000e+00   5.5674328284e+01
   1318.0000000000   1.0542237983e+02   0.0000000000e+00   5.5744102759e+01
   1319.0000000000   1.0553927581e+02   0.0000000000e+00   5.5812819812e+01
   1320.0000000000   1.0566546475e+02   0.0000000000e+00   5.5880730676e+01
   1321.0000000000   1.0578479827e+02   0.0000000000e+00   5.5947979233e+01
   1322.0000000000   1.0590244716e+02   0.0000000000e+00   5.6014659546e+01
   1323.0000000000   1.0601896949e+02   0.0000000000e+00   5.6080838345e+01
   1324.0000000000   1.0613460697e+02   0.0000000000e+00   5.6146565693e+01
   1325.0000000000   1.0624949733e+02   0.0000000000e+00   5.6211880704e+01
   1326.0000000000   1.0636373082e+02   0.0000000000e+00   5.6276814896e+01
   1327.0000000000   1.0647737190e+02   0.0000000000e+00   5.6341394292e+01
   1328.0000000000   1.0660078844e+02   0.0000000000e+00   5.6405640803e+01
   1329.0000000000   1.0671765507e+02   0.0000000000e+00   5.6469573174e+01
   1330.0000000000   1.0684337251e+02   0.0000000000e+00   5.6533207661e+01
   1331.0000000000   1.0697240186e+02   0.0000000000e+00   5.6596558521e+01
   1332.0000000000   1.0710395669e+02   0.0000000000e+00   5.6659638383e+01
   1333.0000000000   1.0723763678e+02   0.0000000000e+00   5.6722458526e+01
   1334.0000000000   1.0738350573e+02   0.0000000000e+00   5.6814058730e+01
   1335.0000000000   1.0751469873e+02   0.0000000000e+00   5.6888413396e+01
   1336.0000000000   1.0764217277e+02   0.0000000000e+00   5.6959738292e+01
   1337.0000000000   1.0777761171e+02   0.0000000000e+00   5.7029390626e+01
   1338.0000000000   1.0791558185e+02   0.0000000000e+00   5.7097900184e+01
   1339.0000000000   1.0805543802e+02   0.0000000000e+00   5.7165541572e+01
   1340.0000000000   1.0819689179e+02   0.0000000000e+00   5.7232480091e+01
   1341.0000000000   1.0832945372e+02   0.0000000000e+00   5.7298825130e+01
   1342.0000000000   1.0845905223e+02   0.0000000000e+00   5.7374330557e+01
   1343.0000000000   1.0859691415e+02   0.0000000000e+00   5.7443708834e+01
   1344.0000000000   1.0872712186e+02   0.0000000000e+00   5.7511739987e+01
   1345.0000000000   1.0885499830e+02   0.0000000000e+00   5.7578908982e+01
   1346.0000000000   1.0899152838e+02   0.0000000000e+00   5.7645418632e+01
   1347.0000000000   1.0912067003e+02   0.0000000000e+00   5.7711382016e+01
   1348.0000000000   1.0924767296e+02   0.0000000000e+00   5.7776872237e+01
   1349.0000000000   1.0938347512e+02   0.0000000000e+00   5.7841941030e+01
   1350.0000000000   1.0952232157e+02   0.0000000000e+00   5.7916303828e+01
   1351.0000000000   1.0965307542e+02   0.0000000000e+00   5.7984646220e+01
   1352.0000000000   1.0981234630e+02   0.0000000000e+00   5.8051728737e+01
   1353.0000000000   1.0996211857e+02   0.0000000000e+00   5.8127698307e+01
   1354.0000000000   1.1010153186e+02   0.0000000000e+00   5.8207078184e+01
   1355.0000000000   1.1023728551e+02   0.0000000000e+00   5.8279363567e+01
   1356.0000000000   1.1037055842e+02   0.0000000000e+00   5.8349806239e+01
   1357.0000000000   1.1050192573e+02   0.0000000000e+00   5.8419076384e+01
   1358.0000000000   1.1064205112e+02   0.0000000000e+00   5.8487471876e+01
   1359.0000000000   1.1078512053e+02   0.0000000000e+00   5.8555161845e+01
   1360.0000000000   1.1091998619e+02   0.0000000000e+00   5.8641608558e+01
   1361.0000000000   1.1107294154e+02   0.0000000000e+00   5.8716198577e+01
   1362.0000000000   1.1121202257e+02   0.0000000000e+00   5.8788460078e+01
   1363.0000000000   1.1134769016e+02   0.0000000000e+00   5.8859336407e+01
   1364.0000000000   1.1148112100e+02   0.0000000000e+00   5.8938887368e+01
   1365.0000000000   1.1162315422e+02   0.0000000000e+00   5.9011975152e+01
   1366.0000000000   1.1175772593e+02   0.0000000000e+00   5.9083465404e+01
   1367.0000000000   1.1189008440e+02   0.0000000000e+00   5.9163573757e+01
   1368.0000000000   1.1203117034e+02   0.0000000000e+00   5.9237194831e+01
   1369.0000000000   1.1216491317e+02   0.0000000000e+00   5.9309203790e+01
   1370.0000000000   1.1230686228e+02   0.0000000000e+00   5.9380143184e+01
   1371.0000000000   1.1245157801e+02   0.0000000000e+00   5.9450254082e+01
   1372.0000000000   1.1258802664e+02   0.0000000000e+00   5.9519676670e+01
   1373.0000000000   1.1272190747e+02   0.0000000000e+00   5.9588504197e+01
   1374.0000000000   1.1285400292e+02   0.0000000000e+00   5.9656803916e+01
   1375.0000000000   1.1298468130e+02   0.0000000000e+00   5.9724627020e+01
   1376.0000000000   1.1311416294e+02   0.0000000000e+00   5.9792014008e+01
   1377.0000000000   1.1324259699e+02   0.0000000000e+00   5.9868674402e+01
   1378.0000000000   1.1337009240e+02   0.0000000000e+00   5.9939290737e+01
   1379.0000000000   1.1349673302e+02   0.0000000000e+00   6.0008622098e+01
   1380.0000000000   1.1362258581e+02   0.0000000000e+00   6.0077138369e+01
   1381.0000000000   1.1375802490e+02   0.0000000000e+00   6.0145031252e+01
   1382.0000000000   1.1388673263e+02   0.0000000000e+00   6.0212405475e+01
   1383.0000000000   1.1401379880e+02   0.0000000000e+00   6.0279327771e+01
   1384.0000000000   1.1413973737e+02   0.0000000000e+00   6.0345844945e+01
   1385.0000000000   1.1426476424e+02   0.0000000000e+00   6.0411992031e+01
   1386.0000000000   1.1439932046e+02   0.0000000000e+00   6.0477796503e+01
   1387.0000000000   1.1452712260e+02   0.0000000000e+00   6.0543280665e+01
   1388.0000000000   1.1465327929e+02   0.0000000000e+00   6.0618139656e+01
   1389.0000000000   1.1478863442e+02   0.0000000000e+00   6.0687044369e+01
   1390.0000000000   1.1491704634e+02   0.0000000000e+00   6.0764420841e+01
   1391.0000000000   1.1505401006e+02   0.0000000000e+00   6.0835386004e+01
   1392.0000000000   1.1518372395e+02   0.0000000000e+00   6.0914537103e+01
   1393.0000000000   1.1531148352e+02   0.0000000000e+00   6.0987077962e+01
   1394.0000000000   1.1543790930e+02   0.0000000000e+00   6.1057980329e+01
   1395.0000000000   1.1556328014e+02   0.0000000000e+00   6.1127825839e+01
   1396.0000000000   1.1568775833e+02   0.0000000000e+00   6.1206549556e+01
   1397.0000000000   1.1581145159e+02   0.0000000000e+00   6.1278954584e+01
   1398.0000000000   1.1594475658e+02   0.0000000000e+00   6.1369226211e+01
   1399.0000000000   1.1608168753e+02   0.0000000000e+00   6.1456868950e+01
   1400.0000000000   1.1621097758e+02   0.0000000000e+00   6.1545910900e+01
   1401.0000000000   1.1634851399e+02   0.0000000000e+00   6.1636447804e+01
   1402.0000000000   1.1649926850e+02   0.0000000000e+00   6.1718753363e+01
   1403.0000000000   1.1664619107e+02   0.0000000000e+00   6.1798426534e+01
   1404.0000000000   1.1678367355e+02   0.0000000000e+00   6.1886009044e+01
   1405.0000000000   1.1691802563e+02   0.0000000000e+00   6.1966577635e+01
   1406.0000000000   1.1706059388e+02   0.0000000000e+00   6.2045122181e+01
   1407.0000000000   1.1719550815e+02   0.0000000000e+00   6.2122263244e+01
   1408.0000000000   1.1733843075e+02   0.0000000000e+00   6.2198297880e+01
   1409.0000000000   1.1748399111e+02   0.0000000000e+00   6.2273408103e+01
   1410.0000000000   1.1762120018e+02   0.0000000000e+00   6.2347719402e+01
   1411.0000000000   1.1776610644e+02   0.0000000000e+00   6.2421324505e+01
   1412.0000000000   1.1790314923e+02   0.0000000000e+00   6.2503971701e+01
   1413.0000000000   1.1803776186e+02   0.0000000000e+00   6.2580373422e+01
   1414.0000000000   1.1817065500e+02   0.0000000000e+00   6.2664989034e+01
   1415.0000000000   1.1830217130e+02   0.0000000000e+00   6.2742962756e+01
   1416.0000000000   1.1843252066e+02   0.0000000000e+00   6.2819238014e+01
   1417.0000000000   1.1856184766e+02   0.0000000000e+00   6.2904059286e+01
   1418.0000000000   1.1869025919e+02   0.0000000000e+00   6.2982333971e+01
   1419.0000000000   1.1881783810e+02   0.0000000000e+00   6.3058943780e+01
   1420.0000000000   1.1894465084e+02   0.0000000000e+00   6.3134435128e+01
   1421.0000000000   1.1908107122e+02   0.0000000000e+00   6.3209051705e+01
   1422.0000000000   1.1922110038e+02   0.0000000000e+00   6.3282935701e+01
   1423.0000000000   1.1935346398e+02   0.0000000000e+00   6.3356182045e+01
   1424.0000000000   1.1948372596e+02   0.0000000000e+00   6.3438536028e+01
   1425.0000000000   1.1961258157e+02   0.0000000000e+00   6.3524381839e+01
   1426.0000000000   1.1974033823e+02   0.0000000000e+00   6.3612828689e+01
   1427.0000000000   1.1988780944e+02   0.0000000000e+00   6.3693751512e+01
   1428.0000000000   1.2002238202e+02   0.0000000000e+00   6.3772538846e+01
   1429.0000000000   1.2017487619e+02   0.0000000000e+00   6.3849928570e+01
   1430.0000000000   1.2031358524e+02   0.0000000000e+00   6.3926258508e+01
   1431.0000000000   1.2044902984e+02   0.0000000000e+00   6.4001724202e+01
   1432.0000000000   1.2059271866e+02   0.0000000000e+00   6.4076453724e+01
   1433.0000000000   1.2073912478e+02   0.0000000000e+00   6.4150537790e+01
   1434.0000000000   1.2087722709e+02   0.0000000000e+00   6.4233720810e+01
   1435.0000000000   1.2101274440e+02   0.0000000000e+00   6.4310710703e+01
   1436.0000000000   1.2114647470e+02   0.0000000000e+00   6.4386285724e+01
   1437.0000000000   1.2128911656e+02   0.0000000000e+00   6.4460930662e+01
   1438.0000000000   1.2142453420e+02   0.0000000000e+00   6.4534849100e+01
   1439.0000000000   1.2158888957e+02   0.0000000000e+00   6.4617831981e+01
   1440.0000000000   1.2173368321e+02   0.0000000000e+00   6.4704285660e+01
   1441.0000000000   1.2187433782e+02   0.0000000000e+00   6.4783654546e+01
   1442.0000000000   1.2202277522e+02   0.0000000000e+00   6.4861165059e+01
   1443.0000000000   1.2216330132e+02   0.0000000000e+00   6.4937473713e+01
   1444.0000000000   1.2230133560e+02   0.0000000000e+00   6.5012870733e+01
   1445.0000000000   1.2243759264e+02   0.0000000000e+00   6.5087520952e+01
   1446.0000000000   1.2258274059e+02   0.0000000000e+00   6.5180884315e+01
   1447.0000000000   1.2272063137e+02   0.0000000000e+00   6.5262346267e+01
   1448.0000000000   1.2285646480e+02   0.0000000000e+00   6.5341434631e+01
   1449.0000000000   1.2299083158e+02   0.0000000000e+00   6.5419092889e+01
   1450.0000000000   1.2312400372e+02   0.0000000000e+00   6.5495704753e+01
   1451.0000000000   1.2326646487e+02   0.0000000000e+00   6.5571478003e+01
   1452.0000000000   1.2341228391e+02   0.0000000000e+00   6.5646543271e+01
   1453.0000000000   1.2355023208e+02   0.0000000000e+00   6.5720990667e+01
   1454.0000000000   1.2368590595e+02   0.0000000000e+00   6.5794886413e+01
   1455.0000000000   1.2382002519e+02   0.0000000000e+00   6.5868281448e+01
   1456.0000000000   1.2395291603e+02   0.0000000000e+00   6.5941216330e+01
   1457.0000000000   1.2408476880e+02   0.0000000000e+00   6.6013724234e+01
   1458.0000000000   1.2421571018e+02   0.0000000000e+00   6.6085832884e+01
   1459.0000000000   1.2435615080e+02   0.0000000000e+00   6.6167242397e+01
   1460.0000000000   1.2448979677e+02   0.0000000000e+00   6.6242628187e+01
   1461.0000000000   1.2462175402e+02   0.0000000000e+00   6.6316743820e+01
   1462.0000000000   1.2476286700e+02   0.0000000000e+00   6.6390054824e+01
   1463.0000000000   1.2489699599e+02   0.0000000000e+00   6.6472425956e+01
   1464.0000000000   1.2502931929e+02   0.0000000000e+00   6.6558290725e+01
   1465.0000000000   1.2517072078e+02   0.0000000000e+00   6.6637104416e+01
   1466.0000000000   1.2531540337e+02   0.0000000000e+00   6.6714097559e+01
   1467.0000000000   1.2546251564e+02   0.0000000000e+00   6.6789927688e+01
   1468.0000000000   1.2560131888e+02   0.0000000000e+00   6.6874561093e+01
   1469.0000000000   1.2573759778e+02   0.0000000000e+00   6.6952816475e+01
   1470.0000000000   1.2587216605e+02   0.0000000000e+00   6.7029534957e+01
   1471.0000000000   1.2601572277e+02   0.0000000000e+00   6.7105240022e+01
   1472.0000000000   1.2616244678e+02   0.0000000000e+00   6.7180160453e+01
   1473.0000000000   1.2630117297e+02   0.0000000000e+00   6.7254427749e+01
   1474.0000000000   1.2643753776e+02   0.0000000000e+00   6.7328128634e+01
   1475.0000000000   1.2658260619e+02   0.0000000000e+00   6.7401325248e+01
   1476.0000000000   1.2673067773e+02   0.0000000000e+00   6.7474064659e+01
   1477.0000000000   1.2687064182e+02   0.0000000000e+00   6.7546383968e+01
   1478.0000000000   1.2700816429e+02   0.0000000000e+00   6.7618313306e+01
   1479.0000000000   1.2714400897e+02   0.0000000000e+00   6.7689877725e+01
   1480.0000000000   1.2727853195e+02   0.0000000000e+00   6.7761098445e+01
   1481.0000000000   1.2741194459e+02   0.0000000000e+00   6.7831993724e+01
   1482.0000000000   1.2756502707e+02   0.0000000000e+00   6.7902579468e+01
   1483.0000000000   1.2770515466e+02   0.0000000000e+00   6.7972869693e+01
   1484.0000000000   1.2784250660e+02   0.0000000000e+00   6.8042876861e+01
   1485.0000000000   1.2797810478e+02   0.0000000000e+00   6.8112612143e+01
   1486.0000000000   1.2811237181e+02   0.0000000000e+00   6.8182085626e+01
   1487.0000000000   1.2824554089e+02   0.0000000000e+00   6.8251306475e+01
   1488.0000000000   1.2837776142e+02   0.0000000000e+00   6.8329959607e+01
   1489.0000000000   1.2850913842e+02   0.0000000000e+00   6.8402707779e+01
   1490.0000000000   1.2865006951e+02   0.0000000000e+00   6.8474293880e+01
   1491.0000000000   1.2878425221e+02   0.0000000000e+00   6.8554850865e+01
   1492.0000000000   1.2892710550e+02   0.0000000000e+00   6.8629214151e+01
   1493.0000000000   1.2907310546e+02   0.0000000000e+00   6.8702214590e+01
   1494.0000000000   1.2921115913e+02   0.0000000000e+00   6.8774360439e+01
   1495.0000000000   1.2934692173e+02   0.0000000000e+00   6.8845865524e+01
   1496.0000000000   1.2948114152e+02   0.0000000000e+00   6.8916847931e+01
   1497.0000000000   1.2961415951e+02   0.0000000000e+00   6.8997059209e+01
   1498.0000000000   1.2974617374e+02   0.0000000000e+00   6.9071206404e+01
   1499.0000000000   1.2987731476e+02   0.0000000000e+00   6.9153740103e+01
   1500.0000000000   1.3000767580e+02   0.0000000000e+00   6.9229794630e+01
   1501.0000000000   1.3013732721e+02   0.0000000000e+00   6.9313979961e+01
   1502.0000000000   1.3027664337e+02   0.0000000000e+00   6.9391509482e+01
   1503.0000000000   1.3041962431e+02   0.0000000000e+00   6.9467362276e+01
   1504.0000000000   1.3056531273e+02   0.0000000000e+00   6.9542125702e+01
   1505.0000000000   1.3070290627e+02   0.0000000000e+00   6.9616062818e+01
   1506.0000000000   1.3083814784e+02   0.0000000000e+00   6.9689325296e+01
   1507.0000000000   1.3097182194e+02   0.0000000000e+00   6.9762012493e+01
   1508.0000000000   1.3110428715e+02   0.0000000000e+00   6.9834194814e+01
   1509.0000000000   1.3123575087e+02   0.0000000000e+00   6.9905924903e+01
   1510.0000000000   1.3137666798e+02   0.0000000000e+00   6.9977243702e+01
   1511.0000000000   1.3151077089e+02   0.0000000000e+00   7.0048184022e+01
   1512.0000000000   1.3164318196e+02   0.0000000000e+00   7.0118772795e+01
   1513.0000000000   1.3179507536e+02   0.0000000000e+00   7.0189032554e+01
   1514.0000000000   1.3193395446e+02   0.0000000000e+00   7.0258982462e+01
   1515.0000000000   1.3207005252e+02   0.0000000000e+00   7.0338315580e+01
   1516.0000000000   1.3220441706e+02   0.0000000000e+00   7.0411701375e+01
   1517.0000000000   1.3233748359e+02   0.0000000000e+00   7.0483888331e+01
   1518.0000000000   1.3246949175e+02   0.0000000000e+00   7.0555337558e+01
   1519.0000000000   1.3260059402e+02   0.0000000000e+00   7.0626233391e+01
   1520.0000000000   1.3274121559e+02   0.0000000000e+00   7.0696674284e+01
   1521.0000000000   1.3288539023e+02   0.0000000000e+00   7.0766721569e+01
   1522.0000000000   1.3303218420e+02   0.0000000000e+00   7.0836417354e+01
   1523.0000000000   1.3318113132e+02   0.0000000000e+00   7.0915469099e+01
   1524.0000000000   1.3332162346e+02   0.0000000000e+00   7.0988555707e+01
   1525.0000000000   1.3345950521e+02   0.0000000000e+00   7.1060432045e+01
   1526.0000000000   1.3359562262e+02   0.0000000000e+00   7.1131563654e+01
   1527.0000000000   1.3373037504e+02   0.0000000000e+00   7.1211814544e+01
   1528.0000000000   1.3386399857e+02   0.0000000000e+00   7.1285940487e+01
   1529.0000000000   1.3399665020e+02   0.0000000000e+00   7.1358740244e+01
   1530.0000000000   1.3412844231e+02   0.0000000000e+00   7.1440383506e+01
   1531.0000000000   1.3425945964e+02   0.0000000000e+00   7.1515731375e+01
   1532.0000000000   1.3438976857e+02   0.0000000000e+00   7.1589633490e+01
   1533.0000000000   1.3454006080e+02   0.0000000000e+00   7.1672288863e+01
   1534.0000000000   1.3467765279e+02   0.0000000000e+00   7.1758253977e+01
   1535.0000000000   1.3482300137e+02   0.0000000000e+00   7.1846723093e+01
   1536.0000000000   1.3496073389e+02   0.0000000000e+00   7.1937295555e+01
   1537.0000000000   1.3509629980e+02   0.0000000000e+00   7.2020044104e+01
   1538.0000000000   1.3523039353e+02   0.0000000000e+00   7.2100461054e+01
   1539.0000000000   1.3536333548e+02   0.0000000000e+00   7.2179346397e+01
   1540.0000000000   1.3549531376e+02   0.0000000000e+00   7.2257078227e+01
   1541.0000000000   1.3562645334e+02   0.0000000000e+00   7.2333879638e+01
   1542.0000000000   1.3575684390e+02   0.0000000000e+00   7.2419574833e+01
   1543.0000000000   1.3589687243e+02   0.0000000000e+00   7.2498923926e+01
   1544.0000000000   1.3603022848e+02   0.0000000000e+00   7.2576741294e+01
   1545.0000000000   1.3616200566e+02   0.0000000000e+00   7.2653537782e+01
   1546.0000000000   1.3630303877e+02   0.0000000000e+00   7.2729536363e+01
   1547.0000000000   1.3643718023e+02   0.0000000000e+00   7.2804866234e+01
   1548.0000000000   1.3656960181e+02   0.0000000000e+00   7.2879613650e+01
   1549.0000000000   1.3671118175e+02   0.0000000000e+00   7.2953841260e+01
   1550.0000000000   1.3685611810e+02   0.0000000000e+00   7.3027597139e+01
   1551.0000000000   1.3699323608e+02   0.0000000000e+00   7.3100919630e+01
   1552.0000000000   1.3712815698e+02   0.0000000000e+00   7.3173840192e+01
   1553.0000000000   1.3727193090e+02   0.0000000000e+00   7.3246385203e+01
   1554.0000000000   1.3740852484e+02   0.0000000000e+00   7.3318577167e+01
   1555.0000000000   1.3754318039e+02   0.0000000000e+00   7.3390435549e+01
   1556.0000000000   1.3767650299e+02   0.0000000000e+00   7.3461977384e+01
   1557.0000000000   1.3781908703e+02   0.0000000000e+00   7.3542894271e+01
   1558.0000000000   1.3795473127e+02   0.0000000000e+00   7.3617854692e+01
   1559.0000000000   1.3808859532e+02   0.0000000000e+00   7.3691606492e+01
   1560.0000000000   1.3822123836e+02   0.0000000000e+00   7.3764610396e+01
   1561.0000000000   1.3835290708e+02   0.0000000000e+00   7.3837050534e+01
   1562.0000000000   1.3849406427e+02   0.0000000000e+00   7.3909025297e+01
   1563.0000000000   1.3862844226e+02   0.0000000000e+00   7.3980596052e+01
   1564.0000000000   1.3877148041e+02   0.0000000000e+00   7.4051805016e+01
   1565.0000000000   1.3890734840e+02   0.0000000000e+00   7.4122683266e+01
   1566.0000000000   1.3904132532e+02   0.0000000000e+00   7.4193254838e+01
   1567.0000000000   1.3917402161e+02   0.0000000000e+00   7.4263539028e+01
   1568.0000000000   1.3930570947e+02   0.0000000000e+00   7.4343228321e+01
   1569.0000000000   1.3943654661e+02   0.0000000000e+00   7.4426667808e+01
   1570.0000000000   1.3957695651e+02   0.0000000000e+00   7.4512936503e+01
   1571.0000000000   1.3972096944e+02   0.0000000000e+00   7.4591885262e+01
   1572.0000000000   1.3985732883e+02   0.0000000000e+00   7.4678559496e+01
   1573.0000000000   1.3999160976e+02   0.0000000000e+00   7.4758335755e+01
   1574.0000000000   1.4013483367e+02   0.0000000000e+00   7.4836273773e+01
   1575.0000000000   1.4027094852e+02   0.0000000000e+00   7.4913007019e+01
   1576.0000000000   1.4040518264e+02   0.0000000000e+00   7.4988827461e+01
   1577.0000000000   1.4053813187e+02   0.0000000000e+00   7.5063906115e+01
   1578.0000000000   1.4067006430e+02   0.0000000000e+00   7.5138355917e+01
   1579.0000000000   1.4080113703e+02   0.0000000000e+00   7.5212257178e+01
   1580.0000000000   1.4095209323e+02   0.0000000000e+00   7.5285669988e+01
   1581.0000000000   1.4110060026e+02   0.0000000000e+00   7.5358641031e+01
   1582.0000000000   1.4124045280e+02   0.0000000000e+00   7.5431207641e+01
   1583.0000000000   1.4137770663e+02   0.0000000000e+00   7.5503400375e+01
   1584.0000000000   1.4153388891e+02   0.0000000000e+00   7.5575244720e+01
   1585.0000000000   1.4167667977e+02   0.0000000000e+00   7.5646762279e+01
   1586.0000000000   1.4182673413e+02   0.0000000000e+00   7.5717971604e+01
   1587.0000000000   1.4196880110e+02   0.0000000000e+00   7.5798565361e+01
   1588.0000000000   1.4210841094e+02   0.0000000000e+00   7.5873212769e+01
   1589.0000000000   1.4224631483e+02   0.0000000000e+00   7.5946662153e+01
   1590.0000000000   1.4238287459e+02   0.0000000000e+00   7.6019374540e+01
   1591.0000000000   1.4251830966e+02   0.0000000000e+00   7.6101210763e+01
   1592.0000000000   1.4265276926e+02   0.0000000000e+00   7.6176924333e+01
   1593.0000000000   1.4278636226e+02   0.0000000000e+00   7.6251312393e+01
   1594.0000000000   1.4292949111e+02   0.0000000000e+00   7.6324866920e+01
   1595.0000000000   1.4306585801e+02   0.0000000000e+00   7.6397793108e+01
   1596.0000000000   1.4321088615e+02   0.0000000000e+00   7.6470204194e+01
   1597.0000000000   1.4334873616e+02   0.0000000000e+00   7.6542172377e+01
   1598.0000000000   1.4348468204e+02   0.0000000000e+00   7.6613747985e+01
   1599.0000000000   1.4363996954e+02   0.0000000000e+00   7.6694644853e+01
   1600.0000000000   1.4379246076e+02   0.0000000000e+00   7.6769546928e+01
   1601.0000000000   1.4393604940e+02   0.0000000000e+00   7.6852889679e+01
   1602.0000000000   1.4407684944e+02   0.0000000000e+00   7.6929797033e+01
   1603.0000000000   1.4421578748e+02   0.0000000000e+00   7.7005194997e+01
   1604.0000000000   1.4436361643e+02   0.0000000000e+00   7.7079636416e+01
   1605.0000000000   1.4450422658e+02   0.0000000000e+00   7.7153360438e+01
   1606.0000000000   1.4466347414e+02   0.0000000000e+00   7.7226501384e+01
   1607.0000000000   1.4480923057e+02   0.0000000000e+00   7.7299145552e+01
   1608.0000000000   1.4495187195e+02   0.0000000000e+00   7.7381029786e+01
   1609.0000000000   1.4509252305e+02   0.0000000000e+00   7.7466530334e+01
   1610.0000000000   1.4523166850e+02   0.0000000000e+00   7.7545072537e+01
   1611.0000000000   1.4537990133e+02   0.0000000000e+00   7.7621869538e+01
   1612.0000000000   1.4552103555e+02   0.0000000000e+00   7.7697567933e+01
   1613.0000000000   1.4566024718e+02   0.0000000000e+00   7.7772450133e+01
   1614.0000000000   1.4580842919e+02   0.0000000000e+00   7.7846674568e+01
   1615.0000000000   1.4594947700e+02   0.0000000000e+00   7.7920342690e+01
   1616.0000000000   1.4608859536e+02   0.0000000000e+00   7.7993525135e+01
   1617.0000000000   1.4622636942e+02   0.0000000000e+00   7.8066274024e+01
   1618.0000000000   1.4636306294e+02   0.0000000000e+00   7.8138629489e+01
   1619.0000000000   1.4649883195e+02   0.0000000000e+00   7.8210623455e+01
   1620.0000000000   1.4664410123e+02   0.0000000000e+00   7.8282281984e+01
   1621.0000000000   1.4678258451e+02   0.0000000000e+00   7.8353626792e+01
   1622.0000000000   1.4692971129e+02   0.0000000000e+00   7.8424676293e+01
   1623.0000000000   1.4707996489e+02   0.0000000000e+00   7.8495446323e+01
   1624.0000000000   1.4723257664e+02   0.0000000000e+00   7.8565950665e+01
   1625.0000000000   1.4737684180e+02   0.0000000000e+00   7.8636201448e+01
   1626.0000000000   1.4751856187e+02   0.0000000000e+00   7.8706209436e+01
   1627.0000000000   1.4765855996e+02   0.0000000000e+00   7.8775984261e+01
   1628.0000000000   1.4779722178e+02   0.0000000000e+00   7.8845534602e+01
   1629.0000000000   1.4793477472e+02   0.0000000000e+00   7.8914868326e+01
   1630.0000000000   1.4807136986e+02   0.0000000000e+00   7.8983992606e+01
   1631.0000000000   1.4822775368e+02   0.0000000000e+00   7.9052914015e+01
   1632.0000000000   1.4837128020e+02   0.0000000000e+00   7.9121638600e+01
   1633.0000000000   1.4851211418e+02   0.0000000000e+00   7.9199848495e+01
   1634.0000000000   1.4865126695e+02   0.0000000000e+00   7.9281880496e+01
   1635.0000000000   1.4879947223e+02   0.0000000000e+00   7.9357130295e+01
   1636.0000000000   1.4894059301e+02   0.0000000000e+00   7.9430788042e+01
   1637.0000000000   1.4907982389e+02   0.0000000000e+00   7.9503482042e+01
   1638.0000000000   1.4921774536e+02   0.0000000000e+00   7.9575479863e+01
   1639.0000000000   1.4935461821e+02   0.0000000000e+00   7.9656604222e+01
   1640.0000000000   1.4949059608e+02   0.0000000000e+00   7.9741277921e+01
   1641.0000000000   1.4962578258e+02   0.0000000000e+00   7.9818953761e+01
   1642.0000000000   1.4977057251e+02   0.0000000000e+00   7.9894862052e+01
   1643.0000000000   1.4990866041e+02   0.0000000000e+00   7.9979337108e+01
   1644.0000000000   1.5004514331e+02   0.0000000000e+00   8.0057323909e+01
   1645.0000000000   1.5019085859e+02   0.0000000000e+00   8.0143398365e+01
   1646.0000000000   1.5032966069e+02   0.0000000000e+00   8.0222770413e+01
   1647.0000000000   1.5046672301e+02   0.0000000000e+00   8.0300423236e+01
   1648.0000000000   1.5060260613e+02   0.0000000000e+00   8.0376949920e+01
   1649.0000000000   1.5073755408e+02   0.0000000000e+00   8.0452619156e+01
   1650.0000000000   1.5087170673e+02   0.0000000000e+00   8.0527587665e+01
   1651.0000000000   1.5100515636e+02   0.0000000000e+00   8.0601959185e+01
   1652.0000000000   1.5114828838e+02   0.0000000000e+00   8.0675807878e+01
   1653.0000000000   1.5128478946e+02   0.0000000000e+00   8.0758866137e+01
   1654.0000000000   1.5141974999e+02   0.0000000000e+00   8.0835832714e+01
   1655.0000000000   1.5156400163e+02   0.0000000000e+00   8.0911478566e+01
   1656.0000000000   1.5170139394e+02   0.0000000000e+00   8.0986282485e+01
   1657.0000000000   1.5183709607e+02   0.0000000000e+00   8.1060442988e+01
   1658.0000000000   1.5197166486e+02   0.0000000000e+00   8.1134070104e+01
   1659.0000000000   1.5210534105e+02   0.0000000000e+00   8.1207234739e+01
   1660.0000000000   1.5224858070e+02   0.0000000000e+00   8.1279987017e+01
   1661.0000000000   1.5239542870e+02   0.0000000000e+00   8.1352364637e+01
   1662.0000000000   1.5253463546e+02   0.0000000000e+00   8.1424397226e+01
   1663.0000000000   1.5267177940e+02   0.0000000000e+00   8.1496108838e+01
   1664.0000000000   1.5280756427e+02   0.0000000000e+00   8.1567519491e+01
   1665.0000000000   1.5295262144e+02   0.0000000000e+00   8.1638646180e+01
   1666.0000000000   1.5310108405e+02   0.0000000000e+00   8.1709503555e+01
   1667.0000000000   1.5324175416e+02   0.0000000000e+00   8.1789780960e+01
   1668.0000000000   1.5338024347e+02   0.0000000000e+00   8.1893174394e+01
   1669.0000000000   1.5351727862e+02   0.0000000000e+00   8.1978394934e+01
   1670.0000000000   1.5365318840e+02   0.0000000000e+00   8.2060108867e+01
   1671.0000000000   1.5378816312e+02   0.0000000000e+00   8.2139848154e+01
   1672.0000000000   1.5393264709e+02   0.0000000000e+00   8.2218232335e+01
   1673.0000000000   1.5407036568e+02   0.0000000000e+00   8.2305265934e+01
   1674.0000000000   1.5420643638e+02   0.0000000000e+00   8.2385804125e+01
   1675.0000000000   1.5436202972e+02   0.0000000000e+00   8.2464716268e+01
   1676.0000000000   1.5450464633e+02   0.0000000000e+00   8.2542547128e+01
   1677.0000000000   1.5464451725e+02   0.0000000000e+00   8.2619541606e+01
   1678.0000000000   1.5479300730e+02   0.0000000000e+00   8.2695843579e+01
   1679.0000000000   1.5493418659e+02   0.0000000000e+00   8.2771549410e+01
   1680.0000000000   1.5507334372e+02   0.0000000000e+00   8.2846728848e+01
   1681.0000000000   1.5521110971e+02   0.0000000000e+00   8.2921435042e+01
   1682.0000000000   1.5534777546e+02   0.0000000000e+00   8.3005386545e+01
   1683.0000000000   1.5548351387e+02   0.0000000000e+00   8.3083272559e+01
   1684.0000000000   1.5561844146e+02   0.0000000000e+00   8.3169533766e+01
   1685.0000000000   1.5576296204e+02   0.0000000000e+00   8.3249299020e+01
   1686.0000000000   1.5591109565e+02   0.0000000000e+00   8.3337175423e+01
   1687.0000000000   1.5605158014e+02   0.0000000000e+00   8.3418375051e+01
   1688.0000000000   1.5618998752e+02   0.0000000000e+00   8.3497876632e+01
   1689.0000000000   1.5633733749e+02   0.0000000000e+00   8.3576267758e+01
   1690.0000000000   1.5647757710e+02   0.0000000000e+00   8.3653812082e+01
   1691.0000000000   1.5662625330e+02   0.0000000000e+00   8.3730662083e+01
   1692.0000000000   1.5676759788e+02   0.0000000000e+00   8.3806918045e+01
   1693.0000000000   1.5690692921e+02   0.0000000000e+00   8.3892327903e+01
   1694.0000000000   1.5704488420e+02   0.0000000000e+00   8.3971600372e+01
   1695.0000000000   1.5718175380e+02   0.0000000000e+00   8.4049513192e+01
   1696.0000000000   1.5732802859e+02   0.0000000000e+00   8.4126549993e+01
   1697.0000000000   1.5748809772e+02   0.0000000000e+00   8.4202912889e+01
   1698.0000000000   1.5763436687e+02   0.0000000000e+00   8.4278714678e+01
   1699.0000000000   1.5777747974e+02   0.0000000000e+00   8.4354028465e+01
   1700.0000000000   1.5791863189e+02   0.0000000000e+00   8.4438582709e+01
   1701.0000000000   1.5805833130e+02   0.0000000000e+00   8.4526748215e+01
   1702.0000000000   1.5820717853e+02   0.0000000000e+00   8.4607946750e+01
   1703.0000000000   1.5834898891e+02   0.0000000000e+00   8.4687389112e+01
   1704.0000000000   1.5848893724e+02   0.0000000000e+00   8.4765720379e+01
   1705.0000000000   1.5864823323e+02   0.0000000000e+00   8.4843222012e+01
   1706.0000000000   1.5880472482e+02   0.0000000000e+00   8.4920051886e+01
   1707.0000000000   1.5895230032e+02   0.0000000000e+00   8.4996311178e+01
   1708.0000000000   1.5909707212e+02   0.0000000000e+00   8.5072070447e+01
   1709.0000000000   1.5923996691e+02   0.0000000000e+00   8.5147381874e+01
   1710.0000000000   1.5938141939e+02   0.0000000000e+00   8.5222285755e+01
   1711.0000000000   1.5952168486e+02   0.0000000000e+00   8.5296814247e+01
   1712.0000000000   1.5966093234e+02   0.0000000000e+00   8.5370993691e+01
   1713.0000000000   1.5979928250e+02   0.0000000000e+00   8.5444846116e+01
   1714.0000000000   1.5993682619e+02   0.0000000000e+00   8.5518390270e+01
   1715.0000000000   1.6007363452e+02   0.0000000000e+00   8.5591642335e+01
   1716.0000000000   1.6022008388e+02   0.0000000000e+00   8.5664616449e+01
   1717.0000000000   1.6035985771e+02   0.0000000000e+00   8.5737325092e+01
   1718.0000000000   1.6049804607e+02   0.0000000000e+00   8.5819455924e+01
   1719.0000000000   1.6063516266e+02   0.0000000000e+00   8.5895673993e+01
   1720.0000000000   1.6077142275e+02   0.0000000000e+00   8.5970724115e+01
   1721.0000000000   1.6090694740e+02   0.0000000000e+00   8.6045064338e+01
   1722.0000000000   1.6104181601e+02   0.0000000000e+00   8.6128552944e+01
   1723.0000000000   1.6117608578e+02   0.0000000000e+00   8.6205941254e+01
   1724.0000000000   1.6130980056e+02   0.0000000000e+00   8.6282024502e+01
   1725.0000000000   1.6144299549e+02   0.0000000000e+00   8.6357293008e+01
   1726.0000000000   1.6158601873e+02   0.0000000000e+00   8.6441627053e+01
   1727.0000000000   1.6173285014e+02   0.0000000000e+00   8.6519793662e+01
   1728.0000000000   1.6187219737e+02   0.0000000000e+00   8.6596599694e+01
   1729.0000000000   1.6200960906e+02   0.0000000000e+00   8.6672544314e+01
   1730.0000000000   1.6214576728e+02   0.0000000000e+00   8.6747838159e+01
   1731.0000000000   1.6228096795e+02   0.0000000000e+00   8.6822598660e+01
   1732.0000000000   1.6242569546e+02   0.0000000000e+00   8.6896901304e+01
   1733.0000000000   1.6257401070e+02   0.0000000000e+00   8.6970799037e+01
   1734.0000000000   1.6273531192e+02   0.0000000000e+00   8.7054007800e+01
   1735.0000000000   1.6288245588e+02   0.0000000000e+00   8.7140889794e+01
   1736.0000000000   1.6304688907e+02   0.0000000000e+00   8.7220860422e+01
   1737.0000000000   1.6319715812e+02   0.0000000000e+00   8.7299125508e+01
   1738.0000000000   1.6334391497e+02   0.0000000000e+00   8.7376326078e+01
   1739.0000000000   1.6348842656e+02   0.0000000000e+00   8.7452740197e+01
   1740.0000000000   1.6363126034e+02   0.0000000000e+00   8.7528522825e+01
   1741.0000000000   1.6378306149e+02   0.0000000000e+00   8.7603772597e+01
   1742.0000000000   1.6392767868e+02   0.0000000000e+00   8.7678557818e+01
   1743.0000000000   1.6407031194e+02   0.0000000000e+00   8.7762605205e+01
   1744.0000000000   1.6421155232e+02   0.0000000000e+00   8.7840608306e+01
   1745.0000000000   1.6435167165e+02   0.0000000000e+00   8.7917333433e+01
   1746.0000000000   1.6450115288e+02   0.0000000000e+00   8.7993255268e+01
   1747.0000000000   1.6464374465e+02   0.0000000000e+00   8.8068568710e+01
   1748.0000000000   1.6478458066e+02   0.0000000000e+00   8.8143380600e+01
   1749.0000000000   1.6492420558e+02   0.0000000000e+00   8.8217759034e+01
   1750.0000000000   1.6506285763e+02   0.0000000000e+00   8.8291751651e+01
   1751.0000000000   1.6520067544e+02   0.0000000000e+00   8.8365393947e+01
   1752.0000000000   1.6534807129e+02   0.0000000000e+00   8.8448390134e+01
   1753.0000000000   1.6548874959e+02   0.0000000000e+00   8.8525417587e+01
   1754.0000000000   1.6562781347e+02   0.0000000000e+00   8.8601230559e+01
   1755.0000000000   1.6576578526e+02   0.0000000000e+00   8.8685971027e+01
   1756.0000000000   1.6591320517e+02   0.0000000000e+00   8.8764481693e+01
   1757.0000000000   1.6605383455e+02   0.0000000000e+00   8.8841599373e+01
   1758.0000000000   1.6619280607e+02   0.0000000000e+00   8.8917837268e+01
   1759.0000000000   1.6634097794e+02   0.0000000000e+00   8.8993413341e+01
   1760.0000000000   1.6648221763e+02   0.0000000000e+00   8.9068449173e+01
   1761.0000000000   1.6662170713e+02   0.0000000000e+00   8.9143022743e+01
   1762.0000000000   1.6676001281e+02   0.0000000000e+00   8.9217188575e+01
   1763.0000000000   1.6690770186e+02   0.0000000000e+00   8.9290987108e+01
   1764.0000000000   1.6704855322e+02   0.0000000000e+00   8.9364449650e+01
   1765.0000000000   1.6718771152e+02   0.0000000000e+00   8.9437601245e+01
   1766.0000000000   1.6732572438e+02   0.0000000000e+00   8.9510462443e+01
   1767.0000000000   1.6747314838e+02   0.0000000000e+00   8.9583050463e+01
   1768.0000000000   1.6761375594e+02   0.0000000000e+00   8.9665056523e+01
   1769.0000000000   1.6775268745e+02   0.0000000000e+00   8.9741148372e+01
   1770.0000000000   1.6789048757e+02   0.0000000000e+00   8.9816072903e+01
   1771.0000000000   1.6803771077e+02   0.0000000000e+00   8.9899966312e+01
   1772.0000000000   1.6817812790e+02   0.0000000000e+00   8.9977666654e+01
   1773.0000000000   1.6831687814e+02   0.0000000000e+00   9.0054006949e+01
   1774.0000000000   1.6845450518e+02   0.0000000000e+00   9.0129497239e+01
   1775.0000000000   1.6860156273e+02   0.0000000000e+00   9.0204352830e+01
   1776.0000000000   1.6874182098e+02   0.0000000000e+00   9.0278693034e+01
   1777.0000000000   1.6889073768e+02   0.0000000000e+00   9.0362270423e+01
   1778.0000000000   1.6903249220e+02   0.0000000000e+00   9.0459145980e+01
   1779.0000000000   1.6919300719e+02   0.0000000000e+00   9.0553081136e+01
   1780.0000000000   1.6934016838e+02   0.0000000000e+00   9.0638682399e+01
   1781.0000000000   1.6948435016e+02   0.0000000000e+00   9.0721783380e+01
   1782.0000000000   1.6962667056e+02   0.0000000000e+00   9.0812967831e+01
   1783.0000000000   1.6976760595e+02   0.0000000000e+00   9.0897313159e+01
   1784.0000000000   1.6991774113e+02   0.0000000000e+00   9.0979799114e+01
   1785.0000000000   1.7006088234e+02   0.0000000000e+00   9.1080386834e+01
   1786.0000000000   1.7020219846e+02   0.0000000000e+00   9.1168671230e+01
   1787.0000000000   1.7035257601e+02   0.0000000000e+00   9.1254294645e+01
   1788.0000000000   1.7049590458e+02   0.0000000000e+00   9.1338272182e+01
   1789.0000000000   1.7063738366e+02   0.0000000000e+00   9.1430712663e+01
   1790.0000000000   1.7077759363e+02   0.0000000000e+00   9.1516513718e+01
   1791.0000000000   1.7092711305e+02   0.0000000000e+00   9.1600567663e+01
   1792.0000000000   1.7106973019e+02   0.0000000000e+00   9.1702787391e+01
   1793.0000000000   1.7121059743e+02   0.0000000000e+00   9.1802415606e+01
   1794.0000000000   1.7137090705e+02   0.0000000000e+00   9.1893731708e+01
   1795.0000000000   1.7152849337e+02   0.0000000000e+00   9.1982474908e+01
   1796.0000000000   1.7167723402e+02   0.0000000000e+00   9.2069519575e+01
   1797.0000000000   1.7183355192e+02   0.0000000000e+00   9.2155277289e+01
   1798.0000000000   1.7199232205e+02   0.0000000000e+00   9.2239990400e+01
   1799.0000000000   1.7215297888e+02   0.0000000000e+00   9.2333496106e+01
   1800.0000000000   1.7231525818e+02   0.0000000000e+00   9.2420564261e+01
   1801.0000000000   1.7246867688e+02   0.0000000000e+00   9.2515693575e+01
   1802.0000000000   1.7261916333e+02   0.0000000000e+00   9.2604056466e+01
   1803.0000000000   1.7276762291e+02   0.0000000000e+00   9.2700293839e+01
   1804.0000000000   1.7291449877e+02   0.0000000000e+00   9.2789644687e+01
   1805.0000000000   1.7306006041e+02   0.0000000000e+00   9.2877109643e+01
   1806.0000000000   1.7320449095e+02   0.0000000000e+00   9.2963294440e+01
   1807.0000000000   1.7335824279e+02   0.0000000000e+00   9.3048477980e+01
   1808.0000000000   1.7352569197e+02   0.0000000000e+00   9.3132825731e+01
   1809.0000000000   1.7367924147e+02   0.0000000000e+00   9.3216449155e+01
   1810.0000000000   1.7383985592e+02   0.0000000000e+00   9.3299429358e+01
   1811.0000000000   1.7399237087e+02   0.0000000000e+00   9.3381828506e+01
   1812.0000000000   1.7417330650e+02   0.0000000000e+00   9.3463696056e+01
   1813.0000000000   1.7433433724e+02   0.0000000000e+00   9.3545072479e+01
   1814.0000000000   1.7449098376e+02   0.0000000000e+00   9.3625991620e+01
   1815.0000000000   1.7464490960e+02   0.0000000000e+00   9.3706482286e+01
   1816.0000000000   1.7479682498e+02   0.0000000000e+00   9.3786569347e+01
   1817.0000000000   1.7496776564e+02   0.0000000000e+00   9.3866274533e+01
   1818.0000000000   1.7512525938e+02   0.0000000000e+00   9.3955293565e+01
   1819.0000000000   1.7527958558e+02   0.0000000000e+00   9.4038298583e+01
   1820.0000000000   1.7543183627e+02   0.0000000000e+00   9.4120040698e+01
   1821.0000000000   1.7558248559e+02   0.0000000000e+00   9.4200983578e+01
   1822.0000000000   1.7574212505e+02   0.0000000000e+00   9.4281314016e+01
   1823.0000000000   1.7590489002e+02   0.0000000000e+00   9.4361132831e+01
   1824.0000000000   1.7606991564e+02   0.0000000000e+00   9.4440503610e+01
   1825.0000000000   1.7622646666e+02   0.0000000000e+00   9.4519470608e+01
   1826.0000000000   1.7638033698e+02   0.0000000000e+00   9.4598066787e+01
   1827.0000000000   1.7655298928e+02   0.0000000000e+00   9.4676317923e+01
   1828.0000000000   1.7672240571e+02   0.0000000000e+00   9.4763921470e+01
   1829.0000000000   1.7688255682e+02   0.0000000000e+00   9.4845549946e+01
   1830.0000000000   1.7703961026e+02   0.0000000000e+00   9.4925954031e+01
   1831.0000000000   1.7719453242e+02   0.0000000000e+00   9.5015273031e+01
   1832.0000000000   1.7734778792e+02   0.0000000000e+00   9.5098347635e+01
   1833.0000000000   1.7749965550e+02   0.0000000000e+00   9.5180013138e+01
   1834.0000000000   1.7765032305e+02   0.0000000000e+00   9.5270458132e+01
   1835.0000000000   1.7779992683e+02   0.0000000000e+00   9.5354554786e+01
   1836.0000000000   1.7794857081e+02   0.0000000000e+00   9.5437159842e+01
   1837.0000000000   1.7809633727e+02   0.0000000000e+00   9.5518800662e+01
   1838.0000000000   1.7825361230e+02   0.0000000000e+00   9.5599705698e+01
   1839.0000000000   1.7840408783e+02   0.0000000000e+00   9.5680004544e+01
   1840.0000000000   1.7855286140e+02   0.0000000000e+00   9.5759781482e+01
   1841.0000000000   1.7870045341e+02   0.0000000000e+00   9.5839096101e+01
   1842.0000000000   1.7884708510e+02   0.0000000000e+00   9.5917992999e+01
   1843.0000000000   1.7899288295e+02   0.0000000000e+00   9.5996506957e+01
   1844.0000000000   1.7914825034e+02   0.0000000000e+00   9.6074665960e+01
   1845.0000000000   1.7930720417e+02   0.0000000000e+00   9.6152493091e+01
   1846.0000000000   1.7945847879e+02   0.0000000000e+00   9.6230007769e+01
   1847.0000000000   1.7960764309e+02   0.0000000000e+00   9.6307226602e+01
   1848.0000000000   1.7976571424e+02   0.0000000000e+00   9.6384163990e+01
   1849.0000000000   1.7991663733e+02   0.0000000000e+00   9.6460832563e+01
   1850.0000000000   1.8006563879e+02   0.0000000000e+00   9.6537243514e+01
   1851.0000000000   1.8022363236e+02   0.0000000000e+00   9.6613406844e+01
   1852.0000000000   1.8037452161e+02   0.0000000000e+00   9.6689331562e+01
   1853.0000000000   1.8053383273e+02   0.0000000000e+00   9.6765025834e+01
   1854.0000000000   1.8069610566e+02   0.0000000000e+00   9.6840497109e+01
   1855.0000000000   1.8085028883e+02   0.0000000000e+00   9.6915752216e+01
   1856.0000000000   1.8100206597e+02   0.0000000000e+00   9.7000473989e+01
   1857.0000000000   1.8115220577e+02   0.0000000000e+00   9.7079323317e+01
   1858.0000000000   1.8132170266e+02   0.0000000000e+00   9.7157041403e+01
   1859.0000000000   1.8147803853e+02   0.0000000000e+00   9.7234083132e+01
   1860.0000000000   1.8164177266e+02   0.0000000000e+00   9.7310627458e+01
   1861.0000000000   1.8179760106e+02   0.0000000000e+00   9.7396444705e+01
   1862.0000000000   1.8195102186e+02   0.0000000000e+00   9.7495600269e+01
   1863.0000000000   1.8210276549e+02   0.0000000000e+00   9.7582178587e+01
   1864.0000000000   1.8225317980e+02   0.0000000000e+00   9.7666128828e+01
   1865.0000000000   1.8241279356e+02   0.0000000000e+00   9.7758222465e+01
   1866.0000000000   1.8257570424e+02   0.0000000000e+00   9.7853245489e+01
   1867.0000000000   1.8274102110e+02   0.0000000000e+00   9.7940833997e+01
   1868.0000000000   1.8290830894e+02   0.0000000000e+00   9.8036002100e+01
   1869.0000000000   1.8306698294e+02   0.0000000000e+00   9.8124131640e+01
   1870.0000000000   1.8322290593e+02   0.0000000000e+00   9.8219972298e+01
   1871.0000000000   1.8337693853e+02   0.0000000000e+00   9.8308826802e+01
   1872.0000000000   1.8352949207e+02   0.0000000000e+00   9.8405412443e+01
   1873.0000000000   1.8368081262e+02   0.0000000000e+00   9.8495016487e+01
   1874.0000000000   1.8383106563e+02   0.0000000000e+00   9.8582671661e+01
   1875.0000000000   1.8398037074e+02   0.0000000000e+00   9.8669005834e+01
   1876.0000000000   1.8412881896e+02   0.0000000000e+00   9.8763990127e+01
   1877.0000000000   1.8427648217e+02   0.0000000000e+00   9.8852456402e+01
   1878.0000000000   1.8443373784e+02   0.0000000000e+00   9.8939260228e+01
   1879.0000000000   1.8458427062e+02   0.0000000000e+00   9.9024938712e+01
   1880.0000000000   1.8473317182e+02   0.0000000000e+00   9.9109732855e+01
   1881.0000000000   1.8489127552e+02   0.0000000000e+00   9.9193784916e+01
   1882.0000000000   1.8504243435e+02   0.0000000000e+00   9.9277191019e+01
   1883.0000000000   1.8519182084e+02   0.0000000000e+00   9.9369698059e+01
   1884.0000000000   1.8535031436e+02   0.0000000000e+00   9.9465691891e+01
   1885.0000000000   1.8551211425e+02   0.0000000000e+00   9.9554606770e+01
   1886.0000000000   1.8567636624e+02   0.0000000000e+00   9.9641663999e+01
   1887.0000000000   1.8583232919e+02   0.0000000000e+00   9.9727517592e+01
   1888.0000000000   1.8599610493e+02   0.0000000000e+00   9.9812456690e+01
   1889.0000000000   1.8615214160e+02   0.0000000000e+00   9.9906322372e+01
   1890.0000000000   1.8630586801e+02   0.0000000000e+00   1.0000355324e+02
   1891.0000000000   1.8645798624e+02   0.0000000000e+00   1.0009361584e+02
   1892.0000000000   1.8660882953e+02   0.0000000000e+00   1.0018175253e+02
   1893.0000000000   1.8676891771e+02   0.0000000000e+00   1.0026863171e+02
   1894.0000000000   1.8692202309e+02   0.0000000000e+00   1.0036422931e+02
   1895.0000000000   1.8707329519e+02   0.0000000000e+00   1.0045337242e+02
   1896.0000000000   1.8723360887e+02   0.0000000000e+00   1.0054090947e+02
   1897.0000000000   1.8738684647e+02   0.0000000000e+00   1.0062737031e+02
   1898.0000000000   1.8753820284e+02   0.0000000000e+00   1.0071298930e+02
   1899.0000000000   1.8769857453e+02   0.0000000000e+00   1.0079790283e+02
   1900.0000000000   1.8785185528e+02   0.0000000000e+00   1.0088220194e+02
   1901.0000000000   1.8800324639e+02   0.0000000000e+00   1.0098530571e+02
   1902.0000000000   1.8815332909e+02   0.0000000000e+00   1.0107657473e+02
   1903.0000000000   1.8830236332e+02   0.0000000000e+00   1.0116552075e+02
   1904.0000000000   1.8845050155e+02   0.0000000000e+00   1.0125307634e+02
   1905.0000000000   1.8859784622e+02   0.0000000000e+00   1.0133961749e+02
   1906.0000000000   1.8874447204e+02   0.0000000000e+00   1.0142534637e+02
   1907.0000000000   1.8889043655e+02   0.0000000000e+00   1.0152006598e+02
   1908.0000000000   1.8903578584e+02   0.0000000000e+00   1.0160851829e+02
   1909.0000000000   1.8920119604e+02   0.0000000000e+00   1.0169550283e+02
   1910.0000000000   1.8935397142e+02   0.0000000000e+00   1.0178151843e+02
   1911.0000000000   1.8950423998e+02   0.0000000000e+00   1.0186677830e+02
   1912.0000000000   1.8965298505e+02   0.0000000000e+00   1.0195140370e+02
   1913.0000000000   1.8980059931e+02   0.0000000000e+00   1.0203547437e+02
   1914.0000000000   1.8994729211e+02   0.0000000000e+00   1.0211904757e+02
   1915.0000000000   1.9010351257e+02   0.0000000000e+00   1.0220216694e+02
   1916.0000000000   1.9025298581e+02   0.0000000000e+00   1.0228486710e+02
   1917.0000000000   1.9040082716e+02   0.0000000000e+00   1.0236717637e+02
   1918.0000000000   1.9055788543e+02   0.0000000000e+00   1.0244911851e+02
   1919.0000000000   1.9073897963e+02   0.0000000000e+00   1.0253071378e+02
   1920.0000000000   1.9090019637e+02   0.0000000000e+00   1.0261197977e+02
   1921.0000000000   1.9105725018e+02   0.0000000000e+00   1.0269293188e+02
   1922.0000000000   1.9121182632e+02   0.0000000000e+00   1.0277358380e+02
   1923.0000000000   1.9137494256e+02   0.0000000000e+00   1.0285394776e+02
   1924.0000000000   1.9153061405e+02   0.0000000000e+00   1.0293403478e+02
   1925.0000000000   1.9168412772e+02   0.0000000000e+00   1.0301385486e+02
   1926.0000000000   1.9183612476e+02   0.0000000000e+00   1.0309341715e+02
   1927.0000000000   1.9199722715e+02   0.0000000000e+00   1.0317273002e+02
   1928.0000000000   1.9215125513e+02   0.0000000000e+00   1.0326147773e+02
   1929.0000000000   1.9231370440e+02   0.0000000000e+00   1.0334432250e+02
   1930.0000000000   1.9246878395e+02   0.0000000000e+00   1.0342600677e+02
   1931.0000000000   1.9262180189e+02   0.0000000000e+00   1.0350698657e+02
   1932.0000000000   1.9278370996e+02   0.0000000000e+00   1.0358744192e+02
   1933.0000000000   1.9293843404e+02   0.0000000000e+00   1.0366746760e+02
   1934.0000000000   1.9309119626e+02   0.0000000000e+00   1.0375679834e+02
   1935.0000000000   1.9324259237e+02   0.0000000000e+00   1.0384012859e+02
   1936.0000000000   1.9339289294e+02   0.0000000000e+00   1.0392222271e+02
   1937.0000000000   1.9354225850e+02   0.0000000000e+00   1.0400355231e+02
   1938.0000000000   1.9369079779e+02   0.0000000000e+00   1.0410366200e+02
   1939.0000000000   1.9384890965e+02   0.0000000000e+00   1.0419196540e+02
   1940.0000000000   1.9400029182e+02   0.0000000000e+00   1.0427799900e+02
   1941.0000000000   1.9415004401e+02   0.0000000000e+00   1.0436270720e+02
   1942.0000000000   1.9429868670e+02   0.0000000000e+00   1.0444647129e+02
   1943.0000000000   1.9444644008e+02   0.0000000000e+00   1.0452949522e+02
   1944.0000000000   1.9460374797e+02   0.0000000000e+00   1.0461190528e+02
   1945.0000000000   1.9476464783e+02   0.0000000000e+00   1.0469378710e+02
   1946.0000000000   1.9491788547e+02   0.0000000000e+00   1.0477520252e+02
   1947.0000000000   1.9506903650e+02   0.0000000000e+00   1.0486587485e+02
   1948.0000000000   1.9521880303e+02   0.0000000000e+00   1.0495049576e+02
   1949.0000000000   1.9537781553e+02   0.0000000000e+00   1.0503383050e+02
   1950.0000000000   1.9552988766e+02   0.0000000000e+00   1.0511635318e+02
   1951.0000000000   1.9568018531e+02   0.0000000000e+00   1.0520793490e+02
   1952.0000000000   1.9582927007e+02   0.0000000000e+00   1.0529333743e+02
   1953.0000000000   1.9597738919e+02   0.0000000000e+00   1.0537736459e+02
   1954.0000000000   1.9612468608e+02   0.0000000000e+00   1.0546051385e+02
   1955.0000000000   1.9628157534e+02   0.0000000000e+00   1.0554299499e+02
   1956.0000000000   1.9643176224e+02   0.0000000000e+00   1.0562492508e+02
   1957.0000000000   1.9658034998e+02   0.0000000000e+00   1.0570637957e+02
   1958.0000000000   1.9672786040e+02   0.0000000000e+00   1.0578741159e+02
   1959.0000000000   1.9688483300e+02   0.0000000000e+00   1.0586806081e+02
   1960.0000000000   1.9703502821e+02   0.0000000000e+00   1.0594835820e+02
   1961.0000000000   1.9718357772e+02   0.0000000000e+00   1.0602832869e+02
   1962.0000000000   1.9733101967e+02   0.0000000000e+00   1.0610799288e+02
   1963.0000000000   1.9749822260e+02   0.0000000000e+00   1.0618736815e+02
   1964.0000000000   1.9765258953e+02   0.0000000000e+00   1.0626646937e+02
   1965.0000000000   1.9780430673e+02   0.0000000000e+00   1.0634530948e+02
   1966.0000000000   1.9795439507e+02   0.0000000000e+00   1.0642389982e+02
   1967.0000000000   1.9811359194e+02   0.0000000000e+00   1.0650225050e+02
   1968.0000000000   1.9826576107e+02   0.0000000000e+00   1.0659004706e+02
   1969.0000000000   1.9841609624e+02   0.0000000000e+00   1.0667195271e+02
   1970.0000000000   1.9857549542e+02   0.0000000000e+00   1.0676238718e+02
   1971.0000000000   1.9872785350e+02   0.0000000000e+00   1.0685613866e+02
   1972.0000000000   1.9888869129e+02   0.0000000000e+00   1.0694277845e+02
   1973.0000000000   1.9904222599e+02   0.0000000000e+00   1.0702758726e+02
   1974.0000000000   1.9919376721e+02   0.0000000000e+00   1.0712092407e+02
   1975.0000000000   1.9934394620e+02   0.0000000000e+00   1.0721742359e+02
   1976.0000000000   1.9950336921e+02   0.0000000000e+00   1.0730664775e+02
   1977.0000000000   1.9965584116e+02   0.0000000000e+00   1.0739389161e+02
   1978.0000000000   1.9980652521e+02   0.0000000000e+00   1.0747985510e+02
   1979.0000000000   1.9995598272e+02   0.0000000000e+00   1.0756485737e+02
   1980.0000000000   2.0011478089e+02   0.0000000000e+00   1.0764908327e+02
   1981.0000000000   2.0026670053e+02   0.0000000000e+00   1.0773265393e+02
   1982.0000000000   2.0041688881e+02   0.0000000000e+00   1.0781565500e+02
   1983.0000000000   2.0056589597e+02   0.0000000000e+00   1.0790782688e+02
   1984.0000000000   2.0071396202e+02   0.0000000000e+00   1.0799387414e+02
   1985.0000000000   2.0086122558e+02   0.0000000000e+00   1.0807857206e+02
   1986.0000000000   2.0100777889e+02   0.0000000000e+00   1.0816240277e+02
   1987.0000000000   2.0115368881e+02   0.0000000000e+00   1.0825524393e+02
   1988.0000000000   2.0130932569e+02   0.0000000000e+00   1.0834186272e+02
   1989.0000000000   2.0145836660e+02   0.0000000000e+00   1.0842706754e+02
   1990.0000000000   2.0161621457e+02   0.0000000000e+00   1.0851135975e+02
   1991.0000000000   2.0176701376e+02   0.0000000000e+00   1.0859495245e+02
   1992.0000000000   2.0192634362e+02   0.0000000000e+00   1.0867796563e+02
   1993.0000000000   2.0207843640e+02   0.0000000000e+00   1.0876047725e+02
   1994.0000000000   2.0222860336e+02   0.0000000000e+00   1.0884254265e+02
   1995.0000000000   2.0237747291e+02   0.0000000000e+00   1.0892420348e+02
   1996.0000000000   2.0252532792e+02   0.0000000000e+00   1.0900549243e+02
   1997.0000000000   2.0267233260e+02   0.0000000000e+00   1.0908643601e+02
   1998.0000000000   2.0281859544e+02   0.0000000000e+00   1.0917673274e+02
   1999.0000000000   2.0297451314e+02   0.0000000000e+00   1.0926105633e+02
   2000.0000000000   2.0314441866e+02   0.0000000000e+00   1.0935383512e+02
   2001.0000000000   2.0331099971e+02   0.0000000000e+00   1.0945954107e+02
   2002.0000000000   2.0348914821e+02   0.0000000000e+00   1.0955240665e+02
   2003.0000000000   2.0365236295e+02   0.0000000000e+00   1.0964245361e+02
   2004.0000000000   2.0381171736e+02   0.0000000000e+00   1.0973081875e+02
   2005.0000000000   2.0397894553e+02   0.0000000000e+00   1.0981798336e+02
   2006.0000000000   2.0414863939e+02   0.0000000000e+00   1.0990421132e+02
   2007.0000000000   2.0430984925e+02   0.0000000000e+00   1.0999934475e+02
   2008.0000000000   2.0446834050e+02   0.0000000000e+00   1.1008815188e+02
   2009.0000000000   2.0463526238e+02   0.0000000000e+00   1.1017545051e+02
   2010.0000000000   2.0480497272e+02   0.0000000000e+00   1.1026175259e+02
   2011.0000000000   2.0496640316e+02   0.0000000000e+00   1.1035695752e+02
   2012.0000000000   2.0512525113e+02   0.0000000000e+00   1.1044584885e+02
   2013.0000000000   2.0528230475e+02   0.0000000000e+00   1.1053324759e+02
   2014.0000000000   2.0543793917e+02   0.0000000000e+00   1.1061966508e+02
   2015.0000000000   2.0560270007e+02   0.0000000000e+00   1.1070532243e+02
   2016.0000000000   2.0576037793e+02   0.0000000000e+00   1.1079034618e+02
   2017.0000000000   2.0591613618e+02   0.0000000000e+00   1.1087481972e+02
   2018.0000000000   2.0607054168e+02   0.0000000000e+00   1.1095880296e+02
   2019.0000000000   2.0623416883e+02   0.0000000000e+00   1.1104234141e+02
   2020.0000000000   2.0640112513e+02   0.0000000000e+00   1.1112547109e+02
   2021.0000000000   2.0656020123e+02   0.0000000000e+00   1.1120822137e+02
   2022.0000000000   2.0671700456e+02   0.0000000000e+00   1.1129061675e+02
   2023.0000000000   2.0688258033e+02   0.0000000000e+00   1.1137267805e+02
   2024.0000000000   2.0704089498e+02   0.0000000000e+00   1.1146409979e+02
   2025.0000000000   2.0721782984e+02   0.0000000000e+00   1.1154955272e+02
   2026.0000000000   2.0738126527e+02   0.0000000000e+00   1.1163378647e+02
   2027.0000000000   2.0755189931e+02   0.0000000000e+00   1.1171726323e+02
   2028.0000000000   2.0772481256e+02   0.0000000000e+00   1.1180016829e+02
   2029.0000000000   2.0790981389e+02   0.0000000000e+00   1.1188260102e+02
   2030.0000000000   2.0809029796e+02   0.0000000000e+00   1.1196462356e+02
   2031.0000000000   2.0827116325e+02   0.0000000000e+00   1.1205595536e+02
   2032.0000000000   2.0844246185e+02   0.0000000000e+00   1.1214128310e+02
   2033.0000000000   2.0861034090e+02   0.0000000000e+00   1.1222536711e+02
   2034.0000000000   2.0877582307e+02   0.0000000000e+00   1.1231835346e+02
   2035.0000000000   2.0893942404e+02   0.0000000000e+00   1.1240508776e+02
   2036.0000000000   2.0911178140e+02   0.0000000000e+00   1.1250008548e+02
   2037.0000000000   2.0928706872e+02   0.0000000000e+00   1.1258851648e+02
   2038.0000000000   2.0945413222e+02   0.0000000000e+00   1.1267533576e+02
   2039.0000000000   2.0961862429e+02   0.0000000000e+00   1.1276111572e+02
   2040.0000000000   2.0978130744e+02   0.0000000000e+00   1.1285578593e+02
   2041.0000000000   2.0995286071e+02   0.0000000000e+00   1.1294414600e+02
   2042.0000000000   2.1011713762e+02   0.0000000000e+00   1.1303102583e+02
   2043.0000000000   2.1027933721e+02   0.0000000000e+00   1.1311694162e+02
   2044.0000000000   2.1044004905e+02   0.0000000000e+00   1.1320211712e+02
   2045.0000000000   2.1059954429e+02   0.0000000000e+00   1.1328668012e+02
   2046.0000000000   2.1075798690e+02   0.0000000000e+00   1.1338039101e+02
   2047.0000000000   2.1091549031e+02   0.0000000000e+00   1.1347764122e+02
   2048.0000000000   2.1107213933e+02   0.0000000000e+00   1.1356786679e+02
   2049.0000000000   2.1122800072e+02   0.0000000000e+00   1.1365628881e+02
   2050.0000000000   2.1138312892e+02   0.0000000000e+00   1.1374356008e+02
   2051.0000000000   2.1154788856e+02   0.0000000000e+00   1.1382996801e+02
   2052.0000000000   2.1170595464e+02   0.0000000000e+00   1.1391567513e+02
   2053.0000000000   2.1186241110e+02   0.0000000000e+00   1.1400078633e+02
   2054.0000000000   2.1201776724e+02   0.0000000000e+00   1.1408537520e+02
   2055.0000000000   2.1217223511e+02   0.0000000000e+00   1.1416949640e+02
   2056.0000000000   2.1232593346e+02   0.0000000000e+00   1.1425319227e+02
   2057.0000000000   2.1247894008e+02   0.0000000000e+00   1.1433649668e+02
   2058.0000000000   2.1263131104e+02   0.0000000000e+00   1.1441943743e+02
   2059.0000000000   2.1278308948e+02   0.0000000000e+00   1.1451171433e+02
   2060.0000000000   2.1293431011e+02   0.0000000000e+00   1.1459800225e+02
   2061.0000000000   2.1309532091e+02   0.0000000000e+00   1.1468305406e+02
   2062.0000000000   2.1324978263e+02   0.0000000000e+00   1.1476733455e+02
   2063.0000000000   2.1340276693e+02   0.0000000000e+00   1.1485103113e+02
   2064.0000000000   2.1355477241e+02   0.0000000000e+00   1.1493424487e+02
   2065.0000000000   2.1371632084e+02   0.0000000000e+00   1.1501703936e+02
   2066.0000000000   2.1388147792e+02   0.0000000000e+00   1.1510913522e+02
   2067.0000000000   2.1404931957e+02   0.0000000000e+00   1.1519522015e+02
   2068.0000000000   2.1420906144e+02   0.0000000000e+00   1.1528973185e+02
   2069.0000000000   2.1436645659e+02   0.0000000000e+00   1.1537779566e+02
   2070.0000000000   2.1452229528e+02   0.0000000000e+00   1.1546433851e+02
   2071.0000000000   2.1468725843e+02   0.0000000000e+00   1.1554991392e+02
   2072.0000000000   2.1484519124e+02   0.0000000000e+00   1.1563476155e+02
   2073.0000000000   2.1500128055e+02   0.0000000000e+00   1.1571901610e+02
   2074.0000000000   2.1515610250e+02   0.0000000000e+00   1.1580276422e+02
   2075.0000000000   2.1532023392e+02   0.0000000000e+00   1.1588606647e+02
   2076.0000000000   2.1547746206e+02   0.0000000000e+00   1.1596896776e+02
   2077.0000000000   2.1563293856e+02   0.0000000000e+00   1.1605150279e+02
   2078.0000000000   2.1579753587e+02   0.0000000000e+00   1.1613369927e+02
   2079.0000000000   2.1595513237e+02   0.0000000000e+00   1.1621557990e+02
   2080.0000000000   2.1611091858e+02   0.0000000000e+00   1.1629716369e+02
   2081.0000000000   2.1627578674e+02   0.0000000000e+00   1.1638814334e+02
   2082.0000000000   2.1643362652e+02   0.0000000000e+00   1.1648286440e+02
   2083.0000000000   2.1659995453e+02   0.0000000000e+00   1.1657072995e+02
   2084.0000000000   2.1675898464e+02   0.0000000000e+00   1.1667628946e+02
   2085.0000000000   2.1691602390e+02   0.0000000000e+00   1.1676948676e+02
   2086.0000000000   2.1707170154e+02   0.0000000000e+00   1.1686006565e+02
   2087.0000000000   2.1722630317e+02   0.0000000000e+00   1.1695875261e+02
   2088.0000000000   2.1737999634e+02   0.0000000000e+00   1.1705064593e+02
   2089.0000000000   2.1753289295e+02   0.0000000000e+00   1.1714072525e+02
   2090.0000000000   2.1768507389e+02   0.0000000000e+00   1.1722959404e+02
   2091.0000000000   2.1784691991e+02   0.0000000000e+00   1.1731753192e+02
   2092.0000000000   2.1800211603e+02   0.0000000000e+00   1.1741438142e+02
   2093.0000000000   2.1816607152e+02   0.0000000000e+00   1.1750490882e+02
   2094.0000000000   2.1832293552e+02   0.0000000000e+00   1.1759393013e+02
   2095.0000000000   2.1847797247e+02   0.0000000000e+00   1.1768195594e+02
   2096.0000000000   2.1863178183e+02   0.0000000000e+00   1.1776920822e+02
   2097.0000000000   2.1879494653e+02   0.0000000000e+00   1.1785581482e+02
   2098.0000000000   2.1895125377e+02   0.0000000000e+00   1.1794186060e+02
   2099.0000000000   2.1910585293e+02   0.0000000000e+00   1.1803708337e+02
   2100.0000000000   2.1925929442e+02   0.0000000000e+00   1.1812618495e+02
   2101.0000000000   2.1941181748e+02   0.0000000000e+00   1.1822361481e+02
   2102.0000000000   2.1957387860e+02   0.0000000000e+00   1.1831450817e+02
   2103.0000000000   2.1973952384e+02   0.0000000000e+00   1.1840380042e+02
   2104.0000000000   2.1989750501e+02   0.0000000000e+00   1.1849205229e+02
   2105.0000000000   2.2005340197e+02   0.0000000000e+00   1.1857950970e+02
   2106.0000000000   2.2020791986e+02   0.0000000000e+00   1.1866631282e+02
   2107.0000000000   2.2038201038e+02   0.0000000000e+00   1.1875255308e+02
   2108.0000000000   2.2054312488e+02   0.0000000000e+00   1.1883829527e+02
   2109.0000000000   2.2070148061e+02   0.0000000000e+00   1.1892358805e+02
   2110.0000000000   2.2085811962e+02   0.0000000000e+00   1.1900846945e+02
   2111.0000000000   2.2102379459e+02   0.0000000000e+00   1.1909297019e+02
   2112.0000000000   2.2119269977e+02   0.0000000000e+00   1.1917711567e+02
   2113.0000000000   2.2136399294e+02   0.0000000000e+00   1.1927060385e+02
   2114.0000000000   2.2153726541e+02   0.0000000000e+00   1.1935810817e+02
   2115.0000000000   2.2170194764e+02   0.0000000000e+00   1.1944438037e+02
   2116.0000000000   2.2186391146e+02   0.0000000000e+00   1.1953956088e+02
   2117.0000000000   2.2202402285e+02   0.0000000000e+00   1.1962849142e+02
   2118.0000000000   2.2218269622e+02   0.0000000000e+00   1.1971600829e+02
   2119.0000000000   2.2234017933e+02   0.0000000000e+00   1.1980262442e+02
   2120.0000000000   2.2249663835e+02   0.0000000000e+00   1.1988855774e+02
   2121.0000000000   2.2265219304e+02   0.0000000000e+00   1.2000295955e+02
   2122.0000000000   2.2281725324e+02   0.0000000000e+00   1.2009987322e+02
   2123.0000000000   2.2297552641e+02   0.0000000000e+00   1.2019356092e+02
   2124.0000000000   2.2313212045e+02   0.0000000000e+00   1.2028541294e+02
   2125.0000000000   2.2328756277e+02   0.0000000000e+00   1.2038566018e+02
   2126.0000000000   2.2344207932e+02   0.0000000000e+00   1.2047925120e+02
   2127.0000000000   2.2359579970e+02   0.0000000000e+00   1.2057110198e+02
   2128.0000000000   2.2375912932e+02   0.0000000000e+00   1.2066178370e+02
   2129.0000000000   2.2391576719e+02   0.0000000000e+00   1.2075155774e+02
   2130.0000000000   2.2407081218e+02   0.0000000000e+00   1.2084057899e+02
   2131.0000000000   2.2422478311e+02   0.0000000000e+00   1.2092895159e+02
   2132.0000000000   2.2440885551e+02   0.0000000000e+00   1.2101675110e+02
   2133.0000000000   2.2457406059e+02   0.0000000000e+00   1.2110403509e+02
   2134.0000000000   2.2474594862e+02   0.0000000000e+00   1.2120052565e+02
   2135.0000000000   2.2490965258e+02   0.0000000000e+00   1.2129091486e+02
   2136.0000000000   2.2507082421e+02   0.0000000000e+00   1.2137996923e+02
   2137.0000000000   2.2523026428e+02   0.0000000000e+00   1.2146816457e+02
   2138.0000000000   2.2538835735e+02   0.0000000000e+00   1.2155569738e+02
   2139.0000000000   2.2554533381e+02   0.0000000000e+00   1.2164267633e+02
   2140.0000000000   2.2571166724e+02   0.0000000000e+00   1.2172917143e+02
   2141.0000000000   2.2589174316e+02   0.0000000000e+00   1.2181523226e+02
   2142.0000000000   2.2606828730e+02   0.0000000000e+00   1.2190089619e+02
   2143.0000000000   2.2623558202e+02   0.0000000000e+00   1.2198619270e+02
   2144.0000000000   2.2639987612e+02   0.0000000000e+00   1.2207114585e+02
   2145.0000000000   2.2656216023e+02   0.0000000000e+00   1.2215577573e+02
   2146.0000000000   2.2672290440e+02   0.0000000000e+00   1.2224009949e+02
   2147.0000000000   2.2688238565e+02   0.0000000000e+00   1.2232413199e+02
   2148.0000000000   2.2704078735e+02   0.0000000000e+00   1.2240788628e+02
   2149.0000000000   2.2720855934e+02   0.0000000000e+00   1.2249137394e+02
   2150.0000000000   2.2737975504e+02   0.0000000000e+00   1.2257460533e+02
   2151.0000000000   2.2754313748e+02   0.0000000000e+00   1.2265758980e+02
   2152.0000000000   2.2771461735e+02   0.0000000000e+00   1.2274033585e+02
   2153.0000000000   2.2787854703e+02   0.0000000000e+00   1.2282285125e+02
   2154.0000000000   2.2804030048e+02   0.0000000000e+00   1.2290514312e+02
   2155.0000000000   2.2820054557e+02   0.0000000000e+00   1.2298721806e+02
   2156.0000000000   2.2835959298e+02   0.0000000000e+00   1.2306908215e+02
   2157.0000000000   2.2851762788e+02   0.0000000000e+00   1.2316041761e+02
   2158.0000000000   2.2868509440e+02   0.0000000000e+00   1.2324588479e+02
   2159.0000000000   2.2884571980e+02   0.0000000000e+00   1.2333022444e+02
   2160.0000000000   2.2900462425e+02   0.0000000000e+00   1.2341389105e+02
   2161.0000000000   2.2916234315e+02   0.0000000000e+00   1.2349706322e+02
   2162.0000000000   2.2932942704e+02   0.0000000000e+00   1.2357983445e+02
   2163.0000000000   2.2949996463e+02   0.0000000000e+00   1.2366226171e+02
   2164.0000000000   2.2966273152e+02   0.0000000000e+00   1.2374438326e+02
   2165.0000000000   2.2982332276e+02   0.0000000000e+00   1.2382622664e+02
   2166.0000000000   2.2998245418e+02   0.0000000000e+00   1.2390781264e+02
   2167.0000000000   2.3014044738e+02   0.0000000000e+00   1.2398915764e+02
   2168.0000000000   2.3029748782e+02   0.0000000000e+00   1.2407995146e+02
   2169.0000000000   2.3045369748e+02   0.0000000000e+00   1.2416486019e+02
   2170.0000000000   2.3060916342e+02   0.0000000000e+00   1.2424862899e+02
   2171.0000000000   2.3076395142e+02   0.0000000000e+00   1.2433171580e+02
   2172.0000000000   2.3091811325e+02   0.0000000000e+00   1.2441430192e+02
   2173.0000000000   2.3108201006e+02   0.0000000000e+00   1.2449648301e+02
   2174.0000000000   2.3123931295e+02   0.0000000000e+00   1.2457831775e+02
   2175.0000000000   2.3139510187e+02   0.0000000000e+00   1.2465984581e+02
   2176.0000000000   2.3157052032e+02   0.0000000000e+00   1.2474109584e+02
   2177.0000000000   2.3173304871e+02   0.0000000000e+00   1.2482208956e+02
   2178.0000000000   2.3189290262e+02   0.0000000000e+00   1.2490284408e+02
   2179.0000000000   2.3205111571e+02   0.0000000000e+00   1.2498337328e+02
   2180.0000000000   2.3220811232e+02   0.0000000000e+00   1.2506368870e+02
   2181.0000000000   2.3236412298e+02   0.0000000000e+00   1.2514380009e+02
   2182.0000000000   2.3251929264e+02   0.0000000000e+00   1.2523339241e+02
   2183.0000000000   2.3268404020e+02   0.0000000000e+00   1.2531712807e+02
   2184.0000000000   2.3284207496e+02   0.0000000000e+00   1.2539974935e+02
   2185.0000000000   2.3300882248e+02   0.0000000000e+00   1.2548171188e+02
   2186.0000000000   2.3316844328e+02   0.0000000000e+00   1.2556319512e+02
   2187.0000000000   2.3332620992e+02   0.0000000000e+00   1.2564429315e+02
   2188.0000000000   2.3348272790e+02   0.0000000000e+00   1.2572506337e+02
   2189.0000000000   2.3364858468e+02   0.0000000000e+00   1.2580554432e+02
   2190.0000000000   2.3380757093e+02   0.0000000000e+00   1.2589544022e+02
   2191.0000000000   2.3396483873e+02   0.0000000000e+00   1.2597942705e+02
   2192.0000000000   2.3412094065e+02   0.0000000000e+00   1.2606225694e+02
   2193.0000000000   2.3428643672e+02   0.0000000000e+00   1.2614439298e+02
   2194.0000000000   2.3444510185e+02   0.0000000000e+00   1.2623569687e+02
   2195.0000000000   2.3460207828e+02   0.0000000000e+00   1.2632092228e+02
   2196.0000000000   2.3476823115e+02   0.0000000000e+00   1.2641454254e+02
   2197.0000000000   2.3492743305e+02   0.0000000000e+00   1.2651138059e+02
   2198.0000000000   2.3511582705e+02   0.0000000000e+00   1.2661070818e+02
   2199.0000000000   2.3529520992e+02   0.0000000000e+00   1.2670247828e+02
   2200.0000000000   2.3546461891e+02   0.0000000000e+00   1.2680179844e+02
   2201.0000000000   2.3563068796e+02   0.0000000000e+00   1.2690376299e+02
   2202.0000000000   2.3579454994e+02   0.0000000000e+00   1.2699811564e+02
   2203.0000000000   2.3596706458e+02   0.0000000000e+00   1.2709024686e+02
   2204.0000000000   2.3613218562e+02   0.0000000000e+00   1.2718091447e+02
   2205.0000000000   2.3629517222e+02   0.0000000000e+00   1.2727047612e+02
   2206.0000000000   2.3645665186e+02   0.0000000000e+00   1.2735914392e+02
   2207.0000000000   2.3662723946e+02   0.0000000000e+00   1.2744705911e+02
   2208.0000000000   2.3679075159e+02   0.0000000000e+00   1.2753432278e+02
   2209.0000000000   2.3695236303e+02   0.0000000000e+00   1.2762101091e+02
   2210.0000000000   2.3711264580e+02   0.0000000000e+00   1.2771685924e+02
   2211.0000000000   2.3727185749e+02   0.0000000000e+00   1.2780657027e+02
   2212.0000000000   2.3744047019e+02   0.0000000000e+00   1.2789491864e+02
   2213.0000000000   2.3762286243e+02   0.0000000000e+00   1.2798238659e+02
   2214.0000000000   2.3779143364e+02   0.0000000000e+00   1.2806917579e+02
   2215.0000000000   2.3795682391e+02   0.0000000000e+00   1.2815539909e+02
   2216.0000000000   2.3812022679e+02   0.0000000000e+00   1.2824112995e+02
   2217.0000000000   2.3828214922e+02   0.0000000000e+00   1.2833609731e+02
   2218.0000000000   2.3844287230e+02   0.0000000000e+00   1.2842499601e+02
   2219.0000000000   2.3861289438e+02   0.0000000000e+00   1.2851259329e+02
   2220.0000000000   2.3877597640e+02   0.0000000000e+00   1.2859936471e+02
   2221.0000000000   2.3893726094e+02   0.0000000000e+00   1.2868550602e+02
   2222.0000000000   2.3909729904e+02   0.0000000000e+00   1.2877112494e+02
   2223.0000000000   2.3927697170e+02   0.0000000000e+00   1.2885629040e+02
   2224.0000000000   2.3944369321e+02   0.0000000000e+00   1.2895072745e+02
   2225.0000000000   2.3960765985e+02   0.0000000000e+00   1.2903912749e+02
   2226.0000000000   2.3976990128e+02   0.0000000000e+00   1.2912625480e+02
   2227.0000000000   2.3993084355e+02   0.0000000000e+00   1.2921258232e+02
   2228.0000000000   2.4009072111e+02   0.0000000000e+00   1.2929830349e+02
   2229.0000000000   2.4024968349e+02   0.0000000000e+00   1.2938352398e+02
   2230.0000000000   2.4040783523e+02   0.0000000000e+00   1.2947798750e+02
   2231.0000000000   2.4056525408e+02   0.0000000000e+00   1.2956639601e+02
   2232.0000000000   2.4072200049e+02   0.0000000000e+00   1.2965352021e+02
   2233.0000000000   2.4088844215e+02   0.0000000000e+00   1.2973983714e+02
   2234.0000000000   2.4104825533e+02   0.0000000000e+00   1.2983521955e+02
   2235.0000000000   2.4120652408e+02   0.0000000000e+00   1.2992443004e+02
   2236.0000000000   2.4136375709e+02   0.0000000000e+00   1.3002194942e+02
   2237.0000000000   2.4152016532e+02   0.0000000000e+00   1.3011293041e+02
   2238.0000000000   2.4168618527e+02   0.0000000000e+00   1.3020231862e+02
   2239.0000000000   2.4184552931e+02   0.0000000000e+00   1.3029068094e+02
   2240.0000000000   2.4200330217e+02   0.0000000000e+00   1.3037826699e+02
   2241.0000000000   2.4216002502e+02   0.0000000000e+00   1.3046521913e+02
   2242.0000000000   2.4231591674e+02   0.0000000000e+00   1.3055163002e+02
   2243.0000000000   2.4248141891e+02   0.0000000000e+00   1.3064724164e+02
   2244.0000000000   2.4265056636e+02   0.0000000000e+00   1.3073675789e+02
   2245.0000000000   2.4281210218e+02   0.0000000000e+00   1.3082495257e+02
   2246.0000000000   2.4297159932e+02   0.0000000000e+00   1.3092198253e+02
   2247.0000000000   2.4312975732e+02   0.0000000000e+00   1.3101270213e+02
   2248.0000000000   2.4328688514e+02   0.0000000000e+00   1.3110195752e+02
   2249.0000000000   2.4345347716e+02   0.0000000000e+00   1.3119026952e+02
   2250.0000000000   2.4362360211e+02   0.0000000000e+00   1.3127786241e+02
   2251.0000000000   2.4378602632e+02   0.0000000000e+00   1.3136486308e+02
   2252.0000000000   2.4395665849e+02   0.0000000000e+00   1.3145135404e+02
   2253.0000000000   2.4411984673e+02   0.0000000000e+00   1.3153739367e+02
   2254.0000000000   2.4429127886e+02   0.0000000000e+00   1.3162302578e+02
   2255.0000000000   2.4445525344e+02   0.0000000000e+00   1.3170828461e+02
   2256.0000000000   2.4462744512e+02   0.0000000000e+00   1.3179319780e+02
   2257.0000000000   2.4479214979e+02   0.0000000000e+00   1.3187778817e+02
   2258.0000000000   2.4495472376e+02   0.0000000000e+00   1.3197175154e+02
   2259.0000000000   2.4511582865e+02   0.0000000000e+00   1.3205975946e+02
   2260.0000000000   2.4527577264e+02   0.0000000000e+00   1.3214656206e+02
   2261.0000000000   2.4543473976e+02   0.0000000000e+00   1.3223262177e+02
   2262.0000000000   2.4559285429e+02   0.0000000000e+00   1.3231812397e+02
   2263.0000000000   2.4576052579e+02   0.0000000000e+00   1.3240316801e+02
   2264.0000000000   2.4594209781e+02   0.0000000000e+00   1.3248781594e+02
   2265.0000000000   2.4612026694e+02   0.0000000000e+00   1.3257211050e+02
   2266.0000000000   2.4628929441e+02   0.0000000000e+00   1.3265608311e+02
   2267.0000000000   2.4646573223e+02   0.0000000000e+00   1.3274943462e+02
   2268.0000000000   2.4663419493e+02   0.0000000000e+00   1.3284651610e+02
   2269.0000000000   2.4680019314e+02   0.0000000000e+00   1.3293673445e+02
   2270.0000000000   2.4696447582e+02   0.0000000000e+00   1.3302528884e+02
   2271.0000000000   2.4712740578e+02   0.0000000000e+00   1.3311281495e+02
   2272.0000000000   2.4728920378e+02   0.0000000000e+00   1.3319958651e+02
   2273.0000000000   2.4745002015e+02   0.0000000000e+00   1.3329543143e+02
   2274.0000000000   2.4762028372e+02   0.0000000000e+00   1.3338510038e+02
   2275.0000000000   2.4778371460e+02   0.0000000000e+00   1.3347339494e+02
   2276.0000000000   2.4794542958e+02   0.0000000000e+00   1.3356081295e+02
   2277.0000000000   2.4810596255e+02   0.0000000000e+00   1.3364756524e+02
   2278.0000000000   2.4826554437e+02   0.0000000000e+00   1.3373377006e+02
   2279.0000000000   2.4842430843e+02   0.0000000000e+00   1.3381950393e+02
   2280.0000000000   2.4859266313e+02   0.0000000000e+00   1.3390482082e+02
   2281.0000000000   2.4875430992e+02   0.0000000000e+00   1.3399943768e+02
   2282.0000000000   2.4892466871e+02   0.0000000000e+00   1.3408804109e+02
   2283.0000000000   2.4908789613e+02   0.0000000000e+00   1.3417539222e+02
   2284.0000000000   2.4925958116e+02   0.0000000000e+00   1.3426196188e+02
   2285.0000000000   2.4942396367e+02   0.0000000000e+00   1.3435761846e+02
   2286.0000000000   2.4958636110e+02   0.0000000000e+00   1.3444712147e+02
   2287.0000000000   2.4975772614e+02   0.0000000000e+00   1.3453527285e+02
   2288.0000000000   2.4992198214e+02   0.0000000000e+00   1.3462256851e+02
   2289.0000000000   2.5008434735e+02   0.0000000000e+00   1.3470921684e+02
   2290.0000000000   2.5024541327e+02   0.0000000000e+00   1.3479533376e+02
   2291.0000000000   2.5040544618e+02   0.0000000000e+00   1.3489067025e+02
   2292.0000000000   2.5057492166e+02   0.0000000000e+00   1.3497993359e+02
   2293.0000000000   2.5073758082e+02   0.0000000000e+00   1.3507757503e+02
   2294.0000000000   2.5090886932e+02   0.0000000000e+00   1.3516872974e+02
   2295.0000000000   2.5107296147e+02   0.0000000000e+00   1.3525833207e+02
   2296.0000000000   2.5123513992e+02   0.0000000000e+00   1.3534694127e+02
   2297.0000000000   2.5139601785e+02   0.0000000000e+00   1.3543480152e+02
   2298.0000000000   2.5156618877e+02   0.0000000000e+00   1.3552205119e+02
   2299.0000000000   2.5172944830e+02   0.0000000000e+00   1.3560877990e+02
   2300.0000000000   2.5189095256e+02   0.0000000000e+00   1.3570472723e+02
   2301.0000000000   2.5205125754e+02   0.0000000000e+00   1.3581394828e+02
   2302.0000000000   2.5222092622e+02   0.0000000000e+00   1.3591052543e+02
   2303.0000000000   2.5239405511e+02   0.0000000000e+00   1.3601408585e+02
   2304.0000000000   2.5255942477e+02   0.0000000000e+00   1.3611038250e+02
   2305.0000000000   2.5273295257e+02   0.0000000000e+00   1.3620460912e+02
   2306.0000000000   2.5289899252e+02   0.0000000000e+00   1.3629746444e+02
   2307.0000000000   2.5306291778e+02   0.0000000000e+00   1.3638927823e+02
   2308.0000000000   2.5322539429e+02   0.0000000000e+00   1.3648024596e+02
   2309.0000000000   2.5338673025e+02   0.0000000000e+00   1.3657049763e+02
   2310.0000000000   2.5355742724e+02   0.0000000000e+00   1.3666012613e+02
   2311.0000000000   2.5372124377e+02   0.0000000000e+00   1.3674920126e+02
   2312.0000000000   2.5388331859e+02   0.0000000000e+00   1.3683777739e+02
   2313.0000000000   2.5404419887e+02   0.0000000000e+00   1.3693557464e+02
   2314.0000000000   2.5421444283e+02   0.0000000000e+00   1.3702728383e+02
   2315.0000000000   2.5438814443e+02   0.0000000000e+00   1.3711767062e+02
   2316.0000000000   2.5455408281e+02   0.0000000000e+00   1.3720721020e+02
   2317.0000000000   2.5471785554e+02   0.0000000000e+00   1.3729609858e+02
   2318.0000000000   2.5489049924e+02   0.0000000000e+00   1.3738444406e+02
   2319.0000000000   2.5506629193e+02   0.0000000000e+00   1.3747231635e+02
   2320.0000000000   2.5523410628e+02   0.0000000000e+00   1.3755976474e+02
   2321.0000000000   2.5540991385e+02   0.0000000000e+00   1.3764682639e+02
   2322.0000000000   2.5557810370e+02   0.0000000000e+00   1.3773353057e+02
   2323.0000000000   2.5574407314e+02   0.0000000000e+00   1.3781990113e+02
   2324.0000000000   2.5591882471e+02   0.0000000000e+00   1.3790595799e+02
   2325.0000000000   2.5609663496e+02   0.0000000000e+00   1.3799171815e+02
   2326.0000000000   2.5626638296e+02   0.0000000000e+00   1.3808687283e+02
   2327.0000000000   2.5643372915e+02   0.0000000000e+00   1.3817609001e+02
   2328.0000000000   2.5659943406e+02   0.0000000000e+00   1.3826411692e+02
   2329.0000000000   2.5676385162e+02   0.0000000000e+00   1.3835141362e+02
   2330.0000000000   2.5692719153e+02   0.0000000000e+00   1.3843816358e+02
   2331.0000000000   2.5708959452e+02   0.0000000000e+00   1.3852446453e+02
   2332.0000000000   2.5726148155e+02   0.0000000000e+00   1.3861037718e+02
   2333.0000000000   2.5742656650e+02   0.0000000000e+00   1.3870561969e+02
   2334.0000000000   2.5758996119e+02   0.0000000000e+00   1.3880455415e+02
   2335.0000000000   2.5776251459e+02   0.0000000000e+00   1.3890627144e+02
   2336.0000000000   2.5792809046e+02   0.0000000000e+00   1.3900063103e+02
   2337.0000000000   2.5809186981e+02   0.0000000000e+00   1.3909300825e+02
   2338.0000000000   2.5825441950e+02   0.0000000000e+00   1.3918412954e+02
   2339.0000000000   2.5841598886e+02   0.0000000000e+00   1.3927432275e+02
   2340.0000000000   2.5857672223e+02   0.0000000000e+00   1.3937345117e+02
   2341.0000000000   2.5874703481e+02   0.0000000000e+00   1.3946629015e+02
   2342.0000000000   2.5891063236e+02   0.0000000000e+00   1.3955765923e+02
   2343.0000000000   2.5907261854e+02   0.0000000000e+00   1.3964806987e+02
   2344.0000000000   2.5923351570e+02   0.0000000000e+00   1.3973774350e+02
   2345.0000000000   2.5941418290e+02   0.0000000000e+00   1.3982680681e+02
   2346.0000000000   2.5958201724e+02   0.0000000000e+00   1.3991534315e+02
   2347.0000000000   2.5974720118e+02   0.0000000000e+00   1.4000341218e+02
   2348.0000000000   2.5991075310e+02   0.0000000000e+00   1.4009105902e+02
   2349.0000000000   2.6007308965e+02   0.0000000000e+00   1.4018799575e+02
   2350.0000000000   2.6023443738e+02   0.0000000000e+00   1.4027890625e+02
   2351.0000000000   2.6039493912e+02   0.0000000000e+00   1.4036855023e+02
   2352.0000000000   2.6055469361e+02   0.0000000000e+00   1.4045739775e+02
   2353.0000000000   2.6071377357e+02   0.0000000000e+00   1.4054564039e+02
   2354.0000000000   2.6087223509e+02   0.0000000000e+00   1.4064305914e+02
   2355.0000000000   2.6104044200e+02   0.0000000000e+00   1.4073437539e+02
   2356.0000000000   2.6120206711e+02   0.0000000000e+00   1.4082437127e+02
   2357.0000000000   2.6136219146e+02   0.0000000000e+00   1.4091353112e+02
   2358.0000000000   2.6152132098e+02   0.0000000000e+00   1.4100205615e+02
   2359.0000000000   2.6167966420e+02   0.0000000000e+00   1.4109005745e+02
   2360.0000000000   2.6183733629e+02   0.0000000000e+00   1.4117760617e+02
   2361.0000000000   2.6200473058e+02   0.0000000000e+00   1.4127442872e+02
   2362.0000000000   2.6216553581e+02   0.0000000000e+00   1.4136521736e+02
   2363.0000000000   2.6232484204e+02   0.0000000000e+00   1.4145473687e+02
   2364.0000000000   2.6248316049e+02   0.0000000000e+00   1.4154346048e+02
   2365.0000000000   2.6266134097e+02   0.0000000000e+00   1.4163158174e+02
   2366.0000000000   2.6282677271e+02   0.0000000000e+00   1.4171920634e+02
   2367.0000000000   2.6299995056e+02   0.0000000000e+00   1.4180640135e+02
   2368.0000000000   2.6316552318e+02   0.0000000000e+00   1.4190289009e+02
   2369.0000000000   2.6332895244e+02   0.0000000000e+00   1.4199336239e+02
   2370.0000000000   2.6350125917e+02   0.0000000000e+00   1.4209225763e+02
   2371.0000000000   2.6367672326e+02   0.0000000000e+00   1.4218470247e+02
   2372.0000000000   2.6386485976e+02   0.0000000000e+00   1.4227562495e+02
   2373.0000000000   2.6403859706e+02   0.0000000000e+00   1.4236557946e+02
   2374.0000000000   2.6420879128e+02   0.0000000000e+00   1.4245480637e+02
   2375.0000000000   2.6437675073e+02   0.0000000000e+00   1.4254344099e+02
   2376.0000000000   2.6456369007e+02   0.0000000000e+00   1.4264124698e+02
   2377.0000000000   2.6473720830e+02   0.0000000000e+00   1.4273294040e+02
   2378.0000000000   2.6490761686e+02   0.0000000000e+00   1.4282330228e+02
   2379.0000000000   2.6507602278e+02   0.0000000000e+00   1.4291281743e+02
   2380.0000000000   2.6524290691e+02   0.0000000000e+00   1.4302104115e+02
   2381.0000000000   2.6540854402e+02   0.0000000000e+00   1.4311739582e+02
   2382.0000000000   2.6557311429e+02   0.0000000000e+00   1.4321142529e+02
   2383.0000000000   2.6573674603e+02   0.0000000000e+00   1.4330408013e+02
   2384.0000000000   2.6589953586e+02   0.0000000000e+00   1.4339574691e+02
   2385.0000000000   2.6606155944e+02   0.0000000000e+00   1.4349631066e+02
   2386.0000000000   2.6623319690e+02   0.0000000000e+00   1.4359055668e+02
   2387.0000000000   2.6639813476e+02   0.0000000000e+00   1.4368330984e+02
   2388.0000000000   2.6656146571e+02   0.0000000000e+00   1.4377508485e+02
   2389.0000000000   2.6672370566e+02   0.0000000000e+00   1.4386610537e+02
   2390.0000000000   2.6688507177e+02   0.0000000000e+00   1.4395649974e+02
   2391.0000000000   2.6704568673e+02   0.0000000000e+00   1.4404635260e+02
   2392.0000000000   2.6720563136e+02   0.0000000000e+00   1.4413572469e+02
   2393.0000000000   2.6736496408e+02   0.0000000000e+00   1.4422466206e+02
   2394.0000000000   2.6752372982e+02   0.0000000000e+00   1.4431320105e+02
   2395.0000000000   2.6768196464e+02   0.0000000000e+00   1.4440137118e+02
   2396.0000000000   2.6785001754e+02   0.0000000000e+00   1.4448919700e+02
   2397.0000000000   2.6801155001e+02   0.0000000000e+00   1.4457669932e+02
   2398.0000000000   2.6821291056e+02   0.0000000000e+00   1.4467357254e+02
   2399.0000000000   2.6838914266e+02   0.0000000000e+00   1.4476448731e+02
   2400.0000000000   2.6857096931e+02   0.0000000000e+00   1.4485419309e+02
   2401.0000000000   2.6875437517e+02   0.0000000000e+00   1.4495282843e+02
   2402.0000000000   2.6892886028e+02   0.0000000000e+00   1.4504523351e+02
   2403.0000000000   2.6910038525e+02   0.0000000000e+00   1.4513624330e+02
   2404.0000000000   2.6926987915e+02   0.0000000000e+00   1.4522636959e+02
   2405.0000000000   2.6943779982e+02   0.0000000000e+00   1.4532550585e+02
   2406.0000000000   2.6961474460e+02   0.0000000000e+00   1.4541842796e+02
   2407.0000000000   2.6979485679e+02   0.0000000000e+00   1.4550994909e+02
   2408.0000000000   2.6996695876e+02   0.0000000000e+00   1.4560057320e+02
   2409.0000000000   2.7013668345e+02   0.0000000000e+00   1.4570019117e+02
   2410.0000000000   2.7030477713e+02   0.0000000000e+00   1.4581293162e+02
   2411.0000000000   2.7047158594e+02   0.0000000000e+00   1.4591291844e+02
   2412.0000000000   2.7063731532e+02   0.0000000000e+00   1.4601012812e+02
   2413.0000000000   2.7080210363e+02   0.0000000000e+00   1.4611535231e+02
   2414.0000000000   2.7096605156e+02   0.0000000000e+00   1.4621371606e+02
   2415.0000000000   2.7113955537e+02   0.0000000000e+00   1.4631021289e+02
   2416.0000000000   2.7131663166e+02   0.0000000000e+00   1.4640545475e+02
   2417.0000000000   2.7148601707e+02   0.0000000000e+00   1.4649972711e+02
   2418.0000000000   2.7165328357e+02   0.0000000000e+00   1.4659320027e+02
   2419.0000000000   2.7181913244e+02   0.0000000000e+00   1.4668598888e+02
   2420.0000000000   2.7198387563e+02   0.0000000000e+00   1.4677817593e+02
   2421.0000000000   2.7214769200e+02   0.0000000000e+00   1.4686982453e+02
   2422.0000000000   2.7231069882e+02   0.0000000000e+00   1.4696098440e+02
   2423.0000000000   2.7248329883e+02   0.0000000000e+00   1.4705169579e+02
   2424.0000000000   2.7264919141e+02   0.0000000000e+00   1.4715166857e+02
   2425.0000000000   2.7281347669e+02   0.0000000000e+00   1.4724558583e+02
   2426.0000000000   2.7298699406e+02   0.0000000000e+00   1.4733820735e+02
   2427.0000000000   2.7315359930e+02   0.0000000000e+00   1.4743000369e+02
   2428.0000000000   2.7331846674e+02   0.0000000000e+00   1.4752116721e+02
   2429.0000000000   2.7348215758e+02   0.0000000000e+00   1.4761180325e+02
   2430.0000000000   2.7365523537e+02   0.0000000000e+00   1.4770197910e+02
   2431.0000000000   2.7382147640e+02   0.0000000000e+00   1.4779174207e+02
   2432.0000000000   2.7399634251e+02   0.0000000000e+00   1.4788112767e+02
   2433.0000000000   2.7417433507e+02   0.0000000000e+00   1.4797984031e+02
   2434.0000000000   2.7434437690e+02   0.0000000000e+00   1.4808223429e+02
   2435.0000000000   2.7452245253e+02   0.0000000000e+00   1.4817771938e+02
   2436.0000000000   2.7470327220e+02   0.0000000000e+00   1.4827149737e+02
   2437.0000000000   2.7487586786e+02   0.0000000000e+00   1.4836420629e+02
   2438.0000000000   2.7504597060e+02   0.0000000000e+00   1.4845612201e+02
   2439.0000000000   2.7521437857e+02   0.0000000000e+00   1.4854739785e+02
   2440.0000000000   2.7538146743e+02   0.0000000000e+00   1.4863813121e+02
   2441.0000000000   2.7554746032e+02   0.0000000000e+00   1.4872838950e+02
   2442.0000000000   2.7571250650e+02   0.0000000000e+00   1.4882789877e+02
   2443.0000000000   2.7587671351e+02   0.0000000000e+00   1.4892135210e+02
   2444.0000000000   2.7604016288e+02   0.0000000000e+00   1.4901351544e+02
   2445.0000000000   2.7620291876e+02   0.0000000000e+00   1.4910486328e+02
   2446.0000000000   2.7637535217e+02   0.0000000000e+00   1.4920526691e+02
   2447.0000000000   2.7655146134e+02   0.0000000000e+00   1.4929948817e+02
   2448.0000000000   2.7671996896e+02   0.0000000000e+00   1.4939233096e+02
   2449.0000000000   2.7688643607e+02   0.0000000000e+00   1.4948429277e+02
   2450.0000000000   2.7705155517e+02   0.0000000000e+00   1.4958525997e+02
   2451.0000000000   2.7723626917e+02   0.0000000000e+00   1.4968000475e+02
   2452.0000000000   2.7740802319e+02   0.0000000000e+00   1.4977333839e+02
   2453.0000000000   2.7757702993e+02   0.0000000000e+00   1.4986576392e+02
   2454.0000000000   2.7774432813e+02   0.0000000000e+00   1.4996717188e+02
   2455.0000000000   2.7791034889e+02   0.0000000000e+00   1.5006233773e+02
   2456.0000000000   2.7807532938e+02   0.0000000000e+00   1.5015607535e+02
   2457.0000000000   2.7824973959e+02   0.0000000000e+00   1.5024888988e+02
   2458.0000000000   2.7841732069e+02   0.0000000000e+00   1.5034099704e+02
   2459.0000000000   2.7858320068e+02   0.0000000000e+00   1.5043251864e+02
   2460.0000000000   2.7874791939e+02   0.0000000000e+00   1.5052353399e+02
   2461.0000000000   2.7891171071e+02   0.0000000000e+00   1.5061409940e+02
   2462.0000000000   2.7908502850e+02   0.0000000000e+00   1.5070425720e+02
   2463.0000000000   2.7925159860e+02   0.0000000000e+00   1.5080371717e+02
   2464.0000000000   2.7941653635e+02   0.0000000000e+00   1.5089716126e+02
   2465.0000000000   2.7959069060e+02   0.0000000000e+00   1.5098934753e+02
   2466.0000000000   2.7976824240e+02   0.0000000000e+00   1.5108074468e+02
   2467.0000000000   2.7994832549e+02   0.0000000000e+00   1.5117154313e+02
   2468.0000000000   2.8013050951e+02   0.0000000000e+00   1.5127152284e+02
   2469.0000000000   2.8030420712e+02   0.0000000000e+00   1.5136540437e+02
   2470.0000000000   2.8047527581e+02   0.0000000000e+00   1.5145796909e+02
   2471.0000000000   2.8065488910e+02   0.0000000000e+00   1.5154970072e+02
   2472.0000000000   2.8082708809e+02   0.0000000000e+00   1.5164079989e+02
   2473.0000000000   2.8099716307e+02   0.0000000000e+00   1.5173137722e+02
   2474.0000000000   2.8116575345e+02   0.0000000000e+00   1.5183117997e+02
   2475.0000000000   2.8133315942e+02   0.0000000000e+00   1.5192491270e+02
   2476.0000000000   2.8149956241e+02   0.0000000000e+00   1.5201734807e+02
   2477.0000000000   2.8167540553e+02   0.0000000000e+00   1.5210896463e+02
   2478.0000000000   2.8184441607e+02   0.0000000000e+00   1.5219995973e+02
   2479.0000000000   2.8201171466e+02   0.0000000000e+00   1.5230979492e+02
   2480.0000000000   2.8217783723e+02   0.0000000000e+00   1.5240784952e+02
   2481.0000000000   2.8234301575e+02   0.0000000000e+00   1.5250364355e+02
   2482.0000000000   2.8250738416e+02   0.0000000000e+00   1.5259811274e+02
   2483.0000000000   2.8267103202e+02   0.0000000000e+00   1.5269163367e+02
   2484.0000000000   2.8283402464e+02   0.0000000000e+00   1.5279408421e+02
   2485.0000000000   2.8299641253e+02   0.0000000000e+00   1.5289024432e+02
   2486.0000000000   2.8315823627e+02   0.0000000000e+00   1.5299461129e+02
   2487.0000000000   2.8332984859e+02   0.0000000000e+00   1.5309235165e+02
   2488.0000000000   2.8350523318e+02   0.0000000000e+00   1.5318842220e+02
   2489.0000000000   2.8368342006e+02   0.0000000000e+00   1.5328339897e+02
   2490.0000000000   2.8385359678e+02   0.0000000000e+00   1.5337753904e+02
   2491.0000000000   2.8402149809e+02   0.0000000000e+00   1.5347099097e+02
   2492.0000000000   2.8419822082e+02   0.0000000000e+00   1.5356385259e+02
   2493.0000000000   2.8436775405e+02   0.0000000000e+00   1.5365619370e+02
   2494.0000000000   2.8454566972e+02   0.0000000000e+00   1.5374806688e+02
   2495.0000000000   2.8471621536e+02   0.0000000000e+00   1.5383951332e+02
   2496.0000000000   2.8488471974e+02   0.0000000000e+00   1.5393056627e+02
   2497.0000000000   2.8506214594e+02   0.0000000000e+00   1.5402125320e+02
   2498.0000000000   2.8524274510e+02   0.0000000000e+00   1.5411159724e+02
   2499.0000000000   2.8541537864e+02   0.0000000000e+00   1.5421129471e+02
   2500.0000000000   2.8559601304e+02   0.0000000000e+00   1.5431469435e+02
   2501.0000000000   2.8576903503e+02   0.0000000000e+00   1.5443055512e+02
   2502.0000000000   2.8595015994e+02   0.0000000000e+00   1.5453338606e+02
   2503.0000000000   2.8612370690e+02   0.0000000000e+00   1.5463329470e+02
   2504.0000000000   2.8629504733e+02   0.0000000000e+00   1.5473145494e+02
   2505.0000000000   2.8647517272e+02   0.0000000000e+00   1.5482836733e+02
   2506.0000000000   2.8664803549e+02   0.0000000000e+00   1.5493398352e+02
   2507.0000000000   2.8682919537e+02   0.0000000000e+00   1.5503313134e+02
   2508.0000000000   2.8703385495e+02   0.0000000000e+00   1.5513066460e+02
   2509.0000000000   2.8721825346e+02   0.0000000000e+00   1.5522711864e+02
   2510.0000000000   2.8739818957e+02   0.0000000000e+00   1.5533240891e+02
   2511.0000000000   2.8757540293e+02   0.0000000000e+00   1.5543133049e+02
   2512.0000000000   2.8776094980e+02   0.0000000000e+00   1.5552871293e+02
   2513.0000000000   2.8793887419e+02   0.0000000000e+00   1.5562507408e+02
   2514.0000000000   2.8811448559e+02   0.0000000000e+00   1.5572064019e+02
   2515.0000000000   2.8828844326e+02   0.0000000000e+00   1.5581554183e+02
   2516.0000000000   2.8846106495e+02   0.0000000000e+00   1.5590986574e+02
   2517.0000000000   2.8863254720e+02   0.0000000000e+00   1.5600367454e+02
   2518.0000000000   2.8881334596e+02   0.0000000000e+00   1.5609701603e+02
   2519.0000000000   2.8898719952e+02   0.0000000000e+00   1.5619960471e+02
   2520.0000000000   2.8916955706e+02   0.0000000000e+00   1.5629612666e+02
   2521.0000000000   2.8935491796e+02   0.0000000000e+00   1.5639134362e+02
   2522.0000000000   2.8953220776e+02   0.0000000000e+00   1.5648572751e+02
   2523.0000000000   2.8971741578e+02   0.0000000000e+00   1.5658914815e+02
   2524.0000000000   2.8989493883e+02   0.0000000000e+00   1.5668636663e+02
   2525.0000000000   2.9007017860e+02   0.0000000000e+00   1.5678218654e+02
   2526.0000000000   2.9024382164e+02   0.0000000000e+00   1.5687710540e+02
   2527.0000000000   2.9041619187e+02   0.0000000000e+00   1.5697133322e+02
   2528.0000000000   2.9060812253e+02   0.0000000000e+00   1.5706498748e+02
   2529.0000000000   2.9078701851e+02   0.0000000000e+00   1.5715814411e+02
   2530.0000000000   2.9096307748e+02   0.0000000000e+00   1.5725085675e+02
   2531.0000000000   2.9113733371e+02   0.0000000000e+00   1.5734316569e+02
   2532.0000000000   2.9132053765e+02   0.0000000000e+00   1.5743510245e+02
   2533.0000000000   2.9149656509e+02   0.0000000000e+00   1.5752669260e+02
   2534.0000000000   2.9169125883e+02   0.0000000000e+00   1.5763731043e+02
   2535.0000000000   2.9187247975e+02   0.0000000000e+00   1.5773628403e+02
   2536.0000000000   2.9206091493e+02   0.0000000000e+00   1.5783310048e+02
   2537.0000000000   2.9224131920e+02   0.0000000000e+00   1.5792867296e+02
   2538.0000000000   2.9242954191e+02   0.0000000000e+00   1.5802336188e+02
   2539.0000000000   2.9260996932e+02   0.0000000000e+00   1.5812703313e+02
   2540.0000000000   2.9278801270e+02   0.0000000000e+00   1.5822445749e+02
   2541.0000000000   2.9296437075e+02   0.0000000000e+00   1.5832044856e+02
   2542.0000000000   2.9313937849e+02   0.0000000000e+00   1.5841551212e+02
   2543.0000000000   2.9331324035e+02   0.0000000000e+00   1.5851954112e+02
   2544.0000000000   2.9348609681e+02   0.0000000000e+00   1.5861731305e+02
   2545.0000000000   2.9367868971e+02   0.0000000000e+00   1.5872331998e+02
   2546.0000000000   2.9385837154e+02   0.0000000000e+00   1.5882272341e+02
   2547.0000000000   2.9403530715e+02   0.0000000000e+00   1.5892047593e+02
   2548.0000000000   2.9422082799e+02   0.0000000000e+00   1.5901715009e+02
   2549.0000000000   2.9439898625e+02   0.0000000000e+00   1.5912267672e+02
   2550.0000000000   2.9457506077e+02   0.0000000000e+00   1.5922185716e+02
   2551.0000000000   2.9474967737e+02   0.0000000000e+00   1.5931952317e+02
   2552.0000000000   2.9492312444e+02   0.0000000000e+00   1.5941619284e+02
   2553.0000000000   2.9510589307e+02   0.0000000000e+00   1.5951209170e+02
   2554.0000000000   2.9528173605e+02   0.0000000000e+00   1.5960734925e+02
   2555.0000000000   2.9545578914e+02   0.0000000000e+00   1.5970205089e+02
   2556.0000000000   2.9562859804e+02   0.0000000000e+00   1.5979625792e+02
   2557.0000000000   2.9580040145e+02   0.0000000000e+00   1.5989969337e+02
   2558.0000000000   2.9599197642e+02   0.0000000000e+00   1.5999704902e+02
   2559.0000000000   2.9617068852e+02   0.0000000000e+00   1.6010276705e+02
   2560.0000000000   2.9634670663e+02   0.0000000000e+00   1.6020197722e+02
   2561.0000000000   2.9652104317e+02   0.0000000000e+00   1.6029961063e+02
   2562.0000000000   2.9669411248e+02   0.0000000000e+00   1.6039622462e+02
   2563.0000000000   2.9686614063e+02   0.0000000000e+00   1.6049206230e+02
   2564.0000000000   2.9703727095e+02   0.0000000000e+00   1.6058726154e+02
   2565.0000000000   2.9720760322e+02   0.0000000000e+00   1.6068191180e+02
   2566.0000000000   2.9738753056e+02   0.0000000000e+00   1.6078575280e+02
   2567.0000000000   2.9756074659e+02   0.0000000000e+00   1.6088348682e+02
   2568.0000000000   2.9774266690e+02   0.0000000000e+00   1.6098956303e+02
   2569.0000000000   2.9791744551e+02   0.0000000000e+00   1.6108911597e+02
   2570.0000000000   2.9809035070e+02   0.0000000000e+00   1.6118708016e+02
   2571.0000000000   2.9826198512e+02   0.0000000000e+00   1.6128401541e+02
   2572.0000000000   2.9843261525e+02   0.0000000000e+00   1.6138016667e+02
   2573.0000000000   2.9860239446e+02   0.0000000000e+00   1.6147567321e+02
   2574.0000000000   2.9877142383e+02   0.0000000000e+00   1.6157062557e+02
   2575.0000000000   2.9893977582e+02   0.0000000000e+00   1.6166508774e+02
   2576.0000000000   2.9910750543e+02   0.0000000000e+00   1.6176878416e+02
   2577.0000000000   2.9927465617e+02   0.0000000000e+00   1.6186640723e+02
   2578.0000000000   2.9944126358e+02   0.0000000000e+00   1.6197239937e+02
   2579.0000000000   2.9961767645e+02   0.0000000000e+00   1.6207189031e+02
   2580.0000000000   2.9978755627e+02   0.0000000000e+00   1.6216981096e+02
   2581.0000000000   2.9995597526e+02   0.0000000000e+00   1.6226671842e+02
   2582.0000000000   3.0013375152e+02   0.0000000000e+00   1.6236285551e+02
   2583.0000000000   3.0030472411e+02   0.0000000000e+00   1.6245835979e+02
   2584.0000000000   3.0048437301e+02   0.0000000000e+00   1.6255332042e+02
   2585.0000000000   3.0065688454e+02   0.0000000000e+00   1.6264780025e+02
   2586.0000000000   3.0082754426e+02   0.0000000000e+00   1.6274184622e+02
   2587.0000000000   3.0099696433e+02   0.0000000000e+00   1.6283549486e+02
   2588.0000000000   3.0116541643e+02   0.0000000000e+00   1.6293845211e+02
   2589.0000000000   3.0134337573e+02   0.0000000000e+00   1.6303539724e+02
   2590.0000000000   3.0152489970e+02   0.0000000000e+00   1.6313108642e+02
   2591.0000000000   3.0169874747e+02   0.0000000000e+00   1.6322598692e+02
   2592.0000000000   3.0187050369e+02   0.0000000000e+00   1.6332028808e+02
   2593.0000000000   3.0204087673e+02   0.0000000000e+00   1.6341409252e+02
   2594.0000000000   3.0222050144e+02   0.0000000000e+00   1.6350746505e+02
   2595.0000000000   3.0239319453e+02   0.0000000000e+00   1.6360045077e+02
   2596.0000000000   3.0256412403e+02   0.0000000000e+00   1.6370275967e+02
   2597.0000000000   3.0273385300e+02   0.0000000000e+00   1.6380874942e+02
   2598.0000000000   3.0291294879e+02   0.0000000000e+00   1.6391750845e+02
   2599.0000000000   3.0309551064e+02   0.0000000000e+00   1.6401889488e+02
   2600.0000000000   3.0327032084e+02   0.0000000000e+00   1.6411828334e+02
   2601.0000000000   3.0344297870e+02   0.0000000000e+00   1.6423575307e+02
   2602.0000000000   3.0362452178e+02   0.0000000000e+00   1.6435061854e+02
   2603.0000000000   3.0380922849e+02   0.0000000000e+00   1.6445719328e+02
   2604.0000000000   3.0398597155e+02   0.0000000000e+00   1.6456123325e+02
   2605.0000000000   3.0416040325e+02   0.0000000000e+00   1.6466362078e+02
   2606.0000000000   3.0433327616e+02   0.0000000000e+00   1.6476477073e+02
   2607.0000000000   3.0450493694e+02   0.0000000000e+00   1.6486492616e+02
   2608.0000000000   3.0467558883e+02   0.0000000000e+00   1.6496424695e+02
   2609.0000000000   3.0485568594e+02   0.0000000000e+00   1.6506284633e+02
   2610.0000000000   3.0502896125e+02   0.0000000000e+00   1.6516080867e+02
   2611.0000000000   3.0522117650e+02   0.0000000000e+00   1.6525819930e+02
   2612.0000000000   3.0540014130e+02   0.0000000000e+00   1.6535507027e+02
   2613.0000000000   3.0557618865e+02   0.0000000000e+00   1.6545146404e+02
   2614.0000000000   3.0576073104e+02   0.0000000000e+00   1.6555709248e+02
   2615.0000000000   3.0593786549e+02   0.0000000000e+00   1.6565664050e+02
   2616.0000000000   3.0612321681e+02   0.0000000000e+00   1.6575486944e+02
   2617.0000000000   3.0630106401e+02   0.0000000000e+00   1.6585225128e+02
   2618.0000000000   3.0647675694e+02   0.0000000000e+00   1.6594897962e+02
   2619.0000000000   3.0667159303e+02   0.0000000000e+00   1.6604516091e+02
   2620.0000000000   3.0686347123e+02   0.0000000000e+00   1.6615054000e+02
   2621.0000000000   3.0704631246e+02   0.0000000000e+00   1.6624982014e+02
   2622.0000000000   3.0722625140e+02   0.0000000000e+00   1.6634777344e+02
   2623.0000000000   3.0740423071e+02   0.0000000000e+00   1.6645455488e+02
   2624.0000000000   3.0758069698e+02   0.0000000000e+00   1.6655501712e+02
   2625.0000000000   3.0775591467e+02   0.0000000000e+00   1.6665400483e+02
   2626.0000000000   3.0793005996e+02   0.0000000000e+00   1.6675203762e+02
   2627.0000000000   3.0810325929e+02   0.0000000000e+00   1.6684933879e+02
   2628.0000000000   3.0827560823e+02   0.0000000000e+00   1.6695571097e+02
   2629.0000000000   3.0845750084e+02   0.0000000000e+00   1.6705589111e+02
   2630.0000000000   3.0863263386e+02   0.0000000000e+00   1.6715467294e+02
   2631.0000000000   3.0880610763e+02   0.0000000000e+00   1.6725254975e+02
   2632.0000000000   3.0897844402e+02   0.0000000000e+00   1.6735940631e+02
   2633.0000000000   3.0916018401e+02   0.0000000000e+00   1.6746001449e+02
   2634.0000000000   3.0934540932e+02   0.0000000000e+00   1.6756886245e+02
   2635.0000000000   3.0952289033e+02   0.0000000000e+00   1.6767110887e+02
   2636.0000000000   3.0969821805e+02   0.0000000000e+00   1.6777170432e+02
   2637.0000000000   3.0987210519e+02   0.0000000000e+00   1.6787121982e+02
   2638.0000000000   3.1004487085e+02   0.0000000000e+00   1.6796990854e+02
   2639.0000000000   3.1022701757e+02   0.0000000000e+00   1.6806791592e+02
   2640.0000000000   3.1040230181e+02   0.0000000000e+00   1.6816533728e+02
   2641.0000000000   3.1057585951e+02   0.0000000000e+00   1.6826224040e+02
   2642.0000000000   3.1074823504e+02   0.0000000000e+00   1.6835867621e+02
   2643.0000000000   3.1091966500e+02   0.0000000000e+00   1.6845468458e+02
   2644.0000000000   3.1110060500e+02   0.0000000000e+00   1.6855029766e+02
   2645.0000000000   3.1127478204e+02   0.0000000000e+00   1.6864554200e+02
   2646.0000000000   3.1144731234e+02   0.0000000000e+00   1.6874043999e+02
   2647.0000000000   3.1161872626e+02   0.0000000000e+00   1.6883501078e+02
   2648.0000000000   3.1178925016e+02   0.0000000000e+00   1.6892927100e+02
   2649.0000000000   3.1195901272e+02   0.0000000000e+00   1.6902323520e+02
   2650.0000000000   3.1213841780e+02   0.0000000000e+00   1.6911691632e+02
   2651.0000000000   3.1231116259e+02   0.0000000000e+00   1.6921032587e+02
   2652.0000000000   3.1248234407e+02   0.0000000000e+00   1.6931315078e+02
   2653.0000000000   3.1265247918e+02   0.0000000000e+00   1.6941005551e+02
   2654.0000000000   3.1282178437e+02   0.0000000000e+00   1.6950578442e+02
   2655.0000000000   3.1299038077e+02   0.0000000000e+00   1.6960079519e+02
   2656.0000000000   3.1316866624e+02   0.0000000000e+00   1.6969526928e+02
   2657.0000000000   3.1334033314e+02   0.0000000000e+00   1.6978930270e+02
   2658.0000000000   3.1351047440e+02   0.0000000000e+00   1.6988295471e+02
   2659.0000000000   3.1367960363e+02   0.0000000000e+00   1.6997626565e+02
   2660.0000000000   3.1385825350e+02   0.0000000000e+00   1.7006926489e+02
   2661.0000000000   3.1404049788e+02   0.0000000000e+00   1.7016197495e+02
   2662.0000000000   3.1421509980e+02   0.0000000000e+00   1.7025441374e+02
   2663.0000000000   3.1438764358e+02   0.0000000000e+00   1.7034659594e+02
   2664.0000000000   3.1456915486e+02   0.0000000000e+00   1.7043853389e+02
   2665.0000000000   3.1475390238e+02   0.0000000000e+00   1.7053023814e+02
   2666.0000000000   3.1493075087e+02   0.0000000000e+00   1.7062171789e+02
   2667.0000000000   3.1511566508e+02   0.0000000000e+00   1.7073233432e+02
   2668.0000000000   3.1530334720e+02   0.0000000000e+00   1.7085075788e+02
   2669.0000000000   3.1548282550e+02   0.0000000000e+00   1.7096545334e+02
   2670.0000000000   3.1567014820e+02   0.0000000000e+00   1.7107145296e+02
   2671.0000000000   3.1584974840e+02   0.0000000000e+00   1.7117474610e+02
   2672.0000000000   3.1602705125e+02   0.0000000000e+00   1.7127631476e+02
   2673.0000000000   3.1621307802e+02   0.0000000000e+00   1.7137662268e+02
   2674.0000000000   3.1639179937e+02   0.0000000000e+00   1.7147593882e+02
   2675.0000000000   3.1657878699e+02   0.0000000000e+00   1.7157443745e+02
   2676.0000000000   3.1676861345e+02   0.0000000000e+00   1.7167223990e+02
   2677.0000000000   3.1695025151e+02   0.0000000000e+00   1.7178878818e+02
   2678.0000000000   3.1713972265e+02   0.0000000000e+00   1.7189346011e+02
   2679.0000000000   3.1732144634e+02   0.0000000000e+00   1.7199578045e+02
   2680.0000000000   3.1751115985e+02   0.0000000000e+00   1.7209669163e+02
   2681.0000000000   3.1769319815e+02   0.0000000000e+00   1.7219657722e+02
   2682.0000000000   3.1787294470e+02   0.0000000000e+00   1.7229564522e+02
   2683.0000000000   3.1805108140e+02   0.0000000000e+00   1.7240370314e+02
   2684.0000000000   3.1822793223e+02   0.0000000000e+00   1.7250549650e+02
   2685.0000000000   3.1840369398e+02   0.0000000000e+00   1.7260582758e+02
   2686.0000000000   3.1858882058e+02   0.0000000000e+00   1.7270519734e+02
   2687.0000000000   3.1876704753e+02   0.0000000000e+00   1.7280382067e+02
   2688.0000000000   3.1894350193e+02   0.0000000000e+00   1.7291149667e+02
   2689.0000000000   3.1911872504e+02   0.0000000000e+00   1.7301296115e+02
   2690.0000000000   3.1930327235e+02   0.0000000000e+00   1.7312268448e+02
   2691.0000000000   3.1948091776e+02   0.0000000000e+00   1.7322581575e+02
   2692.0000000000   3.1966712347e+02   0.0000000000e+00   1.7332730004e+02
   2693.0000000000   3.1985639264e+02   0.0000000000e+00   1.7342770517e+02
   2694.0000000000   3.2003765053e+02   0.0000000000e+00   1.7352728241e+02
   2695.0000000000   3.2021656532e+02   0.0000000000e+00   1.7362617607e+02
   2696.0000000000   3.2040421392e+02   0.0000000000e+00   1.7372448085e+02
   2697.0000000000   3.2059489987e+02   0.0000000000e+00   1.7382226425e+02
   2698.0000000000   3.2077751332e+02   0.0000000000e+00   1.7391957707e+02
   2699.0000000000   3.2095771936e+02   0.0000000000e+00   1.7402613576e+02
   2700.0000000000   3.2115691864e+02   0.0000000000e+00   1.7412662761e+02
   2701.0000000000   3.2134273796e+02   0.0000000000e+00   1.7423549171e+02
   2702.0000000000   3.2152548760e+02   0.0000000000e+00   1.7433785551e+02
   2703.0000000000   3.2172690560e+02   0.0000000000e+00   1.7443864843e+02
   2704.0000000000   3.2192505651e+02   0.0000000000e+00   1.7453842648e+02
   2705.0000000000   3.2213458310e+02   0.0000000000e+00   1.7465678486e+02
   2706.0000000000   3.2232894175e+02   0.0000000000e+00   1.7476317078e+02
   2707.0000000000   3.2251920795e+02   0.0000000000e+00   1.7486714466e+02
   2708.0000000000   3.2270681029e+02   0.0000000000e+00   1.7497934539e+02
   2709.0000000000   3.2289240145e+02   0.0000000000e+00   1.7508482332e+02
   2710.0000000000   3.2307636089e+02   0.0000000000e+00   1.7519820599e+02
   2711.0000000000   3.2326925737e+02   0.0000000000e+00   1.7530473385e+02
   2712.0000000000   3.2346522351e+02   0.0000000000e+00   1.7540941035e+02
   2713.0000000000   3.2365307861e+02   0.0000000000e+00   1.7551284314e+02
   2714.0000000000   3.2383845612e+02   0.0000000000e+00   1.7561531201e+02
   2715.0000000000   3.2403242367e+02   0.0000000000e+00   1.7572665903e+02
   2716.0000000000   3.2421896664e+02   0.0000000000e+00   1.7583165022e+02
   2717.0000000000   3.2441366330e+02   0.0000000000e+00   1.7593510158e+02
   2718.0000000000   3.2462140966e+02   0.0000000000e+00   1.7603752400e+02
   2719.0000000000   3.2482513738e+02   0.0000000000e+00   1.7615849297e+02
   2720.0000000000   3.2501923879e+02   0.0000000000e+00   1.7626744713e+02
   2721.0000000000   3.2523066891e+02   0.0000000000e+00   1.7637394361e+02
   2722.0000000000   3.2542773692e+02   0.0000000000e+00   1.7647894412e+02
   2723.0000000000   3.2562104698e+02   0.0000000000e+00   1.7658284471e+02
   2724.0000000000   3.2581186117e+02   0.0000000000e+00   1.7668586198e+02
   2725.0000000000   3.2601107378e+02   0.0000000000e+00   1.7678813324e+02
   2726.0000000000   3.2620265871e+02   0.0000000000e+00   1.7688975377e+02
   2727.0000000000   3.2639189130e+02   0.0000000000e+00   1.7700047047e+02
   2728.0000000000   3.2657941323e+02   0.0000000000e+00   1.7710499271e+02
   2729.0000000000   3.2676553310e+02   0.0000000000e+00   1.7720809965e+02
   2730.0000000000   3.2696076196e+02   0.0000000000e+00   1.7731027665e+02
   2731.0000000000   3.2715918995e+02   0.0000000000e+00   1.7741172767e+02
   2732.0000000000   3.2735992434e+02   0.0000000000e+00   1.7751256736e+02
   2733.0000000000   3.2756253070e+02   0.0000000000e+00   1.7761287062e+02
   2734.0000000000   3.2775642651e+02   0.0000000000e+00   1.7772236763e+02
   2735.0000000000   3.2794747764e+02   0.0000000000e+00   1.7782575429e+02
   2736.0000000000   3.2814686723e+02   0.0000000000e+00   1.7792779884e+02
   2737.0000000000   3.2833864626e+02   0.0000000000e+00   1.7802897773e+02
   2738.0000000000   3.2852811463e+02   0.0000000000e+00   1.7813916411e+02
   2739.0000000000   3.2872624001e+02   0.0000000000e+00   1.7824312155e+02
   2740.0000000000   3.2892728640e+02   0.0000000000e+00   1.7834565556e+02
   2741.0000000000   3.2914076785e+02   0.0000000000e+00   1.7844726524e+02
   2742.0000000000   3.2934993717e+02   0.0000000000e+00   1.7855783840e+02
   2743.0000000000   3.2954929465e+02   0.0000000000e+00   1.7866214865e+02
   2744.0000000000   3.2974520793e+02   0.0000000000e+00   1.7876500863e+02
   2745.0000000000   3.2993874247e+02   0.0000000000e+00   1.7886692263e+02
   2746.0000000000   3.3013041990e+02   0.0000000000e+00   1.7896810586e+02
   2747.0000000000   3.3032055511e+02   0.0000000000e+00   1.7906867985e+02
   2748.0000000000   3.3050936053e+02   0.0000000000e+00   1.7916872379e+02
   2749.0000000000   3.3069699001e+02   0.0000000000e+00   1.7926829400e+02
   2750.0000000000   3.3088356061e+02   0.0000000000e+00   1.7936743293e+02
   2751.0000000000   3.3107948381e+02   0.0000000000e+00   1.7946617398e+02
   2752.0000000000   3.3127878982e+02   0.0000000000e+00   1.7956454425e+02
   2753.0000000000   3.3147022730e+02   0.0000000000e+00   1.7966256630e+02
   2754.0000000000   3.3165937886e+02   0.0000000000e+00   1.7976993581e+02
   2755.0000000000   3.3184695517e+02   0.0000000000e+00   1.7987132433e+02
   2756.0000000000   3.3204359568e+02   0.0000000000e+00   1.7997148207e+02
   2757.0000000000   3.3223312289e+02   0.0000000000e+00   1.8007087159e+02
   2758.0000000000   3.3242071111e+02   0.0000000000e+00   1.8016967848e+02
   2759.0000000000   3.3260692986e+02   0.0000000000e+00   1.8026800229e+02
   2760.0000000000   3.3279203381e+02   0.0000000000e+00   1.8036590535e+02
   2761.0000000000   3.3298649232e+02   0.0000000000e+00   1.8046343063e+02
   2762.0000000000   3.3317404343e+02   0.0000000000e+00   1.8056060987e+02
   2763.0000000000   3.3335981246e+02   0.0000000000e+00   1.8065746765e+02
   2764.0000000000   3.3354433755e+02   0.0000000000e+00   1.8075402373e+02
   2765.0000000000   3.3372785176e+02   0.0000000000e+00   1.8085029443e+02
   2766.0000000000   3.3393112790e+02   0.0000000000e+00   1.8094629359e+02
   2767.0000000000   3.3412152830e+02   0.0000000000e+00   1.8104203312e+02
   2768.0000000000   3.3430921931e+02   0.0000000000e+00   1.8114719995e+02
   2769.0000000000   3.3449521140e+02   0.0000000000e+00   1.8124645839e+02
   2770.0000000000   3.3467991739e+02   0.0000000000e+00   1.8134455246e+02
   2771.0000000000   3.3488420036e+02   0.0000000000e+00   1.8144193947e+02
   2772.0000000000   3.3507547496e+02   0.0000000000e+00   1.8153880040e+02
   2773.0000000000   3.3526394082e+02   0.0000000000e+00   1.8163523083e+02
   2774.0000000000   3.3545063084e+02   0.0000000000e+00   1.8173128953e+02
   2775.0000000000   3.3563597376e+02   0.0000000000e+00   1.8182701635e+02
   2776.0000000000   3.3582020611e+02   0.0000000000e+00   1.8193211678e+02
   2777.0000000000   3.3601379818e+02   0.0000000000e+00   1.8203126793e+02
   2778.0000000000   3.3620049196e+02   0.0000000000e+00   1.8212922310e+02
   2779.0000000000   3.3638541652e+02   0.0000000000e+00   1.8224579948e+02
   2780.0000000000   3.3656911294e+02   0.0000000000e+00   1.8235049340e+02
   2781.0000000000   3.3675181641e+02   0.0000000000e+00   1.8246255256e+02
   2782.0000000000   3.3695430122e+02   0.0000000000e+00   1.8256759363e+02
   2783.0000000000   3.3714393066e+02   0.0000000000e+00   1.8268041979e+02
   2784.0000000000   3.3733087166e+02   0.0000000000e+00   1.8278634562e+02
   2785.0000000000   3.3751613499e+02   0.0000000000e+00   1.8289041100e+02
   2786.0000000000   3.3770013353e+02   0.0000000000e+00   1.8299324316e+02
   2787.0000000000   3.3788309209e+02   0.0000000000e+00   1.8309513284e+02
   2788.0000000000   3.3806515286e+02   0.0000000000e+00   1.8319625185e+02
   2789.0000000000   3.3825673371e+02   0.0000000000e+00   1.8329671464e+02
   2790.0000000000   3.3844154391e+02   0.0000000000e+00   1.8339660331e+02
   2791.0000000000   3.3862469041e+02   0.0000000000e+00   1.8349597969e+02
   2792.0000000000   3.3881701753e+02   0.0000000000e+00   1.8360456869e+02
   2793.0000000000   3.3900238474e+02   0.0000000000e+00   1.8371674076e+02
   2794.0000000000   3.3918596922e+02   0.0000000000e+00   1.8382191870e+02
   2795.0000000000   3.3936833439e+02   0.0000000000e+00   1.8394466796e+02
   2796.0000000000   3.3956004562e+02   0.0000000000e+00   1.8406462202e+02
   2797.0000000000   3.3974488072e+02   0.0000000000e+00   1.8418586721e+02
   2798.0000000000   3.3993830276e+02   0.0000000000e+00   1.8429885355e+02
   2799.0000000000   3.4012449512e+02   0.0000000000e+00   1.8441889432e+02
   2800.0000000000   3.4031906451e+02   0.0000000000e+00   1.8454119577e+02
   2801.0000000000   3.4050626305e+02   0.0000000000e+00   1.8466524843e+02
   2802.0000000000   3.4070173614e+02   0.0000000000e+00   1.8478114593e+02
   2803.0000000000   3.4091039822e+02   0.0000000000e+00   1.8490409349e+02
   2804.0000000000   3.4110486404e+02   0.0000000000e+00   1.8501958035e+02
   2805.0000000000   3.4129588571e+02   0.0000000000e+00   1.8513274966e+02
   2806.0000000000   3.4149504239e+02   0.0000000000e+00   1.8524429888e+02
   2807.0000000000   3.4168652009e+02   0.0000000000e+00   1.8537392356e+02
   2808.0000000000   3.4187567949e+02   0.0000000000e+00   1.8549114558e+02
   2809.0000000000   3.4206320046e+02   0.0000000000e+00   1.8560558292e+02
   2810.0000000000   3.4224940900e+02   0.0000000000e+00   1.8571824350e+02
   2811.0000000000   3.4243450437e+02   0.0000000000e+00   1.8582955950e+02
   2812.0000000000   3.4263926169e+02   0.0000000000e+00   1.8593977649e+02
   2813.0000000000   3.4283105418e+02   0.0000000000e+00   1.8604905539e+02
   2814.0000000000   3.4302006042e+02   0.0000000000e+00   1.8615751106e+02
   2815.0000000000   3.4320730226e+02   0.0000000000e+00   1.8627490690e+02
   2816.0000000000   3.4340352163e+02   0.0000000000e+00   1.8638596628e+02
   2817.0000000000   3.4359258816e+02   0.0000000000e+00   1.8649548039e+02
   2818.0000000000   3.4379002098e+02   0.0000000000e+00   1.8660394504e+02
   2819.0000000000   3.4398004126e+02   0.0000000000e+00   1.8671157330e+02
   2820.0000000000   3.4416796391e+02   0.0000000000e+00   1.8681848782e+02
   2821.0000000000   3.4435442558e+02   0.0000000000e+00   1.8692477061e+02
   2822.0000000000   3.4455003763e+02   0.0000000000e+00   1.8703048163e+02
   2823.0000000000   3.4473860966e+02   0.0000000000e+00   1.8713566734e+02
   2824.0000000000   3.4493562822e+02   0.0000000000e+00   1.8725971837e+02
   2825.0000000000   3.4512529473e+02   0.0000000000e+00   1.8737197605e+02
   2826.0000000000   3.4532323026e+02   0.0000000000e+00   1.8748193847e+02
   2827.0000000000   3.4552401770e+02   0.0000000000e+00   1.8759052827e+02
   2828.0000000000   3.4572694828e+02   0.0000000000e+00   1.8770779055e+02
   2829.0000000000   3.4592135668e+02   0.0000000000e+00   1.8781857692e+02
   2830.0000000000   3.4611307210e+02   0.0000000000e+00   1.8792774526e+02
   2831.0000000000   3.4630293794e+02   0.0000000000e+00   1.8803582895e+02
   2832.0000000000   3.4650167446e+02   0.0000000000e+00   1.8815273984e+02
   2833.0000000000   3.4669315725e+02   0.0000000000e+00   1.8827294578e+02
   2834.0000000000   3.4688259734e+02   0.0000000000e+00   1.8838592802e+02
   2835.0000000000   3.4708090969e+02   0.0000000000e+00   1.8850661389e+02
   2836.0000000000   3.4727200457e+02   0.0000000000e+00   1.8862033217e+02
   2837.0000000000   3.4746109722e+02   0.0000000000e+00   1.8873212161e+02
   2838.0000000000   3.4764878055e+02   0.0000000000e+00   1.8884260663e+02
   2839.0000000000   3.4783532425e+02   0.0000000000e+00   1.8895207601e+02
   2840.0000000000   3.4803120807e+02   0.0000000000e+00   1.8906070060e+02
   2841.0000000000   3.4822017755e+02   0.0000000000e+00   1.8916859479e+02
   2842.0000000000   3.4841768268e+02   0.0000000000e+00   1.8927584121e+02
   2843.0000000000   3.4861822106e+02   0.0000000000e+00   1.8938250268e+02
   2844.0000000000   3.4882103450e+02   0.0000000000e+00   1.8948862881e+02
   2845.0000000000   3.4901542626e+02   0.0000000000e+00   1.8959425992e+02
   2846.0000000000   3.4920720419e+02   0.0000000000e+00   1.8969942953e+02
   2847.0000000000   3.4939719645e+02   0.0000000000e+00   1.8981384253e+02
   2848.0000000000   3.4958579301e+02   0.0000000000e+00   1.8992217837e+02
   2849.0000000000   3.4977322476e+02   0.0000000000e+00   1.9004854716e+02
   2850.0000000000   3.4995964582e+02   0.0000000000e+00   1.9016272753e+02
   2851.0000000000   3.5014516705e+02   0.0000000000e+00   1.9027438188e+02
   2852.0000000000   3.5032987250e+02   0.0000000000e+00   1.9039419065e+02
   2853.0000000000   3.5052414743e+02   0.0000000000e+00   1.9050722383e+02
   2854.0000000000   3.5073231985e+02   0.0000000000e+00   1.9061844265e+02
   2855.0000000000   3.5092675683e+02   0.0000000000e+00   1.9072843822e+02
   2856.0000000000   3.5111807631e+02   0.0000000000e+00   1.9083748155e+02
   2857.0000000000   3.5131777500e+02   0.0000000000e+00   1.9094573261e+02
   2858.0000000000   3.5152030323e+02   0.0000000000e+00   1.9105329833e+02
   2859.0000000000   3.5171461938e+02   0.0000000000e+00   1.9116025586e+02
   2860.0000000000   3.5190642556e+02   0.0000000000e+00   1.9126666381e+02
   2861.0000000000   3.5209650642e+02   0.0000000000e+00   1.9137256837e+02
   2862.0000000000   3.5228523074e+02   0.0000000000e+00   1.9147800703e+02
   2863.0000000000   3.5248313707e+02   0.0000000000e+00   1.9158301093e+02
   2864.0000000000   3.5267400887e+02   0.0000000000e+00   1.9168760635e+02
   2865.0000000000   3.5287332211e+02   0.0000000000e+00   1.9179181588e+02
   2866.0000000000   3.5307559292e+02   0.0000000000e+00   1.9189565915e+02
   2867.0000000000   3.5326975769e+02   0.0000000000e+00   1.9199915341e+02
   2868.0000000000   3.5347181302e+02   0.0000000000e+00   1.9211199050e+02
   2869.0000000000   3.5366616062e+02   0.0000000000e+00   1.9221883917e+02
   2870.0000000000   3.5385820557e+02   0.0000000000e+00   1.9232444756e+02
   2871.0000000000   3.5404863679e+02   0.0000000000e+00   1.9242927669e+02
   2872.0000000000   3.5424809893e+02   0.0000000000e+00   1.9253351100e+02
   2873.0000000000   3.5445074338e+02   0.0000000000e+00   1.9263724918e+02
   2874.0000000000   3.5465570905e+02   0.0000000000e+00   1.9274055293e+02
   2875.0000000000   3.5485225973e+02   0.0000000000e+00   1.9285314131e+02
   2876.0000000000   3.5504618636e+02   0.0000000000e+00   1.9295970080e+02
   2877.0000000000   3.5524862883e+02   0.0000000000e+00   1.9308434463e+02
   2878.0000000000   3.5546424833e+02   0.0000000000e+00   1.9319685240e+02
   2879.0000000000   3.5566559740e+02   0.0000000000e+00   1.9331656276e+02
   2880.0000000000   3.5586341051e+02   0.0000000000e+00   1.9343881016e+02
   2881.0000000000   3.5605894446e+02   0.0000000000e+00   1.9355339898e+02
   2882.0000000000   3.5625275113e+02   0.0000000000e+00   1.9366573861e+02
   2883.0000000000   3.5645546401e+02   0.0000000000e+00   1.9377659264e+02
   2884.0000000000   3.5665092405e+02   0.0000000000e+00   1.9388631968e+02
   2885.0000000000   3.5684432646e+02   0.0000000000e+00   1.9399513097e+02
   2886.0000000000   3.5703625950e+02   0.0000000000e+00   1.9410316631e+02
   2887.0000000000   3.5722699366e+02   0.0000000000e+00   1.9421052522e+02
   2888.0000000000   3.5742701141e+02   0.0000000000e+00   1.9432695872e+02
   2889.0000000000   3.5763038076e+02   0.0000000000e+00   1.9444685630e+02
   2890.0000000000   3.5784651033e+02   0.0000000000e+00   1.9455965513e+02
   2891.0000000000   3.5804826830e+02   0.0000000000e+00   1.9468993184e+02
   2892.0000000000   3.5826711245e+02   0.0000000000e+00   1.9480765226e+02
   2893.0000000000   3.5848191929e+02   0.0000000000e+00   1.9492257839e+02
   2894.0000000000   3.5868698695e+02   0.0000000000e+00   1.9503577536e+02
   2895.0000000000   3.5889896107e+02   0.0000000000e+00   1.9514769934e+02
   2896.0000000000   3.5910253353e+02   0.0000000000e+00   1.9525860521e+02
   2897.0000000000   3.5931359346e+02   0.0000000000e+00   1.9536865618e+02
   2898.0000000000   3.5951657184e+02   0.0000000000e+00   1.9547796599e+02
   2899.0000000000   3.5971691778e+02   0.0000000000e+00   1.9558661858e+02
   2900.0000000000   3.5991536065e+02   0.0000000000e+00   1.9569467863e+02
   2901.0000000000   3.6012257928e+02   0.0000000000e+00   1.9581187408e+02
   2902.0000000000   3.6032243443e+02   0.0000000000e+00   1.9592290192e+02
   2903.0000000000   3.6053045255e+02   0.0000000000e+00   1.9603253286e+02
   2904.0000000000   3.6073086699e+02   0.0000000000e+00   1.9614124627e+02
   2905.0000000000   3.6092900577e+02   0.0000000000e+00   1.9624924176e+02
   2906.0000000000   3.6112551820e+02   0.0000000000e+00   1.9635663073e+02
   2907.0000000000   3.6132070821e+02   0.0000000000e+00   1.9646348559e+02
   2908.0000000000   3.6151475987e+02   0.0000000000e+00   1.9656985806e+02
   2909.0000000000   3.6170779992e+02   0.0000000000e+00   1.9667578745e+02
   2910.0000000000   3.6189992252e+02   0.0000000000e+00   1.9678130500e+02
   2911.0000000000   3.6209120127e+02   0.0000000000e+00   1.9688643635e+02
   2912.0000000000   3.6228169582e+02   0.0000000000e+00   1.9699120304e+02
   2913.0000000000   3.6247145576e+02   0.0000000000e+00   1.9709562356e+02
   2914.0000000000   3.6268116140e+02   0.0000000000e+00   1.9719971402e+02
   2915.0000000000   3.6287812132e+02   0.0000000000e+00   1.9730348859e+02
   2916.0000000000   3.6308278694e+02   0.0000000000e+00   1.9740695992e+02
   2917.0000000000   3.6327978190e+02   0.0000000000e+00   1.9751013937e+02
   2918.0000000000   3.6348487225e+02   0.0000000000e+00   1.9762271376e+02
   2919.0000000000   3.6368238694e+02   0.0000000000e+00   1.9772934753e+02
   2920.0000000000   3.6387769569e+02   0.0000000000e+00   1.9783478506e+02
   2921.0000000000   3.6407146584e+02   0.0000000000e+00   1.9793948410e+02
   2922.0000000000   3.6426400806e+02   0.0000000000e+00   1.9804362621e+02
   2923.0000000000   3.6445550748e+02   0.0000000000e+00   1.9814730753e+02
   2924.0000000000   3.6465640804e+02   0.0000000000e+00   1.9825058747e+02
   2925.0000000000   3.6485043665e+02   0.0000000000e+00   1.9836318307e+02
   2926.0000000000   3.6504271316e+02   0.0000000000e+00   1.9846977897e+02
   2927.0000000000   3.6523377261e+02   0.0000000000e+00   1.9857513367e+02
   2928.0000000000   3.6542384608e+02   0.0000000000e+00   1.9868939165e+02
   2929.0000000000   3.6561306681e+02   0.0000000000e+00   1.9879739714e+02
   2930.0000000000   3.6581184281e+02   0.0000000000e+00   1.9890398783e+02
   2931.0000000000   3.6602451327e+02   0.0000000000e+00   1.9900967741e+02
   2932.0000000000   3.6622345086e+02   0.0000000000e+00   1.9911468414e+02
   2933.0000000000   3.6641927622e+02   0.0000000000e+00   1.9921912969e+02
   2934.0000000000   3.6663380628e+02   0.0000000000e+00   1.9933276862e+02
   2935.0000000000   3.6683480869e+02   0.0000000000e+00   1.9944998705e+02
   2936.0000000000   3.6703265577e+02   0.0000000000e+00   1.9956021624e+02
   2937.0000000000   3.6722847862e+02   0.0000000000e+00   1.9966867306e+02
   2938.0000000000   3.6742276738e+02   0.0000000000e+00   1.9977600659e+02
   2939.0000000000   3.6761579968e+02   0.0000000000e+00   1.9988250093e+02
   2940.0000000000   3.6780775561e+02   0.0000000000e+00   1.9998831568e+02
   2941.0000000000   3.6800908121e+02   0.0000000000e+00   2.0009355315e+02
   2942.0000000000   3.6820350734e+02   0.0000000000e+00   2.0019828460e+02
   2943.0000000000   3.6839615789e+02   0.0000000000e+00   2.0030256262e+02
   2944.0000000000   3.6859789073e+02   0.0000000000e+00   2.0040642770e+02
   2945.0000000000   3.6879257636e+02   0.0000000000e+00   2.0051958860e+02
   2946.0000000000   3.6898540107e+02   0.0000000000e+00   2.0062672668e+02
   2947.0000000000   3.6917693593e+02   0.0000000000e+00   2.0073259963e+02
   2948.0000000000   3.6937775274e+02   0.0000000000e+00   2.0083767588e+02
   2949.0000000000   3.6957163481e+02   0.0000000000e+00   2.0094214563e+02
   2950.0000000000   3.6978436907e+02   0.0000000000e+00   2.0104611217e+02
   2951.0000000000   3.7000441730e+02   0.0000000000e+00   2.0116899391e+02
   2952.0000000000   3.7020939327e+02   0.0000000000e+00   2.0128014642e+02
   2953.0000000000   3.7041049639e+02   0.0000000000e+00   2.0138907507e+02
   2954.0000000000   3.7061946985e+02   0.0000000000e+00   2.0150638235e+02
   2955.0000000000   3.7083089871e+02   0.0000000000e+00   2.0161709298e+02
   2956.0000000000   3.7103382521e+02   0.0000000000e+00   2.0173581554e+02
   2957.0000000000   3.7123400801e+02   0.0000000000e+00   2.0184777595e+02
   2958.0000000000   3.7144259114e+02   0.0000000000e+00   2.0195796615e+02
   2959.0000000000   3.7164360946e+02   0.0000000000e+00   2.0206698455e+02
   2960.0000000000   3.7184235560e+02   0.0000000000e+00   2.0218477981e+02
   2961.0000000000   3.7203947463e+02   0.0000000000e+00   2.0230584268e+02
   2962.0000000000   3.7223527342e+02   0.0000000000e+00   2.0242934608e+02
   2963.0000000000   3.7242994025e+02   0.0000000000e+00   2.0254520625e+02
   2964.0000000000   3.7264424385e+02   0.0000000000e+00   2.0265884008e+02
   2965.0000000000   3.7284555378e+02   0.0000000000e+00   2.0277100563e+02
   2966.0000000000   3.7305436566e+02   0.0000000000e+00   2.0288205559e+02
   2967.0000000000   3.7325533646e+02   0.0000000000e+00   2.0299219669e+02
   2968.0000000000   3.7346425806e+02   0.0000000000e+00   2.0311124209e+02
   2969.0000000000   3.7366547988e+02   0.0000000000e+00   2.0322394427e+02
   2970.0000000000   3.7386438814e+02   0.0000000000e+00   2.0333511214e+02
   2971.0000000000   3.7406166373e+02   0.0000000000e+00   2.0344525258e+02
   2972.0000000000   3.7425762852e+02   0.0000000000e+00   2.0355458565e+02
   2973.0000000000   3.7445247706e+02   0.0000000000e+00   2.0366323835e+02
   2974.0000000000   3.7467729941e+02   0.0000000000e+00   2.0378097185e+02
   2975.0000000000   3.7488310157e+02   0.0000000000e+00   2.0390217919e+02
   2976.0000000000   3.7508510976e+02   0.0000000000e+00   2.0401629837e+02
   2977.0000000000   3.7528482350e+02   0.0000000000e+00   2.0412855268e+02
   2978.0000000000   3.7548284993e+02   0.0000000000e+00   2.0423959714e+02
   2979.0000000000   3.7568983581e+02   0.0000000000e+00   2.0434972136e+02
   2980.0000000000   3.7589994192e+02   0.0000000000e+00   2.0445909002e+02
   2981.0000000000   3.7610199628e+02   0.0000000000e+00   2.0457748659e+02
   2982.0000000000   3.7630163296e+02   0.0000000000e+00   2.0468964167e+02
   2983.0000000000   3.7649959753e+02   0.0000000000e+00   2.0480034756e+02
   2984.0000000000   3.7670655401e+02   0.0000000000e+00   2.0491977473e+02
   2985.0000000000   3.7691666175e+02   0.0000000000e+00   2.0504246454e+02
   2986.0000000000   3.7711874436e+02   0.0000000000e+00   2.0515792656e+02
   2987.0000000000   3.7731843153e+02   0.0000000000e+00   2.0527142421e+02
   2988.0000000000   3.7752678430e+02   0.0000000000e+00   2.0539331390e+02
   2989.0000000000   3.7772778079e+02   0.0000000000e+00   2.0550855668e+02
   2990.0000000000   3.7793699213e+02   0.0000000000e+00   2.0562206442e+02
   2991.0000000000   3.7814898855e+02   0.0000000000e+00   2.0573440216e+02
   2992.0000000000   3.7835274045e+02   0.0000000000e+00   2.0584582579e+02
   2993.0000000000   3.7855394826e+02   0.0000000000e+00   2.0595648588e+02
   2994.0000000000   3.7875339396e+02   0.0000000000e+00   2.0607615979e+02
   2995.0000000000   3.7896176361e+02   0.0000000000e+00   2.0618957562e+02
   2996.0000000000   3.7917323104e+02   0.0000000000e+00   2.0630152489e+02
   2997.0000000000   3.7937662984e+02   0.0000000000e+00   2.0642217813e+02
   2998.0000000000   3.7958791603e+02   0.0000000000e+00   2.0654607717e+02
   2999.0000000000   3.7979147310e+02   0.0000000000e+00   2.0666273223e+02
   3000.0000000000   3.7999269743e+02   0.0000000000e+00   2.0677740749e+02
   3001.0000000000   3.8019227382e+02   0.0000000000e+00   2.0690046006e+02
   3002.0000000000   3.8039052600e+02   0.0000000000e+00   2.0702652830e+02
   3003.0000000000   3.8059796869e+02   0.0000000000e+00   2.0714517981e+02
   3004.0000000000   3.8079837159e+02   0.0000000000e+00   2.0726171609e+02
   3005.0000000000   3.8100720226e+02   0.0000000000e+00   2.0737684346e+02
   3006.0000000000   3.8120865244e+02   0.0000000000e+00   2.0749088731e+02
   3007.0000000000   3.8140801904e+02   0.0000000000e+00   2.0760403833e+02
   3008.0000000000   3.8161624624e+02   0.0000000000e+00   2.0771642313e+02
   3009.0000000000   3.8182757381e+02   0.0000000000e+00   2.0782813244e+02
   3010.0000000000   3.8203085638e+02   0.0000000000e+00   2.0793923486e+02
   3011.0000000000   3.8223173744e+02   0.0000000000e+00   2.0804978424e+02
   3012.0000000000   3.8243096552e+02   0.0000000000e+00   2.0815982413e+02
   3013.0000000000   3.8262888582e+02   0.0000000000e+00   2.0826939057e+02
   3014.0000000000   3.8282570161e+02   0.0000000000e+00   2.0837851392e+02
   3015.0000000000   3.8303186790e+02   0.0000000000e+00   2.0848722020e+02
   3016.0000000000   3.8323111914e+02   0.0000000000e+00   2.0859553194e+02
   3017.0000000000   3.8342858061e+02   0.0000000000e+00   2.0870346890e+02
   3018.0000000000   3.8362479159e+02   0.0000000000e+00   2.0881104857e+02
   3019.0000000000   3.8383030565e+02   0.0000000000e+00   2.0891828654e+02
   3020.0000000000   3.8402889492e+02   0.0000000000e+00   2.0902519684e+02
   3021.0000000000   3.8422570095e+02   0.0000000000e+00   2.0913179212e+02
   3022.0000000000   3.8442127034e+02   0.0000000000e+00   2.0923808392e+02
   3023.0000000000   3.8461584079e+02   0.0000000000e+00   2.0934408275e+02
   3024.0000000000   3.8480954951e+02   0.0000000000e+00   2.0944979830e+02
   3025.0000000000   3.8502312614e+02   0.0000000000e+00   2.0955523948e+02
   3026.0000000000   3.8522390946e+02   0.0000000000e+00   2.0966041452e+02
   3027.0000000000   3.8542205129e+02   0.0000000000e+00   2.0976533110e+02
   3028.0000000000   3.8561855220e+02   0.0000000000e+00   2.0986999634e+02
   3029.0000000000   3.8581381792e+02   0.0000000000e+00   2.0997441690e+02
   3030.0000000000   3.8600806787e+02   0.0000000000e+00   2.1008827558e+02
   3031.0000000000   3.8620144016e+02   0.0000000000e+00   2.1019623329e+02
   3032.0000000000   3.8639403035e+02   0.0000000000e+00   2.1031270790e+02
   3033.0000000000   3.8659622806e+02   0.0000000000e+00   2.1043248606e+02
   3034.0000000000   3.8679172398e+02   0.0000000000e+00   2.1055481435e+02
   3035.0000000000   3.8700625030e+02   0.0000000000e+00   2.1067930403e+02
   3036.0000000000   3.8720759503e+02   0.0000000000e+00   2.1079602756e+02
   3037.0000000000   3.8741639397e+02   0.0000000000e+00   2.1091047297e+02
   3038.0000000000   3.8761736399e+02   0.0000000000e+00   2.1102343481e+02
   3039.0000000000   3.8783664441e+02   0.0000000000e+00   2.1113528566e+02
   3040.0000000000   3.8804223460e+02   0.0000000000e+00   2.1124624340e+02
   3041.0000000000   3.8825489660e+02   0.0000000000e+00   2.1135645096e+02
   3042.0000000000   3.8845942960e+02   0.0000000000e+00   2.1146600912e+02
   3043.0000000000   3.8867171093e+02   0.0000000000e+00   2.1157499264e+02
   3044.0000000000   3.8887614529e+02   0.0000000000e+00   2.1168345914e+02
   3045.0000000000   3.8908847557e+02   0.0000000000e+00   2.1179145432e+02
   3046.0000000000   3.8930336443e+02   0.0000000000e+00   2.1190869188e+02
   3047.0000000000   3.8950983949e+02   0.0000000000e+00   2.1201985766e+02
   3048.0000000000   3.8971363962e+02   0.0000000000e+00   2.1212971337e+02
   3049.0000000000   3.8991557409e+02   0.0000000000e+00   2.1223873098e+02
   3050.0000000000   3.9011602999e+02   0.0000000000e+00   2.1234710386e+02
   3051.0000000000   3.9031524120e+02   0.0000000000e+00   2.1245493808e+02
   3052.0000000000   3.9051336678e+02   0.0000000000e+00   2.1256230145e+02
   3053.0000000000   3.9071052304e+02   0.0000000000e+00   2.1266924162e+02
   3054.0000000000   3.9091711843e+02   0.0000000000e+00   2.1278547088e+02
   3055.0000000000   3.9112717930e+02   0.0000000000e+00   2.1289567233e+02
   3056.0000000000   3.9133976932e+02   0.0000000000e+00   2.1300460452e+02
   3057.0000000000   3.9154410321e+02   0.0000000000e+00   2.1311273627e+02
   3058.0000000000   3.9174593808e+02   0.0000000000e+00   2.1322025795e+02
   3059.0000000000   3.9194607038e+02   0.0000000000e+00   2.1333694939e+02
   3060.0000000000   3.9214486889e+02   0.0000000000e+00   2.1344753097e+02
   3061.0000000000   3.9234254980e+02   0.0000000000e+00   2.1355678389e+02
   3062.0000000000   3.9254957565e+02   0.0000000000e+00   2.1366519169e+02
   3063.0000000000   3.9274968553e+02   0.0000000000e+00   2.1377295483e+02
   3064.0000000000   3.9294800774e+02   0.0000000000e+00   2.1388018379e+02
   3065.0000000000   3.9315540262e+02   0.0000000000e+00   2.1398694917e+02
   3066.0000000000   3.9337638027e+02   0.0000000000e+00   2.1410297688e+02
   3067.0000000000   3.9359371922e+02   0.0000000000e+00   2.1421295876e+02
   3068.0000000000   3.9380172778e+02   0.0000000000e+00   2.1433133578e+02
   3069.0000000000   3.9400666876e+02   0.0000000000e+00   2.1445291244e+02
   3070.0000000000   3.9423017915e+02   0.0000000000e+00   2.1456727289e+02
   3071.0000000000   3.9444000632e+02   0.0000000000e+00   2.1468938474e+02
   3072.0000000000   3.9464653117e+02   0.0000000000e+00   2.1480459403e+02
   3073.0000000000   3.9485089883e+02   0.0000000000e+00   2.1491794676e+02
   3074.0000000000   3.9505361338e+02   0.0000000000e+00   2.1503974637e+02
   3075.0000000000   3.9525496490e+02   0.0000000000e+00   2.1515493673e+02
   3076.0000000000   3.9546546341e+02   0.0000000000e+00   2.1526842327e+02
   3077.0000000000   3.9566888132e+02   0.0000000000e+00   2.1538076833e+02
   3078.0000000000   3.9587037164e+02   0.0000000000e+00   2.1549222654e+02
   3079.0000000000   3.9607049465e+02   0.0000000000e+00   2.1560294774e+02
   3080.0000000000   3.9626950126e+02   0.0000000000e+00   2.1571303221e+02
   3081.0000000000   3.9646754058e+02   0.0000000000e+00   2.1582255251e+02
   3082.0000000000   3.9666471459e+02   0.0000000000e+00   2.1593156384e+02
   3083.0000000000   3.9686109897e+02   0.0000000000e+00   2.1604010985e+02
   3084.0000000000   3.9705675299e+02   0.0000000000e+00   2.1615790252e+02
   3085.0000000000   3.9725172481e+02   0.0000000000e+00   2.1626962636e+02
   3086.0000000000   3.9745637369e+02   0.0000000000e+00   2.1638004204e+02
   3087.0000000000   3.9765436998e+02   0.0000000000e+00   2.1648962075e+02
   3088.0000000000   3.9785079359e+02   0.0000000000e+00   2.1659855524e+02
   3089.0000000000   3.9804615022e+02   0.0000000000e+00   2.1670695113e+02
   3090.0000000000   3.9824064872e+02   0.0000000000e+00   2.1681487589e+02
   3091.0000000000   3.9844472407e+02   0.0000000000e+00   2.1692237693e+02
   3092.0000000000   3.9864208760e+02   0.0000000000e+00   2.1703916637e+02
   3093.0000000000   3.9883784331e+02   0.0000000000e+00   2.1714992718e+02
   3094.0000000000   3.9903251193e+02   0.0000000000e+00   2.1725941786e+02
   3095.0000000000   3.9922631204e+02   0.0000000000e+00   2.1736810717e+02
   3096.0000000000   3.9942968513e+02   0.0000000000e+00   2.1747618546e+02
   3097.0000000000   3.9962634691e+02   0.0000000000e+00   2.1758375604e+02
   3098.0000000000   3.9983172353e+02   0.0000000000e+00   2.1770056076e+02
   3099.0000000000   4.0002997391e+02   0.0000000000e+00   2.1781130014e+02
   3100.0000000000   4.0023668746e+02   0.0000000000e+00   2.1792074371e+02
   3101.0000000000   4.0043610339e+02   0.0000000000e+00   2.1803904411e+02
   3102.0000000000   4.0063353805e+02   0.0000000000e+00   2.1815105184e+02
   3103.0000000000   4.0082962363e+02   0.0000000000e+00   2.1826160959e+02
   3104.0000000000   4.0102464591e+02   0.0000000000e+00   2.1837123516e+02
   3105.0000000000   4.0121877141e+02   0.0000000000e+00   2.1848015016e+02
   3106.0000000000   4.0142242956e+02   0.0000000000e+00   2.1859815572e+02
   3107.0000000000   4.0161933563e+02   0.0000000000e+00   2.1870998738e+02
   3108.0000000000   4.0181459981e+02   0.0000000000e+00   2.1883011410e+02
   3109.0000000000   4.0200874901e+02   0.0000000000e+00   2.1894368304e+02
   3110.0000000000   4.0220200736e+02   0.0000000000e+00   2.1905563712e+02
   3111.0000000000   4.0239450201e+02   0.0000000000e+00   2.1916654197e+02
   3112.0000000000   4.0258631655e+02   0.0000000000e+00   2.1927664670e+02
   3113.0000000000   4.0278783020e+02   0.0000000000e+00   2.1939577011e+02
   3114.0000000000   4.0298272499e+02   0.0000000000e+00   2.1950866003e+02
   3115.0000000000   4.0317608772e+02   0.0000000000e+00   2.1962011793e+02
   3116.0000000000   4.0336842815e+02   0.0000000000e+00   2.1973064280e+02
   3117.0000000000   4.0357027642e+02   0.0000000000e+00   2.1984044717e+02
   3118.0000000000   4.0376538563e+02   0.0000000000e+00   2.1994965123e+02
   3119.0000000000   4.0395888151e+02   0.0000000000e+00   2.2005833343e+02
   3120.0000000000   4.0415129731e+02   0.0000000000e+00   2.2016654967e+02
   3121.0000000000   4.0434285927e+02   0.0000000000e+00   2.2027434219e+02
   3122.0000000000   4.0453369466e+02   0.0000000000e+00   2.2038174424e+02
   3123.0000000000   4.0472388625e+02   0.0000000000e+00   2.2048878281e+02
   3124.0000000000   4.0492381197e+02   0.0000000000e+00   2.2059548037e+02
   3125.0000000000   4.0511715235e+02   0.0000000000e+00   2.2070185593e+02
   3126.0000000000   4.0530899270e+02   0.0000000000e+00   2.2081760244e+02
   3127.0000000000   4.0552047942e+02   0.0000000000e+00   2.2092738926e+02
   3128.0000000000   4.0571909442e+02   0.0000000000e+00   2.2103596477e+02
   3129.0000000000   4.0591505383e+02   0.0000000000e+00   2.2114379003e+02
   3130.0000000000   4.0610939127e+02   0.0000000000e+00   2.2126072589e+02
   3131.0000000000   4.0632316888e+02   0.0000000000e+00   2.2138120240e+02
   3132.0000000000   4.0652388883e+02   0.0000000000e+00   2.2149467176e+02
   3133.0000000000   4.0672179584e+02   0.0000000000e+00   2.2160636175e+02
   3134.0000000000   4.0691794828e+02   0.0000000000e+00   2.2171692740e+02
   3135.0000000000   4.0712310916e+02   0.0000000000e+00   2.2183633275e+02
   3136.0000000000   4.0732116050e+02   0.0000000000e+00   2.2194939443e+02
   3137.0000000000   4.0752762860e+02   0.0000000000e+00   2.2207062821e+02
   3138.0000000000   4.0772673868e+02   0.0000000000e+00   2.2218521091e+02
   3139.0000000000   4.0793412675e+02   0.0000000000e+00   2.2230778203e+02
   3140.0000000000   4.0813406633e+02   0.0000000000e+00   2.2242357650e+02
   3141.0000000000   4.0834221891e+02   0.0000000000e+00   2.2253758968e+02
   3142.0000000000   4.0854287319e+02   0.0000000000e+00   2.2265042164e+02
   3143.0000000000   4.0874138141e+02   0.0000000000e+00   2.2276234556e+02
   3144.0000000000   4.0894872202e+02   0.0000000000e+00   2.2288319790e+02
   3145.0000000000   4.0914883809e+02   0.0000000000e+00   2.2299773989e+02
   3146.0000000000   4.0934696327e+02   0.0000000000e+00   2.2311078347e+02
   3147.0000000000   4.0955402043e+02   0.0000000000e+00   2.2322283597e+02
   3148.0000000000   4.0975392197e+02   0.0000000000e+00   2.2333411676e+02
   3149.0000000000   4.0995188282e+02   0.0000000000e+00   2.2344475162e+02
   3150.0000000000   4.1014849448e+02   0.0000000000e+00   2.2355482372e+02
   3151.0000000000   4.1034402477e+02   0.0000000000e+00   2.2366439295e+02
   3152.0000000000   4.1053863228e+02   0.0000000000e+00   2.2377350495e+02
   3153.0000000000   4.1073242433e+02   0.0000000000e+00   2.2388219593e+02
   3154.0000000000   4.1092547952e+02   0.0000000000e+00   2.2399049543e+02
   3155.0000000000   4.1111785851e+02   0.0000000000e+00   2.2409842815e+02
   3156.0000000000   4.1130960995e+02   0.0000000000e+00   2.2420601512e+02
   3157.0000000000   4.1151109297e+02   0.0000000000e+00   2.2431327446e+02
   3158.0000000000   4.1170597742e+02   0.0000000000e+00   2.2442022204e+02
   3159.0000000000   4.1189934245e+02   0.0000000000e+00   2.2452687185e+02
   3160.0000000000   4.1211233102e+02   0.0000000000e+00   2.2463323635e+02
   3161.0000000000   4.1232274231e+02   0.0000000000e+00   2.2473932673e+02
   3162.0000000000   4.1252442783e+02   0.0000000000e+00   2.2484515311e+02
   3163.0000000000   4.1272347135e+02   0.0000000000e+00   2.2495072466e+02
   3164.0000000000   4.1292077688e+02   0.0000000000e+00   2.2505604979e+02
   3165.0000000000   4.1311676071e+02   0.0000000000e+00   2.2516113619e+02
   3166.0000000000   4.1332198215e+02   0.0000000000e+00   2.2526599097e+02
   3167.0000000000   4.1353055282e+02   0.0000000000e+00   2.2537062070e+02
   3168.0000000000   4.1374158828e+02   0.0000000000e+00   2.2548470802e+02
   3169.0000000000   4.1394433645e+02   0.0000000000e+00   2.2559291369e+02
   3170.0000000000   4.1415489552e+02   0.0000000000e+00   2.2569997883e+02
   3171.0000000000   4.1435771303e+02   0.0000000000e+00   2.2580635824e+02
   3172.0000000000   4.1456853747e+02   0.0000000000e+00   2.2591223085e+02
   3173.0000000000   4.1477170808e+02   0.0000000000e+00   2.2602736696e+02
   3174.0000000000   4.1497260950e+02   0.0000000000e+00   2.2613647889e+02
   3175.0000000000   4.1517192325e+02   0.0000000000e+00   2.2625401747e+02
   3176.0000000000   4.1536997227e+02   0.0000000000e+00   2.2636511537e+02
   3177.0000000000   4.1557727101e+02   0.0000000000e+00   2.2647470366e+02
   3178.0000000000   4.1577758894e+02   0.0000000000e+00   2.2659301463e+02
   3179.0000000000   4.1597607413e+02   0.0000000000e+00   2.2670494414e+02
   3180.0000000000   4.1617328162e+02   0.0000000000e+00   2.2681536313e+02
   3181.0000000000   4.1636945736e+02   0.0000000000e+00   2.2695383771e+02
   3182.0000000000   4.1657506495e+02   0.0000000000e+00   2.2708424418e+02
   3183.0000000000   4.1677383835e+02   0.0000000000e+00   2.2720557881e+02
   3184.0000000000   4.1697089977e+02   0.0000000000e+00   2.2732401417e+02
   3185.0000000000   4.1716678480e+02   0.0000000000e+00   2.2744058453e+02
   3186.0000000000   4.1736172432e+02   0.0000000000e+00   2.2755577830e+02
   3187.0000000000   4.1756617012e+02   0.0000000000e+00   2.2767955648e+02
   3188.0000000000   4.1777416568e+02   0.0000000000e+00   2.2779675970e+02
   3189.0000000000   4.1797446157e+02   0.0000000000e+00   2.2791225398e+02
   3190.0000000000   4.1817263723e+02   0.0000000000e+00   2.2802658540e+02
   3191.0000000000   4.1839003605e+02   0.0000000000e+00   2.2814000207e+02
   3192.0000000000   4.1859424424e+02   0.0000000000e+00   2.2825265178e+02
   3193.0000000000   4.1879554203e+02   0.0000000000e+00   2.2836463498e+02
   3194.0000000000   4.1899500631e+02   0.0000000000e+00   2.2847602533e+02
   3195.0000000000   4.1919309213e+02   0.0000000000e+00   2.2858687970e+02
   3196.0000000000   4.1939005290e+02   0.0000000000e+00   2.2869724353e+02
   3197.0000000000   4.1959637019e+02   0.0000000000e+00   2.2881683064e+02
   3198.0000000000   4.1981643202e+02   0.0000000000e+00   2.2893032731e+02
   3199.0000000000   4.2002264529e+02   0.0000000000e+00   2.2904249590e+02
   3200.0000000000   4.2023597476e+02   0.0000000000e+00   2.2915380916e+02
   3201.0000000000   4.2044125416e+02   0.0000000000e+00   2.2927413786e+02
   3202.0000000000   4.2064404367e+02   0.0000000000e+00   2.2938824403e+02
   3203.0000000000   4.2084510626e+02   0.0000000000e+00   2.2950093215e+02
   3204.0000000000   4.2104480857e+02   0.0000000000e+00   2.2961270064e+02
   3205.0000000000   4.2124337185e+02   0.0000000000e+00   2.2972376033e+02
   3206.0000000000   4.2144094583e+02   0.0000000000e+00   2.2983422946e+02
   3207.0000000000   4.2163763933e+02   0.0000000000e+00   2.2994418467e+02
   3208.0000000000   4.2184385446e+02   0.0000000000e+00   2.3005368027e+02
   3209.0000000000   4.2206393121e+02   0.0000000000e+00   2.3016275714e+02
   3210.0000000000   4.2227024553e+02   0.0000000000e+00   2.3027144737e+02
   3211.0000000000   4.2248374114e+02   0.0000000000e+00   2.3037977704e+02
   3212.0000000000   4.2269955609e+02   0.0000000000e+00   2.3048776783e+02
   3213.0000000000   4.2290687596e+02   0.0000000000e+00   2.3060511467e+02
   3214.0000000000   4.2311150599e+02   0.0000000000e+00   2.3071648852e+02
   3215.0000000000   4.2331428647e+02   0.0000000000e+00   2.3082663903e+02
   3216.0000000000   4.2351561978e+02   0.0000000000e+00   2.3094570486e+02
   3217.0000000000   4.2371574726e+02   0.0000000000e+00   2.3106820280e+02
   3218.0000000000   4.2392515050e+02   0.0000000000e+00   2.3118362292e+02
   3219.0000000000   4.2412758318e+02   0.0000000000e+00   2.3129721285e+02
   3220.0000000000   4.2432818496e+02   0.0000000000e+00   2.3140963940e+02
   3221.0000000000   4.2452750604e+02   0.0000000000e+00   2.3152119762e+02
   3222.0000000000   4.2473610851e+02   0.0000000000e+00   2.3163205431e+02
   3223.0000000000   4.2493777122e+02   0.0000000000e+00   2.3174231669e+02
   3224.0000000000   4.2513764111e+02   0.0000000000e+00   2.3186173603e+02
   3225.0000000000   4.2533626912e+02   0.0000000000e+00   2.3197502256e+02
   3226.0000000000   4.2553389651e+02   0.0000000000e+00   2.3208695450e+02
   3227.0000000000   4.2573066339e+02   0.0000000000e+00   2.3219801541e+02
   3228.0000000000   4.2593698273e+02   0.0000000000e+00   2.3230840700e+02
   3229.0000000000   4.2613655920e+02   0.0000000000e+00   2.3242791805e+02
   3230.0000000000   4.2633449602e+02   0.0000000000e+00   2.3254127607e+02
   3231.0000000000   4.2653131546e+02   0.0000000000e+00   2.3265326808e+02
   3232.0000000000   4.2672723860e+02   0.0000000000e+00   2.3276438243e+02
   3233.0000000000   4.2692239057e+02   0.0000000000e+00   2.3287482357e+02
   3234.0000000000   4.2711685370e+02   0.0000000000e+00   2.3298470536e+02
   3235.0000000000   4.2731068736e+02   0.0000000000e+00   2.3310377778e+02
   3236.0000000000   4.2750393704e+02   0.0000000000e+00   2.3321674774e+02
   3237.0000000000   4.2769663917e+02   0.0000000000e+00   2.3332838994e+02
   3238.0000000000   4.2789914288e+02   0.0000000000e+00   2.3343918467e+02
   3239.0000000000   4.2809510976e+02   0.0000000000e+00   2.3354933084e+02
   3240.0000000000   4.2829993109e+02   0.0000000000e+00   2.3365893827e+02
   3241.0000000000   4.2849774190e+02   0.0000000000e+00   2.3376807737e+02
   3242.0000000000   4.2869379527e+02   0.0000000000e+00   2.3388647417e+02
   3243.0000000000   4.2888868143e+02   0.0000000000e+00   2.3399882076e+02
   3244.0000000000   4.2910329472e+02   0.0000000000e+00   2.3410988188e+02
   3245.0000000000   4.2930505207e+02   0.0000000000e+00   2.3422013080e+02
   3246.0000000000   4.2951446675e+02   0.0000000000e+00   2.3432976118e+02
   3247.0000000000   4.2971620039e+02   0.0000000000e+00   2.3443887882e+02
   3248.0000000000   4.2992604337e+02   0.0000000000e+00   2.3454755095e+02
   3249.0000000000   4.3012834077e+02   0.0000000000e+00   2.3465582452e+02
   3250.0000000000   4.3032847307e+02   0.0000000000e+00   2.3476373444e+02
   3251.0000000000   4.3053743401e+02   0.0000000000e+00   2.3488098446e+02
   3252.0000000000   4.3074949435e+02   0.0000000000e+00   2.3499225158e+02
   3253.0000000000   4.3096384793e+02   0.0000000000e+00   2.3510228975e+02
   3254.0000000000   4.3116978770e+02   0.0000000000e+00   2.3522124071e+02
   3255.0000000000   4.3137312146e+02   0.0000000000e+00   2.3533394698e+02
   3256.0000000000   4.3157468012e+02   0.0000000000e+00   2.3544524523e+02
   3257.0000000000   4.3177485683e+02   0.0000000000e+00   2.3557500163e+02
   3258.0000000000   4.3197388541e+02   0.0000000000e+00   2.3569274422e+02
   3259.0000000000   4.3218224149e+02   0.0000000000e+00   2.3580806612e+02
   3260.0000000000   4.3238367402e+02   0.0000000000e+00   2.3592194496e+02
   3261.0000000000   4.3259363789e+02   0.0000000000e+00   2.3603478375e+02
   3262.0000000000   4.3280663535e+02   0.0000000000e+00   2.3614680165e+02
   3263.0000000000   4.3301159311e+02   0.0000000000e+00   2.3625813616e+02
   3264.0000000000   4.3322450065e+02   0.0000000000e+00   2.3636888152e+02
   3265.0000000000   4.3342975429e+02   0.0000000000e+00   2.3648878291e+02
   3266.0000000000   4.3364307396e+02   0.0000000000e+00   2.3660254763e+02
   3267.0000000000   4.3384878127e+02   0.0000000000e+00   2.3671495263e+02
   3268.0000000000   4.3405224919e+02   0.0000000000e+00   2.3683615754e+02
   3269.0000000000   4.3426447031e+02   0.0000000000e+00   2.3695101914e+02
   3270.0000000000   4.3446939793e+02   0.0000000000e+00   2.3706438568e+02
   3271.0000000000   4.3467227347e+02   0.0000000000e+00   2.3717677982e+02
   3272.0000000000   4.3487370683e+02   0.0000000000e+00   2.3729810395e+02
   3273.0000000000   4.3507397922e+02   0.0000000000e+00   2.3741314143e+02
   3274.0000000000   4.3527325944e+02   0.0000000000e+00   2.3752671175e+02
   3275.0000000000   4.3547166278e+02   0.0000000000e+00   2.3763932424e+02
   3276.0000000000   4.3566927425e+02   0.0000000000e+00   2.3775119789e+02
   3277.0000000000   4.3586615979e+02   0.0000000000e+00   2.3787213370e+02
   3278.0000000000   4.3606237242e+02   0.0000000000e+00   2.3798686819e+02
   3279.0000000000   4.3626827501e+02   0.0000000000e+00   2.3810987184e+02
   3280.0000000000   4.3646754062e+02   0.0000000000e+00   2.3822629343e+02
   3281.0000000000   4.3667557027e+02   0.0000000000e+00   2.3834107758e+02
   3282.0000000000   4.3687650730e+02   0.0000000000e+00   2.3845479152e+02
   3283.0000000000   4.3709625017e+02   0.0000000000e+00   2.3856768588e+02
   3284.0000000000   4.3730266761e+02   0.0000000000e+00   2.3867990436e+02
   3285.0000000000   4.3750612178e+02   0.0000000000e+00   2.3880121758e+02
   3286.0000000000   4.3770772161e+02   0.0000000000e+00   2.3891634749e+02
   3287.0000000000   4.3790793667e+02   0.0000000000e+00   2.3903008015e+02
   3288.0000000000   4.3810702742e+02   0.0000000000e+00   2.3914290474e+02
   3289.0000000000   4.3831547899e+02   0.0000000000e+00   2.3925502725e+02
   3290.0000000000   4.3851704297e+02   0.0000000000e+00   2.3937623983e+02
   3291.0000000000   4.3871685484e+02   0.0000000000e+00   2.3949127275e+02
   3292.0000000000   4.3891545997e+02   0.0000000000e+00   2.3960491535e+02
   3293.0000000000   4.3911309652e+02   0.0000000000e+00   2.3971765792e+02
   3294.0000000000   4.3930990260e+02   0.0000000000e+00   2.3982970662e+02
   3295.0000000000   4.3950597058e+02   0.0000000000e+00   2.3994117680e+02
   3296.0000000000   4.3971168685e+02   0.0000000000e+00   2.4005214321e+02
   3297.0000000000   4.3992105847e+02   0.0000000000e+00   2.4016265886e+02
   3298.0000000000   4.4012281340e+02   0.0000000000e+00   2.4027276370e+02
   3299.0000000000   4.4033283501e+02   0.0000000000e+00   2.4038248914e+02
   3300.0000000000   4.4053545390e+02   0.0000000000e+00   2.4050153724e+02
   3301.0000000000   4.4073602630e+02   0.0000000000e+00   2.4062426084e+02
   3302.0000000000   4.4093520551e+02   0.0000000000e+00   2.4074006887e+02
   3303.0000000000   4.4113328992e+02   0.0000000000e+00   2.4085416251e+02
   3304.0000000000   4.4134077344e+02   0.0000000000e+00   2.4096717945e+02
   3305.0000000000   4.4154140836e+02   0.0000000000e+00   2.4108907187e+02
   3306.0000000000   4.4174032839e+02   0.0000000000e+00   2.4120464801e+02
   3307.0000000000   4.4193807648e+02   0.0000000000e+00   2.4131874096e+02
   3308.0000000000   4.4213488825e+02   0.0000000000e+00   2.4144154446e+02
   3309.0000000000   4.4234121853e+02   0.0000000000e+00   2.4155793730e+02
   3310.0000000000   4.4254079368e+02   0.0000000000e+00   2.4167278261e+02
   3311.0000000000   4.4273872931e+02   0.0000000000e+00   2.4178661348e+02
   3312.0000000000   4.4293555527e+02   0.0000000000e+00   2.4189966336e+02
   3313.0000000000   4.4314181645e+02   0.0000000000e+00   2.4201206617e+02
   3314.0000000000   4.4334127719e+02   0.0000000000e+00   2.4212390989e+02
   3315.0000000000   4.4353907207e+02   0.0000000000e+00   2.4223525732e+02
   3316.0000000000   4.4373574142e+02   0.0000000000e+00   2.4234615584e+02
   3317.0000000000   4.4393151730e+02   0.0000000000e+00   2.4245664264e+02
   3318.0000000000   4.4412653186e+02   0.0000000000e+00   2.4256674784e+02
   3319.0000000000   4.4432087193e+02   0.0000000000e+00   2.4267649634e+02
   3320.0000000000   4.4453523803e+02   0.0000000000e+00   2.4278590922e+02
   3321.0000000000   4.4474726894e+02   0.0000000000e+00   2.4289500452e+02
   3322.0000000000   4.4495073895e+02   0.0000000000e+00   2.4300379791e+02
   3323.0000000000   4.4515168859e+02   0.0000000000e+00   2.4311230317e+02
   3324.0000000000   4.4535099503e+02   0.0000000000e+00   2.4322053252e+02
   3325.0000000000   4.4554905679e+02   0.0000000000e+00   2.4332849685e+02
   3326.0000000000   4.4574610156e+02   0.0000000000e+00   2.4343620601e+02
   3327.0000000000   4.4594227658e+02   0.0000000000e+00   2.4355334544e+02
   3328.0000000000   4.4613768498e+02   0.0000000000e+00   2.4366457833e+02
   3329.0000000000   4.4633240313e+02   0.0000000000e+00   2.4377464790e+02
   3330.0000000000   4.4653680909e+02   0.0000000000e+00   2.4388401085e+02
   3331.0000000000   4.4674490511e+02   0.0000000000e+00   2.4399284773e+02
   3332.0000000000   4.4694541605e+02   0.0000000000e+00   2.4410125377e+02
   3333.0000000000   4.4715422312e+02   0.0000000000e+00   2.4422864059e+02
   3334.0000000000   4.4735565528e+02   0.0000000000e+00   2.4434435802e+02
   3335.0000000000   4.4756538652e+02   0.0000000000e+00   2.4448693606e+02
   3336.0000000000   4.4777802424e+02   0.0000000000e+00   2.4461126158e+02
   3337.0000000000   4.4798255224e+02   0.0000000000e+00   2.4473190788e+02
   3338.0000000000   4.4818467444e+02   0.0000000000e+00   2.4485041744e+02
   3339.0000000000   4.4838517171e+02   0.0000000000e+00   2.4496743108e+02
   3340.0000000000   4.4859472693e+02   0.0000000000e+00   2.4508329624e+02
   3341.0000000000   4.4880750975e+02   0.0000000000e+00   2.4519822903e+02
   3342.0000000000   4.4901234922e+02   0.0000000000e+00   2.4531237598e+02
   3343.0000000000   4.4922519672e+02   0.0000000000e+00   2.4542584246e+02
   3344.0000000000   4.4943043120e+02   0.0000000000e+00   2.4553870767e+02
   3345.0000000000   4.4963344468e+02   0.0000000000e+00   2.4565103317e+02
   3346.0000000000   4.4983491777e+02   0.0000000000e+00   2.4577254463e+02
   3347.0000000000   4.5004548933e+02   0.0000000000e+00   2.4588793720e+02
   3348.0000000000   4.5024898739e+02   0.0000000000e+00   2.4600197998e+02
   3349.0000000000   4.5046091134e+02   0.0000000000e+00   2.4611515092e+02
   3350.0000000000   4.5067579100e+02   0.0000000000e+00   2.4622764826e+02
   3351.0000000000   4.5088257133e+02   0.0000000000e+00   2.4633958215e+02
   3352.0000000000   4.5108693550e+02   0.0000000000e+00   2.4645102377e+02
   3353.0000000000   4.5128965292e+02   0.0000000000e+00   2.4656202370e+02
   3354.0000000000   4.5149108109e+02   0.0000000000e+00   2.4667262014e+02
   3355.0000000000   4.5170175017e+02   0.0000000000e+00   2.4678284324e+02
   3356.0000000000   4.5190543738e+02   0.0000000000e+00   2.4689271760e+02
   3357.0000000000   4.5212793298e+02   0.0000000000e+00   2.4700226381e+02
   3358.0000000000   4.5234738547e+02   0.0000000000e+00   2.4711149939e+02
   3359.0000000000   4.5255777857e+02   0.0000000000e+00   2.4722043953e+02
   3360.0000000000   4.5277558613e+02   0.0000000000e+00   2.4732909753e+02
   3361.0000000000   4.5298539370e+02   0.0000000000e+00   2.4743748519e+02
   3362.0000000000   4.5319269995e+02   0.0000000000e+00   2.4754561305e+02
   3363.0000000000   4.5339824896e+02   0.0000000000e+00   2.4766316716e+02
   3364.0000000000   4.5360240190e+02   0.0000000000e+00   2.4777481119e+02
   3365.0000000000   4.5381569854e+02   0.0000000000e+00   2.4788528881e+02
   3366.0000000000   4.5402192609e+02   0.0000000000e+00   2.4799505707e+02
   3367.0000000000   4.5422624566e+02   0.0000000000e+00   2.4810429685e+02
   3368.0000000000   4.5442922225e+02   0.0000000000e+00   2.4823245674e+02
   3369.0000000000   4.5463110956e+02   0.0000000000e+00   2.4834890566e+02
   3370.0000000000   4.5484237750e+02   0.0000000000e+00   2.4846315509e+02
   3371.0000000000   4.5506740334e+02   0.0000000000e+00   2.4858581027e+02
   3372.0000000000   4.5527858588e+02   0.0000000000e+00   2.4870189689e+02
   3373.0000000000   4.5548656487e+02   0.0000000000e+00   2.4882602358e+02
   3374.0000000000   4.5570285288e+02   0.0000000000e+00   2.4894341580e+02
   3375.0000000000   4.5591159306e+02   0.0000000000e+00   2.4905906480e+02
   3376.0000000000   4.5611811694e+02   0.0000000000e+00   2.4917356813e+02
   3377.0000000000   4.5632308376e+02   0.0000000000e+00   2.4928719702e+02
   3378.0000000000   4.5653712350e+02   0.0000000000e+00   2.4940010970e+02
   3379.0000000000   4.5674406021e+02   0.0000000000e+00   2.4951241077e+02
   3380.0000000000   4.5696971061e+02   0.0000000000e+00   2.4962417492e+02
   3381.0000000000   4.5719223998e+02   0.0000000000e+00   2.4973545830e+02
   3382.0000000000   4.5740564351e+02   0.0000000000e+00   2.4984630475e+02
   3383.0000000000   4.5761608432e+02   0.0000000000e+00   2.4995674951e+02
   3384.0000000000   4.5782451813e+02   0.0000000000e+00   2.5006682158e+02
   3385.0000000000   4.5803139830e+02   0.0000000000e+00   2.5018622177e+02
   3386.0000000000   4.5823699320e+02   0.0000000000e+00   2.5029962581e+02
   3387.0000000000   4.5844148146e+02   0.0000000000e+00   2.5042146385e+02
   3388.0000000000   4.5864499124e+02   0.0000000000e+00   2.5053685633e+02
   3389.0000000000   4.5884761936e+02   0.0000000000e+00   2.5065072695e+02
   3390.0000000000   4.5905976094e+02   0.0000000000e+00   2.5076362705e+02
   3391.0000000000   4.5927543262e+02   0.0000000000e+00   2.5087579481e+02
   3392.0000000000   4.5948337164e+02   0.0000000000e+00   2.5098736393e+02
   3393.0000000000   4.5969946993e+02   0.0000000000e+00   2.5109842038e+02
   3394.0000000000   4.5991838492e+02   0.0000000000e+00   2.5121870082e+02
   3395.0000000000   4.6012911596e+02   0.0000000000e+00   2.5133290492e+02
   3396.0000000000   4.6033737284e+02   0.0000000000e+00   2.5144580299e+02
   3397.0000000000   4.6054393929e+02   0.0000000000e+00   2.5156754904e+02
   3398.0000000000   4.6075950009e+02   0.0000000000e+00   2.5168299504e+02
   3399.0000000000   4.6096790738e+02   0.0000000000e+00   2.5180666166e+02
   3400.0000000000   4.6117435561e+02   0.0000000000e+00   2.5193339964e+02
   3401.0000000000   4.6138974744e+02   0.0000000000e+00   2.5206249920e+02
   3402.0000000000   4.6159798369e+02   0.0000000000e+00   2.5218392668e+02
   3403.0000000000   4.6180427212e+02   0.0000000000e+00   2.5230312337e+02
   3404.0000000000   4.6201951873e+02   0.0000000000e+00   2.5242086015e+02
   3405.0000000000   4.6222762438e+02   0.0000000000e+00   2.5253749668e+02
   3406.0000000000   4.6243379588e+02   0.0000000000e+00   2.5265324350e+02
   3407.0000000000   4.6263861888e+02   0.0000000000e+00   2.5276823927e+02
   3408.0000000000   4.6284235686e+02   0.0000000000e+00   2.5288258235e+02
   3409.0000000000   4.6305548434e+02   0.0000000000e+00   2.5300602273e+02
   3410.0000000000   4.6327206142e+02   0.0000000000e+00   2.5312327248e+02
   3411.0000000000   4.6349117040e+02   0.0000000000e+00   2.5323911290e+02
   3412.0000000000   4.6370203673e+02   0.0000000000e+00   2.5335403108e+02
   3413.0000000000   4.6392074290e+02   0.0000000000e+00   2.5346823229e+02
   3414.0000000000   4.6413172522e+02   0.0000000000e+00   2.5358183217e+02
   3415.0000000000   4.6434040487e+02   0.0000000000e+00   2.5369490636e+02
   3416.0000000000   4.6454747887e+02   0.0000000000e+00   2.5380750903e+02
   3417.0000000000   4.6475327701e+02   0.0000000000e+00   2.5391968138e+02
   3418.0000000000   4.6495799763e+02   0.0000000000e+00   2.5403145609e+02
   3419.0000000000   4.6516177521e+02   0.0000000000e+00   2.5414285990e+02
   3420.0000000000   4.6536470783e+02   0.0000000000e+00   2.5425391522e+02
   3421.0000000000   4.6557718974e+02   0.0000000000e+00   2.5436464117e+02
   3422.0000000000   4.6578291684e+02   0.0000000000e+00   2.5447505433e+02
   3423.0000000000   4.6599730733e+02   0.0000000000e+00   2.5459484578e+02
   3424.0000000000   4.6620451786e+02   0.0000000000e+00   2.5470868347e+02
   3425.0000000000   4.6640981920e+02   0.0000000000e+00   2.5482131471e+02
   3426.0000000000   4.6661381629e+02   0.0000000000e+00   2.5493319972e+02
   3427.0000000000   4.6681677772e+02   0.0000000000e+00   2.5504452214e+02
   3428.0000000000   4.6701885873e+02   0.0000000000e+00   2.5516505646e+02
   3429.0000000000   4.6722016213e+02   0.0000000000e+00   2.5527951867e+02
   3430.0000000000   4.6743108098e+02   0.0000000000e+00   2.5539268639e+02
   3431.0000000000   4.6764562690e+02   0.0000000000e+00   2.5550504018e+02
   3432.0000000000   4.6785253103e+02   0.0000000000e+00   2.5561677797e+02
   3433.0000000000   4.6805736001e+02   0.0000000000e+00   2.5572800809e+02
   3434.0000000000   4.6826081011e+02   0.0000000000e+00   2.5583879927e+02
   3435.0000000000   4.6847350779e+02   0.0000000000e+00   2.5595887585e+02
   3436.0000000000   4.6867926390e+02   0.0000000000e+00   2.5608260480e+02
   3437.0000000000   4.6888324224e+02   0.0000000000e+00   2.5619940438e+02
   3438.0000000000   4.6908600284e+02   0.0000000000e+00   2.5631448221e+02
   3439.0000000000   4.6928779178e+02   0.0000000000e+00   2.5642848043e+02
   3440.0000000000   4.6948875152e+02   0.0000000000e+00   2.5654167788e+02
   3441.0000000000   4.6969929592e+02   0.0000000000e+00   2.5665423001e+02
   3442.0000000000   4.6990312966e+02   0.0000000000e+00   2.5676623580e+02
   3443.0000000000   4.7010535543e+02   0.0000000000e+00   2.5688744035e+02
   3444.0000000000   4.7030649470e+02   0.0000000000e+00   2.5700254908e+02
   3445.0000000000   4.7050676752e+02   0.0000000000e+00   2.5711633639e+02
   3446.0000000000   4.7070629794e+02   0.0000000000e+00   2.5723895930e+02
   3447.0000000000   4.7090516716e+02   0.0000000000e+00   2.5735527203e+02
   3448.0000000000   4.7110343339e+02   0.0000000000e+00   2.5747012047e+02
   3449.0000000000   4.7130114103e+02   0.0000000000e+00   2.5758402510e+02
   3450.0000000000   4.7149832540e+02   0.0000000000e+00   2.5769720981e+02
   3451.0000000000   4.7170533461e+02   0.0000000000e+00   2.5782915418e+02
   3452.0000000000   4.7190582923e+02   0.0000000000e+00   2.5794925045e+02
   3453.0000000000   4.7211519958e+02   0.0000000000e+00   2.5806702823e+02
   3454.0000000000   4.7232789891e+02   0.0000000000e+00   2.5818343065e+02
   3455.0000000000   4.7253281555e+02   0.0000000000e+00   2.5829884009e+02
   3456.0000000000   4.7273558920e+02   0.0000000000e+00   2.5841346258e+02
   3457.0000000000   4.7293695497e+02   0.0000000000e+00   2.5852742681e+02
   3458.0000000000   4.7313724261e+02   0.0000000000e+00   2.5864082094e+02
   3459.0000000000   4.7333664039e+02   0.0000000000e+00   2.5875370924e+02
   3460.0000000000   4.7353527034e+02   0.0000000000e+00   2.5886614077e+02
   3461.0000000000   4.7373321815e+02   0.0000000000e+00   2.5897815429e+02
   3462.0000000000   4.7394086656e+02   0.0000000000e+00   2.5908978125e+02
   3463.0000000000   4.7414190100e+02   0.0000000000e+00   2.5920104774e+02
   3464.0000000000   4.7436204935e+02   0.0000000000e+00   2.5931197577e+02
   3465.0000000000   4.7458973408e+02   0.0000000000e+00   2.5942258422e+02
   3466.0000000000   4.7480254090e+02   0.0000000000e+00   2.5953288944e+02
   3467.0000000000   4.7503228633e+02   0.0000000000e+00   2.5964290580e+02
   3468.0000000000   4.7524765024e+02   0.0000000000e+00   2.5976232254e+02
   3469.0000000000   4.7545934974e+02   0.0000000000e+00   2.5987580607e+02
   3470.0000000000   4.7566868914e+02   0.0000000000e+00   2.6001713199e+02
   3471.0000000000   4.7588657859e+02   0.0000000000e+00   2.6014072456e+02
   3472.0000000000   4.7611763449e+02   0.0000000000e+00   2.6026097382e+02
   3473.0000000000   4.7633440330e+02   0.0000000000e+00   2.6038900285e+02
   3474.0000000000   4.7654762346e+02   0.0000000000e+00   2.6051004958e+02
   3475.0000000000   4.7675855797e+02   0.0000000000e+00   2.6062915896e+02
   3476.0000000000   4.7697808388e+02   0.0000000000e+00   2.6074697013e+02
   3477.0000000000   4.7719015709e+02   0.0000000000e+00   2.6086378416e+02
   3478.0000000000   4.7740003713e+02   0.0000000000e+00   2.6097978089e+02
   3479.0000000000   4.7760835231e+02   0.0000000000e+00   2.6109508100e+02
   3480.0000000000   4.7781539991e+02   0.0000000000e+00   2.6120977140e+02
   3481.0000000000   4.7803168133e+02   0.0000000000e+00   2.6132391779e+02
   3482.0000000000   4.7825127835e+02   0.0000000000e+00   2.6143757160e+02
   3483.0000000000   4.7847329094e+02   0.0000000000e+00   2.6155077425e+02
   3484.0000000000   4.7868695913e+02   0.0000000000e+00   2.6166355978e+02
   3485.0000000000   4.7889805855e+02   0.0000000000e+00   2.6178563328e+02
   3486.0000000000   4.7910739961e+02   0.0000000000e+00   2.6190167405e+02
   3487.0000000000   4.7931536197e+02   0.0000000000e+00   2.6201643877e+02
   3488.0000000000   4.7952217044e+02   0.0000000000e+00   2.6213039546e+02
   3489.0000000000   4.7972797543e+02   0.0000000000e+00   2.6224373434e+02
   3490.0000000000   4.7993288562e+02   0.0000000000e+00   2.6235655892e+02
   3491.0000000000   4.8013698375e+02   0.0000000000e+00   2.6246893492e+02
   3492.0000000000   4.8035065442e+02   0.0000000000e+00   2.6258090829e+02
   3493.0000000000   4.8055758709e+02   0.0000000000e+00   2.6269251332e+02
   3494.0000000000   4.8076287650e+02   0.0000000000e+00   2.6280377684e+02
   3495.0000000000   4.8097735920e+02   0.0000000000e+00   2.6291472058e+02
   3496.0000000000   4.8118488967e+02   0.0000000000e+00   2.6302536261e+02
   3497.0000000000   4.8139064184e+02   0.0000000000e+00   2.6313571830e+02
   3498.0000000000   4.8159517707e+02   0.0000000000e+00   2.6324580091e+02
   3499.0000000000   4.8179874032e+02   0.0000000000e+00   2.6336529863e+02
   3500.0000000000   4.8200147248e+02   0.0000000000e+00   2.6347887683e+02
   3501.0000000000   4.8220346683e+02   0.0000000000e+00   2.6360095706e+02
   3502.0000000000   4.8241510981e+02   0.0000000000e+00   2.6371665255e+02
   3503.0000000000   4.8263040815e+02   0.0000000000e+00   2.6383088090e+02
   3504.0000000000   4.8284840841e+02   0.0000000000e+00   2.6395386475e+02
   3505.0000000000   4.8305831048e+02   0.0000000000e+00   2.6407049285e+02
   3506.0000000000   4.8326585861e+02   0.0000000000e+00   2.6418563079e+02
   3507.0000000000   4.8348215712e+02   0.0000000000e+00   2.6429981096e+02
   3508.0000000000   4.8369120116e+02   0.0000000000e+00   2.6441326473e+02
   3509.0000000000   4.8389824854e+02   0.0000000000e+00   2.6452612340e+02
   3510.0000000000   4.8410391485e+02   0.0000000000e+00   2.6464814876e+02
   3511.0000000000   4.8430848211e+02   0.0000000000e+00   2.6476405598e+02
   3512.0000000000   4.8452243671e+02   0.0000000000e+00   2.6487862565e+02
   3513.0000000000   4.8472952751e+02   0.0000000000e+00   2.6499234242e+02
   3514.0000000000   4.8494520588e+02   0.0000000000e+00   2.6510540837e+02
   3515.0000000000   4.8515365053e+02   0.0000000000e+00   2.6521793573e+02
   3516.0000000000   4.8536014750e+02   0.0000000000e+00   2.6532999674e+02
   3517.0000000000   4.8557563177e+02   0.0000000000e+00   2.6544164227e+02
   3518.0000000000   4.8578401606e+02   0.0000000000e+00   2.6555291040e+02
   3519.0000000000   4.8599051194e+02   0.0000000000e+00   2.6566383090e+02
   3520.0000000000   4.8619570648e+02   0.0000000000e+00   2.6577442781e+02
   3521.0000000000   4.8639986303e+02   0.0000000000e+00   2.6588472100e+02
   3522.0000000000   4.8660313602e+02   0.0000000000e+00   2.6599472730e+02
   3523.0000000000   4.8681594810e+02   0.0000000000e+00   2.6610446110e+02
   3524.0000000000   4.8702201063e+02   0.0000000000e+00   2.6621393495e+02
   3525.0000000000   4.8722643162e+02   0.0000000000e+00   2.6632315988e+02
   3526.0000000000   4.8744005589e+02   0.0000000000e+00   2.6643214569e+02
   3527.0000000000   4.8764674314e+02   0.0000000000e+00   2.6654090115e+02
   3528.0000000000   4.8785167062e+02   0.0000000000e+00   2.6664943419e+02
   3529.0000000000   4.8806572083e+02   0.0000000000e+00   2.6675775200e+02
   3530.0000000000   4.8827277607e+02   0.0000000000e+00   2.6686586113e+02
   3531.0000000000   4.8848834723e+02   0.0000000000e+00   2.6697376762e+02
   3532.0000000000   4.8869664368e+02   0.0000000000e+00   2.6708147701e+02
   3533.0000000000   4.8891328791e+02   0.0000000000e+00   2.6718899446e+02
   3534.0000000000   4.8912254236e+02   0.0000000000e+00   2.6729632473e+02
   3535.0000000000   4.8932974046e+02   0.0000000000e+00   2.6741314883e+02
   3536.0000000000   4.8953552745e+02   0.0000000000e+00   2.6752412600e+02
   3537.0000000000   4.8974019933e+02   0.0000000000e+00   2.6763399593e+02
   3538.0000000000   4.8994393084e+02   0.0000000000e+00   2.6774321216e+02
   3539.0000000000   4.9014683901e+02   0.0000000000e+00   2.6785195238e+02
   3540.0000000000   4.9034900854e+02   0.0000000000e+00   2.6796030924e+02
   3541.0000000000   4.9056082310e+02   0.0000000000e+00   2.6807801545e+02
   3542.0000000000   4.9076596997e+02   0.0000000000e+00   2.6818976362e+02
   3543.0000000000   4.9097986021e+02   0.0000000000e+00   2.6830999291e+02
   3544.0000000000   4.9118664442e+02   0.0000000000e+00   2.6842382837e+02
   3545.0000000000   4.9139158821e+02   0.0000000000e+00   2.6853619580e+02
   3546.0000000000   4.9159529205e+02   0.0000000000e+00   2.6865732363e+02
   3547.0000000000   4.9180833965e+02   0.0000000000e+00   2.6877210472e+02
   3548.0000000000   4.9201451894e+02   0.0000000000e+00   2.6888540765e+02
   3549.0000000000   4.9221897986e+02   0.0000000000e+00   2.6899776696e+02
   3550.0000000000   4.9244291152e+02   0.0000000000e+00   2.6910941557e+02
   3551.0000000000   4.9265382585e+02   0.0000000000e+00   2.6922048588e+02
   3552.0000000000   4.9286196115e+02   0.0000000000e+00   2.6933106391e+02
   3553.0000000000   4.9307868713e+02   0.0000000000e+00   2.6944121026e+02
   3554.0000000000   4.9328807724e+02   0.0000000000e+00   2.6956064661e+02
   3555.0000000000   4.9349542247e+02   0.0000000000e+00   2.6967406297e+02
   3556.0000000000   4.9371167466e+02   0.0000000000e+00   2.6981525269e+02
   3557.0000000000   4.9393108125e+02   0.0000000000e+00   2.6993865365e+02
   3558.0000000000   4.9415282160e+02   0.0000000000e+00   2.7006834309e+02
   3559.0000000000   4.9436617911e+02   0.0000000000e+00   2.7019043111e+02
   3560.0000000000   4.9457695489e+02   0.0000000000e+00   2.7031991975e+02
   3561.0000000000   4.9478597507e+02   0.0000000000e+00   2.7044222864e+02
   3562.0000000000   4.9499362923e+02   0.0000000000e+00   2.7056246170e+02
   3563.0000000000   4.9521046760e+02   0.0000000000e+00   2.7069096530e+02
   3564.0000000000   4.9542028077e+02   0.0000000000e+00   2.7081271550e+02
   3565.0000000000   4.9562823020e+02   0.0000000000e+00   2.7093264231e+02
   3566.0000000000   4.9583487985e+02   0.0000000000e+00   2.7106100380e+02
   3567.0000000000   4.9604048183e+02   0.0000000000e+00   2.7118272496e+02
   3568.0000000000   4.9625550417e+02   0.0000000000e+00   2.7131238029e+02
   3569.0000000000   4.9646368406e+02   0.0000000000e+00   2.7146421478e+02
   3570.0000000000   4.9668046522e+02   0.0000000000e+00   2.7159718463e+02
   3571.0000000000   4.9689002123e+02   0.0000000000e+00   2.7172609874e+02
   3572.0000000000   4.9709763468e+02   0.0000000000e+00   2.7185258361e+02
   3573.0000000000   4.9731423816e+02   0.0000000000e+00   2.7197732648e+02
   3574.0000000000   4.9752374280e+02   0.0000000000e+00   2.7210070640e+02
   3575.0000000000   4.9773135904e+02   0.0000000000e+00   2.7222296343e+02
   3576.0000000000   4.9793767322e+02   0.0000000000e+00   2.7234426322e+02
   3577.0000000000   4.9814294821e+02   0.0000000000e+00   2.7247440359e+02
   3578.0000000000   4.9835765723e+02   0.0000000000e+00   2.7259813228e+02
   3579.0000000000   4.9856553978e+02   0.0000000000e+00   2.7272025825e+02
   3580.0000000000   4.9877172130e+02   0.0000000000e+00   2.7284129058e+02
   3581.0000000000   4.9897673921e+02   0.0000000000e+00   2.7296145252e+02
   3582.0000000000   4.9919114447e+02   0.0000000000e+00   2.7308087462e+02
   3583.0000000000   4.9940902542e+02   0.0000000000e+00   2.7320932164e+02
   3584.0000000000   4.9961915683e+02   0.0000000000e+00   2.7334119011e+02
   3585.0000000000   4.9982713276e+02   0.0000000000e+00   2.7346592139e+02
   3586.0000000000   5.0003366795e+02   0.0000000000e+00   2.7359841844e+02
   3587.0000000000   5.0025972105e+02   0.0000000000e+00   2.7372399427e+02
   3588.0000000000   5.0047274870e+02   0.0000000000e+00   2.7384767700e+02
   3589.0000000000   5.0069329142e+02   0.0000000000e+00   2.7397008367e+02
   3590.0000000000   5.0090603084e+02   0.0000000000e+00   2.7409149780e+02
   3591.0000000000   5.0111645366e+02   0.0000000000e+00   2.7421208643e+02
   3592.0000000000   5.0132528106e+02   0.0000000000e+00   2.7433196114e+02
   3593.0000000000   5.0153285326e+02   0.0000000000e+00   2.7445120246e+02
   3594.0000000000   5.0174969261e+02   0.0000000000e+00   2.7456987163e+02
   3595.0000000000   5.0196989109e+02   0.0000000000e+00   2.7468801708e+02
   3596.0000000000   5.0218223418e+02   0.0000000000e+00   2.7480567820e+02
   3597.0000000000   5.0240264641e+02   0.0000000000e+00   2.7493256434e+02
   3598.0000000000   5.0261548909e+02   0.0000000000e+00   2.7505335838e+02
   3599.0000000000   5.0282614209e+02   0.0000000000e+00   2.7517282006e+02
   3600.0000000000   5.0305591552e+02   0.0000000000e+00   2.7529142010e+02
   3601.0000000000   5.0327239509e+02   0.0000000000e+00   2.7541902768e+02
   3602.0000000000   5.0348586846e+02   0.0000000000e+00   2.7554040358e+02
   3603.0000000000   5.0369742147e+02   0.0000000000e+00   2.7566035134e+02
   3604.0000000000   5.0391783689e+02   0.0000000000e+00   2.7577936860e+02
   3605.0000000000   5.0413101203e+02   0.0000000000e+00   2.7589766564e+02
   3606.0000000000   5.0434216649e+02   0.0000000000e+00   2.7602503680e+02
   3607.0000000000   5.0455189968e+02   0.0000000000e+00   2.7614621349e+02
   3608.0000000000   5.0476048703e+02   0.0000000000e+00   2.7626598560e+02
   3609.0000000000   5.0496809381e+02   0.0000000000e+00   2.7638484371e+02
   3610.0000000000   5.0517483301e+02   0.0000000000e+00   2.7650299410e+02
   3611.0000000000   5.0538078804e+02   0.0000000000e+00   2.7662055217e+02
   3612.0000000000   5.0558602371e+02   0.0000000000e+00   2.7673759272e+02
   3613.0000000000   5.0579059216e+02   0.0000000000e+00   2.7686384533e+02
   3614.0000000000   5.0600485563e+02   0.0000000000e+00   2.7698400506e+02
   3615.0000000000   5.0622280573e+02   0.0000000000e+00   2.7710283919e+02
   3616.0000000000   5.0644347919e+02   0.0000000000e+00   2.7722082315e+02
   3617.0000000000   5.0666638839e+02   0.0000000000e+00   2.7733815255e+02
   3618.0000000000   5.0688090915e+02   0.0000000000e+00   2.7745493489e+02
   3619.0000000000   5.0709287380e+02   0.0000000000e+00   2.7758091549e+02
   3620.0000000000   5.0731343788e+02   0.0000000000e+00   2.7770079778e+02
   3621.0000000000   5.0752662927e+02   0.0000000000e+00   2.7781935374e+02
   3622.0000000000   5.0773772820e+02   0.0000000000e+00   2.7793706161e+02
   3623.0000000000   5.0796800453e+02   0.0000000000e+00   2.7805411865e+02
   3624.0000000000   5.0820566279e+02   0.0000000000e+00   2.7817063340e+02
   3625.0000000000   5.0842825234e+02   0.0000000000e+00   2.7828667523e+02
   3626.0000000000   5.0865727232e+02   0.0000000000e+00   2.7840229284e+02
   3627.0000000000   5.0887777789e+02   0.0000000000e+00   2.7851752259e+02
   3628.0000000000   5.0909544923e+02   0.0000000000e+00   2.7863239292e+02
   3629.0000000000   5.0931112393e+02   0.0000000000e+00   2.7874692684e+02
   3630.0000000000   5.0952521910e+02   0.0000000000e+00   2.7886114344e+02
   3631.0000000000   5.0974831124e+02   0.0000000000e+00   2.7897505893e+02
   3632.0000000000   5.0996421328e+02   0.0000000000e+00   2.7908868727e+02
   3633.0000000000   5.1018842426e+02   0.0000000000e+00   2.7920204067e+02
   3634.0000000000   5.1042579781e+02   0.0000000000e+00   2.7931512994e+02
   3635.0000000000   5.1064892133e+02   0.0000000000e+00   2.7943764126e+02
   3636.0000000000   5.1086853481e+02   0.0000000000e+00   2.7956391493e+02
   3637.0000000000   5.1108589373e+02   0.0000000000e+00   2.7968334972e+02
   3638.0000000000   5.1130154726e+02   0.0000000000e+00   2.7980113847e+02
   3639.0000000000   5.1151580717e+02   0.0000000000e+00   2.7992758843e+02
   3640.0000000000   5.1172887602e+02   0.0000000000e+00   2.8004762437e+02
   3641.0000000000   5.1194089696e+02   0.0000000000e+00   2.8016613020e+02
   3642.0000000000   5.1215197709e+02   0.0000000000e+00   2.8028364870e+02
   3643.0000000000   5.1236219995e+02   0.0000000000e+00   2.8040041765e+02
   3644.0000000000   5.1260259002e+02   0.0000000000e+00   2.8051657254e+02
   3645.0000000000   5.1283443022e+02   0.0000000000e+00   2.8063220146e+02
   3646.0000000000   5.1305655408e+02   0.0000000000e+00   2.8074736657e+02
   3647.0000000000   5.1328580996e+02   0.0000000000e+00   2.8086211413e+02
   3648.0000000000   5.1350690564e+02   0.0000000000e+00   2.8097648008e+02
   3649.0000000000   5.1372539333e+02   0.0000000000e+00   2.8109049313e+02
   3650.0000000000   5.1394204459e+02   0.0000000000e+00   2.8120417683e+02
   3651.0000000000   5.1415723634e+02   0.0000000000e+00   2.8131755088e+02
   3652.0000000000   5.1438151814e+02   0.0000000000e+00   2.8143063203e+02
   3653.0000000000   5.1460900274e+02   0.0000000000e+00   2.8154343470e+02
   3654.0000000000   5.1483881104e+02   0.0000000000e+00   2.8165597150e+02
   3655.0000000000   5.1507051683e+02   0.0000000000e+00   2.8176825351e+02
   3656.0000000000   5.1529354253e+02   0.0000000000e+00   2.8188996717e+02
   3657.0000000000   5.1551375678e+02   0.0000000000e+00   2.8200577638e+02
   3658.0000000000   5.1573202507e+02   0.0000000000e+00   2.8212042493e+02
   3659.0000000000   5.1594876279e+02   0.0000000000e+00   2.8224404647e+02
   3660.0000000000   5.1616421951e+02   0.0000000000e+00   2.8237115350e+02
   3661.0000000000   5.1637856365e+02   0.0000000000e+00   2.8249123231e+02
   3662.0000000000   5.1659191744e+02   0.0000000000e+00   2.8261920379e+02
   3663.0000000000   5.1681469328e+02   0.0000000000e+00   2.8275006345e+02
   3664.0000000000   5.1704092030e+02   0.0000000000e+00   2.8287349459e+02
   3665.0000000000   5.1726966415e+02   0.0000000000e+00   2.8299484732e+02
   3666.0000000000   5.1749014109e+02   0.0000000000e+00   2.8311485081e+02
   3667.0000000000   5.1770810941e+02   0.0000000000e+00   2.8323384151e+02
   3668.0000000000   5.1792436652e+02   0.0000000000e+00   2.8336169180e+02
   3669.0000000000   5.1813928204e+02   0.0000000000e+00   2.8350253833e+02
   3670.0000000000   5.1835307281e+02   0.0000000000e+00   2.8363051789e+02
   3671.0000000000   5.1856588292e+02   0.0000000000e+00   2.8375561954e+02
   3672.0000000000   5.1877781585e+02   0.0000000000e+00   2.8387896955e+02
   3673.0000000000   5.1898895013e+02   0.0000000000e+00   2.8400104741e+02
   3674.0000000000   5.1919934772e+02   0.0000000000e+00   2.8412211890e+02
   3675.0000000000   5.1941937812e+02   0.0000000000e+00   2.8424235304e+02
   3676.0000000000   5.1963271946e+02   0.0000000000e+00   2.8436186684e+02
   3677.0000000000   5.1985477674e+02   0.0000000000e+00   2.8448074629e+02
   3678.0000000000   5.2008001565e+02   0.0000000000e+00   2.8459905724e+02
   3679.0000000000   5.2029733527e+02   0.0000000000e+00   2.8471685183e+02
   3680.0000000000   5.2051238461e+02   0.0000000000e+00   2.8483417239e+02
   3681.0000000000   5.2072590697e+02   0.0000000000e+00   2.8495105401e+02
   3682.0000000000   5.2093823936e+02   0.0000000000e+00   2.8506752626e+02
   3683.0000000000   5.2114957653e+02   0.0000000000e+00   2.8518361439e+02
   3684.0000000000   5.2136004629e+02   0.0000000000e+00   2.8529934027e+02
   3685.0000000000   5.2158005867e+02   0.0000000000e+00   2.8541472302e+02
   3686.0000000000   5.2179331822e+02   0.0000000000e+00   2.8552977949e+02
   3687.0000000000   5.2202556702e+02   0.0000000000e+00   2.8564452465e+02
   3688.0000000000   5.2224460044e+02   0.0000000000e+00   2.8575897191e+02
   3689.0000000000   5.2247105991e+02   0.0000000000e+00   2.8587313337e+02
   3690.0000000000   5.2268966673e+02   0.0000000000e+00   2.8598701995e+02
   3691.0000000000   5.2290592560e+02   0.0000000000e+00   2.8610064163e+02
   3692.0000000000   5.2312056656e+02   0.0000000000e+00   2.8622368405e+02
   3693.0000000000   5.2333393441e+02   0.0000000000e+00   2.8634081065e+02
   3694.0000000000   5.2354623482e+02   0.0000000000e+00   2.8645676494e+02
   3695.0000000000   5.2376792493e+02   0.0000000000e+00   2.8658168046e+02
   3696.0000000000   5.2398274061e+02   0.0000000000e+00   2.8670039312e+02
   3697.0000000000   5.2419580789e+02   0.0000000000e+00   2.8681773428e+02
   3698.0000000000   5.2440766627e+02   0.0000000000e+00   2.8693421260e+02
   3699.0000000000   5.2461855007e+02   0.0000000000e+00   2.8705004231e+02
   3700.0000000000   5.2482859487e+02   0.0000000000e+00   2.8716534185e+02
   3701.0000000000   5.2503789135e+02   0.0000000000e+00   2.8728986309e+02
   3702.0000000000   5.2525682474e+02   0.0000000000e+00   2.8740831338e+02
   3703.0000000000   5.2546908226e+02   0.0000000000e+00   2.8752546703e+02
   3704.0000000000   5.2567975524e+02   0.0000000000e+00   2.8764180352e+02
   3705.0000000000   5.2590999553e+02   0.0000000000e+00   2.8775752072e+02
   3706.0000000000   5.2612728996e+02   0.0000000000e+00   2.8787272730e+02
   3707.0000000000   5.2634185914e+02   0.0000000000e+00   2.8798749246e+02
   3708.0000000000   5.2656505983e+02   0.0000000000e+00   2.8810186453e+02
   3709.0000000000   5.2678095579e+02   0.0000000000e+00   2.8821587937e+02
   3710.0000000000   5.2699483060e+02   0.0000000000e+00   2.8832956484e+02
   3711.0000000000   5.2720731120e+02   0.0000000000e+00   2.8845261984e+02
   3712.0000000000   5.2741868521e+02   0.0000000000e+00   2.8857939442e+02
   3713.0000000000   5.2762912281e+02   0.0000000000e+00   2.8869929494e+02
   3714.0000000000   5.2783873830e+02   0.0000000000e+00   2.8881752033e+02
   3715.0000000000   5.2805793361e+02   0.0000000000e+00   2.8893470619e+02
   3716.0000000000   5.2828072724e+02   0.0000000000e+00   2.8905112625e+02
   3717.0000000000   5.2849585575e+02   0.0000000000e+00   2.8916693195e+02
   3718.0000000000   5.2870889005e+02   0.0000000000e+00   2.8928221899e+02
   3719.0000000000   5.2893084894e+02   0.0000000000e+00   2.8939705325e+02
   3720.0000000000   5.2914567868e+02   0.0000000000e+00   2.8951148283e+02
   3721.0000000000   5.2935860648e+02   0.0000000000e+00   2.8962554444e+02
   3722.0000000000   5.2957022744e+02   0.0000000000e+00   2.8974894362e+02
   3723.0000000000   5.2978080922e+02   0.0000000000e+00   2.8988571203e+02
   3724.0000000000   5.2999050859e+02   0.0000000000e+00   2.9000991513e+02
   3725.0000000000   5.3020974946e+02   0.0000000000e+00   2.9014116735e+02
   3726.0000000000   5.3043256297e+02   0.0000000000e+00   2.9027488835e+02
   3727.0000000000   5.3064769352e+02   0.0000000000e+00   2.9040091909e+02
   3728.0000000000   5.3086071716e+02   0.0000000000e+00   2.9052468781e+02
   3729.0000000000   5.3107233711e+02   0.0000000000e+00   2.9065664541e+02
   3730.0000000000   5.3129318509e+02   0.0000000000e+00   2.9078181229e+02
   3731.0000000000   5.3151739511e+02   0.0000000000e+00   2.9090513993e+02
   3732.0000000000   5.3173377030e+02   0.0000000000e+00   2.9103689753e+02
   3733.0000000000   5.3196856169e+02   0.0000000000e+00   2.9116201603e+02
   3734.0000000000   5.3218976936e+02   0.0000000000e+00   2.9128539660e+02
   3735.0000000000   5.3240782380e+02   0.0000000000e+00   2.9141727768e+02
   3736.0000000000   5.3263419496e+02   0.0000000000e+00   2.9154257028e+02
   3737.0000000000   5.3285301688e+02   0.0000000000e+00   2.9166616206e+02
   3738.0000000000   5.3307993977e+02   0.0000000000e+00   2.9178860545e+02
   3739.0000000000   5.3329926083e+02   0.0000000000e+00   2.9191982610e+02
   3740.0000000000   5.3351634346e+02   0.0000000000e+00   2.9204462592e+02
   3741.0000000000   5.3374217636e+02   0.0000000000e+00   2.9216783954e+02
   3742.0000000000   5.3396071138e+02   0.0000000000e+00   2.9228998879e+02
   3743.0000000000   5.3417718955e+02   0.0000000000e+00   2.9242097970e+02
   3744.0000000000   5.3439222083e+02   0.0000000000e+00   2.9254560073e+02
   3745.0000000000   5.3460608674e+02   0.0000000000e+00   2.9266867679e+02
   3746.0000000000   5.3483959457e+02   0.0000000000e+00   2.9279072246e+02
   3747.0000000000   5.3506013222e+02   0.0000000000e+00   2.9291196167e+02
   3748.0000000000   5.3527788554e+02   0.0000000000e+00   2.9304219994e+02
   3749.0000000000   5.3549388020e+02   0.0000000000e+00   2.9316617796e+02
   3750.0000000000   5.3571886017e+02   0.0000000000e+00   2.9328869340e+02
   3751.0000000000   5.3593669619e+02   0.0000000000e+00   2.9341991999e+02
   3752.0000000000   5.3615258883e+02   0.0000000000e+00   2.9354472471e+02
   3753.0000000000   5.3637744249e+02   0.0000000000e+00   2.9366796361e+02
   3754.0000000000   5.3659515798e+02   0.0000000000e+00   2.9379016553e+02
   3755.0000000000   5.3681094247e+02   0.0000000000e+00   2.9391156142e+02
   3756.0000000000   5.3703570109e+02   0.0000000000e+00   2.9403228384e+02
   3757.0000000000   5.3725333383e+02   0.0000000000e+00   2.9415242016e+02
   3758.0000000000   5.3746904663e+02   0.0000000000e+00   2.9427203306e+02
   3759.0000000000   5.3768342436e+02   0.0000000000e+00   2.9440084666e+02
   3760.0000000000   5.3790704885e+02   0.0000000000e+00   2.9452355366e+02
   3761.0000000000   5.3813403008e+02   0.0000000000e+00   2.9464492050e+02
   3762.0000000000   5.3837379691e+02   0.0000000000e+00   2.9476542261e+02
   3763.0000000000   5.3859922782e+02   0.0000000000e+00   2.9488525600e+02
   3764.0000000000   5.3882114772e+02   0.0000000000e+00   2.9500452880e+02
   3765.0000000000   5.3904084429e+02   0.0000000000e+00   2.9514266361e+02
   3766.0000000000   5.3926919905e+02   0.0000000000e+00   2.9526901966e+02
   3767.0000000000   5.3950048411e+02   0.0000000000e+00   2.9539310553e+02
   3768.0000000000   5.3972358973e+02   0.0000000000e+00   2.9553520309e+02
   3769.0000000000   5.3995450752e+02   0.0000000000e+00   2.9566499472e+02
   3770.0000000000   5.4017764469e+02   0.0000000000e+00   2.9579215057e+02
   3771.0000000000   5.4040873323e+02   0.0000000000e+00   2.9591769342e+02
   3772.0000000000   5.4063210592e+02   0.0000000000e+00   2.9604205562e+02
   3773.0000000000   5.4085314551e+02   0.0000000000e+00   2.9616547683e+02
   3774.0000000000   5.4108285305e+02   0.0000000000e+00   2.9628810966e+02
   3775.0000000000   5.4130518908e+02   0.0000000000e+00   2.9641005997e+02
   3776.0000000000   5.4153572037e+02   0.0000000000e+00   2.9653140560e+02
   3777.0000000000   5.4175869834e+02   0.0000000000e+00   2.9666188284e+02
   3778.0000000000   5.4197945920e+02   0.0000000000e+00   2.9678619412e+02
   3779.0000000000   5.4219865558e+02   0.0000000000e+00   2.9690911377e+02
   3780.0000000000   5.4242691132e+02   0.0000000000e+00   2.9704080017e+02
   3781.0000000000   5.4265836518e+02   0.0000000000e+00   2.9716610967e+02
   3782.0000000000   5.4288182898e+02   0.0000000000e+00   2.9728989059e+02
   3783.0000000000   5.4311324429e+02   0.0000000000e+00   2.9741266596e+02
   3784.0000000000   5.4333698452e+02   0.0000000000e+00   2.9753466224e+02
   3785.0000000000   5.4356875781e+02   0.0000000000e+00   2.9765600840e+02
   3786.0000000000   5.4380319868e+02   0.0000000000e+00   2.9777678893e+02
   3787.0000000000   5.4402931304e+02   0.0000000000e+00   2.9790674067e+02
   3788.0000000000   5.4425282317e+02   0.0000000000e+00   2.9804024079e+02
   3789.0000000000   5.4447452550e+02   0.0000000000e+00   2.9816671609e+02
   3790.0000000000   5.4469479715e+02   0.0000000000e+00   2.9829138140e+02
   3791.0000000000   5.4491386410e+02   0.0000000000e+00   2.9841488513e+02
   3792.0000000000   5.4514219824e+02   0.0000000000e+00   2.9853751154e+02
   3793.0000000000   5.4536354696e+02   0.0000000000e+00   2.9865942089e+02
   3794.0000000000   5.4558304580e+02   0.0000000000e+00   2.9878071640e+02
   3795.0000000000   5.4580124228e+02   0.0000000000e+00   2.9890147044e+02
   3796.0000000000   5.4601837763e+02   0.0000000000e+00   2.9903141332e+02
   3797.0000000000   5.4625523167e+02   0.0000000000e+00   2.9915524182e+02
   3798.0000000000   5.4647917268e+02   0.0000000000e+00   2.9927772516e+02
   3799.0000000000   5.4672101028e+02   0.0000000000e+00   2.9939934069e+02
   3800.0000000000   5.4694903152e+02   0.0000000000e+00   2.9952028573e+02
   3801.0000000000   5.4717375347e+02   0.0000000000e+00   2.9965034589e+02
   3802.0000000000   5.4739636360e+02   0.0000000000e+00   2.9978392294e+02
   3803.0000000000   5.4762769780e+02   0.0000000000e+00   2.9991045728e+02
   3804.0000000000   5.4785168423e+02   0.0000000000e+00   3.0003517183e+02
   3805.0000000000   5.4807356191e+02   0.0000000000e+00   3.0015872000e+02
   3806.0000000000   5.4829394322e+02   0.0000000000e+00   3.0028138924e+02
   3807.0000000000   5.4852343180e+02   0.0000000000e+00   3.0040334189e+02
   3808.0000000000   5.4874583571e+02   0.0000000000e+00   3.0053435912e+02
   3809.0000000000   5.4896632329e+02   0.0000000000e+00   3.0065916927e+02
   3810.0000000000   5.4918546162e+02   0.0000000000e+00   3.0078256251e+02
   3811.0000000000   5.4940350451e+02   0.0000000000e+00   3.0090503080e+02
   3812.0000000000   5.4962060206e+02   0.0000000000e+00   3.0102678205e+02
   3813.0000000000   5.4983685623e+02   0.0000000000e+00   3.0114793325e+02
   3814.0000000000   5.5006266128e+02   0.0000000000e+00   3.0127823717e+02
   3815.0000000000   5.5028171187e+02   0.0000000000e+00   3.0140240317e+02
   3816.0000000000   5.5049910555e+02   0.0000000000e+00   3.0152520813e+02
   3817.0000000000   5.5072568043e+02   0.0000000000e+00   3.0165681082e+02
   3818.0000000000   5.5095561088e+02   0.0000000000e+00   3.0178206692e+02
   3819.0000000000   5.5117770739e+02   0.0000000000e+00   3.0190582358e+02
   3820.0000000000   5.5139758174e+02   0.0000000000e+00   3.0202860245e+02
   3821.0000000000   5.5161595863e+02   0.0000000000e+00   3.0215062850e+02
   3822.0000000000   5.5183316470e+02   0.0000000000e+00   3.0227202925e+02
   3823.0000000000   5.5204938844e+02   0.0000000000e+00   3.0239288778e+02
   3824.0000000000   5.5226475367e+02   0.0000000000e+00   3.0251326304e+02
   3825.0000000000   5.5247934867e+02   0.0000000000e+00   3.0263319933e+02
   3826.0000000000   5.5269324001e+02   0.0000000000e+00   3.0275273142e+02
   3827.0000000000   5.5291679910e+02   0.0000000000e+00   3.0287188739e+02
   3828.0000000000   5.5313370450e+02   0.0000000000e+00   3.0299069055e+02
   3829.0000000000   5.5334904174e+02   0.0000000000e+00   3.0310916061e+02
   3830.0000000000   5.5357363954e+02   0.0000000000e+00   3.0322731450e+02
   3831.0000000000   5.5379134560e+02   0.0000000000e+00   3.0334516696e+02
   3832.0000000000   5.5400732799e+02   0.0000000000e+00   3.0347240752e+02
   3833.0000000000   5.5422214292e+02   0.0000000000e+00   3.0359370281e+02
   3834.0000000000   5.5443603082e+02   0.0000000000e+00   3.0371379898e+02
   3835.0000000000   5.5464912856e+02   0.0000000000e+00   3.0384283176e+02
   3836.0000000000   5.5487184493e+02   0.0000000000e+00   3.0396563897e+02
   3837.0000000000   5.5511883747e+02   0.0000000000e+00   3.0408705355e+02
   3838.0000000000   5.5534611347e+02   0.0000000000e+00   3.0420758557e+02
   3839.0000000000   5.5556934194e+02   0.0000000000e+00   3.0433712699e+02
   3840.0000000000   5.5579017926e+02   0.0000000000e+00   3.0446045237e+02
   3841.0000000000   5.5600930451e+02   0.0000000000e+00   3.0458237377e+02
   3842.0000000000   5.5622708266e+02   0.0000000000e+00   3.0470339412e+02
   3843.0000000000   5.5644373994e+02   0.0000000000e+00   3.0482372692e+02
   3844.0000000000   5.5665942980e+02   0.0000000000e+00   3.0494349182e+02
   3845.0000000000   5.5687426300e+02   0.0000000000e+00   3.0506276613e+02
   3846.0000000000   5.5709864238e+02   0.0000000000e+00   3.0518160425e+02
   3847.0000000000   5.5732658873e+02   0.0000000000e+00   3.0530004685e+02
   3848.0000000000   5.5754684128e+02   0.0000000000e+00   3.0541812557e+02
   3849.0000000000   5.5776497353e+02   0.0000000000e+00   3.0553586589e+02
   3850.0000000000   5.5798168751e+02   0.0000000000e+00   3.0565328878e+02
   3851.0000000000   5.5819729549e+02   0.0000000000e+00   3.0577041193e+02
   3852.0000000000   5.5841197628e+02   0.0000000000e+00   3.0588725042e+02
   3853.0000000000   5.5862584690e+02   0.0000000000e+00   3.0600381737e+02
   3854.0000000000   5.5884930970e+02   0.0000000000e+00   3.0612012426e+02
   3855.0000000000   5.5906606357e+02   0.0000000000e+00   3.0624585782e+02
   3856.0000000000   5.5928120810e+02   0.0000000000e+00   3.0636568223e+02
   3857.0000000000   5.5950558211e+02   0.0000000000e+00   3.0648434148e+02
   3858.0000000000   5.5972304080e+02   0.0000000000e+00   3.0660229287e+02
   3859.0000000000   5.5993875794e+02   0.0000000000e+00   3.0671971741e+02
   3860.0000000000   5.6016361323e+02   0.0000000000e+00   3.0683671069e+02
   3861.0000000000   5.6038148672e+02   0.0000000000e+00   3.0695333153e+02
   3862.0000000000   5.6059756833e+02   0.0000000000e+00   3.0706961983e+02
   3863.0000000000   5.6081242973e+02   0.0000000000e+00   3.0719528107e+02
   3864.0000000000   5.6103664180e+02   0.0000000000e+00   3.0731499242e+02
   3865.0000000000   5.6125398611e+02   0.0000000000e+00   3.0743350718e+02
   3866.0000000000   5.6146960926e+02   0.0000000000e+00   3.0755128949e+02
   3867.0000000000   5.6169437942e+02   0.0000000000e+00   3.0767820207e+02
   3868.0000000000   5.6192249042e+02   0.0000000000e+00   3.0780867610e+02
   3869.0000000000   5.6214276582e+02   0.0000000000e+00   3.0794184091e+02
   3870.0000000000   5.6236082641e+02   0.0000000000e+00   3.0806757955e+02
   3871.0000000000   5.6257740322e+02   0.0000000000e+00   3.0819128283e+02
   3872.0000000000   5.6280314645e+02   0.0000000000e+00   3.0831368787e+02
   3873.0000000000   5.6303220301e+02   0.0000000000e+00   3.0843513017e+02
   3874.0000000000   5.6325338536e+02   0.0000000000e+00   3.0855580212e+02
   3875.0000000000   5.6347231335e+02   0.0000000000e+00   3.0869518134e+02
   3876.0000000000   5.6370003925e+02   0.0000000000e+00   3.0882266500e+02
   3877.0000000000   5.6392053331e+02   0.0000000000e+00   3.0894778887e+02
   3878.0000000000   5.6414935966e+02   0.0000000000e+00   3.0907150187e+02
   3879.0000000000   5.6437076310e+02   0.0000000000e+00   3.0919419144e+02
   3880.0000000000   5.6459007217e+02   0.0000000000e+00   3.0931606790e+02
   3881.0000000000   5.6480793183e+02   0.0000000000e+00   3.0943726355e+02
   3882.0000000000   5.6502463957e+02   0.0000000000e+00   3.0955786956e+02
   3883.0000000000   5.6524037221e+02   0.0000000000e+00   3.0967795274e+02
   3884.0000000000   5.6545524905e+02   0.0000000000e+00   3.0979756430e+02
   3885.0000000000   5.6567967607e+02   0.0000000000e+00   3.0991674480e+02
   3886.0000000000   5.6589735602e+02   0.0000000000e+00   3.1003552722e+02
   3887.0000000000   5.6611339222e+02   0.0000000000e+00   3.1015393898e+02
   3888.0000000000   5.6634894596e+02   0.0000000000e+00   3.1027200322e+02
   3889.0000000000   5.6657151162e+02   0.0000000000e+00   3.1038973977e+02
   3890.0000000000   5.6681195414e+02   0.0000000000e+00   3.1050716585e+02
   3891.0000000000   5.6703858852e+02   0.0000000000e+00   3.1063397307e+02
   3892.0000000000   5.6726194717e+02   0.0000000000e+00   3.1075482984e+02
   3893.0000000000   5.6748322636e+02   0.0000000000e+00   3.1088416040e+02
   3894.0000000000   5.6770294798e+02   0.0000000000e+00   3.1100708032e+02
   3895.0000000000   5.6792140701e+02   0.0000000000e+00   3.1113818582e+02
   3896.0000000000   5.6813879376e+02   0.0000000000e+00   3.1126267995e+02
   3897.0000000000   5.6835524162e+02   0.0000000000e+00   3.1138553381e+02
   3898.0000000000   5.6859148764e+02   0.0000000000e+00   3.1150732852e+02
   3899.0000000000   5.6881488049e+02   0.0000000000e+00   3.1162832219e+02
   3900.0000000000   5.6903558167e+02   0.0000000000e+00   3.1174866250e+02
   3901.0000000000   5.6925460047e+02   0.0000000000e+00   3.1188779861e+02
   3902.0000000000   5.6947235013e+02   0.0000000000e+00   3.1201510840e+02
   3903.0000000000   5.6968905658e+02   0.0000000000e+00   3.1214011387e+02
   3904.0000000000   5.6990486343e+02   0.0000000000e+00   3.1226375376e+02
   3905.0000000000   5.7011987094e+02   0.0000000000e+00   3.1238640780e+02
   3906.0000000000   5.7033415366e+02   0.0000000000e+00   3.1250828026e+02
   3907.0000000000   5.7054776958e+02   0.0000000000e+00   3.1262949871e+02
   3908.0000000000   5.7077108450e+02   0.0000000000e+00   3.1275015045e+02
   3909.0000000000   5.7098777310e+02   0.0000000000e+00   3.1287997572e+02
   3910.0000000000   5.7121323729e+02   0.0000000000e+00   3.1300367820e+02
   3911.0000000000   5.7143162080e+02   0.0000000000e+00   3.1312603211e+02
   3912.0000000000   5.7164818399e+02   0.0000000000e+00   3.1325719501e+02
   3913.0000000000   5.7186352322e+02   0.0000000000e+00   3.1338202208e+02
   3914.0000000000   5.7207789989e+02   0.0000000000e+00   3.1350536032e+02
   3915.0000000000   5.7229146316e+02   0.0000000000e+00   3.1362773138e+02
   3916.0000000000   5.7251462971e+02   0.0000000000e+00   3.1374936033e+02
   3917.0000000000   5.7273110512e+02   0.0000000000e+00   3.1387037480e+02
   3918.0000000000   5.7295631119e+02   0.0000000000e+00   3.1399085797e+02
   3919.0000000000   5.7317440505e+02   0.0000000000e+00   3.1411086889e+02
   3920.0000000000   5.7339065632e+02   0.0000000000e+00   3.1423045194e+02
   3921.0000000000   5.7361598709e+02   0.0000000000e+00   3.1434964191e+02
   3922.0000000000   5.7383429969e+02   0.0000000000e+00   3.1446846695e+02
   3923.0000000000   5.7405079715e+02   0.0000000000e+00   3.1458695036e+02
   3924.0000000000   5.7426605942e+02   0.0000000000e+00   3.1471478839e+02
   3925.0000000000   5.7450098199e+02   0.0000000000e+00   3.1483665299e+02
   3926.0000000000   5.7472298639e+02   0.0000000000e+00   3.1495729468e+02
   3927.0000000000   5.7494227225e+02   0.0000000000e+00   3.1507717623e+02
   3928.0000000000   5.7517018944e+02   0.0000000000e+00   3.1519648336e+02
   3929.0000000000   5.7540111912e+02   0.0000000000e+00   3.1531531573e+02
   3930.0000000000   5.7563430036e+02   0.0000000000e+00   3.1544341223e+02
   3931.0000000000   5.7585904757e+02   0.0000000000e+00   3.1556547091e+02
   3932.0000000000   5.7608117959e+02   0.0000000000e+00   3.1568625930e+02
   3933.0000000000   5.7631185249e+02   0.0000000000e+00   3.1580625175e+02
   3934.0000000000   5.7654541803e+02   0.0000000000e+00   3.1592564220e+02
   3935.0000000000   5.7677079839e+02   0.0000000000e+00   3.1605421281e+02
   3936.0000000000   5.7699368122e+02   0.0000000000e+00   3.1617668547e+02
   3937.0000000000   5.7721484546e+02   0.0000000000e+00   3.1629784235e+02
   3938.0000000000   5.7743465807e+02   0.0000000000e+00   3.1641816762e+02
   3939.0000000000   5.7766365748e+02   0.0000000000e+00   3.1654753866e+02
   3940.0000000000   5.7788562782e+02   0.0000000000e+00   3.1667072122e+02
   3941.0000000000   5.7810572689e+02   0.0000000000e+00   3.1679252175e+02
   3942.0000000000   5.7832451665e+02   0.0000000000e+00   3.1692311602e+02
   3943.0000000000   5.7855256714e+02   0.0000000000e+00   3.1704737003e+02
   3944.0000000000   5.7877366293e+02   0.0000000000e+00   3.1717013744e+02
   3945.0000000000   5.7899295510e+02   0.0000000000e+00   3.1729194409e+02
   3946.0000000000   5.7921099776e+02   0.0000000000e+00   3.1741301767e+02
   3947.0000000000   5.7943835367e+02   0.0000000000e+00   3.1753348746e+02
   3948.0000000000   5.7965880097e+02   0.0000000000e+00   3.1766311417e+02
   3949.0000000000   5.7988780440e+02   0.0000000000e+00   3.1779628901e+02
   3950.0000000000   5.8011986862e+02   0.0000000000e+00   3.1792244751e+02
   3951.0000000000   5.8035423885e+02   0.0000000000e+00   3.1805648669e+02
   3952.0000000000   5.8058021983e+02   0.0000000000e+00   3.1818371379e+02
   3953.0000000000   5.8080361987e+02   0.0000000000e+00   3.1830915134e+02
   3954.0000000000   5.8102526703e+02   0.0000000000e+00   3.1843341110e+02
   3955.0000000000   5.8124555079e+02   0.0000000000e+00   3.1855677162e+02
   3956.0000000000   5.8146470143e+02   0.0000000000e+00   3.1867939528e+02
   3957.0000000000   5.8168287231e+02   0.0000000000e+00   3.1880138931e+02
   3958.0000000000   5.8190017350e+02   0.0000000000e+00   3.1892283016e+02
   3959.0000000000   5.8213732641e+02   0.0000000000e+00   3.1904377527e+02
   3960.0000000000   5.8236166867e+02   0.0000000000e+00   3.1917394605e+02
   3961.0000000000   5.8258335369e+02   0.0000000000e+00   3.1929803365e+02
   3962.0000000000   5.8280338468e+02   0.0000000000e+00   3.1942080356e+02
   3963.0000000000   5.8302217019e+02   0.0000000000e+00   3.1954273055e+02
   3964.0000000000   5.8323993248e+02   0.0000000000e+00   3.1966401006e+02
   3965.0000000000   5.8345681221e+02   0.0000000000e+00   3.1979442634e+02
   3966.0000000000   5.8367290728e+02   0.0000000000e+00   3.1992838007e+02
   3967.0000000000   5.8388829029e+02   0.0000000000e+00   3.2005531081e+02
   3968.0000000000   5.8410301763e+02   0.0000000000e+00   3.2019011730e+02
   3969.0000000000   5.8432745375e+02   0.0000000000e+00   3.2031810741e+02
   3970.0000000000   5.8454527221e+02   0.0000000000e+00   3.2044430388e+02
   3971.0000000000   5.8476155487e+02   0.0000000000e+00   3.2056931843e+02
   3972.0000000000   5.8498712762e+02   0.0000000000e+00   3.2069342951e+02
   3973.0000000000   5.8520583597e+02   0.0000000000e+00   3.2081679936e+02
   3974.0000000000   5.8542284625e+02   0.0000000000e+00   3.2094921162e+02
   3975.0000000000   5.8563871321e+02   0.0000000000e+00   3.2107539773e+02
   3976.0000000000   5.8586399520e+02   0.0000000000e+00   3.2120015084e+02
   3977.0000000000   5.8608246421e+02   0.0000000000e+00   3.2133364216e+02
   3978.0000000000   5.8629925934e+02   0.0000000000e+00   3.2146073706e+02
   3979.0000000000   5.8652524280e+02   0.0000000000e+00   3.2158629039e+02
   3980.0000000000   5.8674428452e+02   0.0000000000e+00   3.2171082999e+02
   3981.0000000000   5.8696156793e+02   0.0000000000e+00   3.2183458596e+02
   3982.0000000000   5.8718797938e+02   0.0000000000e+00   3.2195769002e+02
   3983.0000000000   5.8740740352e+02   0.0000000000e+00   3.2208022882e+02
   3984.0000000000   5.8763535267e+02   0.0000000000e+00   3.2220226428e+02
   3985.0000000000   5.8785603705e+02   0.0000000000e+00   3.2233351985e+02
   3986.0000000000   5.8807476047e+02   0.0000000000e+00   3.2245868752e+02
   3987.0000000000   5.8829214943e+02   0.0000000000e+00   3.2258253311e+02
   3988.0000000000   5.8850848707e+02   0.0000000000e+00   3.2270553141e+02
   3989.0000000000   5.8873425787e+02   0.0000000000e+00   3.2282787784e+02
   3990.0000000000   5.8895320795e+02   0.0000000000e+00   3.2294967996e+02
   3991.0000000000   5.8918078583e+02   0.0000000000e+00   3.2307100672e+02
   3992.0000000000   5.8940116750e+02   0.0000000000e+00   3.2319190669e+02
   3993.0000000000   5.8961963654e+02   0.0000000000e+00   3.2331241635e+02
   3994.0000000000   5.8983680661e+02   0.0000000000e+00   3.2343256432e+02
   3995.0000000000   5.9005295231e+02   0.0000000000e+00   3.2355237387e+02
   3996.0000000000   5.9027855220e+02   0.0000000000e+00   3.2368154094e+02
   3997.0000000000   5.9050766725e+02   0.0000000000e+00   3.2380473711e+02
   3998.0000000000   5.9072905992e+02   0.0000000000e+00   3.2392671243e+02
   3999.0000000000   5.9094831798e+02   0.0000000000e+00   3.2404792927e+02
   4000.0000000000   5.9118679086e+02   0.0000000000e+00   3.2417824948e+02
   4001.0000000000   5.9141206918e+02   0.0000000000e+00   3.2431210397e+02
   4002.0000000000   5.9164475554e+02   0.0000000000e+00   3.2444862215e+02
   4003.0000000000   5.9189020359e+02   0.0000000000e+00   3.2457768746e+02
   4004.0000000000   5.9212119280e+02   0.0000000000e+00   3.2470469121e+02
   4005.0000000000   5.9234855821e+02   0.0000000000e+00   3.2483037116e+02
   4006.0000000000   5.9257360864e+02   0.0000000000e+00   3.2495506349e+02
   4007.0000000000   5.9279692552e+02   0.0000000000e+00   3.2507896131e+02
   4008.0000000000   5.9301884107e+02   0.0000000000e+00   3.2520218989e+02
   4009.0000000000   5.9324989034e+02   0.0000000000e+00   3.2532483700e+02
   4010.0000000000   5.9348418062e+02   0.0000000000e+00   3.2544696753e+02
   4011.0000000000   5.9371051143e+02   0.0000000000e+00   3.2556863145e+02
   4012.0000000000   5.9394481942e+02   0.0000000000e+00   3.2568986839e+02
   4013.0000000000   5.9417147618e+02   0.0000000000e+00   3.2582038717e+02
   4014.0000000000   5.9439587025e+02   0.0000000000e+00   3.2594486965e+02
   4015.0000000000   5.9461868097e+02   0.0000000000e+00   3.2607775079e+02
   4016.0000000000   5.9484022806e+02   0.0000000000e+00   3.2620415487e+02
   4017.0000000000   5.9507102316e+02   0.0000000000e+00   3.2632900873e+02
   4018.0000000000   5.9529483347e+02   0.0000000000e+00   3.2645286631e+02
   4019.0000000000   5.9551680542e+02   0.0000000000e+00   3.2657596794e+02
   4020.0000000000   5.9575813103e+02   0.0000000000e+00   3.2669844917e+02
   4021.0000000000   5.9598632763e+02   0.0000000000e+00   3.2683007407e+02
   4022.0000000000   5.9621163976e+02   0.0000000000e+00   3.2695555919e+02
   4023.0000000000   5.9643512430e+02   0.0000000000e+00   3.2707968611e+02
   4024.0000000000   5.9665722464e+02   0.0000000000e+00   3.2721261679e+02
   4025.0000000000   5.9687818718e+02   0.0000000000e+00   3.2733920907e+02
   4026.0000000000   5.9709817024e+02   0.0000000000e+00   3.2746431158e+02
   4027.0000000000   5.9731728505e+02   0.0000000000e+00   3.2758844698e+02
   4028.0000000000   5.9753561464e+02   0.0000000000e+00   3.2771184094e+02
   4029.0000000000   5.9776354287e+02   0.0000000000e+00   3.2783462144e+02
   4030.0000000000   5.9799507713e+02   0.0000000000e+00   3.2795687184e+02
   4031.0000000000   5.9821894694e+02   0.0000000000e+00   3.2807865125e+02
   4032.0000000000   5.9844071864e+02   0.0000000000e+00   3.2820000407e+02
   4033.0000000000   5.9866108895e+02   0.0000000000e+00   3.2832096506e+02
   4034.0000000000   5.9888036609e+02   0.0000000000e+00   3.2844156226e+02
   4035.0000000000   5.9909872577e+02   0.0000000000e+00   3.2857149544e+02
   4036.0000000000   5.9931628263e+02   0.0000000000e+00   3.2869543928e+02
   4037.0000000000   5.9953311812e+02   0.0000000000e+00   3.2881814637e+02
   4038.0000000000   5.9975961265e+02   0.0000000000e+00   3.2894008115e+02
   4039.0000000000   5.9997945059e+02   0.0000000000e+00   3.2906143070e+02
   4040.0000000000   6.0020804043e+02   0.0000000000e+00   3.2918229577e+02
   4041.0000000000   6.0042953063e+02   0.0000000000e+00   3.2930273964e+02
   4042.0000000000   6.0065950405e+02   0.0000000000e+00   3.2942280605e+02
   4043.0000000000   6.0088219574e+02   0.0000000000e+00   3.2954252739e+02
   4044.0000000000   6.0110291932e+02   0.0000000000e+00   3.2966192872e+02
   4045.0000000000   6.0133262431e+02   0.0000000000e+00   3.2978103022e+02
   4046.0000000000   6.0155523141e+02   0.0000000000e+00   3.2989984857e+02
   4047.0000000000   6.0177595665e+02   0.0000000000e+00   3.3001839786e+02
   4048.0000000000   6.0199538956e+02   0.0000000000e+00   3.3014636675e+02
   4049.0000000000   6.0222411389e+02   0.0000000000e+00   3.3026842090e+02
   4050.0000000000   6.0246655896e+02   0.0000000000e+00   3.3038930545e+02
   4051.0000000000   6.0269515102e+02   0.0000000000e+00   3.3051915515e+02
   4052.0000000000   6.0292054546e+02   0.0000000000e+00   3.3064280681e+02
   4053.0000000000   6.0314394501e+02   0.0000000000e+00   3.3076509242e+02
   4054.0000000000   6.0337618135e+02   0.0000000000e+00   3.3088652114e+02
   4055.0000000000   6.0361149427e+02   0.0000000000e+00   3.3100730750e+02
   4056.0000000000   6.0384907064e+02   0.0000000000e+00   3.3112757018e+02
   4057.0000000000   6.0409884079e+02   0.0000000000e+00   3.3124738464e+02
   4058.0000000000   6.0433388572e+02   0.0000000000e+00   3.3137647977e+02
   4059.0000000000   6.0456513837e+02   0.0000000000e+00   3.3149954917e+02
   4060.0000000000   6.0480427198e+02   0.0000000000e+00   3.3162135828e+02
   4061.0000000000   6.0504584873e+02   0.0000000000e+00   3.3174238051e+02
   4062.0000000000   6.0527890356e+02   0.0000000000e+00   3.3187248588e+02
   4063.0000000000   6.0550919379e+02   0.0000000000e+00   3.3199643487e+02
   4064.0000000000   6.0574786454e+02   0.0000000000e+00   3.3211902998e+02
   4065.0000000000   6.0597895270e+02   0.0000000000e+00   3.3225044394e+02
   4066.0000000000   6.0620775323e+02   0.0000000000e+00   3.3237554032e+02
   4067.0000000000   6.0643491357e+02   0.0000000000e+00   3.3249917081e+02
   4068.0000000000   6.0666074282e+02   0.0000000000e+00   3.3263153614e+02
   4069.0000000000   6.0688543131e+02   0.0000000000e+00   3.3275751769e+02
   4070.0000000000   6.0710911145e+02   0.0000000000e+00   3.3288197933e+02
   4071.0000000000   6.0734220131e+02   0.0000000000e+00   3.3300545404e+02
   4072.0000000000   6.0757873360e+02   0.0000000000e+00   3.3313785130e+02
   4073.0000000000   6.0781777655e+02   0.0000000000e+00   3.3326395937e+02
   4074.0000000000   6.0804854835e+02   0.0000000000e+00   3.3338860128e+02
   4075.0000000000   6.0827680885e+02   0.0000000000e+00   3.3351228885e+02
   4076.0000000000   6.0852399489e+02   0.0000000000e+00   3.3363524291e+02
   4077.0000000000   6.0875774940e+02   0.0000000000e+00   3.3375758923e+02
   4078.0000000000   6.0898839067e+02   0.0000000000e+00   3.3388908678e+02
   4079.0000000000   6.0921702295e+02   0.0000000000e+00   3.3402412598e+02
   4080.0000000000   6.0944412202e+02   0.0000000000e+00   3.3415214206e+02
   4081.0000000000   6.0969059572e+02   0.0000000000e+00   3.3427835556e+02
   4082.0000000000   6.0992389199e+02   0.0000000000e+00   3.3440341881e+02
   4083.0000000000   6.1015423592e+02   0.0000000000e+00   3.3452761885e+02
   4084.0000000000   6.1038268055e+02   0.0000000000e+00   3.3465111792e+02
   4085.0000000000   6.1060967077e+02   0.0000000000e+00   3.3477402068e+02
   4086.0000000000   6.1083545634e+02   0.0000000000e+00   3.3489640050e+02
   4087.0000000000   6.1106019945e+02   0.0000000000e+00   3.3501831187e+02
   4088.0000000000   6.1128401518e+02   0.0000000000e+00   3.3513979696e+02
   4089.0000000000   6.1150699020e+02   0.0000000000e+00   3.3526088951e+02
   4090.0000000000   6.1172919257e+02   0.0000000000e+00   3.3538161720e+02
   4091.0000000000   6.1196099659e+02   0.0000000000e+00   3.3551167971e+02
   4092.0000000000   6.1218608424e+02   0.0000000000e+00   3.3563575181e+02
   4093.0000000000   6.1240954464e+02   0.0000000000e+00   3.3575858627e+02
   4094.0000000000   6.1264221001e+02   0.0000000000e+00   3.3589032433e+02
   4095.0000000000   6.1286793144e+02   0.0000000000e+00   3.3601580837e+02
   4096.0000000000   6.1309188016e+02   0.0000000000e+00   3.3613987518e+02
   4097.0000000000   6.1331461536e+02   0.0000000000e+00   3.3626303811e+02
   4098.0000000000   6.1353638022e+02   0.0000000000e+00   3.3638551539e+02
   4099.0000000000   6.1375731416e+02   0.0000000000e+00   3.3650742896e+02
   4100.0000000000   6.1397750926e+02   0.0000000000e+00   3.3662885717e+02
   4101.0000000000   6.1420735093e+02   0.0000000000e+00   3.3675953150e+02
   4102.0000000000   6.1443052597e+02   0.0000000000e+00   3.3688414788e+02
   4103.0000000000   6.1468308227e+02   0.0000000000e+00   3.3700747383e+02
   4104.0000000000   6.1491644110e+02   0.0000000000e+00   3.3712998465e+02
   4105.0000000000   6.1514596702e+02   0.0000000000e+00   3.3725187556e+02
   4106.0000000000   6.1537321847e+02   0.0000000000e+00   3.3737325353e+02
   4107.0000000000   6.1560914947e+02   0.0000000000e+00   3.3749418669e+02
   4108.0000000000   6.1584805650e+02   0.0000000000e+00   3.3761472269e+02
   4109.0000000000   6.1607883787e+02   0.0000000000e+00   3.3773489700e+02
   4110.0000000000   6.1630716770e+02   0.0000000000e+00   3.3785473726e+02
   4111.0000000000   6.1654413502e+02   0.0000000000e+00   3.3797426574e+02
   4112.0000000000   6.1677373625e+02   0.0000000000e+00   3.3809350087e+02
   4113.0000000000   6.1700123581e+02   0.0000000000e+00   3.3822213476e+02
   4114.0000000000   6.1722725719e+02   0.0000000000e+00   3.3834483586e+02
   4115.0000000000   6.1745209031e+02   0.0000000000e+00   3.3846635161e+02
   4116.0000000000   6.1767590973e+02   0.0000000000e+00   3.3858714213e+02
   4117.0000000000   6.1789883476e+02   0.0000000000e+00   3.3871706733e+02
   4118.0000000000   6.1812095328e+02   0.0000000000e+00   3.3884087986e+02
   4119.0000000000   6.1834233331e+02   0.0000000000e+00   3.3896337602e+02
   4120.0000000000   6.1856302940e+02   0.0000000000e+00   3.3908504698e+02
   4121.0000000000   6.1879340559e+02   0.0000000000e+00   3.3920609719e+02
   4122.0000000000   6.1901713581e+02   0.0000000000e+00   3.3932663920e+02
   4123.0000000000   6.1923930266e+02   0.0000000000e+00   3.3944674453e+02
   4124.0000000000   6.1946041389e+02   0.0000000000e+00   3.3956646292e+02
   4125.0000000000   6.1969099900e+02   0.0000000000e+00   3.3968583108e+02
   4126.0000000000   6.1991481118e+02   0.0000000000e+00   3.3980487735e+02
   4127.0000000000   6.2013697679e+02   0.0000000000e+00   3.3992362436e+02
   4128.0000000000   6.2035802994e+02   0.0000000000e+00   3.4004209066e+02
   4129.0000000000   6.2057819793e+02   0.0000000000e+00   3.4016029177e+02
   4130.0000000000   6.2080792826e+02   0.0000000000e+00   3.4027824093e+02
   4131.0000000000   6.2104126007e+02   0.0000000000e+00   3.4042497919e+02
   4132.0000000000   6.2127725886e+02   0.0000000000e+00   3.4055448177e+02
   4133.0000000000   6.2151545540e+02   0.0000000000e+00   3.4068096491e+02
   4134.0000000000   6.2175555686e+02   0.0000000000e+00   3.4080578605e+02
   4135.0000000000   6.2198704005e+02   0.0000000000e+00   3.4093915156e+02
   4136.0000000000   6.2221579756e+02   0.0000000000e+00   3.4106599105e+02
   4137.0000000000   6.2244270499e+02   0.0000000000e+00   3.4119120542e+02
   4138.0000000000   6.2266818112e+02   0.0000000000e+00   3.4131535367e+02
   4139.0000000000   6.2289247536e+02   0.0000000000e+00   3.4143868708e+02
   4140.0000000000   6.2311575411e+02   0.0000000000e+00   3.4156135205e+02
   4141.0000000000   6.2334845577e+02   0.0000000000e+00   3.4168344554e+02
   4142.0000000000   6.2358462542e+02   0.0000000000e+00   3.4180503689e+02
   4143.0000000000   6.2381301974e+02   0.0000000000e+00   3.4192617830e+02
   4144.0000000000   6.2403922527e+02   0.0000000000e+00   3.4205658714e+02
   4145.0000000000   6.2426395410e+02   0.0000000000e+00   3.4218095131e+02
   4146.0000000000   6.2448752641e+02   0.0000000000e+00   3.4231371015e+02
   4147.0000000000   6.2471012738e+02   0.0000000000e+00   3.4243999123e+02
   4148.0000000000   6.2493187926e+02   0.0000000000e+00   3.4256472384e+02
   4149.0000000000   6.2515286966e+02   0.0000000000e+00   3.4268846379e+02
   4150.0000000000   6.2538348409e+02   0.0000000000e+00   3.4281145288e+02
   4151.0000000000   6.2560741110e+02   0.0000000000e+00   3.4293382780e+02
   4152.0000000000   6.2584006273e+02   0.0000000000e+00   3.4305567694e+02
   4153.0000000000   6.2606559040e+02   0.0000000000e+00   3.4317706250e+02
   4154.0000000000   6.2628926041e+02   0.0000000000e+00   3.4329803078e+02
   4155.0000000000   6.2651167384e+02   0.0000000000e+00   3.4341861778e+02
   4156.0000000000   6.2674341499e+02   0.0000000000e+00   3.4353885233e+02
   4157.0000000000   6.2696827228e+02   0.0000000000e+00   3.4365875816e+02
   4158.0000000000   6.2719139616e+02   0.0000000000e+00   3.4377835518e+02
   4159.0000000000   6.2741333799e+02   0.0000000000e+00   3.4389766034e+02
   4160.0000000000   6.2763433789e+02   0.0000000000e+00   3.4401668834e+02
   4161.0000000000   6.2785453401e+02   0.0000000000e+00   3.4414512856e+02
   4162.0000000000   6.2808433700e+02   0.0000000000e+00   3.4426764739e+02
   4163.0000000000   6.2830744905e+02   0.0000000000e+00   3.4438899076e+02
   4164.0000000000   6.2853928997e+02   0.0000000000e+00   3.4451929413e+02
   4165.0000000000   6.2877433484e+02   0.0000000000e+00   3.4464339501e+02
   4166.0000000000   6.2900148879e+02   0.0000000000e+00   3.4477580258e+02
   4167.0000000000   6.2922640475e+02   0.0000000000e+00   3.4490168166e+02
   4168.0000000000   6.2946014757e+02   0.0000000000e+00   3.4505501277e+02
   4169.0000000000   6.2968669190e+02   0.0000000000e+00   3.4519033012e+02
   4170.0000000000   6.2991128359e+02   0.0000000000e+00   3.4532209128e+02
   4171.0000000000   6.3013453053e+02   0.0000000000e+00   3.4545178793e+02
   4172.0000000000   6.3036702860e+02   0.0000000000e+00   3.4558003478e+02
   4173.0000000000   6.3059257744e+02   0.0000000000e+00   3.4571684105e+02
   4174.0000000000   6.3081633716e+02   0.0000000000e+00   3.4585674550e+02
   4175.0000000000   6.3103886728e+02   0.0000000000e+00   3.4598927980e+02
   4176.0000000000   6.3126041461e+02   0.0000000000e+00   3.4611973117e+02
   4177.0000000000   6.3148112294e+02   0.0000000000e+00   3.4624880031e+02
   4178.0000000000   6.3170108844e+02   0.0000000000e+00   3.4637681055e+02
   4179.0000000000   6.3192038109e+02   0.0000000000e+00   3.4650395217e+02
   4180.0000000000   6.3213905463e+02   0.0000000000e+00   3.4663035200e+02
   4181.0000000000   6.3235715199e+02   0.0000000000e+00   3.4675610126e+02
   4182.0000000000   6.3258502756e+02   0.0000000000e+00   3.4688126904e+02
   4183.0000000000   6.3280634714e+02   0.0000000000e+00   3.4701558622e+02
   4184.0000000000   6.3302618641e+02   0.0000000000e+00   3.4714375180e+02
   4185.0000000000   6.3324504711e+02   0.0000000000e+00   3.4727053790e+02
   4186.0000000000   6.3348377264e+02   0.0000000000e+00   3.4739642495e+02
   4187.0000000000   6.3370974774e+02   0.0000000000e+00   3.4753128985e+02
   4188.0000000000   6.3393314496e+02   0.0000000000e+00   3.4765989960e+02
   4189.0000000000   6.3415497452e+02   0.0000000000e+00   3.4778706283e+02
   4190.0000000000   6.3437564629e+02   0.0000000000e+00   3.4791328137e+02
   4191.0000000000   6.3459538104e+02   0.0000000000e+00   3.4803876895e+02
   4192.0000000000   6.3482463576e+02   0.0000000000e+00   3.4817332283e+02
   4193.0000000000   6.3504714105e+02   0.0000000000e+00   3.4831135336e+02
   4194.0000000000   6.3527833524e+02   0.0000000000e+00   3.4844230757e+02
   4195.0000000000   6.3550238695e+02   0.0000000000e+00   3.4857141356e+02
   4196.0000000000   6.3572457408e+02   0.0000000000e+00   3.4870900546e+02
   4197.0000000000   6.3595582481e+02   0.0000000000e+00   3.4884002925e+02
   4198.0000000000   6.3618004609e+02   0.0000000000e+00   3.4897906248e+02
   4199.0000000000   6.3640244448e+02   0.0000000000e+00   3.4911131712e+02
   4200.0000000000   6.3662360268e+02   0.0000000000e+00   3.4924177855e+02
   4201.0000000000   6.3684378018e+02   0.0000000000e+00   3.4938071870e+02
   4202.0000000000   6.3706312799e+02   0.0000000000e+00   3.4951306361e+02
   4203.0000000000   6.3729206565e+02   0.0000000000e+00   3.4964370806e+02
   4204.0000000000   6.3751430177e+02   0.0000000000e+00   3.4978288439e+02
   4205.0000000000   6.3775558000e+02   0.0000000000e+00   3.4991549818e+02
   4206.0000000000   6.3799401512e+02   0.0000000000e+00   3.5004643248e+02
   4207.0000000000   6.3822356527e+02   0.0000000000e+00   3.5017623585e+02
   4208.0000000000   6.3845036522e+02   0.0000000000e+00   3.5030515414e+02
   4209.0000000000   6.3868566729e+02   0.0000000000e+00   3.5043333145e+02
   4210.0000000000   6.3892386185e+02   0.0000000000e+00   3.5057054086e+02
   4211.0000000000   6.3915388849e+02   0.0000000000e+00   3.5070150750e+02
   4212.0000000000   6.3938144310e+02   0.0000000000e+00   3.5083102078e+02
   4213.0000000000   6.3962794661e+02   0.0000000000e+00   3.5095957319e+02
   4214.0000000000   6.3987135886e+02   0.0000000000e+00   3.5108737383e+02
   4215.0000000000   6.4010563616e+02   0.0000000000e+00   3.5121454123e+02
   4216.0000000000   6.4033693584e+02   0.0000000000e+00   3.5134115326e+02
   4217.0000000000   6.4056621609e+02   0.0000000000e+00   3.5146726594e+02
   4218.0000000000   6.4080425371e+02   0.0000000000e+00   3.5159292198e+02
   4219.0000000000   6.4103495756e+02   0.0000000000e+00   3.5171815540e+02
   4220.0000000000   6.4126356036e+02   0.0000000000e+00   3.5184299409e+02
   4221.0000000000   6.4150099229e+02   0.0000000000e+00   3.5196746149e+02
   4222.0000000000   6.4173117472e+02   0.0000000000e+00   3.5209157767e+02
   4223.0000000000   6.4199028860e+02   0.0000000000e+00   3.5221536005e+02
   4224.0000000000   6.4224016087e+02   0.0000000000e+00   3.5233882396e+02
   4225.0000000000   6.4249017242e+02   0.0000000000e+00   3.5247165953e+02
   4226.0000000000   6.4274093270e+02   0.0000000000e+00   3.5259853405e+02
   4227.0000000000   6.4300291621e+02   0.0000000000e+00   3.5272419430e+02
   4228.0000000000   6.4324948033e+02   0.0000000000e+00   3.5284910013e+02
   4229.0000000000   6.4349172118e+02   0.0000000000e+00   3.5297343492e+02
   4230.0000000000   6.4373109899e+02   0.0000000000e+00   3.5309729641e+02
   4231.0000000000   6.4396829445e+02   0.0000000000e+00   3.5323042196e+02
   4232.0000000000   6.4420371000e+02   0.0000000000e+00   3.5335750839e+02
   4233.0000000000   6.4444793292e+02   0.0000000000e+00   3.5348332216e+02
   4234.0000000000   6.4468479182e+02   0.0000000000e+00   3.5360833682e+02
   4235.0000000000   6.4491948223e+02   0.0000000000e+00   3.5374242215e+02
   4236.0000000000   6.4515259760e+02   0.0000000000e+00   3.5388001481e+02
   4237.0000000000   6.4538441537e+02   0.0000000000e+00   3.5401057203e+02
   4238.0000000000   6.4561510630e+02   0.0000000000e+00   3.5413932545e+02
   4239.0000000000   6.4584479027e+02   0.0000000000e+00   3.5426693319e+02
   4240.0000000000   6.4607355805e+02   0.0000000000e+00   3.5439368518e+02
   4241.0000000000   6.4630148171e+02   0.0000000000e+00   3.5453909810e+02
   4242.0000000000   6.4653893949e+02   0.0000000000e+00   3.5469194025e+02
   4243.0000000000   6.4677993630e+02   0.0000000000e+00   3.5483106666e+02
   4244.0000000000   6.4701320110e+02   0.0000000000e+00   3.5496690271e+02
   4245.0000000000   6.4724430078e+02   0.0000000000e+00   3.5510073823e+02
   4246.0000000000   6.4747393333e+02   0.0000000000e+00   3.5523313355e+02
   4247.0000000000   6.4770240862e+02   0.0000000000e+00   3.5536440057e+02
   4248.0000000000   6.4792990429e+02   0.0000000000e+00   3.5549473715e+02
   4249.0000000000   6.4815653701e+02   0.0000000000e+00   3.5563395610e+02
   4250.0000000000   6.4838239029e+02   0.0000000000e+00   3.5577648845e+02
   4251.0000000000   6.4860752751e+02   0.0000000000e+00   3.5591180072e+02
   4252.0000000000   6.4883199894e+02   0.0000000000e+00   3.5604513802e+02
   4253.0000000000   6.4906616477e+02   0.0000000000e+00   3.5617717240e+02
   4254.0000000000   6.4930401473e+02   0.0000000000e+00   3.5630820697e+02
   4255.0000000000   6.4954458381e+02   0.0000000000e+00   3.5643841729e+02
   4256.0000000000   6.4977706380e+02   0.0000000000e+00   3.5656791918e+02
   4257.0000000000   6.5000719307e+02   0.0000000000e+00   3.5669679549e+02
   4258.0000000000   6.5023575256e+02   0.0000000000e+00   3.5682510885e+02
   4259.0000000000   6.5046309805e+02   0.0000000000e+00   3.5695290848e+02
   4260.0000000000   6.5068943469e+02   0.0000000000e+00   3.5708023429e+02
   4261.0000000000   6.5091489647e+02   0.0000000000e+00   3.5720711934e+02
   4262.0000000000   6.5114989729e+02   0.0000000000e+00   3.5733359158e+02
   4263.0000000000   6.5139878239e+02   0.0000000000e+00   3.5746935151e+02
   4264.0000000000   6.5165456777e+02   0.0000000000e+00   3.5759907502e+02
   4265.0000000000   6.5189515046e+02   0.0000000000e+00   3.5772751618e+02
   4266.0000000000   6.5213181300e+02   0.0000000000e+00   3.5785514104e+02
   4267.0000000000   6.5237633182e+02   0.0000000000e+00   3.5798213830e+02
   4268.0000000000   6.5261298844e+02   0.0000000000e+00   3.5811828688e+02
   4269.0000000000   6.5284719691e+02   0.0000000000e+00   3.5824830669e+02
   4270.0000000000   6.5307966986e+02   0.0000000000e+00   3.5838665538e+02
   4271.0000000000   6.5331075481e+02   0.0000000000e+00   3.5851847168e+02
   4272.0000000000   6.5354066588e+02   0.0000000000e+00   3.5864869212e+02
   4273.0000000000   6.5376955070e+02   0.0000000000e+00   3.5877787740e+02
   4274.0000000000   6.5400783728e+02   0.0000000000e+00   3.5891594934e+02
   4275.0000000000   6.5423924588e+02   0.0000000000e+00   3.5904770222e+02
   4276.0000000000   6.5446889391e+02   0.0000000000e+00   3.5917796223e+02
   4277.0000000000   6.5469731609e+02   0.0000000000e+00   3.5931691947e+02
   4278.0000000000   6.5492474423e+02   0.0000000000e+00   3.5944945085e+02
   4279.0000000000   6.5516163178e+02   0.0000000000e+00   3.5958041859e+02
   4280.0000000000   6.5540202425e+02   0.0000000000e+00   3.5971035541e+02
   4281.0000000000   6.5565531244e+02   0.0000000000e+00   3.5983949468e+02
   4282.0000000000   6.5589435008e+02   0.0000000000e+00   3.5996797045e+02
   4283.0000000000   6.5612994484e+02   0.0000000000e+00   3.6009587095e+02
   4284.0000000000   6.5637369102e+02   0.0000000000e+00   3.6022325930e+02
   4285.0000000000   6.5662009684e+02   0.0000000000e+00   3.6035018321e+02
   4286.0000000000   6.5685815829e+02   0.0000000000e+00   3.6047668026e+02
   4287.0000000000   6.5710392255e+02   0.0000000000e+00   3.6061245745e+02
   4288.0000000000   6.5734182917e+02   0.0000000000e+00   3.6074219516e+02
   4289.0000000000   6.5757731129e+02   0.0000000000e+00   3.6087065060e+02
   4290.0000000000   6.5782139800e+02   0.0000000000e+00   3.6099829203e+02
   4291.0000000000   6.5805806712e+02   0.0000000000e+00   3.6112530972e+02
   4292.0000000000   6.5829257769e+02   0.0000000000e+00   3.6125180714e+02
   4293.0000000000   6.5852555282e+02   0.0000000000e+00   3.6137784992e+02
   4294.0000000000   6.5876760313e+02   0.0000000000e+00   3.6150348386e+02
   4295.0000000000   6.5900254175e+02   0.0000000000e+00   3.6162874313e+02
   4296.0000000000   6.5923554095e+02   0.0000000000e+00   3.6175365440e+02
   4297.0000000000   6.5946717103e+02   0.0000000000e+00   3.6187823929e+02
   4298.0000000000   6.5971832662e+02   0.0000000000e+00   3.6200251575e+02
   4299.0000000000   6.5996675140e+02   0.0000000000e+00   3.6212649904e+02
   4300.0000000000   6.6020628590e+02   0.0000000000e+00   3.6225020233e+02
   4301.0000000000   6.6044301665e+02   0.0000000000e+00   3.6237363719e+02
   4302.0000000000   6.6067785494e+02   0.0000000000e+00   3.6250649038e+02
   4303.0000000000   6.6091122571e+02   0.0000000000e+00   3.6263342615e+02
   4304.0000000000   6.6115369693e+02   0.0000000000e+00   3.6276886511e+02
   4305.0000000000   6.6138906942e+02   0.0000000000e+00   3.6289791968e+02
   4306.0000000000   6.6162251120e+02   0.0000000000e+00   3.6302550681e+02
   4307.0000000000   6.6185459084e+02   0.0000000000e+00   3.6315217200e+02
   4308.0000000000   6.6208556390e+02   0.0000000000e+00   3.6327814845e+02
   4309.0000000000   6.6231558214e+02   0.0000000000e+00   3.6340356553e+02
   4310.0000000000   6.6254474895e+02   0.0000000000e+00   3.6352850541e+02
   4311.0000000000   6.6278345983e+02   0.0000000000e+00   3.6365302488e+02
   4312.0000000000   6.6301541043e+02   0.0000000000e+00   3.6377716562e+02
   4313.0000000000   6.6324569919e+02   0.0000000000e+00   3.6391063608e+02
   4314.0000000000   6.6348516493e+02   0.0000000000e+00   3.6404779318e+02
   4315.0000000000   6.6372798264e+02   0.0000000000e+00   3.6417804835e+02
   4316.0000000000   6.6398360150e+02   0.0000000000e+00   3.6431628092e+02
   4317.0000000000   6.6423522510e+02   0.0000000000e+00   3.6444778456e+02
   4318.0000000000   6.6447731518e+02   0.0000000000e+00   3.6458724768e+02
   4319.0000000000   6.6472652751e+02   0.0000000000e+00   3.6471992853e+02
   4320.0000000000   6.6496753834e+02   0.0000000000e+00   3.6485083440e+02
   4321.0000000000   6.6520589843e+02   0.0000000000e+00   3.6498057162e+02
   4322.0000000000   6.6544238451e+02   0.0000000000e+00   3.6511909324e+02
   4323.0000000000   6.6567737954e+02   0.0000000000e+00   3.6525121588e+02
   4324.0000000000   6.6592143853e+02   0.0000000000e+00   3.6538178219e+02
   4325.0000000000   6.6616867881e+02   0.0000000000e+00   3.6551131827e+02
   4326.0000000000   6.6640790590e+02   0.0000000000e+00   3.6564973221e+02
   4327.0000000000   6.6664474138e+02   0.0000000000e+00   3.6578181313e+02
   4328.0000000000   6.6687992365e+02   0.0000000000e+00   3.6591238583e+02
   4329.0000000000   6.6711379331e+02   0.0000000000e+00   3.6605164079e+02
   4330.0000000000   6.6735687094e+02   0.0000000000e+00   3.6618445606e+02
   4331.0000000000   6.6759292821e+02   0.0000000000e+00   3.6631569530e+02
   4332.0000000000   6.6782711404e+02   0.0000000000e+00   3.6644589276e+02
   4333.0000000000   6.6805998386e+02   0.0000000000e+00   3.6657528330e+02
   4334.0000000000   6.6829178390e+02   0.0000000000e+00   3.6670400234e+02
   4335.0000000000   6.6853297810e+02   0.0000000000e+00   3.6684181594e+02
   4336.0000000000   6.6876730078e+02   0.0000000000e+00   3.6698311997e+02
   4337.0000000000   6.6899987461e+02   0.0000000000e+00   3.6712703059e+02
   4338.0000000000   6.6924155477e+02   0.0000000000e+00   3.6726342700e+02
   4339.0000000000   6.6947620883e+02   0.0000000000e+00   3.6739770037e+02
   4340.0000000000   6.6970902034e+02   0.0000000000e+00   3.6753059017e+02
   4341.0000000000   6.6994055791e+02   0.0000000000e+00   3.6766243518e+02
   4342.0000000000   6.7017107215e+02   0.0000000000e+00   3.6779343138e+02
   4343.0000000000   6.7040070844e+02   0.0000000000e+00   3.6792370701e+02
   4344.0000000000   6.7062956372e+02   0.0000000000e+00   3.6805335273e+02
   4345.0000000000   6.7086802746e+02   0.0000000000e+00   3.6818243617e+02
   4346.0000000000   6.7111010890e+02   0.0000000000e+00   3.6831100988e+02
   4347.0000000000   6.7134453766e+02   0.0000000000e+00   3.6843911590e+02
   4348.0000000000   6.7157687938e+02   0.0000000000e+00   3.6856678873e+02
   4349.0000000000   6.7180782962e+02   0.0000000000e+00   3.6869405722e+02
   4350.0000000000   6.7203769534e+02   0.0000000000e+00   3.6883062245e+02
   4351.0000000000   6.7227697006e+02   0.0000000000e+00   3.6896116063e+02
   4352.0000000000   6.7251972238e+02   0.0000000000e+00   3.6909042597e+02
   4353.0000000000   6.7275471895e+02   0.0000000000e+00   3.6921888455e+02
   4354.0000000000   6.7298754998e+02   0.0000000000e+00   3.6934672503e+02
   4355.0000000000   6.7322924731e+02   0.0000000000e+00   3.6947404967e+02
   4356.0000000000   6.7346376640e+02   0.0000000000e+00   3.6960092316e+02
   4357.0000000000   6.7369634118e+02   0.0000000000e+00   3.6972739064e+02
   4358.0000000000   6.7392757178e+02   0.0000000000e+00   3.6985348571e+02
   4359.0000000000   6.7415772975e+02   0.0000000000e+00   3.6997923464e+02
   4360.0000000000   6.7438697495e+02   0.0000000000e+00   3.7010465874e+02
   4361.0000000000   6.7461541467e+02   0.0000000000e+00   3.7022977569e+02
   4362.0000000000   6.7484312684e+02   0.0000000000e+00   3.7035460058e+02
   4363.0000000000   6.7507017117e+02   0.0000000000e+00   3.7048882298e+02
   4364.0000000000   6.7529659515e+02   0.0000000000e+00   3.7061710939e+02
   4365.0000000000   6.7553275680e+02   0.0000000000e+00   3.7074420576e+02
   4366.0000000000   6.7576232482e+02   0.0000000000e+00   3.7087057104e+02
   4367.0000000000   6.7599037728e+02   0.0000000000e+00   3.7099638769e+02
   4368.0000000000   6.7621741798e+02   0.0000000000e+00   3.7114110565e+02
   4369.0000000000   6.7645397291e+02   0.0000000000e+00   3.7127409499e+02
   4370.0000000000   6.7668379218e+02   0.0000000000e+00   3.7140486821e+02
   4371.0000000000   6.7691199938e+02   0.0000000000e+00   3.7153435484e+02
   4372.0000000000   6.7714944525e+02   0.0000000000e+00   3.7166292630e+02
   4373.0000000000   6.7737999099e+02   0.0000000000e+00   3.7179077957e+02
   4374.0000000000   6.7760881329e+02   0.0000000000e+00   3.7191803579e+02
   4375.0000000000   6.7784679305e+02   0.0000000000e+00   3.7204477674e+02
   4376.0000000000   6.7807781060e+02   0.0000000000e+00   3.7217106125e+02
   4377.0000000000   6.7832769373e+02   0.0000000000e+00   3.7230661024e+02
   4378.0000000000   6.7856428580e+02   0.0000000000e+00   3.7243611345e+02
   4379.0000000000   6.7879793840e+02   0.0000000000e+00   3.7256433458e+02
   4380.0000000000   6.7902975558e+02   0.0000000000e+00   3.7270142297e+02
   4381.0000000000   6.7926020446e+02   0.0000000000e+00   3.7283222719e+02
   4382.0000000000   6.7948954415e+02   0.0000000000e+00   3.7296158879e+02
   4383.0000000000   6.7971793987e+02   0.0000000000e+00   3.7309002488e+02
   4384.0000000000   6.7994550645e+02   0.0000000000e+00   3.7321775666e+02
   4385.0000000000   6.8018264769e+02   0.0000000000e+00   3.7334490845e+02
   4386.0000000000   6.8041306492e+02   0.0000000000e+00   3.7347156055e+02
   4387.0000000000   6.8064186029e+02   0.0000000000e+00   3.7360744603e+02
   4388.0000000000   6.8086955590e+02   0.0000000000e+00   3.7373726212e+02
   4389.0000000000   6.8110669196e+02   0.0000000000e+00   3.7386577744e+02
   4390.0000000000   6.8133702986e+02   0.0000000000e+00   3.7399346820e+02
   4391.0000000000   6.8156570228e+02   0.0000000000e+00   3.7412053039e+02
   4392.0000000000   6.8180356736e+02   0.0000000000e+00   3.7425674816e+02
   4393.0000000000   6.8203449245e+02   0.0000000000e+00   3.7438684528e+02
   4394.0000000000   6.8226365933e+02   0.0000000000e+00   3.7452528222e+02
   4395.0000000000   6.8252259143e+02   0.0000000000e+00   3.7465719977e+02
   4396.0000000000   6.8277276407e+02   0.0000000000e+00   3.7479721251e+02
   4397.0000000000   6.8302342575e+02   0.0000000000e+00   3.7493053731e+02
   4398.0000000000   6.8326479612e+02   0.0000000000e+00   3.7506215598e+02
   4399.0000000000   6.8350303017e+02   0.0000000000e+00   3.7519265813e+02
   4400.0000000000   6.8374944978e+02   0.0000000000e+00   3.7533198525e+02
   4401.0000000000   6.8398818268e+02   0.0000000000e+00   3.7546494567e+02
   4402.0000000000   6.8422457492e+02   0.0000000000e+00   3.7560605250e+02
   4403.0000000000   6.8445930432e+02   0.0000000000e+00   3.7574048226e+02
   4404.0000000000   6.8469269881e+02   0.0000000000e+00   3.7587319873e+02
   4405.0000000000   6.8492496067e+02   0.0000000000e+00   3.7600478301e+02
   4406.0000000000   6.8516654909e+02   0.0000000000e+00   3.7613549612e+02
   4407.0000000000   6.8541152320e+02   0.0000000000e+00   3.7626548970e+02
   4408.0000000000   6.8564865003e+02   0.0000000000e+00   3.7639486410e+02
   4409.0000000000   6.8588352421e+02   0.0000000000e+00   3.7652369120e+02
   4410.0000000000   6.8611686445e+02   0.0000000000e+00   3.7665202533e+02
   4411.0000000000   6.8634899641e+02   0.0000000000e+00   3.7677990917e+02
   4412.0000000000   6.8659042904e+02   0.0000000000e+00   3.7690737724e+02
   4413.0000000000   6.8683524383e+02   0.0000000000e+00   3.7703445813e+02
   4414.0000000000   6.8707221830e+02   0.0000000000e+00   3.7716117594e+02
   4415.0000000000   6.8730695190e+02   0.0000000000e+00   3.7728755131e+02
   4416.0000000000   6.8755048440e+02   0.0000000000e+00   3.7741360214e+02
   4417.0000000000   6.8778677816e+02   0.0000000000e+00   3.7753934411e+02
   4418.0000000000   6.8802107306e+02   0.0000000000e+00   3.7766479110e+02
   4419.0000000000   6.8825397447e+02   0.0000000000e+00   3.7779963203e+02
   4420.0000000000   6.8848575854e+02   0.0000000000e+00   3.7792853310e+02
   4421.0000000000   6.8871658919e+02   0.0000000000e+00   3.7805624016e+02
   4422.0000000000   6.8894657733e+02   0.0000000000e+00   3.7818321219e+02
   4423.0000000000   6.8918612320e+02   0.0000000000e+00   3.7831930834e+02
   4424.0000000000   6.8942924458e+02   0.0000000000e+00   3.7844928069e+02
   4425.0000000000   6.8966467797e+02   0.0000000000e+00   3.7857792521e+02
   4426.0000000000   6.8991863275e+02   0.0000000000e+00   3.7870573286e+02
   4427.0000000000   6.9015908140e+02   0.0000000000e+00   3.7883290797e+02
   4428.0000000000   6.9039643527e+02   0.0000000000e+00   3.7895956306e+02
   4429.0000000000   6.9063183149e+02   0.0000000000e+00   3.7908576970e+02
   4430.0000000000   6.9086575785e+02   0.0000000000e+00   3.7921157766e+02
   4431.0000000000   6.9109848755e+02   0.0000000000e+00   3.7934670033e+02
   4432.0000000000   6.9133019611e+02   0.0000000000e+00   3.7947582124e+02
   4433.0000000000   6.9156100626e+02   0.0000000000e+00   3.7961337551e+02
   4434.0000000000   6.9179100903e+02   0.0000000000e+00   3.7974448675e+02
   4435.0000000000   6.9202027481e+02   0.0000000000e+00   3.7988375726e+02
   4436.0000000000   6.9225917895e+02   0.0000000000e+00   3.8001639471e+02
   4437.0000000000   6.9250172282e+02   0.0000000000e+00   3.8014737385e+02
   4438.0000000000   6.9273663142e+02   0.0000000000e+00   3.8027727865e+02
   4439.0000000000   6.9296946758e+02   0.0000000000e+00   3.8040636950e+02
   4440.0000000000   6.9320092523e+02   0.0000000000e+00   3.8053479592e+02
   4441.0000000000   6.9343131025e+02   0.0000000000e+00   3.8066265552e+02
   4442.0000000000   6.9366079643e+02   0.0000000000e+00   3.8079001723e+02
   4443.0000000000   6.9388949677e+02   0.0000000000e+00   3.8091693250e+02
   4444.0000000000   6.9411749126e+02   0.0000000000e+00   3.8104344123e+02
   4445.0000000000   6.9434483999e+02   0.0000000000e+00   3.8117925190e+02
   4446.0000000000   6.9459222823e+02   0.0000000000e+00   3.8130904575e+02
   4447.0000000000   6.9482696642e+02   0.0000000000e+00   3.8144725701e+02
   4448.0000000000   6.9505918679e+02   0.0000000000e+00   3.8157900917e+02
   4449.0000000000   6.9528987567e+02   0.0000000000e+00   3.8171890482e+02
   4450.0000000000   6.9551942786e+02   0.0000000000e+00   3.8185215219e+02
   4451.0000000000   6.9574805422e+02   0.0000000000e+00   3.8198372669e+02
   4452.0000000000   6.9597588587e+02   0.0000000000e+00   3.8211421302e+02
   4453.0000000000   6.9620301257e+02   0.0000000000e+00   3.8224387229e+02
   4454.0000000000   6.9643981903e+02   0.0000000000e+00   3.8237285475e+02
   4455.0000000000   6.9666999173e+02   0.0000000000e+00   3.8250125867e+02
   4456.0000000000   6.9690894010e+02   0.0000000000e+00   3.8262915367e+02
   4457.0000000000   6.9714081276e+02   0.0000000000e+00   3.8275659179e+02
   4458.0000000000   6.9737087328e+02   0.0000000000e+00   3.8288361354e+02
   4459.0000000000   6.9759972007e+02   0.0000000000e+00   3.8301025138e+02
   4460.0000000000   6.9783793496e+02   0.0000000000e+00   3.8314620854e+02
   4461.0000000000   6.9806930405e+02   0.0000000000e+00   3.8328583899e+02
   4462.0000000000   6.9829897561e+02   0.0000000000e+00   3.8342822917e+02
   4463.0000000000   6.9854813721e+02   0.0000000000e+00   3.8356323620e+02
   4464.0000000000   6.9878429936e+02   0.0000000000e+00   3.8369623430e+02
   4465.0000000000   6.9901769906e+02   0.0000000000e+00   3.8382794957e+02
   4466.0000000000   6.9925970482e+02   0.0000000000e+00   3.8395870993e+02
   4467.0000000000   6.9949438900e+02   0.0000000000e+00   3.8408870250e+02
   4468.0000000000   6.9973736065e+02   0.0000000000e+00   3.8422772459e+02
   4469.0000000000   6.9997288775e+02   0.0000000000e+00   3.8437019217e+02
   4470.0000000000   7.0020631191e+02   0.0000000000e+00   3.8450555836e+02
   4471.0000000000   7.0043828593e+02   0.0000000000e+00   3.8464873318e+02
   4472.0000000000   7.0066911220e+02   0.0000000000e+00   3.8478503379e+02
   4473.0000000000   7.0089897063e+02   0.0000000000e+00   3.8491949048e+02
   4474.0000000000   7.0112798252e+02   0.0000000000e+00   3.8505272122e+02
   4475.0000000000   7.0135623603e+02   0.0000000000e+00   3.8519468617e+02
   4476.0000000000   7.0159411766e+02   0.0000000000e+00   3.8533020697e+02
   4477.0000000000   7.0184595523e+02   0.0000000000e+00   3.8546413017e+02
   4478.0000000000   7.0208411490e+02   0.0000000000e+00   3.8559698504e+02
   4479.0000000000   7.0231921332e+02   0.0000000000e+00   3.8572900585e+02
   4480.0000000000   7.0256274571e+02   0.0000000000e+00   3.8587000560e+02
   4481.0000000000   7.0279884174e+02   0.0000000000e+00   3.8600473046e+02
   4482.0000000000   7.0303282207e+02   0.0000000000e+00   3.8613798223e+02
   4483.0000000000   7.0326533696e+02   0.0000000000e+00   3.8627993776e+02
   4484.0000000000   7.0349668979e+02   0.0000000000e+00   3.8641546642e+02
   4485.0000000000   7.0372706203e+02   0.0000000000e+00   3.8655910266e+02
   4486.0000000000   7.0396689546e+02   0.0000000000e+00   3.8670570838e+02
   4487.0000000000   7.0421023463e+02   0.0000000000e+00   3.8684490652e+02
   4488.0000000000   7.0444583430e+02   0.0000000000e+00   3.8698201616e+02
   4489.0000000000   7.0467927873e+02   0.0000000000e+00   3.8712742602e+02
   4490.0000000000   7.0491127776e+02   0.0000000000e+00   3.8726611798e+02
   4491.0000000000   7.0514214943e+02   0.0000000000e+00   3.8741269485e+02
   4492.0000000000   7.0537207701e+02   0.0000000000e+00   3.8755238716e+02
   4493.0000000000   7.0561150011e+02   0.0000000000e+00   3.8769019447e+02
   4494.0000000000   7.0584414094e+02   0.0000000000e+00   3.8782672330e+02
   4495.0000000000   7.0607511479e+02   0.0000000000e+00   3.8796225356e+02
   4496.0000000000   7.0631527168e+02   0.0000000000e+00   3.8809695156e+02
   4497.0000000000   7.0655879423e+02   0.0000000000e+00   3.8825028241e+02
   4498.0000000000   7.0680481778e+02   0.0000000000e+00   3.8839163764e+02
   4499.0000000000   7.0704259439e+02   0.0000000000e+00   3.8853055112e+02
   4500.0000000000   7.0730885927e+02   0.0000000000e+00   3.8866797193e+02
   4501.0000000000   7.0755532928e+02   0.0000000000e+00   3.8880428885e+02
   4502.0000000000   7.0779753106e+02   0.0000000000e+00   3.8894939072e+02
   4503.0000000000   7.0803712394e+02   0.0000000000e+00   3.8908806728e+02
   4504.0000000000   7.0828513005e+02   0.0000000000e+00   3.8922514799e+02
   4505.0000000000   7.0852557533e+02   0.0000000000e+00   3.8936115211e+02
   4506.0000000000   7.0876375809e+02   0.0000000000e+00   3.8949630762e+02
   4507.0000000000   7.0901064896e+02   0.0000000000e+00   3.8963074699e+02
   4508.0000000000   7.0925019610e+02   0.0000000000e+00   3.8977423524e+02
   4509.0000000000   7.0949796084e+02   0.0000000000e+00   3.8991149179e+02
   4510.0000000000   7.0973819217e+02   0.0000000000e+00   3.9004730185e+02
   4511.0000000000   7.0997622521e+02   0.0000000000e+00   3.9018215472e+02
   4512.0000000000   7.1022303118e+02   0.0000000000e+00   3.9031625710e+02
   4513.0000000000   7.1046255073e+02   0.0000000000e+00   3.9044972563e+02
   4514.0000000000   7.1070001754e+02   0.0000000000e+00   3.9058263673e+02
   4515.0000000000   7.1093603669e+02   0.0000000000e+00   3.9071504525e+02
   4516.0000000000   7.1117088637e+02   0.0000000000e+00   3.9085666953e+02
   4517.0000000000   7.1141505260e+02   0.0000000000e+00   3.9099219792e+02
   4518.0000000000   7.1165228567e+02   0.0000000000e+00   3.9112639352e+02
   4519.0000000000   7.1189803930e+02   0.0000000000e+00   3.9125972915e+02
   4520.0000000000   7.1213649499e+02   0.0000000000e+00   3.9139239874e+02
   4521.0000000000   7.1238326083e+02   0.0000000000e+00   3.9152450879e+02
   4522.0000000000   7.1262259184e+02   0.0000000000e+00   3.9165612745e+02
   4523.0000000000   7.1285981778e+02   0.0000000000e+00   3.9178730275e+02
   4524.0000000000   7.1309558244e+02   0.0000000000e+00   3.9191807076e+02
   4525.0000000000   7.1334050075e+02   0.0000000000e+00   3.9204845986e+02
   4526.0000000000   7.1357838415e+02   0.0000000000e+00   3.9217849318e+02
   4527.0000000000   7.1382472009e+02   0.0000000000e+00   3.9230819005e+02
   4528.0000000000   7.1407402950e+02   0.0000000000e+00   3.9243756699e+02
   4529.0000000000   7.1434620790e+02   0.0000000000e+00   3.9256663831e+02
   4530.0000000000   7.1461847979e+02   0.0000000000e+00   3.9270509316e+02
   4531.0000000000   7.1487403360e+02   0.0000000000e+00   3.9283759784e+02
   4532.0000000000   7.1512476329e+02   0.0000000000e+00   3.9296889819e+02
   4533.0000000000   7.1538271335e+02   0.0000000000e+00   3.9310912974e+02
   4534.0000000000   7.1563231646e+02   0.0000000000e+00   3.9324313009e+02
   4535.0000000000   7.1587908348e+02   0.0000000000e+00   3.9338540858e+02
   4536.0000000000   7.1612379415e+02   0.0000000000e+00   3.9352113021e+02
   4537.0000000000   7.1637716414e+02   0.0000000000e+00   3.9365524612e+02
   4538.0000000000   7.1663340012e+02   0.0000000000e+00   3.9378832558e+02
   4539.0000000000   7.1688136540e+02   0.0000000000e+00   3.9392061905e+02
   4540.0000000000   7.1712672242e+02   0.0000000000e+00   3.9405226896e+02
   4541.0000000000   7.1738055917e+02   0.0000000000e+00   3.9418336763e+02
   4542.0000000000   7.1762687611e+02   0.0000000000e+00   3.9431397996e+02
   4543.0000000000   7.1787094396e+02   0.0000000000e+00   3.9444415420e+02
   4544.0000000000   7.1811339348e+02   0.0000000000e+00   3.9457392771e+02
   4545.0000000000   7.1835452204e+02   0.0000000000e+00   3.9471300689e+02
   4546.0000000000   7.1859451158e+02   0.0000000000e+00   3.9484607128e+02
   4547.0000000000   7.1883348841e+02   0.0000000000e+00   3.9497787714e+02
   4548.0000000000   7.1908186610e+02   0.0000000000e+00   3.9510889173e+02
   4549.0000000000   7.1932335500e+02   0.0000000000e+00   3.9523930430e+02
   4550.0000000000   7.1956306568e+02   0.0000000000e+00   3.9536921731e+02
   4551.0000000000   7.1980152815e+02   0.0000000000e+00   3.9550837198e+02
   4552.0000000000   7.2003897096e+02   0.0000000000e+00   3.9564146824e+02
   4553.0000000000   7.2027552632e+02   0.0000000000e+00   3.9577327516e+02
   4554.0000000000   7.2052160221e+02   0.0000000000e+00   3.9590426844e+02
   4555.0000000000   7.2076090017e+02   0.0000000000e+00   3.9603464312e+02
   4556.0000000000   7.2099852153e+02   0.0000000000e+00   3.9616450576e+02
   4557.0000000000   7.2123498751e+02   0.0000000000e+00   3.9629392399e+02
   4558.0000000000   7.2148083778e+02   0.0000000000e+00   3.9643262146e+02
   4559.0000000000   7.2173015260e+02   0.0000000000e+00   3.9656528817e+02
   4560.0000000000   7.2197170089e+02   0.0000000000e+00   3.9669668704e+02
   4561.0000000000   7.2222139146e+02   0.0000000000e+00   3.9683696628e+02
   4562.0000000000   7.2246357198e+02   0.0000000000e+00   3.9697097320e+02
   4563.0000000000   7.2270361085e+02   0.0000000000e+00   3.9710354812e+02
   4564.0000000000   7.2295248952e+02   0.0000000000e+00   3.9723520700e+02
   4565.0000000000   7.2319414958e+02   0.0000000000e+00   3.9736617000e+02
   4566.0000000000   7.2344414083e+02   0.0000000000e+00   3.9749656049e+02
   4567.0000000000   7.2368669995e+02   0.0000000000e+00   3.9762645791e+02
   4568.0000000000   7.2393746948e+02   0.0000000000e+00   3.9776559457e+02
   4569.0000000000   7.2419104623e+02   0.0000000000e+00   3.9790834358e+02
   4570.0000000000   7.2444673089e+02   0.0000000000e+00   3.9805380456e+02
   4571.0000000000   7.2469386479e+02   0.0000000000e+00   3.9819184404e+02
   4572.0000000000   7.2493828190e+02   0.0000000000e+00   3.9832784317e+02
   4573.0000000000   7.2518082915e+02   0.0000000000e+00   3.9846253322e+02
   4574.0000000000   7.2543222947e+02   0.0000000000e+00   3.9859624609e+02
   4575.0000000000   7.2567636049e+02   0.0000000000e+00   3.9872917202e+02
   4576.0000000000   7.2591843481e+02   0.0000000000e+00   3.9886143423e+02
   4577.0000000000   7.2615904955e+02   0.0000000000e+00   3.9899311904e+02
   4578.0000000000   7.2640879893e+02   0.0000000000e+00   3.9912429029e+02
   4579.0000000000   7.2665148485e+02   0.0000000000e+00   3.9925499715e+02
   4580.0000000000   7.2689227142e+02   0.0000000000e+00   3.9938527867e+02
   4581.0000000000   7.2713172276e+02   0.0000000000e+00   3.9952484320e+02
   4582.0000000000   7.2737009050e+02   0.0000000000e+00   3.9965837223e+02
   4583.0000000000   7.2761784218e+02   0.0000000000e+00   3.9979062391e+02
   4584.0000000000   7.2785871463e+02   0.0000000000e+00   3.9992206721e+02
   4585.0000000000   7.2809783229e+02   0.0000000000e+00   4.0006256953e+02
   4586.0000000000   7.2833573260e+02   0.0000000000e+00   4.0019688987e+02
   4587.0000000000   7.2857264800e+02   0.0000000000e+00   4.0032982999e+02
   4588.0000000000   7.2881903160e+02   0.0000000000e+00   4.0046188580e+02
   4589.0000000000   7.2906892811e+02   0.0000000000e+00   4.0060294243e+02
   4590.0000000000   7.2931108919e+02   0.0000000000e+00   4.0073777113e+02
   4591.0000000000   7.2955109527e+02   0.0000000000e+00   4.0087118246e+02
   4592.0000000000   7.2978965250e+02   0.0000000000e+00   4.0100367886e+02
   4593.0000000000   7.3002707569e+02   0.0000000000e+00   4.0113547384e+02
   4594.0000000000   7.3026354537e+02   0.0000000000e+00   4.0126668744e+02
   4595.0000000000   7.3050949883e+02   0.0000000000e+00   4.0140707399e+02
   4596.0000000000   7.3075897547e+02   0.0000000000e+00   4.0154134358e+02
   4597.0000000000   7.3101104425e+02   0.0000000000e+00   4.0167427330e+02
   4598.0000000000   7.3126524033e+02   0.0000000000e+00   4.0180634529e+02
   4599.0000000000   7.3151095618e+02   0.0000000000e+00   4.0194743640e+02
   4600.0000000000   7.3175403667e+02   0.0000000000e+00   4.0208231268e+02
   4601.0000000000   7.3199532790e+02   0.0000000000e+00   4.0222545777e+02
   4602.0000000000   7.3223522924e+02   0.0000000000e+00   4.0237170337e+02
   4603.0000000000   7.3247397675e+02   0.0000000000e+00   4.0251065222e+02
   4604.0000000000   7.3272204646e+02   0.0000000000e+00   4.0265728533e+02
   4605.0000000000   7.3297350592e+02   0.0000000000e+00   4.0279695878e+02
   4606.0000000000   7.3321712625e+02   0.0000000000e+00   4.0294440288e+02
   4607.0000000000   7.3345850380e+02   0.0000000000e+00   4.0308490577e+02
   4608.0000000000   7.3369835762e+02   0.0000000000e+00   4.0322349706e+02
   4609.0000000000   7.3394733215e+02   0.0000000000e+00   4.0336080036e+02
   4610.0000000000   7.3419957173e+02   0.0000000000e+00   4.0349710587e+02
   4611.0000000000   7.3444388811e+02   0.0000000000e+00   4.0363258625e+02
   4612.0000000000   7.3468590138e+02   0.0000000000e+00   4.0376735759e+02
   4613.0000000000   7.3492634553e+02   0.0000000000e+00   4.0390150384e+02
   4614.0000000000   7.3516555585e+02   0.0000000000e+00   4.0403508889e+02
   4615.0000000000   7.3540372839e+02   0.0000000000e+00   4.0416816307e+02
   4616.0000000000   7.3564099350e+02   0.0000000000e+00   4.0430076721e+02
   4617.0000000000   7.3587744502e+02   0.0000000000e+00   4.0443293512e+02
   4618.0000000000   7.3611315428e+02   0.0000000000e+00   4.0456469530e+02
   4619.0000000000   7.3635849678e+02   0.0000000000e+00   4.0469607212e+02
   4620.0000000000   7.3660747369e+02   0.0000000000e+00   4.0483676325e+02
   4621.0000000000   7.3684880970e+02   0.0000000000e+00   4.0498111878e+02
   4622.0000000000   7.3708806735e+02   0.0000000000e+00   4.0511854589e+02
   4623.0000000000   7.3732594024e+02   0.0000000000e+00   4.0525424477e+02
   4624.0000000000   7.3756273400e+02   0.0000000000e+00   4.0538885253e+02
   4625.0000000000   7.3779862219e+02   0.0000000000e+00   4.0552264453e+02
   4626.0000000000   7.3803371762e+02   0.0000000000e+00   4.0566545042e+02
   4627.0000000000   7.3826810012e+02   0.0000000000e+00   4.0580202269e+02
   4628.0000000000   7.3851214874e+02   0.0000000000e+00   4.0593716464e+02
   4629.0000000000   7.3875986571e+02   0.0000000000e+00   4.0607137584e+02
   4630.0000000000   7.3899997553e+02   0.0000000000e+00   4.0620486878e+02
   4631.0000000000   7.3923803982e+02   0.0000000000e+00   4.0633776332e+02
   4632.0000000000   7.3947475097e+02   0.0000000000e+00   4.0647013746e+02
   4633.0000000000   7.3971041325e+02   0.0000000000e+00   4.0660204665e+02
   4634.0000000000   7.3994519881e+02   0.0000000000e+00   4.0673353266e+02
   4635.0000000000   7.4018953815e+02   0.0000000000e+00   4.0687430485e+02
   4636.0000000000   7.4043746498e+02   0.0000000000e+00   4.0700904491e+02
   4637.0000000000   7.4067772439e+02   0.0000000000e+00   4.0714251074e+02
   4638.0000000000   7.4093653032e+02   0.0000000000e+00   4.0727517094e+02
   4639.0000000000   7.4119217662e+02   0.0000000000e+00   4.0740721587e+02
   4640.0000000000   7.4143871164e+02   0.0000000000e+00   4.0753874895e+02
   4641.0000000000   7.4169264195e+02   0.0000000000e+00   4.0766983570e+02
   4642.0000000000   7.4193857073e+02   0.0000000000e+00   4.0780052173e+02
   4643.0000000000   7.4218200656e+02   0.0000000000e+00   4.0794051753e+02
   4644.0000000000   7.4242369902e+02   0.0000000000e+00   4.0807450462e+02
   4645.0000000000   7.4266401230e+02   0.0000000000e+00   4.0820724016e+02
   4646.0000000000   7.4290316853e+02   0.0000000000e+00   4.0833919172e+02
   4647.0000000000   7.4315163838e+02   0.0000000000e+00   4.0847054855e+02
   4648.0000000000   7.4339316875e+02   0.0000000000e+00   4.0860141296e+02
   4649.0000000000   7.4365353289e+02   0.0000000000e+00   4.0873184937e+02
   4650.0000000000   7.4391086910e+02   0.0000000000e+00   4.0886190236e+02
   4651.0000000000   7.4415915456e+02   0.0000000000e+00   4.0899160493e+02
   4652.0000000000   7.4440453971e+02   0.0000000000e+00   4.0913065917e+02
   4653.0000000000   7.4464797098e+02   0.0000000000e+00   4.0926374068e+02
   4654.0000000000   7.4488989463e+02   0.0000000000e+00   4.0940527875e+02
   4655.0000000000   7.4513057344e+02   0.0000000000e+00   4.0954039260e+02
   4656.0000000000   7.4537018157e+02   0.0000000000e+00   4.0967400456e+02
   4657.0000000000   7.4560884350e+02   0.0000000000e+00   4.0980666455e+02
   4658.0000000000   7.4584665295e+02   0.0000000000e+00   4.0993860936e+02
   4659.0000000000   7.4609400239e+02   0.0000000000e+00   4.1006997135e+02
   4660.0000000000   7.4633458712e+02   0.0000000000e+00   4.1021051176e+02
   4661.0000000000   7.4657350627e+02   0.0000000000e+00   4.1034494462e+02
   4662.0000000000   7.4681128065e+02   0.0000000000e+00   4.1047804921e+02
   4663.0000000000   7.4705845029e+02   0.0000000000e+00   4.1061030889e+02
   4664.0000000000   7.4729877706e+02   0.0000000000e+00   4.1074192458e+02
   4665.0000000000   7.4753739447e+02   0.0000000000e+00   4.1088268395e+02
   4666.0000000000   7.4777484270e+02   0.0000000000e+00   4.1102698990e+02
   4667.0000000000   7.4802167328e+02   0.0000000000e+00   4.1116428332e+02
   4668.0000000000   7.4826165516e+02   0.0000000000e+00   4.1130946373e+02
   4669.0000000000   7.4852056455e+02   0.0000000000e+00   4.1145751593e+02
   4670.0000000000   7.4876621677e+02   0.0000000000e+00   4.1159811783e+02
   4671.0000000000   7.4900894666e+02   0.0000000000e+00   4.1173661691e+02
   4672.0000000000   7.4924984770e+02   0.0000000000e+00   4.1187374125e+02
   4673.0000000000   7.4948938002e+02   0.0000000000e+00   4.1200982709e+02
   4674.0000000000   7.4972779803e+02   0.0000000000e+00   4.1214507055e+02
   4675.0000000000   7.4996526370e+02   0.0000000000e+00   4.1227960072e+02
   4676.0000000000   7.5020188966e+02   0.0000000000e+00   4.1241350917e+02
   4677.0000000000   7.5044807814e+02   0.0000000000e+00   4.1254686435e+02
   4678.0000000000   7.5068752947e+02   0.0000000000e+00   4.1268939595e+02
   4679.0000000000   7.5093566420e+02   0.0000000000e+00   4.1283547809e+02
   4680.0000000000   7.5118695922e+02   0.0000000000e+00   4.1297453643e+02
   4681.0000000000   7.5144064091e+02   0.0000000000e+00   4.1311178565e+02
   4682.0000000000   7.5168600058e+02   0.0000000000e+00   4.1324787444e+02
   4683.0000000000   7.5192883642e+02   0.0000000000e+00   4.1338308755e+02
   4684.0000000000   7.5218028780e+02   0.0000000000e+00   4.1351758580e+02
   4685.0000000000   7.5242437413e+02   0.0000000000e+00   4.1365147299e+02
   4686.0000000000   7.5268700908e+02   0.0000000000e+00   4.1378482201e+02
   4687.0000000000   7.5293609377e+02   0.0000000000e+00   4.1391768709e+02
   4688.0000000000   7.5318202112e+02   0.0000000000e+00   4.1405011038e+02
   4689.0000000000   7.5343624514e+02   0.0000000000e+00   4.1418212567e+02
   4690.0000000000   7.5369321206e+02   0.0000000000e+00   4.1431376076e+02
   4691.0000000000   7.5394188637e+02   0.0000000000e+00   4.1444503900e+02
   4692.0000000000   7.5418797868e+02   0.0000000000e+00   4.1457598030e+02
   4693.0000000000   7.5443228210e+02   0.0000000000e+00   4.1470660193e+02
   4694.0000000000   7.5467517314e+02   0.0000000000e+00   4.1483691896e+02
   4695.0000000000   7.5491687802e+02   0.0000000000e+00   4.1496694476e+02
   4696.0000000000   7.5515754993e+02   0.0000000000e+00   4.1509669124e+02
   4697.0000000000   7.5539730054e+02   0.0000000000e+00   4.1523584563e+02
   4698.0000000000   7.5563621538e+02   0.0000000000e+00   4.1536907268e+02
   4699.0000000000   7.5587436240e+02   0.0000000000e+00   4.1550111701e+02
   4700.0000000000   7.5612211615e+02   0.0000000000e+00   4.1563243650e+02
   4701.0000000000   7.5637347810e+02   0.0000000000e+00   4.1576321280e+02
   4702.0000000000   7.5661717390e+02   0.0000000000e+00   4.1590321865e+02
   4703.0000000000   7.5685876735e+02   0.0000000000e+00   4.1603716851e+02
   4704.0000000000   7.5709895343e+02   0.0000000000e+00   4.1616983866e+02
   4705.0000000000   7.5733803919e+02   0.0000000000e+00   4.1630170843e+02
   4706.0000000000   7.5757619959e+02   0.0000000000e+00   4.1644265123e+02
   4707.0000000000   7.5781354873e+02   0.0000000000e+00   4.1657742950e+02
   4708.0000000000   7.5805016772e+02   0.0000000000e+00   4.1673019999e+02
   4709.0000000000   7.5829643678e+02   0.0000000000e+00   4.1687076966e+02
   4710.0000000000   7.5854635922e+02   0.0000000000e+00   4.1700881902e+02
   4711.0000000000   7.5880929872e+02   0.0000000000e+00   4.1714536386e+02
   4712.0000000000   7.5905809012e+02   0.0000000000e+00   4.1728082711e+02
   4713.0000000000   7.5930352719e+02   0.0000000000e+00   4.1741543961e+02
   4714.0000000000   7.5954687445e+02   0.0000000000e+00   4.1754934627e+02
   4715.0000000000   7.5978867641e+02   0.0000000000e+00   4.1768264629e+02
   4716.0000000000   7.6002923577e+02   0.0000000000e+00   4.1782508835e+02
   4717.0000000000   7.6026874488e+02   0.0000000000e+00   4.1796138231e+02
   4718.0000000000   7.6050733677e+02   0.0000000000e+00   4.1809630699e+02
   4719.0000000000   7.6075542814e+02   0.0000000000e+00   4.1823034694e+02
   4720.0000000000   7.6100704895e+02   0.0000000000e+00   4.1836370500e+02
   4721.0000000000   7.6126126393e+02   0.0000000000e+00   4.1849649453e+02
   4722.0000000000   7.6150728736e+02   0.0000000000e+00   4.1864814211e+02
   4723.0000000000   7.6175087507e+02   0.0000000000e+00   4.1878801010e+02
   4724.0000000000   7.6199282176e+02   0.0000000000e+00   4.1892560948e+02
   4725.0000000000   7.6223349423e+02   0.0000000000e+00   4.1906187095e+02
   4726.0000000000   7.6247310656e+02   0.0000000000e+00   4.1919716822e+02
   4727.0000000000   7.6271180008e+02   0.0000000000e+00   4.1933170100e+02
   4728.0000000000   7.6294967567e+02   0.0000000000e+00   4.1946559330e+02
   4729.0000000000   7.6319712841e+02   0.0000000000e+00   4.1959892968e+02
   4730.0000000000   7.6345849218e+02   0.0000000000e+00   4.1973177160e+02
   4731.0000000000   7.6370613764e+02   0.0000000000e+00   4.1986416591e+02
   4732.0000000000   7.6396100396e+02   0.0000000000e+00   4.1999614959e+02
   4733.0000000000   7.6421822523e+02   0.0000000000e+00   4.2012775264e+02
   4734.0000000000   7.6446698359e+02   0.0000000000e+00   4.2025899996e+02
   4735.0000000000   7.6471308127e+02   0.0000000000e+00   4.2039958912e+02
   4736.0000000000   7.6495735591e+02   0.0000000000e+00   4.2053419324e+02
   4737.0000000000   7.6520020753e+02   0.0000000000e+00   4.2066756378e+02
   4738.0000000000   7.6544187542e+02   0.0000000000e+00   4.2080016436e+02
   4739.0000000000   7.6568252019e+02   0.0000000000e+00   4.2094185795e+02
   4740.0000000000   7.6594289593e+02   0.0000000000e+00   4.2107739990e+02
   4741.0000000000   7.6621100096e+02   0.0000000000e+00   4.2121158889e+02
   4742.0000000000   7.6647459630e+02   0.0000000000e+00   4.2134491825e+02
   4743.0000000000   7.6674907219e+02   0.0000000000e+00   4.2147759435e+02
   4744.0000000000   7.6700812851e+02   0.0000000000e+00   4.2160973144e+02
   4745.0000000000   7.6726294680e+02   0.0000000000e+00   4.2174140263e+02
   4746.0000000000   7.6751500951e+02   0.0000000000e+00   4.2187265907e+02
   4747.0000000000   7.6776499955e+02   0.0000000000e+00   4.2200353876e+02
   4748.0000000000   7.6801331451e+02   0.0000000000e+00   4.2213407125e+02
   4749.0000000000   7.6826021552e+02   0.0000000000e+00   4.2226428025e+02
   4750.0000000000   7.6850588748e+02   0.0000000000e+00   4.2239418532e+02
   4751.0000000000   7.6877110653e+02   0.0000000000e+00   4.2252380290e+02
   4752.0000000000   7.6902325188e+02   0.0000000000e+00   4.2266282363e+02
   4753.0000000000   7.6927250951e+02   0.0000000000e+00   4.2279591481e+02
   4754.0000000000   7.6953022781e+02   0.0000000000e+00   4.2292782299e+02
   4755.0000000000   7.6978047279e+02   0.0000000000e+00   4.2305900756e+02
   4756.0000000000   7.7002853465e+02   0.0000000000e+00   4.2318965131e+02
   4757.0000000000   7.7027504869e+02   0.0000000000e+00   4.2331985130e+02
   4758.0000000000   7.7053063040e+02   0.0000000000e+00   4.2344966764e+02
   4759.0000000000   7.7077909471e+02   0.0000000000e+00   4.2359849439e+02
   4760.0000000000   7.7102561439e+02   0.0000000000e+00   4.2373567160e+02
   4761.0000000000   7.7128107877e+02   0.0000000000e+00   4.2387069379e+02
   4762.0000000000   7.7152938017e+02   0.0000000000e+00   4.2400447888e+02
   4763.0000000000   7.7177572087e+02   0.0000000000e+00   4.2413739029e+02
   4764.0000000000   7.7202068415e+02   0.0000000000e+00   4.2426961927e+02
   4765.0000000000   7.7226453242e+02   0.0000000000e+00   4.2440128270e+02
   4766.0000000000   7.7250742071e+02   0.0000000000e+00   4.2453245905e+02
   4767.0000000000   7.7274945401e+02   0.0000000000e+00   4.2466320454e+02
   4768.0000000000   7.7299070951e+02   0.0000000000e+00   4.2480323796e+02
   4769.0000000000   7.7323124706e+02   0.0000000000e+00   4.2494692386e+02
   4770.0000000000   7.7347111492e+02   0.0000000000e+00   4.2508367952e+02
   4771.0000000000   7.7372067219e+02   0.0000000000e+00   4.2521871228e+02
   4772.0000000000   7.7397390801e+02   0.0000000000e+00   4.2536234094e+02
   4773.0000000000   7.7421953801e+02   0.0000000000e+00   4.2549949961e+02
   4774.0000000000   7.7446311773e+02   0.0000000000e+00   4.2563507988e+02
   4775.0000000000   7.7470533531e+02   0.0000000000e+00   4.2576963088e+02
   4776.0000000000   7.7494649204e+02   0.0000000000e+00   4.2590339571e+02
   4777.0000000000   7.7518675800e+02   0.0000000000e+00   4.2603651438e+02
   4778.0000000000   7.7542624313e+02   0.0000000000e+00   4.2616907882e+02
   4779.0000000000   7.7566502498e+02   0.0000000000e+00   4.2630115447e+02
   4780.0000000000   7.7590316159e+02   0.0000000000e+00   4.2644246701e+02
   4781.0000000000   7.7615101746e+02   0.0000000000e+00   4.2657770987e+02
   4782.0000000000   7.7639226550e+02   0.0000000000e+00   4.2671164975e+02
   4783.0000000000   7.7663198651e+02   0.0000000000e+00   4.2684476192e+02
   4784.0000000000   7.7687068614e+02   0.0000000000e+00   4.2697724198e+02
   4785.0000000000   7.7710857255e+02   0.0000000000e+00   4.2710919752e+02
   4786.0000000000   7.7735607972e+02   0.0000000000e+00   4.2724069733e+02
   4787.0000000000   7.7759691773e+02   0.0000000000e+00   4.2737178978e+02
   4788.0000000000   7.7783618924e+02   0.0000000000e+00   4.2750251100e+02
   4789.0000000000   7.7807441358e+02   0.0000000000e+00   4.2764256582e+02
   4790.0000000000   7.7831180794e+02   0.0000000000e+00   4.2777663221e+02
   4791.0000000000   7.7855881241e+02   0.0000000000e+00   4.2790946494e+02
   4792.0000000000   7.7879914137e+02   0.0000000000e+00   4.2804152994e+02
   4793.0000000000   7.7903790056e+02   0.0000000000e+00   4.2818269184e+02
   4794.0000000000   7.7927561155e+02   0.0000000000e+00   4.2831770716e+02
   4795.0000000000   7.7952281226e+02   0.0000000000e+00   4.2846105198e+02
   4796.0000000000   7.7979421831e+02   0.0000000000e+00   4.2859787530e+02
   4797.0000000000   7.8004586753e+02   0.0000000000e+00   4.2873311972e+02
   4798.0000000000   7.8029344659e+02   0.0000000000e+00   4.2886734964e+02
   4799.0000000000   7.8053862281e+02   0.0000000000e+00   4.2900081262e+02
   4800.0000000000   7.8079240142e+02   0.0000000000e+00   4.2913364929e+02
   4801.0000000000   7.8105942644e+02   0.0000000000e+00   4.2926595085e+02
   4802.0000000000   7.8132256896e+02   0.0000000000e+00   4.2940745796e+02
   4803.0000000000   7.8157620103e+02   0.0000000000e+00   4.2954287346e+02
   4804.0000000000   7.8182663053e+02   0.0000000000e+00   4.2967697016e+02
   4805.0000000000   7.8207488893e+02   0.0000000000e+00   4.2981022750e+02
   4806.0000000000   7.8232147559e+02   0.0000000000e+00   4.2994284403e+02
   4807.0000000000   7.8256668926e+02   0.0000000000e+00   4.3007492941e+02
   4808.0000000000   7.8281072978e+02   0.0000000000e+00   4.3020655403e+02
   4809.0000000000   7.8305374064e+02   0.0000000000e+00   4.3033776736e+02
   4810.0000000000   7.8329583010e+02   0.0000000000e+00   4.3047828299e+02
   4811.0000000000   7.8353708285e+02   0.0000000000e+00   4.3061278495e+02
   4812.0000000000   7.8378788612e+02   0.0000000000e+00   4.3074603243e+02
   4813.0000000000   7.8404225120e+02   0.0000000000e+00   4.3087849468e+02
   4814.0000000000   7.8428891150e+02   0.0000000000e+00   4.3101036236e+02
   4815.0000000000   7.8453343697e+02   0.0000000000e+00   4.3114173893e+02
   4816.0000000000   7.8478684672e+02   0.0000000000e+00   4.3127268978e+02
   4817.0000000000   7.8504340710e+02   0.0000000000e+00   4.3140326030e+02
   4818.0000000000   7.8530230196e+02   0.0000000000e+00   4.3154316072e+02
   4819.0000000000   7.8555281434e+02   0.0000000000e+00   4.3169642532e+02
   4820.0000000000   7.8580074353e+02   0.0000000000e+00   4.3183712104e+02
   4821.0000000000   7.8604691349e+02   0.0000000000e+00   4.3197518669e+02
   4822.0000000000   7.8630203085e+02   0.0000000000e+00   4.3211171084e+02
   4823.0000000000   7.8654996109e+02   0.0000000000e+00   4.3225682048e+02
   4824.0000000000   7.8679590744e+02   0.0000000000e+00   4.3239541343e+02
   4825.0000000000   7.8704045960e+02   0.0000000000e+00   4.3253237590e+02
   4826.0000000000   7.8728388663e+02   0.0000000000e+00   4.3267793609e+02
   4827.0000000000   7.8752634931e+02   0.0000000000e+00   4.3281699655e+02
   4828.0000000000   7.8776795730e+02   0.0000000000e+00   4.3295443763e+02
   4829.0000000000   7.8800879142e+02   0.0000000000e+00   4.3309080529e+02
   4830.0000000000   7.8825923349e+02   0.0000000000e+00   4.3322634285e+02
   4831.0000000000   7.8850297013e+02   0.0000000000e+00   4.3336119199e+02
   4832.0000000000   7.8876573149e+02   0.0000000000e+00   4.3349544693e+02
   4833.0000000000   7.8902562387e+02   0.0000000000e+00   4.3362917552e+02
   4834.0000000000   7.8927659998e+02   0.0000000000e+00   4.3376242929e+02
   4835.0000000000   7.8952479109e+02   0.0000000000e+00   4.3391460199e+02
   4836.0000000000   7.8977112832e+02   0.0000000000e+00   4.3405503676e+02
   4837.0000000000   7.9001604552e+02   0.0000000000e+00   4.3419323260e+02
   4838.0000000000   7.9025979524e+02   0.0000000000e+00   4.3433011236e+02
   4839.0000000000   7.9050254315e+02   0.0000000000e+00   4.3446604437e+02
   4840.0000000000   7.9074440653e+02   0.0000000000e+00   4.3461090116e+02
   4841.0000000000   7.9098547304e+02   0.0000000000e+00   4.3474945910e+02
   4842.0000000000   7.9123612993e+02   0.0000000000e+00   4.3488653655e+02
   4843.0000000000   7.9148006801e+02   0.0000000000e+00   4.3502264336e+02
   4844.0000000000   7.9172238248e+02   0.0000000000e+00   4.3515799952e+02
   4845.0000000000   7.9196359073e+02   0.0000000000e+00   4.3529273051e+02
   4846.0000000000   7.9221422980e+02   0.0000000000e+00   4.3542691877e+02
   4847.0000000000   7.9245805889e+02   0.0000000000e+00   4.3556062327e+02
   4848.0000000000   7.9270020916e+02   0.0000000000e+00   4.3570356522e+02
   4849.0000000000   7.9295153776e+02   0.0000000000e+00   4.3584043492e+02
   4850.0000000000   7.9319591137e+02   0.0000000000e+00   4.3597599679e+02
   4851.0000000000   7.9343851140e+02   0.0000000000e+00   4.3611072450e+02
   4852.0000000000   7.9369022288e+02   0.0000000000e+00   4.3624481252e+02
   4853.0000000000   7.9393492970e+02   0.0000000000e+00   4.3637836758e+02
   4854.0000000000   7.9417782467e+02   0.0000000000e+00   4.3651145796e+02
   4855.0000000000   7.9441948171e+02   0.0000000000e+00   4.3664413160e+02
   4856.0000000000   7.9466015437e+02   0.0000000000e+00   4.3677642441e+02
   4857.0000000000   7.9489998953e+02   0.0000000000e+00   4.3690836456e+02
   4858.0000000000   7.9513908470e+02   0.0000000000e+00   4.3704965141e+02
   4859.0000000000   7.9538782932e+02   0.0000000000e+00   4.3718495902e+02
   4860.0000000000   7.9562991318e+02   0.0000000000e+00   4.3731903933e+02
   4861.0000000000   7.9587042912e+02   0.0000000000e+00   4.3745235614e+02
   4862.0000000000   7.9612021078e+02   0.0000000000e+00   4.3759477241e+02
   4863.0000000000   7.9638374746e+02   0.0000000000e+00   4.3773104339e+02
   4864.0000000000   7.9664380094e+02   0.0000000000e+00   4.3786596761e+02
   4865.0000000000   7.9689466578e+02   0.0000000000e+00   4.3800971473e+02
   4866.0000000000   7.9715291237e+02   0.0000000000e+00   4.3814714599e+02
   4867.0000000000   7.9740316587e+02   0.0000000000e+00   4.3828311124e+02
   4868.0000000000   7.9765094322e+02   0.0000000000e+00   4.3842780976e+02
   4869.0000000000   7.9790731625e+02   0.0000000000e+00   4.3856612180e+02
   4870.0000000000   7.9815628614e+02   0.0000000000e+00   4.3870291035e+02
   4871.0000000000   7.9840312515e+02   0.0000000000e+00   4.3883870769e+02
   4872.0000000000   7.9865878308e+02   0.0000000000e+00   4.3897374621e+02
   4873.0000000000   7.9890719186e+02   0.0000000000e+00   4.3910815866e+02
   4874.0000000000   7.9915358101e+02   0.0000000000e+00   4.3924203195e+02
   4875.0000000000   7.9939855322e+02   0.0000000000e+00   4.3937542780e+02
   4876.0000000000   7.9964238509e+02   0.0000000000e+00   4.3950839260e+02
   4877.0000000000   7.9988524222e+02   0.0000000000e+00   4.3964096263e+02
   4878.0000000000   8.0012723758e+02   0.0000000000e+00   4.3977316714e+02
   4879.0000000000   8.0036845447e+02   0.0000000000e+00   4.3990503027e+02
   4880.0000000000   8.0060895744e+02   0.0000000000e+00   4.4003657235e+02
   4881.0000000000   8.0084879842e+02   0.0000000000e+00   4.4016781075e+02
   4882.0000000000   8.0108802026e+02   0.0000000000e+00   4.4029876054e+02
   4883.0000000000   8.0133697817e+02   0.0000000000e+00   4.4042943492e+02
   4884.0000000000   8.0157933923e+02   0.0000000000e+00   4.4056952209e+02
   4885.0000000000   8.0182018060e+02   0.0000000000e+00   4.4070368754e+02
   4886.0000000000   8.0206000562e+02   0.0000000000e+00   4.4083667644e+02
   4887.0000000000   8.0229902106e+02   0.0000000000e+00   4.4096894711e+02
   4888.0000000000   8.0253734095e+02   0.0000000000e+00   4.4110068148e+02
   4889.0000000000   8.0277503878e+02   0.0000000000e+00   4.4123197599e+02
   4890.0000000000   8.0301216674e+02   0.0000000000e+00   4.4136289018e+02
   4891.0000000000   8.0325908349e+02   0.0000000000e+00   4.4149346464e+02
   4892.0000000000   8.0350977568e+02   0.0000000000e+00   4.4163340548e+02
   4893.0000000000   8.0377359372e+02   0.0000000000e+00   4.4176739039e+02
   4894.0000000000   8.0402336166e+02   0.0000000000e+00   4.4190017320e+02
   4895.0000000000   8.0426986434e+02   0.0000000000e+00   4.4203221850e+02
   4896.0000000000   8.0451435874e+02   0.0000000000e+00   4.4216371291e+02
   4897.0000000000   8.0475738297e+02   0.0000000000e+00   4.4229475637e+02
   4898.0000000000   8.0500955325e+02   0.0000000000e+00   4.4243508771e+02
   4899.0000000000   8.0525469325e+02   0.0000000000e+00   4.4257908120e+02
   4900.0000000000   8.0549798202e+02   0.0000000000e+00   4.4271615893e+02
   4901.0000000000   8.0573999311e+02   0.0000000000e+00   4.4285153051e+02
   4902.0000000000   8.0600162193e+02   0.0000000000e+00   4.4299551562e+02
   4903.0000000000   8.0626061134e+02   0.0000000000e+00   4.4313304853e+02
   4904.0000000000   8.0651080009e+02   0.0000000000e+00   4.4326902056e+02
   4905.0000000000   8.0675827234e+02   0.0000000000e+00   4.4340398034e+02
   4906.0000000000   8.0701425577e+02   0.0000000000e+00   4.4353817038e+02
   4907.0000000000   8.0726280861e+02   0.0000000000e+00   4.4367173001e+02
   4908.0000000000   8.0750922715e+02   0.0000000000e+00   4.4381442705e+02
   4909.0000000000   8.0775415291e+02   0.0000000000e+00   4.4395098133e+02
   4910.0000000000   8.0799788665e+02   0.0000000000e+00   4.4408617714e+02
   4911.0000000000   8.0824060984e+02   0.0000000000e+00   4.4422050210e+02
   4912.0000000000   8.0848244622e+02   0.0000000000e+00   4.4435416075e+02
   4913.0000000000   8.0873380573e+02   0.0000000000e+00   4.4448726735e+02
   4914.0000000000   8.0897839454e+02   0.0000000000e+00   4.4461989582e+02
   4915.0000000000   8.0922131881e+02   0.0000000000e+00   4.4477145156e+02
   4916.0000000000   8.0946310412e+02   0.0000000000e+00   4.4491128402e+02
   4917.0000000000   8.0971429376e+02   0.0000000000e+00   4.4504889562e+02
   4918.0000000000   8.0996897093e+02   0.0000000000e+00   4.4519488752e+02
   4919.0000000000   8.1021590688e+02   0.0000000000e+00   4.4533428397e+02
   4920.0000000000   8.1046069315e+02   0.0000000000e+00   4.4547201697e+02
   4921.0000000000   8.1070404266e+02   0.0000000000e+00   4.4560865757e+02
   4922.0000000000   8.1094627456e+02   0.0000000000e+00   4.4574446224e+02
   4923.0000000000   8.1119789132e+02   0.0000000000e+00   4.4587957990e+02
   4924.0000000000   8.1145296829e+02   0.0000000000e+00   4.4602378537e+02
   4925.0000000000   8.1170027734e+02   0.0000000000e+00   4.4616180386e+02
   4926.0000000000   8.1194541281e+02   0.0000000000e+00   4.4630810050e+02
   4927.0000000000   8.1218909072e+02   0.0000000000e+00   4.4645749804e+02
   4928.0000000000   8.1243163309e+02   0.0000000000e+00   4.4660927138e+02
   4929.0000000000   8.1267322575e+02   0.0000000000e+00   4.4675337803e+02
   4930.0000000000   8.1292431002e+02   0.0000000000e+00   4.4689525398e+02
   4931.0000000000   8.1317892834e+02   0.0000000000e+00   4.4703566693e+02
   4932.0000000000   8.1342583291e+02   0.0000000000e+00   4.4717497457e+02
   4933.0000000000   8.1369124361e+02   0.0000000000e+00   4.4731338630e+02
   4934.0000000000   8.1394314018e+02   0.0000000000e+00   4.4745104010e+02
   4935.0000000000   8.1420225814e+02   0.0000000000e+00   4.4760738709e+02
   4936.0000000000   8.1445337446e+02   0.0000000000e+00   4.4775181073e+02
   4937.0000000000   8.1470202985e+02   0.0000000000e+00   4.4789383963e+02
   4938.0000000000   8.1494897923e+02   0.0000000000e+00   4.4803441911e+02
   4939.0000000000   8.1519458538e+02   0.0000000000e+00   4.4817393505e+02
   4940.0000000000   8.1543906741e+02   0.0000000000e+00   4.4831259741e+02
   4941.0000000000   8.1568257374e+02   0.0000000000e+00   4.4845053886e+02
   4942.0000000000   8.1593553132e+02   0.0000000000e+00   4.4858785137e+02
   4943.0000000000   8.1618165858e+02   0.0000000000e+00   4.4872460282e+02
   4944.0000000000   8.1643638995e+02   0.0000000000e+00   4.4886084558e+02
   4945.0000000000   8.1668389415e+02   0.0000000000e+00   4.4899662150e+02
   4946.0000000000   8.1692945118e+02   0.0000000000e+00   4.4913196485e+02
   4947.0000000000   8.1717367316e+02   0.0000000000e+00   4.4927658087e+02
   4948.0000000000   8.1741683436e+02   0.0000000000e+00   4.4941514903e+02
   4949.0000000000   8.1765909463e+02   0.0000000000e+00   4.4955242618e+02
   4950.0000000000   8.1790056048e+02   0.0000000000e+00   4.4968888057e+02
   4951.0000000000   8.1815162804e+02   0.0000000000e+00   4.4982470265e+02
   4952.0000000000   8.1839599238e+02   0.0000000000e+00   4.4995999620e+02
   4953.0000000000   8.1863875062e+02   0.0000000000e+00   4.5009482724e+02
   4954.0000000000   8.1890105910e+02   0.0000000000e+00   4.5022924201e+02
   4955.0000000000   8.1915040811e+02   0.0000000000e+00   4.5036327511e+02
   4956.0000000000   8.1940734013e+02   0.0000000000e+00   4.5049695368e+02
   4957.0000000000   8.1965653120e+02   0.0000000000e+00   4.5063997632e+02
   4958.0000000000   8.1990346108e+02   0.0000000000e+00   4.5078669302e+02
   4959.0000000000   8.2014884431e+02   0.0000000000e+00   4.5092651034e+02
   4960.0000000000   8.2039301522e+02   0.0000000000e+00   4.5106462750e+02
   4961.0000000000   8.2063617198e+02   0.0000000000e+00   4.5120168051e+02
   4962.0000000000   8.2087844703e+02   0.0000000000e+00   4.5133794358e+02
   4963.0000000000   8.2111993571e+02   0.0000000000e+00   4.5147356866e+02
   4964.0000000000   8.2137102936e+02   0.0000000000e+00   4.5160865203e+02
   4965.0000000000   8.2162574011e+02   0.0000000000e+00   4.5174326011e+02
   4966.0000000000   8.2187280044e+02   0.0000000000e+00   4.5187744159e+02
   4967.0000000000   8.2211777857e+02   0.0000000000e+00   4.5202091029e+02
   4968.0000000000   8.2236137233e+02   0.0000000000e+00   4.5216802740e+02
   4969.0000000000   8.2260389054e+02   0.0000000000e+00   4.5230820786e+02
   4970.0000000000   8.2284550920e+02   0.0000000000e+00   4.5244665735e+02
   4971.0000000000   8.2308634298e+02   0.0000000000e+00   4.5258401697e+02
   4972.0000000000   8.2332647318e+02   0.0000000000e+00   4.5273024150e+02
   4973.0000000000   8.2356596089e+02   0.0000000000e+00   4.5287014120e+02
   4974.0000000000   8.2381517307e+02   0.0000000000e+00   4.5300855081e+02
   4975.0000000000   8.2406810373e+02   0.0000000000e+00   4.5314598879e+02
   4976.0000000000   8.2431347143e+02   0.0000000000e+00   4.5328267987e+02
   4977.0000000000   8.2456715250e+02   0.0000000000e+00   4.5341875223e+02
   4978.0000000000   8.2481347206e+02   0.0000000000e+00   4.5355428981e+02
   4979.0000000000   8.2506810104e+02   0.0000000000e+00   4.5368935236e+02
   4980.0000000000   8.2531532525e+02   0.0000000000e+00   4.5382398489e+02
   4981.0000000000   8.2557080946e+02   0.0000000000e+00   4.5395822269e+02
   4982.0000000000   8.2581884177e+02   0.0000000000e+00   4.5409209428e+02
   4983.0000000000   8.2606477225e+02   0.0000000000e+00   4.5422562329e+02
   4984.0000000000   8.2632989561e+02   0.0000000000e+00   4.5435882963e+02
   4985.0000000000   8.2658178812e+02   0.0000000000e+00   4.5449173039e+02
   4986.0000000000   8.2683073082e+02   0.0000000000e+00   4.5462434039e+02
   4987.0000000000   8.2708812360e+02   0.0000000000e+00   4.5475667266e+02
   4988.0000000000   8.2734838127e+02   0.0000000000e+00   4.5488873875e+02
   4989.0000000000   8.2760044794e+02   0.0000000000e+00   4.5502054897e+02
   4990.0000000000   8.2785001993e+02   0.0000000000e+00   4.5515211262e+02
   4991.0000000000   8.2809787981e+02   0.0000000000e+00   4.5528343812e+02
   4992.0000000000   8.2834439594e+02   0.0000000000e+00   4.5541453314e+02
   4993.0000000000   8.2858978807e+02   0.0000000000e+00   4.5555508125e+02
   4994.0000000000   8.2884452321e+02   0.0000000000e+00   4.5568974401e+02
   4995.0000000000   8.2910266384e+02   0.0000000000e+00   4.5583293972e+02
   4996.0000000000   8.2936329727e+02   0.0000000000e+00   4.5596977886e+02
   4997.0000000000   8.2961565436e+02   0.0000000000e+00   4.5611485316e+02
   4998.0000000000   8.2986550360e+02   0.0000000000e+00   4.5625336173e+02
   4999.0000000000   8.3011364963e+02   0.0000000000e+00   4.5639027221e+02
   5000.0000000000   8.3037078636e+02   0.0000000000e+00   4.5653583917e+02
   5001.0000000000   8.3062077061e+02   0.0000000000e+00   4.5667497304e+02
   5002.0000000000   8.3086879947e+02   0.0000000000e+00   4.5683190790e+02
   5003.0000000000   8.3112577730e+02   0.0000000000e+00   4.5698617415e+02
   5004.0000000000   8.3139624418e+02   0.0000000000e+00   4.5713213841e+02
   5005.0000000000   8.3165268094e+02   0.0000000000e+00   4.5727557413e+02
   5006.0000000000   8.3190577556e+02   0.0000000000e+00   4.5741737013e+02
   5007.0000000000   8.3215675262e+02   0.0000000000e+00   4.5755794367e+02
   5008.0000000000   8.3240614060e+02   0.0000000000e+00   4.5770721506e+02
   5009.0000000000   8.3266455530e+02   0.0000000000e+00   4.5784999922e+02
   5010.0000000000   8.3291582390e+02   0.0000000000e+00   4.5799114478e+02
   5011.0000000000   8.3316513062e+02   0.0000000000e+00   4.5814086196e+02
   5012.0000000000   8.3341305475e+02   0.0000000000e+00   4.5828404477e+02
   5013.0000000000   8.3365985934e+02   0.0000000000e+00   4.5842556980e+02
   5014.0000000000   8.3391602062e+02   0.0000000000e+00   4.5856598182e+02
   5015.0000000000   8.3419623940e+02   0.0000000000e+00   4.5870552437e+02
   5016.0000000000   8.3446687287e+02   0.0000000000e+00   4.5884434008e+02
   5017.0000000000   8.3472724959e+02   0.0000000000e+00   4.5898252452e+02
   5018.0000000000   8.3498409477e+02   0.0000000000e+00   4.5912014707e+02
   5019.0000000000   8.3523858234e+02   0.0000000000e+00   4.5926693742e+02
   5020.0000000000   8.3549127575e+02   0.0000000000e+00   4.5940759288e+02
   5021.0000000000   8.3574250725e+02   0.0000000000e+00   4.5954688382e+02
   5022.0000000000   8.3599249610e+02   0.0000000000e+00   4.5968528895e+02
   5023.0000000000   8.3625171705e+02   0.0000000000e+00   4.5982300710e+02
   5024.0000000000   8.3650392262e+02   0.0000000000e+00   4.5996014880e+02
   5025.0000000000   8.3676457259e+02   0.0000000000e+00   4.6009678563e+02
   5026.0000000000   8.3701785522e+02   0.0000000000e+00   4.6023296848e+02
   5027.0000000000   8.3726906597e+02   0.0000000000e+00   4.6036873587e+02
   5028.0000000000   8.3751882949e+02   0.0000000000e+00   4.6050411826e+02
   5029.0000000000   8.3776743039e+02   0.0000000000e+00   4.6063914055e+02
   5030.0000000000   8.3801503719e+02   0.0000000000e+00   4.6077382362e+02
   5031.0000000000   8.3826176380e+02   0.0000000000e+00   4.6090818529e+02
   5032.0000000000   8.3850769361e+02   0.0000000000e+00   4.6104224103e+02
   5033.0000000000   8.3876321017e+02   0.0000000000e+00   4.6117600444e+02
   5034.0000000000   8.3901200133e+02   0.0000000000e+00   4.6130948759e+02
   5035.0000000000   8.3926947918e+02   0.0000000000e+00   4.6145237784e+02
   5036.0000000000   8.3951979562e+02   0.0000000000e+00   4.6158934001e+02
   5037.0000000000   8.3976821771e+02   0.0000000000e+00   4.6173479533e+02
   5038.0000000000   8.4001534744e+02   0.0000000000e+00   4.6187385682e+02
   5039.0000000000   8.4027177011e+02   0.0000000000e+00   4.6201144196e+02
   5040.0000000000   8.4052127519e+02   0.0000000000e+00   4.6214809684e+02
   5041.0000000000   8.4077933325e+02   0.0000000000e+00   4.6228405515e+02
   5042.0000000000   8.4103013284e+02   0.0000000000e+00   4.6241944675e+02
   5043.0000000000   8.4127896535e+02   0.0000000000e+00   4.6255435427e+02
   5044.0000000000   8.4152644968e+02   0.0000000000e+00   4.6268883496e+02
   5045.0000000000   8.4179350233e+02   0.0000000000e+00   4.6283260743e+02
   5046.0000000000   8.4204755784e+02   0.0000000000e+00   4.6297035905e+02
   5047.0000000000   8.4229882472e+02   0.0000000000e+00   4.6310685126e+02
   5048.0000000000   8.4254834029e+02   0.0000000000e+00   4.6324255485e+02
   5049.0000000000   8.4279653555e+02   0.0000000000e+00   4.6337766150e+02
   5050.0000000000   8.4304364816e+02   0.0000000000e+00   4.6351227537e+02
   5051.0000000000   8.4328982981e+02   0.0000000000e+00   4.6364646231e+02
   5052.0000000000   8.4353518648e+02   0.0000000000e+00   4.6378994459e+02
   5053.0000000000   8.4379011591e+02   0.0000000000e+00   4.6392741111e+02
   5054.0000000000   8.4403831530e+02   0.0000000000e+00   4.6406362393e+02
   5055.0000000000   8.4429520299e+02   0.0000000000e+00   4.6419905394e+02
   5056.0000000000   8.4455525425e+02   0.0000000000e+00   4.6434356931e+02
   5057.0000000000   8.4480737520e+02   0.0000000000e+00   4.6448192910e+02
   5058.0000000000   8.4505722010e+02   0.0000000000e+00   4.6461893474e+02
   5059.0000000000   8.4530553623e+02   0.0000000000e+00   4.6475508157e+02
   5060.0000000000   8.4555266364e+02   0.0000000000e+00   4.6489057746e+02
   5061.0000000000   8.4579879940e+02   0.0000000000e+00   4.6502553780e+02
   5062.0000000000   8.4605439223e+02   0.0000000000e+00   4.6516003654e+02
   5063.0000000000   8.4631348968e+02   0.0000000000e+00   4.6529412545e+02
   5064.0000000000   8.4656484763e+02   0.0000000000e+00   4.6542784301e+02
   5065.0000000000   8.4682436962e+02   0.0000000000e+00   4.6556121910e+02
   5066.0000000000   8.4707640133e+02   0.0000000000e+00   4.6569427768e+02
   5067.0000000000   8.4734694877e+02   0.0000000000e+00   4.6583671501e+02
   5068.0000000000   8.4760394662e+02   0.0000000000e+00   4.6598287926e+02
   5069.0000000000   8.4785780117e+02   0.0000000000e+00   4.6612217546e+02
   5070.0000000000   8.4810965264e+02   0.0000000000e+00   4.6625980151e+02
   5071.0000000000   8.4837031289e+02   0.0000000000e+00   4.6639639224e+02
   5072.0000000000   8.4862369624e+02   0.0000000000e+00   4.6653222078e+02
   5073.0000000000   8.4887503294e+02   0.0000000000e+00   4.6666743808e+02
   5074.0000000000   8.4912492934e+02   0.0000000000e+00   4.6680213946e+02
   5075.0000000000   8.4938398463e+02   0.0000000000e+00   4.6694606704e+02
   5076.0000000000   8.4965664163e+02   0.0000000000e+00   4.6709360025e+02
   5077.0000000000   8.4991533811e+02   0.0000000000e+00   4.6724384302e+02
   5078.0000000000   8.5017073937e+02   0.0000000000e+00   4.6738666485e+02
   5079.0000000000   8.5042405659e+02   0.0000000000e+00   4.6752744899e+02
   5080.0000000000   8.5067580970e+02   0.0000000000e+00   4.6766692827e+02
   5081.0000000000   8.5092628964e+02   0.0000000000e+00   4.6781511225e+02
   5082.0000000000   8.5117568334e+02   0.0000000000e+00   4.6795684705e+02
   5083.0000000000   8.5142412175e+02   0.0000000000e+00   4.6809699232e+02
   5084.0000000000   8.5168202122e+02   0.0000000000e+00   4.6823608469e+02
   5085.0000000000   8.5193309332e+02   0.0000000000e+00   4.6838403912e+02
   5086.0000000000   8.5219276783e+02   0.0000000000e+00   4.6852564946e+02
   5087.0000000000   8.5244521024e+02   0.0000000000e+00   4.6866574383e+02
   5088.0000000000   8.5269569823e+02   0.0000000000e+00   4.6880483859e+02
   5089.0000000000   8.5294484230e+02   0.0000000000e+00   4.6894315853e+02
   5090.0000000000   8.5322387281e+02   0.0000000000e+00   4.6909050942e+02
   5091.0000000000   8.5348385713e+02   0.0000000000e+00   4.6923163180e+02
   5092.0000000000   8.5374005199e+02   0.0000000000e+00   4.6937132291e+02
   5093.0000000000   8.5399397316e+02   0.0000000000e+00   4.6951007934e+02
   5094.0000000000   8.5424623675e+02   0.0000000000e+00   4.6964811228e+02
   5095.0000000000   8.5449717535e+02   0.0000000000e+00   4.6978554120e+02
   5096.0000000000   8.5475731623e+02   0.0000000000e+00   4.6992244426e+02
   5097.0000000000   8.5501043838e+02   0.0000000000e+00   4.7005887734e+02
   5098.0000000000   8.5526169651e+02   0.0000000000e+00   4.7020455932e+02
   5099.0000000000   8.5551165023e+02   0.0000000000e+00   4.7034417872e+02
   5100.0000000000   8.5576054869e+02   0.0000000000e+00   4.7048249863e+02
   5101.0000000000   8.5600853872e+02   0.0000000000e+00   4.7061999163e+02
   5102.0000000000   8.5625571983e+02   0.0000000000e+00   4.7076652786e+02
   5103.0000000000   8.5650216521e+02   0.0000000000e+00   4.7090686846e+02
   5104.0000000000   8.5674793174e+02   0.0000000000e+00   4.7104581691e+02
   5105.0000000000   8.5699306524e+02   0.0000000000e+00   4.7118387054e+02
   5106.0000000000   8.5725824192e+02   0.0000000000e+00   4.7132123911e+02
   5107.0000000000   8.5751076622e+02   0.0000000000e+00   4.7145803981e+02
   5108.0000000000   8.5776076639e+02   0.0000000000e+00   4.7160402480e+02
   5109.0000000000   8.5800922609e+02   0.0000000000e+00   4.7174390249e+02
   5110.0000000000   8.5825653832e+02   0.0000000000e+00   4.7188244864e+02
   5111.0000000000   8.5850291272e+02   0.0000000000e+00   4.7202014432e+02
   5112.0000000000   8.5874847966e+02   0.0000000000e+00   4.7215718903e+02
   5113.0000000000   8.5900364749e+02   0.0000000000e+00   4.7229369303e+02
   5114.0000000000   8.5925211772e+02   0.0000000000e+00   4.7243940363e+02
   5115.0000000000   8.5950930993e+02   0.0000000000e+00   4.7257902568e+02
   5116.0000000000   8.5976969913e+02   0.0000000000e+00   4.7271733223e+02
   5117.0000000000   8.6002219039e+02   0.0000000000e+00   4.7286447883e+02
   5118.0000000000   8.6027243661e+02   0.0000000000e+00   4.7301499490e+02
   5119.0000000000   8.6052118353e+02   0.0000000000e+00   4.7315838023e+02
   5120.0000000000   8.6076876964e+02   0.0000000000e+00   4.7329989013e+02
   5121.0000000000   8.6101539049e+02   0.0000000000e+00   4.7344019753e+02
   5122.0000000000   8.6126117426e+02   0.0000000000e+00   4.7357960250e+02
   5123.0000000000   8.6150621191e+02   0.0000000000e+00   4.7371827597e+02
   5124.0000000000   8.6175057164e+02   0.0000000000e+00   4.7386600514e+02
   5125.0000000000   8.6199430673e+02   0.0000000000e+00   4.7400752275e+02
   5126.0000000000   8.6224777917e+02   0.0000000000e+00   4.7414762223e+02
   5127.0000000000   8.6251529870e+02   0.0000000000e+00   4.7428679798e+02
   5128.0000000000   8.6276921768e+02   0.0000000000e+00   4.7442525980e+02
   5129.0000000000   8.6303046100e+02   0.0000000000e+00   4.7456312614e+02
   5130.0000000000   8.6328383220e+02   0.0000000000e+00   4.7470047434e+02
   5131.0000000000   8.6353486797e+02   0.0000000000e+00   4.7484703614e+02
   5132.0000000000   8.6379463157e+02   0.0000000000e+00   4.7498750836e+02
   5133.0000000000   8.6404711052e+02   0.0000000000e+00   4.7512665973e+02
   5134.0000000000   8.6429756371e+02   0.0000000000e+00   4.7526496689e+02
   5135.0000000000   8.6454660999e+02   0.0000000000e+00   4.7541230294e+02
   5136.0000000000   8.6482549227e+02   0.0000000000e+00   4.7555343127e+02
   5137.0000000000   8.6508528956e+02   0.0000000000e+00   4.7569315710e+02
   5138.0000000000   8.6534126827e+02   0.0000000000e+00   4.7583197913e+02
   5139.0000000000   8.6559495202e+02   0.0000000000e+00   4.7597010822e+02
   5140.0000000000   8.6584696315e+02   0.0000000000e+00   4.7610766243e+02
   5141.0000000000   8.6609763923e+02   0.0000000000e+00   4.7624471812e+02
   5142.0000000000   8.6634719239e+02   0.0000000000e+00   4.7638132923e+02
   5143.0000000000   8.6659576867e+02   0.0000000000e+00   4.7651753622e+02
   5144.0000000000   8.6684347503e+02   0.0000000000e+00   4.7665337075e+02
   5145.0000000000   8.6709039340e+02   0.0000000000e+00   4.7678885844e+02
   5146.0000000000   8.6733658874e+02   0.0000000000e+00   4.7693369703e+02
   5147.0000000000   8.6759243298e+02   0.0000000000e+00   4.7707255956e+02
   5148.0000000000   8.6785192527e+02   0.0000000000e+00   4.7721019724e+02
   5149.0000000000   8.6810378918e+02   0.0000000000e+00   4.7734707336e+02
   5150.0000000000   8.6835358659e+02   0.0000000000e+00   4.7748337399e+02
   5151.0000000000   8.6860201075e+02   0.0000000000e+00   4.7762887558e+02
   5152.0000000000   8.6884936712e+02   0.0000000000e+00   4.7776829573e+02
   5153.0000000000   8.6909582917e+02   0.0000000000e+00   4.7790641335e+02
   5154.0000000000   8.6934150967e+02   0.0000000000e+00   4.7805338663e+02
   5155.0000000000   8.6958648845e+02   0.0000000000e+00   4.7819406946e+02
   5156.0000000000   8.6984114458e+02   0.0000000000e+00   4.7834298327e+02
   5157.0000000000   8.7009948028e+02   0.0000000000e+00   4.7848530234e+02
   5158.0000000000   8.7035022005e+02   0.0000000000e+00   4.7862598504e+02
   5159.0000000000   8.7060924460e+02   0.0000000000e+00   4.7876560639e+02
   5160.0000000000   8.7086088242e+02   0.0000000000e+00   4.7890442152e+02
   5161.0000000000   8.7111048804e+02   0.0000000000e+00   4.7904257667e+02
   5162.0000000000   8.7136903237e+02   0.0000000000e+00   4.7918984385e+02
   5163.0000000000   8.7162044871e+02   0.0000000000e+00   4.7933094567e+02
   5164.0000000000   8.7188028016e+02   0.0000000000e+00   4.7948034493e+02
   5165.0000000000   8.7213275780e+02   0.0000000000e+00   4.7962318579e+02
   5166.0000000000   8.7238320032e+02   0.0000000000e+00   4.7976440976e+02
   5167.0000000000   8.7265288341e+02   0.0000000000e+00   4.7990458189e+02
   5168.0000000000   8.7290937091e+02   0.0000000000e+00   4.8005362770e+02
   5169.0000000000   8.7317325449e+02   0.0000000000e+00   4.8019634464e+02
   5170.0000000000   8.7342924502e+02   0.0000000000e+00   4.8033756152e+02
   5171.0000000000   8.7368284791e+02   0.0000000000e+00   4.8047779415e+02
   5172.0000000000   8.7393479723e+02   0.0000000000e+00   4.8061726625e+02
   5173.0000000000   8.7419576165e+02   0.0000000000e+00   4.8075610582e+02
   5174.0000000000   8.7444958761e+02   0.0000000000e+00   4.8089439707e+02
   5175.0000000000   8.7470146761e+02   0.0000000000e+00   4.8103220026e+02
   5176.0000000000   8.7495198481e+02   0.0000000000e+00   4.8117923757e+02
   5177.0000000000   8.7521172309e+02   0.0000000000e+00   4.8132020003e+02
   5178.0000000000   8.7546447642e+02   0.0000000000e+00   4.8145985264e+02
   5179.0000000000   8.7571540259e+02   0.0000000000e+00   4.8159866951e+02
   5180.0000000000   8.7597537962e+02   0.0000000000e+00   4.8173684545e+02
   5181.0000000000   8.7622829092e+02   0.0000000000e+00   4.8187448749e+02
   5182.0000000000   8.7647933153e+02   0.0000000000e+00   4.8201166411e+02
   5183.0000000000   8.7672907864e+02   0.0000000000e+00   4.8214842345e+02
   5184.0000000000   8.7697778944e+02   0.0000000000e+00   4.8228480155e+02
   5185.0000000000   8.7722561444e+02   0.0000000000e+00   4.8242082669e+02
   5186.0000000000   8.7747265464e+02   0.0000000000e+00   4.8255652177e+02
   5187.0000000000   8.7773962182e+02   0.0000000000e+00   4.8269190588e+02
   5188.0000000000   8.7799384491e+02   0.0000000000e+00   4.8282699520e+02
   5189.0000000000   8.7824546978e+02   0.0000000000e+00   4.8296180372e+02
   5190.0000000000   8.7849549322e+02   0.0000000000e+00   4.8309634367e+02
   5191.0000000000   8.7874431835e+02   0.0000000000e+00   4.8324030242e+02
   5192.0000000000   8.7899216274e+02   0.0000000000e+00   4.8337834470e+02
   5193.0000000000   8.7923916312e+02   0.0000000000e+00   4.8351521501e+02
   5194.0000000000   8.7948541390e+02   0.0000000000e+00   4.8366104766e+02
   5195.0000000000   8.7973098473e+02   0.0000000000e+00   4.8381035568e+02
   5196.0000000000   8.7998624848e+02   0.0000000000e+00   4.8395262593e+02
   5197.0000000000   8.8025552252e+02   0.0000000000e+00   4.8409310322e+02
   5198.0000000000   8.8051116480e+02   0.0000000000e+00   4.8423245187e+02
   5199.0000000000   8.8076378534e+02   0.0000000000e+00   4.8437096475e+02
   5200.0000000000   8.8102487398e+02   0.0000000000e+00   4.8450880667e+02
   5201.0000000000   8.8128887499e+02   0.0000000000e+00   4.8465575964e+02
   5202.0000000000   8.8154474141e+02   0.0000000000e+00   4.8480622841e+02
   5203.0000000000   8.8179817061e+02   0.0000000000e+00   4.8494965756e+02
   5204.0000000000   8.8206026208e+02   0.0000000000e+00   4.8510095039e+02
   5205.0000000000   8.8231501692e+02   0.0000000000e+00   4.8524541856e+02
   5206.0000000000   8.8257802049e+02   0.0000000000e+00   4.8538808785e+02
   5207.0000000000   8.8284385191e+02   0.0000000000e+00   4.8552957240e+02
   5208.0000000000   8.8310148716e+02   0.0000000000e+00   4.8567015254e+02
   5209.0000000000   8.8335663009e+02   0.0000000000e+00   4.8580999203e+02
   5210.0000000000   8.8361006463e+02   0.0000000000e+00   4.8595887566e+02
   5211.0000000000   8.8386215877e+02   0.0000000000e+00   4.8610153577e+02
   5212.0000000000   8.8411313143e+02   0.0000000000e+00   4.8624276621e+02
   5213.0000000000   8.8436312967e+02   0.0000000000e+00   4.8638306220e+02
   5214.0000000000   8.8461225999e+02   0.0000000000e+00   4.8652263442e+02
   5215.0000000000   8.8486060352e+02   0.0000000000e+00   4.8666160224e+02
   5216.0000000000   8.8510822447e+02   0.0000000000e+00   4.8680004389e+02
   5217.0000000000   8.8535517504e+02   0.0000000000e+00   4.8694769190e+02
   5218.0000000000   8.8561181776e+02   0.0000000000e+00   4.8708924383e+02
   5219.0000000000   8.8586182556e+02   0.0000000000e+00   4.8722946907e+02
   5220.0000000000   8.8611028032e+02   0.0000000000e+00   4.8736884485e+02
   5221.0000000000   8.8636800836e+02   0.0000000000e+00   4.8750756828e+02
   5222.0000000000   8.8662917492e+02   0.0000000000e+00   4.8764574813e+02
   5223.0000000000   8.8688258315e+02   0.0000000000e+00   4.8778345426e+02
   5224.0000000000   8.8713383886e+02   0.0000000000e+00   4.8792073591e+02
   5225.0000000000   8.8738366178e+02   0.0000000000e+00   4.8806730657e+02
   5226.0000000000   8.8763237431e+02   0.0000000000e+00   4.8820785032e+02
   5227.0000000000   8.8788016132e+02   0.0000000000e+00   4.8835680304e+02
   5228.0000000000   8.8814778164e+02   0.0000000000e+00   4.8851864235e+02
   5229.0000000000   8.8840259301e+02   0.0000000000e+00   4.8866760506e+02
   5230.0000000000   8.8865476008e+02   0.0000000000e+00   4.8881371636e+02
   5231.0000000000   8.8890529236e+02   0.0000000000e+00   4.8895811585e+02
   5232.0000000000   8.8916492100e+02   0.0000000000e+00   4.8910128710e+02
   5233.0000000000   8.8941750617e+02   0.0000000000e+00   4.8924349587e+02
   5234.0000000000   8.8966823960e+02   0.0000000000e+00   4.8938490935e+02
   5235.0000000000   8.8991769899e+02   0.0000000000e+00   4.8953531861e+02
   5236.0000000000   8.9017646159e+02   0.0000000000e+00   4.8967946191e+02
   5237.0000000000   8.9043863378e+02   0.0000000000e+00   4.8982213817e+02
   5238.0000000000   8.9070332233e+02   0.0000000000e+00   4.8996384677e+02
   5239.0000000000   8.9095976693e+02   0.0000000000e+00   4.9010480184e+02
   5240.0000000000   8.9122405885e+02   0.0000000000e+00   4.9025480215e+02
   5241.0000000000   8.9148063998e+02   0.0000000000e+00   4.9039858338e+02
   5242.0000000000   8.9173493515e+02   0.0000000000e+00   4.9054093935e+02
   5243.0000000000   8.9198764375e+02   0.0000000000e+00   4.9068236410e+02
   5244.0000000000   8.9223909709e+02   0.0000000000e+00   4.9082306697e+02
   5245.0000000000   8.9248949446e+02   0.0000000000e+00   4.9096316600e+02
   5246.0000000000   8.9273897087e+02   0.0000000000e+00   4.9111241480e+02
   5247.0000000000   8.9298762463e+02   0.0000000000e+00   4.9125552347e+02
   5248.0000000000   8.9324585004e+02   0.0000000000e+00   4.9139726949e+02
   5249.0000000000   8.9349734289e+02   0.0000000000e+00   4.9153813563e+02
   5250.0000000000   8.9374720205e+02   0.0000000000e+00   4.9167832302e+02
   5251.0000000000   8.9399594775e+02   0.0000000000e+00   4.9181794343e+02
   5252.0000000000   8.9424380013e+02   0.0000000000e+00   4.9195706905e+02
   5253.0000000000   8.9449088403e+02   0.0000000000e+00   4.9209575098e+02
   5254.0000000000   8.9474760087e+02   0.0000000000e+00   4.9223402768e+02
   5255.0000000000   8.9499764629e+02   0.0000000000e+00   4.9238160598e+02
   5256.0000000000   8.9524611630e+02   0.0000000000e+00   4.9253284209e+02
   5257.0000000000   8.9549352725e+02   0.0000000000e+00   4.9267714740e+02
   5258.0000000000   8.9576073344e+02   0.0000000000e+00   4.9281972502e+02
   5259.0000000000   8.9601512807e+02   0.0000000000e+00   4.9296121411e+02
   5260.0000000000   8.9626689041e+02   0.0000000000e+00   4.9310189148e+02
   5261.0000000000   8.9651703613e+02   0.0000000000e+00   4.9324191128e+02
   5262.0000000000   8.9677629867e+02   0.0000000000e+00   4.9338137162e+02
   5263.0000000000   8.9703885784e+02   0.0000000000e+00   4.9352034053e+02
   5264.0000000000   8.9730386023e+02   0.0000000000e+00   4.9366854460e+02
   5265.0000000000   8.9756056920e+02   0.0000000000e+00   4.9381067737e+02
   5266.0000000000   8.9782509105e+02   0.0000000000e+00   4.9395150525e+02
   5267.0000000000   8.9809219672e+02   0.0000000000e+00   4.9409150308e+02
   5268.0000000000   8.9836127310e+02   0.0000000000e+00   4.9425021905e+02
   5269.0000000000   8.9862171087e+02   0.0000000000e+00   4.9439707039e+02
   5270.0000000000   8.9887937483e+02   0.0000000000e+00   4.9454159704e+02
   5271.0000000000   8.9913513241e+02   0.0000000000e+00   4.9468474665e+02
   5272.0000000000   8.9938940170e+02   0.0000000000e+00   4.9482690347e+02
   5273.0000000000   8.9964243441e+02   0.0000000000e+00   4.9496827422e+02
   5274.0000000000   8.9990471948e+02   0.0000000000e+00   4.9510898767e+02
   5275.0000000000   9.0017033518e+02   0.0000000000e+00   4.9524913178e+02
   5276.0000000000   9.0043838058e+02   0.0000000000e+00   4.9538877048e+02
   5277.0000000000   9.0069809559e+02   0.0000000000e+00   4.9552795246e+02
   5278.0000000000   9.0096557487e+02   0.0000000000e+00   4.9566671609e+02
   5279.0000000000   9.0122526491e+02   0.0000000000e+00   4.9580509244e+02
   5280.0000000000   9.0148259545e+02   0.0000000000e+00   4.9594310725e+02
   5281.0000000000   9.0173827073e+02   0.0000000000e+00   4.9608078224e+02
   5282.0000000000   9.0199262661e+02   0.0000000000e+00   4.9621813599e+02
   5283.0000000000   9.0225618574e+02   0.0000000000e+00   4.9635518460e+02
   5284.0000000000   9.0251272318e+02   0.0000000000e+00   4.9649194221e+02
   5285.0000000000   9.0276739109e+02   0.0000000000e+00   4.9662842132e+02
   5286.0000000000   9.0302074767e+02   0.0000000000e+00   4.9676463308e+02
   5287.0000000000   9.0327304138e+02   0.0000000000e+00   4.9690058753e+02
   5288.0000000000   9.0353473796e+02   0.0000000000e+00   4.9703629374e+02
   5289.0000000000   9.0379989223e+02   0.0000000000e+00   4.9717175997e+02
   5290.0000000000   9.0405726411e+02   0.0000000000e+00   4.9730699377e+02
   5291.0000000000   9.0431244083e+02   0.0000000000e+00   4.9744200208e+02
   5292.0000000000   9.0456613423e+02   0.0000000000e+00   4.9757679131e+02
   5293.0000000000   9.0481866392e+02   0.0000000000e+00   4.9771136739e+02
   5294.0000000000   9.0507021450e+02   0.0000000000e+00   4.9784573584e+02
   5295.0000000000   9.0532090767e+02   0.0000000000e+00   4.9797990181e+02
   5296.0000000000   9.0557083063e+02   0.0000000000e+00   4.9811387010e+02
   5297.0000000000   9.0582004948e+02   0.0000000000e+00   4.9824764522e+02
   5298.0000000000   9.0606861643e+02   0.0000000000e+00   4.9838123143e+02
   5299.0000000000   9.0632689313e+02   0.0000000000e+00   4.9851463271e+02
   5300.0000000000   9.0657855125e+02   0.0000000000e+00   4.9864785286e+02
   5301.0000000000   9.0682867127e+02   0.0000000000e+00   4.9880024852e+02
   5302.0000000000   9.0707775903e+02   0.0000000000e+00   4.9895080977e+02
   5303.0000000000   9.0732602324e+02   0.0000000000e+00   4.9910334303e+02
   5304.0000000000   9.0757357944e+02   0.0000000000e+00   4.9924814193e+02
   5305.0000000000   9.0782050233e+02   0.0000000000e+00   4.9939074352e+02
   5306.0000000000   9.0806684507e+02   0.0000000000e+00   4.9953195340e+02
   5307.0000000000   9.0831264806e+02   0.0000000000e+00   4.9967214399e+02
   5308.0000000000   9.0855794341e+02   0.0000000000e+00   4.9981152949e+02
   5309.0000000000   9.0881307666e+02   0.0000000000e+00   4.9995024804e+02
   5310.0000000000   9.0906170624e+02   0.0000000000e+00   5.0008839560e+02
   5311.0000000000   9.0931922073e+02   0.0000000000e+00   5.0022604232e+02
   5312.0000000000   9.0956975281e+02   0.0000000000e+00   5.0037291813e+02
   5313.0000000000   9.0981855349e+02   0.0000000000e+00   5.0051371996e+02
   5314.0000000000   9.1006621115e+02   0.0000000000e+00   5.0065321726e+02
   5315.0000000000   9.1031298031e+02   0.0000000000e+00   5.0079188746e+02
   5316.0000000000   9.1055900417e+02   0.0000000000e+00   5.0092992787e+02
   5317.0000000000   9.1081469416e+02   0.0000000000e+00   5.0106744735e+02
   5318.0000000000   9.1106375125e+02   0.0000000000e+00   5.0120451571e+02
   5319.0000000000   9.1133191222e+02   0.0000000000e+00   5.0134118207e+02
   5320.0000000000   9.1158696667e+02   0.0000000000e+00   5.0147748315e+02
   5321.0000000000   9.1183923124e+02   0.0000000000e+00   5.0161344767e+02
   5322.0000000000   9.1210010476e+02   0.0000000000e+00   5.0174909882e+02
   5323.0000000000   9.1235367272e+02   0.0000000000e+00   5.0188445580e+02
   5324.0000000000   9.1260523101e+02   0.0000000000e+00   5.0201953486e+02
   5325.0000000000   9.1286573308e+02   0.0000000000e+00   5.0215434991e+02
   5326.0000000000   9.1311910725e+02   0.0000000000e+00   5.0228891310e+02
   5327.0000000000   9.1337057683e+02   0.0000000000e+00   5.0242323507e+02
   5328.0000000000   9.1363105666e+02   0.0000000000e+00   5.0255732530e+02
   5329.0000000000   9.1390509075e+02   0.0000000000e+00   5.0269119227e+02
   5330.0000000000   9.1416516073e+02   0.0000000000e+00   5.0282484364e+02
   5331.0000000000   9.1442195380e+02   0.0000000000e+00   5.0296796288e+02
   5332.0000000000   9.1467669299e+02   0.0000000000e+00   5.0310521140e+02
   5333.0000000000   9.1494022387e+02   0.0000000000e+00   5.0327036044e+02
   5334.0000000000   9.1519647712e+02   0.0000000000e+00   5.0341783041e+02
   5335.0000000000   9.1545069181e+02   0.0000000000e+00   5.0357168443e+02
   5336.0000000000   9.1571379850e+02   0.0000000000e+00   5.0372769761e+02
   5337.0000000000   9.1598003561e+02   0.0000000000e+00   5.0388551748e+02
   5338.0000000000   9.1623825995e+02   0.0000000000e+00   5.0403529140e+02
   5339.0000000000   9.1650443705e+02   0.0000000000e+00   5.0418256632e+02
   5340.0000000000   9.1676295433e+02   0.0000000000e+00   5.0432818045e+02
   5341.0000000000   9.1701920953e+02   0.0000000000e+00   5.0447253909e+02
   5342.0000000000   9.1727388747e+02   0.0000000000e+00   5.0461588514e+02
   5343.0000000000   9.1752731123e+02   0.0000000000e+00   5.0475838105e+02
   5344.0000000000   9.1777967539e+02   0.0000000000e+00   5.0490981966e+02
   5345.0000000000   9.1804143133e+02   0.0000000000e+00   5.0505494335e+02
   5346.0000000000   9.1829631200e+02   0.0000000000e+00   5.0519855583e+02
   5347.0000000000   9.1854944211e+02   0.0000000000e+00   5.0534116118e+02
   5348.0000000000   9.1881167983e+02   0.0000000000e+00   5.0548297795e+02
   5349.0000000000   9.1907721479e+02   0.0000000000e+00   5.0562413233e+02
   5350.0000000000   9.1934518845e+02   0.0000000000e+00   5.0576470851e+02
   5351.0000000000   9.1960485815e+02   0.0000000000e+00   5.0590476763e+02
   5352.0000000000   9.1987232556e+02   0.0000000000e+00   5.0604435670e+02
   5353.0000000000   9.2013203937e+02   0.0000000000e+00   5.0619318981e+02
   5354.0000000000   9.2038942925e+02   0.0000000000e+00   5.0634562942e+02
   5355.0000000000   9.2064519832e+02   0.0000000000e+00   5.0649109230e+02
   5356.0000000000   9.2090999991e+02   0.0000000000e+00   5.0663478625e+02
   5357.0000000000   9.2116767193e+02   0.0000000000e+00   5.0677735451e+02
   5358.0000000000   9.2142340175e+02   0.0000000000e+00   5.0691907750e+02
   5359.0000000000   9.2167776923e+02   0.0000000000e+00   5.0706011250e+02
   5360.0000000000   9.2194135611e+02   0.0000000000e+00   5.0720056043e+02
   5361.0000000000   9.2219795491e+02   0.0000000000e+00   5.0734049182e+02
   5362.0000000000   9.2245272243e+02   0.0000000000e+00   5.0747995891e+02
   5363.0000000000   9.2270621696e+02   0.0000000000e+00   5.0761900217e+02
   5364.0000000000   9.2295868535e+02   0.0000000000e+00   5.0776733053e+02
   5365.0000000000   9.2321027209e+02   0.0000000000e+00   5.0791930221e+02
   5366.0000000000   9.2347139359e+02   0.0000000000e+00   5.0807400691e+02
   5367.0000000000   9.2372575728e+02   0.0000000000e+00   5.0822130437e+02
   5368.0000000000   9.2397846866e+02   0.0000000000e+00   5.0837624750e+02
   5369.0000000000   9.2423005185e+02   0.0000000000e+00   5.0852421923e+02
   5370.0000000000   9.2449104856e+02   0.0000000000e+00   5.0867028480e+02
   5371.0000000000   9.2474522134e+02   0.0000000000e+00   5.0881508247e+02
   5372.0000000000   9.2501834208e+02   0.0000000000e+00   5.0895890841e+02
   5373.0000000000   9.2527822303e+02   0.0000000000e+00   5.0910193735e+02
   5374.0000000000   9.2553519685e+02   0.0000000000e+00   5.0925396207e+02
   5375.0000000000   9.2579035536e+02   0.0000000000e+00   5.0940939743e+02
   5376.0000000000   9.2604415745e+02   0.0000000000e+00   5.0955769705e+02
   5377.0000000000   9.2629685655e+02   0.0000000000e+00   5.0970409562e+02
   5378.0000000000   9.2654861389e+02   0.0000000000e+00   5.0985893329e+02
   5379.0000000000   9.2679954147e+02   0.0000000000e+00   5.1001683780e+02
   5380.0000000000   9.2708067921e+02   0.0000000000e+00   5.1016736973e+02
   5381.0000000000   9.2734299927e+02   0.0000000000e+00   5.1031582565e+02
   5382.0000000000   9.2761202240e+02   0.0000000000e+00   5.1046290833e+02
   5383.0000000000   9.2787286553e+02   0.0000000000e+00   5.1060894038e+02
   5384.0000000000   9.2814149031e+02   0.0000000000e+00   5.1075411040e+02
   5385.0000000000   9.2841264721e+02   0.0000000000e+00   5.1089854322e+02
   5386.0000000000   9.2867540391e+02   0.0000000000e+00   5.1104232814e+02
   5387.0000000000   9.2893551872e+02   0.0000000000e+00   5.1118553253e+02
   5388.0000000000   9.2919381043e+02   0.0000000000e+00   5.1132820917e+02
   5389.0000000000   9.2945067063e+02   0.0000000000e+00   5.1147040067e+02
   5390.0000000000   9.2971665404e+02   0.0000000000e+00   5.1161214223e+02
   5391.0000000000   9.2997555610e+02   0.0000000000e+00   5.1175346345e+02
   5392.0000000000   9.3024286188e+02   0.0000000000e+00   5.1189438965e+02
   5393.0000000000   9.3051309465e+02   0.0000000000e+00   5.1203494274e+02
   5394.0000000000   9.3077519648e+02   0.0000000000e+00   5.1217514186e+02
   5395.0000000000   9.3103484944e+02   0.0000000000e+00   5.1232468051e+02
   5396.0000000000   9.3130314196e+02   0.0000000000e+00   5.1246822882e+02
   5397.0000000000   9.3156406806e+02   0.0000000000e+00   5.1262021265e+02
   5398.0000000000   9.3182288979e+02   0.0000000000e+00   5.1276574915e+02
   5399.0000000000   9.3208022876e+02   0.0000000000e+00   5.1290975941e+02
   5400.0000000000   9.3235701167e+02   0.0000000000e+00   5.1305279278e+02
   5401.0000000000   9.3262068443e+02   0.0000000000e+00   5.1319508584e+02
   5402.0000000000   9.3288146630e+02   0.0000000000e+00   5.1334644762e+02
   5403.0000000000   9.3314040425e+02   0.0000000000e+00   5.1349161819e+02
   5404.0000000000   9.3339793781e+02   0.0000000000e+00   5.1363539273e+02
   5405.0000000000   9.3366463124e+02   0.0000000000e+00   5.1377826510e+02
   5406.0000000000   9.3393459804e+02   0.0000000000e+00   5.1392044366e+02
   5407.0000000000   9.3419663637e+02   0.0000000000e+00   5.1406204504e+02
   5408.0000000000   9.3446667910e+02   0.0000000000e+00   5.1420314477e+02
   5409.0000000000   9.3473941260e+02   0.0000000000e+00   5.1435347281e+02
   5410.0000000000   9.3503481466e+02   0.0000000000e+00   5.1450740089e+02
   5411.0000000000   9.3530951955e+02   0.0000000000e+00   5.1465435132e+02
   5412.0000000000   9.3557947425e+02   0.0000000000e+00   5.1479953519e+02
   5413.0000000000   9.3584649343e+02   0.0000000000e+00   5.1494359769e+02
   5414.0000000000   9.3611135852e+02   0.0000000000e+00   5.1508682031e+02
   5415.0000000000   9.3637450609e+02   0.0000000000e+00   5.1522936086e+02
   5416.0000000000   9.3663621524e+02   0.0000000000e+00   5.1538099697e+02
   5417.0000000000   9.3689668001e+02   0.0000000000e+00   5.1552645413e+02
   5418.0000000000   9.3715604332e+02   0.0000000000e+00   5.1567052019e+02
   5419.0000000000   9.3741441497e+02   0.0000000000e+00   5.1582336168e+02
   5420.0000000000   9.3767188210e+02   0.0000000000e+00   5.1596983991e+02
   5421.0000000000   9.3793883469e+02   0.0000000000e+00   5.1611480625e+02
   5422.0000000000   9.3820928686e+02   0.0000000000e+00   5.1625878551e+02
   5423.0000000000   9.3848229389e+02   0.0000000000e+00   5.1640200515e+02
   5424.0000000000   9.3874706454e+02   0.0000000000e+00   5.1654459459e+02
   5425.0000000000   9.3900935160e+02   0.0000000000e+00   5.1668663845e+02
   5426.0000000000   9.3926994835e+02   0.0000000000e+00   5.1682819689e+02
   5427.0000000000   9.3952922118e+02   0.0000000000e+00   5.1697899174e+02
   5428.0000000000   9.3978738448e+02   0.0000000000e+00   5.1712371363e+02
   5429.0000000000   9.4004458031e+02   0.0000000000e+00   5.1726712709e+02
   5430.0000000000   9.4031122967e+02   0.0000000000e+00   5.1741938236e+02
   5431.0000000000   9.4058136496e+02   0.0000000000e+00   5.1756532889e+02
   5432.0000000000   9.4084373346e+02   0.0000000000e+00   5.1770980913e+02
   5433.0000000000   9.4110391466e+02   0.0000000000e+00   5.1785334107e+02
   5434.0000000000   9.4137293439e+02   0.0000000000e+00   5.1799614675e+02
   5435.0000000000   9.4165538306e+02   0.0000000000e+00   5.1814802788e+02
   5436.0000000000   9.4192376528e+02   0.0000000000e+00   5.1829372062e+02
   5437.0000000000   9.4219910026e+02   0.0000000000e+00   5.1843801804e+02
   5438.0000000000   9.4246625518e+02   0.0000000000e+00   5.1860076599e+02
   5439.0000000000   9.4273081226e+02   0.0000000000e+00   5.1875148235e+02
   5440.0000000000   9.4300386892e+02   0.0000000000e+00   5.1889975513e+02
   5441.0000000000   9.4329007732e+02   0.0000000000e+00   5.1904655944e+02
   5442.0000000000   9.4356198969e+02   0.0000000000e+00   5.1919229724e+02
   5443.0000000000   9.4383034265e+02   0.0000000000e+00   5.1933718745e+02
   5444.0000000000   9.4409639555e+02   0.0000000000e+00   5.1948136781e+02
   5445.0000000000   9.4436070270e+02   0.0000000000e+00   5.1962493307e+02
   5446.0000000000   9.4462358063e+02   0.0000000000e+00   5.1976795252e+02
   5447.0000000000   9.4488523596e+02   0.0000000000e+00   5.1992983224e+02
   5448.0000000000   9.4514581514e+02   0.0000000000e+00   5.2007992427e+02
   5449.0000000000   9.4541574709e+02   0.0000000000e+00   5.2022773425e+02
   5450.0000000000   9.4567875363e+02   0.0000000000e+00   5.2037419011e+02
   5451.0000000000   9.4595027315e+02   0.0000000000e+00   5.2051966418e+02
   5452.0000000000   9.4621447838e+02   0.0000000000e+00   5.2066435562e+02
   5453.0000000000   9.4647665324e+02   0.0000000000e+00   5.2081806489e+02
   5454.0000000000   9.4673741360e+02   0.0000000000e+00   5.2097520831e+02
   5455.0000000000   9.4699703722e+02   0.0000000000e+00   5.2112523858e+02
   5456.0000000000   9.4725568724e+02   0.0000000000e+00   5.2127338860e+02
   5457.0000000000   9.4751347324e+02   0.0000000000e+00   5.2142031991e+02
   5458.0000000000   9.4777047511e+02   0.0000000000e+00   5.2156632662e+02
   5459.0000000000   9.4803707354e+02   0.0000000000e+00   5.2171157657e+02
   5460.0000000000   9.4829695400e+02   0.0000000000e+00   5.2185617898e+02
   5461.0000000000   9.4856552660e+02   0.0000000000e+00   5.2200021097e+02
   5462.0000000000   9.4882694159e+02   0.0000000000e+00   5.2214373022e+02
   5463.0000000000   9.4909678371e+02   0.0000000000e+00   5.2228678164e+02
   5464.0000000000   9.4935928991e+02   0.0000000000e+00   5.2242940132e+02
   5465.0000000000   9.4963009471e+02   0.0000000000e+00   5.2257161900e+02
   5466.0000000000   9.4989346645e+02   0.0000000000e+00   5.2271345967e+02
   5467.0000000000   9.5016506075e+02   0.0000000000e+00   5.2285494466e+02
   5468.0000000000   9.5043947993e+02   0.0000000000e+00   5.2300576899e+02
   5469.0000000000   9.5070570755e+02   0.0000000000e+00   5.2315060389e+02
   5470.0000000000   9.5096944917e+02   0.0000000000e+00   5.2329419946e+02
   5471.0000000000   9.5125212621e+02   0.0000000000e+00   5.2343701830e+02
   5472.0000000000   9.5152137733e+02   0.0000000000e+00   5.2357924609e+02
   5473.0000000000   9.5178752010e+02   0.0000000000e+00   5.2372098256e+02
   5474.0000000000   9.5205165911e+02   0.0000000000e+00   5.2386229022e+02
   5475.0000000000   9.5231427071e+02   0.0000000000e+00   5.2401288880e+02
   5476.0000000000   9.5257562504e+02   0.0000000000e+00   5.2415746532e+02
   5477.0000000000   9.5283589808e+02   0.0000000000e+00   5.2430078036e+02
   5478.0000000000   9.5310553365e+02   0.0000000000e+00   5.2444330372e+02
   5479.0000000000   9.5337858059e+02   0.0000000000e+00   5.2458522619e+02
   5480.0000000000   9.5364379844e+02   0.0000000000e+00   5.2472665114e+02
   5481.0000000000   9.5391709524e+02   0.0000000000e+00   5.2486764373e+02
   5482.0000000000   9.5419314045e+02   0.0000000000e+00   5.2500824914e+02
   5483.0000000000   9.5446094259e+02   0.0000000000e+00   5.2515817730e+02
   5484.0000000000   9.5473653772e+02   0.0000000000e+00   5.2530210917e+02
   5485.0000000000   9.5500435139e+02   0.0000000000e+00   5.2544480133e+02
   5486.0000000000   9.5526980416e+02   0.0000000000e+00   5.2558672078e+02
   5487.0000000000   9.5553359552e+02   0.0000000000e+00   5.2572805622e+02
   5488.0000000000   9.5580637769e+02   0.0000000000e+00   5.2586890944e+02
   5489.0000000000   9.5607198856e+02   0.0000000000e+00   5.2600934437e+02
   5490.0000000000   9.5633561608e+02   0.0000000000e+00   5.2614940512e+02
   5491.0000000000   9.5659784095e+02   0.0000000000e+00   5.2628912425e+02
   5492.0000000000   9.5686924588e+02   0.0000000000e+00   5.2642852690e+02
   5493.0000000000   9.5713362440e+02   0.0000000000e+00   5.2658698630e+02
   5494.0000000000   9.5740645339e+02   0.0000000000e+00   5.2673382917e+02
   5495.0000000000   9.5768224736e+02   0.0000000000e+00   5.2687854107e+02
   5496.0000000000   9.5796025959e+02   0.0000000000e+00   5.2702203367e+02
   5497.0000000000   9.5822980158e+02   0.0000000000e+00   5.2716466586e+02
   5498.0000000000   9.5849668734e+02   0.0000000000e+00   5.2730662555e+02
   5499.0000000000   9.5876174982e+02   0.0000000000e+00   5.2744802706e+02
   5500.0000000000   9.5902538275e+02   0.0000000000e+00   5.2759862346e+02
   5501.0000000000   9.5929813919e+02   0.0000000000e+00   5.2774312449e+02
   5502.0000000000   9.5957413098e+02   0.0000000000e+00   5.2789598354e+02
   5503.0000000000   9.5984215751e+02   0.0000000000e+00   5.2804233746e+02
   5504.0000000000   9.6011815366e+02   0.0000000000e+00   5.2818712194e+02
   5505.0000000000   9.6038648882e+02   0.0000000000e+00   5.2833089723e+02
   5506.0000000000   9.6065254935e+02   0.0000000000e+00   5.2847390829e+02
   5507.0000000000   9.6091701259e+02   0.0000000000e+00   5.2861629408e+02
   5508.0000000000   9.6118019654e+02   0.0000000000e+00   5.2876782120e+02
   5509.0000000000   9.6144229226e+02   0.0000000000e+00   5.2891320814e+02
   5510.0000000000   9.6170342962e+02   0.0000000000e+00   5.2905723790e+02
   5511.0000000000   9.6197402281e+02   0.0000000000e+00   5.2920039698e+02
   5512.0000000000   9.6224810034e+02   0.0000000000e+00   5.2934288897e+02
   5513.0000000000   9.6251440720e+02   0.0000000000e+00   5.2948482734e+02
   5514.0000000000   9.6277852151e+02   0.0000000000e+00   5.2962628534e+02
   5515.0000000000   9.6304114922e+02   0.0000000000e+00   5.2977699128e+02
   5516.0000000000   9.6330260599e+02   0.0000000000e+00   5.2992163908e+02
   5517.0000000000   9.6356307365e+02   0.0000000000e+00   5.3006499497e+02
   5518.0000000000   9.6382267197e+02   0.0000000000e+00   5.3020753343e+02
   5519.0000000000   9.6408148671e+02   0.0000000000e+00   5.3034944913e+02
   5520.0000000000   9.6433958294e+02   0.0000000000e+00   5.3050052524e+02
   5521.0000000000   9.6459701211e+02   0.0000000000e+00   5.3064548475e+02
   5522.0000000000   9.6486413531e+02   0.0000000000e+00   5.3078911099e+02
   5523.0000000000   9.6512462379e+02   0.0000000000e+00   5.3093188920e+02
   5524.0000000000   9.6538355774e+02   0.0000000000e+00   5.3107402124e+02
   5525.0000000000   9.6564144281e+02   0.0000000000e+00   5.3121561874e+02
   5526.0000000000   9.6589848754e+02   0.0000000000e+00   5.3135675323e+02
   5527.0000000000   9.6615480741e+02   0.0000000000e+00   5.3149747490e+02
   5528.0000000000   9.6641047708e+02   0.0000000000e+00   5.3163782117e+02
   5529.0000000000   9.6667586880e+02   0.0000000000e+00   5.3177782123e+02
   5530.0000000000   9.6695529730e+02   0.0000000000e+00   5.3192717513e+02
   5531.0000000000   9.6723143637e+02   0.0000000000e+00   5.3207055737e+02
   5532.0000000000   9.6751916706e+02   0.0000000000e+00   5.3221272015e+02
   5533.0000000000   9.6779197955e+02   0.0000000000e+00   5.3235412739e+02
   5534.0000000000   9.6806094034e+02   0.0000000000e+00   5.3249496556e+02
   5535.0000000000   9.6832745881e+02   0.0000000000e+00   5.3264501133e+02
   5536.0000000000   9.6859216705e+02   0.0000000000e+00   5.3278898244e+02
   5537.0000000000   9.6885542515e+02   0.0000000000e+00   5.3293165785e+02
   5538.0000000000   9.6911746532e+02   0.0000000000e+00   5.3307351916e+02
   5539.0000000000   9.6937844951e+02   0.0000000000e+00   5.3321476514e+02
   5540.0000000000   9.6963849696e+02   0.0000000000e+00   5.3335550481e+02
   5541.0000000000   9.6989769909e+02   0.0000000000e+00   5.3349580740e+02
   5542.0000000000   9.7017676641e+02   0.0000000000e+00   5.3364539766e+02
   5543.0000000000   9.7045334895e+02   0.0000000000e+00   5.3378896635e+02
   5544.0000000000   9.7072123195e+02   0.0000000000e+00   5.3393127690e+02
   5545.0000000000   9.7098646605e+02   0.0000000000e+00   5.3407280131e+02
   5546.0000000000   9.7126025665e+02   0.0000000000e+00   5.3421373204e+02
   5547.0000000000   9.7152664653e+02   0.0000000000e+00   5.3435417374e+02
   5548.0000000000   9.7179092096e+02   0.0000000000e+00   5.3450386914e+02
   5549.0000000000   9.7205371338e+02   0.0000000000e+00   5.3464751923e+02
   5550.0000000000   9.7231531854e+02   0.0000000000e+00   5.3478989379e+02
   5551.0000000000   9.7257591330e+02   0.0000000000e+00   5.3493146899e+02
   5552.0000000000   9.7283561792e+02   0.0000000000e+00   5.3508211671e+02
   5553.0000000000   9.7311515871e+02   0.0000000000e+00   5.3522659877e+02
   5554.0000000000   9.7338187582e+02   0.0000000000e+00   5.3536971868e+02
   5555.0000000000   9.7364592404e+02   0.0000000000e+00   5.3551197338e+02
   5556.0000000000   9.7390830735e+02   0.0000000000e+00   5.3565357202e+02
   5557.0000000000   9.7416943473e+02   0.0000000000e+00   5.3580430754e+02
   5558.0000000000   9.7443984774e+02   0.0000000000e+00   5.3595858634e+02
   5559.0000000000   9.7470332335e+02   0.0000000000e+00   5.3610585172e+02
   5560.0000000000   9.7496500976e+02   0.0000000000e+00   5.3625132837e+02
   5561.0000000000   9.7522545933e+02   0.0000000000e+00   5.3639567073e+02
   5562.0000000000   9.7549523336e+02   0.0000000000e+00   5.3654884330e+02
   5563.0000000000   9.7576842772e+02   0.0000000000e+00   5.3669566364e+02
   5564.0000000000   9.7604414193e+02   0.0000000000e+00   5.3684097208e+02
   5565.0000000000   9.7631161056e+02   0.0000000000e+00   5.3699496800e+02
   5566.0000000000   9.7657660212e+02   0.0000000000e+00   5.3715221125e+02
   5567.0000000000   9.7683991964e+02   0.0000000000e+00   5.3730222368e+02
   5568.0000000000   9.7710193567e+02   0.0000000000e+00   5.3745995368e+02
   5569.0000000000   9.7737318747e+02   0.0000000000e+00   5.3761074206e+02
   5570.0000000000   9.7763745553e+02   0.0000000000e+00   5.3775963480e+02
   5571.0000000000   9.7789989327e+02   0.0000000000e+00   5.3790726076e+02
   5572.0000000000   9.7816105818e+02   0.0000000000e+00   5.3805391151e+02
   5573.0000000000   9.7843151613e+02   0.0000000000e+00   5.3819975955e+02
   5574.0000000000   9.7870536688e+02   0.0000000000e+00   5.3834492019e+02
   5575.0000000000   9.7897139420e+02   0.0000000000e+00   5.3848947646e+02
   5576.0000000000   9.7923519936e+02   0.0000000000e+00   5.3863349126e+02
   5577.0000000000   9.7949750295e+02   0.0000000000e+00   5.3877701399e+02
   5578.0000000000   9.7976894945e+02   0.0000000000e+00   5.3892008461e+02
   5579.0000000000   9.8003336344e+02   0.0000000000e+00   5.3906273612e+02
   5580.0000000000   9.8029591958e+02   0.0000000000e+00   5.3920499627e+02
   5581.0000000000   9.8055718662e+02   0.0000000000e+00   5.3934688878e+02
   5582.0000000000   9.8081741777e+02   0.0000000000e+00   5.3948843415e+02
   5583.0000000000   9.8109739965e+02   0.0000000000e+00   5.3963932683e+02
   5584.0000000000   9.8136450429e+02   0.0000000000e+00   5.3979391425e+02
   5585.0000000000   9.8163922415e+02   0.0000000000e+00   5.3995127787e+02
   5586.0000000000   9.8190621091e+02   0.0000000000e+00   5.4010127099e+02
   5587.0000000000   9.8217093141e+02   0.0000000000e+00   5.4024926484e+02
   5588.0000000000   9.8243409299e+02   0.0000000000e+00   5.4039598315e+02
   5589.0000000000   9.8269602588e+02   0.0000000000e+00   5.4055142854e+02
   5590.0000000000   9.8295692593e+02   0.0000000000e+00   5.4071011822e+02
   5591.0000000000   9.8321692427e+02   0.0000000000e+00   5.4087123917e+02
   5592.0000000000   9.8348643465e+02   0.0000000000e+00   5.4102471550e+02
   5593.0000000000   9.8375948433e+02   0.0000000000e+00   5.4118564509e+02
   5594.0000000000   9.8402481657e+02   0.0000000000e+00   5.4134912020e+02
   5595.0000000000   9.8429832669e+02   0.0000000000e+00   5.4150488585e+02
   5596.0000000000   9.8457467392e+02   0.0000000000e+00   5.4165833519e+02
   5597.0000000000   9.8484285839e+02   0.0000000000e+00   5.4181990587e+02
   5598.0000000000   9.8510859005e+02   0.0000000000e+00   5.4197461407e+02
   5599.0000000000   9.8537265238e+02   0.0000000000e+00   5.4213708769e+02
   5600.0000000000   9.8564572965e+02   0.0000000000e+00   5.4229257619e+02
   5601.0000000000   9.8591167333e+02   0.0000000000e+00   5.4244609388e+02
   5602.0000000000   9.8617567712e+02   0.0000000000e+00   5.4260793544e+02
   5603.0000000000   9.8644864286e+02   0.0000000000e+00   5.4276304528e+02
   5604.0000000000   9.8671447051e+02   0.0000000000e+00   5.4291633320e+02
   5605.0000000000   9.8697836703e+02   0.0000000000e+00   5.4307804401e+02
   5606.0000000000   9.8726155663e+02   0.0000000000e+00   5.4323309379e+02
   5607.0000000000   9.8753157550e+02   0.0000000000e+00   5.4338637451e+02
   5608.0000000000   9.8780899902e+02   0.0000000000e+00   5.4354811893e+02
   5609.0000000000   9.8807852789e+02   0.0000000000e+00   5.4370323458e+02
   5610.0000000000   9.8834566096e+02   0.0000000000e+00   5.4385660714e+02
   5611.0000000000   9.8862144702e+02   0.0000000000e+00   5.4400878806e+02
   5612.0000000000   9.8890018794e+02   0.0000000000e+00   5.4416002611e+02
   5613.0000000000   9.8918109754e+02   0.0000000000e+00   5.4431046825e+02
   5614.0000000000   9.8945348286e+02   0.0000000000e+00   5.4447956683e+02
   5615.0000000000   9.8972316229e+02   0.0000000000e+00   5.4463670462e+02
   5616.0000000000   9.8999097509e+02   0.0000000000e+00   5.4479140927e+02
   5617.0000000000   9.9025732125e+02   0.0000000000e+00   5.4494462534e+02
   5618.0000000000   9.9052244034e+02   0.0000000000e+00   5.4509673829e+02
   5619.0000000000   9.9078649381e+02   0.0000000000e+00   5.4524795794e+02
   5620.0000000000   9.9104959878e+02   0.0000000000e+00   5.4539841710e+02
   5621.0000000000   9.9131184457e+02   0.0000000000e+00   5.4554820804e+02
   5622.0000000000   9.9157330184e+02   0.0000000000e+00   5.4569739908e+02
   5623.0000000000   9.9184434722e+02   0.0000000000e+00   5.4584604319e+02
   5624.0000000000   9.9212930285e+02   0.0000000000e+00   5.4599418284e+02
   5625.0000000000   9.9240053180e+02   0.0000000000e+00   5.4614185300e+02
   5626.0000000000   9.9266864917e+02   0.0000000000e+00   5.4628908310e+02
   5627.0000000000   9.9293483051e+02   0.0000000000e+00   5.4644557483e+02
   5628.0000000000   9.9319956944e+02   0.0000000000e+00   5.4659600508e+02
   5629.0000000000   9.9346313682e+02   0.0000000000e+00   5.4674512880e+02
   5630.0000000000   9.9372570393e+02   0.0000000000e+00   5.4690308936e+02
   5631.0000000000   9.9398738925e+02   0.0000000000e+00   5.4705473122e+02
   5632.0000000000   9.9425859905e+02   0.0000000000e+00   5.4720489323e+02
   5633.0000000000   9.9452303661e+02   0.0000000000e+00   5.4735409068e+02
   5634.0000000000   9.9479612481e+02   0.0000000000e+00   5.4750254368e+02
   5635.0000000000   9.9507234245e+02   0.0000000000e+00   5.4766005251e+02
   5636.0000000000   9.9534059846e+02   0.0000000000e+00   5.4781135232e+02
   5637.0000000000   9.9560654940e+02   0.0000000000e+00   5.4796123549e+02
   5638.0000000000   9.9587094447e+02   0.0000000000e+00   5.4811019429e+02
   5639.0000000000   9.9613412537e+02   0.0000000000e+00   5.4825843619e+02
   5640.0000000000   9.9639629058e+02   0.0000000000e+00   5.4840607744e+02
   5641.0000000000   9.9665757097e+02   0.0000000000e+00   5.4855319347e+02
   5642.0000000000   9.9691805995e+02   0.0000000000e+00   5.4869983777e+02
   5643.0000000000   9.9718814710e+02   0.0000000000e+00   5.4884605069e+02
   5644.0000000000   9.9746184297e+02   0.0000000000e+00   5.4899186395e+02
   5645.0000000000   9.9772787878e+02   0.0000000000e+00   5.4914697990e+02
   5646.0000000000   9.9799182170e+02   0.0000000000e+00   5.4929607510e+02
   5647.0000000000   9.9825436872e+02   0.0000000000e+00   5.4945358018e+02
   5648.0000000000   9.9852614710e+02   0.0000000000e+00   5.4961429239e+02
   5649.0000000000   9.9879096843e+02   0.0000000000e+00   5.4976779065e+02
   5650.0000000000   9.9905399725e+02   0.0000000000e+00   5.4991936222e+02
   5651.0000000000   9.9932611334e+02   0.0000000000e+00   5.5007937176e+02
   5652.0000000000   9.9959119950e+02   0.0000000000e+00   5.5023278238e+02
   5653.0000000000   9.9986476810e+02   0.0000000000e+00   5.5038450531e+02
   5654.0000000000   1.0001413493e+03   0.0000000000e+00   5.5053510372e+02
   5655.0000000000   1.0004098844e+03   0.0000000000e+00   5.5068483119e+02
   5656.0000000000   1.0006966896e+03   0.0000000000e+00   5.5084351230e+02
   5657.0000000000   1.0009698014e+03   0.0000000000e+00   5.5099590049e+02
   5658.0000000000   1.0012396729e+03   0.0000000000e+00   5.5114680219e+02
   5659.0000000000   1.0015074701e+03   0.0000000000e+00   5.5129672069e+02
   5660.0000000000   1.0017840208e+03   0.0000000000e+00   5.5144587228e+02
   5661.0000000000   1.0020532498e+03   0.0000000000e+00   5.5159438034e+02
   5662.0000000000   1.0023307139e+03   0.0000000000e+00   5.5174232612e+02
   5663.0000000000   1.0026109801e+03   0.0000000000e+00   5.5188976798e+02
   5664.0000000000   1.0028933381e+03   0.0000000000e+00   5.5204642682e+02
   5665.0000000000   1.0031671258e+03   0.0000000000e+00   5.5219699287e+02
   5666.0000000000   1.0034381768e+03   0.0000000000e+00   5.5236558370e+02
   5667.0000000000   1.0037073390e+03   0.0000000000e+00   5.5252198327e+02
   5668.0000000000   1.0039750178e+03   0.0000000000e+00   5.5267585781e+02
   5669.0000000000   1.0042517756e+03   0.0000000000e+00   5.5284756709e+02
   5670.0000000000   1.0045214124e+03   0.0000000000e+00   5.5301651479e+02
   5671.0000000000   1.0047890977e+03   0.0000000000e+00   5.5317705452e+02
   5672.0000000000   1.0050554019e+03   0.0000000000e+00   5.5333496412e+02
   5673.0000000000   1.0053205826e+03   0.0000000000e+00   5.5349113952e+02
   5674.0000000000   1.0055951127e+03   0.0000000000e+00   5.5364600485e+02
   5675.0000000000   1.0058627335e+03   0.0000000000e+00   5.5379980987e+02
   5676.0000000000   1.0061285734e+03   0.0000000000e+00   5.5395271967e+02
   5677.0000000000   1.0064034920e+03   0.0000000000e+00   5.5410485161e+02
   5678.0000000000   1.0066713608e+03   0.0000000000e+00   5.5425629345e+02
   5679.0000000000   1.0069373665e+03   0.0000000000e+00   5.5440711339e+02
   5680.0000000000   1.0072123993e+03   0.0000000000e+00   5.5455736594e+02
   5681.0000000000   1.0074803483e+03   0.0000000000e+00   5.5471677227e+02
   5682.0000000000   1.0077464109e+03   0.0000000000e+00   5.5487002466e+02
   5683.0000000000   1.0080214847e+03   0.0000000000e+00   5.5502189045e+02
   5684.0000000000   1.0082997823e+03   0.0000000000e+00   5.5517284656e+02
   5685.0000000000   1.0085804598e+03   0.0000000000e+00   5.5532309075e+02
   5686.0000000000   1.0088527842e+03   0.0000000000e+00   5.5548240955e+02
   5687.0000000000   1.0091225447e+03   0.0000000000e+00   5.5563552939e+02
   5688.0000000000   1.0094008778e+03   0.0000000000e+00   5.5578723691e+02
   5689.0000000000   1.0096718024e+03   0.0000000000e+00   5.5593802061e+02
   5690.0000000000   1.0099405948e+03   0.0000000000e+00   5.5608808540e+02
   5691.0000000000   1.0102078853e+03   0.0000000000e+00   5.5623754584e+02
   5692.0000000000   1.0104739677e+03   0.0000000000e+00   5.5638647620e+02
   5693.0000000000   1.0107390191e+03   0.0000000000e+00   5.5653492926e+02
   5694.0000000000   1.0110031606e+03   0.0000000000e+00   5.5669262142e+02
   5695.0000000000   1.0112768001e+03   0.0000000000e+00   5.5684423921e+02
   5696.0000000000   1.0115436427e+03   0.0000000000e+00   5.5699454409e+02
   5697.0000000000   1.0118087938e+03   0.0000000000e+00   5.5714400737e+02
   5698.0000000000   1.0120727785e+03   0.0000000000e+00   5.5731217466e+02
   5699.0000000000   1.0123358209e+03   0.0000000000e+00   5.5746846134e+02
   5700.0000000000   1.0125980489e+03   0.0000000000e+00   5.5762240603e+02
   5701.0000000000   1.0128698664e+03   0.0000000000e+00   5.5777495535e+02
   5702.0000000000   1.0131349715e+03   0.0000000000e+00   5.5793616944e+02
   5703.0000000000   1.0133984619e+03   0.0000000000e+00   5.5810058615e+02
   5704.0000000000   1.0136608557e+03   0.0000000000e+00   5.5825772482e+02
   5705.0000000000   1.0139326896e+03   0.0000000000e+00   5.5841285883e+02
   5706.0000000000   1.0142080412e+03   0.0000000000e+00   5.5856667614e+02
   5707.0000000000   1.0144859958e+03   0.0000000000e+00   5.5871948903e+02
   5708.0000000000   1.0147660960e+03   0.0000000000e+00   5.5887147835e+02
   5709.0000000000   1.0150377375e+03   0.0000000000e+00   5.5902276296e+02
   5710.0000000000   1.0153067664e+03   0.0000000000e+00   5.5917342734e+02
   5711.0000000000   1.0155740287e+03   0.0000000000e+00   5.5932353487e+02
   5712.0000000000   1.0158399234e+03   0.0000000000e+00   5.5947313502e+02
   5713.0000000000   1.0161046860e+03   0.0000000000e+00   5.5962226755e+02
   5714.0000000000   1.0163787914e+03   0.0000000000e+00   5.5977096522e+02
   5715.0000000000   1.0166666256e+03   0.0000000000e+00   5.5991925553e+02
   5716.0000000000   1.0169405948e+03   0.0000000000e+00   5.6006716191e+02
   5717.0000000000   1.0172216638e+03   0.0000000000e+00   5.6021470465e+02
   5718.0000000000   1.0174946667e+03   0.0000000000e+00   5.6036190145e+02
   5719.0000000000   1.0177651643e+03   0.0000000000e+00   5.6050876795e+02
   5720.0000000000   1.0180339197e+03   0.0000000000e+00   5.6066499462e+02
   5721.0000000000   1.0183013001e+03   0.0000000000e+00   5.6081524903e+02
   5722.0000000000   1.0185675272e+03   0.0000000000e+00   5.6096427823e+02
   5723.0000000000   1.0188327509e+03   0.0000000000e+00   5.6111254233e+02
   5724.0000000000   1.0190970805e+03   0.0000000000e+00   5.6126022491e+02
   5725.0000000000   1.0193709183e+03   0.0000000000e+00   5.6140742393e+02
   5726.0000000000   1.0196379662e+03   0.0000000000e+00   5.6155420036e+02
   5727.0000000000   1.0199136475e+03   0.0000000000e+00   5.6170059611e+02
   5728.0000000000   1.0201821224e+03   0.0000000000e+00   5.6184664200e+02
   5729.0000000000   1.0204589838e+03   0.0000000000e+00   5.6199236183e+02
   5730.0000000000   1.0207284755e+03   0.0000000000e+00   5.6213777471e+02
   5731.0000000000   1.0210062372e+03   0.0000000000e+00   5.6228289645e+02
   5732.0000000000   1.0212765420e+03   0.0000000000e+00   5.6242774038e+02
   5733.0000000000   1.0215550490e+03   0.0000000000e+00   5.6257231802e+02
   5734.0000000000   1.0218260448e+03   0.0000000000e+00   5.6271663943e+02
   5735.0000000000   1.0221051985e+03   0.0000000000e+00   5.6287039007e+02
   5736.0000000000   1.0223871228e+03   0.0000000000e+00   5.6301823300e+02
   5737.0000000000   1.0226608096e+03   0.0000000000e+00   5.6316491122e+02
   5738.0000000000   1.0229319712e+03   0.0000000000e+00   5.6331088115e+02
   5739.0000000000   1.0232013961e+03   0.0000000000e+00   5.6346599960e+02
   5740.0000000000   1.0234694553e+03   0.0000000000e+00   5.6361501655e+02
   5741.0000000000   1.0237363697e+03   0.0000000000e+00   5.6376272603e+02
   5742.0000000000   1.0240022874e+03   0.0000000000e+00   5.6390961724e+02
   5743.0000000000   1.0242776351e+03   0.0000000000e+00   5.6405589293e+02
   5744.0000000000   1.0245564497e+03   0.0000000000e+00   5.6420166415e+02
   5745.0000000000   1.0248378016e+03   0.0000000000e+00   5.6434700112e+02
   5746.0000000000   1.0251109095e+03   0.0000000000e+00   5.6449195241e+02
   5747.0000000000   1.0253918522e+03   0.0000000000e+00   5.6463655372e+02
   5748.0000000000   1.0256650638e+03   0.0000000000e+00   5.6478083248e+02
   5749.0000000000   1.0259359643e+03   0.0000000000e+00   5.6492481051e+02
   5750.0000000000   1.0262052500e+03   0.0000000000e+00   5.6507818219e+02
   5751.0000000000   1.0264732503e+03   0.0000000000e+00   5.6523529401e+02
   5752.0000000000   1.0267401634e+03   0.0000000000e+00   5.6538554948e+02
   5753.0000000000   1.0270061239e+03   0.0000000000e+00   5.6553414517e+02
   5754.0000000000   1.0272815489e+03   0.0000000000e+00   5.6570106779e+02
   5755.0000000000   1.0275811072e+03   0.0000000000e+00   5.6585589952e+02
   5756.0000000000   1.0278814554e+03   0.0000000000e+00   5.6600826192e+02
   5757.0000000000   1.0281655454e+03   0.0000000000e+00   5.6616882567e+02
   5758.0000000000   1.0284451435e+03   0.0000000000e+00   5.6632265905e+02
   5759.0000000000   1.0287218968e+03   0.0000000000e+00   5.6647472371e+02
   5760.0000000000   1.0289965495e+03   0.0000000000e+00   5.6663528803e+02
   5761.0000000000   1.0292695252e+03   0.0000000000e+00   5.6678927868e+02
   5762.0000000000   1.0295410965e+03   0.0000000000e+00   5.6694159167e+02
   5763.0000000000   1.0298114535e+03   0.0000000000e+00   5.6709278375e+02
   5764.0000000000   1.0300807360e+03   0.0000000000e+00   5.6724310605e+02
   5765.0000000000   1.0303490512e+03   0.0000000000e+00   5.6739270602e+02
   5766.0000000000   1.0306268032e+03   0.0000000000e+00   5.6754168231e+02
   5767.0000000000   1.0308976971e+03   0.0000000000e+00   5.6769010626e+02
   5768.0000000000   1.0311668404e+03   0.0000000000e+00   5.6783803215e+02
   5769.0000000000   1.0314450801e+03   0.0000000000e+00   5.6799517943e+02
   5770.0000000000   1.0317162794e+03   0.0000000000e+00   5.6814623801e+02
   5771.0000000000   1.0319856196e+03   0.0000000000e+00   5.6829597261e+02
   5772.0000000000   1.0322536683e+03   0.0000000000e+00   5.6844485751e+02
   5773.0000000000   1.0325206759e+03   0.0000000000e+00   5.6859308790e+02
   5774.0000000000   1.0327867879e+03   0.0000000000e+00   5.6874077129e+02
   5775.0000000000   1.0330624207e+03   0.0000000000e+00   5.6888797670e+02
   5776.0000000000   1.0333416004e+03   0.0000000000e+00   5.6904442935e+02
   5777.0000000000   1.0336233873e+03   0.0000000000e+00   5.6919482087e+02
   5778.0000000000   1.0338969911e+03   0.0000000000e+00   5.6935359238e+02
   5779.0000000000   1.0341681641e+03   0.0000000000e+00   5.6950587215e+02
   5780.0000000000   1.0344583360e+03   0.0000000000e+00   5.6965658975e+02
   5781.0000000000   1.0347351430e+03   0.0000000000e+00   5.6981597751e+02
   5782.0000000000   1.0350088978e+03   0.0000000000e+00   5.6997860872e+02
   5783.0000000000   1.0352910182e+03   0.0000000000e+00   5.7013401077e+02
   5784.0000000000   1.0355759307e+03   0.0000000000e+00   5.7029713410e+02
   5785.0000000000   1.0358525870e+03   0.0000000000e+00   5.7045331988e+02
   5786.0000000000   1.0361370080e+03   0.0000000000e+00   5.7060761373e+02
   5787.0000000000   1.0364136164e+03   0.0000000000e+00   5.7076064383e+02
   5788.0000000000   1.0366878341e+03   0.0000000000e+00   5.7091270088e+02
   5789.0000000000   1.0369706823e+03   0.0000000000e+00   5.7106395655e+02
   5790.0000000000   1.0372461329e+03   0.0000000000e+00   5.7121452532e+02
   5791.0000000000   1.0375297598e+03   0.0000000000e+00   5.7136448946e+02
   5792.0000000000   1.0378058187e+03   0.0000000000e+00   5.7151391117e+02
   5793.0000000000   1.0380899680e+03   0.0000000000e+00   5.7166283923e+02
   5794.0000000000   1.0383768175e+03   0.0000000000e+00   5.7182098958e+02
   5795.0000000000   1.0386553597e+03   0.0000000000e+00   5.7197304977e+02
   5796.0000000000   1.0389519472e+03   0.0000000000e+00   5.7212378294e+02
   5797.0000000000   1.0392346439e+03   0.0000000000e+00   5.7227366225e+02
   5798.0000000000   1.0395139242e+03   0.0000000000e+00   5.7242288209e+02
   5799.0000000000   1.0397909717e+03   0.0000000000e+00   5.7257154945e+02
   5800.0000000000   1.0400663093e+03   0.0000000000e+00   5.7271973294e+02
   5801.0000000000   1.0403505570e+03   0.0000000000e+00   5.7287715752e+02
   5802.0000000000   1.0406275486e+03   0.0000000000e+00   5.7303819120e+02
   5803.0000000000   1.0409024755e+03   0.0000000000e+00   5.7320193005e+02
   5804.0000000000   1.0411759236e+03   0.0000000000e+00   5.7335823811e+02
   5805.0000000000   1.0414584812e+03   0.0000000000e+00   5.7351249477e+02
   5806.0000000000   1.0417442660e+03   0.0000000000e+00   5.7366543007e+02
   5807.0000000000   1.0420220768e+03   0.0000000000e+00   5.7381737512e+02
   5808.0000000000   1.0423078465e+03   0.0000000000e+00   5.7396851957e+02
   5809.0000000000   1.0425859425e+03   0.0000000000e+00   5.7411898634e+02
   5810.0000000000   1.0428617498e+03   0.0000000000e+00   5.7426886157e+02
   5811.0000000000   1.0431359446e+03   0.0000000000e+00   5.7441820905e+02
   5812.0000000000   1.0434088444e+03   0.0000000000e+00   5.7457675450e+02
   5813.0000000000   1.0436806397e+03   0.0000000000e+00   5.7473886871e+02
   5814.0000000000   1.0439514602e+03   0.0000000000e+00   5.7489397448e+02
   5815.0000000000   1.0442214011e+03   0.0000000000e+00   5.7504728408e+02
   5816.0000000000   1.0445008547e+03   0.0000000000e+00   5.7519944413e+02
   5817.0000000000   1.0447735161e+03   0.0000000000e+00   5.7535073762e+02
   5818.0000000000   1.0450444839e+03   0.0000000000e+00   5.7550132383e+02
   5819.0000000000   1.0453142785e+03   0.0000000000e+00   5.7565130525e+02
   5820.0000000000   1.0455831205e+03   0.0000000000e+00   5.7580075363e+02
   5821.0000000000   1.0458511355e+03   0.0000000000e+00   5.7594972220e+02
   5822.0000000000   1.0461184068e+03   0.0000000000e+00   5.7609825225e+02
   5823.0000000000   1.0463849947e+03   0.0000000000e+00   5.7624637680e+02
   5824.0000000000   1.0466509461e+03   0.0000000000e+00   5.7639412299e+02
   5825.0000000000   1.0469162988e+03   0.0000000000e+00   5.7654151357e+02
   5826.0000000000   1.0471810839e+03   0.0000000000e+00   5.7668856796e+02
   5827.0000000000   1.0474556475e+03   0.0000000000e+00   5.7683530294e+02
   5828.0000000000   1.0477339678e+03   0.0000000000e+00   5.7698173319e+02
   5829.0000000000   1.0480047518e+03   0.0000000000e+00   5.7712787172e+02
   5830.0000000000   1.0482735475e+03   0.0000000000e+00   5.7727373011e+02
   5831.0000000000   1.0485410369e+03   0.0000000000e+00   5.7742899532e+02
   5832.0000000000   1.0488281541e+03   0.0000000000e+00   5.7757833184e+02
   5833.0000000000   1.0491023366e+03   0.0000000000e+00   5.7773616059e+02
   5834.0000000000   1.0493737911e+03   0.0000000000e+00   5.7788759433e+02
   5835.0000000000   1.0496538699e+03   0.0000000000e+00   5.7805690342e+02
   5836.0000000000   1.0499266358e+03   0.0000000000e+00   5.7821394385e+02
   5837.0000000000   1.0502076912e+03   0.0000000000e+00   5.7836842074e+02
   5838.0000000000   1.0504812995e+03   0.0000000000e+00   5.7852136348e+02
   5839.0000000000   1.0507527989e+03   0.0000000000e+00   5.7868287955e+02
   5840.0000000000   1.0510228394e+03   0.0000000000e+00   5.7883785987e+02
   5841.0000000000   1.0512917214e+03   0.0000000000e+00   5.7899118833e+02
   5842.0000000000   1.0515699422e+03   0.0000000000e+00   5.7914341614e+02
   5843.0000000000   1.0518412577e+03   0.0000000000e+00   5.7929479113e+02
   5844.0000000000   1.0521108055e+03   0.0000000000e+00   5.7944545847e+02
   5845.0000000000   1.0523791316e+03   0.0000000000e+00   5.7959551500e+02
   5846.0000000000   1.0526464747e+03   0.0000000000e+00   5.7974503055e+02
   5847.0000000000   1.0529232922e+03   0.0000000000e+00   5.7989405813e+02
   5848.0000000000   1.0531933127e+03   0.0000000000e+00   5.8004263952e+02
   5849.0000000000   1.0534616540e+03   0.0000000000e+00   5.8020048512e+02
   5850.0000000000   1.0537288475e+03   0.0000000000e+00   5.8036195460e+02
   5851.0000000000   1.0539951208e+03   0.0000000000e+00   5.8052613904e+02
   5852.0000000000   1.0542709226e+03   0.0000000000e+00   5.8069257595e+02
   5853.0000000000   1.0545399745e+03   0.0000000000e+00   5.8086097438e+02
   5854.0000000000   1.0548177077e+03   0.0000000000e+00   5.8102145404e+02
   5855.0000000000   1.0550882854e+03   0.0000000000e+00   5.8117953086e+02
   5856.0000000000   1.0553569813e+03   0.0000000000e+00   5.8134569463e+02
   5857.0000000000   1.0556347207e+03   0.0000000000e+00   5.8150498661e+02
   5858.0000000000   1.0559054084e+03   0.0000000000e+00   5.8166237098e+02
   5859.0000000000   1.0561742493e+03   0.0000000000e+00   5.8181844891e+02
   5860.0000000000   1.0564521441e+03   0.0000000000e+00   5.8197350237e+02
   5861.0000000000   1.0567333068e+03   0.0000000000e+00   5.8212770135e+02
   5862.0000000000   1.0570168934e+03   0.0000000000e+00   5.8228116155e+02
   5863.0000000000   1.0572921700e+03   0.0000000000e+00   5.8243396764e+02
   5864.0000000000   1.0575752438e+03   0.0000000000e+00   5.8258618458e+02
   5865.0000000000   1.0578505670e+03   0.0000000000e+00   5.8273786401e+02
   5866.0000000000   1.0581338903e+03   0.0000000000e+00   5.8288904806e+02
   5867.0000000000   1.0584301924e+03   0.0000000000e+00   5.8304944834e+02
   5868.0000000000   1.0587121305e+03   0.0000000000e+00   5.8320374962e+02
   5869.0000000000   1.0589904869e+03   0.0000000000e+00   5.8336638975e+02
   5870.0000000000   1.0592665438e+03   0.0000000000e+00   5.8352249578e+02
   5871.0000000000   1.0595408680e+03   0.0000000000e+00   5.8367699720e+02
   5872.0000000000   1.0598137831e+03   0.0000000000e+00   5.8383045044e+02
   5873.0000000000   1.0600854999e+03   0.0000000000e+00   5.8398309816e+02
   5874.0000000000   1.0603561673e+03   0.0000000000e+00   5.8413507810e+02
   5875.0000000000   1.0606258962e+03   0.0000000000e+00   5.8428647983e+02
   5876.0000000000   1.0608947729e+03   0.0000000000e+00   5.8443736674e+02
   5877.0000000000   1.0611731856e+03   0.0000000000e+00   5.8458778638e+02
   5878.0000000000   1.0614448272e+03   0.0000000000e+00   5.8473777598e+02
   5879.0000000000   1.0617147954e+03   0.0000000000e+00   5.8489704215e+02
   5880.0000000000   1.0619836101e+03   0.0000000000e+00   5.8505026489e+02
   5881.0000000000   1.0622514919e+03   0.0000000000e+00   5.8520220106e+02
   5882.0000000000   1.0625288856e+03   0.0000000000e+00   5.8535331862e+02
   5883.0000000000   1.0627995104e+03   0.0000000000e+00   5.8550380760e+02
   5884.0000000000   1.0630684772e+03   0.0000000000e+00   5.8565377126e+02
   5885.0000000000   1.0633363125e+03   0.0000000000e+00   5.8580327505e+02
   5886.0000000000   1.0636032397e+03   0.0000000000e+00   5.8596204120e+02
   5887.0000000000   1.0639003428e+03   0.0000000000e+00   5.8611475884e+02
   5888.0000000000   1.0641786135e+03   0.0000000000e+00   5.8626619036e+02
   5889.0000000000   1.0644532625e+03   0.0000000000e+00   5.8641680717e+02
   5890.0000000000   1.0647257749e+03   0.0000000000e+00   5.8657647798e+02
   5891.0000000000   1.0649967447e+03   0.0000000000e+00   5.8672996244e+02
   5892.0000000000   1.0652664881e+03   0.0000000000e+00   5.8689173916e+02
   5893.0000000000   1.0655352004e+03   0.0000000000e+00   5.8704695920e+02
   5894.0000000000   1.0658030144e+03   0.0000000000e+00   5.8720056685e+02
   5895.0000000000   1.0660700261e+03   0.0000000000e+00   5.8735312802e+02
   5896.0000000000   1.0663466276e+03   0.0000000000e+00   5.8750489152e+02
   5897.0000000000   1.0666165125e+03   0.0000000000e+00   5.8765599911e+02
   5898.0000000000   1.0668950967e+03   0.0000000000e+00   5.8780654296e+02
   5899.0000000000   1.0671768537e+03   0.0000000000e+00   5.8795658814e+02
   5900.0000000000   1.0674610075e+03   0.0000000000e+00   5.8810618320e+02
   5901.0000000000   1.0677471664e+03   0.0000000000e+00   5.8825536592e+02
   5902.0000000000   1.0680350823e+03   0.0000000000e+00   5.8843319623e+02
   5903.0000000000   1.0683142607e+03   0.0000000000e+00   5.8859366428e+02
   5904.0000000000   1.0685906139e+03   0.0000000000e+00   5.8875099837e+02
   5905.0000000000   1.0688650317e+03   0.0000000000e+00   5.8890656590e+02
   5906.0000000000   1.0691379438e+03   0.0000000000e+00   5.8906090504e+02
   5907.0000000000   1.0694096080e+03   0.0000000000e+00   5.8921429739e+02
   5908.0000000000   1.0696905165e+03   0.0000000000e+00   5.8937659070e+02
   5909.0000000000   1.0699747495e+03   0.0000000000e+00   5.8953255446e+02
   5910.0000000000   1.0702510878e+03   0.0000000000e+00   5.8968700612e+02
   5911.0000000000   1.0705251356e+03   0.0000000000e+00   5.8984045667e+02
   5912.0000000000   1.0708079374e+03   0.0000000000e+00   5.9000280441e+02
   5913.0000000000   1.0710834599e+03   0.0000000000e+00   5.9015883175e+02
   5914.0000000000   1.0713569468e+03   0.0000000000e+00   5.9031335871e+02
   5915.0000000000   1.0716393259e+03   0.0000000000e+00   5.9046689570e+02
   5916.0000000000   1.0719248315e+03   0.0000000000e+00   5.9061966302e+02
   5917.0000000000   1.0722023163e+03   0.0000000000e+00   5.9077178649e+02
   5918.0000000000   1.0724877425e+03   0.0000000000e+00   5.9092334891e+02
   5919.0000000000   1.0727654947e+03   0.0000000000e+00   5.9107440963e+02
   5920.0000000000   1.0730409686e+03   0.0000000000e+00   5.9123469025e+02
   5921.0000000000   1.0733148471e+03   0.0000000000e+00   5.9138888146e+02
   5922.0000000000   1.0735874522e+03   0.0000000000e+00   5.9155142462e+02
   5923.0000000000   1.0738589773e+03   0.0000000000e+00   5.9171712539e+02
   5924.0000000000   1.0741295540e+03   0.0000000000e+00   5.9188524598e+02
   5925.0000000000   1.0743992785e+03   0.0000000000e+00   5.9204573420e+02
   5926.0000000000   1.0746682249e+03   0.0000000000e+00   5.9220401852e+02
   5927.0000000000   1.0749467714e+03   0.0000000000e+00   5.9236086066e+02
   5928.0000000000   1.0752392408e+03   0.0000000000e+00   5.9251661351e+02
   5929.0000000000   1.0755283152e+03   0.0000000000e+00   5.9267148253e+02
   5930.0000000000   1.0758082456e+03   0.0000000000e+00   5.9282560252e+02
   5931.0000000000   1.0760852574e+03   0.0000000000e+00   5.9297906881e+02
   5932.0000000000   1.0763706427e+03   0.0000000000e+00   5.9313195252e+02
   5933.0000000000   1.0766484937e+03   0.0000000000e+00   5.9328430875e+02
   5934.0000000000   1.0769241266e+03   0.0000000000e+00   5.9343618155e+02
   5935.0000000000   1.0771981959e+03   0.0000000000e+00   5.9359728348e+02
   5936.0000000000   1.0774813300e+03   0.0000000000e+00   5.9375229970e+02
   5937.0000000000   1.0777573525e+03   0.0000000000e+00   5.9390599151e+02
   5938.0000000000   1.0780520803e+03   0.0000000000e+00   5.9405883066e+02
   5939.0000000000   1.0783333598e+03   0.0000000000e+00   5.9421101050e+02
   5940.0000000000   1.0786115502e+03   0.0000000000e+00   5.9436263713e+02
   5941.0000000000   1.0788877644e+03   0.0000000000e+00   5.9451377852e+02
   5942.0000000000   1.0791624785e+03   0.0000000000e+00   5.9466448251e+02
   5943.0000000000   1.0794359602e+03   0.0000000000e+00   5.9481478509e+02
   5944.0000000000   1.0797083825e+03   0.0000000000e+00   5.9496471455e+02
   5945.0000000000   1.0799798674e+03   0.0000000000e+00   5.9511429393e+02
   5946.0000000000   1.0802608251e+03   0.0000000000e+00   5.9526354248e+02
   5947.0000000000   1.0805452821e+03   0.0000000000e+00   5.9542215318e+02
   5948.0000000000   1.0808426201e+03   0.0000000000e+00   5.9558447187e+02
   5949.0000000000   1.0811256888e+03   0.0000000000e+00   5.9574957847e+02
   5950.0000000000   1.0814052939e+03   0.0000000000e+00   5.9590732480e+02
   5951.0000000000   1.0816827100e+03   0.0000000000e+00   5.9606308071e+02
   5952.0000000000   1.0819584903e+03   0.0000000000e+00   5.9621756866e+02
   5953.0000000000   1.0822329447e+03   0.0000000000e+00   5.9637111352e+02
   5954.0000000000   1.0825062719e+03   0.0000000000e+00   5.9652389983e+02
   5955.0000000000   1.0827786104e+03   0.0000000000e+00   5.9667604619e+02
   5956.0000000000   1.0830500628e+03   0.0000000000e+00   5.9682763506e+02
   5957.0000000000   1.0833310270e+03   0.0000000000e+00   5.9697872710e+02
   5958.0000000000   1.0836155215e+03   0.0000000000e+00   5.9712936877e+02
   5959.0000000000   1.0839129223e+03   0.0000000000e+00   5.9728927337e+02
   5960.0000000000   1.0841960747e+03   0.0000000000e+00   5.9745280239e+02
   5961.0000000000   1.0844757816e+03   0.0000000000e+00   5.9760937144e+02
   5962.0000000000   1.0847533149e+03   0.0000000000e+00   5.9777386362e+02
   5963.0000000000   1.0850292259e+03   0.0000000000e+00   5.9793157597e+02
   5964.0000000000   1.0853141419e+03   0.0000000000e+00   5.9808752343e+02
   5965.0000000000   1.0855918964e+03   0.0000000000e+00   5.9824231190e+02
   5966.0000000000   1.0858676773e+03   0.0000000000e+00   5.9839621535e+02
   5967.0000000000   1.0861420656e+03   0.0000000000e+00   5.9854939252e+02
   5968.0000000000   1.0864256445e+03   0.0000000000e+00   5.9871162422e+02
   5969.0000000000   1.0867125268e+03   0.0000000000e+00   5.9888699264e+02
   5970.0000000000   1.0869915066e+03   0.0000000000e+00   5.9904959920e+02
   5971.0000000000   1.0872681932e+03   0.0000000000e+00   5.9920940852e+02
   5972.0000000000   1.0875433140e+03   0.0000000000e+00   5.9936752924e+02
   5973.0000000000   1.0878171998e+03   0.0000000000e+00   5.9952442772e+02
   5974.0000000000   1.0880900440e+03   0.0000000000e+00   5.9968035969e+02
   5975.0000000000   1.0883722939e+03   0.0000000000e+00   5.9984516281e+02
   5976.0000000000   1.0886476781e+03   0.0000000000e+00   6.0000360294e+02
   5977.0000000000   1.0889213176e+03   0.0000000000e+00   6.0016049678e+02
   5978.0000000000   1.0891937476e+03   0.0000000000e+00   6.0031635592e+02
   5979.0000000000   1.0894858379e+03   0.0000000000e+00   6.0047140334e+02
   5980.0000000000   1.0897649940e+03   0.0000000000e+00   6.0062576787e+02
   5981.0000000000   1.0900414055e+03   0.0000000000e+00   6.0077953531e+02
   5982.0000000000   1.0903264158e+03   0.0000000000e+00   6.0093276778e+02
   5983.0000000000   1.0906040828e+03   0.0000000000e+00   6.0108551287e+02
   5984.0000000000   1.0908796877e+03   0.0000000000e+00   6.0124748498e+02
   5985.0000000000   1.0911538570e+03   0.0000000000e+00   6.0140337024e+02
   5986.0000000000   1.0914268785e+03   0.0000000000e+00   6.0155793047e+02
   5987.0000000000   1.0917092425e+03   0.0000000000e+00   6.0171163769e+02
   5988.0000000000   1.0919847004e+03   0.0000000000e+00   6.0187436190e+02
   5989.0000000000   1.0922687055e+03   0.0000000000e+00   6.0203086433e+02
   5990.0000000000   1.0925454384e+03   0.0000000000e+00   6.0218594874e+02
   5991.0000000000   1.0928305055e+03   0.0000000000e+00   6.0234011281e+02
   5992.0000000000   1.0931081600e+03   0.0000000000e+00   6.0249356674e+02
   5993.0000000000   1.0933837301e+03   0.0000000000e+00   6.0264642816e+02
   5994.0000000000   1.0936578577e+03   0.0000000000e+00   6.0280844970e+02
   5995.0000000000   1.0939514751e+03   0.0000000000e+00   6.0297401680e+02
   5996.0000000000   1.0942320284e+03   0.0000000000e+00   6.0313256075e+02
   5997.0000000000   1.0945097345e+03   0.0000000000e+00   6.0328929889e+02
   5998.0000000000   1.0947856375e+03   0.0000000000e+00   6.0344488101e+02
   5999.0000000000   1.0950704929e+03   0.0000000000e+00   6.0360926862e+02
   6000.0000000000   1.0953584978e+03   0.0000000000e+00   6.0376727733e+02
   6001.0000000000   1.0956488130e+03   0.0000000000e+00   6.0392374622e+02
   6002.0000000000   1.0959307137e+03   0.0000000000e+00   6.0408887394e+02
   6003.0000000000   1.0962203160e+03   0.0000000000e+00   6.0425721989e+02
   6004.0000000000   1.0965123992e+03   0.0000000000e+00   6.0441830576e+02
   6005.0000000000   1.0968063574e+03   0.0000000000e+00   6.0457740340e+02
   6006.0000000000   1.0970915875e+03   0.0000000000e+00   6.0473519865e+02
   6007.0000000000   1.0973739599e+03   0.0000000000e+00   6.0489200192e+02
   6008.0000000000   1.0976543468e+03   0.0000000000e+00   6.0505766906e+02
   6009.0000000000   1.0979434897e+03   0.0000000000e+00   6.0521697276e+02
   6010.0000000000   1.0982252802e+03   0.0000000000e+00   6.0537473234e+02
   6011.0000000000   1.0985049421e+03   0.0000000000e+00   6.0553146027e+02
   6012.0000000000   1.0987934001e+03   0.0000000000e+00   6.0568737962e+02
   6013.0000000000   1.0990745729e+03   0.0000000000e+00   6.0584261904e+02
   6014.0000000000   1.0993640013e+03   0.0000000000e+00   6.0599726396e+02
   6015.0000000000   1.0996459199e+03   0.0000000000e+00   6.0615137612e+02
   6016.0000000000   1.0999359727e+03   0.0000000000e+00   6.0630500271e+02
   6017.0000000000   1.1002184400e+03   0.0000000000e+00   6.0645818125e+02
   6018.0000000000   1.1005089900e+03   0.0000000000e+00   6.0661094244e+02
   6019.0000000000   1.1008022364e+03   0.0000000000e+00   6.0676331201e+02
   6020.0000000000   1.1010871735e+03   0.0000000000e+00   6.0692498841e+02
   6021.0000000000   1.1013798351e+03   0.0000000000e+00   6.0708064567e+02
   6022.0000000000   1.1016646493e+03   0.0000000000e+00   6.0724471273e+02
   6023.0000000000   1.1019470399e+03   0.0000000000e+00   6.0740230917e+02
   6024.0000000000   1.1022277105e+03   0.0000000000e+00   6.0755835813e+02
   6025.0000000000   1.1025173171e+03   0.0000000000e+00   6.0771341060e+02
   6026.0000000000   1.1027997012e+03   0.0000000000e+00   6.0786770455e+02
   6027.0000000000   1.1030800539e+03   0.0000000000e+00   6.0802137362e+02
   6028.0000000000   1.1033589590e+03   0.0000000000e+00   6.0817450379e+02
   6029.0000000000   1.1036366828e+03   0.0000000000e+00   6.0832715530e+02
   6030.0000000000   1.1039237041e+03   0.0000000000e+00   6.0847937289e+02
   6031.0000000000   1.1042037690e+03   0.0000000000e+00   6.0863119128e+02
   6032.0000000000   1.1044820091e+03   0.0000000000e+00   6.0879231487e+02
   6033.0000000000   1.1047589681e+03   0.0000000000e+00   6.0894742163e+02
   6034.0000000000   1.1050348836e+03   0.0000000000e+00   6.0910126662e+02
   6035.0000000000   1.1053098939e+03   0.0000000000e+00   6.0926399272e+02
   6036.0000000000   1.1055840923e+03   0.0000000000e+00   6.0942044351e+02
   6037.0000000000   1.1058575475e+03   0.0000000000e+00   6.0957545670e+02
   6038.0000000000   1.1061406318e+03   0.0000000000e+00   6.0973922289e+02
   6039.0000000000   1.1064170245e+03   0.0000000000e+00   6.0989661595e+02
   6040.0000000000   1.1067021310e+03   0.0000000000e+00   6.1005249406e+02
   6041.0000000000   1.1069800978e+03   0.0000000000e+00   6.1020738578e+02
   6042.0000000000   1.1072561875e+03   0.0000000000e+00   6.1036152061e+02
   6043.0000000000   1.1075413176e+03   0.0000000000e+00   6.1051502906e+02
   6044.0000000000   1.1078193874e+03   0.0000000000e+00   6.1067767270e+02
   6045.0000000000   1.1080955979e+03   0.0000000000e+00   6.1083416687e+02
   6046.0000000000   1.1083705279e+03   0.0000000000e+00   6.1098929256e+02
   6047.0000000000   1.1086444340e+03   0.0000000000e+00   6.1114353489e+02
   6048.0000000000   1.1089277843e+03   0.0000000000e+00   6.1131644963e+02
   6049.0000000000   1.1092146331e+03   0.0000000000e+00   6.1147745975e+02
   6050.0000000000   1.1095040575e+03   0.0000000000e+00   6.1163610969e+02
   6051.0000000000   1.1097852782e+03   0.0000000000e+00   6.1179335066e+02
   6052.0000000000   1.1100640546e+03   0.0000000000e+00   6.1194956982e+02
   6053.0000000000   1.1103411830e+03   0.0000000000e+00   6.1210497627e+02
   6054.0000000000   1.1106170311e+03   0.0000000000e+00   6.1225970079e+02
   6055.0000000000   1.1108918131e+03   0.0000000000e+00   6.1241383300e+02
   6056.0000000000   1.1111759895e+03   0.0000000000e+00   6.1256743828e+02
   6057.0000000000   1.1114636162e+03   0.0000000000e+00   6.1272056656e+02
   6058.0000000000   1.1117434552e+03   0.0000000000e+00   6.1287325728e+02
   6059.0000000000   1.1120210957e+03   0.0000000000e+00   6.1302554246e+02
   6060.0000000000   1.1123075701e+03   0.0000000000e+00   6.1318712522e+02
   6061.0000000000   1.1125868352e+03   0.0000000000e+00   6.1334268306e+02
   6062.0000000000   1.1128744455e+03   0.0000000000e+00   6.1349697103e+02
   6063.0000000000   1.1131546389e+03   0.0000000000e+00   6.1365045567e+02
   6064.0000000000   1.1134327386e+03   0.0000000000e+00   6.1381300243e+02
   6065.0000000000   1.1137197049e+03   0.0000000000e+00   6.1397904527e+02
   6066.0000000000   1.1139994683e+03   0.0000000000e+00   6.1413803972e+02
   6067.0000000000   1.1142875726e+03   0.0000000000e+00   6.1429521646e+02
   6068.0000000000   1.1145682511e+03   0.0000000000e+00   6.1446090958e+02
   6069.0000000000   1.1148571444e+03   0.0000000000e+00   6.1462974040e+02
   6070.0000000000   1.1151488481e+03   0.0000000000e+00   6.1479126328e+02
   6071.0000000000   1.1154323433e+03   0.0000000000e+00   6.1496044560e+02
   6072.0000000000   1.1157133346e+03   0.0000000000e+00   6.1512263994e+02
   6073.0000000000   1.1159926057e+03   0.0000000000e+00   6.1528290003e+02
   6074.0000000000   1.1162911617e+03   0.0000000000e+00   6.1544186006e+02
   6075.0000000000   1.1165764928e+03   0.0000000000e+00   6.1559981534e+02
   6076.0000000000   1.1168588458e+03   0.0000000000e+00   6.1575694112e+02
   6077.0000000000   1.1171496049e+03   0.0000000000e+00   6.1591335480e+02
   6078.0000000000   1.1174431773e+03   0.0000000000e+00   6.1606914098e+02
   6079.0000000000   1.1177285036e+03   0.0000000000e+00   6.1622436382e+02
   6080.0000000000   1.1180215981e+03   0.0000000000e+00   6.1637907374e+02
   6081.0000000000   1.1183171983e+03   0.0000000000e+00   6.1653331150e+02
   6082.0000000000   1.1186043594e+03   0.0000000000e+00   6.1668711081e+02
   6083.0000000000   1.1188888320e+03   0.0000000000e+00   6.1684050002e+02
   6084.0000000000   1.1191817499e+03   0.0000000000e+00   6.1699350335e+02
   6085.0000000000   1.1194774579e+03   0.0000000000e+00   6.1714614176e+02
   6086.0000000000   1.1197751963e+03   0.0000000000e+00   6.1729843355e+02
   6087.0000000000   1.1200642909e+03   0.0000000000e+00   6.1745039489e+02
   6088.0000000000   1.1203505740e+03   0.0000000000e+00   6.1760204017e+02
   6089.0000000000   1.1206348956e+03   0.0000000000e+00   6.1775338228e+02
   6090.0000000000   1.1209279836e+03   0.0000000000e+00   6.1790443283e+02
   6091.0000000000   1.1212240402e+03   0.0000000000e+00   6.1805520238e+02
   6092.0000000000   1.1215119194e+03   0.0000000000e+00   6.1821537708e+02
   6093.0000000000   1.1217972734e+03   0.0000000000e+00   6.1836962080e+02
   6094.0000000000   1.1220808616e+03   0.0000000000e+00   6.1852267746e+02
   6095.0000000000   1.1223630400e+03   0.0000000000e+00   6.1867500436e+02
   6096.0000000000   1.1226440213e+03   0.0000000000e+00   6.1882678270e+02
   6097.0000000000   1.1229239501e+03   0.0000000000e+00   6.1897810828e+02
   6098.0000000000   1.1232029323e+03   0.0000000000e+00   6.1912904020e+02
   6099.0000000000   1.1234810494e+03   0.0000000000e+00   6.1927961866e+02
   6100.0000000000   1.1237583667e+03   0.0000000000e+00   6.1942987296e+02
   6101.0000000000   1.1240452572e+03   0.0000000000e+00   6.1957982555e+02
   6102.0000000000   1.1243254022e+03   0.0000000000e+00   6.1973917084e+02
   6103.0000000000   1.1246038906e+03   0.0000000000e+00   6.1989257856e+02
   6104.0000000000   1.1248812356e+03   0.0000000000e+00   6.2004479683e+02
   6105.0000000000   1.1251576525e+03   0.0000000000e+00   6.2021563914e+02
   6106.0000000000   1.1254332627e+03   0.0000000000e+00   6.2037459906e+02
   6107.0000000000   1.1257081461e+03   0.0000000000e+00   6.2053124568e+02
   6108.0000000000   1.1259926796e+03   0.0000000000e+00   6.2069621556e+02
   6109.0000000000   1.1262808632e+03   0.0000000000e+00   6.2085455335e+02
   6110.0000000000   1.1265717382e+03   0.0000000000e+00   6.2101120354e+02
   6111.0000000000   1.1268648200e+03   0.0000000000e+00   6.2117642160e+02
   6112.0000000000   1.1271494858e+03   0.0000000000e+00   6.2133512421e+02
   6113.0000000000   1.1274315691e+03   0.0000000000e+00   6.2149219946e+02
   6114.0000000000   1.1277119068e+03   0.0000000000e+00   6.2165787425e+02
   6115.0000000000   1.1279908910e+03   0.0000000000e+00   6.2181704952e+02
   6116.0000000000   1.1282687518e+03   0.0000000000e+00   6.2197460417e+02
   6117.0000000000   1.1285456413e+03   0.0000000000e+00   6.2213108303e+02
   6118.0000000000   1.1288216678e+03   0.0000000000e+00   6.2229640508e+02
   6119.0000000000   1.1290969125e+03   0.0000000000e+00   6.2245536638e+02
   6120.0000000000   1.1293714389e+03   0.0000000000e+00   6.2261279641e+02
   6121.0000000000   1.1296556173e+03   0.0000000000e+00   6.2276921241e+02
   6122.0000000000   1.1299331257e+03   0.0000000000e+00   6.2292483982e+02
   6123.0000000000   1.1302193691e+03   0.0000000000e+00   6.2307980838e+02
   6124.0000000000   1.1304984935e+03   0.0000000000e+00   6.2323420393e+02
   6125.0000000000   1.1307757611e+03   0.0000000000e+00   6.2338808827e+02
   6126.0000000000   1.1310517700e+03   0.0000000000e+00   6.2354150840e+02
   6127.0000000000   1.1313267830e+03   0.0000000000e+00   6.2369450153e+02
   6128.0000000000   1.1316112696e+03   0.0000000000e+00   6.2384709800e+02
   6129.0000000000   1.1318992834e+03   0.0000000000e+00   6.2399932307e+02
   6130.0000000000   1.1321795814e+03   0.0000000000e+00   6.2415119821e+02
   6131.0000000000   1.1324680658e+03   0.0000000000e+00   6.2431241846e+02
   6132.0000000000   1.1327593994e+03   0.0000000000e+00   6.2446765502e+02
   6133.0000000000   1.1330529029e+03   0.0000000000e+00   6.2462165788e+02
   6134.0000000000   1.1333379230e+03   0.0000000000e+00   6.2477488954e+02
   6135.0000000000   1.1336202932e+03   0.0000000000e+00   6.2493721210e+02
   6136.0000000000   1.1339008579e+03   0.0000000000e+00   6.2510305674e+02
   6137.0000000000   1.1341800177e+03   0.0000000000e+00   6.2526187669e+02
   6138.0000000000   1.1344580104e+03   0.0000000000e+00   6.2542857717e+02
   6139.0000000000   1.1347556331e+03   0.0000000000e+00   6.2558846912e+02
   6140.0000000000   1.1350402720e+03   0.0000000000e+00   6.2574657657e+02
   6141.0000000000   1.1353324329e+03   0.0000000000e+00   6.2591318816e+02
   6142.0000000000   1.1356167790e+03   0.0000000000e+00   6.2607323724e+02
   6143.0000000000   1.1358987867e+03   0.0000000000e+00   6.2623162145e+02
   6144.0000000000   1.1361791714e+03   0.0000000000e+00   6.2638889715e+02
   6145.0000000000   1.1364582699e+03   0.0000000000e+00   6.2654531431e+02
   6146.0000000000   1.1367362839e+03   0.0000000000e+00   6.2670101899e+02
   6147.0000000000   1.1370133491e+03   0.0000000000e+00   6.2686578498e+02
   6148.0000000000   1.1372895643e+03   0.0000000000e+00   6.2702433735e+02
   6149.0000000000   1.1375650051e+03   0.0000000000e+00   6.2718146499e+02
   6150.0000000000   1.1378397313e+03   0.0000000000e+00   6.2733765959e+02
   6151.0000000000   1.1381344299e+03   0.0000000000e+00   6.2749312928e+02
   6152.0000000000   1.1384164140e+03   0.0000000000e+00   6.2764799155e+02
   6153.0000000000   1.1386958188e+03   0.0000000000e+00   6.2780232318e+02
   6154.0000000000   1.1389736335e+03   0.0000000000e+00   6.2795617909e+02
   6155.0000000000   1.1392502558e+03   0.0000000000e+00   6.2810960093e+02
   6156.0000000000   1.1395258993e+03   0.0000000000e+00   6.2826262164e+02
   6157.0000000000   1.1398006976e+03   0.0000000000e+00   6.2841526810e+02
   6158.0000000000   1.1400747428e+03   0.0000000000e+00   6.2857723932e+02
   6159.0000000000   1.1403584218e+03   0.0000000000e+00   6.2873320949e+02
   6160.0000000000   1.1406354231e+03   0.0000000000e+00   6.2888793093e+02
   6161.0000000000   1.1409108389e+03   0.0000000000e+00   6.2904186795e+02
   6162.0000000000   1.1411955024e+03   0.0000000000e+00   6.2919520758e+02
   6163.0000000000   1.1414732646e+03   0.0000000000e+00   6.2934805060e+02
   6164.0000000000   1.1417492960e+03   0.0000000000e+00   6.2950046037e+02
   6165.0000000000   1.1420241545e+03   0.0000000000e+00   6.2965248075e+02
   6166.0000000000   1.1422980818e+03   0.0000000000e+00   6.2980414424e+02
   6167.0000000000   1.1425712158e+03   0.0000000000e+00   6.2995547608e+02
   6168.0000000000   1.1428436470e+03   0.0000000000e+00   6.3011617313e+02
   6169.0000000000   1.1431154400e+03   0.0000000000e+00   6.3029026039e+02
   6170.0000000000   1.1434072821e+03   0.0000000000e+00   6.3045179806e+02
   6171.0000000000   1.1436864844e+03   0.0000000000e+00   6.3061071986e+02
   6172.0000000000   1.1439734982e+03   0.0000000000e+00   6.3076811048e+02
   6173.0000000000   1.1442529455e+03   0.0000000000e+00   6.3092441728e+02
   6174.0000000000   1.1445405899e+03   0.0000000000e+00   6.3107988057e+02
   6175.0000000000   1.1448207575e+03   0.0000000000e+00   6.3124432534e+02
   6176.0000000000   1.1450988148e+03   0.0000000000e+00   6.3140250681e+02
   6177.0000000000   1.1453754257e+03   0.0000000000e+00   6.3156890924e+02
   6178.0000000000   1.1456508978e+03   0.0000000000e+00   6.3173836813e+02
   6179.0000000000   1.1459254129e+03   0.0000000000e+00   6.3190049068e+02
   6180.0000000000   1.1461990926e+03   0.0000000000e+00   6.3206058559e+02
   6181.0000000000   1.1464823437e+03   0.0000000000e+00   6.3221935766e+02
   6182.0000000000   1.1467691882e+03   0.0000000000e+00   6.3237712812e+02
   6183.0000000000   1.1470483647e+03   0.0000000000e+00   6.3253408301e+02
   6184.0000000000   1.1473254460e+03   0.0000000000e+00   6.3270002087e+02
   6185.0000000000   1.1476011328e+03   0.0000000000e+00   6.3285968323e+02
   6186.0000000000   1.1478757361e+03   0.0000000000e+00   6.3301787052e+02
   6187.0000000000   1.1481494335e+03   0.0000000000e+00   6.3317508287e+02
   6188.0000000000   1.1484223406e+03   0.0000000000e+00   6.3333153480e+02
   6189.0000000000   1.1487151779e+03   0.0000000000e+00   6.3348734873e+02
   6190.0000000000   1.1489952790e+03   0.0000000000e+00   6.3364260539e+02
   6191.0000000000   1.1492727930e+03   0.0000000000e+00   6.3379736289e+02
   6192.0000000000   1.1495590373e+03   0.0000000000e+00   6.3395166548e+02
   6193.0000000000   1.1498380520e+03   0.0000000000e+00   6.3410554829e+02
   6194.0000000000   1.1501151054e+03   0.0000000000e+00   6.3426871658e+02
   6195.0000000000   1.1504011330e+03   0.0000000000e+00   6.3442584946e+02
   6196.0000000000   1.1506903700e+03   0.0000000000e+00   6.3459137974e+02
   6197.0000000000   1.1509716675e+03   0.0000000000e+00   6.3475043002e+02
   6198.0000000000   1.1512506654e+03   0.0000000000e+00   6.3490792583e+02
   6199.0000000000   1.1515281087e+03   0.0000000000e+00   6.3506442008e+02
   6200.0000000000   1.1518146581e+03   0.0000000000e+00   6.3522015231e+02
   6201.0000000000   1.1520941494e+03   0.0000000000e+00   6.3537525743e+02
   6202.0000000000   1.1523820847e+03   0.0000000000e+00   6.3553949903e+02
   6203.0000000000   1.1526626747e+03   0.0000000000e+00   6.3569759328e+02
   6204.0000000000   1.1529412274e+03   0.0000000000e+00   6.3585432147e+02
   6205.0000000000   1.1532183744e+03   0.0000000000e+00   6.3601016880e+02
   6206.0000000000   1.1534944038e+03   0.0000000000e+00   6.3616533785e+02
   6207.0000000000   1.1537694859e+03   0.0000000000e+00   6.3631994137e+02
   6208.0000000000   1.1540437350e+03   0.0000000000e+00   6.3648372860e+02
   6209.0000000000   1.1543172340e+03   0.0000000000e+00   6.3664140600e+02
   6210.0000000000   1.1545900467e+03   0.0000000000e+00   6.3679774795e+02
   6211.0000000000   1.1548622237e+03   0.0000000000e+00   6.3696291109e+02
   6212.0000000000   1.1551441254e+03   0.0000000000e+00   6.3712174928e+02
   6213.0000000000   1.1554194227e+03   0.0000000000e+00   6.3727910805e+02
   6214.0000000000   1.1556931954e+03   0.0000000000e+00   6.3743550763e+02
   6215.0000000000   1.1559762678e+03   0.0000000000e+00   6.3760084827e+02
   6216.0000000000   1.1562524843e+03   0.0000000000e+00   6.3775991144e+02
   6217.0000000000   1.1565373292e+03   0.0000000000e+00   6.3791751499e+02
   6218.0000000000   1.1568149926e+03   0.0000000000e+00   6.3807416680e+02
   6219.0000000000   1.1570907634e+03   0.0000000000e+00   6.3823008460e+02
   6220.0000000000   1.1573652564e+03   0.0000000000e+00   6.3838539173e+02
   6221.0000000000   1.1576387459e+03   0.0000000000e+00   6.3854016868e+02
   6222.0000000000   1.1579320282e+03   0.0000000000e+00   6.3870414925e+02
   6223.0000000000   1.1582124798e+03   0.0000000000e+00   6.3886203163e+02
   6224.0000000000   1.1584902754e+03   0.0000000000e+00   6.3901858551e+02
   6225.0000000000   1.1587767499e+03   0.0000000000e+00   6.3918396470e+02
   6226.0000000000   1.1590559552e+03   0.0000000000e+00   6.3934302130e+02
   6227.0000000000   1.1593331678e+03   0.0000000000e+00   6.3950059972e+02
   6228.0000000000   1.1596090105e+03   0.0000000000e+00   6.3965721944e+02
   6229.0000000000   1.1598837681e+03   0.0000000000e+00   6.3981310373e+02
   6230.0000000000   1.1601679278e+03   0.0000000000e+00   6.3996837864e+02
   6231.0000000000   1.1604452387e+03   0.0000000000e+00   6.4012312604e+02
   6232.0000000000   1.1607208328e+03   0.0000000000e+00   6.4027740382e+02
   6233.0000000000   1.1610158903e+03   0.0000000000e+00   6.4043125539e+02
   6234.0000000000   1.1613082378e+03   0.0000000000e+00   6.4058471469e+02
   6235.0000000000   1.1616020667e+03   0.0000000000e+00   6.4074748565e+02
   6236.0000000000   1.1618974320e+03   0.0000000000e+00   6.4090424598e+02
   6237.0000000000   1.1621839369e+03   0.0000000000e+00   6.4105975061e+02
   6238.0000000000   1.1624675380e+03   0.0000000000e+00   6.4121446577e+02
   6239.0000000000   1.1627491494e+03   0.0000000000e+00   6.4136857996e+02
   6240.0000000000   1.1630292155e+03   0.0000000000e+00   6.4152219508e+02
   6241.0000000000   1.1633080042e+03   0.0000000000e+00   6.4168505188e+02
   6242.0000000000   1.1635856957e+03   0.0000000000e+00   6.4184184999e+02
   6243.0000000000   1.1638830581e+03   0.0000000000e+00   6.4199735821e+02
   6244.0000000000   1.1641674621e+03   0.0000000000e+00   6.4215205204e+02
   6245.0000000000   1.1644490856e+03   0.0000000000e+00   6.4231580292e+02
   6246.0000000000   1.1647289502e+03   0.0000000000e+00   6.4249272547e+02
   6247.0000000000   1.1650177982e+03   0.0000000000e+00   6.4265693316e+02
   6248.0000000000   1.1652994995e+03   0.0000000000e+00   6.4281839448e+02
   6249.0000000000   1.1655895734e+03   0.0000000000e+00   6.4297821825e+02
   6250.0000000000   1.1658825605e+03   0.0000000000e+00   6.4313686943e+02
   6251.0000000000   1.1661674121e+03   0.0000000000e+00   6.4330427815e+02
   6252.0000000000   1.1664498152e+03   0.0000000000e+00   6.4347493478e+02
   6253.0000000000   1.1667408611e+03   0.0000000000e+00   6.4363833855e+02
   6254.0000000000   1.1670348642e+03   0.0000000000e+00   6.4379975366e+02
   6255.0000000000   1.1673310427e+03   0.0000000000e+00   6.4395986371e+02
   6256.0000000000   1.1676187047e+03   0.0000000000e+00   6.4412865552e+02
   6257.0000000000   1.1679036690e+03   0.0000000000e+00   6.4429096414e+02
   6258.0000000000   1.1681867744e+03   0.0000000000e+00   6.4445164397e+02
   6259.0000000000   1.1684684207e+03   0.0000000000e+00   6.4461122935e+02
   6260.0000000000   1.1687488470e+03   0.0000000000e+00   6.4477963461e+02
   6261.0000000000   1.1690385334e+03   0.0000000000e+00   6.4494165387e+02
   6262.0000000000   1.1693315521e+03   0.0000000000e+00   6.4511179255e+02
   6263.0000000000   1.1696269975e+03   0.0000000000e+00   6.4527522313e+02
   6264.0000000000   1.1699141062e+03   0.0000000000e+00   6.4544658391e+02
   6265.0000000000   1.1701986512e+03   0.0000000000e+00   6.4561111026e+02
   6266.0000000000   1.1704814410e+03   0.0000000000e+00   6.4577379892e+02
   6267.0000000000   1.1707834919e+03   0.0000000000e+00   6.4593525177e+02
   6268.0000000000   1.1710722996e+03   0.0000000000e+00   6.4609574403e+02
   6269.0000000000   1.1713684331e+03   0.0000000000e+00   6.4626511428e+02
   6270.0000000000   1.1716669147e+03   0.0000000000e+00   6.4642812587e+02
   6271.0000000000   1.1719568843e+03   0.0000000000e+00   6.4659926933e+02
   6272.0000000000   1.1722441273e+03   0.0000000000e+00   6.4676370905e+02
   6273.0000000000   1.1725397942e+03   0.0000000000e+00   6.4692640205e+02
   6274.0000000000   1.1728279199e+03   0.0000000000e+00   6.4709760229e+02
   6275.0000000000   1.1731137952e+03   0.0000000000e+00   6.4726222391e+02
   6276.0000000000   1.1733980625e+03   0.0000000000e+00   6.4743483010e+02
   6277.0000000000   1.1736810263e+03   0.0000000000e+00   6.4761030253e+02
   6278.0000000000   1.1739731919e+03   0.0000000000e+00   6.4777827846e+02
   6279.0000000000   1.1742583240e+03   0.0000000000e+00   6.4794408779e+02
   6280.0000000000   1.1745415688e+03   0.0000000000e+00   6.4810845113e+02
   6281.0000000000   1.1748337995e+03   0.0000000000e+00   6.4827170202e+02
   6282.0000000000   1.1751188985e+03   0.0000000000e+00   6.4843403642e+02
   6283.0000000000   1.1754123803e+03   0.0000000000e+00   6.4859558454e+02
   6284.0000000000   1.1756984595e+03   0.0000000000e+00   6.4875643974e+02
   6285.0000000000   1.1759824454e+03   0.0000000000e+00   6.4891667264e+02
   6286.0000000000   1.1762649701e+03   0.0000000000e+00   6.4907633867e+02
   6287.0000000000   1.1765463223e+03   0.0000000000e+00   6.4924515924e+02
   6288.0000000000   1.1768369920e+03   0.0000000000e+00   6.4942717960e+02
   6289.0000000000   1.1771207306e+03   0.0000000000e+00   6.4959647696e+02
   6290.0000000000   1.1774026724e+03   0.0000000000e+00   6.4976299956e+02
   6291.0000000000   1.1777040000e+03   0.0000000000e+00   6.4992784454e+02
   6292.0000000000   1.1779922234e+03   0.0000000000e+00   6.5009147008e+02
   6293.0000000000   1.1782879002e+03   0.0000000000e+00   6.5025412602e+02
   6294.0000000000   1.1785757185e+03   0.0000000000e+00   6.5041596914e+02
   6295.0000000000   1.1788611678e+03   0.0000000000e+00   6.5057710709e+02
   6296.0000000000   1.1791449710e+03   0.0000000000e+00   6.5073761842e+02
   6297.0000000000   1.1794274693e+03   0.0000000000e+00   6.5090723973e+02
   6298.0000000000   1.1797088669e+03   0.0000000000e+00   6.5107067357e+02
   6299.0000000000   1.1799996205e+03   0.0000000000e+00   6.5123269436e+02
   6300.0000000000   1.1802937853e+03   0.0000000000e+00   6.5139378401e+02
   6301.0000000000   1.1805904429e+03   0.0000000000e+00   6.5155414392e+02
   6302.0000000000   1.1808788201e+03   0.0000000000e+00   6.5172356331e+02
   6303.0000000000   1.1811646819e+03   0.0000000000e+00   6.5188677062e+02
   6304.0000000000   1.1814591495e+03   0.0000000000e+00   6.5204855405e+02
   6305.0000000000   1.1817565508e+03   0.0000000000e+00   6.5220940330e+02
   6306.0000000000   1.1820457912e+03   0.0000000000e+00   6.5236952425e+02
   6307.0000000000   1.1823428650e+03   0.0000000000e+00   6.5252903224e+02
   6308.0000000000   1.1826321785e+03   0.0000000000e+00   6.5268800216e+02
   6309.0000000000   1.1829191421e+03   0.0000000000e+00   6.5284648730e+02
   6310.0000000000   1.1832044496e+03   0.0000000000e+00   6.5300452797e+02
   6311.0000000000   1.1834884309e+03   0.0000000000e+00   6.5317183252e+02
   6312.0000000000   1.1837712858e+03   0.0000000000e+00   6.5333308202e+02
   6313.0000000000   1.1840531508e+03   0.0000000000e+00   6.5349303397e+02
   6314.0000000000   1.1843444451e+03   0.0000000000e+00   6.5365215678e+02
   6315.0000000000   1.1846288821e+03   0.0000000000e+00   6.5381064076e+02
   6316.0000000000   1.1849115739e+03   0.0000000000e+00   6.5396858937e+02
   6317.0000000000   1.1851930509e+03   0.0000000000e+00   6.5412606826e+02
   6318.0000000000   1.1854735415e+03   0.0000000000e+00   6.5428312322e+02
   6319.0000000000   1.1857531773e+03   0.0000000000e+00   6.5443978844e+02
   6320.0000000000   1.1860526844e+03   0.0000000000e+00   6.5459609063e+02
   6321.0000000000   1.1863393995e+03   0.0000000000e+00   6.5475205142e+02
   6322.0000000000   1.1866337920e+03   0.0000000000e+00   6.5490768885e+02
   6323.0000000000   1.1869204981e+03   0.0000000000e+00   6.5506301824e+02
   6324.0000000000   1.1872152920e+03   0.0000000000e+00   6.5522772938e+02
   6325.0000000000   1.1875025090e+03   0.0000000000e+00   6.5538648900e+02
   6326.0000000000   1.1877875230e+03   0.0000000000e+00   6.5554404324e+02
   6327.0000000000   1.1880813236e+03   0.0000000000e+00   6.5570085120e+02
   6328.0000000000   1.1883781791e+03   0.0000000000e+00   6.5585709552e+02
   6329.0000000000   1.1886669626e+03   0.0000000000e+00   6.5601287320e+02
   6330.0000000000   1.1889533301e+03   0.0000000000e+00   6.5616824433e+02
   6331.0000000000   1.1892483580e+03   0.0000000000e+00   6.5632324994e+02
   6332.0000000000   1.1895360336e+03   0.0000000000e+00   6.5647792004e+02
   6333.0000000000   1.1898216148e+03   0.0000000000e+00   6.5663227767e+02
   6334.0000000000   1.1901160394e+03   0.0000000000e+00   6.5678634122e+02
   6335.0000000000   1.1904135490e+03   0.0000000000e+00   6.5694980235e+02
   6336.0000000000   1.1907030018e+03   0.0000000000e+00   6.5710732885e+02
   6337.0000000000   1.1909900451e+03   0.0000000000e+00   6.5727334397e+02
   6338.0000000000   1.1912754307e+03   0.0000000000e+00   6.5743296213e+02
   6339.0000000000   1.1915698257e+03   0.0000000000e+00   6.5759110178e+02
   6340.0000000000   1.1918777098e+03   0.0000000000e+00   6.5774830961e+02
   6341.0000000000   1.1921818624e+03   0.0000000000e+00   6.5790481972e+02
   6342.0000000000   1.1924765996e+03   0.0000000000e+00   6.5806076219e+02
   6343.0000000000   1.1927681931e+03   0.0000000000e+00   6.5821621975e+02
   6344.0000000000   1.1930782881e+03   0.0000000000e+00   6.5837124965e+02
   6345.0000000000   1.1933746393e+03   0.0000000000e+00   6.5853557045e+02
   6346.0000000000   1.1936676339e+03   0.0000000000e+00   6.5870354596e+02
   6347.0000000000   1.1939584223e+03   0.0000000000e+00   6.5886459256e+02
   6348.0000000000   1.1942475132e+03   0.0000000000e+00   6.5902391666e+02
   6349.0000000000   1.1945352007e+03   0.0000000000e+00   6.5918215962e+02
   6350.0000000000   1.1948216792e+03   0.0000000000e+00   6.5934927621e+02
   6351.0000000000   1.1951070879e+03   0.0000000000e+00   6.5951007651e+02
   6352.0000000000   1.1954018514e+03   0.0000000000e+00   6.5966939495e+02
   6353.0000000000   1.1956896885e+03   0.0000000000e+00   6.5982774961e+02
   6354.0000000000   1.1959860358e+03   0.0000000000e+00   6.5998536481e+02
   6355.0000000000   1.1962750648e+03   0.0000000000e+00   6.6014236829e+02
   6356.0000000000   1.1965620584e+03   0.0000000000e+00   6.6030852009e+02
   6357.0000000000   1.1968579510e+03   0.0000000000e+00   6.6046853457e+02
   6358.0000000000   1.1971466561e+03   0.0000000000e+00   6.6062719210e+02
   6359.0000000000   1.1974333868e+03   0.0000000000e+00   6.6078497737e+02
   6360.0000000000   1.1977187321e+03   0.0000000000e+00   6.6094209274e+02
   6361.0000000000   1.1980029577e+03   0.0000000000e+00   6.6111800387e+02
   6362.0000000000   1.1982862202e+03   0.0000000000e+00   6.6130144659e+02
   6363.0000000000   1.1985789449e+03   0.0000000000e+00   6.6148093048e+02
   6364.0000000000   1.1988648452e+03   0.0000000000e+00   6.6165152037e+02
   6365.0000000000   1.1991593507e+03   0.0000000000e+00   6.6181923042e+02
   6366.0000000000   1.1994466253e+03   0.0000000000e+00   6.6198506211e+02
   6367.0000000000   1.1997319451e+03   0.0000000000e+00   6.6214949483e+02
   6368.0000000000   1.2000159188e+03   0.0000000000e+00   6.6231281046e+02
   6369.0000000000   1.2002988178e+03   0.0000000000e+00   6.6248487058e+02
   6370.0000000000   1.2005807997e+03   0.0000000000e+00   6.6265046075e+02
   6371.0000000000   1.2008619689e+03   0.0000000000e+00   6.6281441351e+02
   6372.0000000000   1.2011424011e+03   0.0000000000e+00   6.6297725319e+02
   6373.0000000000   1.2014324728e+03   0.0000000000e+00   6.6313921313e+02
   6374.0000000000   1.2017158662e+03   0.0000000000e+00   6.6331010719e+02
   6375.0000000000   1.2020079881e+03   0.0000000000e+00   6.6347468324e+02
   6376.0000000000   1.2023033051e+03   0.0000000000e+00   6.6363774508e+02
   6377.0000000000   1.2025907163e+03   0.0000000000e+00   6.6379979508e+02
   6378.0000000000   1.2028758707e+03   0.0000000000e+00   6.6396104957e+02
   6379.0000000000   1.2031595108e+03   0.0000000000e+00   6.6413130913e+02
   6380.0000000000   1.2034419732e+03   0.0000000000e+00   6.6429531104e+02
   6381.0000000000   1.2037440901e+03   0.0000000000e+00   6.6445785058e+02
   6382.0000000000   1.2040435798e+03   0.0000000000e+00   6.6461942320e+02
   6383.0000000000   1.2043445884e+03   0.0000000000e+00   6.6478023953e+02
   6384.0000000000   1.2046368292e+03   0.0000000000e+00   6.6494041883e+02
   6385.0000000000   1.2049365760e+03   0.0000000000e+00   6.6510003936e+02
   6386.0000000000   1.2052283637e+03   0.0000000000e+00   6.6525915722e+02
   6387.0000000000   1.2055176721e+03   0.0000000000e+00   6.6541781515e+02
   6388.0000000000   1.2058052364e+03   0.0000000000e+00   6.6557604706e+02
   6389.0000000000   1.2060914129e+03   0.0000000000e+00   6.6573388073e+02
   6390.0000000000   1.2063764188e+03   0.0000000000e+00   6.6589133948e+02
   6391.0000000000   1.2066604028e+03   0.0000000000e+00   6.6604844322e+02
   6392.0000000000   1.2069434738e+03   0.0000000000e+00   6.6620520923e+02
   6393.0000000000   1.2072360345e+03   0.0000000000e+00   6.6637132923e+02
   6394.0000000000   1.2075321067e+03   0.0000000000e+00   6.6653147177e+02
   6395.0000000000   1.2078410693e+03   0.0000000000e+00   6.6669038472e+02
   6396.0000000000   1.2081460888e+03   0.0000000000e+00   6.6684852879e+02
   6397.0000000000   1.2084416059e+03   0.0000000000e+00   6.6701576466e+02
   6398.0000000000   1.2087339443e+03   0.0000000000e+00   6.6717684578e+02
   6399.0000000000   1.2090241362e+03   0.0000000000e+00   6.6733656932e+02
   6400.0000000000   1.2093229957e+03   0.0000000000e+00   6.6749542734e+02
   6401.0000000000   1.2096144525e+03   0.0000000000e+00   6.6765362518e+02
   6402.0000000000   1.2099037517e+03   0.0000000000e+00   6.6782095281e+02
   6403.0000000000   1.2101915119e+03   0.0000000000e+00   6.6798213771e+02
   6404.0000000000   1.2104780232e+03   0.0000000000e+00   6.6814196623e+02
   6405.0000000000   1.2107737816e+03   0.0000000000e+00   6.6830092577e+02
   6406.0000000000   1.2110625451e+03   0.0000000000e+00   6.6845921973e+02
   6407.0000000000   1.2113494547e+03   0.0000000000e+00   6.6861696086e+02
   6408.0000000000   1.2116350609e+03   0.0000000000e+00   6.6877422155e+02
   6409.0000000000   1.2119196067e+03   0.0000000000e+00   6.6894072919e+02
   6410.0000000000   1.2122032345e+03   0.0000000000e+00   6.6910117678e+02
   6411.0000000000   1.2124860410e+03   0.0000000000e+00   6.6926032974e+02
   6412.0000000000   1.2127680973e+03   0.0000000000e+00   6.6941866176e+02
   6413.0000000000   1.2130597779e+03   0.0000000000e+00   6.6957636681e+02
   6414.0000000000   1.2133447639e+03   0.0000000000e+00   6.6973355093e+02
   6415.0000000000   1.2136384619e+03   0.0000000000e+00   6.6989028149e+02
   6416.0000000000   1.2139250196e+03   0.0000000000e+00   6.7004660552e+02
   6417.0000000000   1.2142097005e+03   0.0000000000e+00   6.7020255802e+02
   6418.0000000000   1.2145137420e+03   0.0000000000e+00   6.7035816622e+02
   6419.0000000000   1.2148046800e+03   0.0000000000e+00   6.7051345206e+02
   6420.0000000000   1.2150927663e+03   0.0000000000e+00   6.7066843372e+02
   6421.0000000000   1.2153893789e+03   0.0000000000e+00   6.7082312654e+02
   6422.0000000000   1.2156889159e+03   0.0000000000e+00   6.7097754372e+02
   6423.0000000000   1.2159906272e+03   0.0000000000e+00   6.7113169676e+02
   6424.0000000000   1.2162838349e+03   0.0000000000e+00   6.7128559581e+02
   6425.0000000000   1.2165846825e+03   0.0000000000e+00   6.7143924992e+02
   6426.0000000000   1.2168879664e+03   0.0000000000e+00   6.7160234375e+02
   6427.0000000000   1.2171930922e+03   0.0000000000e+00   6.7175953973e+02
   6428.0000000000   1.2174894644e+03   0.0000000000e+00   6.7191558037e+02
   6429.0000000000   1.2177829588e+03   0.0000000000e+00   6.7207092165e+02
   6430.0000000000   1.2180744517e+03   0.0000000000e+00   6.7222574350e+02
   6431.0000000000   1.2183643685e+03   0.0000000000e+00   6.7238981705e+02
   6432.0000000000   1.2186529669e+03   0.0000000000e+00   6.7254785532e+02
   6433.0000000000   1.2189404219e+03   0.0000000000e+00   6.7270463325e+02
   6434.0000000000   1.2192268610e+03   0.0000000000e+00   6.7287030550e+02
   6435.0000000000   1.2195123818e+03   0.0000000000e+00   6.7303939941e+02
   6436.0000000000   1.2198073804e+03   0.0000000000e+00   6.7320141216e+02
   6437.0000000000   1.2200955558e+03   0.0000000000e+00   6.7336159628e+02
   6438.0000000000   1.2203820106e+03   0.0000000000e+00   6.7352062196e+02
   6439.0000000000   1.2206672685e+03   0.0000000000e+00   6.7368846317e+02
   6440.0000000000   1.2209515535e+03   0.0000000000e+00   6.7384994337e+02
   6441.0000000000   1.2212349937e+03   0.0000000000e+00   6.7400990668e+02
   6442.0000000000   1.2215176747e+03   0.0000000000e+00   6.7416887839e+02
   6443.0000000000   1.2218099781e+03   0.0000000000e+00   6.7432708833e+02
   6444.0000000000   1.2220955886e+03   0.0000000000e+00   6.7449434506e+02
   6445.0000000000   1.2223795956e+03   0.0000000000e+00   6.7465539050e+02
   6446.0000000000   1.2226728307e+03   0.0000000000e+00   6.7481502247e+02
   6447.0000000000   1.2229797820e+03   0.0000000000e+00   6.7497373758e+02
   6448.0000000000   1.2232832105e+03   0.0000000000e+00   6.7514142327e+02
   6449.0000000000   1.2235774105e+03   0.0000000000e+00   6.7530285359e+02
   6450.0000000000   1.2238686334e+03   0.0000000000e+00   6.7546284186e+02
   6451.0000000000   1.2241578685e+03   0.0000000000e+00   6.7562189311e+02
   6452.0000000000   1.2244455828e+03   0.0000000000e+00   6.7578022319e+02
   6453.0000000000   1.2247320499e+03   0.0000000000e+00   6.7593795418e+02
   6454.0000000000   1.2250277686e+03   0.0000000000e+00   6.7609516570e+02
   6455.0000000000   1.2253165025e+03   0.0000000000e+00   6.7625191437e+02
   6456.0000000000   1.2256137159e+03   0.0000000000e+00   6.7640824285e+02
   6457.0000000000   1.2259035985e+03   0.0000000000e+00   6.7657386120e+02
   6458.0000000000   1.2261914453e+03   0.0000000000e+00   6.7674312818e+02
   6459.0000000000   1.2264778798e+03   0.0000000000e+00   6.7690545720e+02
   6460.0000000000   1.2267631849e+03   0.0000000000e+00   6.7708540604e+02
   6461.0000000000   1.2270475270e+03   0.0000000000e+00   6.7725292529e+02
   6462.0000000000   1.2273413374e+03   0.0000000000e+00   6.7741776442e+02
   6463.0000000000   1.2276283334e+03   0.0000000000e+00   6.7758097809e+02
   6464.0000000000   1.2279136280e+03   0.0000000000e+00   6.7774301359e+02
   6465.0000000000   1.2281977506e+03   0.0000000000e+00   6.7790411824e+02
   6466.0000000000   1.2284912473e+03   0.0000000000e+00   6.7806444869e+02
   6467.0000000000   1.2287778837e+03   0.0000000000e+00   6.7822411297e+02
   6468.0000000000   1.2290627964e+03   0.0000000000e+00   6.7838319003e+02
   6469.0000000000   1.2293465273e+03   0.0000000000e+00   6.7855141663e+02
   6470.0000000000   1.2296293103e+03   0.0000000000e+00   6.7872317185e+02
   6471.0000000000   1.2299112794e+03   0.0000000000e+00   6.7888788493e+02
   6472.0000000000   1.2301925230e+03   0.0000000000e+00   6.7905077322e+02
   6473.0000000000   1.2304731050e+03   0.0000000000e+00   6.7921248747e+02
   6474.0000000000   1.2307633933e+03   0.0000000000e+00   6.7937331401e+02
   6475.0000000000   1.2310470632e+03   0.0000000000e+00   6.7953341492e+02
   6476.0000000000   1.2313395161e+03   0.0000000000e+00   6.7969289502e+02
   6477.0000000000   1.2316248949e+03   0.0000000000e+00   6.7985182802e+02
   6478.0000000000   1.2319084589e+03   0.0000000000e+00   6.8001026885e+02
   6479.0000000000   1.2322011226e+03   0.0000000000e+00   6.8016826022e+02
   6480.0000000000   1.2324867823e+03   0.0000000000e+00   6.8032583641e+02
   6481.0000000000   1.2327706365e+03   0.0000000000e+00   6.8048302564e+02
   6482.0000000000   1.2330532614e+03   0.0000000000e+00   6.8063985161e+02
   6483.0000000000   1.2333349115e+03   0.0000000000e+00   6.8080601109e+02
   6484.0000000000   1.2336157335e+03   0.0000000000e+00   6.8096617666e+02
   6485.0000000000   1.2338958247e+03   0.0000000000e+00   6.8112509947e+02
   6486.0000000000   1.2341855738e+03   0.0000000000e+00   6.8128324291e+02
   6487.0000000000   1.2344686700e+03   0.0000000000e+00   6.8144079333e+02
   6488.0000000000   1.2347708433e+03   0.0000000000e+00   6.8159785095e+02
   6489.0000000000   1.2350598801e+03   0.0000000000e+00   6.8175447869e+02
   6490.0000000000   1.2353564140e+03   0.0000000000e+00   6.8191072007e+02
   6491.0000000000   1.2356554793e+03   0.0000000000e+00   6.8206660730e+02
   6492.0000000000   1.2359462114e+03   0.0000000000e+00   6.8223184192e+02
   6493.0000000000   1.2362343863e+03   0.0000000000e+00   6.8239109912e+02
   6494.0000000000   1.2365208243e+03   0.0000000000e+00   6.8254913138e+02
   6495.0000000000   1.2368059136e+03   0.0000000000e+00   6.8270640266e+02
   6496.0000000000   1.2371002034e+03   0.0000000000e+00   6.8286309938e+02
   6497.0000000000   1.2373874835e+03   0.0000000000e+00   6.8301932154e+02
   6498.0000000000   1.2376729143e+03   0.0000000000e+00   6.8317513164e+02
   6499.0000000000   1.2379570587e+03   0.0000000000e+00   6.8333057271e+02
   6500.0000000000   1.2382401675e+03   0.0000000000e+00   6.8348567637e+02
   6501.0000000000   1.2385327076e+03   0.0000000000e+00   6.8365014355e+02
   6502.0000000000   1.2388184150e+03   0.0000000000e+00   6.8381832541e+02
   6503.0000000000   1.2391024132e+03   0.0000000000e+00   6.8397962886e+02
   6504.0000000000   1.2393955576e+03   0.0000000000e+00   6.8413925308e+02
   6505.0000000000   1.2397023539e+03   0.0000000000e+00   6.8429783376e+02
   6506.0000000000   1.2399952573e+03   0.0000000000e+00   6.8445564460e+02
   6507.0000000000   1.2402952554e+03   0.0000000000e+00   6.8462251349e+02
   6508.0000000000   1.2405975128e+03   0.0000000000e+00   6.8478319109e+02
   6509.0000000000   1.2408912320e+03   0.0000000000e+00   6.8494247894e+02
   6510.0000000000   1.2411822295e+03   0.0000000000e+00   6.8510087485e+02
   6511.0000000000   1.2414713535e+03   0.0000000000e+00   6.8525858967e+02
   6512.0000000000   1.2417590120e+03   0.0000000000e+00   6.8541574160e+02
   6513.0000000000   1.2420454502e+03   0.0000000000e+00   6.8558208369e+02
   6514.0000000000   1.2423308338e+03   0.0000000000e+00   6.8575200153e+02
   6515.0000000000   1.2426152824e+03   0.0000000000e+00   6.8592460291e+02
   6516.0000000000   1.2428988870e+03   0.0000000000e+00   6.8608976005e+02
   6517.0000000000   1.2431920386e+03   0.0000000000e+00   6.8625285822e+02
   6518.0000000000   1.2434784313e+03   0.0000000000e+00   6.8641463181e+02
   6519.0000000000   1.2437631635e+03   0.0000000000e+00   6.8657541514e+02
   6520.0000000000   1.2440467556e+03   0.0000000000e+00   6.8673540033e+02
   6521.0000000000   1.2443397471e+03   0.0000000000e+00   6.8689471214e+02
   6522.0000000000   1.2446258997e+03   0.0000000000e+00   6.8705343814e+02
   6523.0000000000   1.2449206656e+03   0.0000000000e+00   6.8721164322e+02
   6524.0000000000   1.2452082208e+03   0.0000000000e+00   6.8736937739e+02
   6525.0000000000   1.2454938479e+03   0.0000000000e+00   6.8752668043e+02
   6526.0000000000   1.2457884783e+03   0.0000000000e+00   6.8768358478e+02
   6527.0000000000   1.2460863406e+03   0.0000000000e+00   6.8784011739e+02
   6528.0000000000   1.2463969178e+03   0.0000000000e+00   6.8799630105e+02
   6529.0000000000   1.2466931171e+03   0.0000000000e+00   6.8815215531e+02
   6530.0000000000   1.2469857799e+03   0.0000000000e+00   6.8831737364e+02
   6531.0000000000   1.2472865233e+03   0.0000000000e+00   6.8847662598e+02
   6532.0000000000   1.2475795524e+03   0.0000000000e+00   6.8863466127e+02
   6533.0000000000   1.2478805577e+03   0.0000000000e+00   6.8879194107e+02
   6534.0000000000   1.2481841807e+03   0.0000000000e+00   6.8894865013e+02
   6535.0000000000   1.2484794382e+03   0.0000000000e+00   6.8911456387e+02
   6536.0000000000   1.2487823813e+03   0.0000000000e+00   6.8927439905e+02
   6537.0000000000   1.2490877698e+03   0.0000000000e+00   6.8943293396e+02
   6538.0000000000   1.2493846735e+03   0.0000000000e+00   6.8959064968e+02
   6539.0000000000   1.2496788535e+03   0.0000000000e+00   6.8974774461e+02
   6540.0000000000   1.2499711321e+03   0.0000000000e+00   6.8991400401e+02
   6541.0000000000   1.2502619046e+03   0.0000000000e+00   6.9007415201e+02
   6542.0000000000   1.2505514107e+03   0.0000000000e+00   6.9023297246e+02
   6543.0000000000   1.2508398135e+03   0.0000000000e+00   6.9039095081e+02
   6544.0000000000   1.2511272324e+03   0.0000000000e+00   6.9056764197e+02
   6545.0000000000   1.2514137590e+03   0.0000000000e+00   6.9073246757e+02
   6546.0000000000   1.2516994665e+03   0.0000000000e+00   6.9089497050e+02
   6547.0000000000   1.2519947336e+03   0.0000000000e+00   6.9105610035e+02
   6548.0000000000   1.2522832462e+03   0.0000000000e+00   6.9121624275e+02
   6549.0000000000   1.2525700970e+03   0.0000000000e+00   6.9138528183e+02
   6550.0000000000   1.2528558022e+03   0.0000000000e+00   6.9154800205e+02
   6551.0000000000   1.2531405794e+03   0.0000000000e+00   6.9170922751e+02
   6552.0000000000   1.2534245520e+03   0.0000000000e+00   6.9186947222e+02
   6553.0000000000   1.2537078013e+03   0.0000000000e+00   6.9203863574e+02
   6554.0000000000   1.2540007057e+03   0.0000000000e+00   6.9220150090e+02
   6555.0000000000   1.2542869469e+03   0.0000000000e+00   6.9236288761e+02
   6556.0000000000   1.2545716122e+03   0.0000000000e+00   6.9252330596e+02
   6557.0000000000   1.2548655309e+03   0.0000000000e+00   6.9268297580e+02
   6558.0000000000   1.2551525512e+03   0.0000000000e+00   6.9285169897e+02
   6559.0000000000   1.2554378412e+03   0.0000000000e+00   6.9302388932e+02
   6560.0000000000   1.2557219573e+03   0.0000000000e+00   6.9318899651e+02
   6561.0000000000   1.2560154590e+03   0.0000000000e+00   6.9335225070e+02
   6562.0000000000   1.2563021194e+03   0.0000000000e+00   6.9351431106e+02
   6563.0000000000   1.2565870783e+03   0.0000000000e+00   6.9367546968e+02
   6564.0000000000   1.2568708798e+03   0.0000000000e+00   6.9383589272e+02
   6565.0000000000   1.2571743964e+03   0.0000000000e+00   6.9399568794e+02
   6566.0000000000   1.2574650343e+03   0.0000000000e+00   6.9415493122e+02
   6567.0000000000   1.2577529821e+03   0.0000000000e+00   6.9431367913e+02
   6568.0000000000   1.2580495815e+03   0.0000000000e+00   6.9447197562e+02
   6569.0000000000   1.2583388886e+03   0.0000000000e+00   6.9464920902e+02
   6570.0000000000   1.2586261823e+03   0.0000000000e+00   6.9481471844e+02
   6571.0000000000   1.2589120870e+03   0.0000000000e+00   6.9497799975e+02
   6572.0000000000   1.2591968884e+03   0.0000000000e+00   6.9513997336e+02
   6573.0000000000   1.2594807556e+03   0.0000000000e+00   6.9530100563e+02
   6574.0000000000   1.2597638019e+03   0.0000000000e+00   6.9546129091e+02
   6575.0000000000   1.2600461098e+03   0.0000000000e+00   6.9562094918e+02
   6576.0000000000   1.2603277418e+03   0.0000000000e+00   6.9578006190e+02
   6577.0000000000   1.2606087478e+03   0.0000000000e+00   6.9593868814e+02
   6578.0000000000   1.2608994874e+03   0.0000000000e+00   6.9609687283e+02
   6579.0000000000   1.2611836307e+03   0.0000000000e+00   6.9625465142e+02
   6580.0000000000   1.2614662567e+03   0.0000000000e+00   6.9642172921e+02
   6581.0000000000   1.2617478699e+03   0.0000000000e+00   6.9658278518e+02
   6582.0000000000   1.2620286779e+03   0.0000000000e+00   6.9674257531e+02
   6583.0000000000   1.2623191141e+03   0.0000000000e+00   6.9690156680e+02
   6584.0000000000   1.2626028884e+03   0.0000000000e+00   6.9705994900e+02
   6585.0000000000   1.2628851031e+03   0.0000000000e+00   6.9721782454e+02
   6586.0000000000   1.2631662776e+03   0.0000000000e+00   6.9737525830e+02
   6587.0000000000   1.2634569478e+03   0.0000000000e+00   6.9753229544e+02
   6588.0000000000   1.2637511901e+03   0.0000000000e+00   6.9769864603e+02
   6589.0000000000   1.2640377689e+03   0.0000000000e+00   6.9785899128e+02
   6590.0000000000   1.2643222695e+03   0.0000000000e+00   6.9802776461e+02
   6591.0000000000   1.2646053994e+03   0.0000000000e+00   6.9819008843e+02
   6592.0000000000   1.2649081106e+03   0.0000000000e+00   6.9835088759e+02
   6593.0000000000   1.2651978542e+03   0.0000000000e+00   6.9852039064e+02
   6594.0000000000   1.2654951657e+03   0.0000000000e+00   6.9868349112e+02
   6595.0000000000   1.2658156797e+03   0.0000000000e+00   6.9884505868e+02
   6596.0000000000   1.2661157873e+03   0.0000000000e+00   6.9900562911e+02
   6597.0000000000   1.2664113570e+03   0.0000000000e+00   6.9916543667e+02
   6598.0000000000   1.2667144841e+03   0.0000000000e+00   6.9932461520e+02
   6599.0000000000   1.2670095625e+03   0.0000000000e+00   6.9948325213e+02
   6600.0000000000   1.2673123818e+03   0.0000000000e+00   6.9965108600e+02
   6601.0000000000   1.2676073243e+03   0.0000000000e+00   6.9981281839e+02
   6602.0000000000   1.2679101290e+03   0.0000000000e+00   6.9998289793e+02
   6603.0000000000   1.2682051418e+03   0.0000000000e+00   7.0014645872e+02
   6604.0000000000   1.2684977579e+03   0.0000000000e+00   7.0030843489e+02
   6605.0000000000   1.2687886701e+03   0.0000000000e+00   7.0046938586e+02
   6606.0000000000   1.2690782119e+03   0.0000000000e+00   7.0062955626e+02
   6607.0000000000   1.2693769071e+03   0.0000000000e+00   7.0078908498e+02
   6608.0000000000   1.2696788527e+03   0.0000000000e+00   7.0094806223e+02
   6609.0000000000   1.2699728401e+03   0.0000000000e+00   7.0110655167e+02
   6610.0000000000   1.2702644812e+03   0.0000000000e+00   7.0127427739e+02
   6611.0000000000   1.2705545071e+03   0.0000000000e+00   7.0143593149e+02
   6612.0000000000   1.2708432532e+03   0.0000000000e+00   7.0159627952e+02
   6613.0000000000   1.2711309170e+03   0.0000000000e+00   7.0175579584e+02
   6614.0000000000   1.2714176309e+03   0.0000000000e+00   7.0191467528e+02
   6615.0000000000   1.2717034910e+03   0.0000000000e+00   7.0207302480e+02
   6616.0000000000   1.2719885713e+03   0.0000000000e+00   7.0224058924e+02
   6617.0000000000   1.2722729304e+03   0.0000000000e+00   7.0241174814e+02
   6618.0000000000   1.2725669358e+03   0.0000000000e+00   7.0257592820e+02
   6619.0000000000   1.2728645831e+03   0.0000000000e+00   7.0273834308e+02
   6620.0000000000   1.2731545933e+03   0.0000000000e+00   7.0289963953e+02
   6621.0000000000   1.2734425263e+03   0.0000000000e+00   7.0306009999e+02
   6622.0000000000   1.2737290739e+03   0.0000000000e+00   7.0321988285e+02
   6623.0000000000   1.2740145404e+03   0.0000000000e+00   7.0337908953e+02
   6624.0000000000   1.2742990986e+03   0.0000000000e+00   7.0353779066e+02
   6625.0000000000   1.2745828606e+03   0.0000000000e+00   7.0369603836e+02
   6626.0000000000   1.2748762249e+03   0.0000000000e+00   7.0385387278e+02
   6627.0000000000   1.2751628875e+03   0.0000000000e+00   7.0401132592e+02
   6628.0000000000   1.2754582644e+03   0.0000000000e+00   7.0417810043e+02
   6629.0000000000   1.2757465096e+03   0.0000000000e+00   7.0433887319e+02
   6630.0000000000   1.2760328908e+03   0.0000000000e+00   7.0449839850e+02
   6631.0000000000   1.2763180099e+03   0.0000000000e+00   7.0465714214e+02
   6632.0000000000   1.2766021324e+03   0.0000000000e+00   7.0481529226e+02
   6633.0000000000   1.2768854110e+03   0.0000000000e+00   7.0497295047e+02
   6634.0000000000   1.2771679458e+03   0.0000000000e+00   7.0513018073e+02
   6635.0000000000   1.2774498085e+03   0.0000000000e+00   7.0529670393e+02
   6636.0000000000   1.2777413724e+03   0.0000000000e+00   7.0545720797e+02
   6637.0000000000   1.2780263163e+03   0.0000000000e+00   7.0561645412e+02
   6638.0000000000   1.2783097254e+03   0.0000000000e+00   7.0577491275e+02
   6639.0000000000   1.2786127465e+03   0.0000000000e+00   7.0593277504e+02
   6640.0000000000   1.2789028626e+03   0.0000000000e+00   7.0609014469e+02
   6641.0000000000   1.2792006098e+03   0.0000000000e+00   7.0624708711e+02
   6642.0000000000   1.2794906591e+03   0.0000000000e+00   7.0640364765e+02
   6643.0000000000   1.2797784858e+03   0.0000000000e+00   7.0656953636e+02
   6644.0000000000   1.2800648007e+03   0.0000000000e+00   7.0672943429e+02
   6645.0000000000   1.2803499350e+03   0.0000000000e+00   7.0688809805e+02
   6646.0000000000   1.2806340838e+03   0.0000000000e+00   7.0704599468e+02
   6647.0000000000   1.2809173771e+03   0.0000000000e+00   7.0720331286e+02
   6648.0000000000   1.2811999080e+03   0.0000000000e+00   7.0736015438e+02
   6649.0000000000   1.2814920659e+03   0.0000000000e+00   7.0751658310e+02
   6650.0000000000   1.2817775418e+03   0.0000000000e+00   7.0768231965e+02
   6651.0000000000   1.2820614307e+03   0.0000000000e+00   7.0784205158e+02
   6652.0000000000   1.2823545681e+03   0.0000000000e+00   7.0800053976e+02
   6653.0000000000   1.2826408068e+03   0.0000000000e+00   7.0816793064e+02
   6654.0000000000   1.2829253189e+03   0.0000000000e+00   7.0832907005e+02
   6655.0000000000   1.2832086637e+03   0.0000000000e+00   7.0848879702e+02
   6656.0000000000   1.2835014032e+03   0.0000000000e+00   7.0864762636e+02
   6657.0000000000   1.2837873122e+03   0.0000000000e+00   7.0880577722e+02
   6658.0000000000   1.2840715323e+03   0.0000000000e+00   7.0896337208e+02
   6659.0000000000   1.2843649275e+03   0.0000000000e+00   7.0912048958e+02
   6660.0000000000   1.2846616884e+03   0.0000000000e+00   7.0927718475e+02
   6661.0000000000   1.2849609551e+03   0.0000000000e+00   7.0943349841e+02
   6662.0000000000   1.2852519822e+03   0.0000000000e+00   7.0958946217e+02
   6663.0000000000   1.2855405492e+03   0.0000000000e+00   7.0974510129e+02
   6664.0000000000   1.2858274653e+03   0.0000000000e+00   7.0990043651e+02
   6665.0000000000   1.2861131066e+03   0.0000000000e+00   7.1005548516e+02
   6666.0000000000   1.2864080124e+03   0.0000000000e+00   7.1022961513e+02
   6667.0000000000   1.2866959643e+03   0.0000000000e+00   7.1039214929e+02
   6668.0000000000   1.2869821161e+03   0.0000000000e+00   7.1055257040e+02
   6669.0000000000   1.2872876635e+03   0.0000000000e+00   7.1073114108e+02
   6670.0000000000   1.2875801253e+03   0.0000000000e+00   7.1090720528e+02
   6671.0000000000   1.2878800654e+03   0.0000000000e+00   7.1107507626e+02
   6672.0000000000   1.2881721761e+03   0.0000000000e+00   7.1124050281e+02
   6673.0000000000   1.2884619501e+03   0.0000000000e+00   7.1140435892e+02
   6674.0000000000   1.2887604312e+03   0.0000000000e+00   7.1156705154e+02
   6675.0000000000   1.2890515982e+03   0.0000000000e+00   7.1172881663e+02
   6676.0000000000   1.2893510255e+03   0.0000000000e+00   7.1188980790e+02
   6677.0000000000   1.2896532860e+03   0.0000000000e+00   7.1205013317e+02
   6678.0000000000   1.2899473520e+03   0.0000000000e+00   7.1220987211e+02
   6679.0000000000   1.2902492443e+03   0.0000000000e+00   7.1237876243e+02
   6680.0000000000   1.2905433814e+03   0.0000000000e+00   7.1254150764e+02
   6681.0000000000   1.2908351805e+03   0.0000000000e+00   7.1270288278e+02
   6682.0000000000   1.2911356588e+03   0.0000000000e+00   7.1286337013e+02
   6683.0000000000   1.2914287848e+03   0.0000000000e+00   7.1302317122e+02
   6684.0000000000   1.2917198103e+03   0.0000000000e+00   7.1318239865e+02
   6685.0000000000   1.2920093527e+03   0.0000000000e+00   7.1335080208e+02
   6686.0000000000   1.2923080178e+03   0.0000000000e+00   7.1351308866e+02
   6687.0000000000   1.2925996148e+03   0.0000000000e+00   7.1367403355e+02
   6688.0000000000   1.2928893128e+03   0.0000000000e+00   7.1383411773e+02
   6689.0000000000   1.2931879982e+03   0.0000000000e+00   7.1399354080e+02
   6690.0000000000   1.2934795613e+03   0.0000000000e+00   7.1416208987e+02
   6691.0000000000   1.2937692025e+03   0.0000000000e+00   7.1432449112e+02
   6692.0000000000   1.2940575036e+03   0.0000000000e+00   7.1449520708e+02
   6693.0000000000   1.2943447254e+03   0.0000000000e+00   7.1465938034e+02
   6694.0000000000   1.2946413409e+03   0.0000000000e+00   7.1482195051e+02
   6695.0000000000   1.2949310899e+03   0.0000000000e+00   7.1498348077e+02
   6696.0000000000   1.2952190987e+03   0.0000000000e+00   7.1514421842e+02
   6697.0000000000   1.2955162250e+03   0.0000000000e+00   7.1530430431e+02
   6698.0000000000   1.2958063380e+03   0.0000000000e+00   7.1546383018e+02
   6699.0000000000   1.2961049412e+03   0.0000000000e+00   7.1562286086e+02
   6700.0000000000   1.2963962402e+03   0.0000000000e+00   7.1578144486e+02
   6701.0000000000   1.2966855363e+03   0.0000000000e+00   7.1593961999e+02
   6702.0000000000   1.2969734548e+03   0.0000000000e+00   7.1610709321e+02
   6703.0000000000   1.2972602786e+03   0.0000000000e+00   7.1626854465e+02
   6704.0000000000   1.2975461734e+03   0.0000000000e+00   7.1642873118e+02
   6705.0000000000   1.2978312498e+03   0.0000000000e+00   7.1658812065e+02
   6706.0000000000   1.2981155877e+03   0.0000000000e+00   7.1674690291e+02
   6707.0000000000   1.2983992483e+03   0.0000000000e+00   7.1691485753e+02
   6708.0000000000   1.2986822801e+03   0.0000000000e+00   7.1707670474e+02
   6709.0000000000   1.2989647228e+03   0.0000000000e+00   7.1723722573e+02
   6710.0000000000   1.2992672477e+03   0.0000000000e+00   7.1739690407e+02
   6711.0000000000   1.2995571556e+03   0.0000000000e+00   7.1755594027e+02
   6712.0000000000   1.2998445715e+03   0.0000000000e+00   7.1771444490e+02
   6713.0000000000   1.3001407955e+03   0.0000000000e+00   7.1787248860e+02
   6714.0000000000   1.3004401733e+03   0.0000000000e+00   7.1803012084e+02
   6715.0000000000   1.3007419183e+03   0.0000000000e+00   7.1818737848e+02
   6716.0000000000   1.3010353251e+03   0.0000000000e+00   7.1834429020e+02
   6717.0000000000   1.3013365162e+03   0.0000000000e+00   7.1850087911e+02
   6718.0000000000   1.3016299527e+03   0.0000000000e+00   7.1865716431e+02
   6719.0000000000   1.3019210714e+03   0.0000000000e+00   7.1881316192e+02
   6720.0000000000   1.3022208990e+03   0.0000000000e+00   7.1896888577e+02
   6721.0000000000   1.3025134083e+03   0.0000000000e+00   7.1912434790e+02
   6722.0000000000   1.3028038526e+03   0.0000000000e+00   7.1927955891e+02
   6723.0000000000   1.3030928495e+03   0.0000000000e+00   7.1943452824e+02
   6724.0000000000   1.3033806850e+03   0.0000000000e+00   7.1958926433e+02
   6725.0000000000   1.3036675310e+03   0.0000000000e+00   7.1974377484e+02
   6726.0000000000   1.3039535048e+03   0.0000000000e+00   7.1990774326e+02
   6727.0000000000   1.3042386928e+03   0.0000000000e+00   7.2006583103e+02
   6728.0000000000   1.3045334806e+03   0.0000000000e+00   7.2023245632e+02
   6729.0000000000   1.3048318770e+03   0.0000000000e+00   7.2039272947e+02
   6730.0000000000   1.3051329314e+03   0.0000000000e+00   7.2055156552e+02
   6731.0000000000   1.3054258467e+03   0.0000000000e+00   7.2070950835e+02
   6732.0000000000   1.3057163703e+03   0.0000000000e+00   7.2086678964e+02
   6733.0000000000   1.3060052904e+03   0.0000000000e+00   7.2102353742e+02
   6734.0000000000   1.3062929684e+03   0.0000000000e+00   7.2117983265e+02
   6735.0000000000   1.3065796144e+03   0.0000000000e+00   7.2134540756e+02
   6736.0000000000   1.3068653664e+03   0.0000000000e+00   7.2151463440e+02
   6737.0000000000   1.3071503225e+03   0.0000000000e+00   7.2167693502e+02
   6738.0000000000   1.3074345563e+03   0.0000000000e+00   7.2183751948e+02
   6739.0000000000   1.3077181255e+03   0.0000000000e+00   7.2199703165e+02
   6740.0000000000   1.3080113958e+03   0.0000000000e+00   7.2215575151e+02
   6741.0000000000   1.3083083607e+03   0.0000000000e+00   7.2231383532e+02
   6742.0000000000   1.3086080581e+03   0.0000000000e+00   7.2249073566e+02
   6743.0000000000   1.3088996819e+03   0.0000000000e+00   7.2265583153e+02
   6744.0000000000   1.3091992912e+03   0.0000000000e+00   7.2281864504e+02
   6745.0000000000   1.3094913040e+03   0.0000000000e+00   7.2298011456e+02
   6746.0000000000   1.3097811271e+03   0.0000000000e+00   7.2315029570e+02
   6747.0000000000   1.3100797650e+03   0.0000000000e+00   7.2331404710e+02
   6748.0000000000   1.3103711739e+03   0.0000000000e+00   7.2347623132e+02
   6749.0000000000   1.3106605942e+03   0.0000000000e+00   7.2363738474e+02
   6750.0000000000   1.3109692714e+03   0.0000000000e+00   7.2379774455e+02
   6751.0000000000   1.3112647556e+03   0.0000000000e+00   7.2395744798e+02
   6752.0000000000   1.3115573126e+03   0.0000000000e+00   7.2411658583e+02
   6753.0000000000   1.3118480136e+03   0.0000000000e+00   7.2427522320e+02
   6754.0000000000   1.3121373118e+03   0.0000000000e+00   7.2443340935e+02
   6755.0000000000   1.3124357799e+03   0.0000000000e+00   7.2459118300e+02
   6756.0000000000   1.3127375362e+03   0.0000000000e+00   7.2474857551e+02
   6757.0000000000   1.3130313820e+03   0.0000000000e+00   7.2490561283e+02
   6758.0000000000   1.3133332520e+03   0.0000000000e+00   7.2506231685e+02
   6759.0000000000   1.3136275145e+03   0.0000000000e+00   7.2521870629e+02
   6760.0000000000   1.3139401927e+03   0.0000000000e+00   7.2537479739e+02
   6761.0000000000   1.3142495536e+03   0.0000000000e+00   7.2553060438e+02
   6762.0000000000   1.3145496502e+03   0.0000000000e+00   7.2568613982e+02
   6763.0000000000   1.3148466816e+03   0.0000000000e+00   7.2585109148e+02
   6764.0000000000   1.3151416274e+03   0.0000000000e+00   7.2601980101e+02
   6765.0000000000   1.3154349577e+03   0.0000000000e+00   7.2618166839e+02
   6766.0000000000   1.3157269528e+03   0.0000000000e+00   7.2634188750e+02
   6767.0000000000   1.3160281194e+03   0.0000000000e+00   7.2650108998e+02
   6768.0000000000   1.3163325476e+03   0.0000000000e+00   7.2665954634e+02
   6769.0000000000   1.3166290260e+03   0.0000000000e+00   7.2683675848e+02
   6770.0000000000   1.3169231646e+03   0.0000000000e+00   7.2700213011e+02
   6771.0000000000   1.3172260129e+03   0.0000000000e+00   7.2716519688e+02
   6772.0000000000   1.3175215416e+03   0.0000000000e+00   7.2732690510e+02
   6773.0000000000   1.3178149980e+03   0.0000000000e+00   7.2748763868e+02
   6774.0000000000   1.3181069938e+03   0.0000000000e+00   7.2765728079e+02
   6775.0000000000   1.3183978105e+03   0.0000000000e+00   7.2782061527e+02
   6776.0000000000   1.3186876170e+03   0.0000000000e+00   7.2798246577e+02
   6777.0000000000   1.3189868474e+03   0.0000000000e+00   7.2814334595e+02
   6778.0000000000   1.3192792227e+03   0.0000000000e+00   7.2830347852e+02
   6779.0000000000   1.3195801781e+03   0.0000000000e+00   7.2846299098e+02
   6780.0000000000   1.3198738824e+03   0.0000000000e+00   7.2862196720e+02
   6781.0000000000   1.3201759346e+03   0.0000000000e+00   7.2879014373e+02
   6782.0000000000   1.3204705829e+03   0.0000000000e+00   7.2895222104e+02
   6783.0000000000   1.3207631518e+03   0.0000000000e+00   7.2911297066e+02
   6784.0000000000   1.3210542808e+03   0.0000000000e+00   7.2927287138e+02
   6785.0000000000   1.3213442623e+03   0.0000000000e+00   7.2943212149e+02
   6786.0000000000   1.3216435880e+03   0.0000000000e+00   7.2959083065e+02
   6787.0000000000   1.3219463288e+03   0.0000000000e+00   7.2974906936e+02
   6788.0000000000   1.3222412551e+03   0.0000000000e+00   7.2991656389e+02
   6789.0000000000   1.3225339612e+03   0.0000000000e+00   7.3007800661e+02
   6790.0000000000   1.3228251640e+03   0.0000000000e+00   7.3023816259e+02
   6791.0000000000   1.3231255055e+03   0.0000000000e+00   7.3039750540e+02
   6792.0000000000   1.3234291281e+03   0.0000000000e+00   7.3055622901e+02
   6793.0000000000   1.3237248416e+03   0.0000000000e+00   7.3072411604e+02
   6794.0000000000   1.3240182646e+03   0.0000000000e+00   7.3088588906e+02
   6795.0000000000   1.3243204489e+03   0.0000000000e+00   7.3104633105e+02
   6796.0000000000   1.3246153646e+03   0.0000000000e+00   7.3120592698e+02
   6797.0000000000   1.3249082570e+03   0.0000000000e+00   7.3137455503e+02
   6798.0000000000   1.3251997354e+03   0.0000000000e+00   7.3154665828e+02
   6799.0000000000   1.3254900785e+03   0.0000000000e+00   7.3172137553e+02
   6800.0000000000   1.3257897715e+03   0.0000000000e+00   7.3188859757e+02
   6801.0000000000   1.3261032011e+03   0.0000000000e+00   7.3205372162e+02
   6802.0000000000   1.3264027721e+03   0.0000000000e+00   7.3223684333e+02
   6803.0000000000   1.3266991282e+03   0.0000000000e+00   7.3240761299e+02
   6804.0000000000   1.3269934656e+03   0.0000000000e+00   7.3257569861e+02
   6805.0000000000   1.3272862928e+03   0.0000000000e+00   7.3274212794e+02
   6806.0000000000   1.3275778923e+03   0.0000000000e+00   7.3290733963e+02
   6807.0000000000   1.3278684442e+03   0.0000000000e+00   7.3307157932e+02
   6808.0000000000   1.3281683931e+03   0.0000000000e+00   7.3323500490e+02
   6809.0000000000   1.3284614680e+03   0.0000000000e+00   7.3339772672e+02
   6810.0000000000   1.3287527908e+03   0.0000000000e+00   7.3355982642e+02
   6811.0000000000   1.3290635367e+03   0.0000000000e+00   7.3372136695e+02
   6812.0000000000   1.3293612108e+03   0.0000000000e+00   7.3388239837e+02
   6813.0000000000   1.3296560482e+03   0.0000000000e+00   7.3404296147e+02
   6814.0000000000   1.3299490985e+03   0.0000000000e+00   7.3420309018e+02
   6815.0000000000   1.3302407992e+03   0.0000000000e+00   7.3436281317e+02
   6816.0000000000   1.3305417108e+03   0.0000000000e+00   7.3452215500e+02
   6817.0000000000   1.3308356238e+03   0.0000000000e+00   7.3469081348e+02
   6818.0000000000   1.3311380152e+03   0.0000000000e+00   7.3485346234e+02
   6819.0000000000   1.3314330811e+03   0.0000000000e+00   7.3501485383e+02
   6820.0000000000   1.3317364387e+03   0.0000000000e+00   7.3517545245e+02
   6821.0000000000   1.3320426682e+03   0.0000000000e+00   7.3533544558e+02
   6822.0000000000   1.3323407397e+03   0.0000000000e+00   7.3549493443e+02
   6823.0000000000   1.3326466690e+03   0.0000000000e+00   7.3565398282e+02
   6824.0000000000   1.3329448697e+03   0.0000000000e+00   7.3581263512e+02
   6825.0000000000   1.3332407543e+03   0.0000000000e+00   7.3597092433e+02
   6826.0000000000   1.3335453360e+03   0.0000000000e+00   7.3612887615e+02
   6827.0000000000   1.3338425798e+03   0.0000000000e+00   7.3628651141e+02
   6828.0000000000   1.3341377344e+03   0.0000000000e+00   7.3644384738e+02
   6829.0000000000   1.3344314147e+03   0.0000000000e+00   7.3660089875e+02
   6830.0000000000   1.3347239053e+03   0.0000000000e+00   7.3675767824e+02
   6831.0000000000   1.3350256964e+03   0.0000000000e+00   7.3691419695e+02
   6832.0000000000   1.3353205413e+03   0.0000000000e+00   7.3707046479e+02
   6833.0000000000   1.3356135767e+03   0.0000000000e+00   7.3722649058e+02
   6834.0000000000   1.3359053494e+03   0.0000000000e+00   7.3738228232e+02
   6835.0000000000   1.3361960991e+03   0.0000000000e+00   7.3754752383e+02
   6836.0000000000   1.3364859656e+03   0.0000000000e+00   7.3771655337e+02
   6837.0000000000   1.3367750431e+03   0.0000000000e+00   7.3787876792e+02
   6838.0000000000   1.3370737197e+03   0.0000000000e+00   7.3803935880e+02
   6839.0000000000   1.3373656850e+03   0.0000000000e+00   7.3819895535e+02
   6840.0000000000   1.3376560328e+03   0.0000000000e+00   7.3835782607e+02
   6841.0000000000   1.3379452784e+03   0.0000000000e+00   7.3852579454e+02
   6842.0000000000   1.3382439574e+03   0.0000000000e+00   7.3869728433e+02
   6843.0000000000   1.3385358274e+03   0.0000000000e+00   7.3886174897e+02
   6844.0000000000   1.3388260184e+03   0.0000000000e+00   7.3902441942e+02
   6845.0000000000   1.3391150672e+03   0.0000000000e+00   7.3918595407e+02
   6846.0000000000   1.3394238419e+03   0.0000000000e+00   7.3935631993e+02
   6847.0000000000   1.3397300640e+03   0.0000000000e+00   7.3952033619e+02
   6848.0000000000   1.3400275558e+03   0.0000000000e+00   7.3968284414e+02
   6849.0000000000   1.3403223885e+03   0.0000000000e+00   7.3984436726e+02
   6850.0000000000   1.3406154601e+03   0.0000000000e+00   7.4000513408e+02
   6851.0000000000   1.3409071843e+03   0.0000000000e+00   7.4016527576e+02
   6852.0000000000   1.3412081193e+03   0.0000000000e+00   7.4032487853e+02
   6853.0000000000   1.3415020572e+03   0.0000000000e+00   7.4048400397e+02
   6854.0000000000   1.3417941585e+03   0.0000000000e+00   7.4065237508e+02
   6855.0000000000   1.3420849849e+03   0.0000000000e+00   7.4081468337e+02
   6856.0000000000   1.3423747862e+03   0.0000000000e+00   7.4098537063e+02
   6857.0000000000   1.3426637086e+03   0.0000000000e+00   7.4114956613e+02
   6858.0000000000   1.3429518508e+03   0.0000000000e+00   7.4131220042e+02
   6859.0000000000   1.3432392846e+03   0.0000000000e+00   7.4147383026e+02
   6860.0000000000   1.3435363849e+03   0.0000000000e+00   7.4163469817e+02
   6861.0000000000   1.3438371513e+03   0.0000000000e+00   7.4179494144e+02
   6862.0000000000   1.3441406260e+03   0.0000000000e+00   7.4195464894e+02
   6863.0000000000   1.3444360061e+03   0.0000000000e+00   7.4211388324e+02
   6864.0000000000   1.3447290338e+03   0.0000000000e+00   7.4227269102e+02
   6865.0000000000   1.3450204932e+03   0.0000000000e+00   7.4243110852e+02
   6866.0000000000   1.3453107421e+03   0.0000000000e+00   7.4258916486e+02
   6867.0000000000   1.3455999874e+03   0.0000000000e+00   7.4274688399e+02
   6868.0000000000   1.3458883644e+03   0.0000000000e+00   7.4290428601e+02
   6869.0000000000   1.3461862880e+03   0.0000000000e+00   7.4307106460e+02
   6870.0000000000   1.3464774658e+03   0.0000000000e+00   7.4323188968e+02
   6871.0000000000   1.3467670040e+03   0.0000000000e+00   7.4340118659e+02
   6872.0000000000   1.3470657462e+03   0.0000000000e+00   7.4357374825e+02
   6873.0000000000   1.3473575514e+03   0.0000000000e+00   7.4373915002e+02
   6874.0000000000   1.3476579152e+03   0.0000000000e+00   7.4390267611e+02
   6875.0000000000   1.3479510368e+03   0.0000000000e+00   7.4406501202e+02
   6876.0000000000   1.3482422122e+03   0.0000000000e+00   7.4422646349e+02
   6877.0000000000   1.3485320622e+03   0.0000000000e+00   7.4439688048e+02
   6878.0000000000   1.3488208658e+03   0.0000000000e+00   7.4456102957e+02
   6879.0000000000   1.3491087854e+03   0.0000000000e+00   7.4472372425e+02
   6880.0000000000   1.3493959285e+03   0.0000000000e+00   7.4488547158e+02
   6881.0000000000   1.3496823724e+03   0.0000000000e+00   7.4504648971e+02
   6882.0000000000   1.3499784950e+03   0.0000000000e+00   7.4520690279e+02
   6883.0000000000   1.3502782978e+03   0.0000000000e+00   7.4536679219e+02
   6884.0000000000   1.3505705050e+03   0.0000000000e+00   7.4552621596e+02
   6885.0000000000   1.3508606779e+03   0.0000000000e+00   7.4569489447e+02
   6886.0000000000   1.3511495089e+03   0.0000000000e+00   7.4585751724e+02
   6887.0000000000   1.3514373021e+03   0.0000000000e+00   7.4601884800e+02
   6888.0000000000   1.3517242294e+03   0.0000000000e+00   7.4617935974e+02
   6889.0000000000   1.3520104023e+03   0.0000000000e+00   7.4633924626e+02
   6890.0000000000   1.3522958990e+03   0.0000000000e+00   7.4649861373e+02
   6891.0000000000   1.3525807781e+03   0.0000000000e+00   7.4665752982e+02
   6892.0000000000   1.3528857233e+03   0.0000000000e+00   7.4682571848e+02
   6893.0000000000   1.3531780438e+03   0.0000000000e+00   7.4699754672e+02
   6894.0000000000   1.3534678705e+03   0.0000000000e+00   7.4716243307e+02
   6895.0000000000   1.3537561885e+03   0.0000000000e+00   7.4732558552e+02
   6896.0000000000   1.3540433914e+03   0.0000000000e+00   7.4748764672e+02
   6897.0000000000   1.3543400081e+03   0.0000000000e+00   7.4764889598e+02
   6898.0000000000   1.3546298049e+03   0.0000000000e+00   7.4781916584e+02
   6899.0000000000   1.3549282399e+03   0.0000000000e+00   7.4798321085e+02
   6900.0000000000   1.3552298128e+03   0.0000000000e+00   7.4814583586e+02
   6901.0000000000   1.3555234453e+03   0.0000000000e+00   7.4832689461e+02
   6902.0000000000   1.3558251211e+03   0.0000000000e+00   7.4850558709e+02
   6903.0000000000   1.3561192305e+03   0.0000000000e+00   7.4867616036e+02
   6904.0000000000   1.3564111684e+03   0.0000000000e+00   7.4884432832e+02
   6905.0000000000   1.3567016150e+03   0.0000000000e+00   7.4901094498e+02
   6906.0000000000   1.3570012068e+03   0.0000000000e+00   7.4917640521e+02
   6907.0000000000   1.3573040883e+03   0.0000000000e+00   7.4934093743e+02
   6908.0000000000   1.3575990728e+03   0.0000000000e+00   7.4950469050e+02
   6909.0000000000   1.3578917822e+03   0.0000000000e+00   7.4967744566e+02
   6910.0000000000   1.3581829521e+03   0.0000000000e+00   7.4984393564e+02
   6911.0000000000   1.3584729186e+03   0.0000000000e+00   7.5000895613e+02
   6912.0000000000   1.3587618786e+03   0.0000000000e+00   7.5017300461e+02
   6913.0000000000   1.3590602818e+03   0.0000000000e+00   7.5033629416e+02
   6914.0000000000   1.3593518583e+03   0.0000000000e+00   7.5049894638e+02
   6915.0000000000   1.3596417296e+03   0.0000000000e+00   7.5066104161e+02
   6916.0000000000   1.3599304316e+03   0.0000000000e+00   7.5082263776e+02
   6917.0000000000   1.3602181958e+03   0.0000000000e+00   7.5098377907e+02
   6918.0000000000   1.3605051553e+03   0.0000000000e+00   7.5114450075e+02
   6919.0000000000   1.3607913988e+03   0.0000000000e+00   7.5130483161e+02
   6920.0000000000   1.3610769909e+03   0.0000000000e+00   7.5146479585e+02
   6921.0000000000   1.3613619810e+03   0.0000000000e+00   7.5162441408e+02
   6922.0000000000   1.3616464089e+03   0.0000000000e+00   7.5178370417e+02
   6923.0000000000   1.3619406265e+03   0.0000000000e+00   7.5195235833e+02
   6924.0000000000   1.3622282977e+03   0.0000000000e+00   7.5211504547e+02
   6925.0000000000   1.3625248156e+03   0.0000000000e+00   7.5227651376e+02
   6926.0000000000   1.3628143169e+03   0.0000000000e+00   7.5243722418e+02
   6927.0000000000   1.3631123749e+03   0.0000000000e+00   7.5259736103e+02
   6928.0000000000   1.3634135363e+03   0.0000000000e+00   7.5275702284e+02
   6929.0000000000   1.3637170635e+03   0.0000000000e+00   7.5291627109e+02
   6930.0000000000   1.3640225874e+03   0.0000000000e+00   7.5307514807e+02
   6931.0000000000   1.3643195540e+03   0.0000000000e+00   7.5323368492e+02
   6932.0000000000   1.3646138410e+03   0.0000000000e+00   7.5339190571e+02
   6933.0000000000   1.3649269540e+03   0.0000000000e+00   7.5354982978e+02
   6934.0000000000   1.3652368979e+03   0.0000000000e+00   7.5370747310e+02
   6935.0000000000   1.3655376553e+03   0.0000000000e+00   7.5387452569e+02
   6936.0000000000   1.3658353998e+03   0.0000000000e+00   7.5403565425e+02
   6937.0000000000   1.3661311000e+03   0.0000000000e+00   7.5419560472e+02
   6938.0000000000   1.3664252207e+03   0.0000000000e+00   7.5435483593e+02
   6939.0000000000   1.3667180394e+03   0.0000000000e+00   7.5453288323e+02
   6940.0000000000   1.3670097419e+03   0.0000000000e+00   7.5470882992e+02
   6941.0000000000   1.3673107809e+03   0.0000000000e+00   7.5487686233e+02
   6942.0000000000   1.3676048938e+03   0.0000000000e+00   7.5504265655e+02
   6943.0000000000   1.3679178484e+03   0.0000000000e+00   7.5520704049e+02
   6944.0000000000   1.3682174605e+03   0.0000000000e+00   7.5537038972e+02
   6945.0000000000   1.3685140693e+03   0.0000000000e+00   7.5553291774e+02
   6946.0000000000   1.3688087739e+03   0.0000000000e+00   7.5570443805e+02
   6947.0000000000   1.3691020403e+03   0.0000000000e+00   7.5586970067e+02
   6948.0000000000   1.3693941286e+03   0.0000000000e+00   7.5603351090e+02
   6949.0000000000   1.3696852063e+03   0.0000000000e+00   7.5619637162e+02
   6950.0000000000   1.3699753907e+03   0.0000000000e+00   7.5635849881e+02
   6951.0000000000   1.3702647697e+03   0.0000000000e+00   7.5652001552e+02
   6952.0000000000   1.3705637304e+03   0.0000000000e+00   7.5668100263e+02
   6953.0000000000   1.3708662829e+03   0.0000000000e+00   7.5684151804e+02
   6954.0000000000   1.3711714781e+03   0.0000000000e+00   7.5700160559e+02
   6955.0000000000   1.3714685200e+03   0.0000000000e+00   7.5716129990e+02
   6956.0000000000   1.3717631570e+03   0.0000000000e+00   7.5733030561e+02
   6957.0000000000   1.3720664973e+03   0.0000000000e+00   7.5749330116e+02
   6958.0000000000   1.3723625395e+03   0.0000000000e+00   7.5765504215e+02
   6959.0000000000   1.3726565445e+03   0.0000000000e+00   7.5781599543e+02
   6960.0000000000   1.3729594499e+03   0.0000000000e+00   7.5797635007e+02
   6961.0000000000   1.3732654954e+03   0.0000000000e+00   7.5813620847e+02
   6962.0000000000   1.3735635371e+03   0.0000000000e+00   7.5829563526e+02
   6963.0000000000   1.3738695388e+03   0.0000000000e+00   7.5845467540e+02
   6964.0000000000   1.3741678861e+03   0.0000000000e+00   7.5862303878e+02
   6965.0000000000   1.3744639749e+03   0.0000000000e+00   7.5878540642e+02
   6966.0000000000   1.3747688074e+03   0.0000000000e+00   7.5894653503e+02
   6967.0000000000   1.3750663413e+03   0.0000000000e+00   7.5910689176e+02
   6968.0000000000   1.3753618201e+03   0.0000000000e+00   7.5927634206e+02
   6969.0000000000   1.3756558547e+03   0.0000000000e+00   7.5945899607e+02
   6970.0000000000   1.3759487267e+03   0.0000000000e+00   7.5962896382e+02
   6971.0000000000   1.3762509241e+03   0.0000000000e+00   7.5979621106e+02
   6972.0000000000   1.3765461982e+03   0.0000000000e+00   7.5996184445e+02
   6973.0000000000   1.3768396842e+03   0.0000000000e+00   7.6012632713e+02
   6974.0000000000   1.3771422466e+03   0.0000000000e+00   7.6028991121e+02
   6975.0000000000   1.3774377601e+03   0.0000000000e+00   7.6045275416e+02
   6976.0000000000   1.3777314140e+03   0.0000000000e+00   7.6061496326e+02
   6977.0000000000   1.3780237812e+03   0.0000000000e+00   7.6077661615e+02
   6978.0000000000   1.3783151159e+03   0.0000000000e+00   7.6094744805e+02
   6979.0000000000   1.3786055664e+03   0.0000000000e+00   7.6111215996e+02
   6980.0000000000   1.3789055511e+03   0.0000000000e+00   7.6127552460e+02
   6981.0000000000   1.3791987783e+03   0.0000000000e+00   7.6143802215e+02
   6982.0000000000   1.3794903539e+03   0.0000000000e+00   7.6160952875e+02
   6983.0000000000   1.3797808022e+03   0.0000000000e+00   7.6177481041e+02
   6984.0000000000   1.3800806649e+03   0.0000000000e+00   7.6193867455e+02
   6985.0000000000   1.3803737042e+03   0.0000000000e+00   7.6210162176e+02
   6986.0000000000   1.3806650536e+03   0.0000000000e+00   7.6227354103e+02
   6987.0000000000   1.3809552530e+03   0.0000000000e+00   7.6243920687e+02
   6988.0000000000   1.3812445341e+03   0.0000000000e+00   7.6261310915e+02
   6989.0000000000   1.3815330291e+03   0.0000000000e+00   7.6278040773e+02
   6990.0000000000   1.3818311440e+03   0.0000000000e+00   7.6294605397e+02
   6991.0000000000   1.3821225777e+03   0.0000000000e+00   7.6312029605e+02
   6992.0000000000   1.3824124281e+03   0.0000000000e+00   7.6328804262e+02
   6993.0000000000   1.3827012130e+03   0.0000000000e+00   7.6346385176e+02
   6994.0000000000   1.3829994685e+03   0.0000000000e+00   7.6363292395e+02
   6995.0000000000   1.3833012714e+03   0.0000000000e+00   7.6380023716e+02
   6996.0000000000   1.3835953872e+03   0.0000000000e+00   7.6396638166e+02
   6997.0000000000   1.3838874024e+03   0.0000000000e+00   7.6414130126e+02
   6998.0000000000   1.3841780255e+03   0.0000000000e+00   7.6430980715e+02
   6999.0000000000   1.3844778906e+03   0.0000000000e+00   7.6447673883e+02
   7000.0000000000   1.3847708139e+03   0.0000000000e+00   7.6464262062e+02
   7001.0000000000   1.3850619625e+03   0.0000000000e+00   7.6480768312e+02
   7002.0000000000   1.3853518988e+03   0.0000000000e+00   7.6498173657e+02
   7003.0000000000   1.3856511896e+03   0.0000000000e+00   7.6514952503e+02
   7004.0000000000   1.3859539335e+03   0.0000000000e+00   7.6532552517e+02
   7005.0000000000   1.3862489126e+03   0.0000000000e+00   7.6550456754e+02
   7006.0000000000   1.3865520448e+03   0.0000000000e+00   7.6568593279e+02
   7007.0000000000   1.3868580035e+03   0.0000000000e+00   7.6586925937e+02
   7008.0000000000   1.3871661172e+03   0.0000000000e+00   7.6604464192e+02
   7009.0000000000   1.3874657382e+03   0.0000000000e+00   7.6621758690e+02
   7010.0000000000   1.3877627044e+03   0.0000000000e+00   7.6638890438e+02
   7011.0000000000   1.3880681827e+03   0.0000000000e+00   7.6655898018e+02
   7012.0000000000   1.3883662123e+03   0.0000000000e+00   7.6672804359e+02
   7013.0000000000   1.3886724028e+03   0.0000000000e+00   7.6689624744e+02
   7014.0000000000   1.3889813496e+03   0.0000000000e+00   7.6706370121e+02
   7015.0000000000   1.3893026786e+03   0.0000000000e+00   7.6723048731e+02
   7016.0000000000   1.3896093748e+03   0.0000000000e+00   7.6739667016e+02
   7017.0000000000   1.3899123293e+03   0.0000000000e+00   7.6757197805e+02
   7018.0000000000   1.3902128749e+03   0.0000000000e+00   7.6774110865e+02
   7019.0000000000   1.3905116066e+03   0.0000000000e+00   7.6791850993e+02
   7020.0000000000   1.3908088656e+03   0.0000000000e+00   7.6808931716e+02
   7021.0000000000   1.3911151936e+03   0.0000000000e+00   7.6825846651e+02
   7022.0000000000   1.3914143841e+03   0.0000000000e+00   7.6842651994e+02
   7023.0000000000   1.3917116051e+03   0.0000000000e+00   7.6860340138e+02
   7024.0000000000   1.3920177467e+03   0.0000000000e+00   7.6877390758e+02
   7025.0000000000   1.3923167040e+03   0.0000000000e+00   7.6894286735e+02
   7026.0000000000   1.3926136826e+03   0.0000000000e+00   7.6911079689e+02
   7027.0000000000   1.3929092692e+03   0.0000000000e+00   7.6927792057e+02
   7028.0000000000   1.3932140483e+03   0.0000000000e+00   7.6944436727e+02
   7029.0000000000   1.3935118136e+03   0.0000000000e+00   7.6961022217e+02
   7030.0000000000   1.3938180418e+03   0.0000000000e+00   7.6977554657e+02
   7031.0000000000   1.3941169280e+03   0.0000000000e+00   7.6994038719e+02
   7032.0000000000   1.3944137698e+03   0.0000000000e+00   7.7010478108e+02
   7033.0000000000   1.3947195110e+03   0.0000000000e+00   7.7026875852e+02
   7034.0000000000   1.3950283906e+03   0.0000000000e+00   7.7043234487e+02
   7035.0000000000   1.3953292622e+03   0.0000000000e+00   7.7061491483e+02
   7036.0000000000   1.3956277680e+03   0.0000000000e+00   7.7078579724e+02
   7037.0000000000   1.3959246555e+03   0.0000000000e+00   7.7095448007e+02
   7038.0000000000   1.3962202687e+03   0.0000000000e+00   7.7112187754e+02
   7039.0000000000   1.3965148099e+03   0.0000000000e+00   7.7129802762e+02
   7040.0000000000   1.3968187332e+03   0.0000000000e+00   7.7146777580e+02
   7041.0000000000   1.3971157719e+03   0.0000000000e+00   7.7163597460e+02
   7042.0000000000   1.3974110506e+03   0.0000000000e+00   7.7180315271e+02
   7043.0000000000   1.3977051075e+03   0.0000000000e+00   7.7196954124e+02
   7044.0000000000   1.3980084956e+03   0.0000000000e+00   7.7213527269e+02
   7045.0000000000   1.3983256242e+03   0.0000000000e+00   7.7231011060e+02
   7046.0000000000   1.3986289066e+03   0.0000000000e+00   7.7247877214e+02
   7047.0000000000   1.3989289892e+03   0.0000000000e+00   7.7264603994e+02
   7048.0000000000   1.3992270683e+03   0.0000000000e+00   7.7281240063e+02
   7049.0000000000   1.3995236524e+03   0.0000000000e+00   7.7297805825e+02
   7050.0000000000   1.3998190227e+03   0.0000000000e+00   7.7314312688e+02
   7051.0000000000   1.4001236775e+03   0.0000000000e+00   7.7330768048e+02
   7052.0000000000   1.4004213775e+03   0.0000000000e+00   7.7347177158e+02
   7053.0000000000   1.4007172648e+03   0.0000000000e+00   7.7363543983e+02
   7054.0000000000   1.4010118899e+03   0.0000000000e+00   7.7379871646e+02
   7055.0000000000   1.4013158143e+03   0.0000000000e+00   7.7397130343e+02
   7056.0000000000   1.4016128157e+03   0.0000000000e+00   7.7413787701e+02
   7057.0000000000   1.4019183588e+03   0.0000000000e+00   7.7430319103e+02
   7058.0000000000   1.4022269483e+03   0.0000000000e+00   7.7446771093e+02
   7059.0000000000   1.4025275105e+03   0.0000000000e+00   7.7463162460e+02
   7060.0000000000   1.4028257142e+03   0.0000000000e+00   7.7480471001e+02
   7061.0000000000   1.4031326367e+03   0.0000000000e+00   7.7497168613e+02
   7062.0000000000   1.4034322627e+03   0.0000000000e+00   7.7514700959e+02
   7063.0000000000   1.4037298461e+03   0.0000000000e+00   7.7531581815e+02
   7064.0000000000   1.4040260019e+03   0.0000000000e+00   7.7548304739e+02
   7065.0000000000   1.4043313318e+03   0.0000000000e+00   7.7564925711e+02
   7066.0000000000   1.4046399596e+03   0.0000000000e+00   7.7581469168e+02
   7067.0000000000   1.4049406861e+03   0.0000000000e+00   7.7597948953e+02
   7068.0000000000   1.4052391249e+03   0.0000000000e+00   7.7614374021e+02
   7069.0000000000   1.4055360061e+03   0.0000000000e+00   7.7631718326e+02
   7070.0000000000   1.4058316624e+03   0.0000000000e+00   7.7649419718e+02
   7071.0000000000   1.4061262880e+03   0.0000000000e+00   7.7666420924e+02
   7072.0000000000   1.4064200122e+03   0.0000000000e+00   7.7683243422e+02
   7073.0000000000   1.4067129279e+03   0.0000000000e+00   7.7699952018e+02
   7074.0000000000   1.4070051057e+03   0.0000000000e+00   7.7716575083e+02
   7075.0000000000   1.4073069207e+03   0.0000000000e+00   7.7733128575e+02
   7076.0000000000   1.4076020544e+03   0.0000000000e+00   7.7749622742e+02
   7077.0000000000   1.4078955953e+03   0.0000000000e+00   7.7766064744e+02
   7078.0000000000   1.4081880552e+03   0.0000000000e+00   7.7782459879e+02
   7079.0000000000   1.4084796479e+03   0.0000000000e+00   7.7798812241e+02
   7080.0000000000   1.4087704929e+03   0.0000000000e+00   7.7815125096e+02
   7081.0000000000   1.4090813067e+03   0.0000000000e+00   7.7831401118e+02
   7082.0000000000   1.4093794174e+03   0.0000000000e+00   7.7848610199e+02
   7083.0000000000   1.4096749685e+03   0.0000000000e+00   7.7865219745e+02
   7084.0000000000   1.4099689536e+03   0.0000000000e+00   7.7881704978e+02
   7085.0000000000   1.4102720918e+03   0.0000000000e+00   7.7898112314e+02
   7086.0000000000   1.4105682336e+03   0.0000000000e+00   7.7915428093e+02
   7087.0000000000   1.4108728822e+03   0.0000000000e+00   7.7932127884e+02
   7088.0000000000   1.4111702455e+03   0.0000000000e+00   7.7948691584e+02
   7089.0000000000   1.4114656266e+03   0.0000000000e+00   7.7965168545e+02
   7090.0000000000   1.4117596524e+03   0.0000000000e+00   7.7981579424e+02
   7091.0000000000   1.4120526064e+03   0.0000000000e+00   7.7997935663e+02
   7092.0000000000   1.4123446544e+03   0.0000000000e+00   7.8015212238e+02
   7093.0000000000   1.4126359070e+03   0.0000000000e+00   7.8031879782e+02
   7094.0000000000   1.4129470820e+03   0.0000000000e+00   7.8048415687e+02
   7095.0000000000   1.4132558312e+03   0.0000000000e+00   7.8064867899e+02
   7096.0000000000   1.4135559393e+03   0.0000000000e+00   7.8081256222e+02
   7097.0000000000   1.4138534549e+03   0.0000000000e+00   7.8097591556e+02
   7098.0000000000   1.4141492619e+03   0.0000000000e+00   7.8113880860e+02
   7099.0000000000   1.4144644026e+03   0.0000000000e+00   7.8130129009e+02
   7100.0000000000   1.4147663815e+03   0.0000000000e+00   7.8146339634e+02
   7101.0000000000   1.4150654504e+03   0.0000000000e+00   7.8162515564e+02
   7102.0000000000   1.4153626751e+03   0.0000000000e+00   7.8179626735e+02
   7103.0000000000   1.4156585067e+03   0.0000000000e+00   7.8196140539e+02
   7104.0000000000   1.4159531972e+03   0.0000000000e+00   7.8212532148e+02
   7105.0000000000   1.4162572282e+03   0.0000000000e+00   7.8228847912e+02
   7106.0000000000   1.4165749884e+03   0.0000000000e+00   7.8245106447e+02
   7107.0000000000   1.4168788853e+03   0.0000000000e+00   7.8261317736e+02
   7108.0000000000   1.4171795655e+03   0.0000000000e+00   7.8278455676e+02
   7109.0000000000   1.4174782272e+03   0.0000000000e+00   7.8294990067e+02
   7110.0000000000   1.4177857004e+03   0.0000000000e+00   7.8311397650e+02
   7111.0000000000   1.4180859049e+03   0.0000000000e+00   7.8330628810e+02
   7112.0000000000   1.4183943916e+03   0.0000000000e+00   7.8348099441e+02
   7113.0000000000   1.4186954028e+03   0.0000000000e+00   7.8365240824e+02
   7114.0000000000   1.4190045872e+03   0.0000000000e+00   7.8382194574e+02
   7115.0000000000   1.4193268666e+03   0.0000000000e+00   7.8399985234e+02
   7116.0000000000   1.4196451826e+03   0.0000000000e+00   7.8417108531e+02
   7117.0000000000   1.4199539313e+03   0.0000000000e+00   7.8435024261e+02
   7118.0000000000   1.4202697490e+03   0.0000000000e+00   7.8452255403e+02
   7119.0000000000   1.4205773077e+03   0.0000000000e+00   7.8469301907e+02
   7120.0000000000   1.4208821597e+03   0.0000000000e+00   7.8487192052e+02
   7121.0000000000   1.4211850848e+03   0.0000000000e+00   7.8504419289e+02
   7122.0000000000   1.4214864703e+03   0.0000000000e+00   7.8521473753e+02
   7123.0000000000   1.4217865560e+03   0.0000000000e+00   7.8539379193e+02
   7124.0000000000   1.4220855080e+03   0.0000000000e+00   7.8556626577e+02
   7125.0000000000   1.4223834490e+03   0.0000000000e+00   7.8574672190e+02
   7126.0000000000   1.4227011121e+03   0.0000000000e+00   7.8592036657e+02
   7127.0000000000   1.4230058454e+03   0.0000000000e+00   7.8609218355e+02
   7128.0000000000   1.4233181306e+03   0.0000000000e+00   7.8627244504e+02
   7129.0000000000   1.4236226153e+03   0.0000000000e+00   7.8644607829e+02
   7130.0000000000   1.4239247654e+03   0.0000000000e+00   7.8661797966e+02
   7131.0000000000   1.4242252895e+03   0.0000000000e+00   7.8679838318e+02
   7132.0000000000   1.4245245197e+03   0.0000000000e+00   7.8697219615e+02
   7133.0000000000   1.4248329734e+03   0.0000000000e+00   7.8714430325e+02
   7134.0000000000   1.4251344205e+03   0.0000000000e+00   7.8731525459e+02
   7135.0000000000   1.4254443277e+03   0.0000000000e+00   7.8748529741e+02
   7136.0000000000   1.4257572047e+03   0.0000000000e+00   7.8766425366e+02
   7137.0000000000   1.4260619831e+03   0.0000000000e+00   7.8783687613e+02
   7138.0000000000   1.4263643370e+03   0.0000000000e+00   7.8803700140e+02
   7139.0000000000   1.4266650292e+03   0.0000000000e+00   7.8821909911e+02
   7140.0000000000   1.4269747318e+03   0.0000000000e+00   7.8839759444e+02
   7141.0000000000   1.4272772884e+03   0.0000000000e+00   7.8857396198e+02
   7142.0000000000   1.4275882070e+03   0.0000000000e+00   7.8874880743e+02
   7143.0000000000   1.4278917035e+03   0.0000000000e+00   7.8892245896e+02
   7144.0000000000   1.4282034090e+03   0.0000000000e+00   7.8909512188e+02
   7145.0000000000   1.4285075951e+03   0.0000000000e+00   7.8926693673e+02
   7146.0000000000   1.4288199225e+03   0.0000000000e+00   7.8943800581e+02
   7147.0000000000   1.4291246803e+03   0.0000000000e+00   7.8960840703e+02
   7148.0000000000   1.4294272216e+03   0.0000000000e+00   7.8977820180e+02
   7149.0000000000   1.4297282071e+03   0.0000000000e+00   7.8994743981e+02
   7150.0000000000   1.4300279451e+03   0.0000000000e+00   7.9011616217e+02
   7151.0000000000   1.4303266207e+03   0.0000000000e+00   7.9028440351e+02
   7152.0000000000   1.4306243595e+03   0.0000000000e+00   7.9046186994e+02
   7153.0000000000   1.4309212537e+03   0.0000000000e+00   7.9063324213e+02
   7154.0000000000   1.4312173744e+03   0.0000000000e+00   7.9081295482e+02
   7155.0000000000   1.4315230975e+03   0.0000000000e+00   7.9098613269e+02
   7156.0000000000   1.4318324249e+03   0.0000000000e+00   7.9115770337e+02
   7157.0000000000   1.4321340823e+03   0.0000000000e+00   7.9132822184e+02
   7158.0000000000   1.4324336332e+03   0.0000000000e+00   7.9149792965e+02
   7159.0000000000   1.4327317724e+03   0.0000000000e+00   7.9166696367e+02
   7160.0000000000   1.4330288065e+03   0.0000000000e+00   7.9183541276e+02
   7161.0000000000   1.4333249100e+03   0.0000000000e+00   7.9200333979e+02
   7162.0000000000   1.4336201966e+03   0.0000000000e+00   7.9217079190e+02
   7163.0000000000   1.4339250663e+03   0.0000000000e+00   7.9233780600e+02
   7164.0000000000   1.4342335350e+03   0.0000000000e+00   7.9250441193e+02
   7165.0000000000   1.4345343369e+03   0.0000000000e+00   7.9268031099e+02
   7166.0000000000   1.4348433600e+03   0.0000000000e+00   7.9285017921e+02
   7167.0000000000   1.4351449384e+03   0.0000000000e+00   7.9302844696e+02
   7168.0000000000   1.4354444309e+03   0.0000000000e+00   7.9320023489e+02
   7169.0000000000   1.4357424929e+03   0.0000000000e+00   7.9338014349e+02
   7170.0000000000   1.4360394246e+03   0.0000000000e+00   7.9355337942e+02
   7171.0000000000   1.4363354022e+03   0.0000000000e+00   7.9372491694e+02
   7172.0000000000   1.4366305433e+03   0.0000000000e+00   7.9390501646e+02
   7173.0000000000   1.4369455705e+03   0.0000000000e+00   7.9407859358e+02
   7174.0000000000   1.4372478203e+03   0.0000000000e+00   7.9425053397e+02
   7175.0000000000   1.4375474438e+03   0.0000000000e+00   7.9442138554e+02
   7176.0000000000   1.4378454418e+03   0.0000000000e+00   7.9459139202e+02
   7177.0000000000   1.4381525392e+03   0.0000000000e+00   7.9476069482e+02
   7178.0000000000   1.4384629110e+03   0.0000000000e+00   7.9492938760e+02
   7179.0000000000   1.4387653820e+03   0.0000000000e+00   7.9509753754e+02
   7180.0000000000   1.4390655777e+03   0.0000000000e+00   7.9526519554e+02
   7181.0000000000   1.4393642343e+03   0.0000000000e+00   7.9543240165e+02
   7182.0000000000   1.4396616875e+03   0.0000000000e+00   7.9559918835e+02
   7183.0000000000   1.4399581328e+03   0.0000000000e+00   7.9576558260e+02
   7184.0000000000   1.4402640188e+03   0.0000000000e+00   7.9593160717e+02
   7185.0000000000   1.4405630742e+03   0.0000000000e+00   7.9609728162e+02
   7186.0000000000   1.4408604195e+03   0.0000000000e+00   7.9626262295e+02
   7187.0000000000   1.4411669084e+03   0.0000000000e+00   7.9642764610e+02
   7188.0000000000   1.4414767268e+03   0.0000000000e+00   7.9659236433e+02
   7189.0000000000   1.4417890126e+03   0.0000000000e+00   7.9675678952e+02
   7190.0000000000   1.4420930199e+03   0.0000000000e+00   7.9692093236e+02
   7191.0000000000   1.4423945283e+03   0.0000000000e+00   7.9708480253e+02
   7192.0000000000   1.4427046669e+03   0.0000000000e+00   7.9725808544e+02
   7193.0000000000   1.4430177679e+03   0.0000000000e+00   7.9743512080e+02
   7194.0000000000   1.4433433773e+03   0.0000000000e+00   7.9760530693e+02
   7195.0000000000   1.4436544437e+03   0.0000000000e+00   7.9777383639e+02
   7196.0000000000   1.4439618380e+03   0.0000000000e+00   7.9795101622e+02
   7197.0000000000   1.4442771988e+03   0.0000000000e+00   7.9812177106e+02
   7198.0000000000   1.4445847475e+03   0.0000000000e+00   7.9829098472e+02
   7199.0000000000   1.4448898685e+03   0.0000000000e+00   7.9845919995e+02
   7200.0000000000   1.4452138967e+03   0.0000000000e+00   7.9863633106e+02
   7201.0000000000   1.4455244428e+03   0.0000000000e+00   7.9881684515e+02
   7202.0000000000   1.4458318166e+03   0.0000000000e+00   7.9899989777e+02
   7203.0000000000   1.4461474413e+03   0.0000000000e+00   7.9917539182e+02
   7204.0000000000   1.4464554321e+03   0.0000000000e+00   7.9934873353e+02
   7205.0000000000   1.4467611130e+03   0.0000000000e+00   7.9952067234e+02
   7206.0000000000   1.4470651440e+03   0.0000000000e+00   7.9969155371e+02
   7207.0000000000   1.4473781587e+03   0.0000000000e+00   7.9986157834e+02
   7208.0000000000   1.4476839859e+03   0.0000000000e+00   8.0003087767e+02
   7209.0000000000   1.4479878093e+03   0.0000000000e+00   8.0019954465e+02
   7210.0000000000   1.4482902075e+03   0.0000000000e+00   8.0036764850e+02
   7211.0000000000   1.4485914437e+03   0.0000000000e+00   8.0053524287e+02
   7212.0000000000   1.4488916755e+03   0.0000000000e+00   8.0071204711e+02
   7213.0000000000   1.4491910110e+03   0.0000000000e+00   8.0088275126e+02
   7214.0000000000   1.4494895307e+03   0.0000000000e+00   8.0105212028e+02
   7215.0000000000   1.4497872975e+03   0.0000000000e+00   8.0123030526e+02
   7216.0000000000   1.4500843625e+03   0.0000000000e+00   8.0140215669e+02
   7217.0000000000   1.4503910874e+03   0.0000000000e+00   8.0157251817e+02
   7218.0000000000   1.4506911445e+03   0.0000000000e+00   8.0174190876e+02
   7219.0000000000   1.4509896154e+03   0.0000000000e+00   8.0191055161e+02
   7220.0000000000   1.4512973263e+03   0.0000000000e+00   8.0207857284e+02
   7221.0000000000   1.4515981235e+03   0.0000000000e+00   8.0224605450e+02
   7222.0000000000   1.4518971740e+03   0.0000000000e+00   8.0241305472e+02
   7223.0000000000   1.4521950338e+03   0.0000000000e+00   8.0257961720e+02
   7224.0000000000   1.4524919432e+03   0.0000000000e+00   8.0274577619e+02
   7225.0000000000   1.4527880393e+03   0.0000000000e+00   8.0291155938e+02
   7226.0000000000   1.4530834119e+03   0.0000000000e+00   8.0309634284e+02
   7227.0000000000   1.4533884448e+03   0.0000000000e+00   8.0326945613e+02
   7228.0000000000   1.4536868231e+03   0.0000000000e+00   8.0345006409e+02
   7229.0000000000   1.4539939552e+03   0.0000000000e+00   8.0363341258e+02
   7230.0000000000   1.4543043079e+03   0.0000000000e+00   8.0381893031e+02
   7231.0000000000   1.4546170995e+03   0.0000000000e+00   8.0399664811e+02
   7232.0000000000   1.4549216143e+03   0.0000000000e+00   8.0417204228e+02
   7233.0000000000   1.4552339638e+03   0.0000000000e+00   8.0434590467e+02
   7234.0000000000   1.4555385996e+03   0.0000000000e+00   8.0451860842e+02
   7235.0000000000   1.4558409510e+03   0.0000000000e+00   8.0469037323e+02
   7236.0000000000   1.4561417193e+03   0.0000000000e+00   8.0487102079e+02
   7237.0000000000   1.4564515556e+03   0.0000000000e+00   8.0505498585e+02
   7238.0000000000   1.4567542950e+03   0.0000000000e+00   8.0524141289e+02
   7239.0000000000   1.4570551224e+03   9.6765433571e-03   8.0542020241e+02
   7240.0000000000   1.4573649340e+03   1.3684698852e-02   8.0559676205e+02
   7241.0000000000   1.4576676263e+03   1.6760264736e-02   8.0577184431e+02
   7242.0000000000   1.4579684035e+03   1.9353086714e-02   8.0594579840e+02
   7243.0000000000   1.4582678498e+03   2.1637408734e-02   8.0611882888e+02
   7244.0000000000   1.4585662277e+03   2.3702593699e-02   8.0629107108e+02
   7245.0000000000   1.4588740106e+03   2.5601727274e-02   8.0646262160e+02
   7246.0000000000   1.4591852580e+03   2.7369397705e-02   8.0663355313e+02
   7247.0000000000   1.4594990513e+03   2.9029630071e-02   8.0680392253e+02
   7248.0000000000   1.4598149344e+03   3.0599916886e-02   8.0697377559e+02
   7249.0000000000   1.4601223062e+03   3.2093463583e-02   8.0714315003e+02
   7250.0000000000   1.4604270164e+03   3.3520529472e-02   8.0731207757e+02
   7251.0000000000   1.4607402339e+03   3.4889273243e-02   8.0748058525e+02
   7252.0000000000   1.4610459976e+03   3.6206309930e-02   8.0764869643e+02
   7253.0000000000   1.4613495961e+03   3.7477091271e-02   8.0781643153e+02
   7254.0000000000   1.4616516684e+03   3.8706173428e-02   8.0798380858e+02
   7255.0000000000   1.4619525143e+03   3.9897410352e-02   8.0815084358e+02
   7256.0000000000   1.4622626345e+03   4.1054096557e-02   8.0831755089e+02
   7257.0000000000   1.4625657893e+03   4.2179074616e-02   8.0848394345e+02
   7258.0000000000   1.4628774397e+03   4.3274817467e-02   8.0865003301e+02
   7259.0000000000   1.4631817724e+03   4.4343492399e-02   8.0881583025e+02
   7260.0000000000   1.4634840800e+03   4.5387011463e-02   8.0898134498e+02
   7261.0000000000   1.4637953034e+03   4.6407071669e-02   8.0914658621e+02
   7262.0000000000   1.4641096793e+03   4.7405187398e-02   8.0931156226e+02
   7263.0000000000   1.4644263790e+03   4.8382716785e-02   8.0947628083e+02
   7264.0000000000   1.4647449987e+03   4.9340883402e-02   8.0964074909e+02
   7265.0000000000   1.4650652905e+03   5.0280794208e-02   8.0980497372e+02
   7266.0000000000   1.4653870827e+03   5.1203454547e-02   8.0996896096e+02
   7267.0000000000   1.4656999288e+03   5.2109780741e-02   8.1013271666e+02
   7268.0000000000   1.4660407314e+03   5.3000610753e-02   8.1029624631e+02
   7269.0000000000   1.4663613132e+03   5.3876713259e-02   8.1046923163e+02
   7270.0000000000   1.4666772731e+03   5.4738795410e-02   8.1063633257e+02
   7271.0000000000   1.4669903230e+03   5.5587509517e-02   8.1080228954e+02
   7272.0000000000   1.4673012054e+03   6.6100002181e-02   8.1097723329e+02
   7273.0000000000   1.4676103409e+03   7.0931901378e-02   8.1114599728e+02
   7274.0000000000   1.4679180023e+03   7.4819524879e-02   8.1131341061e+02
   7275.0000000000   1.4682243815e+03   8.7889745426e-02   8.1148965649e+02
   7276.0000000000   1.4685296214e+03   9.4972326957e-02   8.1165960239e+02
   7277.0000000000   1.4688338327e+03   1.0089285233e-01   8.1183777746e+02
   7278.0000000000   1.4691474231e+03   1.0615464776e-01   8.1200936042e+02
   7279.0000000000   1.4694541011e+03   1.1096691574e-01   8.1217931223e+02
   7280.0000000000   1.4697589775e+03   1.1544339212e-01   8.1234820936e+02
   7281.0000000000   1.4700625834e+03   1.1965498235e-01   8.1251630765e+02
   7282.0000000000   1.4703651487e+03   1.2364978845e-01   8.1268375360e+02
   7283.0000000000   1.4706668070e+03   1.2746238574e-01   8.1285064267e+02
   7284.0000000000   1.4709676488e+03   1.3111870027e-01   8.1301704219e+02
   7285.0000000000   1.4712677407e+03   1.3463881250e-01   8.1318300228e+02
   7286.0000000000   1.4715671351e+03   1.3803867969e-01   8.1334856181e+02
   7287.0000000000   1.4718761935e+03   1.4133125017e-01   8.1351375178e+02
   7288.0000000000   1.4721992262e+03   1.4452721454e-01   8.1367859758e+02
   7289.0000000000   1.4725085861e+03   1.4763552965e-01   8.1384312040e+02
   7290.0000000000   1.4728251994e+03   1.5066379453e-01   8.1400733819e+02
   7291.0000000000   1.4731338710e+03   1.5361852681e-01   8.1417126639e+02
   7292.0000000000   1.4734401390e+03   1.5650537005e-01   8.1433491844e+02
   7293.0000000000   1.4737447492e+03   1.5932925228e-01   8.1449830616e+02
   7294.0000000000   1.4740583739e+03   1.6209450900e-01   8.1467111656e+02
   7295.0000000000   1.4743648594e+03   1.6480498005e-01   8.1483801408e+02
   7296.0000000000   1.4746693968e+03   1.6746408690e-01   8.1500374293e+02
   7297.0000000000   1.4749725674e+03   1.7007489493e-01   8.1516876060e+02
   7298.0000000000   1.4752849530e+03   1.7264016415e-01   8.1534292483e+02
   7299.0000000000   1.4756006647e+03   1.7516239095e-01   8.1551098642e+02
   7300.0000000000   1.4759188137e+03   1.7764384273e-01   8.1567774011e+02
   7301.0000000000   1.4762286438e+03   1.8008658678e-01   8.1584367574e+02
   7302.0000000000   1.4765359309e+03   1.8249251466e-01   8.1601867314e+02
   7303.0000000000   1.4768518032e+03   1.8486336281e-01   8.1619717544e+02
   7304.0000000000   1.4771602742e+03   1.8720073013e-01   8.1636864417e+02
   7305.0000000000   1.4774666168e+03   1.9918263643e-01   8.1653831388e+02
   7306.0000000000   1.4777817777e+03   2.0546551749e-01   8.1670684467e+02
   7307.0000000000   1.4780896852e+03   2.1078644036e-01   8.1687452788e+02
   7308.0000000000   1.4784058843e+03   2.1559643111e-01   8.1705120454e+02
   7309.0000000000   1.4787146108e+03   2.2007083424e-01   8.1722163543e+02
   7310.0000000000   1.4790315082e+03   2.2430004085e-01   8.1739063003e+02
   7311.0000000000   1.4793408559e+03   2.2833809908e-01   8.1756836902e+02
   7312.0000000000   1.4796480013e+03   2.4189704316e-01   8.1773972348e+02
   7313.0000000000   1.4799536014e+03   2.4965681485e-01   8.1790955168e+02
   7314.0000000000   1.4802682811e+03   2.6604804617e-01   8.1807838348e+02
   7315.0000000000   1.4805758600e+03   2.7618960897e-01   8.1824645009e+02
   7316.0000000000   1.4808815128e+03   2.8500251444e-01   8.1841388378e+02
   7317.0000000000   1.4811858103e+03   2.9303480064e-01   8.1858077132e+02
   7318.0000000000   1.4814890086e+03   3.0052104702e-01   8.1875685108e+02
   7319.0000000000   1.4818015785e+03   3.0759125803e-01   8.1892682472e+02
   7320.0000000000   1.4821072589e+03   3.1432767132e-01   8.1910514111e+02
   7321.0000000000   1.4824111757e+03   3.2078676372e-01   8.1927693469e+02
   7322.0000000000   1.4827138677e+03   3.2700957578e-01   8.1944713992e+02
   7323.0000000000   1.4830155679e+03   3.4270373599e-01   8.1961631660e+02
   7324.0000000000   1.4833267302e+03   3.5254861784e-01   8.1979438624e+02
   7325.0000000000   1.4836413998e+03   3.6129950727e-01   8.1997581968e+02
   7326.0000000000   1.4839483286e+03   3.6942219831e-01   8.2015009832e+02
   7327.0000000000   1.4842530974e+03   3.7710421006e-01   8.2032247173e+02
   7328.0000000000   1.4845667315e+03   3.8444611472e-01   8.2049361183e+02
   7329.0000000000   1.4848835013e+03   3.9151057933e-01   8.2066381949e+02
   7330.0000000000   1.4851922737e+03   3.9834046913e-01   8.2083326712e+02
   7331.0000000000   1.4854986970e+03   4.0496702581e-01   8.2100206711e+02
   7332.0000000000   1.4858035210e+03   4.1141408537e-01   8.2117029883e+02
   7333.0000000000   1.4861174094e+03   4.1770046977e-01   8.2134769809e+02
   7334.0000000000   1.4864242002e+03   4.2384144345e-01   8.2151896603e+02
   7335.0000000000   1.4867290778e+03   4.3952619473e-01   8.2168887536e+02
   7336.0000000000   1.4870429372e+03   4.4942044986e-01   8.2187725936e+02
   7337.0000000000   1.4873496734e+03   4.5826911875e-01   8.2207298088e+02
   7338.0000000000   1.4876544893e+03   4.7620647473e-01   8.2225493264e+02
   7339.0000000000   1.4879682871e+03   4.9774526631e-01   8.2243355766e+02
   7340.0000000000   1.4882852835e+03   5.1237180218e-01   8.2261015499e+02
   7341.0000000000   1.4885943186e+03   5.2533021446e-01   8.2278529019e+02
   7342.0000000000   1.4889010260e+03   5.3728401511e-01   8.2295927842e+02
   7343.0000000000   1.4892061467e+03   5.5820173076e-01   8.2313231963e+02
   7344.0000000000   1.4895100202e+03   5.7290230907e-01   8.2330455160e+02
   7345.0000000000   1.4898128451e+03   5.8622600833e-01   8.2347607485e+02
   7346.0000000000   1.4901250723e+03   5.9869481697e-01   8.2364696590e+02
   7347.0000000000   1.4904304329e+03   6.1053565339e-01   8.2381728493e+02
   7348.0000000000   1.4907340493e+03   6.4123103896e-01   8.2400643357e+02
   7349.0000000000   1.4910467772e+03   6.6017566018e-01   8.2418376200e+02
   7350.0000000000   1.4913628039e+03   6.8657757759e-01   8.2435877536e+02
   7351.0000000000   1.4916709497e+03   7.0603639388e-01   8.2453240191e+02
   7352.0000000000   1.4919768338e+03   7.2367128754e-01   8.2470501476e+02
   7353.0000000000   1.4923121443e+03   7.4013878833e-01   8.2487681406e+02
   7354.0000000000   1.4926281207e+03   7.5574223312e-01   8.2504792486e+02
   7355.0000000000   1.4929504254e+03   7.7065930326e-01   8.2521843303e+02
   7356.0000000000   1.4932642605e+03   7.8500736466e-01   8.2538840156e+02
   7357.0000000000   1.4935753246e+03   8.0854647141e-01   8.2555787885e+02
   7358.0000000000   1.4938844519e+03   8.2599422732e-01   8.2572690344e+02
   7359.0000000000   1.4942023712e+03   8.4213504374e-01   8.2589550688e+02
   7360.0000000000   1.4945129686e+03   8.5745765527e-01   8.2606371556e+02
   7361.0000000000   1.4948214643e+03   8.7216812914e-01   8.2623155194e+02
   7362.0000000000   1.4951284619e+03   8.8638235330e-01   8.2640871197e+02
   7363.0000000000   1.4954342417e+03   9.0017586176e-01   8.2657986770e+02
   7364.0000000000   1.4957492928e+03   9.1360248637e-01   8.2674976991e+02
   7365.0000000000   1.4960573687e+03   9.2670293021e-01   8.2691888183e+02
   7366.0000000000   1.4963636070e+03   9.3950927774e-01   8.2708738969e+02
   7367.0000000000   1.4966685556e+03   9.5204760701e-01   8.2725539373e+02
   7368.0000000000   1.4969724554e+03   9.6433961612e-01   8.2742295691e+02
   7369.0000000000   1.4972857667e+03   9.7640369416e-01   8.2759979938e+02
   7370.0000000000   1.4975922208e+03   9.8825565877e-01   8.2777060854e+02
   7371.0000000000   1.4978969383e+03   9.9990928273e-01   8.2794014533e+02
   7372.0000000000   1.4982004535e+03   1.0210532248e+00   8.2810887989e+02
   7373.0000000000   1.4985133154e+03   1.0363533041e+00   8.2827700333e+02
   7374.0000000000   1.4988296115e+03   1.0505549298e+00   8.2844461929e+02
   7375.0000000000   1.4991381160e+03   1.0641165956e+00   8.2861179322e+02
   7376.0000000000   1.4994444228e+03   1.0772203719e+00   8.2877857054e+02
   7377.0000000000   1.4997595660e+03   1.0899627405e+00   8.2894498490e+02
   7378.0000000000   1.5000675024e+03   1.1024032920e+00   8.2911106240e+02
   7379.0000000000   1.5003734670e+03   1.1145825825e+00   8.2927682404e+02
   7380.0000000000   1.5006883802e+03   1.1265301328e+00   8.2945196371e+02
   7381.0000000000   1.5009961505e+03   1.1382685134e+00   8.2962115116e+02
   7382.0000000000   1.5013019887e+03   1.1498156357e+00   8.2978913477e+02
   7383.0000000000   1.5016064828e+03   1.1611861333e+00   8.2995637540e+02
   7384.0000000000   1.5019098973e+03   1.1723922406e+00   8.3013273354e+02
   7385.0000000000   1.5022227068e+03   1.1931209235e+00   8.3030296230e+02
   7386.0000000000   1.5025389714e+03   1.2080362669e+00   8.3047185835e+02
   7387.0000000000   1.5028474540e+03   1.2218819691e+00   8.3063991322e+02
   7388.0000000000   1.5031537433e+03   1.2447914162e+00   8.3080733163e+02
   7389.0000000000   1.5034585519e+03   1.2616001753e+00   8.3098390291e+02
   7390.0000000000   1.5037725187e+03   1.2868155853e+00   8.3115435389e+02
   7391.0000000000   1.5040794643e+03   1.3056007573e+00   8.3132347031e+02
   7392.0000000000   1.5043845603e+03   1.3229049849e+00   8.3150141546e+02
   7393.0000000000   1.5046883732e+03   1.3392957792e+00   8.3167304717e+02
   7394.0000000000   1.5050014735e+03   1.3550219034e+00   8.3184321341e+02
   7395.0000000000   1.5053076442e+03   1.3702241608e+00   8.3201243581e+02
   7396.0000000000   1.5056326723e+03   1.3849933079e+00   8.3218093888e+02
   7397.0000000000   1.5059443817e+03   1.3993927393e+00   8.3234884939e+02
   7398.0000000000   1.5062531141e+03   1.4134692490e+00   8.3251624950e+02
   7399.0000000000   1.5065599683e+03   1.4272588037e+00   8.3268319713e+02
   7400.0000000000   1.5068757282e+03   1.4407899190e+00   8.3284973557e+02
   7401.0000000000   1.5071842881e+03   1.4540857669e+00   8.3301589849e+02
   7402.0000000000   1.5075011825e+03   1.4671655578e+00   8.3319138948e+02
   7403.0000000000   1.5078106425e+03   1.4800454849e+00   8.3336088589e+02
   7404.0000000000   1.5081283088e+03   1.4927393908e+00   8.3352914222e+02
   7405.0000000000   1.5084384589e+03   1.5149357945e+00   8.3369662427e+02
   7406.0000000000   1.5087567573e+03   1.5313002332e+00   8.3386352011e+02
   7407.0000000000   1.5090674956e+03   1.5465777393e+00   8.3402993120e+02
   7408.0000000000   1.5093760286e+03   1.5805794551e+00   8.3419592130e+02
   7409.0000000000   1.5096830180e+03   1.6027971133e+00   8.3436153455e+02
   7410.0000000000   1.5100094109e+03   1.6227982970e+00   8.3452680355e+02
   7411.0000000000   1.5103226648e+03   1.6415417849e+00   8.3469175353e+02
   7412.0000000000   1.5106330062e+03   1.6594161192e+00   8.3485640476e+02
   7413.0000000000   1.5109518056e+03   1.6766290515e+00   8.3502077396e+02
   7414.0000000000   1.5112631417e+03   1.6933088399e+00   8.3518487523e+02
   7415.0000000000   1.5115826311e+03   1.7095421035e+00   8.3534872065e+02
   7416.0000000000   1.5119048683e+03   1.7253910728e+00   8.3551232077e+02
   7417.0000000000   1.5122188384e+03   1.7409025322e+00   8.3567568486e+02
   7418.0000000000   1.5125302511e+03   1.7561128973e+00   8.3583882119e+02
   7419.0000000000   1.5128398945e+03   1.7710513037e+00   8.3600173719e+02
   7420.0000000000   1.5131584591e+03   1.7857415877e+00   8.3616443958e+02
   7421.0000000000   1.5134698028e+03   1.8098801565e+00   8.3635596412e+02
   7422.0000000000   1.5137791252e+03   1.8281388908e+00   8.3653028161e+02
   7423.0000000000   1.5140870146e+03   1.8452680067e+00   8.3671128116e+02
   7424.0000000000   1.5143937400e+03   1.8617298556e+00   8.3689464872e+02
   7425.0000000000   1.5146994623e+03   1.8777096367e+00   8.3707030231e+02
   7426.0000000000   1.5150042921e+03   1.9029829362e+00   8.3724369981e+02
   7427.0000000000   1.5153083111e+03   1.9222665277e+00   8.3741562845e+02
   7428.0000000000   1.5156115831e+03   1.9403385244e+00   8.3758645924e+02
   7429.0000000000   1.5159244787e+03   1.9576797660e+00   8.3775641011e+02
   7430.0000000000   1.5162409958e+03   1.9744883087e+00   8.3792562446e+02
   7431.0000000000   1.5165498571e+03   2.0005490241e+00   8.3809420357e+02
   7432.0000000000   1.5168669428e+03   2.0205855983e+00   8.3826222262e+02
   7433.0000000000   1.5171765819e+03   2.0393814229e+00   8.3842973955e+02
   7434.0000000000   1.5174841298e+03   2.0574214553e+00   8.3859680026e+02
   7435.0000000000   1.5177902395e+03   2.0749070229e+00   8.3876344204e+02
   7436.0000000000   1.5181055286e+03   2.0919490944e+00   8.3895872532e+02
   7437.0000000000   1.5184241275e+03   2.1182949925e+00   8.3913664123e+02
   7438.0000000000   1.5187348393e+03   2.1483257143e+00   8.3931141921e+02
   7439.0000000000   1.5190432781e+03   2.1811452832e+00   8.3948442784e+02
   7440.0000000000   1.5193604924e+03   2.2066227666e+00   8.3965620642e+02
   7441.0000000000   1.5196704500e+03   2.2301407436e+00   8.3982703759e+02
   7442.0000000000   1.5199783944e+03   2.2524312951e+00   8.3999709352e+02
   7443.0000000000   1.5202849330e+03   2.2738267212e+00   8.4017616602e+02
   7444.0000000000   1.5205903435e+03   2.2945173549e+00   8.4034899260e+02
   7445.0000000000   1.5208947907e+03   2.3146263796e+00   8.4053004739e+02
   7446.0000000000   1.5212087050e+03   2.3342399372e+00   8.4071415997e+02
   7447.0000000000   1.5215158041e+03   2.3630981520e+00   8.4089093396e+02
   7448.0000000000   1.5218212009e+03   2.3955814793e+00   8.4107535249e+02
   7449.0000000000   1.5221254252e+03   2.4211194822e+00   8.4125277417e+02
   7450.0000000000   1.5224390233e+03   2.4449292236e+00   8.4143793192e+02
   7451.0000000000   1.5227560801e+03   2.4676608180e+00   8.4161611639e+02
   7452.0000000000   1.5230653682e+03   2.4895997891e+00   8.4180203608e+02
   7453.0000000000   1.5233724802e+03   2.5109073028e+00   8.4198097184e+02
   7454.0000000000   1.5236781298e+03   2.5316872096e+00   8.4215795161e+02
   7455.0000000000   1.5239826367e+03   2.5520122483e+00   8.4233359971e+02
   7456.0000000000   1.5242861847e+03   2.5719363823e+00   8.4250820808e+02
   7457.0000000000   1.5245888943e+03   2.6011779056e+00   8.4269162806e+02
   7458.0000000000   1.5248908515e+03   2.6341017795e+00   8.4286863301e+02
   7459.0000000000   1.5251921209e+03   2.6601261841e+00   8.4304404489e+02
   7460.0000000000   1.5255030722e+03   2.6844595864e+00   8.4321837948e+02
   7461.0000000000   1.5258280211e+03   2.7174220071e+00   8.4339186332e+02
   7462.0000000000   1.5261496432e+03   2.7439488188e+00   8.4356462842e+02
   7463.0000000000   1.5264621840e+03   2.7689328154e+00   8.4374643987e+02
   7464.0000000000   1.5267718639e+03   2.7929243169e+00   8.4392201738e+02
   7465.0000000000   1.5270796512e+03   2.8161675411e+00   8.4409614657e+02
   7466.0000000000   1.5274066365e+03   2.8484800701e+00   8.4426931720e+02
   7467.0000000000   1.5277203545e+03   2.8746098996e+00   8.4444173641e+02
   7468.0000000000   1.5280310770e+03   2.8993591591e+00   8.4461352124e+02
   7469.0000000000   1.5283398843e+03   2.9232276715e+00   8.4479442505e+02
   7470.0000000000   1.5286472377e+03   2.9464288361e+00   8.4496915809e+02
   7471.0000000000   1.5289637162e+03   2.9690836142e+00   8.4514249826e+02
   7472.0000000000   1.5292731245e+03   3.0106242770e+00   8.4531492894e+02
   7473.0000000000   1.5295806319e+03   3.0404175137e+00   8.4548665191e+02
   7474.0000000000   1.5298868073e+03   3.0679777155e+00   8.4565777972e+02
   7475.0000000000   1.5301919058e+03   3.1039148584e+00   8.4582838528e+02
   7476.0000000000   1.5305063977e+03   3.1332599252e+00   8.4599852046e+02
   7477.0000000000   1.5308140216e+03   3.1609502627e+00   8.4617790103e+02
   7478.0000000000   1.5311199033e+03   3.1875612366e+00   8.4635121307e+02
   7479.0000000000   1.5314349003e+03   3.2133529212e+00   8.4652321770e+02
   7480.0000000000   1.5317428816e+03   3.2384772436e+00   8.4669438600e+02
   7481.0000000000   1.5320593509e+03   3.2630350580e+00   8.4686491032e+02
   7482.0000000000   1.5323788328e+03   3.2870987246e+00   8.4703489575e+02
   7483.0000000000   1.5326902648e+03   3.3107229618e+00   8.4720440920e+02
   7484.0000000000   1.5329993224e+03   3.3339507543e+00   8.4737349755e+02
   7485.0000000000   1.5333170874e+03   3.3568168599e+00   8.4755187237e+02
   7486.0000000000   1.5336275472e+03   3.3793500302e+00   8.4772421616e+02
   7487.0000000000   1.5339462772e+03   3.4015744890e+00   8.4789528699e+02
   7488.0000000000   1.5342575297e+03   3.4235109563e+00   8.4806555323e+02
   7489.0000000000   1.5345666387e+03   3.4451773815e+00   8.4823520489e+02
   7490.0000000000   1.5348742532e+03   3.4665894818e+00   8.4840434499e+02
   7491.0000000000   1.5351909931e+03   3.4877611486e+00   8.4857303858e+02
   7492.0000000000   1.5355109930e+03   3.5183813021e+00   8.4874133087e+02
   7493.0000000000   1.5358230608e+03   3.5527926602e+00   8.4890925540e+02
   7494.0000000000   1.5361328151e+03   3.5900726609e+00   8.4908651482e+02
   7495.0000000000   1.5364409896e+03   3.6200711216e+00   8.4926746177e+02
   7496.0000000000   1.5367479199e+03   3.6481562383e+00   8.4944150453e+02
   7497.0000000000   1.5370538025e+03   3.6750490788e+00   8.4961384350e+02
   7498.0000000000   1.5373587683e+03   3.7010733442e+00   8.4978511549e+02
   7499.0000000000   1.5376629116e+03   3.7264125454e+00   8.4996527175e+02
   7500.0000000000   1.5379766234e+03   3.7511843823e+00   8.5013911964e+02
   7501.0000000000   1.5382939159e+03   3.7754705397e+00   8.5031149142e+02
   7502.0000000000   1.5386035218e+03   3.7993309425e+00   8.5050225656e+02
   7503.0000000000   1.5389110099e+03   3.8228114112e+00   8.5068094815e+02
   7504.0000000000   1.5392170786e+03   3.8459481264e+00   8.5085716444e+02
   7505.0000000000   1.5395220373e+03   3.8784469447e+00   8.5103188771e+02
   7506.0000000000   1.5398363820e+03   3.9049871893e+00   8.5120552505e+02
   7507.0000000000   1.5401541832e+03   3.9303250807e+00   8.5137829916e+02
   7508.0000000000   1.5404642094e+03   3.9549279162e+00   8.5155035061e+02
   7509.0000000000   1.5407720523e+03   3.9789850415e+00   8.5172177631e+02
   7510.0000000000   1.5410784262e+03   4.0025990313e+00   8.5189264722e+02
   7511.0000000000   1.5413939706e+03   4.0258346388e+00   8.5206301761e+02
   7512.0000000000   1.5417025065e+03   4.0487368420e+00   8.5223293040e+02
   7513.0000000000   1.5420195246e+03   4.0713389859e+00   8.5240242044e+02
   7514.0000000000   1.5423292273e+03   4.0936669776e+00   8.5257151660e+02
   7515.0000000000   1.5426369161e+03   4.1157416641e+00   8.5274024325e+02
   7516.0000000000   1.5429432173e+03   4.1375802800e+00   8.5290862124e+02
   7517.0000000000   1.5432484150e+03   4.1591973817e+00   8.5308634516e+02
   7518.0000000000   1.5435526761e+03   4.1806054767e+00   8.5325808592e+02
   7519.0000000000   1.5438561120e+03   4.2018154650e+00   8.5342859328e+02
   7520.0000000000   1.5441691228e+03   4.2228369578e+00   8.5359832956e+02
   7521.0000000000   1.5444857252e+03   4.2436785150e+00   8.5376748016e+02
   7522.0000000000   1.5448152931e+03   4.2643478243e+00   8.5393614457e+02
   7523.0000000000   1.5451409878e+03   4.2848518411e+00   8.5410438502e+02
   7524.0000000000   1.5454675641e+03   4.3051968985e+00   8.5427224449e+02
   7525.0000000000   1.5457849777e+03   4.3253887948e+00   8.5443975468e+02
   7526.0000000000   1.5460993067e+03   4.3454328654e+00   8.5460694016e+02
   7527.0000000000   1.5464218416e+03   4.3653340410e+00   8.5477382067e+02
   7528.0000000000   1.5467366945e+03   4.3947734397e+00   8.5494041254e+02
   7529.0000000000   1.5470492027e+03   4.4184103901e+00   8.5511640614e+02
   7530.0000000000   1.5473600389e+03   4.4409846694e+00   8.5529614496e+02
   7531.0000000000   1.5476695276e+03   4.4726263941e+00   8.5547870680e+02
   7532.0000000000   1.5479881882e+03   4.4981683785e+00   8.5565394159e+02
   7533.0000000000   1.5482997953e+03   4.5224390806e+00   8.5582721741e+02
   7534.0000000000   1.5486198212e+03   4.5459445433e+00   8.5599925515e+02
   7535.0000000000   1.5489324619e+03   4.5688965414e+00   8.5618005476e+02
   7536.0000000000   1.5492430176e+03   4.6010877943e+00   8.5636413105e+02
   7537.0000000000   1.5495624354e+03   4.6369231387e+00   8.5654099224e+02
   7538.0000000000   1.5498746382e+03   4.6658437514e+00   8.5671590533e+02
   7539.0000000000   1.5501848463e+03   4.7027485003e+00   8.5688955398e+02
   7540.0000000000   1.5504936546e+03   4.7329444798e+00   8.5706224727e+02
   7541.0000000000   1.5508116521e+03   4.7711296409e+00   8.5723416352e+02
   7542.0000000000   1.5511329543e+03   4.8025691439e+00   8.5740541940e+02
   7543.0000000000   1.5514463565e+03   4.8322754169e+00   8.5757609748e+02
   7544.0000000000   1.5517574684e+03   4.8608586650e+00   8.5774625943e+02
   7545.0000000000   1.5520670174e+03   4.8885983181e+00   8.5791595315e+02
   7546.0000000000   1.5523753345e+03   4.9156581875e+00   8.5808521695e+02
   7547.0000000000   1.5526929317e+03   4.9421468712e+00   8.5825408225e+02
   7548.0000000000   1.5530035733e+03   4.9681419609e+00   8.5842257529e+02
   7549.0000000000   1.5533124021e+03   4.9937017865e+00   8.5859071832e+02
   7550.0000000000   1.5536199680e+03   5.0188718507e+00   8.5875853052e+02
   7551.0000000000   1.5539265124e+03   5.0436886678e+00   8.5892602854e+02
   7552.0000000000   1.5542424952e+03   5.0778587455e+00   8.5909322703e+02
   7553.0000000000   1.5545516470e+03   5.1060621941e+00   8.5926013898e+02
   7554.0000000000   1.5548590873e+03   5.1330560578e+00   8.5943645252e+02
   7555.0000000000   1.5551653494e+03   5.1593084405e+00   8.5961650970e+02
   7556.0000000000   1.5554706621e+03   5.1850094495e+00   8.5978971081e+02
   7557.0000000000   1.5557751564e+03   5.2102623622e+00   8.5996125009e+02
   7558.0000000000   1.5560789193e+03   5.2351325715e+00   8.6013175948e+02
   7559.0000000000   1.5563923326e+03   5.2596656319e+00   8.6031118631e+02
   7560.0000000000   1.5566990810e+03   5.2838954044e+00   8.6048433476e+02
   7561.0000000000   1.5570248917e+03   5.3078482554e+00   8.6065603444e+02
   7562.0000000000   1.5573478678e+03   5.3315454392e+00   8.6082679952e+02
   7563.0000000000   1.5576619590e+03   5.3550045507e+00   8.6099685107e+02
   7564.0000000000   1.5579732936e+03   5.3782404635e+00   8.6116631413e+02
   7565.0000000000   1.5582828001e+03   5.4012659642e+00   8.6133526989e+02
   7566.0000000000   1.5586012288e+03   5.4240921976e+00   8.6150377574e+02
   7567.0000000000   1.5589124664e+03   5.4660820756e+00   8.6168155111e+02
   7568.0000000000   1.5592320458e+03   5.4965544823e+00   8.6185328454e+02
   7569.0000000000   1.5595545174e+03   5.5249888644e+00   8.6203341522e+02
   7570.0000000000   1.5598688393e+03   5.5522920094e+00   8.6220707023e+02
   7571.0000000000   1.5601807036e+03   5.5788188598e+00   8.6237917820e+02
   7572.0000000000   1.5605012048e+03   5.6241071307e+00   8.6255029422e+02
   7573.0000000000   1.5608143407e+03   5.6575785555e+00   8.6273033592e+02
   7574.0000000000   1.5611253757e+03   5.6887789136e+00   8.6290409436e+02
   7575.0000000000   1.5614349326e+03   5.7186605850e+00   8.6308606963e+02
   7576.0000000000   1.5617433009e+03   5.7476113552e+00   8.6326142822e+02
   7577.0000000000   1.5620506543e+03   5.7855169267e+00   8.6343512593e+02
   7578.0000000000   1.5623777497e+03   5.8268393643e+00   8.6360773747e+02
   7579.0000000000   1.5627022660e+03   5.8610585580e+00   8.6377951853e+02
   7580.0000000000   1.5630180072e+03   5.8934247499e+00   8.6395061639e+02
   7581.0000000000   1.5633310374e+03   5.9246110451e+00   8.6412112769e+02
   7582.0000000000   1.5636422524e+03   5.9549195260e+00   8.6429112113e+02
   7583.0000000000   1.5639623853e+03   5.9942002046e+00   8.6446064831e+02
   7584.0000000000   1.5642856319e+03   6.0272213779e+00   8.6462974955e+02
   7585.0000000000   1.5646008367e+03   6.0587988866e+00   8.6479845732e+02
   7586.0000000000   1.5649136424e+03   6.0894423342e+00   8.6496679836e+02
   7587.0000000000   1.5652247990e+03   6.1193723863e+00   8.6513479516e+02
   7588.0000000000   1.5655346536e+03   6.1487155741e+00   8.6530246693e+02
   7589.0000000000   1.5658434116e+03   6.1775554580e+00   8.6546983026e+02
   7590.0000000000   1.5661512106e+03   6.2059520966e+00   8.6563689967e+02
   7591.0000000000   1.5664581501e+03   6.2339511419e+00   8.6580368800e+02
   7592.0000000000   1.5667643064e+03   6.2615886952e+00   8.6597988321e+02
   7593.0000000000   1.5670800587e+03   6.2985706985e+00   8.6615015063e+02
   7594.0000000000   1.5673994117e+03   6.3295767088e+00   8.6631923531e+02
   7595.0000000000   1.5677110928e+03   6.3593632925e+00   8.6648759550e+02
   7596.0000000000   1.5680206670e+03   6.3883981679e+00   8.6665541313e+02
   7597.0000000000   1.5683288299e+03   6.4168711479e+00   8.6682278461e+02
   7598.0000000000   1.5686565273e+03   6.4448852974e+00   8.6698976952e+02
   7599.0000000000   1.5689712065e+03   6.4725058676e+00   8.6715640845e+02
   7600.0000000000   1.5692934013e+03   6.4997783311e+00   8.6732273099e+02
   7601.0000000000   1.5696181075e+03   6.5267365156e+00   8.6749843639e+02
   7602.0000000000   1.5699344443e+03   6.5534067951e+00   8.6767787430e+02
   7603.0000000000   1.5702584992e+03   6.5798104637e+00   8.6785045039e+02
   7604.0000000000   1.5705747262e+03   6.6156417260e+00   8.6803103926e+02
   7605.0000000000   1.5708885629e+03   6.6552471549e+00   8.6820493072e+02
   7606.0000000000   1.5712110389e+03   6.6880305078e+00   8.6837713339e+02
   7607.0000000000   1.5715261306e+03   6.7191886897e+00   8.6854824772e+02
   7608.0000000000   1.5718390952e+03   6.7493557422e+00   8.6871854285e+02
   7609.0000000000   1.5721505537e+03   6.7788041523e+00   8.6888817328e+02
   7610.0000000000   1.5724607953e+03   6.8076843581e+00   8.6905723951e+02
   7611.0000000000   1.5727699951e+03   6.8360912726e+00   8.6922581220e+02
   7612.0000000000   1.5730782730e+03   6.8640901088e+00   8.6939394379e+02
   7613.0000000000   1.5733960369e+03   6.9014049771e+00   8.6957135129e+02
   7614.0000000000   1.5737069919e+03   6.9327272156e+00   8.6974272197e+02
   7615.0000000000   1.5740162438e+03   6.9628212403e+00   8.6992249445e+02
   7616.0000000000   1.5743243181e+03   6.9921600990e+00   8.7009579547e+02
   7617.0000000000   1.5746314392e+03   7.0306138097e+00   8.7026755357e+02
   7618.0000000000   1.5749377357e+03   7.0629430357e+00   8.7043832379e+02
   7619.0000000000   1.5752432929e+03   7.0939505720e+00   8.7060834721e+02
   7620.0000000000   1.5755584920e+03   7.1241329297e+00   8.7077775986e+02
   7621.0000000000   1.5758670173e+03   7.1536989801e+00   8.7094664952e+02
   7622.0000000000   1.5761739577e+03   7.1827649753e+00   8.7111507781e+02
   7623.0000000000   1.5764901441e+03   7.2114056047e+00   8.7128309051e+02
   7624.0000000000   1.5767994259e+03   7.2493498206e+00   8.7145072312e+02
   7625.0000000000   1.5771069721e+03   7.2812917273e+00   8.7161800406e+02
   7626.0000000000   1.5774133400e+03   7.3119974756e+00   8.7178495662e+02
   7627.0000000000   1.5777290896e+03   7.3419412897e+00   8.7196127688e+02
   7628.0000000000   1.5780483137e+03   7.3713174944e+00   8.7213163654e+02
   7629.0000000000   1.5783597887e+03   7.4002323322e+00   8.7230078575e+02
   7630.0000000000   1.5786691092e+03   7.4287533131e+00   8.7246918689e+02
   7631.0000000000   1.5789769897e+03   7.4569275229e+00   8.7263702529e+02
   7632.0000000000   1.5792837501e+03   7.4847899409e+00   8.7280440017e+02
   7633.0000000000   1.5796102121e+03   7.5123677569e+00   8.7298104999e+02
   7634.0000000000   1.5799237681e+03   7.5396828349e+00   8.7317102551e+02
   7635.0000000000   1.5802552420e+03   7.5764297667e+00   8.7334840393e+02
   7636.0000000000   1.5805832484e+03   7.6072788327e+00   8.7353280738e+02
   7637.0000000000   1.5809019458e+03   7.6369788702e+00   8.7370998416e+02
   7638.0000000000   1.5812278940e+03   7.6756676012e+00   8.7388512379e+02
   7639.0000000000   1.5815457271e+03   7.7178608474e+00   8.7405892128e+02
   7640.0000000000   1.5818609738e+03   7.7530476892e+00   8.7424137965e+02
   7641.0000000000   1.5821743980e+03   7.7961513269e+00   8.7441734646e+02
   7642.0000000000   1.5824863741e+03   7.8324926596e+00   8.7459168492e+02
   7643.0000000000   1.5828074516e+03   7.8671016132e+00   8.7476493546e+02
   7644.0000000000   1.5831214244e+03   7.9005939069e+00   8.7493734001e+02
   7645.0000000000   1.5834334588e+03   7.9332501098e+00   8.7510904045e+02
   7646.0000000000   1.5837441236e+03   7.9652334788e+00   8.7528013179e+02
   7647.0000000000   1.5840536755e+03   7.9966514249e+00   8.7546035938e+02
   7648.0000000000   1.5843622675e+03   8.0275801698e+00   8.7563443081e+02
   7649.0000000000   1.5846700043e+03   8.0580766828e+00   8.7580712347e+02
   7650.0000000000   1.5849769635e+03   8.0881851976e+00   8.7597892105e+02
   7651.0000000000   1.5852832057e+03   8.1179410800e+00   8.7615970249e+02
   7652.0000000000   1.5855887800e+03   8.1473732719e+00   8.7633423606e+02
   7653.0000000000   1.5858937272e+03   8.1765059127e+00   8.7650733110e+02
   7654.0000000000   1.5862084010e+03   8.2053594568e+00   8.7667948981e+02
   7655.0000000000   1.5865164673e+03   8.2436280127e+00   8.7685092606e+02
   7656.0000000000   1.5868230025e+03   8.2759819076e+00   8.7702176053e+02
   7657.0000000000   1.5871285092e+03   8.3168468690e+00   8.7719207182e+02
   7658.0000000000   1.5874331938e+03   8.3513396579e+00   8.7736191587e+02
   7659.0000000000   1.5877474891e+03   8.3843808807e+00   8.7753133487e+02
   7660.0000000000   1.5880551044e+03   8.4165192312e+00   8.7770036202e+02
   7661.0000000000   1.5883714611e+03   8.4479906072e+00   8.7786902429e+02
   7662.0000000000   1.5886807146e+03   8.4886032857e+00   8.7803734413e+02
   7663.0000000000   1.5889881322e+03   8.5230965498e+00   8.7820534057e+02
   7664.0000000000   1.5893046339e+03   8.5562647916e+00   8.7838270655e+02
   7665.0000000000   1.5896141201e+03   8.5886010836e+00   8.7855411145e+02
   7666.0000000000   1.5899217920e+03   8.6203129623e+00   8.7872430371e+02
   7667.0000000000   1.5902282281e+03   8.6515162926e+00   8.7889374442e+02
   7668.0000000000   1.5905336842e+03   8.6822858134e+00   8.7906261793e+02
   7669.0000000000   1.5908383086e+03   8.7126741816e+00   8.7924069927e+02
   7670.0000000000   1.5911525184e+03   8.7427207637e+00   8.7941270489e+02
   7671.0000000000   1.5914600203e+03   8.7724562684e+00   8.7959308932e+02
   7672.0000000000   1.5917762371e+03   8.8115819712e+00   8.7978634155e+02
   7673.0000000000   1.5920956461e+03   8.8447733589e+00   8.7996670570e+02
   7674.0000000000   1.5924277922e+03   8.8767834242e+00   8.8014421172e+02
   7675.0000000000   1.5927456019e+03   8.9080767285e+00   8.8032000245e+02
   7676.0000000000   1.5930599221e+03   8.9485168239e+00   8.8049456364e+02
   7677.0000000000   1.5933720515e+03   8.9925358845e+00   8.8067783912e+02
   7678.0000000000   1.5936825577e+03   9.0295877844e+00   8.8085465219e+02
   7679.0000000000   1.5939917599e+03   9.0649016195e+00   8.8102985388e+02
   7680.0000000000   1.5942998625e+03   9.0991334813e+00   8.8120397770e+02
   7681.0000000000   1.5946070076e+03   9.1325716946e+00   8.8137726132e+02
   7682.0000000000   1.5949132999e+03   9.1653784955e+00   8.8154984382e+02
   7683.0000000000   1.5952188195e+03   9.2073343875e+00   8.8172181828e+02
   7684.0000000000   1.5955339493e+03   9.2431667552e+00   8.8189325218e+02
   7685.0000000000   1.5958423770e+03   9.2776646502e+00   8.8206419706e+02
   7686.0000000000   1.5961595150e+03   9.3209953588e+00   8.8223469379e+02
   7687.0000000000   1.5964695152e+03   9.3580206314e+00   8.8240477567e+02
   7688.0000000000   1.5967776448e+03   9.3935920226e+00   8.8257447048e+02
   7689.0000000000   1.5970948248e+03   9.4282343897e+00   8.8274380173e+02
   7690.0000000000   1.5974152765e+03   9.4621750939e+00   8.8291278966e+02
   7691.0000000000   1.5977381583e+03   9.4955434089e+00   8.8308145187e+02
   7692.0000000000   1.5980630563e+03   9.5284237004e+00   8.8324980385e+02
   7693.0000000000   1.5983897137e+03   9.5705523986e+00   8.8341785931e+02
   7694.0000000000   1.5987179517e+03   9.6066295616e+00   8.8358563053e+02
   7695.0000000000   1.5990373175e+03   9.6414261912e+00   8.8375312855e+02
   7696.0000000000   1.5993537509e+03   9.6754205379e+00   8.8393003990e+02
   7697.0000000000   1.5996681615e+03   9.7088103205e+00   8.8410102876e+02
   7698.0000000000   1.5999913123e+03   9.7417046772e+00   8.8427083922e+02
   7699.0000000000   1.6003071084e+03   9.7741736169e+00   8.8443992879e+02
   7700.0000000000   1.6006207819e+03   9.8062664006e+00   8.8461815528e+02
   7701.0000000000   1.6009329443e+03   9.8380199171e+00   8.8479026967e+02
   7702.0000000000   1.6012438815e+03   9.8694630439e+00   8.8497074343e+02
   7703.0000000000   1.6015537677e+03   9.9006191462e+00   8.8514472170e+02
   7704.0000000000   1.6018730424e+03   9.9411841584e+00   8.8531714383e+02
   7705.0000000000   1.6021854315e+03   9.9951826550e+00   8.8548857145e+02
   7706.0000000000   1.6024960551e+03   1.0036674701e+01   8.8565924973e+02
   7707.0000000000   1.6028157687e+03   1.0075594060e+01   8.8582931725e+02
   7708.0000000000   1.6031387601e+03   1.0113025533e+01   8.8599886339e+02
   7709.0000000000   1.6034538509e+03   1.0149416644e+01   8.8616795074e+02
   7710.0000000000   1.6037666615e+03   1.0185007885e+01   8.8634630219e+02
   7711.0000000000   1.6040779239e+03   1.0229624405e+01   8.8652828516e+02
   7712.0000000000   1.6043879709e+03   1.0268021608e+01   8.8670331906e+02
   7713.0000000000   1.6046969961e+03   1.0305007359e+01   8.8688628938e+02
   7714.0000000000   1.6050154469e+03   1.0350762231e+01   8.8706249476e+02
   7715.0000000000   1.6053270514e+03   1.0390157735e+01   8.8723695110e+02
   7716.0000000000   1.6056369296e+03   1.0428052834e+01   8.8741026491e+02
   7717.0000000000   1.6059456163e+03   1.0464978151e+01   8.8758271050e+02
   7718.0000000000   1.6062533424e+03   1.0501165643e+01   8.8775444674e+02
   7719.0000000000   1.6065602405e+03   1.0536748310e+01   8.8792557793e+02
   7720.0000000000   1.6068767180e+03   1.0581490135e+01   8.8809617802e+02
   7721.0000000000   1.6071864755e+03   1.0620108644e+01   8.8826630234e+02
   7722.0000000000   1.6074946127e+03   1.0657386804e+01   8.8843599391e+02
   7723.0000000000   1.6078016493e+03   1.0693811526e+01   8.8860528718e+02
   7724.0000000000   1.6081078039e+03   1.0729587072e+01   8.8877421043e+02
   7725.0000000000   1.6084235190e+03   1.0764827685e+01   8.8894278732e+02
   7726.0000000000   1.6087428303e+03   1.0799607461e+01   8.8912071448e+02
   7727.0000000000   1.6090648014e+03   1.0833979005e+01   8.8929266430e+02
   7728.0000000000   1.6093786426e+03   1.0867981988e+01   8.8946338767e+02
   7729.0000000000   1.6096901049e+03   1.0901647640e+01   8.8963334770e+02
   7730.0000000000   1.6099999783e+03   1.0935001337e+01   8.8980273044e+02
   7731.0000000000   1.6103086251e+03   1.0968064209e+01   8.8997163579e+02
   7732.0000000000   1.6106162552e+03   1.1000854192e+01   8.9014012633e+02
   7733.0000000000   1.6109333252e+03   1.1033386753e+01   8.9031792179e+02
   7734.0000000000   1.6112435689e+03   1.1075351942e+01   8.9048970911e+02
   7735.0000000000   1.6115624285e+03   1.1111416749e+01   8.9066024876e+02
   7736.0000000000   1.6118740767e+03   1.1146327596e+01   8.9083968692e+02
   7737.0000000000   1.6121837954e+03   1.1180543866e+01   8.9101286926e+02
   7738.0000000000   1.6124921972e+03   1.1214248425e+01   8.9119431129e+02
   7739.0000000000   1.6127995561e+03   1.1257215022e+01   8.9136918286e+02
   7740.0000000000   1.6131060315e+03   1.1294158982e+01   8.9154243896e+02
   7741.0000000000   1.6134117290e+03   1.1329857277e+01   8.9171465195e+02
   7742.0000000000   1.6137167246e+03   1.1364789855e+01   8.9188607479e+02
   7743.0000000000   1.6140313954e+03   1.1399154081e+01   8.9205685198e+02
   7744.0000000000   1.6143394234e+03   1.1433057752e+01   8.9222707752e+02
   7745.0000000000   1.6146665343e+03   1.1466569090e+01   8.9239681772e+02
   7746.0000000000   1.6149805115e+03   1.1509411942e+01   8.9256612199e+02
   7747.0000000000   1.6152916678e+03   1.1555952834e+01   8.9273502866e+02
   7748.0000000000   1.6156010811e+03   1.1605286136e+01   8.9290356840e+02
   7749.0000000000   1.6159091997e+03   1.1647274106e+01   8.9307176637e+02
   7750.0000000000   1.6162265879e+03   1.1696970856e+01   8.9325899668e+02
   7751.0000000000   1.6165473558e+03   1.1739759739e+01   8.9343458734e+02
   7752.0000000000   1.6168602965e+03   1.1780705901e+01   8.9360802538e+02
   7753.0000000000   1.6171710182e+03   1.1820447185e+01   8.9378022390e+02
   7754.0000000000   1.6174802466e+03   1.1859279143e+01   8.9395154325e+02
   7755.0000000000   1.6177986297e+03   1.1897375757e+01   8.9412217265e+02
   7756.0000000000   1.6181203134e+03   1.1934852447e+01   8.9429222771e+02
   7757.0000000000   1.6184341102e+03   1.1971791615e+01   8.9446178609e+02
   7758.0000000000   1.6187456401e+03   1.2008255130e+01   8.9463090356e+02
   7759.0000000000   1.6190556366e+03   1.2044291197e+01   8.9479962212e+02
   7760.0000000000   1.6193644344e+03   1.2079938456e+01   8.9496797463e+02
   7761.0000000000   1.6196722285e+03   1.2124905137e+01   8.9513598754e+02
   7762.0000000000   1.6199791486e+03   1.2163872778e+01   8.9530368265e+02
   7763.0000000000   1.6202852873e+03   1.2201599631e+01   8.9548075484e+02
   7764.0000000000   1.6205907151e+03   1.2238554843e+01   8.9565187480e+02
   7765.0000000000   1.6209058064e+03   1.2274929433e+01   8.9582179188e+02
   7766.0000000000   1.6212142424e+03   1.2310827489e+01   8.9599096777e+02
   7767.0000000000   1.6215211107e+03   1.2346315131e+01   8.9615958719e+02
   7768.0000000000   1.6218269227e+03   1.2381438574e+01   8.9632774887e+02
   7769.0000000000   1.6221422104e+03   1.2425908826e+01   8.9650519083e+02
   7770.0000000000   1.6224610479e+03   1.2464407880e+01   8.9667661032e+02
   7771.0000000000   1.6227721993e+03   1.2501693303e+01   8.9684677410e+02
   7772.0000000000   1.6230812497e+03   1.2547909561e+01   8.9701615584e+02
   7773.0000000000   1.6233889070e+03   1.2587901292e+01   8.9718494879e+02
   7774.0000000000   1.6236954858e+03   1.2626506870e+01   8.9736293452e+02
   7775.0000000000   1.6240218039e+03   1.2664240771e+01   8.9753483430e+02
   7776.0000000000   1.6243352504e+03   1.2701322033e+01   8.9770542979e+02
   7777.0000000000   1.6246460084e+03   1.2737873151e+01   8.9787520463e+02
   7778.0000000000   1.6249550992e+03   1.2773972900e+01   8.9804435916e+02
   7779.0000000000   1.6252732616e+03   1.2809676497e+01   8.9821300362e+02
   7780.0000000000   1.6255946803e+03   1.2845024996e+01   8.9838120821e+02
   7781.0000000000   1.6259185063e+03   1.2880050251e+01   8.9854902191e+02
   7782.0000000000   1.6262443256e+03   1.2914777798e+01   8.9872615756e+02
   7783.0000000000   1.6265615646e+03   1.2949228631e+01   8.9889729837e+02
   7784.0000000000   1.6268760919e+03   1.2983420373e+01   8.9906720267e+02
   7785.0000000000   1.6271887710e+03   1.3017368062e+01   8.9924601540e+02
   7786.0000000000   1.6275103331e+03   1.3060761259e+01   8.9942825797e+02
   7787.0000000000   1.6278246604e+03   1.3107942979e+01   8.9960342391e+02
   7788.0000000000   1.6281369679e+03   1.3148314177e+01   8.9977676346e+02
   7789.0000000000   1.6284478536e+03   1.3187069502e+01   8.9994894540e+02
   7790.0000000000   1.6287575932e+03   1.3224841142e+01   9.0012994284e+02
   7791.0000000000   1.6290663523e+03   1.3261900039e+01   9.0030457877e+02
   7792.0000000000   1.6293742443e+03   1.3298395321e+01   9.0048737361e+02
   7793.0000000000   1.6296813530e+03   1.3334420779e+01   9.0066350766e+02
   7794.0000000000   1.6299980626e+03   1.3379717197e+01   9.0083794658e+02
   7795.0000000000   1.6303183807e+03   1.3418986362e+01   9.0101127235e+02
   7796.0000000000   1.6306413561e+03   1.3456999592e+01   9.0118374622e+02
   7797.0000000000   1.6309561913e+03   1.3494234687e+01   9.0135551976e+02
   7798.0000000000   1.6312686335e+03   1.3530888501e+01   9.0152669303e+02
   7799.0000000000   1.6315794705e+03   1.3567069096e+01   9.0169733748e+02
   7800.0000000000   1.6318890638e+03   1.3612521852e+01   9.0186750694e+02
   7801.0000000000   1.6321976235e+03   1.3651949906e+01   9.0203724358e+02
   7802.0000000000   1.6325052875e+03   1.3690124762e+01   9.0223561102e+02
   7803.0000000000   1.6328121539e+03   1.3727524003e+01   9.0241660251e+02
   7804.0000000000   1.6331182965e+03   1.3764344147e+01   9.0259444901e+02
   7805.0000000000   1.6334340921e+03   1.3810369457e+01   9.0277052018e+02
   7806.0000000000   1.6337535425e+03   1.3850323531e+01   9.0295503269e+02
   7807.0000000000   1.6340653725e+03   1.3888989968e+01   9.0313292490e+02
   7808.0000000000   1.6343751446e+03   1.3926854102e+01   9.0330910527e+02
   7809.0000000000   1.6346938713e+03   1.3964117731e+01   9.0348413935e+02
   7810.0000000000   1.6350054940e+03   1.4000892341e+01   9.0365828415e+02
   7811.0000000000   1.6353255552e+03   1.4037249255e+01   9.0383169114e+02
   7812.0000000000   1.6356382831e+03   1.4073238404e+01   9.0400446179e+02
   7813.0000000000   1.6359489931e+03   1.4108896945e+01   9.0417666942e+02
   7814.0000000000   1.6362583198e+03   1.4144253768e+01   9.0434836985e+02
   7815.0000000000   1.6365665521e+03   1.4179332083e+01   9.0451960712e+02
   7816.0000000000   1.6368841789e+03   1.4214151025e+01   9.0469041701e+02
   7817.0000000000   1.6371949499e+03   1.4258403235e+01   9.0487050574e+02
   7818.0000000000   1.6375039970e+03   1.4296757552e+01   9.0504455343e+02
   7819.0000000000   1.6378221818e+03   1.4333961718e+01   9.0521731737e+02
   7820.0000000000   1.6381333753e+03   1.4370476057e+01   9.0538926604e+02
   7821.0000000000   1.6384427636e+03   1.4406484100e+01   9.0556059003e+02
   7822.0000000000   1.6387509166e+03   1.4442083511e+01   9.0573139317e+02
   7823.0000000000   1.6390580854e+03   1.4487011394e+01   9.0591141798e+02
   7824.0000000000   1.6393644156e+03   1.4525964181e+01   9.0608536570e+02
   7825.0000000000   1.6396700040e+03   1.4563707871e+01   9.0625800662e+02
   7826.0000000000   1.6399852396e+03   1.4600715464e+01   9.0642981759e+02
   7827.0000000000   1.6402938119e+03   1.4637179621e+01   9.0660099475e+02
   7828.0000000000   1.6406008138e+03   1.4673204781e+01   9.0677164568e+02
   7829.0000000000   1.6409067599e+03   1.4718533202e+01   9.0694183896e+02
   7830.0000000000   1.6412118652e+03   1.4757865322e+01   9.0711162258e+02
   7831.0000000000   1.6415265691e+03   1.4805646847e+01   9.0728103230e+02
   7832.0000000000   1.6418345861e+03   1.4847008383e+01   9.0745977259e+02
   7833.0000000000   1.6421513413e+03   1.4896556998e+01   9.0763252102e+02
   7834.0000000000   1.6424609933e+03   1.4939503746e+01   9.0780403206e+02
   7835.0000000000   1.6427688117e+03   1.4990502340e+01   9.0797477136e+02
   7836.0000000000   1.6430857186e+03   1.5034793609e+01   9.0815460329e+02
   7837.0000000000   1.6433956157e+03   1.5077375051e+01   9.0832828416e+02
   7838.0000000000   1.6437037055e+03   1.5128523555e+01   9.0850061333e+02
   7839.0000000000   1.6440208865e+03   1.5182843302e+01   9.0867208458e+02
   7840.0000000000   1.6443310517e+03   1.5229884015e+01   9.0884290458e+02
   7841.0000000000   1.6446497191e+03   1.5274936249e+01   9.0901318780e+02
   7842.0000000000   1.6449611031e+03   1.5318698878e+01   9.0919268401e+02
   7843.0000000000   1.6452705108e+03   1.5361491668e+01   9.0936609949e+02
   7844.0000000000   1.6455785710e+03   1.5413177406e+01   9.0953820808e+02
   7845.0000000000   1.6458855688e+03   1.5458533993e+01   9.0970948917e+02
   7846.0000000000   1.6462019900e+03   1.5502384717e+01   9.0988014069e+02
   7847.0000000000   1.6465115821e+03   1.5545245103e+01   9.1005994806e+02
   7848.0000000000   1.6468297944e+03   1.5587340628e+01   9.1023363584e+02
   7849.0000000000   1.6471614419e+03   1.5628801794e+01   9.1040598845e+02
   7850.0000000000   1.6474790811e+03   1.5669715493e+01   9.1057749192e+02
   7851.0000000000   1.6478037458e+03   1.5710144611e+01   9.1074834869e+02
   7852.0000000000   1.6481203065e+03   1.5750137228e+01   9.1091867079e+02
   7853.0000000000   1.6484343451e+03   1.5789731550e+01   9.1108853004e+02
   7854.0000000000   1.6487466377e+03   1.5828958815e+01   9.1125797684e+02
   7855.0000000000   1.6490678789e+03   1.5867845132e+01   9.1142704877e+02
   7856.0000000000   1.6493922510e+03   1.5906412708e+01   9.1159577509e+02
   7857.0000000000   1.6497189131e+03   1.5954357242e+01   9.1176417938e+02
   7858.0000000000   1.6500371430e+03   1.5996350523e+01   9.1193228113e+02
   7859.0000000000   1.6503527414e+03   1.6037143091e+01   9.1211944983e+02
   7860.0000000000   1.6506871744e+03   1.6086874443e+01   9.1229500970e+02
   7861.0000000000   1.6510081063e+03   1.6130385633e+01   9.1246844456e+02
   7862.0000000000   1.6513258715e+03   1.6172512409e+01   9.1264066486e+02
   7863.0000000000   1.6516415865e+03   1.6213767303e+01   9.1281202864e+02
   7864.0000000000   1.6519557367e+03   1.6264044441e+01   9.1298272317e+02
   7865.0000000000   1.6522685991e+03   1.6308120294e+01   9.1315286234e+02
   7866.0000000000   1.6526009935e+03   1.6360485151e+01   9.1332252233e+02
   7867.0000000000   1.6529409597e+03   1.6406298520e+01   9.1349175759e+02
   7868.0000000000   1.6532659679e+03   1.6450511029e+01   9.1366060899e+02
   7869.0000000000   1.6535871544e+03   1.6493693391e+01   9.1384846144e+02
   7870.0000000000   1.6539059120e+03   1.6536098210e+01   9.1402465061e+02
   7871.0000000000   1.6542228538e+03   1.6577870247e+01   9.1419866908e+02
   7872.0000000000   1.6545486459e+03   1.6628780645e+01   9.1437143412e+02
   7873.0000000000   1.6548671479e+03   1.6673551505e+01   9.1454330920e+02
   7874.0000000000   1.6551835673e+03   1.6726645364e+01   9.1471448598e+02
   7875.0000000000   1.6554985001e+03   1.6773206264e+01   9.1488508193e+02
   7876.0000000000   1.6558122223e+03   1.6818175697e+01   9.1505517621e+02
   7877.0000000000   1.6561352205e+03   1.6862118762e+01   9.1522482574e+02
   7878.0000000000   1.6564512465e+03   1.6905284525e+01   9.1540375005e+02
   7879.0000000000   1.6567654367e+03   1.6947815477e+01   9.1557663783e+02
   7880.0000000000   1.6570783386e+03   1.6989804760e+01   9.1574825195e+02
   7881.0000000000   1.6573901929e+03   1.7031318472e+01   9.1591906457e+02
   7882.0000000000   1.6577011404e+03   1.7072406224e+01   9.1608926870e+02
   7883.0000000000   1.6580112765e+03   1.7113106792e+01   9.1626864622e+02
   7884.0000000000   1.6583206716e+03   1.7153451434e+01   9.1644191913e+02
   7885.0000000000   1.6586293804e+03   1.7193465962e+01   9.1661386991e+02
   7886.0000000000   1.6589477664e+03   1.7233172105e+01   9.1678498311e+02
   7887.0000000000   1.6592698218e+03   1.7272588451e+01   9.1695545999e+02
   7888.0000000000   1.6595842646e+03   1.7311731110e+01   9.1712541167e+02
   7889.0000000000   1.6598966520e+03   1.7360290747e+01   9.1730458576e+02
   7890.0000000000   1.6602076736e+03   1.7402934930e+01   9.1747768710e+02
   7891.0000000000   1.6605176316e+03   1.7444410610e+01   9.1764948853e+02
   7892.0000000000   1.6608266971e+03   1.7485177660e+01   9.1782046876e+02
   7893.0000000000   1.6611452998e+03   1.7525419394e+01   9.1800050176e+02
   7894.0000000000   1.6614571539e+03   1.7565233429e+01   9.1817435111e+02
   7895.0000000000   1.6617673683e+03   1.7614356943e+01   9.1834682182e+02
   7896.0000000000   1.6620764685e+03   1.7667163072e+01   9.1852808871e+02
   7897.0000000000   1.6623949964e+03   1.7713073103e+01   9.1870301710e+02
   7898.0000000000   1.6627067145e+03   1.7757296099e+01   9.1888613674e+02
   7899.0000000000   1.6630270747e+03   1.7800474860e+01   9.1907230474e+02
   7900.0000000000   1.6633505716e+03   1.7842888380e+01   9.1925113946e+02
   7901.0000000000   1.6636661226e+03   1.7884692065e+01   9.1942795563e+02
   7902.0000000000   1.6639897083e+03   1.7925984698e+01   9.1962281449e+02
   7903.0000000000   1.6643057166e+03   1.7966834567e+01   9.1981502583e+02
   7904.0000000000   1.6646195410e+03   1.8007291723e+01   9.1999890337e+02
   7905.0000000000   1.6649318600e+03   1.8076424100e+01   9.2018020507e+02
   7906.0000000000   1.6652429905e+03   1.8128227213e+01   9.2035981590e+02
   7907.0000000000   1.6655634399e+03   1.8176933079e+01   9.2053815346e+02
   7908.0000000000   1.6658769711e+03   1.8223911671e+01   9.2072513997e+02
   7909.0000000000   1.6661887259e+03   1.8269702986e+01   9.2091526939e+02
   7910.0000000000   1.6664992537e+03   1.8314589920e+01   9.2109804802e+02
   7911.0000000000   1.6668087957e+03   1.8358744585e+01   9.2127874789e+02
   7912.0000000000   1.6671174919e+03   1.8402282037e+01   9.2145806023e+02
   7913.0000000000   1.6674254361e+03   1.8454960898e+01   9.2163630231e+02
   7914.0000000000   1.6677326970e+03   1.8501497655e+01   9.2181366050e+02
   7915.0000000000   1.6680393271e+03   1.8556352314e+01   9.2199025910e+02
   7916.0000000000   1.6683453689e+03   1.8604667859e+01   9.2216618773e+02
   7917.0000000000   1.6686611763e+03   1.8651385450e+01   9.2235119107e+02
   7918.0000000000   1.6689807339e+03   1.8706746770e+01   9.2252997797e+02
   7919.0000000000   1.6692927535e+03   1.8755656171e+01   9.2271700444e+02
   7920.0000000000   1.6696027868e+03   1.8812668789e+01   9.2289741171e+02
   7921.0000000000   1.6699115190e+03   1.8862983010e+01   9.2307614049e+02
   7922.0000000000   1.6702192483e+03   1.8911575307e+01   9.2325375632e+02
   7923.0000000000   1.6705261420e+03   1.8959034818e+01   9.2343050940e+02
   7924.0000000000   1.6708323078e+03   1.9005627949e+01   9.2360654372e+02
   7925.0000000000   1.6711481398e+03   1.9051510186e+01   9.2378195417e+02
   7926.0000000000   1.6714573302e+03   1.9096784704e+01   9.2395680868e+02
   7927.0000000000   1.6717752917e+03   1.9151202085e+01   9.2413115871e+02
   7928.0000000000   1.6720964942e+03   1.9199473424e+01   9.2430504487e+02
   7929.0000000000   1.6724201578e+03   1.9246378569e+01   9.2447850021e+02
   7930.0000000000   1.6727458872e+03   1.9292403022e+01   9.2466122882e+02
   7931.0000000000   1.6730631120e+03   1.9337750553e+01   9.2484758571e+02
   7932.0000000000   1.6733880171e+03   1.9392211970e+01   9.2502698192e+02
   7933.0000000000   1.6737050979e+03   1.9450193293e+01   9.2521429726e+02
   7934.0000000000   1.6740198121e+03   1.9501138468e+01   9.2539482645e+02
   7935.0000000000   1.6743328806e+03   1.9550273371e+01   9.2557358276e+02
   7936.0000000000   1.6746446496e+03   1.9598253920e+01   9.2576084748e+02
   7937.0000000000   1.6749553288e+03   1.9645369714e+01   9.2594154885e+02
   7938.0000000000   1.6752856990e+03   1.9701461489e+01   9.2612058089e+02
   7939.0000000000   1.6756134555e+03   1.9760967069e+01   9.2629849741e+02
   7940.0000000000   1.6759324146e+03   1.9813351979e+01   9.2647554655e+02
   7941.0000000000   1.6762486488e+03   1.9863857449e+01   9.2665187308e+02
   7942.0000000000   1.6765630606e+03   1.9913150726e+01   9.2682757336e+02
   7943.0000000000   1.6768760689e+03   1.9961530017e+01   9.2700271678e+02
   7944.0000000000   1.6771982372e+03   2.0009166216e+01   9.2717735606e+02
   7945.0000000000   1.6775133629e+03   2.0056170860e+01   9.2735153280e+02
   7946.0000000000   1.6778266111e+03   2.0102622915e+01   9.2752528082e+02
   7947.0000000000   1.6781385477e+03   2.0158258044e+01   9.2770830476e+02
   7948.0000000000   1.6784597454e+03   2.0207777414e+01   9.2788528347e+02
   7949.0000000000   1.6787739899e+03   2.0255953898e+01   9.2806097319e+02
   7950.0000000000   1.6790864332e+03   2.0303267890e+01   9.2823584156e+02
   7951.0000000000   1.6793976296e+03   2.0349919305e+01   9.2841007847e+02
   7952.0000000000   1.6797181422e+03   2.0396019421e+01   9.2858378718e+02
   7953.0000000000   1.6800317489e+03   2.0441640288e+01   9.2875703321e+02
   7954.0000000000   1.6803435954e+03   2.0486833094e+01   9.2894921543e+02
   7955.0000000000   1.6806542308e+03   2.0531636529e+01   9.2912967818e+02
   7956.0000000000   1.6809638948e+03   2.0576081158e+01   9.2930791980e+02
   7957.0000000000   1.6812727256e+03   2.0620191923e+01   9.2948486169e+02
   7958.0000000000   1.6815911346e+03   2.0663989685e+01   9.2966087042e+02
   7959.0000000000   1.6819028251e+03   2.0707492242e+01   9.2983614010e+02
   7960.0000000000   1.6822128987e+03   2.0750715012e+01   9.3001079021e+02
   7961.0000000000   1.6825218764e+03   2.0793671525e+01   9.3018490162e+02
   7962.0000000000   1.6828402971e+03   2.0836373785e+01   9.3035853276e+02
   7963.0000000000   1.6831622400e+03   2.0878832532e+01   9.3053172793e+02
   7964.0000000000   1.6834764729e+03   2.0921057456e+01   9.3070452194e+02
   7965.0000000000   1.6837885840e+03   2.0963057353e+01   9.3087694298e+02
   7966.0000000000   1.6840992835e+03   2.1004840257e+01   9.3104901437e+02
   7967.0000000000   1.6844192070e+03   2.1046413541e+01   9.3122075581e+02
   7968.0000000000   1.6847424911e+03   2.1087784008e+01   9.3139218417e+02
   7969.0000000000   1.6850579403e+03   2.1128957952e+01   9.3158266720e+02
   7970.0000000000   1.6853711683e+03   2.1189294311e+01   9.3176152792e+02
   7971.0000000000   1.6856829033e+03   2.1238108680e+01   9.3193824936e+02
   7972.0000000000   1.6859934758e+03   2.1294554298e+01   9.3211374144e+02
   7973.0000000000   1.6863030771e+03   2.1344190712e+01   9.3228836186e+02
   7974.0000000000   1.6866118336e+03   2.1392106704e+01   9.3246229771e+02
   7975.0000000000   1.6869198356e+03   2.1438935086e+01   9.3263566281e+02
   7976.0000000000   1.6872374701e+03   2.1484960274e+01   9.3280853334e+02
   7977.0000000000   1.6875484268e+03   2.1530344595e+01   9.3298096380e+02
   7978.0000000000   1.6878681183e+03   2.1575192776e+01   9.3315299516e+02
   7979.0000000000   1.6881806962e+03   2.1619577799e+01   9.3332465937e+02
   7980.0000000000   1.6884914270e+03   2.1663553343e+01   9.3349598214e+02
   7981.0000000000   1.6888009117e+03   2.1707160508e+01   9.3366698462e+02
   7982.0000000000   1.6891197344e+03   2.1750431763e+01   9.3383768459e+02
   7983.0000000000   1.6894316833e+03   2.1793393413e+01   9.3400809721e+02
   7984.0000000000   1.6897419086e+03   2.1845743754e+01   9.3417823563e+02
   7985.0000000000   1.6900509614e+03   2.1892156162e+01   9.3434811136e+02
   7986.0000000000   1.6903590814e+03   2.1937382064e+01   9.3451773459e+02
   7987.0000000000   1.6906664066e+03   2.1991561366e+01   9.3469679096e+02
   7988.0000000000   1.6909730281e+03   2.2039535199e+01   9.3486994373e+02
   7989.0000000000   1.6912893307e+03   2.2086139153e+01   9.3504193613e+02
   7990.0000000000   1.6915990008e+03   2.2131885445e+01   9.3521322478e+02
   7991.0000000000   1.6919071285e+03   2.2176991235e+01   9.3538399012e+02
   7992.0000000000   1.6922245451e+03   2.2221577430e+01   9.3556400378e+02
   7993.0000000000   1.6925454190e+03   2.2265721438e+01   9.3574765576e+02
   7994.0000000000   1.6928688744e+03   2.2309477288e+01   9.3592437642e+02
   7995.0000000000   1.6931841542e+03   2.2352884989e+01   9.3609938001e+02
   7996.0000000000   1.6934970289e+03   2.2405652011e+01   9.3627331241e+02
   7997.0000000000   1.6938083006e+03   2.2452458126e+01   9.3644645446e+02
   7998.0000000000   1.6941183400e+03   2.2498059380e+01   9.3661896263e+02
   7999.0000000000   1.6944376817e+03   2.2542922559e+01   9.3681028943e+02
   8000.0000000000   1.6947707417e+03   2.2596912873e+01   9.3699949012e+02
   8001.0000000000   1.6950899428e+03   2.2644787206e+01   9.3718074156e+02
   8002.0000000000   1.6954059406e+03   2.2701021868e+01   9.3736939404e+02
   8003.0000000000   1.6957405769e+03   2.2750765972e+01   9.3755093119e+02
   8004.0000000000   1.6960616378e+03   2.2798962149e+01   9.3774014276e+02
   8005.0000000000   1.6963795096e+03   2.2865527876e+01   9.3792234946e+02
   8006.0000000000   1.6967159723e+03   2.2929697323e+01   9.3811227717e+02
   8007.0000000000   1.6970387967e+03   2.2985737694e+01   9.3829521737e+02
   8008.0000000000   1.6973583677e+03   2.3039375535e+01   9.3847620484e+02
   8009.0000000000   1.6976861491e+03   2.3101149740e+01   9.3865586831e+02
   8010.0000000000   1.6980062800e+03   2.3156115944e+01   9.3883450264e+02
   8011.0000000000   1.6983240993e+03   2.3209242340e+01   9.3901228455e+02
   8012.0000000000   1.6986402764e+03   2.3261130492e+01   9.3918933357e+02
   8013.0000000000   1.6989551324e+03   2.3312061408e+01   9.3936573663e+02
   8014.0000000000   1.6992688640e+03   2.3362203618e+01   9.3954156013e+02
   8015.0000000000   1.6995816076e+03   2.3411671231e+01   9.3971685658e+02
   8016.0000000000   1.6998934640e+03   2.3460547308e+01   9.3989166864e+02
   8017.0000000000   1.7002045119e+03   2.3518571845e+01   9.4006603172e+02
   8018.0000000000   1.7005251334e+03   2.3570450107e+01   9.4023997570e+02
   8019.0000000000   1.7008493358e+03   2.3620958665e+01   9.4041352615e+02
   8020.0000000000   1.7011658492e+03   2.3670581185e+01   9.4058670523e+02
   8021.0000000000   1.7014802411e+03   2.3719520441e+01   9.4075953232e+02
   8022.0000000000   1.7017932093e+03   2.3767890207e+01   9.4093202455e+02
   8023.0000000000   1.7021153823e+03   2.3825441246e+01   9.4110419715e+02
   8024.0000000000   1.7024305732e+03   2.3876881702e+01   9.4127606376e+02
   8025.0000000000   1.7027439482e+03   2.3926987713e+01   9.4144763668e+02
   8026.0000000000   1.7030560694e+03   2.3976241126e+01   9.4162860361e+02
   8027.0000000000   1.7033775041e+03   2.4024842385e+01   9.4180362976e+02
   8028.0000000000   1.7036920328e+03   2.4072902819e+01   9.4197746023e+02
   8029.0000000000   1.7040254408e+03   2.4120494278e+01   9.4216022993e+02
   8030.0000000000   1.7043455502e+03   2.4167667625e+01   9.4234645259e+02
   8031.0000000000   1.7046730204e+03   2.4214461167e+01   9.4253529228e+02
   8032.0000000000   1.7049925857e+03   2.4270581610e+01   9.4271664954e+02
   8033.0000000000   1.7053200791e+03   2.4320708560e+01   9.4289592514e+02
   8034.0000000000   1.7056398741e+03   2.4369598285e+01   9.4307386245e+02
   8035.0000000000   1.7059573712e+03   2.4417718051e+01   9.4325080114e+02
   8036.0000000000   1.7062732604e+03   2.4465257166e+01   9.4343661315e+02
   8037.0000000000   1.7065878692e+03   2.4512318187e+01   9.4361608036e+02
   8038.0000000000   1.7069013956e+03   2.4568642428e+01   9.4380370396e+02
   8039.0000000000   1.7072242935e+03   2.4628606534e+01   9.4399433104e+02
   8040.0000000000   1.7075609360e+03   2.4681634805e+01   9.4417757720e+02
   8041.0000000000   1.7078837216e+03   2.4732938909e+01   9.4435875751e+02
   8042.0000000000   1.7082032909e+03   2.4783163927e+01   9.4454825823e+02
   8043.0000000000   1.7085208388e+03   2.4842267408e+01   9.4473105962e+02
   8044.0000000000   1.7088368735e+03   2.4895061607e+01   9.4491208675e+02
   8045.0000000000   1.7091516772e+03   2.4946382696e+01   9.4509191413e+02
   8046.0000000000   1.7094757497e+03   2.4996750238e+01   9.4528048124e+02
   8047.0000000000   1.7097928528e+03   2.5046389818e+01   9.4546259908e+02
   8048.0000000000   1.7101081301e+03   2.5095430273e+01   9.4565278501e+02
   8049.0000000000   1.7104324524e+03   2.5143956060e+01   9.4583622024e+02
   8050.0000000000   1.7107496996e+03   2.5192027363e+01   9.4601787315e+02
   8051.0000000000   1.7110650645e+03   2.5239689538e+01   9.4619832921e+02
   8052.0000000000   1.7113791233e+03   2.5286978163e+01   9.4638752998e+02
   8053.0000000000   1.7116921323e+03   2.5333922010e+01   9.4657028586e+02
   8054.0000000000   1.7120145611e+03   2.5380544898e+01   9.4675143635e+02
   8055.0000000000   1.7123301464e+03   2.5426866929e+01   9.4693150622e+02
   8056.0000000000   1.7126440122e+03   2.5472905329e+01   9.4711072680e+02
   8057.0000000000   1.7129670141e+03   2.5518675058e+01   9.4728923268e+02
   8058.0000000000   1.7132933385e+03   2.5564189250e+01   9.4746711377e+02
   8059.0000000000   1.7136118047e+03   2.5609459547e+01   9.4764443536e+02
   8060.0000000000   1.7139486691e+03   2.5654496354e+01   9.4782124751e+02
   8061.0000000000   1.7142719336e+03   2.5699309037e+01   9.4799759014e+02
   8062.0000000000   1.7145920291e+03   2.5743906081e+01   9.4817349599e+02
   8063.0000000000   1.7149101064e+03   2.5788295217e+01   9.4835866905e+02
   8064.0000000000   1.7152266635e+03   2.5832483527e+01   9.4853778784e+02
   8065.0000000000   1.7155419810e+03   2.5886154065e+01   9.4871560846e+02
   8066.0000000000   1.7158562402e+03   2.5933967919e+01   9.4889259853e+02
   8067.0000000000   1.7161695684e+03   2.5980666464e+01   9.4906894803e+02
   8068.0000000000   1.7164820604e+03   2.6026704736e+01   9.4924476038e+02
   8069.0000000000   1.7167937894e+03   2.6072261825e+01   9.4943945436e+02
   8070.0000000000   1.7171151334e+03   2.6117431627e+01   9.4962238615e+02
   8071.0000000000   1.7174297765e+03   2.6162271482e+01   9.4980306175e+02
   8072.0000000000   1.7177428095e+03   2.6235849613e+01   9.4998240786e+02
   8073.0000000000   1.7180547463e+03   2.6292159026e+01   9.5016079493e+02
   8074.0000000000   1.7183658025e+03   2.6345428174e+01   9.5033842001e+02
   8075.0000000000   1.7186864182e+03   2.6406699721e+01   9.5051540488e+02
   8076.0000000000   1.7190003092e+03   2.6461164928e+01   9.5069183229e+02
   8077.0000000000   1.7193332210e+03   2.6513838886e+01   9.5086776221e+02
   8078.0000000000   1.7196529495e+03   2.6565340207e+01   9.5104324022e+02
   8079.0000000000   1.7199698161e+03   2.6625631657e+01   9.5122797880e+02
   8080.0000000000   1.7202952237e+03   2.6679536931e+01   9.5140666215e+02
   8081.0000000000   1.7206132614e+03   2.6731903765e+01   9.5158405024e+02
   8082.0000000000   1.7209292280e+03   2.6783261910e+01   9.5176061336e+02
   8083.0000000000   1.7212437608e+03   2.6833845567e+01   9.5193654328e+02
   8084.0000000000   1.7215674736e+03   2.6883790753e+01   9.5211194463e+02
   8085.0000000000   1.7218841779e+03   2.6942864440e+01   9.5228688390e+02
   8086.0000000000   1.7221990423e+03   2.6995786857e+01   9.5246140762e+02
   8087.0000000000   1.7225126323e+03   2.7047343317e+01   9.5263555047e+02
   8088.0000000000   1.7228355187e+03   2.7107699285e+01   9.5280933958e+02
   8089.0000000000   1.7231618040e+03   2.7161715798e+01   9.5298279690e+02
   8090.0000000000   1.7234905929e+03   2.7214244344e+01   9.5315594067e+02
   8091.0000000000   1.7238111238e+03   2.7265810092e+01   9.5332878638e+02
   8092.0000000000   1.7241291684e+03   2.7316640934e+01   9.5350134740e+02
   8093.0000000000   1.7244455321e+03   2.7366866791e+01   9.5367363544e+02
   8094.0000000000   1.7247605895e+03   2.7416572735e+01   9.5384566086e+02
   8095.0000000000   1.7250745602e+03   2.7465819381e+01   9.5402710948e+02
   8096.0000000000   1.7253875899e+03   2.7514652442e+01   9.5420264475e+02
   8097.0000000000   1.7256997829e+03   2.7563107828e+01   9.5437701005e+02
   8098.0000000000   1.7260215369e+03   2.7611214625e+01   9.5455066217e+02
   8099.0000000000   1.7263468687e+03   2.7658996960e+01   9.5472378175e+02
   8100.0000000000   1.7266851528e+03   2.7706475230e+01   9.5489646404e+02
   8101.0000000000   1.7270092328e+03   2.7763343488e+01   9.5506876760e+02
   8102.0000000000   1.7273299094e+03   2.7814272032e+01   9.5526008519e+02
   8103.0000000000   1.7276484531e+03   2.7864010050e+01   9.5543975573e+02
   8104.0000000000   1.7279654132e+03   2.7913019269e+01   9.5561727278e+02
   8105.0000000000   1.7282810966e+03   2.7971161104e+01   9.5580322996e+02
   8106.0000000000   1.7285956992e+03   2.8032866106e+01   9.5598264504e+02
   8107.0000000000   1.7289196760e+03   2.8087586905e+01   9.5616044444e+02
   8108.0000000000   1.7292367635e+03   2.8140551644e+01   9.5633719431e+02
   8109.0000000000   1.7295624079e+03   2.8192415681e+01   9.5651314689e+02
   8110.0000000000   1.7298911054e+03   2.8243466781e+01   9.5668844733e+02
   8111.0000000000   1.7302220972e+03   2.8293866754e+01   9.5686319058e+02
   8112.0000000000   1.7305550054e+03   2.8343719239e+01   9.5703744384e+02
   8113.0000000000   1.7308895928e+03   2.8393096315e+01   9.5721125724e+02
   8114.0000000000   1.7312256928e+03   2.8451727609e+01   9.5739434626e+02
   8115.0000000000   1.7315631804e+03   2.8504308972e+01   9.5759075019e+02
   8116.0000000000   1.7318916380e+03   2.8565285110e+01   9.5777454047e+02
   8117.0000000000   1.7322170307e+03   2.8619787295e+01   9.5795565982e+02
   8118.0000000000   1.7325402862e+03   2.8672747485e+01   9.5813520028e+02
   8119.0000000000   1.7328618629e+03   2.8724723432e+01   9.5831361523e+02
   8120.0000000000   1.7331923600e+03   2.8775958384e+01   9.5849115002e+02
   8121.0000000000   1.7335259238e+03   2.8826590129e+01   9.5866795734e+02
   8122.0000000000   1.7338513799e+03   2.8876707930e+01   9.5884414093e+02
   8123.0000000000   1.7341743650e+03   2.8926374644e+01   9.5902945234e+02
   8124.0000000000   1.7344956289e+03   2.8975637132e+01   9.5920860332e+02
   8125.0000000000   1.7348155211e+03   2.9024531817e+01   9.5938637405e+02
   8126.0000000000   1.7351342505e+03   2.9073087915e+01   9.5956325007e+02
   8127.0000000000   1.7354622776e+03   2.9131006000e+01   9.5973943499e+02
   8128.0000000000   1.7357833422e+03   2.9192637846e+01   9.5992471931e+02
   8129.0000000000   1.7361025745e+03   2.9247391517e+01   9.6010383211e+02
   8130.0000000000   1.7364205182e+03   2.9300467530e+01   9.6029123834e+02
   8131.0000000000   1.7367477309e+03   2.9371856074e+01   9.6047208266e+02
   8132.0000000000   1.7370679881e+03   2.9431142390e+01   9.6065130644e+02
   8133.0000000000   1.7373967538e+03   2.9497627317e+01   9.6082947436e+02
   8134.0000000000   1.7377182135e+03   2.9566639035e+01   9.6100683498e+02
   8135.0000000000   1.7380479768e+03   2.9637660379e+01   9.6118353032e+02
   8136.0000000000   1.7383702989e+03   2.9700759873e+01   9.6136932957e+02
   8137.0000000000   1.7386905094e+03   2.9761441193e+01   9.6154895350e+02
   8138.0000000000   1.7390092516e+03   2.9820516788e+01   9.6172718716e+02
   8139.0000000000   1.7393268209e+03   2.9888052225e+01   9.6190451884e+02
   8140.0000000000   1.7396433920e+03   2.9958611342e+01   9.6208115378e+02
   8141.0000000000   1.7399694016e+03   3.0021740228e+01   9.6225720691e+02
   8142.0000000000   1.7402885714e+03   3.0082735863e+01   9.6243275286e+02
   8143.0000000000   1.7406060174e+03   3.0142306189e+01   9.6261752116e+02
   8144.0000000000   1.7409325905e+03   3.0200780271e+01   9.6280588342e+02
   8145.0000000000   1.7412624748e+03   3.0258353100e+01   9.6298726199e+02
   8146.0000000000   1.7415844881e+03   3.0315155465e+01   9.6316686812e+02
   8147.0000000000   1.7419042476e+03   3.0380958544e+01   9.6334534721e+02
   8148.0000000000   1.7422224825e+03   3.0440489480e+01   9.6352298099e+02
   8149.0000000000   1.7425395231e+03   3.0498541018e+01   9.6369992751e+02
   8150.0000000000   1.7428555605e+03   3.0555609269e+01   9.6387628812e+02
   8151.0000000000   1.7432119975e+03   3.0611906887e+01   9.6405213347e+02
   8152.0000000000   1.7435641069e+03   3.0677232231e+01   9.6423719240e+02
   8153.0000000000   1.7438994303e+03   3.0736321267e+01   9.6441616032e+02
   8154.0000000000   1.7442403598e+03   3.0793968510e+01   9.6459380525e+02
   8155.0000000000   1.7445722779e+03   3.0850668976e+01   9.6477060341e+02
   8156.0000000000   1.7449113431e+03   3.0906633098e+01   9.6495642765e+02
   8157.0000000000   1.7452421191e+03   3.0961980100e+01   9.6514571771e+02
   8158.0000000000   1.7455701291e+03   3.1016788273e+01   9.6532793376e+02
   8159.0000000000   1.7458961477e+03   3.1071113850e+01   9.6550831016e+02
   8160.0000000000   1.7462205635e+03   3.1124999708e+01   9.6568750752e+02
   8161.0000000000   1.7465539398e+03   3.1178479948e+01   9.6586581807e+02
   8162.0000000000   1.7468904023e+03   3.1231582551e+01   9.6604340744e+02
   8163.0000000000   1.7472290835e+03   3.1284331025e+01   9.6623005913e+02
   8164.0000000000   1.7475592484e+03   3.1336745492e+01   9.6641050319e+02
   8165.0000000000   1.7478866922e+03   3.1388843437e+01   9.6658953103e+02
   8166.0000000000   1.7482122409e+03   3.1440640239e+01   9.6676763555e+02
   8167.0000000000   1.7485362870e+03   3.1492149567e+01   9.6694502536e+02
   8168.0000000000   1.7488590657e+03   3.1543383671e+01   9.6712181799e+02
   8169.0000000000   1.7491807365e+03   3.1613706699e+01   9.6730776659e+02
   8170.0000000000   1.7495014155e+03   3.1672438843e+01   9.6748758083e+02
   8171.0000000000   1.7498315111e+03   3.1738737429e+01   9.6766603780e+02
   8172.0000000000   1.7501547305e+03   3.1807842199e+01   9.6784361987e+02
   8173.0000000000   1.7504865013e+03   3.1869500291e+01   9.6802052777e+02
   8174.0000000000   1.7508109882e+03   3.1938759825e+01   9.6819687291e+02
   8175.0000000000   1.7511437879e+03   3.2001012828e+01   9.6837272712e+02
   8176.0000000000   1.7514691476e+03   3.2061334128e+01   9.6854814115e+02
   8177.0000000000   1.7517923914e+03   3.2120369907e+01   9.6872315313e+02
   8178.0000000000   1.7521141590e+03   3.2178422543e+01   9.6889779302e+02
   8179.0000000000   1.7524347432e+03   3.2235671567e+01   9.6907208513e+02
   8180.0000000000   1.7527543173e+03   3.2301913490e+01   9.6924604971e+02
   8181.0000000000   1.7530833166e+03   3.2361889559e+01   9.6942938049e+02
   8182.0000000000   1.7534054623e+03   3.2420400618e+01   9.6960674734e+02
   8183.0000000000   1.7537258695e+03   3.2487623969e+01   9.6978289905e+02
   8184.0000000000   1.7540450703e+03   3.2548429907e+01   9.6995829692e+02
   8185.0000000000   1.7543632930e+03   3.2607677323e+01   9.7013312542e+02
   8186.0000000000   1.7546806690e+03   3.2665897426e+01   9.7030748313e+02
   8187.0000000000   1.7549972857e+03   3.2723323113e+01   9.7048143146e+02
   8188.0000000000   1.7553235260e+03   3.2780088523e+01   9.7066468915e+02
   8189.0000000000   1.7556430750e+03   3.2845958866e+01   9.7084194226e+02
   8190.0000000000   1.7559610228e+03   3.2905652927e+01   9.7101795049e+02
   8191.0000000000   1.7562778819e+03   3.2963954926e+01   9.7121253593e+02
   8192.0000000000   1.7566041851e+03   3.3021353001e+01   9.7139519872e+02
   8193.0000000000   1.7569236880e+03   3.3078052597e+01   9.7157551311e+02
   8194.0000000000   1.7572518378e+03   3.3134169098e+01   9.7175444329e+02
   8195.0000000000   1.7575728060e+03   3.3189777689e+01   9.7193238228e+02
   8196.0000000000   1.7578918712e+03   3.3244932016e+01   9.7210954163e+02
   8197.0000000000   1.7582096424e+03   3.3299672741e+01   9.7229572937e+02
   8198.0000000000   1.7585470280e+03   3.3354032036e+01   9.7247569000e+02
   8199.0000000000   1.7588714562e+03   3.3408036175e+01   9.7265422405e+02
   8200.0000000000   1.7591931301e+03   3.3461707144e+01   9.7283183034e+02
   8201.0000000000   1.7595130827e+03   3.3515063695e+01   9.7300872152e+02
   8202.0000000000   1.7598420601e+03   3.3577798612e+01   9.7319469442e+02
   8203.0000000000   1.7601639330e+03   3.3634581211e+01   9.7337448268e+02
   8204.0000000000   1.7604839006e+03   3.3690159919e+01   9.7355287805e+02
   8205.0000000000   1.7608025459e+03   3.3754672425e+01   9.7373037260e+02
   8206.0000000000   1.7611510888e+03   3.3812958223e+01   9.7390717380e+02
   8207.0000000000   1.7614805919e+03   3.3869851715e+01   9.7408339792e+02
   8208.0000000000   1.7618063101e+03   3.3925864268e+01   9.7426879695e+02
   8209.0000000000   1.7621297582e+03   3.3981212452e+01   9.7444807945e+02
   8210.0000000000   1.7624515518e+03   3.4036016786e+01   9.7462602149e+02
   8211.0000000000   1.7627720233e+03   3.4090354450e+01   9.7480310456e+02
   8212.0000000000   1.7631016997e+03   3.4144279369e+01   9.7498920508e+02
   8213.0000000000   1.7634243598e+03   3.4197831541e+01   9.7516908880e+02
   8214.0000000000   1.7637554772e+03   3.4251041961e+01   9.7534756264e+02
   8215.0000000000   1.7640792474e+03   3.4303935458e+01   9.7552512656e+02
   8216.0000000000   1.7644112886e+03   3.4356532449e+01   9.7570199238e+02
   8217.0000000000   1.7647358632e+03   3.4408850085e+01   9.7587827888e+02
   8218.0000000000   1.7650583066e+03   3.4460903022e+01   9.7605406298e+02
   8219.0000000000   1.7653895857e+03   3.4512703967e+01   9.7622939903e+02
   8220.0000000000   1.7657136358e+03   3.4564264076e+01   9.7640432784e+02
   8221.0000000000   1.7660356847e+03   3.4615593240e+01   9.7657888131e+02
   8222.0000000000   1.7663666514e+03   3.4666700312e+01   9.7675308526e+02
   8223.0000000000   1.7667007642e+03   3.4727269821e+01   9.7692696105e+02
   8224.0000000000   1.7670268720e+03   3.4791640629e+01   9.7710052676e+02
   8225.0000000000   1.7673609341e+03   3.4858886773e+01   9.7728347443e+02
   8226.0000000000   1.7676976519e+03   3.4918855051e+01   9.7747014918e+02
   8227.0000000000   1.7680260555e+03   3.4976910967e+01   9.7764995377e+02
   8228.0000000000   1.7683518768e+03   3.5033773180e+01   9.7782808440e+02
   8229.0000000000   1.7686759161e+03   3.5089763227e+01   9.7801485116e+02
   8230.0000000000   1.7689985517e+03   3.5154739209e+01   9.7819518129e+02
   8231.0000000000   1.7693200098e+03   3.5213472133e+01   9.7837396079e+02
   8232.0000000000   1.7696507614e+03   3.5270777881e+01   9.7855173426e+02
   8233.0000000000   1.7699745530e+03   3.5327164772e+01   9.7873841763e+02
   8234.0000000000   1.7702965190e+03   3.5382851545e+01   9.7891880284e+02
   8235.0000000000   1.7706172058e+03   3.5437962538e+01   9.7909771503e+02
   8236.0000000000   1.7709471725e+03   3.5492579044e+01   9.7928534382e+02
   8237.0000000000   1.7712701956e+03   3.5556435437e+01   9.7946656578e+02
   8238.0000000000   1.7715914204e+03   3.5614230307e+01   9.7964624284e+02
   8239.0000000000   1.7719113963e+03   3.5690086631e+01   9.7982490743e+02
   8240.0000000000   1.7722303634e+03   3.5753791917e+01   9.8000279263e+02
   8241.0000000000   1.7725484611e+03   3.5815014753e+01   9.8018003214e+02
   8242.0000000000   1.7728761014e+03   3.5874763358e+01   9.8035671384e+02
   8243.0000000000   1.7731969885e+03   3.5933455696e+01   9.8053290047e+02
   8244.0000000000   1.7735162250e+03   3.5991319288e+01   9.8070863936e+02
   8245.0000000000   1.7738343328e+03   3.6048496779e+01   9.8088396767e+02
   8246.0000000000   1.7741515326e+03   3.6105085851e+01   9.8105891549e+02
   8247.0000000000   1.7744679493e+03   3.6161157583e+01   9.8123350770e+02
   8248.0000000000   1.7747836650e+03   3.6216766049e+01   9.8140776532e+02
   8249.0000000000   1.7750987387e+03   3.6271953801e+01   9.8158170636e+02
   8250.0000000000   1.7754235350e+03   3.6326755236e+01   9.8175534645e+02
   8251.0000000000   1.7757417262e+03   3.6381198765e+01   9.8192869932e+02
   8252.0000000000   1.7760687116e+03   3.6435308273e+01   9.8210177712e+02
   8253.0000000000   1.7763886324e+03   3.6489104148e+01   9.8227459070e+02
   8254.0000000000   1.7767067465e+03   3.6552280552e+01   9.8244714983e+02
   8255.0000000000   1.7770236481e+03   3.6609507950e+01   9.8261946334e+02
   8256.0000000000   1.7773499156e+03   3.6675212263e+01   9.8280121584e+02
   8257.0000000000   1.7776693325e+03   3.6734510484e+01   9.8297706974e+02
   8258.0000000000   1.7779973641e+03   3.6802000019e+01   9.8315176762e+02
   8259.0000000000   1.7783285133e+03   3.6862884902e+01   9.8332576557e+02
   8260.0000000000   1.7786620226e+03   3.6922137110e+01   9.8349924362e+02
   8261.0000000000   1.7789871934e+03   3.6980338511e+01   9.8369164960e+02
   8262.0000000000   1.7793201497e+03   3.7047424391e+01   9.8390138138e+02
   8263.0000000000   1.7796556715e+03   3.7108198065e+01   9.8409191504e+02
   8264.0000000000   1.7799828314e+03   3.7167491927e+01   9.8427838609e+02
   8265.0000000000   1.7803073867e+03   3.7225823982e+01   9.8446251419e+02
   8266.0000000000   1.7806611107e+03   3.7283419279e+01   9.8464501790e+02
   8267.0000000000   1.7810056193e+03   3.7340406595e+01   9.8482628541e+02
   8268.0000000000   1.7813399321e+03   3.7396870555e+01   9.8500655680e+02
   8269.0000000000   1.7816706952e+03   3.7452871607e+01   9.8519567034e+02
   8270.0000000000   1.7819990590e+03   3.7508455403e+01   9.8537839675e+02
   8271.0000000000   1.7823255813e+03   3.7573334369e+01   9.8555955825e+02
   8272.0000000000   1.7826609140e+03   3.7641869174e+01   9.8573967151e+02
   8273.0000000000   1.7829992348e+03   3.7703474771e+01   9.8591896389e+02
   8274.0000000000   1.7833293892e+03   3.7763357148e+01   9.8609756787e+02
   8275.0000000000   1.7836570273e+03   3.7822157840e+01   9.8627557224e+02
   8276.0000000000   1.7839932274e+03   3.7880155611e+01   9.8645304159e+02
   8277.0000000000   1.7843219822e+03   3.7937506221e+01   9.8663002552e+02
   8278.0000000000   1.7846485558e+03   3.7994309141e+01   9.8680656353e+02
   8279.0000000000   1.7849735736e+03   3.8050633530e+01   9.8698268803e+02
   8280.0000000000   1.7852973279e+03   3.8116206940e+01   9.8715842611e+02
   8281.0000000000   1.7856199965e+03   3.8175723736e+01   9.8733380086e+02
   8282.0000000000   1.7859520209e+03   3.8243627553e+01   9.8750883219e+02
   8283.0000000000   1.7862874475e+03   3.8305048894e+01   9.8768353750e+02
   8284.0000000000   1.7866150338e+03   3.8374595710e+01   9.8785793212e+02
   8285.0000000000   1.7869403674e+03   3.8437480433e+01   9.8803202968e+02
   8286.0000000000   1.7872641616e+03   3.8498681841e+01   9.8820584240e+02
   8287.0000000000   1.7875867380e+03   3.8558787388e+01   9.8837938129e+02
   8288.0000000000   1.7879082832e+03   3.8618060473e+01   9.8856233287e+02
   8289.0000000000   1.7882289211e+03   3.8676653257e+01   9.8873936131e+02
   8290.0000000000   1.7885487411e+03   3.8734665669e+01   9.8891521073e+02
   8291.0000000000   1.7888678110e+03   3.8792168729e+01   9.8909033864e+02
   8292.0000000000   1.7891861850e+03   3.8849215714e+01   9.8927460289e+02
   8293.0000000000   1.7895142265e+03   3.8905848199e+01   9.8945275446e+02
   8294.0000000000   1.7898356087e+03   3.8962099614e+01   9.8962958831e+02
   8295.0000000000   1.7901554136e+03   3.9017997490e+01   9.8980559454e+02
   8296.0000000000   1.7904741484e+03   3.9073564942e+01   9.8998097672e+02
   8297.0000000000   1.7908023422e+03   3.9128821680e+01   9.9015584667e+02
   8298.0000000000   1.7911340668e+03   3.9183784747e+01   9.9033995187e+02
   8299.0000000000   1.7914580847e+03   3.9267498669e+01   9.9051799664e+02
   8300.0000000000   1.7918006180e+03   3.9333941804e+01   9.9069475309e+02
   8301.0000000000   1.7921296460e+03   3.9407009801e+01   9.9087069908e+02
   8302.0000000000   1.7924659024e+03   3.9472717772e+01   9.9105570775e+02
   8303.0000000000   1.7928044810e+03   3.9536333733e+01   9.9123454186e+02
   8304.0000000000   1.7931345566e+03   3.9598584233e+01   9.9141200564e+02
   8305.0000000000   1.7934619321e+03   3.9669487184e+01   9.9158859661e+02
   8306.0000000000   1.7937874481e+03   3.9733898000e+01   9.9176452434e+02
   8307.0000000000   1.7941115078e+03   3.9796684290e+01   9.9193990561e+02
   8308.0000000000   1.7944343534e+03   3.9858389116e+01   9.9211481547e+02
   8309.0000000000   1.7947561481e+03   3.9919256072e+01   9.9228930662e+02
   8310.0000000000   1.7950770098e+03   3.9979428108e+01   9.9246341829e+02
   8311.0000000000   1.7953970282e+03   4.0039000956e+01   9.9263718101e+02
   8312.0000000000   1.7957265931e+03   4.0098043961e+01   9.9281061926e+02
   8313.0000000000   1.7960597167e+03   4.0156610028e+01   9.9298375323e+02
   8314.0000000000   1.7963851331e+03   4.0214741044e+01   9.9315659987e+02
   8315.0000000000   1.7967084120e+03   4.0272471104e+01   9.9332917368e+02
   8316.0000000000   1.7970302532e+03   4.0329828572e+01   9.9350148721e+02
   8317.0000000000   1.7973509675e+03   4.0386837458e+01   9.9367355147e+02
   8318.0000000000   1.7976707328e+03   4.0443518384e+01   9.9384537619e+02
   8319.0000000000   1.7979896655e+03   4.0499889273e+01   9.9401697007e+02
   8320.0000000000   1.7983078487e+03   4.0555965870e+01   9.9418834096e+02
   8321.0000000000   1.7986253452e+03   4.0611762124e+01   9.9436917249e+02
   8322.0000000000   1.7989525233e+03   4.0667290494e+01   9.9454412619e+02
   8323.0000000000   1.7992833785e+03   4.0722562185e+01   9.9471794378e+02
   8324.0000000000   1.7996066307e+03   4.0777587331e+01   9.9489108056e+02
   8325.0000000000   1.7999278384e+03   4.0832375155e+01   9.9506371581e+02
   8326.0000000000   1.8002476918e+03   4.0886934084e+01   9.9523594359e+02
   8327.0000000000   1.8005871316e+03   4.0941271859e+01   9.9541749787e+02
   8328.0000000000   1.8009136011e+03   4.0995395615e+01   9.9560274892e+02
   8329.0000000000   1.8012476305e+03   4.1058988499e+01   9.9578111545e+02
   8330.0000000000   1.8015738933e+03   4.1116711709e+01   9.9595780418e+02
   8331.0000000000   1.8018978694e+03   4.1173306754e+01   9.9613345579e+02
   8332.0000000000   1.8022202748e+03   4.1229228811e+01   9.9631802386e+02
   8333.0000000000   1.8025414450e+03   4.1294333664e+01   9.9649631710e+02
   8334.0000000000   1.8028718987e+03   4.1353370432e+01   9.9667316846e+02
   8335.0000000000   1.8032057247e+03   4.1420808954e+01   9.9685877109e+02
   8336.0000000000   1.8035317056e+03   4.1481792894e+01   9.9705735607e+02
   8337.0000000000   1.8038554446e+03   4.1541260250e+01   9.9725277225e+02
   8338.0000000000   1.8041776648e+03   4.1609447986e+01   9.9743967834e+02
   8339.0000000000   1.8044986940e+03   4.1680931780e+01   9.9762394217e+02
   8340.0000000000   1.8048187228e+03   4.1745240060e+01   9.9780649486e+02
   8341.0000000000   1.8051378775e+03   4.1807646928e+01   9.9798777626e+02
   8342.0000000000   1.8054562486e+03   4.1868838208e+01   9.9817772014e+02
   8343.0000000000   1.8057739048e+03   4.1929123086e+01   9.9836115012e+02
   8344.0000000000   1.8061012195e+03   4.1988679088e+01   9.9854292078e+02
   8345.0000000000   1.8064218728e+03   4.2047621753e+01   9.9872357007e+02
   8346.0000000000   1.8067512707e+03   4.2106032401e+01   9.9891301661e+02
   8347.0000000000   1.8070735603e+03   4.2163971431e+01   9.9910573520e+02
   8348.0000000000   1.8073940043e+03   4.2221485519e+01   9.9929121352e+02
   8349.0000000000   1.8077132011e+03   4.2278611845e+01   9.9947470797e+02
   8350.0000000000   1.8080314139e+03   4.2345057287e+01   9.9965689712e+02
   8351.0000000000   1.8083487932e+03   4.2405502156e+01   9.9983808803e+02
   8352.0000000000   1.8086654375e+03   4.2464703595e+01   1.0000184588e+03
   8353.0000000000   1.8089814174e+03   4.2523129755e+01   1.0001981267e+03
   8354.0000000000   1.8093071053e+03   4.2580970755e+01   1.0003771759e+03
   8355.0000000000   1.8096261791e+03   4.2638329874e+01   1.0005556697e+03
   8356.0000000000   1.8099437233e+03   4.2695272501e+01   1.0007336577e+03
   8357.0000000000   1.8102602461e+03   4.2751844187e+01   1.0009111802e+03
   8358.0000000000   1.8105862767e+03   4.2808078799e+01   1.0010882706e+03
   8359.0000000000   1.8109055674e+03   4.2864002713e+01   1.0012649567e+03
   8360.0000000000   1.8112232434e+03   4.2919637203e+01   1.0014412627e+03
   8361.0000000000   1.8115398378e+03   4.2984676435e+01   1.0016172094e+03
   8362.0000000000   1.8118555763e+03   4.3043790388e+01   1.0017928151e+03
   8363.0000000000   1.8121705862e+03   4.3101727691e+01   1.0019680959e+03
   8364.0000000000   1.8124952691e+03   4.3158949389e+01   1.0021430662e+03
   8365.0000000000   1.8128236389e+03   4.3215639609e+01   1.0023274154e+03
   8366.0000000000   1.8131444264e+03   4.3271896528e+01   1.0025058104e+03
   8367.0000000000   1.8134735156e+03   4.3337457696e+01   1.0026829974e+03
   8368.0000000000   1.8137952366e+03   4.3397019947e+01   1.0028594361e+03
   8369.0000000000   1.8141149445e+03   4.3455349639e+01   1.0030449860e+03
   8370.0000000000   1.8144332913e+03   4.3512920101e+01   1.0032243999e+03
   8371.0000000000   1.8147712120e+03   4.3569924298e+01   1.0034121506e+03
   8372.0000000000   1.8151064712e+03   4.3645820040e+01   1.0035933846e+03
   8373.0000000000   1.8154329200e+03   4.3709983446e+01   1.0037730425e+03
   8374.0000000000   1.8157772883e+03   4.3771931728e+01   1.0039613637e+03
   8375.0000000000   1.8161077614e+03   4.3842274723e+01   1.0041432493e+03
   8376.0000000000   1.8164348645e+03   4.3906041905e+01   1.0043235748e+03
   8377.0000000000   1.8167598047e+03   4.3968168492e+01   1.0045125567e+03
   8378.0000000000   1.8170831164e+03   4.4029227483e+01   1.0046950878e+03
   8379.0000000000   1.8174051055e+03   4.4089476535e+01   1.0048760404e+03
   8380.0000000000   1.8177362906e+03   4.4149065214e+01   1.0050559538e+03
   8381.0000000000   1.8180604486e+03   4.4208092113e+01   1.0052447426e+03
   8382.0000000000   1.8183827349e+03   4.4266627460e+01   1.0054271993e+03
   8383.0000000000   1.8187037106e+03   4.4324723979e+01   1.0056081501e+03
   8384.0000000000   1.8190442647e+03   4.4382422791e+01   1.0058074630e+03
   8385.0000000000   1.8193718180e+03   4.4439756925e+01   1.0059946712e+03
   8386.0000000000   1.8196965723e+03   4.4496753524e+01   1.0061890507e+03
   8387.0000000000   1.8200298806e+03   4.4553435323e+01   1.0063762406e+03
   8388.0000000000   1.8203661278e+03   4.4609821659e+01   1.0065613856e+03
   8389.0000000000   1.8206942377e+03   4.4675605742e+01   1.0067451599e+03
   8390.0000000000   1.8210198925e+03   4.4735457168e+01   1.0069278803e+03
   8391.0000000000   1.8213438641e+03   4.4794124521e+01   1.0071194111e+03
   8392.0000000000   1.8216665134e+03   4.4852068996e+01   1.0073045330e+03
   8393.0000000000   1.8219983733e+03   4.4909474988e+01   1.0074880722e+03
   8394.0000000000   1.8223232233e+03   4.4966440997e+01   1.0076705467e+03
   8395.0000000000   1.8226565364e+03   4.5032704931e+01   1.0078521845e+03
   8396.0000000000   1.8229825076e+03   4.5092963983e+01   1.0080427946e+03
   8397.0000000000   1.8233064355e+03   4.5151984871e+01   1.0082271208e+03
   8398.0000000000   1.8236289459e+03   4.5210241271e+01   1.0084196401e+03
   8399.0000000000   1.8239503236e+03   4.5267926481e+01   1.0086055069e+03
   8400.0000000000   1.8242810557e+03   4.5325145537e+01   1.0087896709e+03
   8401.0000000000   1.8246048916e+03   4.5381964714e+01   1.0089727038e+03
   8402.0000000000   1.8249269640e+03   4.5438429908e+01   1.0091645367e+03
   8403.0000000000   1.8252478159e+03   4.5494574977e+01   1.0093499719e+03
   8404.0000000000   1.8255676839e+03   4.5550426079e+01   1.0095338425e+03
   8405.0000000000   1.8258970239e+03   4.5625357222e+01   1.0097166680e+03
   8406.0000000000   1.8262195636e+03   4.5688695730e+01   1.0098986757e+03
   8407.0000000000   1.8265404202e+03   4.5749927634e+01   1.0100799964e+03
   8408.0000000000   1.8268601250e+03   4.5819641500e+01   1.0102800702e+03
   8409.0000000000   1.8271995435e+03   4.5882851576e+01   1.0104682701e+03
   8410.0000000000   1.8275260775e+03   4.5944481774e+01   1.0106541156e+03
   8411.0000000000   1.8278602323e+03   4.6005096432e+01   1.0108385444e+03
   8412.0000000000   1.8281866653e+03   4.6064946422e+01   1.0110219361e+03
   8413.0000000000   1.8285108461e+03   4.6124175873e+01   1.0112044956e+03
   8414.0000000000   1.8288334829e+03   4.6182878958e+01   1.0113863513e+03
   8415.0000000000   1.8291652251e+03   4.6241122248e+01   1.0115675915e+03
   8416.0000000000   1.8294899044e+03   4.6298955404e+01   1.0117482812e+03
   8417.0000000000   1.8298230208e+03   4.6356416959e+01   1.0119284701e+03
   8418.0000000000   1.8301487844e+03   4.6413537722e+01   1.0121081981e+03
   8419.0000000000   1.8304931406e+03   4.6480019472e+01   1.0122874975e+03
   8420.0000000000   1.8308239931e+03   4.6540538346e+01   1.0124857486e+03
   8421.0000000000   1.8311517304e+03   4.6599848025e+01   1.0126722846e+03
   8422.0000000000   1.8314774821e+03   4.6658413735e+01   1.0128565970e+03
   8423.0000000000   1.8318017340e+03   4.6726099651e+01   1.0130396030e+03
   8424.0000000000   1.8321247599e+03   4.6787661974e+01   1.0132216663e+03
   8425.0000000000   1.8324570557e+03   4.6847900026e+01   1.0134029794e+03
   8426.0000000000   1.8327927012e+03   4.6907307571e+01   1.0135836607e+03
   8427.0000000000   1.8331307945e+03   4.6966091274e+01   1.0137734670e+03
   8428.0000000000   1.8334605740e+03   4.7043718680e+01   1.0139571116e+03
   8429.0000000000   1.8337878132e+03   4.7109573139e+01   1.0141393744e+03
   8430.0000000000   1.8341133205e+03   4.7173177430e+01   1.0143207402e+03
   8431.0000000000   1.8344374735e+03   4.7245145792e+01   1.0145110881e+03
   8432.0000000000   1.8347604950e+03   4.7310511262e+01   1.0146951860e+03
   8433.0000000000   1.8350825336e+03   4.7374211999e+01   1.0148778428e+03
   8434.0000000000   1.8354036961e+03   4.7436823461e+01   1.0150595602e+03
   8435.0000000000   1.8357343826e+03   4.7498605396e+01   1.0152405512e+03
   8436.0000000000   1.8360686123e+03   4.7559709160e+01   1.0154306126e+03
   8437.0000000000   1.8363951235e+03   4.7629911444e+01   1.0156144774e+03
   8438.0000000000   1.8367194891e+03   4.7693938902e+01   1.0157969368e+03
   8439.0000000000   1.8370424113e+03   4.7766257790e+01   1.0159784824e+03
   8440.0000000000   1.8373642026e+03   4.7832015203e+01   1.0161593211e+03
   8441.0000000000   1.8376953610e+03   4.7896155153e+01   1.0163395690e+03
   8442.0000000000   1.8380196404e+03   4.7959244834e+01   1.0165193012e+03
   8443.0000000000   1.8383421748e+03   4.8031211612e+01   1.0166985711e+03
   8444.0000000000   1.8386635074e+03   4.8096854528e+01   1.0168870954e+03
   8445.0000000000   1.8390148310e+03   4.8170680321e+01   1.0170695607e+03
   8446.0000000000   1.8393575092e+03   4.8237861077e+01   1.0172507285e+03
   8447.0000000000   1.8396904193e+03   4.8303357369e+01   1.0174310701e+03
   8448.0000000000   1.8400304356e+03   4.8367747977e+01   1.0176107777e+03
   8449.0000000000   1.8403726011e+03   4.8431292177e+01   1.0177996329e+03
   8450.0000000000   1.8407061141e+03   4.8503816875e+01   1.0179823577e+03
   8451.0000000000   1.8410471224e+03   4.8570076501e+01   1.0181637344e+03
   8452.0000000000   1.8413801230e+03   4.8634877982e+01   1.0183539242e+03
   8453.0000000000   1.8417312234e+03   4.8698724907e+01   1.0185377837e+03
   8454.0000000000   1.8420684302e+03   4.8761833749e+01   1.0187201600e+03
   8455.0000000000   1.8424125220e+03   4.8824328050e+01   1.0189015743e+03
   8456.0000000000   1.8427483156e+03   4.8886289201e+01   1.0190822510e+03
   8457.0000000000   1.8430813858e+03   4.8947775676e+01   1.0192623167e+03
   8458.0000000000   1.8434125161e+03   4.9008831964e+01   1.0194418539e+03
   8459.0000000000   1.8437420928e+03   4.9079169858e+01   1.0196209206e+03
   8460.0000000000   1.8440806743e+03   4.9143473209e+01   1.0197995605e+03
   8461.0000000000   1.8444120620e+03   4.9216178407e+01   1.0199778074e+03
   8462.0000000000   1.8447414284e+03   4.9282410834e+01   1.0201653654e+03
   8463.0000000000   1.8450693482e+03   4.9347098209e+01   1.0203469121e+03
   8464.0000000000   1.8453960828e+03   4.9410795199e+01   1.0205272025e+03
   8465.0000000000   1.8457217901e+03   4.9473742789e+01   1.0207067028e+03
   8466.0000000000   1.8460568980e+03   4.9536077102e+01   1.0208856013e+03
   8467.0000000000   1.8463851239e+03   4.9597886179e+01   1.0210639999e+03
   8468.0000000000   1.8467115823e+03   4.9659231983e+01   1.0212419629e+03
   8469.0000000000   1.8470368049e+03   4.9720160731e+01   1.0214292111e+03
   8470.0000000000   1.8473610213e+03   4.9790384933e+01   1.0216201093e+03
   8471.0000000000   1.8476843641e+03   4.9854588564e+01   1.0218040738e+03
   8472.0000000000   1.8480172412e+03   4.9927207796e+01   1.0219959874e+03
   8473.0000000000   1.8483433539e+03   4.9993367594e+01   1.0221811464e+03
   8474.0000000000   1.8486678033e+03   5.0057995152e+01   1.0223645646e+03
   8475.0000000000   1.8489911101e+03   5.0131321099e+01   1.0225468466e+03
   8476.0000000000   1.8493341325e+03   5.0198240892e+01   1.0227282653e+03
   8477.0000000000   1.8496642675e+03   5.0263625856e+01   1.0229089782e+03
   8478.0000000000   1.8499916974e+03   5.0328013296e+01   1.0230890884e+03
   8479.0000000000   1.8503277602e+03   5.0391638860e+01   1.0232686690e+03
   8480.0000000000   1.8506565090e+03   5.0464314138e+01   1.0234477743e+03
   8481.0000000000   1.8509832213e+03   5.0540459291e+01   1.0236457999e+03
   8482.0000000000   1.8513085202e+03   5.0609528206e+01   1.0238320896e+03
   8483.0000000000   1.8516430102e+03   5.0676753935e+01   1.0240258193e+03
   8484.0000000000   1.8519808150e+03   5.0742797691e+01   1.0242222436e+03
   8485.0000000000   1.8523107347e+03   5.0807953046e+01   1.0244111214e+03
   8486.0000000000   1.8526487006e+03   5.0872387217e+01   1.0245978341e+03
   8487.0000000000   1.8529790774e+03   5.0936208752e+01   1.0247831268e+03
   8488.0000000000   1.8533072467e+03   5.1009170673e+01   1.0249673452e+03
   8489.0000000000   1.8536338811e+03   5.1085661611e+01   1.0251506914e+03
   8490.0000000000   1.8539592943e+03   5.1155116727e+01   1.0253332984e+03
   8491.0000000000   1.8542836732e+03   5.1232433715e+01   1.0255152605e+03
   8492.0000000000   1.8546071443e+03   5.1302920908e+01   1.0256966482e+03
   8493.0000000000   1.8549297992e+03   5.1381278706e+01   1.0258775163e+03
   8494.0000000000   1.8552517082e+03   5.1452775301e+01   1.0260579085e+03
   8495.0000000000   1.8555729273e+03   5.1522426399e+01   1.0262475371e+03
   8496.0000000000   1.8559038211e+03   5.1590845538e+01   1.0264310872e+03
   8497.0000000000   1.8562280640e+03   5.1658315434e+01   1.0266229963e+03
   8498.0000000000   1.8565507387e+03   5.1725003078e+01   1.0268083913e+03
   8499.0000000000   1.8568723530e+03   5.1791020114e+01   1.0270018777e+03
   8500.0000000000   1.8571931171e+03   5.1856447032e+01   1.0271886663e+03
   8501.0000000000   1.8575131480e+03   5.1921344907e+01   1.0273737349e+03
   8502.0000000000   1.8578325216e+03   5.1985761842e+01   1.0275576707e+03
   8503.0000000000   1.8581616113e+03   5.2049736804e+01   1.0277504132e+03
   8504.0000000000   1.8584840945e+03   5.2113302074e+01   1.0279367696e+03
   8505.0000000000   1.8588050543e+03   5.2186161425e+01   1.0281215758e+03
   8506.0000000000   1.8591353168e+03   5.2252993238e+01   1.0283053529e+03
   8507.0000000000   1.8594690459e+03   5.2318553522e+01   1.0284883286e+03
   8508.0000000000   1.8597950432e+03   5.2392986378e+01   1.0286706341e+03
   8509.0000000000   1.8601189125e+03   5.2461136782e+01   1.0288523563e+03
   8510.0000000000   1.8604516908e+03   5.2537520403e+01   1.0290335576e+03
   8511.0000000000   1.8607773347e+03   5.2616984324e+01   1.0292142856e+03
   8512.0000000000   1.8611010775e+03   5.2689139571e+01   1.0293945777e+03
   8513.0000000000   1.8614235179e+03   5.2759295471e+01   1.0295744646e+03
   8514.0000000000   1.8617449256e+03   5.2828156091e+01   1.0297539718e+03
   8515.0000000000   1.8620654584e+03   5.2896041451e+01   1.0299331209e+03
   8516.0000000000   1.8623955409e+03   5.2963136228e+01   1.0301119305e+03
   8517.0000000000   1.8627188850e+03   5.3029561088e+01   1.0303000936e+03
   8518.0000000000   1.8630405989e+03   5.3105077818e+01   1.0304822794e+03
   8519.0000000000   1.8633612082e+03   5.3174405055e+01   1.0306632366e+03
   8520.0000000000   1.8636912550e+03   5.3242327925e+01   1.0308434265e+03
   8521.0000000000   1.8640145018e+03   5.3309335743e+01   1.0310230336e+03
   8522.0000000000   1.8643464010e+03   5.3375635112e+01   1.0312021567e+03
   8523.0000000000   1.8646711280e+03   5.3441342449e+01   1.0313808576e+03
   8524.0000000000   1.8650042835e+03   5.3506533836e+01   1.0315591785e+03
   8525.0000000000   1.8653404339e+03   5.3571263676e+01   1.0317371509e+03
   8526.0000000000   1.8656788567e+03   5.3645249811e+01   1.0319244755e+03
   8527.0000000000   1.8660295135e+03   5.3722856560e+01   1.0321058268e+03
   8528.0000000000   1.8663654959e+03   5.3793501511e+01   1.0322859566e+03
   8529.0000000000   1.8666977395e+03   5.3862392669e+01   1.0324653285e+03
   8530.0000000000   1.8670275975e+03   5.3930173187e+01   1.0326441283e+03
   8531.0000000000   1.8673556744e+03   5.3997123180e+01   1.0328224556e+03
   8532.0000000000   1.8676926350e+03   5.4063399567e+01   1.0330003726e+03
   8533.0000000000   1.8680326588e+03   5.4129102840e+01   1.0331779220e+03
   8534.0000000000   1.8683645896e+03   5.4194303070e+01   1.0333551351e+03
   8535.0000000000   1.8686940741e+03   5.4259052094e+01   1.0335320361e+03
   8536.0000000000   1.8690321870e+03   5.4323389967e+01   1.0337183208e+03
   8537.0000000000   1.8693835554e+03   5.4397025230e+01   1.0338986601e+03
   8538.0000000000   1.8697207123e+03   5.4464639192e+01   1.0340778032e+03
   8539.0000000000   1.8700543798e+03   5.4550342717e+01   1.0342562113e+03
   8540.0000000000   1.8703961260e+03   5.4623914517e+01   1.0344437452e+03
   8541.0000000000   1.8707301335e+03   5.4695016624e+01   1.0346251580e+03
   8542.0000000000   1.8710617628e+03   5.4764652264e+01   1.0348052465e+03
   8543.0000000000   1.8713916958e+03   5.4833235540e+01   1.0349845021e+03
   8544.0000000000   1.8717202608e+03   5.4900990944e+01   1.0351728059e+03
   8545.0000000000   1.8720476600e+03   5.4968058724e+01   1.0353549257e+03
   8546.0000000000   1.8723740331e+03   5.5034534649e+01   1.0355646986e+03
   8547.0000000000   1.8727098029e+03   5.5100488261e+01   1.0357662658e+03
   8548.0000000000   1.8730386864e+03   5.5175648937e+01   1.0359587008e+03
   8549.0000000000   1.8733657986e+03   5.5244713296e+01   1.0361482067e+03
   8550.0000000000   1.8736916728e+03   5.5312450719e+01   1.0363358317e+03
   8551.0000000000   1.8740165398e+03   5.5379338805e+01   1.0365220712e+03
   8552.0000000000   1.8743405336e+03   5.5455251697e+01   1.0367072135e+03
   8553.0000000000   1.8746637441e+03   5.5524953784e+01   1.0368914461e+03
   8554.0000000000   1.8749862374e+03   5.5602927771e+01   1.0370845767e+03
   8555.0000000000   1.8753080650e+03   5.5674328284e+01   1.0372713572e+03
   8556.0000000000   1.8756395879e+03   5.5744102759e+01   1.0374565975e+03
   8557.0000000000   1.8759851150e+03   5.5812819812e+01   1.0376408059e+03
   8558.0000000000   1.8763169987e+03   5.5880730676e+01   1.0378242039e+03
   8559.0000000000   1.8766458450e+03   5.5947979233e+01   1.0380165963e+03
   8560.0000000000   1.8769831407e+03   5.6014659546e+01   1.0382124006e+03
   8561.0000000000   1.8773233283e+03   5.6080838345e+01   1.0384010699e+03
   8562.0000000000   1.8776656783e+03   5.6146565693e+01   1.0385878378e+03
   8563.0000000000   1.8779995234e+03   5.6211880704e+01   1.0387733668e+03
   8564.0000000000   1.8783306935e+03   5.6276814896e+01   1.0389579517e+03
   8565.0000000000   1.8786600331e+03   5.6341394292e+01   1.0391417615e+03
   8566.0000000000   1.8789879435e+03   5.6405640803e+01   1.0393249064e+03
   8567.0000000000   1.8793249835e+03   5.6469573174e+01   1.0395074644e+03
   8568.0000000000   1.8796549494e+03   5.6533207661e+01   1.0396894942e+03
   8569.0000000000   1.8799830072e+03   5.6596558521e+01   1.0398807181e+03
   8570.0000000000   1.8803200433e+03   5.6659638383e+01   1.0400658281e+03
   8571.0000000000   1.8806499483e+03   5.6722458526e+01   1.0402495905e+03
   8572.0000000000   1.8809779237e+03   5.6814058730e+01   1.0404324809e+03
   8573.0000000000   1.8813148709e+03   5.6888413396e+01   1.0406146954e+03
   8574.0000000000   1.8816446878e+03   5.6959738292e+01   1.0408060192e+03
   8575.0000000000   1.8819725786e+03   5.7029390626e+01   1.0409911770e+03
   8576.0000000000   1.8822991274e+03   5.7097900184e+01   1.0411749540e+03
   8577.0000000000   1.8826349152e+03   5.7165541572e+01   1.0413675140e+03
   8578.0000000000   1.8829637326e+03   5.7232480091e+01   1.0415537155e+03
   8579.0000000000   1.8833010527e+03   5.7298825130e+01   1.0417384078e+03
   8580.0000000000   1.8836413865e+03   5.7374330557e+01   1.0419221137e+03
   8581.0000000000   1.8839736649e+03   5.7443708834e+01   1.0421050593e+03
   8582.0000000000   1.8843035602e+03   5.7511739987e+01   1.0422873728e+03
   8583.0000000000   1.8846318333e+03   5.7578908982e+01   1.0424691378e+03
   8584.0000000000   1.8849588349e+03   5.7645418632e+01   1.0426504136e+03
   8585.0000000000   1.8852847707e+03   5.7711382016e+01   1.0428312449e+03
   8586.0000000000   1.8856097772e+03   5.7776872237e+01   1.0430116668e+03
   8587.0000000000   1.8859442716e+03   5.7841941030e+01   1.0431917075e+03
   8588.0000000000   1.8862719645e+03   5.7916303828e+01   1.0433713907e+03
   8589.0000000000   1.8865979648e+03   5.7984646220e+01   1.0435507362e+03
   8590.0000000000   1.8869227997e+03   5.8051728737e+01   1.0437394375e+03
   8591.0000000000   1.8872466948e+03   5.8127698307e+01   1.0439318413e+03
   8592.0000000000   1.8875697788e+03   5.8207078184e+01   1.0441173514e+03
   8593.0000000000   1.8879024563e+03   5.8279363567e+01   1.0443011653e+03
   8594.0000000000   1.8882387445e+03   5.8349806239e+01   1.0444839173e+03
   8595.0000000000   1.8885673778e+03   5.8419076384e+01   1.0446658807e+03
   8596.0000000000   1.8889145625e+03   5.8487471876e+01   1.0448472063e+03
   8597.0000000000   1.8892585874e+03   5.8555161845e+01   1.0450279898e+03
   8598.0000000000   1.8896038163e+03   5.8641608558e+01   1.0452082969e+03
   8599.0000000000   1.8899400701e+03   5.8716198577e+01   1.0453881759e+03
   8600.0000000000   1.8902733642e+03   5.8788460078e+01   1.0455676635e+03
   8601.0000000000   1.8906149545e+03   5.8859336407e+01   1.0457467889e+03
   8602.0000000000   1.8909489317e+03   5.8938887368e+01   1.0459255760e+03
   8603.0000000000   1.8912806191e+03   5.9011975152e+01   1.0461137211e+03
   8604.0000000000   1.8916209984e+03   5.9083465404e+01   1.0462958959e+03
   8605.0000000000   1.8919540231e+03   5.9163573757e+01   1.0464768507e+03
   8606.0000000000   1.8922849381e+03   5.9237194831e+01   1.0466667245e+03
   8607.0000000000   1.8926143574e+03   5.9309203790e+01   1.0468600341e+03
   8608.0000000000   1.8929528854e+03   5.9380143184e+01   1.0470462697e+03
   8609.0000000000   1.8932843307e+03   5.9450254082e+01   1.0472306789e+03
   8610.0000000000   1.8936138621e+03   5.9519676670e+01   1.0474139283e+03
   8611.0000000000   1.8939420473e+03   5.9588504197e+01   1.0475963128e+03
   8612.0000000000   1.8942691403e+03   5.9656803916e+01   1.0477779991e+03
   8613.0000000000   1.8945952916e+03   5.9724627020e+01   1.0479590940e+03
   8614.0000000000   1.8949309227e+03   5.9792014008e+01   1.0481396723e+03
   8615.0000000000   1.8952597450e+03   5.9868674402e+01   1.0483197887e+03
   8616.0000000000   1.8955868675e+03   5.9939290737e+01   1.0484994854e+03
   8617.0000000000   1.8959128174e+03   6.0008622098e+01   1.0486884725e+03
   8618.0000000000   1.8962481390e+03   6.0077138369e+01   1.0488714324e+03
   8619.0000000000   1.8965869161e+03   6.0145031252e+01   1.0490531233e+03
   8620.0000000000   1.8969179206e+03   6.0212405475e+01   1.0492340144e+03
   8621.0000000000   1.8972570636e+03   6.0279327771e+01   1.0494239727e+03
   8622.0000000000   1.8975886946e+03   6.0345844945e+01   1.0496077571e+03
   8623.0000000000   1.8979181836e+03   6.0411992031e+01   1.0497901690e+03
   8624.0000000000   1.8982461940e+03   6.0477796503e+01   1.0499717037e+03
   8625.0000000000   1.8985730322e+03   6.0543280665e+01   1.0501622462e+03
   8626.0000000000   1.8988988796e+03   6.0618139656e+01   1.0503562436e+03
   8627.0000000000   1.8992238574e+03   6.0687044369e+01   1.0505528379e+03
   8628.0000000000   1.8995583726e+03   6.0764420841e+01   1.0507419220e+03
   8629.0000000000   1.8998861283e+03   6.0835386004e+01   1.0509385711e+03
   8630.0000000000   1.9002225468e+03   6.0914537103e+01   1.0511378607e+03
   8631.0000000000   1.9005621065e+03   6.0987077962e+01   1.0513488757e+03
   8632.0000000000   1.9009040345e+03   6.1057980329e+01   1.0515463092e+03
   8633.0000000000   1.9012479421e+03   6.1127825839e+01   1.0517403854e+03
   8634.0000000000   1.9015832642e+03   6.1206549556e+01   1.0519323582e+03
   8635.0000000000   1.9019158720e+03   6.1278954584e+01   1.0521324625e+03
   8636.0000000000   1.9022466289e+03   6.1369226211e+01   1.0523353484e+03
   8637.0000000000   1.9025759464e+03   6.1456868950e+01   1.0525306128e+03
   8638.0000000000   1.9029247075e+03   6.1545910900e+01   1.0527235861e+03
   8639.0000000000   1.9032603480e+03   6.1636447804e+01   1.0529149991e+03
   8640.0000000000   1.9035930859e+03   6.1718753363e+01   1.0531148744e+03
   8641.0000000000   1.9039239692e+03   6.1798426534e+01   1.0533080746e+03
   8642.0000000000   1.9042534392e+03   6.1886009044e+01   1.0534994764e+03
   8643.0000000000   1.9045817426e+03   6.1966577635e+01   1.0536896321e+03
   8644.0000000000   1.9049090389e+03   6.2045122181e+01   1.0538884710e+03
   8645.0000000000   1.9052354410e+03   6.2122263244e+01   1.0540807999e+03
   8646.0000000000   1.9055610334e+03   6.2198297880e+01   1.0542714584e+03
   8647.0000000000   1.9058858823e+03   6.2273408103e+01   1.0544609731e+03
   8648.0000000000   1.9062203603e+03   6.2347719402e+01   1.0546495781e+03
   8649.0000000000   1.9065481476e+03   6.2421324505e+01   1.0548374108e+03
   8650.0000000000   1.9068846510e+03   6.2503971701e+01   1.0550342407e+03
   8651.0000000000   1.9072140184e+03   6.2580373422e+01   1.0552247911e+03
   8652.0000000000   1.9075415136e+03   6.2664989034e+01   1.0554235271e+03
   8653.0000000000   1.9078677361e+03   6.2742962756e+01   1.0556155962e+03
   8654.0000000000   1.9081929501e+03   6.2819238014e+01   1.0558059435e+03
   8655.0000000000   1.9085173069e+03   6.2904059286e+01   1.0559951379e+03
   8656.0000000000   1.9088409065e+03   6.2982333971e+01   1.0561834323e+03
   8657.0000000000   1.9091638202e+03   6.3058943780e+01   1.0563709730e+03
   8658.0000000000   1.9094964211e+03   6.3134435128e+01   1.0565675330e+03
   8659.0000000000   1.9098223883e+03   6.3209051705e+01   1.0567578370e+03
   8660.0000000000   1.9101571261e+03   6.3282935701e+01   1.0569466736e+03
   8661.0000000000   1.9104847795e+03   6.3356182045e+01   1.0571345344e+03
   8662.0000000000   1.9108209288e+03   6.3438536028e+01   1.0573216278e+03
   8663.0000000000   1.9111498066e+03   6.3524381839e+01   1.0575080717e+03
   8664.0000000000   1.9114767248e+03   6.3612828689e+01   1.0577036200e+03
   8665.0000000000   1.9118126310e+03   6.3693751512e+01   1.0578929832e+03
   8666.0000000000   1.9121517638e+03   6.3772538846e+01   1.0580906163e+03
   8667.0000000000   1.9124932931e+03   6.3849928570e+01   1.0582913344e+03
   8668.0000000000   1.9128264938e+03   6.3926258508e+01   1.0584847303e+03
   8669.0000000000   1.9131777976e+03   6.4001724202e+01   1.0586857790e+03
   8670.0000000000   1.9135256157e+03   6.4076453724e+01   1.0588798326e+03
   8671.0000000000   1.9138640687e+03   6.4150537790e+01   1.0590816191e+03
   8672.0000000000   1.9141993928e+03   6.4233720810e+01   1.0592764253e+03
   8673.0000000000   1.9145325895e+03   6.4310710703e+01   1.0594789565e+03
   8674.0000000000   1.9148744620e+03   6.4386285724e+01   1.0596744911e+03
   8675.0000000000   1.9152089361e+03   6.4460930662e+01   1.0598680551e+03
   8676.0000000000   1.9155515750e+03   6.4534849100e+01   1.0600602713e+03
   8677.0000000000   1.9158866339e+03   6.4617831981e+01   1.0602514303e+03
   8678.0000000000   1.9162194541e+03   6.4704285660e+01   1.0604417059e+03
   8679.0000000000   1.9165610122e+03   6.4783654546e+01   1.0606408922e+03
   8680.0000000000   1.9168952530e+03   6.4861165059e+01   1.0608337299e+03
   8681.0000000000   1.9172274137e+03   6.4937473713e+01   1.0610250202e+03
   8682.0000000000   1.9175581021e+03   6.5012870733e+01   1.0612152649e+03
   8683.0000000000   1.9178979176e+03   6.5087520952e+01   1.0614046807e+03
   8684.0000000000   1.9182306652e+03   6.5180884315e+01   1.0615933922e+03
   8685.0000000000   1.9185821488e+03   6.5262346267e+01   1.0617814824e+03
   8686.0000000000   1.9189305251e+03   6.5341434631e+01   1.0619690118e+03
   8687.0000000000   1.9192697833e+03   6.5419092889e+01   1.0621560268e+03
   8688.0000000000   1.9196060820e+03   6.5495704753e+01   1.0623425646e+03
   8689.0000000000   1.9199610120e+03   6.5571478003e+01   1.0625286559e+03
   8690.0000000000   1.9203022965e+03   6.5646543271e+01   1.0627143267e+03
   8691.0000000000   1.9206403025e+03   6.5720990667e+01   1.0629092757e+03
   8692.0000000000   1.9209864858e+03   6.5794886413e+01   1.0630981775e+03
   8693.0000000000   1.9213249811e+03   6.5868281448e+01   1.0632857850e+03
   8694.0000000000   1.9216611255e+03   6.5941216330e+01   1.0634725631e+03
   8695.0000000000   1.9219955870e+03   6.6013724234e+01   1.0636586999e+03
   8696.0000000000   1.9223286861e+03   6.6085832884e+01   1.0638442970e+03
   8697.0000000000   1.9226606198e+03   6.6167242397e+01   1.0640294187e+03
   8698.0000000000   1.9229915245e+03   6.6242628187e+01   1.0642141099e+03
   8699.0000000000   1.9233318207e+03   6.6316743820e+01   1.0643984041e+03
   8700.0000000000   1.9236652235e+03   6.6390054824e+01   1.0645920040e+03
   8701.0000000000   1.9240071662e+03   6.6472425956e+01   1.0647795859e+03
   8702.0000000000   1.9243521363e+03   6.6558290725e+01   1.0649659035e+03
   8703.0000000000   1.9246890505e+03   6.6637104416e+01   1.0651610981e+03
   8704.0000000000   1.9250338913e+03   6.6714097559e+01   1.0653500124e+03
   8705.0000000000   1.9253813692e+03   6.6789927688e+01   1.0655374831e+03
   8706.0000000000   1.9257205177e+03   6.6874561093e+01   1.0657240233e+03
   8707.0000000000   1.9260570700e+03   6.6952816475e+01   1.0659098513e+03
   8708.0000000000   1.9263918268e+03   6.7029534957e+01   1.0660950889e+03
   8709.0000000000   1.9267354857e+03   6.7105240022e+01   1.0662798143e+03
   8710.0000000000   1.9270822278e+03   6.7180160453e+01   1.0664640824e+03
   8711.0000000000   1.9274208916e+03   6.7254427749e+01   1.0666576106e+03
   8712.0000000000   1.9277571172e+03   6.7328128634e+01   1.0668450857e+03
   8713.0000000000   1.9280916543e+03   6.7401325248e+01   1.0670312689e+03
   8714.0000000000   1.9284248506e+03   6.7474064659e+01   1.0672166311e+03
   8715.0000000000   1.9287569125e+03   6.7546383968e+01   1.0674110408e+03
   8716.0000000000   1.9290879786e+03   6.7618313306e+01   1.0675992575e+03
   8717.0000000000   1.9294181499e+03   6.7689877725e+01   1.0677860833e+03
   8718.0000000000   1.9297475038e+03   6.7761098445e+01   1.0679720142e+03
   8719.0000000000   1.9300864209e+03   6.7831993724e+01   1.0681572587e+03
   8720.0000000000   1.9304185880e+03   6.7902579468e+01   1.0683419330e+03
   8721.0000000000   1.9307490976e+03   6.7972869693e+01   1.0685261115e+03
   8722.0000000000   1.9310887845e+03   6.8042876861e+01   1.0687098469e+03
   8723.0000000000   1.9314215019e+03   6.8112612143e+01   1.0688931781e+03
   8724.0000000000   1.9317524229e+03   6.8182085626e+01   1.0690761356e+03
   8725.0000000000   1.9320821078e+03   6.8251306475e+01   1.0692684207e+03
   8726.0000000000   1.9324211201e+03   6.8329959607e+01   1.0694547085e+03
   8727.0000000000   1.9327532364e+03   6.8402707779e+01   1.0696397521e+03
   8728.0000000000   1.9330835997e+03   6.8474293880e+01   1.0698240160e+03
   8729.0000000000   1.9334333949e+03   6.8554850865e+01   1.0700076871e+03
   8730.0000000000   1.9337701315e+03   6.8629214151e+01   1.0701908661e+03
   8731.0000000000   1.9341040460e+03   6.8702214590e+01   1.0703736161e+03
   8732.0000000000   1.9344361883e+03   6.8774360439e+01   1.0705559806e+03
   8733.0000000000   1.9347669950e+03   6.8845865524e+01   1.0707379918e+03
   8734.0000000000   1.9351070259e+03   6.8916847931e+01   1.0709196744e+03
   8735.0000000000   1.9354400702e+03   6.8997059209e+01   1.0711107251e+03
   8736.0000000000   1.9357712848e+03   6.9071206404e+01   1.0713054918e+03
   8737.0000000000   1.9361012283e+03   6.9153740103e+01   1.0715030558e+03
   8738.0000000000   1.9364404667e+03   6.9229794630e+01   1.0716932699e+03
   8739.0000000000   1.9367727803e+03   6.9313979961e+01   1.0718815043e+03
   8740.0000000000   1.9371136352e+03   6.9391509482e+01   1.0720684816e+03
   8741.0000000000   1.9374678561e+03   6.9467362276e+01   1.0722545268e+03
   8742.0000000000   1.9378080058e+03   6.9542125702e+01   1.0724398242e+03
   8743.0000000000   1.9381551225e+03   6.9616062818e+01   1.0726244922e+03
   8744.0000000000   1.9385043993e+03   6.9689325296e+01   1.0728182896e+03
   8745.0000000000   1.9388450567e+03   6.9762012493e+01   1.0730059318e+03
   8746.0000000000   1.9391829235e+03   6.9834194814e+01   1.0731922007e+03
   8747.0000000000   1.9395188568e+03   6.9905924903e+01   1.0733775826e+03
   8748.0000000000   1.9398635901e+03   6.9977243702e+01   1.0735622813e+03
   8749.0000000000   1.9402113293e+03   7.0048184022e+01   1.0737464104e+03
   8750.0000000000   1.9405612494e+03   7.0118772795e+01   1.0739300438e+03
   8751.0000000000   1.9409026396e+03   7.0189032554e+01   1.0741132334e+03
   8752.0000000000   1.9412413096e+03   7.0258982462e+01   1.0742960185e+03
   8753.0000000000   1.9415884133e+03   7.0338315580e+01   1.0744881064e+03
   8754.0000000000   1.9419383038e+03   7.0411701375e+01   1.0746741771e+03
   8755.0000000000   1.9422799063e+03   7.0483888331e+01   1.0748589871e+03
   8756.0000000000   1.9426189120e+03   7.0555337558e+01   1.0750430039e+03
   8757.0000000000   1.9429664227e+03   7.0626233391e+01   1.0752264167e+03
   8758.0000000000   1.9433064454e+03   7.0696674284e+01   1.0754093279e+03
   8759.0000000000   1.9436442534e+03   7.0766721569e+01   1.0756014789e+03
   8760.0000000000   1.9439907970e+03   7.0836417354e+01   1.0757875696e+03
   8761.0000000000   1.9443300092e+03   7.0915469099e+01   1.0759723691e+03
   8762.0000000000   1.9446671207e+03   7.0988555707e+01   1.0761563530e+03
   8763.0000000000   1.9450130552e+03   7.1060432045e+01   1.0763397163e+03
   8764.0000000000   1.9453517273e+03   7.1131563654e+01   1.0765225657e+03
   8765.0000000000   1.9456883550e+03   7.1211814544e+01   1.0767049687e+03
   8766.0000000000   1.9460235332e+03   7.1285940487e+01   1.0768869724e+03
   8767.0000000000   1.9463575331e+03   7.1358740244e+01   1.0770686117e+03
   8768.0000000000   1.9466905168e+03   7.1440383506e+01   1.0772499138e+03
   8769.0000000000   1.9470225948e+03   7.1515731375e+01   1.0774405769e+03
   8770.0000000000   1.9473641681e+03   7.1589633490e+01   1.0776349506e+03
   8771.0000000000   1.9476989364e+03   7.1672288863e+01   1.0778224410e+03
   8772.0000000000   1.9480320015e+03   7.1758253977e+01   1.0780082467e+03
   8773.0000000000   1.9483638859e+03   7.1846723093e+01   1.0782026795e+03
   8774.0000000000   1.9487051307e+03   7.1937295555e+01   1.0783906683e+03
   8775.0000000000   1.9490394987e+03   7.2020044104e+01   1.0785770999e+03
   8776.0000000000   1.9493721241e+03   7.2100461054e+01   1.0787625198e+03
   8777.0000000000   1.9497138667e+03   7.2179346397e+01   1.0789471682e+03
   8778.0000000000   1.9500589149e+03   7.2257078227e+01   1.0791311824e+03
   8779.0000000000   1.9503960882e+03   7.2333879638e+01   1.0793146521e+03
   8780.0000000000   1.9507413242e+03   7.2419574833e+01   1.0794976409e+03
   8781.0000000000   1.9510789882e+03   7.2498923926e+01   1.0796801964e+03
   8782.0000000000   1.9514144607e+03   7.2576741294e+01   1.0798720320e+03
   8783.0000000000   1.9517690507e+03   7.2653537782e+01   1.0800675090e+03
   8784.0000000000   1.9521103421e+03   7.2729536363e+01   1.0802560426e+03
   8785.0000000000   1.9524486206e+03   7.2804866234e+01   1.0804428390e+03
   8786.0000000000   1.9527849701e+03   7.2879613650e+01   1.0806285396e+03
   8787.0000000000   1.9531198526e+03   7.2953841260e+01   1.0808230995e+03
   8788.0000000000   1.9534638466e+03   7.3027597139e+01   1.0810113293e+03
   8789.0000000000   1.9538110752e+03   7.3100919630e+01   1.0811980642e+03
   8790.0000000000   1.9541709814e+03   7.3173840192e+01   1.0813838227e+03
   8791.0000000000   1.9545164559e+03   7.3246385203e+01   1.0815785064e+03
   8792.0000000000   1.9548789718e+03   7.3318577167e+01   1.0817668988e+03
   8793.0000000000   1.9552374165e+03   7.3390435549e+01   1.0819634963e+03
   8794.0000000000   1.9555860961e+03   7.3461977384e+01   1.0821534637e+03
   8795.0000000000   1.9559313427e+03   7.3542894271e+01   1.0823514327e+03
   8796.0000000000   1.9562742165e+03   7.3617854692e+01   1.0825426329e+03
   8797.0000000000   1.9566152403e+03   7.3691606492e+01   1.0827320561e+03
   8798.0000000000   1.9569547317e+03   7.3764610396e+01   1.0829202998e+03
   8799.0000000000   1.9572929056e+03   7.3837050534e+01   1.0831076352e+03
   8800.0000000000   1.9576402369e+03   7.3909025297e+01   1.0833135741e+03
   8801.0000000000   1.9579907990e+03   7.3980596052e+01   1.0835075316e+03
   8802.0000000000   1.9583333717e+03   7.4051805016e+01   1.0836990549e+03
   8803.0000000000   1.9586735604e+03   7.4122683266e+01   1.0838987770e+03
   8804.0000000000   1.9590120931e+03   7.4193254838e+01   1.0840917461e+03
   8805.0000000000   1.9593493033e+03   7.4263539028e+01   1.0842829130e+03
   8806.0000000000   1.9596853879e+03   7.4343228321e+01   1.0844728634e+03
   8807.0000000000   1.9600204792e+03   7.4426667808e+01   1.0846618659e+03
   8808.0000000000   1.9603546738e+03   7.4512936503e+01   1.0848500794e+03
   8809.0000000000   1.9606880459e+03   7.4591885262e+01   1.0850376106e+03
   8810.0000000000   1.9610206549e+03   7.4678559496e+01   1.0852342131e+03
   8811.0000000000   1.9613628690e+03   7.4758335755e+01   1.0854246012e+03
   8812.0000000000   1.9616983654e+03   7.4836273773e+01   1.0856135571e+03
   8813.0000000000   1.9620322298e+03   7.4913007019e+01   1.0858015686e+03
   8814.0000000000   1.9623752918e+03   7.4988827461e+01   1.0859888416e+03
   8815.0000000000   1.9627217193e+03   7.5063906115e+01   1.0861754921e+03
   8816.0000000000   1.9630603182e+03   7.5138355917e+01   1.0863615960e+03
   8817.0000000000   1.9633966965e+03   7.5212257178e+01   1.0865472079e+03
   8818.0000000000   1.9637418952e+03   7.5285669988e+01   1.0867323694e+03
   8819.0000000000   1.9640798748e+03   7.5358641031e+01   1.0869171135e+03
   8820.0000000000   1.9644158723e+03   7.5431207641e+01   1.0871014672e+03
   8821.0000000000   1.9647711280e+03   7.5503400375e+01   1.0872854532e+03
   8822.0000000000   1.9651131870e+03   7.5575244720e+01   1.0874690909e+03
   8823.0000000000   1.9654626299e+03   7.5646762279e+01   1.0876523973e+03
   8824.0000000000   1.9658041603e+03   7.5717971604e+01   1.0878450638e+03
   8825.0000000000   1.9661535980e+03   7.5798565361e+01   1.0880317585e+03
   8826.0000000000   1.9664953097e+03   7.5873212769e+01   1.0882172290e+03
   8827.0000000000   1.9668346929e+03   7.5946662153e+01   1.0884019359e+03
   8828.0000000000   1.9671724357e+03   7.6019374540e+01   1.0885860630e+03
   8829.0000000000   1.9675088651e+03   7.6101210763e+01   1.0887697085e+03
   8830.0000000000   1.9678441788e+03   7.6176924333e+01   1.0889529336e+03
   8831.0000000000   1.9681888309e+03   7.6251312393e+01   1.0891357804e+03
   8832.0000000000   1.9685265565e+03   7.6324866920e+01   1.0893182798e+03
   8833.0000000000   1.9688624821e+03   7.6397793108e+01   1.0895004557e+03
   8834.0000000000   1.9691971484e+03   7.6470204194e+01   1.0896920038e+03
   8835.0000000000   1.9695307910e+03   7.6542172377e+01   1.0898775950e+03
   8836.0000000000   1.9698635471e+03   7.6613747985e+01   1.0900716552e+03
   8837.0000000000   1.9701955088e+03   7.6694644853e+01   1.0902689772e+03
   8838.0000000000   1.9705267438e+03   7.6769546928e+01   1.0904591363e+03
   8839.0000000000   1.9708573047e+03   7.6852889679e+01   1.0906570929e+03
   8840.0000000000   1.9711872338e+03   7.6929797033e+01   1.0908481873e+03
   8841.0000000000   1.9715268856e+03   7.7005194997e+01   1.0910374607e+03
   8842.0000000000   1.9718599260e+03   7.7079636416e+01   1.0912255360e+03
   8843.0000000000   1.9721914314e+03   7.7153360438e+01   1.0914126986e+03
   8844.0000000000   1.9725322232e+03   7.7226501384e+01   1.0915991152e+03
   8845.0000000000   1.9728764626e+03   7.7299145552e+01   1.0917848958e+03
   8846.0000000000   1.9732232684e+03   7.7381029786e+01   1.0919797951e+03
   8847.0000000000   1.9735618796e+03   7.7466530334e+01   1.0921685267e+03
   8848.0000000000   1.9739083826e+03   7.7545072537e+01   1.0923558721e+03
   8849.0000000000   1.9742472136e+03   7.7621869538e+01   1.0925423174e+03
   8850.0000000000   1.9745941108e+03   7.7697567933e+01   1.0927280668e+03
   8851.0000000000   1.9749437232e+03   7.7772450133e+01   1.0929132346e+03
   8852.0000000000   1.9752953830e+03   7.7846674568e+01   1.0931075715e+03
   8853.0000000000   1.9756487703e+03   7.7920342690e+01   1.0933054621e+03
   8854.0000000000   1.9759933682e+03   7.7993525135e+01   1.0934963369e+03
   8855.0000000000   1.9763350830e+03   7.8066274024e+01   1.0936854131e+03
   8856.0000000000   1.9766748042e+03   7.8138629489e+01   1.0938733402e+03
   8857.0000000000   1.9770129637e+03   7.8210623455e+01   1.0940604032e+03
   8858.0000000000   1.9773498222e+03   7.8282281984e+01   1.0942467626e+03
   8859.0000000000   1.9776855559e+03   7.8353626792e+01   1.0944325216e+03
   8860.0000000000   1.9780306118e+03   7.8424676293e+01   1.0946177525e+03
   8861.0000000000   1.9783790423e+03   7.8495446323e+01   1.0948025088e+03
   8862.0000000000   1.9787196106e+03   7.8565950665e+01   1.0950061850e+03
   8863.0000000000   1.9790579087e+03   7.8636201448e+01   1.0951981244e+03
   8864.0000000000   1.9794049729e+03   7.8706209436e+01   1.0953878256e+03
   8865.0000000000   1.9797447638e+03   7.8775984261e+01   1.0955762110e+03
   8866.0000000000   1.9800825208e+03   7.8845534602e+01   1.0957733250e+03
   8867.0000000000   1.9804188492e+03   7.8914868326e+01   1.0959640180e+03
   8868.0000000000   1.9807540256e+03   7.8983992606e+01   1.0961628231e+03
   8869.0000000000   1.9810882145e+03   7.9052914015e+01   1.0963646038e+03
   8870.0000000000   1.9814215276e+03   7.9121638600e+01   1.0965589847e+03
   8871.0000000000   1.9817540466e+03   7.9199848495e+01   1.0967512861e+03
   8872.0000000000   1.9820961540e+03   7.9281880496e+01   1.0969422207e+03
   8873.0000000000   1.9824315367e+03   7.9357130295e+01   1.0971321158e+03
   8874.0000000000   1.9827859250e+03   7.9430788042e+01   1.0973211618e+03
   8875.0000000000   1.9831271063e+03   7.9503482042e+01   1.0975094841e+03
   8876.0000000000   1.9834653972e+03   7.9575479863e+01   1.0976971721e+03
   8877.0000000000   1.9838018788e+03   7.9656604222e+01   1.0978842925e+03
   8878.0000000000   1.9841370026e+03   7.9741277921e+01   1.0980708977e+03
   8879.0000000000   1.9844710168e+03   7.9818953761e+01   1.0982570295e+03
   8880.0000000000   1.9848040786e+03   7.9894862052e+01   1.0984523988e+03
   8881.0000000000   1.9851362972e+03   7.9979337108e+01   1.0986416895e+03
   8882.0000000000   1.9854780722e+03   8.0057323909e+01   1.0988296621e+03
   8883.0000000000   1.9858131019e+03   8.0143398365e+01   1.0990264642e+03
   8884.0000000000   1.9861464861e+03   8.0222770413e+01   1.0992169433e+03
   8885.0000000000   1.9864787453e+03   8.0300423236e+01   1.0994156177e+03
   8886.0000000000   1.9868100993e+03   8.0376949920e+01   1.0996076596e+03
   8887.0000000000   1.9871406727e+03   8.0452619156e+01   1.0997980267e+03
   8888.0000000000   1.9874705471e+03   8.0527587665e+01   1.0999969704e+03
   8889.0000000000   1.9878101006e+03   8.0601959185e+01   1.1001990776e+03
   8890.0000000000   1.9881430146e+03   8.0675807878e+01   1.1003938861e+03
   8891.0000000000   1.9884743754e+03   8.0758866137e+01   1.1005866776e+03
   8892.0000000000   1.9888253307e+03   8.0835832714e+01   1.1007781446e+03
   8893.0000000000   1.9891633638e+03   8.0911478566e+01   1.1009782784e+03
   8894.0000000000   1.9895090114e+03   8.0986282485e+01   1.1011719168e+03
   8895.0000000000   1.9898469445e+03   8.1060442988e+01   1.1013639156e+03
   8896.0000000000   1.9901826388e+03   8.1134070104e+01   1.1015548099e+03
   8897.0000000000   1.9905168053e+03   8.1207234739e+01   1.1017448380e+03
   8898.0000000000   1.9908704134e+03   8.1279987017e+01   1.1019438158e+03
   8899.0000000000   1.9912109308e+03   8.1352364637e+01   1.1021364915e+03
   8900.0000000000   1.9915485882e+03   8.1424397226e+01   1.1023276688e+03
   8901.0000000000   1.9918844382e+03   8.1496108838e+01   1.1025178491e+03
   8902.0000000000   1.9922292421e+03   8.1567519491e+01   1.1027072479e+03
   8903.0000000000   1.9925668817e+03   8.1638646180e+01   1.1029056647e+03
   8904.0000000000   1.9929128843e+03   8.1709503555e+01   1.1030978359e+03
   8905.0000000000   1.9932721146e+03   8.1789780960e+01   1.1032885558e+03
   8906.0000000000   1.9936171633e+03   8.1893174394e+01   1.1034783189e+03
   8907.0000000000   1.9939587699e+03   8.1978394934e+01   1.1036770114e+03
   8908.0000000000   1.9943085066e+03   8.2060108867e+01   1.1038694069e+03
   8909.0000000000   1.9946505557e+03   8.2139848154e+01   1.1040603189e+03
   8910.0000000000   1.9949902755e+03   8.2218232335e+01   1.1042502524e+03
   8911.0000000000   1.9953283447e+03   8.2305265934e+01   1.1044394239e+03
   8912.0000000000   1.9956754079e+03   8.2385804125e+01   1.1046279561e+03
   8913.0000000000   1.9960153002e+03   8.2464716268e+01   1.1048159294e+03
   8914.0000000000   1.9963532087e+03   8.2542547128e+01   1.1050034011e+03
   8915.0000000000   1.9966897142e+03   8.2619541606e+01   1.1051904148e+03
   8916.0000000000   1.9970250807e+03   8.2695843579e+01   1.1053770049e+03
   8917.0000000000   1.9973594662e+03   8.2771549410e+01   1.1055631994e+03
   8918.0000000000   1.9976929787e+03   8.2846728848e+01   1.1057490216e+03
   8919.0000000000   1.9980360173e+03   8.2921435042e+01   1.1059441680e+03
   8920.0000000000   1.9983825995e+03   8.3005386545e+01   1.1061333110e+03
   8921.0000000000   1.9987317814e+03   8.3083272559e+01   1.1063308778e+03
   8922.0000000000   1.9990830899e+03   8.3169533766e+01   1.1065316634e+03
   8923.0000000000   1.9994259124e+03   8.3249299020e+01   1.1067349214e+03
   8924.0000000000   1.9997660906e+03   8.3337175423e+01   1.1069305923e+03
   8925.0000000000   2.0001147876e+03   8.3418375051e+01   1.1071240991e+03
   8926.0000000000   2.0004663567e+03   8.3497876632e+01   1.1073161986e+03
   8927.0000000000   2.0008097197e+03   8.3576267758e+01   1.1075072396e+03
   8928.0000000000   2.0011505629e+03   8.3653812082e+01   1.1076974242e+03
   8929.0000000000   2.0014896643e+03   8.3730662083e+01   1.1078868841e+03
   8930.0000000000   2.0018273896e+03   8.3806918045e+01   1.1080757122e+03
   8931.0000000000   2.0021639572e+03   8.3892327903e+01   1.1082639773e+03
   8932.0000000000   2.0025098333e+03   8.3971600372e+01   1.1084517327e+03
   8933.0000000000   2.0028590802e+03   8.4049513192e+01   1.1086390205e+03
   8934.0000000000   2.0032004660e+03   8.4126549993e+01   1.1088258754e+03
   8935.0000000000   2.0035499046e+03   8.4202912889e+01   1.1090123260e+03
   8936.0000000000   2.0039020696e+03   8.4278714678e+01   1.1092080731e+03
   8937.0000000000   2.0042459727e+03   8.4354028465e+01   1.1093977928e+03
   8938.0000000000   2.0045976522e+03   8.4438582709e+01   1.1095959154e+03
   8939.0000000000   2.0049415356e+03   8.4526748215e+01   1.1097875618e+03
   8940.0000000000   2.0052830449e+03   8.4607946750e+01   1.1099776560e+03
   8941.0000000000   2.0056228808e+03   8.4687389112e+01   1.1101667498e+03
   8942.0000000000   2.0059613773e+03   8.4765720379e+01   1.1103647584e+03
   8943.0000000000   2.0063090561e+03   8.4843222012e+01   1.1105564711e+03
   8944.0000000000   2.0066496917e+03   8.4920051886e+01   1.1107467099e+03
   8945.0000000000   2.0069884358e+03   8.4996311178e+01   1.1109359853e+03
   8946.0000000000   2.0073258465e+03   8.5072070447e+01   1.1111245167e+03
   8947.0000000000   2.0076621722e+03   8.5147381874e+01   1.1113124282e+03
   8948.0000000000   2.0079975593e+03   8.5222285755e+01   1.1114998012e+03
   8949.0000000000   2.0083321075e+03   8.5296814247e+01   1.1116866931e+03
   8950.0000000000   2.0086658903e+03   8.5370993691e+01   1.1118828239e+03
   8951.0000000000   2.0089989649e+03   8.5444846116e+01   1.1120825594e+03
   8952.0000000000   2.0093520160e+03   8.5518390270e+01   1.1122753179e+03
   8953.0000000000   2.0097129925e+03   8.5591642335e+01   1.1124663080e+03
   8954.0000000000   2.0100696190e+03   8.5664616449e+01   1.1126658496e+03
   8955.0000000000   2.0104166200e+03   8.5737325092e+01   1.1128588780e+03
   8956.0000000000   2.0107604016e+03   8.5819455924e+01   1.1130599626e+03
   8957.0000000000   2.0111020276e+03   8.5895673993e+01   1.1132543085e+03
   8958.0000000000   2.0114420073e+03   8.5970724115e+01   1.1134468958e+03
   8959.0000000000   2.0117909598e+03   8.6045064338e+01   1.1136479919e+03
   8960.0000000000   2.0121327187e+03   8.6128552944e+01   1.1138425191e+03
   8961.0000000000   2.0124724744e+03   8.6205941254e+01   1.1140450453e+03
   8962.0000000000   2.0128211301e+03   8.6282024502e+01   1.1142504554e+03
   8963.0000000000   2.0131729080e+03   8.6357293008e+01   1.1144483880e+03
   8964.0000000000   2.0135166546e+03   8.6441627053e+01   1.1146441741e+03
   8965.0000000000   2.0138580094e+03   8.6519793662e+01   1.1148482111e+03
   8966.0000000000   2.0142183573e+03   8.6596599694e+01   1.1150454876e+03
   8967.0000000000   2.0145756342e+03   8.6672544314e+01   1.1152409349e+03
   8968.0000000000   2.0149340986e+03   8.6747838159e+01   1.1154351329e+03
   8969.0000000000   2.0152835324e+03   8.6822598660e+01   1.1156477015e+03
   8970.0000000000   2.0156299353e+03   8.6896901304e+01   1.1158481103e+03
   8971.0000000000   2.0159742385e+03   8.6970799037e+01   1.1160556154e+03
   8972.0000000000   2.0163272151e+03   8.7054007800e+01   1.1162558504e+03
   8973.0000000000   2.0166934137e+03   8.7140889794e+01   1.1164539599e+03
   8974.0000000000   2.0170453423e+03   8.7220860422e+01   1.1166506207e+03
   8975.0000000000   2.0173937154e+03   8.7299125508e+01   1.1168461525e+03
   8976.0000000000   2.0177397807e+03   8.7376326078e+01   1.1170407468e+03
   8977.0000000000   2.0180840860e+03   8.7452740197e+01   1.1172345326e+03
   8978.0000000000   2.0184269439e+03   8.7528522825e+01   1.1174372801e+03
   8979.0000000000   2.0187685589e+03   8.7603772597e+01   1.1176337156e+03
   8980.0000000000   2.0191090763e+03   8.7678557818e+01   1.1178286316e+03
   8981.0000000000   2.0194486053e+03   8.7762605205e+01   1.1180225236e+03
   8982.0000000000   2.0197872316e+03   8.7840608306e+01   1.1182252806e+03
   8983.0000000000   2.0201353432e+03   8.7917333433e+01   1.1184216794e+03
   8984.0000000000   2.0204766335e+03   8.7993255268e+01   1.1186165365e+03
   8985.0000000000   2.0208162007e+03   8.8068568710e+01   1.1188103603e+03
   8986.0000000000   2.0211752040e+03   8.8143380600e+01   1.1190033703e+03
   8987.0000000000   2.0215211373e+03   8.8217759034e+01   1.1191956921e+03
   8988.0000000000   2.0218642276e+03   8.8291751651e+01   1.1193874085e+03
   8989.0000000000   2.0222055189e+03   8.8365393947e+01   1.1195785795e+03
   8990.0000000000   2.0225454442e+03   8.8448390134e+01   1.1197692508e+03
   8991.0000000000   2.0228945613e+03   8.8525417587e+01   1.1199691353e+03
   8992.0000000000   2.0232366583e+03   8.8601230559e+01   1.1201629182e+03
   8993.0000000000   2.0235975298e+03   8.8685971027e+01   1.1203747134e+03
   8994.0000000000   2.0239450066e+03   8.8764481693e+01   1.1205743024e+03
   8995.0000000000   2.0242894366e+03   8.8841599373e+01   1.1207713499e+03
   8996.0000000000   2.0246422430e+03   8.8917837268e+01   1.1209668614e+03
   8997.0000000000   2.0249875309e+03   8.8993413341e+01   1.1211612530e+03
   8998.0000000000   2.0253306126e+03   8.9068449173e+01   1.1213547512e+03
   8999.0000000000   2.0256927744e+03   8.9143022743e+01   1.1215474981e+03
   9000.0000000000   2.0260519117e+03   8.9217188575e+01   1.1217395911e+03
   9001.0000000000   2.0264019443e+03   8.9290987108e+01   1.1219311013e+03
   9002.0000000000   2.0267490072e+03   8.9364449650e+01   1.1221220831e+03
   9003.0000000000   2.0270940435e+03   8.9437601245e+01   1.1223222558e+03
   9004.0000000000   2.0274478198e+03   8.9510462443e+01   1.1225259859e+03
   9005.0000000000   2.0278045564e+03   8.9583050463e+01   1.1227226934e+03
   9006.0000000000   2.0281531169e+03   8.9665056523e+01   1.1229175883e+03
   9007.0000000000   2.0285094779e+03   8.9741148372e+01   1.1231209923e+03
   9008.0000000000   2.0288580373e+03   8.9816072903e+01   1.1233178424e+03
   9009.0000000000   2.0292042026e+03   8.9899966312e+01   1.1235130329e+03
   9010.0000000000   2.0295486668e+03   8.9977666654e+01   1.1237071156e+03
   9011.0000000000   2.0298917601e+03   9.0054006949e+01   1.1239003361e+03
   9012.0000000000   2.0302336835e+03   9.0129497239e+01   1.1240928369e+03
   9013.0000000000   2.0305745747e+03   9.0204352830e+01   1.1242847122e+03
   9014.0000000000   2.0309248544e+03   9.0278693034e+01   1.1244857061e+03
   9015.0000000000   2.0312682376e+03   9.0362270423e+01   1.1246902014e+03
   9016.0000000000   2.0316098377e+03   9.0459145980e+01   1.1248876294e+03
   9017.0000000000   2.0319605057e+03   9.0553081136e+01   1.1250832084e+03
   9018.0000000000   2.0323041074e+03   9.0638682399e+01   1.1252775896e+03
   9019.0000000000   2.0326458260e+03   9.0721783380e+01   1.1254710598e+03
   9020.0000000000   2.0329862302e+03   9.0812967831e+01   1.1256637811e+03
   9021.0000000000   2.0333255715e+03   9.0897313159e+01   1.1258558584e+03
   9022.0000000000   2.0336639960e+03   9.0979799114e+01   1.1260570421e+03
   9023.0000000000   2.0340016018e+03   9.1080386834e+01   1.1262520423e+03
   9024.0000000000   2.0343590983e+03   9.1168671230e+01   1.1264456376e+03
   9025.0000000000   2.0347038128e+03   9.1254294645e+01   1.1266383121e+03
   9026.0000000000   2.0350562092e+03   9.1338272182e+01   1.1268302684e+03
   9027.0000000000   2.0354009196e+03   9.1430712663e+01   1.1270216199e+03
   9028.0000000000   2.0357433969e+03   9.1516513718e+01   1.1272124398e+03
   9029.0000000000   2.0360843381e+03   9.1600567663e+01   1.1274124570e+03
   9030.0000000000   2.0364240654e+03   9.1702787391e+01   1.1276063662e+03
   9031.0000000000   2.0367627687e+03   9.1802415606e+01   1.1278086109e+03
   9032.0000000000   2.0371005743e+03   9.1893731708e+01   1.1280043215e+03
   9033.0000000000   2.0374375729e+03   9.1982474908e+01   1.1281984293e+03
   9034.0000000000   2.0377841527e+03   9.2069519575e+01   1.1283914919e+03
   9035.0000000000   2.0381240039e+03   9.2155277289e+01   1.1285837522e+03
   9036.0000000000   2.0384725402e+03   9.2239990400e+01   1.1287850246e+03
   9037.0000000000   2.0388139142e+03   9.2333496106e+01   1.1289800535e+03
   9038.0000000000   2.0391637123e+03   9.2420564261e+01   1.1291736379e+03
   9039.0000000000   2.0395061723e+03   9.2515693575e+01   1.1293662748e+03
   9040.0000000000   2.0398466106e+03   9.2604056466e+01   1.1295581751e+03
   9041.0000000000   2.0401959788e+03   9.2700293839e+01   1.1297494579e+03
   9042.0000000000   2.0405381996e+03   9.2789644687e+01   1.1299402007e+03
   9043.0000000000   2.0408888097e+03   9.2877109643e+01   1.1301304586e+03
   9044.0000000000   2.0412423555e+03   9.2963294440e+01   1.1303202734e+03
   9045.0000000000   2.0415877893e+03   9.3048477980e+01   1.1305096779e+03
   9046.0000000000   2.0419307974e+03   9.3132825731e+01   1.1306986989e+03
   9047.0000000000   2.0422721502e+03   9.3216449155e+01   1.1308873584e+03
   9048.0000000000   2.0426122048e+03   9.3299429358e+01   1.1310756755e+03
   9049.0000000000   2.0429614908e+03   9.3381828506e+01   1.1312636663e+03
   9050.0000000000   2.0433037843e+03   9.3463696056e+01   1.1314513452e+03
   9051.0000000000   2.0436442362e+03   9.3545072479e+01   1.1316387248e+03
   9052.0000000000   2.0439834025e+03   9.3625991620e+01   1.1318258163e+03
   9053.0000000000   2.0443215291e+03   9.3706482286e+01   1.1320126297e+03
   9054.0000000000   2.0446690792e+03   9.3786569347e+01   1.1322088508e+03
   9055.0000000000   2.0450097858e+03   9.3866274533e+01   1.1323991430e+03
   9056.0000000000   2.0453590895e+03   9.3955293565e+01   1.1325882498e+03
   9057.0000000000   2.0457217993e+03   9.4038298583e+01   1.1327766279e+03
   9058.0000000000   2.0460807867e+03   9.4120040698e+01   1.1329644582e+03
   9059.0000000000   2.0464510384e+03   9.4200983578e+01   1.1331615126e+03
   9060.0000000000   2.0468061095e+03   9.4281314016e+01   1.1333525049e+03
   9061.0000000000   2.0471571106e+03   9.4361132831e+01   1.1335422107e+03
   9062.0000000000   2.0475054832e+03   9.4440503610e+01   1.1337311089e+03
   9063.0000000000   2.0478518832e+03   9.4519470608e+01   1.1339193959e+03
   9064.0000000000   2.0482070087e+03   9.4598066787e+01   1.1341071785e+03
   9065.0000000000   2.0485547432e+03   9.4676317923e+01   1.1342945242e+03
   9066.0000000000   2.0489106303e+03   9.4763921470e+01   1.1344911563e+03
   9067.0000000000   2.0492589154e+03   9.4845549946e+01   1.1346817642e+03
   9068.0000000000   2.0496049347e+03   9.4925954031e+01   1.1348711101e+03
   9069.0000000000   2.0499493431e+03   9.5015273031e+01   1.1350693416e+03
   9070.0000000000   2.0502924481e+03   9.5098347635e+01   1.1352613052e+03
   9071.0000000000   2.0506344361e+03   9.5180013138e+01   1.1354518407e+03
   9072.0000000000   2.0509754351e+03   9.5270458132e+01   1.1356414633e+03
   9073.0000000000   2.0513258593e+03   9.5354554786e+01   1.1358303927e+03
   9074.0000000000   2.0516694185e+03   9.5437159842e+01   1.1360187515e+03
   9075.0000000000   2.0520215417e+03   9.5518800662e+01   1.1362066187e+03
   9076.0000000000   2.0523663940e+03   9.5599705698e+01   1.1363940496e+03
   9077.0000000000   2.0527092531e+03   9.5680004544e+01   1.1365810853e+03
   9078.0000000000   2.0530507297e+03   9.5759781482e+01   1.1367677573e+03
   9079.0000000000   2.0533910975e+03   9.5839096101e+01   1.1369540913e+03
   9080.0000000000   2.0537305158e+03   9.5917992999e+01   1.1371401080e+03
   9081.0000000000   2.0540897295e+03   9.5996506957e+01   1.1373258250e+03
   9082.0000000000   2.0544360880e+03   9.6074665960e+01   1.1375112570e+03
   9083.0000000000   2.0547797511e+03   9.6152493091e+01   1.1376964170e+03
   9084.0000000000   2.0551217257e+03   9.6230007769e+01   1.1378813162e+03
   9085.0000000000   2.0554727415e+03   9.6307226602e+01   1.1380659646e+03
   9086.0000000000   2.0558166580e+03   9.6384163990e+01   1.1382503710e+03
   9087.0000000000   2.0561689860e+03   9.6460832563e+01   1.1384442199e+03
   9088.0000000000   2.0565139398e+03   9.6537243514e+01   1.1386321736e+03
   9089.0000000000   2.0568568281e+03   9.6613406844e+01   1.1388286511e+03
   9090.0000000000   2.0571982828e+03   9.6689331562e+01   1.1390284397e+03
   9091.0000000000   2.0575385916e+03   9.6765025834e+01   1.1392307866e+03
   9092.0000000000   2.0578779244e+03   9.6840497109e+01   1.1394256271e+03
   9093.0000000000   2.0582163951e+03   9.6915752216e+01   1.1396183789e+03
   9094.0000000000   2.0585540863e+03   9.7000473989e+01   1.1398097944e+03
   9095.0000000000   2.0589013806e+03   9.7079323317e+01   1.1400002184e+03
   9096.0000000000   2.0592419646e+03   9.7157041403e+01   1.1401995259e+03
   9097.0000000000   2.0595912491e+03   9.7234083132e+01   1.1404021771e+03
   9098.0000000000   2.0599333844e+03   9.7310627458e+01   1.1405976526e+03
   9099.0000000000   2.0602736363e+03   9.7396444705e+01   1.1407912041e+03
   9100.0000000000   2.0606126055e+03   9.7495600269e+01   1.1409835064e+03
   9101.0000000000   2.0609505569e+03   9.7582178587e+01   1.1411748631e+03
   9102.0000000000   2.0612876426e+03   9.7666128828e+01   1.1413848021e+03
   9103.0000000000   2.0616342819e+03   9.7758222465e+01   1.1415924243e+03
   9104.0000000000   2.0619741823e+03   9.7853245489e+01   1.1417919377e+03
   9105.0000000000   2.0623227677e+03   9.7940833997e+01   1.1419890381e+03
   9106.0000000000   2.0626641967e+03   9.8036002100e+01   1.1421845713e+03
   9107.0000000000   2.0630037406e+03   9.8124131640e+01   1.1423789278e+03
   9108.0000000000   2.0633523225e+03   9.8219972298e+01   1.1425723344e+03
   9109.0000000000   2.0636938462e+03   9.8308826802e+01   1.1427649393e+03
   9110.0000000000   2.0640438346e+03   9.8405412443e+01   1.1429568471e+03
   9111.0000000000   2.0643968241e+03   9.8495016487e+01   1.1431481359e+03
   9112.0000000000   2.0647417591e+03   9.8582671661e+01   1.1433388663e+03
   9113.0000000000   2.0650946389e+03   9.8669005834e+01   1.1435290864e+03
   9114.0000000000   2.0654398649e+03   9.8763990127e+01   1.1437188357e+03
   9115.0000000000   2.0658034788e+03   9.8852456402e+01   1.1439081473e+03
   9116.0000000000   2.0661534395e+03   9.8939260228e+01   1.1441067256e+03
   9117.0000000000   2.0665104893e+03   9.9024938712e+01   1.1442992495e+03
   9118.0000000000   2.0668594175e+03   9.9109732855e+01   1.1444904757e+03
   9119.0000000000   2.0672057766e+03   9.9193784916e+01   1.1446808724e+03
   9120.0000000000   2.0675503318e+03   9.9277191019e+01   1.1448706298e+03
   9121.0000000000   2.0679037741e+03   9.9369698059e+01   1.1450695284e+03
   9122.0000000000   2.0682499662e+03   9.9465691891e+01   1.1452622892e+03
   9123.0000000000   2.0685941132e+03   9.9554606770e+01   1.1454536942e+03
   9124.0000000000   2.0689368079e+03   9.9641663999e+01   1.1456442280e+03
   9125.0000000000   2.0692886424e+03   9.9727517592e+01   1.1458340919e+03
   9126.0000000000   2.0696437362e+03   9.9812456690e+01   1.1460233974e+03
   9127.0000000000   2.0699908885e+03   9.9906322372e+01   1.1462122159e+03
   9128.0000000000   2.0703460324e+03   1.0000355324e+02   1.1464005978e+03
   9129.0000000000   2.0706935349e+03   1.0009361584e+02   1.1465885806e+03
   9130.0000000000   2.0710387802e+03   1.0018175253e+02   1.1467761938e+03
   9131.0000000000   2.0713824438e+03   1.0026863171e+02   1.1469634612e+03
   9132.0000000000   2.0717351612e+03   1.0036422931e+02   1.1471504025e+03
   9133.0000000000   2.0720807582e+03   1.0045337242e+02   1.1473370344e+03
   9134.0000000000   2.0724244138e+03   1.0054090947e+02   1.1475233715e+03
   9135.0000000000   2.0727770209e+03   1.0062737031e+02   1.1477094263e+03
   9136.0000000000   2.0731327929e+03   1.0071298930e+02   1.1479048864e+03
   9137.0000000000   2.0734908884e+03   1.0079790283e+02   1.1480944169e+03
   9138.0000000000   2.0738405775e+03   1.0088220194e+02   1.1482924391e+03
   9139.0000000000   2.0741979720e+03   1.0098530571e+02   1.1484937425e+03
   9140.0000000000   2.0745475282e+03   1.0107657473e+02   1.1486878996e+03
   9141.0000000000   2.0748946822e+03   1.0116552075e+02   1.1488801922e+03
   9142.0000000000   2.0752401424e+03   1.0125307634e+02   1.1490713036e+03
   9143.0000000000   2.0755842475e+03   1.0133961749e+02   1.1492615379e+03
   9144.0000000000   2.0759272030e+03   1.0142534637e+02   1.1494510670e+03
   9145.0000000000   2.0762691493e+03   1.0152006598e+02   1.1496400009e+03
   9146.0000000000   2.0766205083e+03   1.0160851829e+02   1.1498284161e+03
   9147.0000000000   2.0769753148e+03   1.0169550283e+02   1.1500163689e+03
   9148.0000000000   2.0773326374e+03   1.0178151843e+02   1.1502039022e+03
   9149.0000000000   2.0776816941e+03   1.0186677830e+02   1.1503910500e+03
   9150.0000000000   2.0780282443e+03   1.0195140370e+02   1.1505778398e+03
   9151.0000000000   2.0783730857e+03   1.0203547437e+02   1.1507642945e+03
   9152.0000000000   2.0787165882e+03   1.0211904757e+02   1.1509504332e+03
   9153.0000000000   2.0790589684e+03   1.0220216694e+02   1.1511362724e+03
   9154.0000000000   2.0794003702e+03   1.0228486710e+02   1.1513218264e+03
   9155.0000000000   2.0797408969e+03   1.0236717637e+02   1.1515167842e+03
   9156.0000000000   2.0800909456e+03   1.0244911851e+02   1.1517058118e+03
   9157.0000000000   2.0804342140e+03   1.0253071378e+02   1.1518936549e+03
   9158.0000000000   2.0807758025e+03   1.0261197977e+02   1.1520807722e+03
   9159.0000000000   2.0811162322e+03   1.0269293188e+02   1.1522673459e+03
   9160.0000000000   2.0814557242e+03   1.0277358380e+02   1.1524534726e+03
   9161.0000000000   2.0817944041e+03   1.0285394776e+02   1.1526488887e+03
   9162.0000000000   2.0821426741e+03   1.0293403478e+02   1.1528382897e+03
   9163.0000000000   2.0824842305e+03   1.0301385486e+02   1.1530264413e+03
   9164.0000000000   2.0828344891e+03   1.0309341715e+02   1.1532138160e+03
   9165.0000000000   2.0831879220e+03   1.0317273002e+02   1.1534102825e+03
   9166.0000000000   2.0835437515e+03   1.0326147773e+02   1.1536006002e+03
   9167.0000000000   2.0838912653e+03   1.0334432250e+02   1.1537895703e+03
   9168.0000000000   2.0842362585e+03   1.0342600677e+02   1.1539776877e+03
   9169.0000000000   2.0845795487e+03   1.0350698657e+02   1.1541845132e+03
   9170.0000000000   2.0849215169e+03   1.0358744192e+02   1.1543891482e+03
   9171.0000000000   2.0852623865e+03   1.0366746760e+02   1.1545857929e+03
   9172.0000000000   2.0856023049e+03   1.0375679834e+02   1.1547801341e+03
   9173.0000000000   2.0859413775e+03   1.0384012859e+02   1.1549730082e+03
   9174.0000000000   2.0862796832e+03   1.0392222271e+02   1.1551647975e+03
   9175.0000000000   2.0866172837e+03   1.0400355231e+02   1.1553653976e+03
   9176.0000000000   2.0869645479e+03   1.0410366200e+02   1.1555596053e+03
   9177.0000000000   2.0873051530e+03   1.0419196540e+02   1.1557619316e+03
   9178.0000000000   2.0876545029e+03   1.0427799900e+02   1.1559575543e+03
   9179.0000000000   2.0879967429e+03   1.0436270720e+02   1.1561514392e+03
   9180.0000000000   2.0883371346e+03   1.0444647129e+02   1.1563441697e+03
   9181.0000000000   2.0886762756e+03   1.0452949522e+02   1.1565360089e+03
   9182.0000000000   2.0890144281e+03   1.0461190528e+02   1.1567271103e+03
   9183.0000000000   2.0893517421e+03   1.0469378710e+02   1.1569175760e+03
   9184.0000000000   2.0896986348e+03   1.0477520252e+02   1.1571074792e+03
   9185.0000000000   2.0900388124e+03   1.0486587485e+02   1.1572968757e+03
   9186.0000000000   2.0903876971e+03   1.0495049576e+02   1.1574858090e+03
   9187.0000000000   2.0907294465e+03   1.0503383050e+02   1.1576743147e+03
   9188.0000000000   2.0910693305e+03   1.0511635318e+02   1.1578624222e+03
   9189.0000000000   2.0914182716e+03   1.0520793490e+02   1.1580501563e+03
   9190.0000000000   2.0917601724e+03   1.0529333743e+02   1.1582472148e+03
   9191.0000000000   2.0921105552e+03   1.0537736459e+02   1.1584382712e+03
   9192.0000000000   2.0924536364e+03   1.0546051385e+02   1.1586280774e+03
   9193.0000000000   2.0928050428e+03   1.0554299499e+02   1.1588170976e+03
   9194.0000000000   2.0931490397e+03   1.0562492508e+02   1.1590055188e+03
   9195.0000000000   2.0934909625e+03   1.0570637957e+02   1.1591934417e+03
   9196.0000000000   2.0938417769e+03   1.0578741159e+02   1.1593809298e+03
   9197.0000000000   2.0942060540e+03   1.0586806081e+02   1.1595777037e+03
   9198.0000000000   2.0945562916e+03   1.0594835820e+02   1.1597684509e+03
   9199.0000000000   2.0949031875e+03   1.0602832869e+02   1.1599579326e+03
   9200.0000000000   2.0952582910e+03   1.0610799288e+02   1.1601466192e+03
   9201.0000000000   2.0956057698e+03   1.0618736815e+02   1.1603347018e+03
   9202.0000000000   2.0959509727e+03   1.0626646937e+02   1.1605319607e+03
   9203.0000000000   2.0962945712e+03   1.0634530948e+02   1.1607327929e+03
   9204.0000000000   2.0966368853e+03   1.0642389982e+02   1.1609266348e+03
   9205.0000000000   2.0969781096e+03   1.0650225050e+02   1.1611187057e+03
   9206.0000000000   2.0973183776e+03   1.0659004706e+02   1.1613096556e+03
   9207.0000000000   2.0976784256e+03   1.0667195271e+02   1.1615094458e+03
   9208.0000000000   2.0980359206e+03   1.0676238718e+02   1.1617028909e+03
   9209.0000000000   2.0984052981e+03   1.0685613866e+02   1.1618948291e+03
   9210.0000000000   2.0987598895e+03   1.0694277845e+02   1.1620857813e+03
   9211.0000000000   2.0991106882e+03   1.0702758726e+02   1.1622759742e+03
   9212.0000000000   2.0994693845e+03   1.0712092407e+02   1.1624752140e+03
   9213.0000000000   2.0998202252e+03   1.0721742359e+02   1.1626682409e+03
   9214.0000000000   2.1001686081e+03   1.0730664775e+02   1.1628598514e+03
   9215.0000000000   2.1005152378e+03   1.0739389161e+02   1.1630505412e+03
   9216.0000000000   2.1008707767e+03   1.0747985510e+02   1.1632405203e+03
   9217.0000000000   2.1012293921e+03   1.0756485737e+02   1.1634299071e+03
   9218.0000000000   2.1015902363e+03   1.0764908327e+02   1.1636187789e+03
   9219.0000000000   2.1019425842e+03   1.0773265393e+02   1.1638071904e+03
   9220.0000000000   2.1023025548e+03   1.0781565500e+02   1.1640048596e+03
   9221.0000000000   2.1026546128e+03   1.0790782688e+02   1.1641964740e+03
   9222.0000000000   2.1030042017e+03   1.0799387414e+02   1.1643867961e+03
   9223.0000000000   2.1033520366e+03   1.0807857206e+02   1.1645859740e+03
   9224.0000000000   2.1036984619e+03   1.0816240277e+02   1.1647788557e+03
   9225.0000000000   2.1040436887e+03   1.0825524393e+02   1.1649702824e+03
   9226.0000000000   2.1043878616e+03   1.0834186272e+02   1.1651607711e+03
   9227.0000000000   2.1047414069e+03   1.0842706754e+02   1.1653602193e+03
   9228.0000000000   2.1050880434e+03   1.0851135975e+02   1.1655534066e+03
   9229.0000000000   2.1054328880e+03   1.0859495245e+02   1.1657451491e+03
   9230.0000000000   2.1057764750e+03   1.0867796563e+02   1.1659359533e+03
   9231.0000000000   2.1061190361e+03   1.0876047725e+02   1.1661260358e+03
   9232.0000000000   2.1064607060e+03   1.0884254265e+02   1.1663155190e+03
   9233.0000000000   2.1068015751e+03   1.0892420348e+02   1.1665044825e+03
   9234.0000000000   2.1071417101e+03   1.0900549243e+02   1.1666929829e+03
   9235.0000000000   2.1074811630e+03   1.0908643601e+02   1.1668810627e+03
   9236.0000000000   2.1078199758e+03   1.0917673274e+02   1.1670784317e+03
   9237.0000000000   2.1081685030e+03   1.0926105633e+02   1.1672697720e+03
   9238.0000000000   2.1085104106e+03   1.0935383512e+02   1.1674598417e+03
   9239.0000000000   2.1088610940e+03   1.0945954107e+02   1.1676491094e+03
   9240.0000000000   2.1092046920e+03   1.0955240665e+02   1.1678474422e+03
   9241.0000000000   2.1095464611e+03   1.0964245361e+02   1.1680492752e+03
   9242.0000000000   2.1098869945e+03   1.0973081875e+02   1.1682440646e+03
   9243.0000000000   2.1102265513e+03   1.0981798336e+02   1.1684370417e+03
   9244.0000000000   2.1105652788e+03   1.0990421132e+02   1.1686288644e+03
   9245.0000000000   2.1109032728e+03   1.0999934475e+02   1.1688198228e+03
   9246.0000000000   2.1112406017e+03   1.1008815188e+02   1.1690100805e+03
   9247.0000000000   2.1115876361e+03   1.1017545051e+02   1.1691997428e+03
   9248.0000000000   2.1119280524e+03   1.1026175259e+02   1.1693985598e+03
   9249.0000000000   2.1122669340e+03   1.1035695752e+02   1.1695912409e+03
   9250.0000000000   2.1126047879e+03   1.1044584885e+02   1.1697825638e+03
   9251.0000000000   2.1129418235e+03   1.1053324759e+02   1.1699826883e+03
   9252.0000000000   2.1132781562e+03   1.1061966508e+02   1.1701764709e+03
   9253.0000000000   2.1136138605e+03   1.1070532243e+02   1.1703687595e+03
   9254.0000000000   2.1139489891e+03   1.1079034618e+02   1.1705600763e+03
   9255.0000000000   2.1142939007e+03   1.1087481972e+02   1.1707506467e+03
   9256.0000000000   2.1146322630e+03   1.1095880296e+02   1.1709405985e+03
   9257.0000000000   2.1150001093e+03   1.1104234141e+02   1.1711300150e+03
   9258.0000000000   2.1153488492e+03   1.1112547109e+02   1.1713189553e+03
   9259.0000000000   2.1157041571e+03   1.1120822137e+02   1.1715074637e+03
   9260.0000000000   2.1160512196e+03   1.1129061675e+02   1.1716955751e+03
   9261.0000000000   2.1163957155e+03   1.1137267805e+02   1.1718833174e+03
   9262.0000000000   2.1167384598e+03   1.1146409979e+02   1.1720707140e+03
   9263.0000000000   2.1170901645e+03   1.1154955272e+02   1.1722577844e+03
   9264.0000000000   2.1174347008e+03   1.1163378647e+02   1.1724445454e+03
   9265.0000000000   2.1177772761e+03   1.1171726323e+02   1.1726310117e+03
   9266.0000000000   2.1181184828e+03   1.1180016829e+02   1.1728171961e+03
   9267.0000000000   2.1184689103e+03   1.1188260102e+02   1.1730031101e+03
   9268.0000000000   2.1188123564e+03   1.1196462356e+02   1.1731887637e+03
   9269.0000000000   2.1191643001e+03   1.1205595536e+02   1.1733838428e+03
   9270.0000000000   2.1195192567e+03   1.1214128310e+02   1.1735730108e+03
   9271.0000000000   2.1198764798e+03   1.1222536711e+02   1.1737610110e+03
   9272.0000000000   2.1202252803e+03   1.1231835346e+02   1.1739483002e+03
   9273.0000000000   2.1205714716e+03   1.1240508776e+02   1.1741350592e+03
   9274.0000000000   2.1209158855e+03   1.1250008548e+02   1.1743213832e+03
   9275.0000000000   2.1212589147e+03   1.1258851648e+02   1.1745073308e+03
   9276.0000000000   2.1216214301e+03   1.1267533576e+02   1.1747026184e+03
   9277.0000000000   2.1219708592e+03   1.1276111572e+02   1.1748919296e+03
   9278.0000000000   2.1223277333e+03   1.1285578593e+02   1.1750800224e+03
   9279.0000000000   2.1226767325e+03   1.1294414600e+02   1.1752673640e+03
   9280.0000000000   2.1230233451e+03   1.1303102583e+02   1.1754541429e+03
   9281.0000000000   2.1233786142e+03   1.1311694162e+02   1.1756404603e+03
   9282.0000000000   2.1237265195e+03   1.1320211712e+02   1.1758263796e+03
   9283.0000000000   2.1240723176e+03   1.1328668012e+02   1.1760119440e+03
   9284.0000000000   2.1244166283e+03   1.1338039101e+02   1.1761971853e+03
   9285.0000000000   2.1247597395e+03   1.1347764122e+02   1.1763918046e+03
   9286.0000000000   2.1251018245e+03   1.1356786679e+02   1.1765804761e+03
   9287.0000000000   2.1254430020e+03   1.1365628881e+02   1.1767679516e+03
   9288.0000000000   2.1257936789e+03   1.1374356008e+02   1.1769546942e+03
   9289.0000000000   2.1261478784e+03   1.1382996801e+02   1.1771408894e+03
   9290.0000000000   2.1264943413e+03   1.1391567513e+02   1.1773266364e+03
   9291.0000000000   2.1268386429e+03   1.1400078633e+02   1.1775119968e+03
   9292.0000000000   2.1271814867e+03   1.1408537520e+02   1.1776970127e+03
   9293.0000000000   2.1275231863e+03   1.1416949640e+02   1.1778817150e+03
   9294.0000000000   2.1278742410e+03   1.1425319227e+02   1.1780758038e+03
   9295.0000000000   2.1282184052e+03   1.1433649668e+02   1.1782639529e+03
   9296.0000000000   2.1285608138e+03   1.1441943743e+02   1.1784509135e+03
   9297.0000000000   2.1289123295e+03   1.1451171433e+02   1.1786371483e+03
   9298.0000000000   2.1292671438e+03   1.1459800225e+02   1.1788228423e+03
   9299.0000000000   2.1296140794e+03   1.1468305406e+02   1.1790080945e+03
   9300.0000000000   2.1299690764e+03   1.1476733455e+02   1.1791929661e+03
   9301.0000000000   2.1303165025e+03   1.1485103113e+02   1.1793774990e+03
   9302.0000000000   2.1306617398e+03   1.1493424487e+02   1.1795617239e+03
   9303.0000000000   2.1310054607e+03   1.1501703936e+02   1.1797553407e+03
   9304.0000000000   2.1313479781e+03   1.1510913522e+02   1.1799526996e+03
   9305.0000000000   2.1316997974e+03   1.1519522015e+02   1.1801432065e+03
   9306.0000000000   2.1320446800e+03   1.1528973185e+02   1.1803514130e+03
   9307.0000000000   2.1323877670e+03   1.1537779566e+02   1.1805472638e+03
   9308.0000000000   2.1327399268e+03   1.1546433851e+02   1.1807501803e+03
   9309.0000000000   2.1330850363e+03   1.1554991392e+02   1.1809458676e+03
   9310.0000000000   2.1334282862e+03   1.1563476155e+02   1.1811395049e+03
   9311.0000000000   2.1337702501e+03   1.1571901610e+02   1.1813317859e+03
   9312.0000000000   2.1341111827e+03   1.1580276422e+02   1.1815230382e+03
   9313.0000000000   2.1344718705e+03   1.1588606647e+02   1.1817134565e+03
   9314.0000000000   2.1348196851e+03   1.1596896776e+02   1.1819031700e+03
   9315.0000000000   2.1351647991e+03   1.1605150279e+02   1.1820922713e+03
   9316.0000000000   2.1355082274e+03   1.1613369927e+02   1.1822808294e+03
   9317.0000000000   2.1358503859e+03   1.1621557990e+02   1.1824785749e+03
   9318.0000000000   2.1362018207e+03   1.1629716369e+02   1.1826702059e+03
   9319.0000000000   2.1365463119e+03   1.1638814334e+02   1.1828701698e+03
   9320.0000000000   2.1368890097e+03   1.1648286440e+02   1.1830636009e+03
   9321.0000000000   2.1372304680e+03   1.1657072995e+02   1.1832554339e+03
   9322.0000000000   2.1375709301e+03   1.1667628946e+02   1.1834559058e+03
   9323.0000000000   2.1379105372e+03   1.1676948676e+02   1.1836499174e+03
   9324.0000000000   2.1382597031e+03   1.1686006565e+02   1.1838423443e+03
   9325.0000000000   2.1386021326e+03   1.1695875261e+02   1.1840434044e+03
   9326.0000000000   2.1389532481e+03   1.1705064593e+02   1.1842379915e+03
   9327.0000000000   2.1392972077e+03   1.1714072525e+02   1.1844309794e+03
   9328.0000000000   2.1396496015e+03   1.1722959404e+02   1.1846229087e+03
   9329.0000000000   2.1399946700e+03   1.1731753192e+02   1.1848236955e+03
   9330.0000000000   2.1403480503e+03   1.1741438142e+02   1.1850181335e+03
   9331.0000000000   2.1407043315e+03   1.1750490882e+02   1.1852110502e+03
   9332.0000000000   2.1410524873e+03   1.1759393013e+02   1.1854126380e+03
   9333.0000000000   2.1414085349e+03   1.1768195594e+02   1.1856077762e+03
   9334.0000000000   2.1417568877e+03   1.1776920822e+02   1.1858013296e+03
   9335.0000000000   2.1421029576e+03   1.1785581482e+02   1.1859938330e+03
   9336.0000000000   2.1424474373e+03   1.1794186060e+02   1.1861951986e+03
   9337.0000000000   2.1428009735e+03   1.1803708337e+02   1.1863902172e+03
   9338.0000000000   2.1431577185e+03   1.1812618495e+02   1.1865933911e+03
   9339.0000000000   2.1435064924e+03   1.1822361481e+02   1.1867898900e+03
   9340.0000000000   2.1438529225e+03   1.1831450817e+02   1.1869846728e+03
   9341.0000000000   2.1441977492e+03   1.1840380042e+02   1.1871783176e+03
   9342.0000000000   2.1445413126e+03   1.1849205229e+02   1.1873710833e+03
   9343.0000000000   2.1448838131e+03   1.1857950970e+02   1.1875631201e+03
   9344.0000000000   2.1452253845e+03   1.1866631282e+02   1.1877545273e+03
   9345.0000000000   2.1455661234e+03   1.1875255308e+02   1.1879453762e+03
   9346.0000000000   2.1459061036e+03   1.1883829527e+02   1.1881357207e+03
   9347.0000000000   2.1462453834e+03   1.1892358805e+02   1.1883352799e+03
   9348.0000000000   2.1465840106e+03   1.1900846945e+02   1.1885384198e+03
   9349.0000000000   2.1469323438e+03   1.1909297019e+02   1.1887345599e+03
   9350.0000000000   2.1472740530e+03   1.1917711567e+02   1.1889289100e+03
   9351.0000000000   2.1476142175e+03   1.1927060385e+02   1.1891221148e+03
   9352.0000000000   2.1479533424e+03   1.1935810817e+02   1.1893144562e+03
   9353.0000000000   2.1482916360e+03   1.1944438037e+02   1.1895060924e+03
   9354.0000000000   2.1486395325e+03   1.1953956088e+02   1.1896971251e+03
   9355.0000000000   2.1489807425e+03   1.1962849142e+02   1.1898876256e+03
   9356.0000000000   2.1493203695e+03   1.1971600829e+02   1.1900873231e+03
   9357.0000000000   2.1496589333e+03   1.1980262442e+02   1.1902809138e+03
   9358.0000000000   2.1500069711e+03   1.1988855774e+02   1.1904828429e+03
   9359.0000000000   2.1503585596e+03   1.2000295955e+02   1.1906782421e+03
   9360.0000000000   2.1507024641e+03   1.2009987322e+02   1.1908720442e+03
   9361.0000000000   2.1510545900e+03   1.2019356092e+02   1.1910648077e+03
   9362.0000000000   2.1513992812e+03   1.2028541294e+02   1.1912567767e+03
   9363.0000000000   2.1517419026e+03   1.2038566018e+02   1.1914480898e+03
   9364.0000000000   2.1520831135e+03   1.2047925120e+02   1.1916388371e+03
   9365.0000000000   2.1524232160e+03   1.2057110198e+02   1.1918290823e+03
   9366.0000000000   2.1527623878e+03   1.2066178370e+02   1.1920188730e+03
   9367.0000000000   2.1531007468e+03   1.2075155774e+02   1.1922082464e+03
   9368.0000000000   2.1534486970e+03   1.2084057899e+02   1.1923972325e+03
   9369.0000000000   2.1538002575e+03   1.2092895159e+02   1.1925955326e+03
   9370.0000000000   2.1541441652e+03   1.2101675110e+02   1.1927878225e+03
   9371.0000000000   2.1544963102e+03   1.2110403509e+02   1.1929788561e+03
   9372.0000000000   2.1548513468e+03   1.2120052565e+02   1.1931690985e+03
   9373.0000000000   2.1551982714e+03   1.2129091486e+02   1.1933587378e+03
   9374.0000000000   2.1555427902e+03   1.2137996923e+02   1.1935478753e+03
   9375.0000000000   2.1558960028e+03   1.2146816457e+02   1.1937365749e+03
   9376.0000000000   2.1562419076e+03   1.2155569738e+02   1.1939248811e+03
   9377.0000000000   2.1565857679e+03   1.2164267633e+02   1.1941128266e+03
   9378.0000000000   2.1569385234e+03   1.2172917143e+02   1.1943101135e+03
   9379.0000000000   2.1572944164e+03   1.2181523226e+02   1.1945014176e+03
   9380.0000000000   2.1576423045e+03   1.2190089619e+02   1.1946914916e+03
   9381.0000000000   2.1579981532e+03   1.2198619270e+02   1.1948808000e+03
   9382.0000000000   2.1583463491e+03   1.2207114585e+02   1.1950695294e+03
   9383.0000000000   2.1586922889e+03   1.2215577573e+02   1.1952577801e+03
   9384.0000000000   2.1590366565e+03   1.2224009949e+02   1.1954456148e+03
   9385.0000000000   2.1593797738e+03   1.2232413199e+02   1.1956330767e+03
   9386.0000000000   2.1597218343e+03   1.2240788628e+02   1.1958201977e+03
   9387.0000000000   2.1600629694e+03   1.2249137394e+02   1.1960070023e+03
   9388.0000000000   2.1604032751e+03   1.2257460533e+02   1.1961935102e+03
   9389.0000000000   2.1607634630e+03   1.2265758980e+02   1.1963894141e+03
   9390.0000000000   2.1611108640e+03   1.2274033585e+02   1.1965890593e+03
   9391.0000000000   2.1614659457e+03   1.2282285125e+02   1.1967818484e+03
   9392.0000000000   2.1618133436e+03   1.2290514312e+02   1.1969826537e+03
   9393.0000000000   2.1621688328e+03   1.2298721806e+02   1.1971864400e+03
   9394.0000000000   2.1625167490e+03   1.2306908215e+02   1.1973828696e+03
   9395.0000000000   2.1628624672e+03   1.2316041761e+02   1.1975869546e+03
   9396.0000000000   2.1632066587e+03   1.2324588479e+02   1.1977840681e+03
   9397.0000000000   2.1635496373e+03   1.2333022444e+02   1.1979792742e+03
   9398.0000000000   2.1638915905e+03   1.2341389105e+02   1.1981732123e+03
   9399.0000000000   2.1642429640e+03   1.2349706322e+02   1.1983661798e+03
   9400.0000000000   2.1645874861e+03   1.2357983445e+02   1.1985583530e+03
   9401.0000000000   2.1649405969e+03   1.2366226171e+02   1.1987498492e+03
   9402.0000000000   2.1652864681e+03   1.2374438326e+02   1.1989407526e+03
   9403.0000000000   2.1656303817e+03   1.2382622664e+02   1.1991408029e+03
   9404.0000000000   2.1659729508e+03   1.2390781264e+02   1.1993347049e+03
   9405.0000000000   2.1663247696e+03   1.2398915764e+02   1.1995272341e+03
   9406.0000000000   2.1666696344e+03   1.2407995146e+02   1.1997188730e+03
   9407.0000000000   2.1670127022e+03   1.2416486019e+02   1.1999098231e+03
   9408.0000000000   2.1673545297e+03   1.2424862899e+02   1.2001001970e+03
   9409.0000000000   2.1676953619e+03   1.2433171580e+02   1.2002900678e+03
   9410.0000000000   2.1680456598e+03   1.2441430192e+02   1.2004794874e+03
   9411.0000000000   2.1683994738e+03   1.2449648301e+02   1.2006781717e+03
   9412.0000000000   2.1687455593e+03   1.2457831775e+02   1.2008708067e+03
   9413.0000000000   2.1690894993e+03   1.2465984581e+02   1.2010621534e+03
   9414.0000000000   2.1694320019e+03   1.2474109584e+02   1.2012526829e+03
   9415.0000000000   2.1697733831e+03   1.2482208956e+02   1.2014425873e+03
   9416.0000000000   2.1701138244e+03   1.2490284408e+02   1.2016610012e+03
   9417.0000000000   2.1704637636e+03   1.2498337328e+02   1.2018619563e+03
   9418.0000000000   2.1708069213e+03   1.2506368870e+02   1.2020693833e+03
   9419.0000000000   2.1711484116e+03   1.2514380009e+02   1.2022693214e+03
   9420.0000000000   2.1714990831e+03   1.2523339241e+02   1.2024670564e+03
   9421.0000000000   2.1718634365e+03   1.2531712807e+02   1.2026633281e+03
   9422.0000000000   2.1722139234e+03   1.2539974935e+02   1.2028584882e+03
   9423.0000000000   2.1725612089e+03   1.2548171188e+02   1.2030527454e+03
   9424.0000000000   2.1729064999e+03   1.2556319512e+02   1.2032462379e+03
   9425.0000000000   2.1732503103e+03   1.2564429315e+02   1.2034390647e+03
   9426.0000000000   2.1736032439e+03   1.2572506337e+02   1.2036312995e+03
   9427.0000000000   2.1739491179e+03   1.2580554432e+02   1.2038229999e+03
   9428.0000000000   2.1743034270e+03   1.2589544022e+02   1.2040142117e+03
   9429.0000000000   2.1746503794e+03   1.2597942705e+02   1.2042049727e+03
   9430.0000000000   2.1750056011e+03   1.2606225694e+02   1.2043953141e+03
   9431.0000000000   2.1753636787e+03   1.2614439298e+02   1.2045949392e+03
   9432.0000000000   2.1757135869e+03   1.2623569687e+02   1.2047885256e+03
   9433.0000000000   2.1760610262e+03   1.2632092228e+02   1.2049808291e+03
   9434.0000000000   2.1764067768e+03   1.2641454254e+02   1.2051723169e+03
   9435.0000000000   2.1767512031e+03   1.2651138059e+02   1.2053631785e+03
   9436.0000000000   2.1770945211e+03   1.2661070818e+02   1.2055631936e+03
   9437.0000000000   2.1774471944e+03   1.2670247828e+02   1.2057570826e+03
   9438.0000000000   2.1777929633e+03   1.2680179844e+02   1.2059496270e+03
   9439.0000000000   2.1781369573e+03   1.2690376299e+02   1.2061413107e+03
   9440.0000000000   2.1784900380e+03   1.2699811564e+02   1.2063323347e+03
   9441.0000000000   2.1788360780e+03   1.2709024686e+02   1.2065228100e+03
   9442.0000000000   2.1791905843e+03   1.2718091447e+02   1.2067128076e+03
   9443.0000000000   2.1795377650e+03   1.2727047612e+02   1.2069120541e+03
   9444.0000000000   2.1798829240e+03   1.2735914392e+02   1.2071149183e+03
   9445.0000000000   2.1802266884e+03   1.2744705911e+02   1.2073108202e+03
   9446.0000000000   2.1805693431e+03   1.2753432278e+02   1.2075049690e+03
   9447.0000000000   2.1809110550e+03   1.2762101091e+02   1.2076980083e+03
   9448.0000000000   2.1812519361e+03   1.2771685924e+02   1.2078902181e+03
   9449.0000000000   2.1815920673e+03   1.2780657027e+02   1.2080914318e+03
   9450.0000000000   2.1819418299e+03   1.2789491864e+02   1.2082864043e+03
   9451.0000000000   2.1822849092e+03   1.2798238659e+02   1.2084799411e+03
   9452.0000000000   2.1826367151e+03   1.2806917579e+02   1.2086725433e+03
   9453.0000000000   2.1829813971e+03   1.2815539909e+02   1.2088644246e+03
   9454.0000000000   2.1833345394e+03   1.2824112995e+02   1.2090557058e+03
   9455.0000000000   2.1836803780e+03   1.2833609731e+02   1.2092464656e+03
   9456.0000000000   2.1840242277e+03   1.2842499601e+02   1.2094367600e+03
   9457.0000000000   2.1843667197e+03   1.2851259329e+02   1.2096266312e+03
   9458.0000000000   2.1847184585e+03   1.2859936471e+02   1.2098161124e+03
   9459.0000000000   2.1850735657e+03   1.2868550602e+02   1.2100052305e+03
   9460.0000000000   2.1854311575e+03   1.2877112494e+02   1.2101940076e+03
   9461.0000000000   2.1857907984e+03   1.2885629040e+02   1.2103824628e+03
   9462.0000000000   2.1861419006e+03   1.2895072745e+02   1.2105706122e+03
   9463.0000000000   2.1864903227e+03   1.2903912749e+02   1.2107584700e+03
   9464.0000000000   2.1868472401e+03   1.2912625480e+02   1.2109460486e+03
   9465.0000000000   2.1871966957e+03   1.2921258232e+02   1.2111333590e+03
   9466.0000000000   2.1875646197e+03   1.2929830349e+02   1.2113204113e+03
   9467.0000000000   2.1879189254e+03   1.2938352398e+02   1.2115072142e+03
   9468.0000000000   2.1882700152e+03   1.2947798750e+02   1.2117131291e+03
   9469.0000000000   2.1886190312e+03   1.2956639601e+02   1.2119171500e+03
   9470.0000000000   2.1889767895e+03   1.2965352021e+02   1.2121134105e+03
   9471.0000000000   2.1893272089e+03   1.2973983714e+02   1.2123075522e+03
   9472.0000000000   2.1896755243e+03   1.2983521955e+02   1.2125003794e+03
   9473.0000000000   2.1900223464e+03   1.2992443004e+02   1.2126922504e+03
   9474.0000000000   2.1903679591e+03   1.3002194942e+02   1.2128833657e+03
   9475.0000000000   2.1907125346e+03   1.3011293041e+02   1.2130738524e+03
   9476.0000000000   2.1910561910e+03   1.3020231862e+02   1.2132637976e+03
   9477.0000000000   2.1913990163e+03   1.3029068094e+02   1.2134629408e+03
   9478.0000000000   2.1917410790e+03   1.3037826699e+02   1.2136559851e+03
   9479.0000000000   2.1921030725e+03   1.3046521913e+02   1.2138477035e+03
   9480.0000000000   2.1924626337e+03   1.3055163002e+02   1.2140385761e+03
   9481.0000000000   2.1928238572e+03   1.3064724164e+02   1.2142288018e+03
   9482.0000000000   2.1931867411e+03   1.3073675789e+02   1.2144184906e+03
   9483.0000000000   2.1935408519e+03   1.3082495257e+02   1.2146077132e+03
   9484.0000000000   2.1939024404e+03   1.3092198253e+02   1.2147965193e+03
   9485.0000000000   2.1942663586e+03   1.3101270213e+02   1.2149849460e+03
   9486.0000000000   2.1946320435e+03   1.3110195752e+02   1.2151730225e+03
   9487.0000000000   2.1949889194e+03   1.3119026952e+02   1.2153607722e+03
   9488.0000000000   2.1953428751e+03   1.3127786241e+02   1.2155578912e+03
   9489.0000000000   2.1956947957e+03   1.3136486308e+02   1.2157490509e+03
   9490.0000000000   2.1960451130e+03   1.3145135404e+02   1.2159390013e+03
   9491.0000000000   2.1964044086e+03   1.3153739367e+02   1.2161282045e+03
   9492.0000000000   2.1967564973e+03   1.3162302578e+02   1.2163168456e+03
   9493.0000000000   2.1971065596e+03   1.3170828461e+02   1.2165050236e+03
   9494.0000000000   2.1974551751e+03   1.3179319780e+02   1.2166928001e+03
   9495.0000000000   2.1978026087e+03   1.3187778817e+02   1.2168802176e+03
   9496.0000000000   2.1981490199e+03   1.3197175154e+02   1.2170673072e+03
   9497.0000000000   2.1985048380e+03   1.3205975946e+02   1.2172540927e+03
   9498.0000000000   2.1988537813e+03   1.3214656206e+02   1.2174405934e+03
   9499.0000000000   2.1992009646e+03   1.3223262177e+02   1.2176268249e+03
   9500.0000000000   2.1995469199e+03   1.3231812397e+02   1.2178128006e+03
   9501.0000000000   2.1999021960e+03   1.3240316801e+02   1.2179985317e+03
   9502.0000000000   2.2002608806e+03   1.3248781594e+02   1.2181840281e+03
   9503.0000000000   2.2006117488e+03   1.3257211050e+02   1.2183789750e+03
   9504.0000000000   2.2009603957e+03   1.3265608311e+02   1.2185777117e+03
   9505.0000000000   2.2013075372e+03   1.3274943462e+02   1.2187696360e+03
   9506.0000000000   2.2016534953e+03   1.3284651610e+02   1.2189599399e+03
   9507.0000000000   2.2020087751e+03   1.3293673445e+02   1.2191492531e+03
   9508.0000000000   2.2023571353e+03   1.3302528884e+02   1.2193378444e+03
   9509.0000000000   2.2027140328e+03   1.3311281495e+02   1.2195258612e+03
   9510.0000000000   2.2030636499e+03   1.3319958651e+02   1.2197133955e+03
   9511.0000000000   2.2034215941e+03   1.3329543143e+02   1.2199005102e+03
   9512.0000000000   2.2037721193e+03   1.3338510038e+02   1.2200872506e+03
   9513.0000000000   2.2041308728e+03   1.3347339494e+02   1.2202736511e+03
   9514.0000000000   2.2044821329e+03   1.3356081295e+02   1.2204597384e+03
   9515.0000000000   2.2048312441e+03   1.3364756524e+02   1.2206552108e+03
   9516.0000000000   2.2051891789e+03   1.3373377006e+02   1.2208447411e+03
   9517.0000000000   2.2055398760e+03   1.3381950393e+02   1.2210427567e+03
   9518.0000000000   2.2058885654e+03   1.3390482082e+02   1.2212440516e+03
   9519.0000000000   2.2062358483e+03   1.3399943768e+02   1.2214382019e+03
   9520.0000000000   2.2065819988e+03   1.3408804109e+02   1.2216304924e+03
   9521.0000000000   2.2069374990e+03   1.3417539222e+02   1.2218216086e+03
   9522.0000000000   2.2072964146e+03   1.3426196188e+02   1.2220118563e+03
   9523.0000000000   2.2076475132e+03   1.3435761846e+02   1.2222014086e+03
   9524.0000000000   2.2079963872e+03   1.3444712147e+02   1.2223903771e+03
   9525.0000000000   2.2083437524e+03   1.3453527285e+02   1.2225885154e+03
   9526.0000000000   2.2087002503e+03   1.3462256851e+02   1.2227805357e+03
   9527.0000000000   2.2090497036e+03   1.3470921684e+02   1.2229712172e+03
   9528.0000000000   2.2093972861e+03   1.3479533376e+02   1.2231610441e+03
   9529.0000000000   2.2097435657e+03   1.3489067025e+02   1.2233502187e+03
   9530.0000000000   2.2100887954e+03   1.3497993359e+02   1.2235388533e+03
   9531.0000000000   2.2104434426e+03   1.3507757503e+02   1.2237270205e+03
   9532.0000000000   2.2107912430e+03   1.3516872974e+02   1.2239147713e+03
   9533.0000000000   2.2111373198e+03   1.3525833207e+02   1.2241118207e+03
   9534.0000000000   2.2114822089e+03   1.3534694127e+02   1.2243028538e+03
   9535.0000000000   2.2118261413e+03   1.3543480152e+02   1.2244926305e+03
   9536.0000000000   2.2121692494e+03   1.3552205119e+02   1.2246912974e+03
   9537.0000000000   2.2125116212e+03   1.3560877990e+02   1.2248837006e+03
   9538.0000000000   2.2128636396e+03   1.3570472723e+02   1.2250843565e+03
   9539.0000000000   2.2132089899e+03   1.3581394828e+02   1.2252784357e+03
   9540.0000000000   2.2135527616e+03   1.3591052543e+02   1.2254708939e+03
   9541.0000000000   2.2139057861e+03   1.3601408585e+02   1.2256816573e+03
   9542.0000000000   2.2142519127e+03   1.3611038250e+02   1.2258802896e+03
   9543.0000000000   2.2146066299e+03   1.3620460912e+02   1.2260860841e+03
   9544.0000000000   2.2149644498e+03   1.3629746444e+02   1.2262943667e+03
   9545.0000000000   2.2153142997e+03   1.3638927823e+02   1.2264949435e+03
   9546.0000000000   2.2156618470e+03   1.3648024596e+02   1.2266932288e+03
   9547.0000000000   2.2160078470e+03   1.3657049763e+02   1.2268899915e+03
   9548.0000000000   2.2163526454e+03   1.3666012613e+02   1.2270855954e+03
   9549.0000000000   2.2166964426e+03   1.3674920126e+02   1.2272802566e+03
   9550.0000000000   2.2170496899e+03   1.3683777739e+02   1.2274741190e+03
   9551.0000000000   2.2173961173e+03   1.3693557464e+02   1.2276672858e+03
   9552.0000000000   2.2177614838e+03   1.3702728383e+02   1.2278598346e+03
   9553.0000000000   2.2181135968e+03   1.3711767062e+02   1.2280518261e+03
   9554.0000000000   2.2184627870e+03   1.3720721020e+02   1.2282433090e+03
   9555.0000000000   2.2188101458e+03   1.3729609858e+02   1.2284343233e+03
   9556.0000000000   2.2191561326e+03   1.3738444406e+02   1.2286249025e+03
   9557.0000000000   2.2195010013e+03   1.3747231635e+02   1.2288150749e+03
   9558.0000000000   2.2198449137e+03   1.3755976474e+02   1.2290048650e+03
   9559.0000000000   2.2201983015e+03   1.3764682639e+02   1.2291942941e+03
   9560.0000000000   2.2205448842e+03   1.3773353057e+02   1.2293930571e+03
   9561.0000000000   2.2208897761e+03   1.3781990113e+02   1.2296051789e+03
   9562.0000000000   2.2212438275e+03   1.3790595799e+02   1.2298143965e+03
   9563.0000000000   2.2215909023e+03   1.3799171815e+02   1.2300152997e+03
   9564.0000000000   2.2219361813e+03   1.3808687283e+02   1.2302137101e+03
   9565.0000000000   2.2222802306e+03   1.3817609001e+02   1.2304105262e+03
   9566.0000000000   2.2226232988e+03   1.3826411692e+02   1.2306061638e+03
   9567.0000000000   2.2229655294e+03   1.3835141362e+02   1.2308008622e+03
   9568.0000000000   2.2233070176e+03   1.3843816358e+02   1.2309947759e+03
   9569.0000000000   2.2236478322e+03   1.3852446453e+02   1.2311976891e+03
   9570.0000000000   2.2239880256e+03   1.3861037718e+02   1.2313943363e+03
   9571.0000000000   2.2243379587e+03   1.3870561969e+02   1.2315895140e+03
   9572.0000000000   2.2246916210e+03   1.3880455415e+02   1.2317837200e+03
   9573.0000000000   2.2250480467e+03   1.3890627144e+02   1.2319771675e+03
   9574.0000000000   2.2253964265e+03   1.3900063103e+02   1.2321699780e+03
   9575.0000000000   2.2257424976e+03   1.3909300825e+02   1.2323622317e+03
   9576.0000000000   2.2260870395e+03   1.3918412954e+02   1.2325539864e+03
   9577.0000000000   2.2264304066e+03   1.3927432275e+02   1.2327549626e+03
   9578.0000000000   2.2267728026e+03   1.3937345117e+02   1.2329498502e+03
   9579.0000000000   2.2271143602e+03   1.3946629015e+02   1.2331434139e+03
   9580.0000000000   2.2274551728e+03   1.3955765923e+02   1.2333361273e+03
   9581.0000000000   2.2277953099e+03   1.3964806987e+02   1.2335281853e+03
   9582.0000000000   2.2281451446e+03   1.3973774350e+02   1.2337196947e+03
   9583.0000000000   2.2284883563e+03   1.3982680681e+02   1.2339107243e+03
   9584.0000000000   2.2288300308e+03   1.3991534315e+02   1.2341013222e+03
   9585.0000000000   2.2291706776e+03   1.4000341218e+02   1.2342915249e+03
   9586.0000000000   2.2295208270e+03   1.4009105902e+02   1.2344910373e+03
   9587.0000000000   2.2298642324e+03   1.4018799575e+02   1.2346845376e+03
   9588.0000000000   2.2302060199e+03   1.4027890625e+02   1.2348767810e+03
   9589.0000000000   2.2305570422e+03   1.4036855023e+02   1.2350682339e+03
   9590.0000000000   2.2309011621e+03   1.4045739775e+02   1.2352687611e+03
   9591.0000000000   2.2312538766e+03   1.4054564039e+02   1.2354631198e+03
   9592.0000000000   2.2316303419e+03   1.4064305914e+02   1.2356561098e+03
   9593.0000000000   2.2319867614e+03   1.4073437539e+02   1.2358482254e+03
   9594.0000000000   2.2323389058e+03   1.4082437127e+02   1.2360396740e+03
   9595.0000000000   2.2326884918e+03   1.4091353112e+02   1.2362305706e+03
   9596.0000000000   2.2330362377e+03   1.4100205615e+02   1.2364209887e+03
   9597.0000000000   2.2333825357e+03   1.4109005745e+02   1.2366109802e+03
   9598.0000000000   2.2337276316e+03   1.4117760617e+02   1.2368005835e+03
   9599.0000000000   2.2340716933e+03   1.4127442872e+02   1.2369898286e+03
   9600.0000000000   2.2344251620e+03   1.4136521736e+02   1.2371787395e+03
   9601.0000000000   2.2347717663e+03   1.4145473687e+02   1.2373673362e+03
   9602.0000000000   2.2351372672e+03   1.4154346048e+02   1.2375556355e+03
   9603.0000000000   2.2354894753e+03   1.4163158174e+02   1.2377533282e+03
   9604.0000000000   2.2358490441e+03   1.4171920634e+02   1.2379450819e+03
   9605.0000000000   2.2362007048e+03   1.4180640135e+02   1.2381356434e+03
   9606.0000000000   2.2365499703e+03   1.4190289009e+02   1.2383254724e+03
   9607.0000000000   2.2368975775e+03   1.4199336239e+02   1.2385147518e+03
   9608.0000000000   2.2372438766e+03   1.4209225763e+02   1.2387035789e+03
   9609.0000000000   2.2375890783e+03   1.4218470247e+02   1.2388920139e+03
   9610.0000000000   2.2379333247e+03   1.4227562495e+02   1.2390800982e+03
   9611.0000000000   2.2382767187e+03   1.4236557946e+02   1.2392678616e+03
   9612.0000000000   2.2386193393e+03   1.4245480637e+02   1.2394553274e+03
   9613.0000000000   2.2389715678e+03   1.4254344099e+02   1.2396425138e+03
   9614.0000000000   2.2393170910e+03   1.4264124698e+02   1.2398391126e+03
   9615.0000000000   2.2396713203e+03   1.4273294040e+02   1.2400297914e+03
   9616.0000000000   2.2400184075e+03   1.4282330228e+02   1.2402192968e+03
   9617.0000000000   2.2403636191e+03   1.4291281743e+02   1.2404177647e+03
   9618.0000000000   2.2407075570e+03   1.4302104115e+02   1.2406100327e+03
   9619.0000000000   2.2410504869e+03   1.4311739582e+02   1.2408009333e+03
   9620.0000000000   2.2413925620e+03   1.4321142529e+02   1.2410103292e+03
   9621.0000000000   2.2417338830e+03   1.4330408013e+02   1.2412077452e+03
   9622.0000000000   2.2420745224e+03   1.4339574691e+02   1.2414027720e+03
   9623.0000000000   2.2424248539e+03   1.4349631066e+02   1.2415963848e+03
   9624.0000000000   2.2427685574e+03   1.4359055668e+02   1.2417889845e+03
   9625.0000000000   2.2431107184e+03   1.4368330984e+02   1.2419807883e+03
   9626.0000000000   2.2434724846e+03   1.4377508485e+02   1.2421719323e+03
   9627.0000000000   2.2438316583e+03   1.4386610537e+02   1.2423625090e+03
   9628.0000000000   2.2441820935e+03   1.4395649974e+02   1.2425525857e+03
   9629.0000000000   2.2445298757e+03   1.4404635260e+02   1.2427422135e+03
   9630.0000000000   2.2448759101e+03   1.4413572469e+02   1.2429314322e+03
   9631.0000000000   2.2452206141e+03   1.4422466206e+02   1.2431202742e+03
   9632.0000000000   2.2455745476e+03   1.4431320105e+02   1.2433087660e+03
   9633.0000000000   2.2459421419e+03   1.4440137118e+02   1.2434969296e+03
   9634.0000000000   2.2463061491e+03   1.4448919700e+02   1.2436847841e+03
   9635.0000000000   2.2466711868e+03   1.4457669932e+02   1.2438820222e+03
   9636.0000000000   2.2470271501e+03   1.4467357254e+02   1.2440829897e+03
   9637.0000000000   2.2473800868e+03   1.4476448731e+02   1.2442867664e+03
   9638.0000000000   2.2477309512e+03   1.4485419309e+02   1.2444928808e+03
   9639.0000000000   2.2480802091e+03   1.4495282843e+02   1.2447010341e+03
   9640.0000000000   2.2484281413e+03   1.4504523351e+02   1.2449013395e+03
   9641.0000000000   2.2487749367e+03   1.4513624330e+02   1.2450993075e+03
   9642.0000000000   2.2491207313e+03   1.4522636959e+02   1.2452957465e+03
   9643.0000000000   2.2494759471e+03   1.4532550585e+02   1.2454910385e+03
   9644.0000000000   2.2498346199e+03   1.4541842796e+02   1.2456854082e+03
   9645.0000000000   2.2501958205e+03   1.4550994909e+02   1.2458790037e+03
   9646.0000000000   2.2505487684e+03   1.4560057320e+02   1.2460816063e+03
   9647.0000000000   2.2508992245e+03   1.4570019117e+02   1.2462779492e+03
   9648.0000000000   2.2512479880e+03   1.4581293162e+02   1.2464728283e+03
   9649.0000000000   2.2515954296e+03   1.4591291844e+02   1.2466667416e+03
   9650.0000000000   2.2519417671e+03   1.4601012812e+02   1.2468599022e+03
   9651.0000000000   2.2522871450e+03   1.4611535231e+02   1.2470621085e+03
   9652.0000000000   2.2526316671e+03   1.4621371606e+02   1.2472580959e+03
   9653.0000000000   2.2529857312e+03   1.4631021289e+02   1.2474526581e+03
   9654.0000000000   2.2533330351e+03   1.4640545475e+02   1.2476462892e+03
   9655.0000000000   2.2536786795e+03   1.4649972711e+02   1.2478391984e+03
   9656.0000000000   2.2540231857e+03   1.4659320027e+02   1.2480315040e+03
   9657.0000000000   2.2543667751e+03   1.4668598888e+02   1.2482232831e+03
   9658.0000000000   2.2547095731e+03   1.4677817593e+02   1.2484145906e+03
   9659.0000000000   2.2550619820e+03   1.4686982453e+02   1.2486054684e+03
   9660.0000000000   2.2554283363e+03   1.4696098440e+02   1.2487959494e+03
   9661.0000000000   2.2557810049e+03   1.4705169579e+02   1.2489860606e+03
   9662.0000000000   2.2561306051e+03   1.4715166857e+02   1.2491758243e+03
   9663.0000000000   2.2564989513e+03   1.4724558583e+02   1.2493652598e+03
   9664.0000000000   2.2568538087e+03   1.4733820735e+02   1.2495543835e+03
   9665.0000000000   2.2572158667e+03   1.4743000369e+02   1.2497432099e+03
   9666.0000000000   2.2575698909e+03   1.4752116721e+02   1.2499317517e+03
   9667.0000000000   2.2579214199e+03   1.4761180325e+02   1.2501200205e+03
   9668.0000000000   2.2582712098e+03   1.4770197910e+02   1.2503080263e+03
   9669.0000000000   2.2586196251e+03   1.4779174207e+02   1.2505054551e+03
   9670.0000000000   2.2589668869e+03   1.4788112767e+02   1.2507066470e+03
   9671.0000000000   2.2593131453e+03   1.4797984031e+02   1.2509106769e+03
   9672.0000000000   2.2596585100e+03   1.4808223429e+02   1.2511073929e+03
   9673.0000000000   2.2600133837e+03   1.4817771938e+02   1.2513021613e+03
   9674.0000000000   2.2603614688e+03   1.4827149737e+02   1.2514957016e+03
   9675.0000000000   2.2607078696e+03   1.4836420629e+02   1.2516883363e+03
   9676.0000000000   2.2610531107e+03   1.4845612201e+02   1.2518802475e+03
   9677.0000000000   2.2613974159e+03   1.4854739785e+02   1.2520715520e+03
   9678.0000000000   2.2617409130e+03   1.4863813121e+02   1.2522623305e+03
   9679.0000000000   2.2620836870e+03   1.4872838950e+02   1.2524623187e+03
   9680.0000000000   2.2624257997e+03   1.4882789877e+02   1.2526562165e+03
   9681.0000000000   2.2627672987e+03   1.4892135210e+02   1.2528487954e+03
   9682.0000000000   2.2631082224e+03   1.4901351544e+02   1.2530405338e+03
   9683.0000000000   2.2634486026e+03   1.4910486328e+02   1.2532316298e+03
   9684.0000000000   2.2637987854e+03   1.4920526691e+02   1.2534221926e+03
   9685.0000000000   2.2641424303e+03   1.4929948817e+02   1.2536122922e+03
   9686.0000000000   2.2644846080e+03   1.4939233096e+02   1.2538019780e+03
   9687.0000000000   2.2648258162e+03   1.4948429277e+02   1.2540203164e+03
   9688.0000000000   2.2651765762e+03   1.4958525997e+02   1.2542213016e+03
   9689.0000000000   2.2655206339e+03   1.4968000475e+02   1.2544191640e+03
   9690.0000000000   2.2658631095e+03   1.4977333839e+02   1.2546152727e+03
   9691.0000000000   2.2662148509e+03   1.4986576392e+02   1.2548101667e+03
   9692.0000000000   2.2665597167e+03   1.4996717188e+02   1.2550041280e+03
   9693.0000000000   2.2669028816e+03   1.5006233773e+02   1.2551973282e+03
   9694.0000000000   2.2672552246e+03   1.5015607535e+02   1.2553898818e+03
   9695.0000000000   2.2676109433e+03   1.5024888988e+02   1.2555818704e+03
   9696.0000000000   2.2679588622e+03   1.5034099704e+02   1.2557830317e+03
   9697.0000000000   2.2683149204e+03   1.5043251864e+02   1.2559780680e+03
   9698.0000000000   2.2686634836e+03   1.5052353399e+02   1.2561717531e+03
   9699.0000000000   2.2690099315e+03   1.5061409940e+02   1.2563645678e+03
   9700.0000000000   2.2693652528e+03   1.5070425720e+02   1.2565567119e+03
   9701.0000000000   2.2697133937e+03   1.5080371717e+02   1.2567482967e+03
   9702.0000000000   2.2700595879e+03   1.5089716126e+02   1.2569393941e+03
   9703.0000000000   2.2704044376e+03   1.5098934753e+02   1.2571397314e+03
   9704.0000000000   2.2707585363e+03   1.5108074468e+02   1.2573340021e+03
   9705.0000000000   2.2711056821e+03   1.5117154313e+02   1.2575269720e+03
   9706.0000000000   2.2714510349e+03   1.5127152284e+02   1.2577191155e+03
   9707.0000000000   2.2717951540e+03   1.5136540437e+02   1.2579106273e+03
   9708.0000000000   2.2721486054e+03   1.5145796909e+02   1.2581016140e+03
   9709.0000000000   2.2724951690e+03   1.5154970072e+02   1.2582921436e+03
   9710.0000000000   2.2728399914e+03   1.5164079989e+02   1.2584822638e+03
   9711.0000000000   2.2731836226e+03   1.5173137722e+02   1.2586720103e+03
   9712.0000000000   2.2735263022e+03   1.5183117997e+02   1.2588614107e+03
   9713.0000000000   2.2738681685e+03   1.5192491270e+02   1.2590504876e+03
   9714.0000000000   2.2742196326e+03   1.5201734807e+02   1.2592392595e+03
   9715.0000000000   2.2745643974e+03   1.5210896463e+02   1.2594277423e+03
   9716.0000000000   2.2749178832e+03   1.5219995973e+02   1.2596256261e+03
   9717.0000000000   2.2752642467e+03   1.5230979492e+02   1.2598175778e+03
   9718.0000000000   2.2756190765e+03   1.5240784952e+02   1.2600083437e+03
   9719.0000000000   2.2759769310e+03   1.5250364355e+02   1.2601983831e+03
   9720.0000000000   2.2763267631e+03   1.5259811274e+02   1.2603878785e+03
   9721.0000000000   2.2766742560e+03   1.5269163367e+02   1.2605769270e+03
   9722.0000000000   2.2770201758e+03   1.5279408421e+02   1.2607655886e+03
   9723.0000000000   2.2773648755e+03   1.5289024432e+02   1.2609539042e+03
   9724.0000000000   2.2777188806e+03   1.5299461129e+02   1.2611515803e+03
   9725.0000000000   2.2780762824e+03   1.5309235165e+02   1.2613529714e+03
   9726.0000000000   2.2784361840e+03   1.5318842220e+02   1.2615474866e+03
   9727.0000000000   2.2787878246e+03   1.5328339897e+02   1.2617403265e+03
   9728.0000000000   2.2791472964e+03   1.5337753904e+02   1.2619321277e+03
   9729.0000000000   2.2794990428e+03   1.5347099097e+02   1.2621231646e+03
   9730.0000000000   2.2798484899e+03   1.5356385259e+02   1.2623232654e+03
   9731.0000000000   2.2802169765e+03   1.5365619370e+02   1.2625268577e+03
   9732.0000000000   2.2805721074e+03   1.5374806688e+02   1.2627233982e+03
   9733.0000000000   2.2809345024e+03   1.5383951332e+02   1.2629277972e+03
   9734.0000000000   2.2812992122e+03   1.5393056627e+02   1.2631253705e+03
   9735.0000000000   2.2816553937e+03   1.5402125320e+02   1.2633211463e+03
   9736.0000000000   2.2820088435e+03   1.5411159724e+02   1.2635254169e+03
   9737.0000000000   2.2823707196e+03   1.5421129471e+02   1.2637231186e+03
   9738.0000000000   2.2827250620e+03   1.5431469435e+02   1.2639288280e+03
   9739.0000000000   2.2830771652e+03   1.5443055512e+02   1.2641277587e+03
   9740.0000000000   2.2834276744e+03   1.5453338606e+02   1.2643248979e+03
   9741.0000000000   2.2837768958e+03   1.5463329470e+02   1.2645208431e+03
   9742.0000000000   2.2841250169e+03   1.5473145494e+02   1.2647158668e+03
   9743.0000000000   2.2844824865e+03   1.5482836733e+02   1.2649101293e+03
   9744.0000000000   2.2848433560e+03   1.5493398352e+02   1.2651134142e+03
   9745.0000000000   2.2851963870e+03   1.5503313134e+02   1.2653104536e+03
   9746.0000000000   2.2855471698e+03   1.5513066460e+02   1.2655060417e+03
   9747.0000000000   2.2858964201e+03   1.5522711864e+02   1.2657006745e+03
   9748.0000000000   2.2862444611e+03   1.5533240891e+02   1.2658945634e+03
   9749.0000000000   2.2865914808e+03   1.5543133049e+02   1.2660878288e+03
   9750.0000000000   2.2869376042e+03   1.5552871293e+02   1.2662805497e+03
   9751.0000000000   2.2872932402e+03   1.5562507408e+02   1.2664727829e+03
   9752.0000000000   2.2876420936e+03   1.5572064019e+02   1.2666742484e+03
   9753.0000000000   2.2879892693e+03   1.5581554183e+02   1.2668696355e+03
   9754.0000000000   2.2883352915e+03   1.5590986574e+02   1.2670637082e+03
   9755.0000000000   2.2886907025e+03   1.5600367454e+02   1.2672569399e+03
   9756.0000000000   2.2890495846e+03   1.5609701603e+02   1.2674495249e+03
   9757.0000000000   2.2894007084e+03   1.5619960471e+02   1.2676415698e+03
   9758.0000000000   2.2897599842e+03   1.5629612666e+02   1.2678331429e+03
   9759.0000000000   2.2901117606e+03   1.5639134362e+02   1.2680242924e+03
   9760.0000000000   2.2904614068e+03   1.5648572751e+02   1.2682247307e+03
   9761.0000000000   2.2908095858e+03   1.5658914815e+02   1.2684191412e+03
   9762.0000000000   2.2911566035e+03   1.5668636663e+02   1.2686122826e+03
   9763.0000000000   2.2915026407e+03   1.5678218654e+02   1.2688046240e+03
   9764.0000000000   2.2918478185e+03   1.5687710540e+02   1.2689963558e+03
   9765.0000000000   2.2922025433e+03   1.5697133322e+02   1.2691875815e+03
   9766.0000000000   2.2925505181e+03   1.5706498748e+02   1.2693783664e+03
   9767.0000000000   2.2928968458e+03   1.5715814411e+02   1.2695784327e+03
   9768.0000000000   2.2932420491e+03   1.5725085675e+02   1.2697724693e+03
   9769.0000000000   2.2935863496e+03   1.5734316569e+02   1.2699845912e+03
   9770.0000000000   2.2939298732e+03   1.5743510245e+02   1.2701845798e+03
   9771.0000000000   2.2942727027e+03   1.5752669260e+02   1.2703917749e+03
   9772.0000000000   2.2946148979e+03   1.5763731043e+02   1.2705918355e+03
   9773.0000000000   2.2949565047e+03   1.5773628403e+02   1.2707899118e+03
   9774.0000000000   2.2953078789e+03   1.5783310048e+02   1.2709866782e+03
   9775.0000000000   2.2956733250e+03   1.5792867296e+02   1.2711824490e+03
   9776.0000000000   2.2960251912e+03   1.5802336188e+02   1.2713774089e+03
   9777.0000000000   2.2963740798e+03   1.5812703313e+02   1.2715716804e+03
   9778.0000000000   2.2967211554e+03   1.5822445749e+02   1.2717750270e+03
   9779.0000000000   2.2970669018e+03   1.5832044856e+02   1.2719721690e+03
   9780.0000000000   2.2974115816e+03   1.5841551212e+02   1.2721678927e+03
   9781.0000000000   2.2977553586e+03   1.5851954112e+02   1.2723723652e+03
   9782.0000000000   2.2981086638e+03   1.5861731305e+02   1.2725704489e+03
   9783.0000000000   2.2984552145e+03   1.5872331998e+02   1.2727863498e+03
   9784.0000000000   2.2988104420e+03   1.5882272341e+02   1.2729899045e+03
   9785.0000000000   2.2991688300e+03   1.5892047593e+02   1.2731908136e+03
   9786.0000000000   2.2995296093e+03   1.5901715009e+02   1.2733901078e+03
   9787.0000000000   2.2998820742e+03   1.5912267672e+02   1.2735882215e+03
   9788.0000000000   2.3002320248e+03   1.5922185716e+02   1.2737853948e+03
   9789.0000000000   2.3005802826e+03   1.5931952317e+02   1.2739817806e+03
   9790.0000000000   2.3009272317e+03   1.5941619284e+02   1.2741871609e+03
   9791.0000000000   2.3012730976e+03   1.5951209170e+02   1.2743862688e+03
   9792.0000000000   2.3016283489e+03   1.5960734925e+02   1.2745838996e+03
   9793.0000000000   2.3019767283e+03   1.5970205089e+02   1.2747805507e+03
   9794.0000000000   2.3023233660e+03   1.5979625792e+02   1.2749764347e+03
   9795.0000000000   2.3026791237e+03   1.5989969337e+02   1.2751910261e+03
   9796.0000000000   2.3030485117e+03   1.5999704902e+02   1.2753937153e+03
   9797.0000000000   2.3034039895e+03   1.6010276705e+02   1.2756133846e+03
   9798.0000000000   2.3037562287e+03   1.6020197722e+02   1.2758202881e+03
   9799.0000000000   2.3041064412e+03   1.6029961063e+02   1.2760242810e+03
   9800.0000000000   2.3044551454e+03   1.6039622462e+02   1.2762264705e+03
   9801.0000000000   2.3048026295e+03   1.6049206230e+02   1.2764273356e+03
   9802.0000000000   2.3051490778e+03   1.6058726154e+02   1.2766271446e+03
   9803.0000000000   2.3054946181e+03   1.6068191180e+02   1.2768357464e+03
   9804.0000000000   2.3058599833e+03   1.6078575280e+02   1.2770379159e+03
   9805.0000000000   2.3062228375e+03   1.6088348682e+02   1.2772384773e+03
   9806.0000000000   2.3065769753e+03   1.6098956303e+02   1.2774379483e+03
   9807.0000000000   2.3069284539e+03   1.6108911597e+02   1.2776365572e+03
   9808.0000000000   2.3072781641e+03   1.6118708016e+02   1.2778344373e+03
   9809.0000000000   2.3076265159e+03   1.6128401541e+02   1.2780316780e+03
   9810.0000000000   2.3079840658e+03   1.6138016667e+02   1.2782283449e+03
   9811.0000000000   2.3083655627e+03   1.6147567321e+02   1.2784244883e+03
   9812.0000000000   2.3087270756e+03   1.6157062557e+02   1.2786201487e+03
   9813.0000000000   2.3090843177e+03   1.6166508774e+02   1.2788153594e+03
   9814.0000000000   2.3094389783e+03   1.6176878416e+02   1.2790198249e+03
   9815.0000000000   2.3097917620e+03   1.6186640723e+02   1.2792375774e+03
   9816.0000000000   2.3101636923e+03   1.6197239937e+02   1.2794426836e+03
   9817.0000000000   2.3105222841e+03   1.6207189031e+02   1.2796450833e+03
   9818.0000000000   2.3108778050e+03   1.6216981096e+02   1.2798458666e+03
   9819.0000000000   2.3112313366e+03   1.6226671842e+02   1.2800454858e+03
   9820.0000000000   2.3115936629e+03   1.6236285551e+02   1.2802441857e+03
   9821.0000000000   2.3119486845e+03   1.6245835979e+02   1.2804421191e+03
   9822.0000000000   2.3123016249e+03   1.6255332042e+02   1.2806393897e+03
   9823.0000000000   2.3126530873e+03   1.6264780025e+02   1.2808360731e+03
   9824.0000000000   2.3130033507e+03   1.6274184622e+02   1.2810419029e+03
   9825.0000000000   2.3133525838e+03   1.6283549486e+02   1.2812415794e+03
   9826.0000000000   2.3137112214e+03   1.6293845211e+02   1.2814398746e+03
   9827.0000000000   2.3140629860e+03   1.6303539724e+02   1.2816372687e+03
   9828.0000000000   2.3144129950e+03   1.6313108642e+02   1.2818339612e+03
   9829.0000000000   2.3147617823e+03   1.6322598692e+02   1.2820397398e+03
   9830.0000000000   2.3151095790e+03   1.6332028808e+02   1.2822490080e+03
   9831.0000000000   2.3154565185e+03   1.6341409252e+02   1.2824512078e+03
   9832.0000000000   2.3158026902e+03   1.6350746505e+02   1.2826515636e+03
   9833.0000000000   2.3161584788e+03   1.6360045077e+02   1.2828604065e+03
   9834.0000000000   2.3165075711e+03   1.6370275967e+02   1.2830626801e+03
   9835.0000000000   2.3168550586e+03   1.6380874942e+02   1.2832632836e+03
   9836.0000000000   2.3172220933e+03   1.6391750845e+02   1.2834821255e+03
   9837.0000000000   2.3175761625e+03   1.6401889488e+02   1.2836887643e+03
   9838.0000000000   2.3179274871e+03   1.6411828334e+02   1.2838928160e+03
   9839.0000000000   2.3182771052e+03   1.6423575307e+02   1.2840952761e+03
   9840.0000000000   2.3186254450e+03   1.6435061854e+02   1.2842965622e+03
   9841.0000000000   2.3189933785e+03   1.6445719328e+02   1.2844969051e+03
   9842.0000000000   2.3193483257e+03   1.6456123325e+02   1.2846964522e+03
   9843.0000000000   2.3197004894e+03   1.6466362078e+02   1.2848953061e+03
   9844.0000000000   2.3200509044e+03   1.6476477073e+02   1.2850935425e+03
   9845.0000000000   2.3204000005e+03   1.6486492616e+02   1.2852912200e+03
   9846.0000000000   2.3207583338e+03   1.6496424695e+02   1.2854883852e+03
   9847.0000000000   2.3211303299e+03   1.6506284633e+02   1.2856947526e+03
   9848.0000000000   2.3214884171e+03   1.6516080867e+02   1.2858950091e+03
   9849.0000000000   2.3218432540e+03   1.6525819930e+02   1.2860939175e+03
   9850.0000000000   2.3221960469e+03   1.6535507027e+02   1.2862919507e+03
   9851.0000000000   2.3225473115e+03   1.6545146404e+02   1.2864893033e+03
   9852.0000000000   2.3228973352e+03   1.6555709248e+02   1.2866957588e+03
   9853.0000000000   2.3232463019e+03   1.6565664050e+02   1.2868960413e+03
   9854.0000000000   2.3235943399e+03   1.6575486944e+02   1.2871046116e+03
   9855.0000000000   2.3239415441e+03   1.6585225128e+02   1.2873162880e+03
   9856.0000000000   2.3243086261e+03   1.6594897962e+02   1.2875303411e+03
   9857.0000000000   2.3246732356e+03   1.6604516091e+02   1.2877367247e+03
   9858.0000000000   2.3250291574e+03   1.6615054000e+02   1.2879408716e+03
   9859.0000000000   2.3253927603e+03   1.6624982014e+02   1.2881435467e+03
   9860.0000000000   2.3257485659e+03   1.6634777344e+02   1.2883451056e+03
   9861.0000000000   2.3261123494e+03   1.6645455488e+02   1.2885457558e+03
   9862.0000000000   2.3264787798e+03   1.6655501712e+02   1.2887553102e+03
   9863.0000000000   2.3268368826e+03   1.6665400483e+02   1.2889585207e+03
   9864.0000000000   2.3271923911e+03   1.6675203762e+02   1.2891601953e+03
   9865.0000000000   2.3275461086e+03   1.6684933879e+02   1.2893608401e+03
   9866.0000000000   2.3279190544e+03   1.6695571097e+02   1.2895606742e+03
   9867.0000000000   2.3282787290e+03   1.6705589111e+02   1.2897598238e+03
   9868.0000000000   2.3286353870e+03   1.6715467294e+02   1.2899583728e+03
   9869.0000000000   2.3289900996e+03   1.6725254975e+02   1.2901660583e+03
   9870.0000000000   2.3293536430e+03   1.6735940631e+02   1.2903772586e+03
   9871.0000000000   2.3297099113e+03   1.6746001449e+02   1.2905814017e+03
   9872.0000000000   2.3300641232e+03   1.6756886245e+02   1.2907933800e+03
   9873.0000000000   2.3304168778e+03   1.6767110887e+02   1.2909984985e+03
   9874.0000000000   2.3307684510e+03   1.6777170432e+02   1.2912017782e+03
   9875.0000000000   2.3311190086e+03   1.6787121982e+02   1.2914038306e+03
   9876.0000000000   2.3314789836e+03   1.6796990854e+02   1.2916049340e+03
   9877.0000000000   2.3318424154e+03   1.6806791592e+02   1.2918052513e+03
   9878.0000000000   2.3321980560e+03   1.6816533728e+02   1.2920048901e+03
   9879.0000000000   2.3325514886e+03   1.6826224040e+02   1.2922039278e+03
   9880.0000000000   2.3329137415e+03   1.6835867621e+02   1.2924024223e+03
   9881.0000000000   2.3332687693e+03   1.6845468458e+02   1.2926004196e+03
   9882.0000000000   2.3336218062e+03   1.6855029766e+02   1.2927979566e+03
   9883.0000000000   2.3339734531e+03   1.6864554200e+02   1.2929950638e+03
   9884.0000000000   2.3343343021e+03   1.6874043999e+02   1.2932014436e+03
   9885.0000000000   2.3346984699e+03   1.6883501078e+02   1.2934017732e+03
   9886.0000000000   2.3350547517e+03   1.6892927100e+02   1.2936008076e+03
   9887.0000000000   2.3354190762e+03   1.6902323520e+02   1.2937990135e+03
   9888.0000000000   2.3357861256e+03   1.6911691632e+02   1.2939965801e+03
   9889.0000000000   2.3361449165e+03   1.6921032587e+02   1.2941936100e+03
   9890.0000000000   2.3365011712e+03   1.6931315078e+02   1.2943901684e+03
   9891.0000000000   2.3368660018e+03   1.6941005551e+02   1.2945863008e+03
   9892.0000000000   2.3372234173e+03   1.6950578442e+02   1.2947820411e+03
   9893.0000000000   2.3375786895e+03   1.6960079519e+02   1.2949774159e+03
   9894.0000000000   2.3379324467e+03   1.6969526928e+02   1.2951917999e+03
   9895.0000000000   2.3382849820e+03   1.6978930270e+02   1.2953945211e+03
   9896.0000000000   2.3386364725e+03   1.6988295471e+02   1.2955950664e+03
   9897.0000000000   2.3389973584e+03   1.6997626565e+02   1.2958040255e+03
   9898.0000000000   2.3393513653e+03   1.7006926489e+02   1.2960064134e+03
   9899.0000000000   2.3397036126e+03   1.7016197495e+02   1.2962071552e+03
   9900.0000000000   2.3400649549e+03   1.7025441374e+02   1.2964164927e+03
   9901.0000000000   2.3404192599e+03   1.7034659594e+02   1.2966193328e+03
   9902.0000000000   2.3407820310e+03   1.7043853389e+02   1.2968205564e+03
   9903.0000000000   2.3411374737e+03   1.7053023814e+02   1.2970303850e+03
   9904.0000000000   2.3414908898e+03   1.7062171789e+02   1.2972337154e+03
   9905.0000000000   2.3418429051e+03   1.7073233432e+02   1.2974354234e+03
   9906.0000000000   2.3421938031e+03   1.7085075788e+02   1.2976457278e+03
   9907.0000000000   2.3425540691e+03   1.7096545334e+02   1.2978495243e+03
   9908.0000000000   2.3429177695e+03   1.7107145296e+02   1.2980516880e+03
   9909.0000000000   2.3432736714e+03   1.7117474610e+02   1.2982527613e+03
   9910.0000000000   2.3436273664e+03   1.7127631476e+02   1.2984529848e+03
   9911.0000000000   2.3439898882e+03   1.7137662268e+02   1.2986524984e+03
   9912.0000000000   2.3443451943e+03   1.7147593882e+02   1.2988513948e+03
   9913.0000000000   2.3446985204e+03   1.7157443745e+02   1.2990497411e+03
   9914.0000000000   2.3450504688e+03   1.7167223990e+02   1.2992572645e+03
   9915.0000000000   2.3454013127e+03   1.7178878818e+02   1.2994683369e+03
   9916.0000000000   2.3457512135e+03   1.7189346011e+02   1.2996723819e+03
   9917.0000000000   2.3461105993e+03   1.7199578045e+02   1.2998939654e+03
   9918.0000000000   2.3464631855e+03   1.7209669163e+02   1.3001030448e+03
   9919.0000000000   2.3468140833e+03   1.7219657722e+02   1.3003093751e+03
   9920.0000000000   2.3471638211e+03   1.7229564522e+02   1.3005140158e+03
   9921.0000000000   2.3475229440e+03   1.7240370314e+02   1.3007174182e+03
   9922.0000000000   2.3478752167e+03   1.7250549650e+02   1.3009198332e+03
   9923.0000000000   2.3482257751e+03   1.7260582758e+02   1.3011310972e+03
   9924.0000000000   2.3485751606e+03   1.7270519734e+02   1.3013456527e+03
   9925.0000000000   2.3489339256e+03   1.7280382067e+02   1.3015529718e+03
   9926.0000000000   2.3492858396e+03   1.7291149667e+02   1.3017679792e+03
   9927.0000000000   2.3496463601e+03   1.7301296115e+02   1.3019760036e+03
   9928.0000000000   2.3499996664e+03   1.7312268448e+02   1.3021820846e+03
   9929.0000000000   2.3503510431e+03   1.7322581575e+02   1.3023868479e+03
   9930.0000000000   2.3507114231e+03   1.7332730004e+02   1.3025905836e+03
   9931.0000000000   2.3510647168e+03   1.7342770517e+02   1.3027934638e+03
   9932.0000000000   2.3514161333e+03   1.7352728241e+02   1.3029956040e+03
   9933.0000000000   2.3517662576e+03   1.7362617607e+02   1.3032067645e+03
   9934.0000000000   2.3521153512e+03   1.7372448085e+02   1.3034213406e+03
   9935.0000000000   2.3524635668e+03   1.7382226425e+02   1.3036287735e+03
   9936.0000000000   2.3528110062e+03   1.7391957707e+02   1.3038439664e+03
   9937.0000000000   2.3531680625e+03   1.7402613576e+02   1.3040522325e+03
   9938.0000000000   2.3535287472e+03   1.7412662761e+02   1.3042586001e+03
   9939.0000000000   2.3538817918e+03   1.7423549171e+02   1.3044636862e+03
   9940.0000000000   2.3542430821e+03   1.7433785551e+02   1.3046677744e+03
   9941.0000000000   2.3545969504e+03   1.7443864843e+02   1.3048710315e+03
   9942.0000000000   2.3549590735e+03   1.7453842648e+02   1.3050735689e+03
   9943.0000000000   2.3553137420e+03   1.7465678486e+02   1.3052851434e+03
   9944.0000000000   2.3556663053e+03   1.7476317078e+02   1.3054904712e+03
   9945.0000000000   2.3560174186e+03   1.7486714466e+02   1.3056943361e+03
   9946.0000000000   2.3563673845e+03   1.7497934539e+02   1.3058972272e+03
   9947.0000000000   2.3567267011e+03   1.7508482332e+02   1.3060993512e+03
   9948.0000000000   2.3570894440e+03   1.7519820599e+02   1.3063008250e+03
   9949.0000000000   2.3574547054e+03   1.7530473385e+02   1.3065017253e+03
   9950.0000000000   2.3578117180e+03   1.7540941035e+02   1.3067021073e+03
   9951.0000000000   2.3581662499e+03   1.7551284314e+02   1.3069020133e+03
   9952.0000000000   2.3585191046e+03   1.7561531201e+02   1.3071014767e+03
   9953.0000000000   2.3588706554e+03   1.7572665903e+02   1.3073005252e+03
   9954.0000000000   2.3592314404e+03   1.7583165022e+02   1.3074991821e+03
   9955.0000000000   2.3595852408e+03   1.7593510158e+02   1.3076974672e+03
   9956.0000000000   2.3599372106e+03   1.7603752400e+02   1.3078953980e+03
   9957.0000000000   2.3602879079e+03   1.7615849297e+02   1.3080929898e+03
   9958.0000000000   2.3606582181e+03   1.7626744713e+02   1.3082902561e+03
   9959.0000000000   2.3610155584e+03   1.7637394361e+02   1.3084872093e+03
   9960.0000000000   2.3613701270e+03   1.7647894412e+02   1.3086838603e+03
   9961.0000000000   2.3617229549e+03   1.7658284471e+02   1.3088802193e+03
   9962.0000000000   2.3620847880e+03   1.7668586198e+02   1.3090762954e+03
   9963.0000000000   2.3624498166e+03   1.7678813324e+02   1.3092817737e+03
   9964.0000000000   2.3628171961e+03   1.7688975377e+02   1.3094813172e+03
   9965.0000000000   2.3631865163e+03   1.7700047047e+02   1.3096796688e+03
   9966.0000000000   2.3635472071e+03   1.7710499271e+02   1.3098772852e+03
   9967.0000000000   2.3639051400e+03   1.7720809965e+02   1.3100743470e+03
   9968.0000000000   2.3642818192e+03   1.7731027665e+02   1.3102709494e+03
   9969.0000000000   2.3646449316e+03   1.7741172767e+02   1.3104671512e+03
   9970.0000000000   2.3650048258e+03   1.7751256736e+02   1.3106726686e+03
   9971.0000000000   2.3653626279e+03   1.7761287062e+02   1.3108721857e+03
   9972.0000000000   2.3657188297e+03   1.7772236763e+02   1.3110801370e+03
   9973.0000000000   2.3660840322e+03   1.7782575429e+02   1.3112816451e+03
   9974.0000000000   2.3664420566e+03   1.7792779884e+02   1.3114816345e+03
   9975.0000000000   2.3667980850e+03   1.7802897773e+02   1.3116806564e+03
   9976.0000000000   2.3671630157e+03   1.7813916411e+02   1.3118789488e+03
   9977.0000000000   2.3675207486e+03   1.7824312155e+02   1.3120766445e+03
   9978.0000000000   2.3678868114e+03   1.7834565556e+02   1.3122738288e+03
   9979.0000000000   2.3682454285e+03   1.7844726524e+02   1.3124802373e+03
   9980.0000000000   2.3686019168e+03   1.7855783840e+02   1.3126805690e+03
   9981.0000000000   2.3689569145e+03   1.7866214865e+02   1.3128795932e+03
   9982.0000000000   2.3693107151e+03   1.7876500863e+02   1.3130777865e+03
   9983.0000000000   2.3696634935e+03   1.7886692263e+02   1.3132850215e+03
   9984.0000000000   2.3700153679e+03   1.7896810586e+02   1.3134860609e+03
   9985.0000000000   2.3703664252e+03   1.7906867985e+02   1.3137050622e+03
   9986.0000000000   2.3707270513e+03   1.7916872379e+02   1.3139118331e+03
   9987.0000000000   2.3710809361e+03   1.7926829400e+02   1.3141160552e+03
   9988.0000000000   2.3714434930e+03   1.7936743293e+02   1.3143187453e+03
   9989.0000000000   2.3718195134e+03   1.7946617398e+02   1.3145203273e+03
   9990.0000000000   2.3721815376e+03   1.7956454425e+02   1.3147307094e+03
   9991.0000000000   2.3725402688e+03   1.7966256630e+02   1.3149346925e+03
   9992.0000000000   2.3729072524e+03   1.7976993581e+02   1.3151371124e+03
   9993.0000000000   2.3732666501e+03   1.7987132433e+02   1.3153481684e+03
   9994.0000000000   2.3736238043e+03   1.7997148207e+02   1.3155527451e+03
   9995.0000000000   2.3739897002e+03   1.8007087159e+02   1.3157557116e+03
   9996.0000000000   2.3743482891e+03   1.8016967848e+02   1.3159576058e+03
   9997.0000000000   2.3747048119e+03   1.8026800229e+02   1.3161586660e+03
   9998.0000000000   2.3750701975e+03   1.8036590535e+02   1.3163590298e+03
   9999.0000000000   2.3754593204e+03   1.8046343063e+02   1.3165781419e+03
  10000.0000000000   2.3758283080e+03   1.8056060987e+02   1.3167853782e+03
  10001.0000000000   2.3761929059e+03   1.8065746765e+02   1.3169902604e+03
  10002.0000000000   2.3765754621e+03   1.8075402373e+02   1.3171937277e+03
  10003.0000000000   2.3769439675e+03   1.8085029443e+02   1.3174155139e+03
  10004.0000000000   2.3773192369e+03   1.8094629359e+02   1.3176251346e+03
  10005.0000000000   2.3776861163e+03   1.8104203312e+02   1.3178418669e+03
  10006.0000000000   2.3780708388e+03   1.8114719995e+02   1.3180513541e+03
  10007.0000000000   2.3784621122e+03   1.8124645839e+02   1.3182587456e+03
  10008.0000000000   2.3788583439e+03   1.8134455246e+02   1.3184647200e+03
  10009.0000000000   2.3792381125e+03   1.8144193947e+02   1.3186695974e+03
  10010.0000000000   2.3796130202e+03   1.8153880040e+02   1.3188735686e+03
  10011.0000000000   2.3799847153e+03   1.8163523083e+02   1.3190767620e+03
  10012.0000000000   2.3803539711e+03   1.8173128953e+02   1.3192792699e+03
  10013.0000000000   2.3807212438e+03   1.8182701635e+02   1.3194908391e+03
  10014.0000000000   2.3810868360e+03   1.8193211678e+02   1.3196961799e+03
  10015.0000000000   2.3814509640e+03   1.8203126793e+02   1.3199000729e+03
  10016.0000000000   2.3818137906e+03   1.8212922310e+02   1.3201126814e+03
  10017.0000000000   2.3821857617e+03   1.8224579948e+02   1.3203188657e+03
  10018.0000000000   2.3825506157e+03   1.8235049340e+02   1.3205234779e+03
  10019.0000000000   2.3829341249e+03   1.8246255256e+02   1.3207270437e+03
  10020.0000000000   2.3833041115e+03   1.8256759363e+02   1.3209297921e+03
  10021.0000000000   2.3836709215e+03   1.8268041979e+02   1.3211318545e+03
  10022.0000000000   2.3840459804e+03   1.8278634562e+02   1.3213429937e+03
  10023.0000000000   2.3844133972e+03   1.8289041100e+02   1.3215479269e+03
  10024.0000000000   2.3847784891e+03   1.8299324316e+02   1.3217514368e+03
  10025.0000000000   2.3851419096e+03   1.8309513284e+02   1.3219540107e+03
  10026.0000000000   2.3855039681e+03   1.8319625185e+02   1.3221655298e+03
  10027.0000000000   2.3858751724e+03   1.8329671464e+02   1.3223707640e+03
  10028.0000000000   2.3862392887e+03   1.8339660331e+02   1.3225842003e+03
  10029.0000000000   2.3866324215e+03   1.8349597969e+02   1.3227909969e+03
  10030.0000000000   2.3870163535e+03   1.8360456869e+02   1.3229961044e+03
  10031.0000000000   2.3873901186e+03   1.8371674076e+02   1.3232000939e+03
  10032.0000000000   2.3877706714e+03   1.8382191870e+02   1.3234032189e+03
  10033.0000000000   2.3881427849e+03   1.8394466796e+02   1.3236153020e+03
  10034.0000000000   2.3885120551e+03   1.8406462202e+02   1.3238210939e+03
  10035.0000000000   2.3888792848e+03   1.8418586721e+02   1.3240253987e+03
  10036.0000000000   2.3892448746e+03   1.8429885355e+02   1.3242383945e+03
  10037.0000000000   2.3896090730e+03   1.8441889432e+02   1.3244449509e+03
  10038.0000000000   2.3899720522e+03   1.8454119577e+02   1.3246596024e+03
  10039.0000000000   2.3903442586e+03   1.8466524843e+02   1.3248675341e+03
  10040.0000000000   2.3907094267e+03   1.8478114593e+02   1.3250737136e+03
  10041.0000000000   2.3910830048e+03   1.8490409349e+02   1.3252787238e+03
  10042.0000000000   2.3914491735e+03   1.8501958035e+02   1.3254828266e+03
  10043.0000000000   2.3918132230e+03   1.8513274966e+02   1.3256861744e+03
  10044.0000000000   2.3921757748e+03   1.8524429888e+02   1.3258888679e+03
  10045.0000000000   2.3925577493e+03   1.8537392356e+02   1.3260909794e+03
  10046.0000000000   2.3929265860e+03   1.8549114558e+02   1.3262925634e+03
  10047.0000000000   2.3932924985e+03   1.8560558292e+02   1.3264936632e+03
  10048.0000000000   2.3936565292e+03   1.8571824350e+02   1.3266943135e+03
  10049.0000000000   2.3940294333e+03   1.8582955950e+02   1.3268945435e+03
  10050.0000000000   2.3943950894e+03   1.8593977649e+02   1.3270943774e+03
  10051.0000000000   2.3947690231e+03   1.8604905539e+02   1.3272938366e+03
  10052.0000000000   2.3951354606e+03   1.8615751106e+02   1.3274929391e+03
  10053.0000000000   2.3954997207e+03   1.8627490690e+02   1.3277013778e+03
  10054.0000000000   2.3958624433e+03   1.8638596628e+02   1.3279038220e+03
  10055.0000000000   2.3962239235e+03   1.8649548039e+02   1.3281050203e+03
  10056.0000000000   2.3965843371e+03   1.8660394504e+02   1.3283054340e+03
  10057.0000000000   2.3969541226e+03   1.8671157330e+02   1.3285052480e+03
  10058.0000000000   2.3973170036e+03   1.8681848782e+02   1.3287045611e+03
  10059.0000000000   2.3976987362e+03   1.8692477061e+02   1.3289034351e+03
  10060.0000000000   2.3980774459e+03   1.8703048163e+02   1.3291019129e+03
  10061.0000000000   2.3984470999e+03   1.8713566734e+02   1.3293000257e+03
  10062.0000000000   2.3988138411e+03   1.8725971837e+02   1.3294977981e+03
  10063.0000000000   2.3991786099e+03   1.8737197605e+02   1.3296952497e+03
  10064.0000000000   2.3995418479e+03   1.8748193847e+02   1.3298923968e+03
  10065.0000000000   2.3999141334e+03   1.8759052827e+02   1.3300892532e+03
  10066.0000000000   2.4002792738e+03   1.8770779055e+02   1.3302858308e+03
  10067.0000000000   2.4006527605e+03   1.8781857692e+02   1.3304821400e+03
  10068.0000000000   2.4010188013e+03   1.8792774526e+02   1.3306781901e+03
  10069.0000000000   2.4014033425e+03   1.8803582895e+02   1.3308836660e+03
  10070.0000000000   2.4017846085e+03   1.8815273984e+02   1.3310929068e+03
  10071.0000000000   2.4021566265e+03   1.8827294578e+02   1.3312953102e+03
  10072.0000000000   2.4025358977e+03   1.8838592802e+02   1.3314960681e+03
  10073.0000000000   2.4029070267e+03   1.8850661389e+02   1.3317054869e+03
  10074.0000000000   2.4032755258e+03   1.8862033217e+02   1.3319181672e+03
  10075.0000000000   2.4036421494e+03   1.8873212161e+02   1.3321236474e+03
  10076.0000000000   2.4040072666e+03   1.8884260663e+02   1.3323272053e+03
  10077.0000000000   2.4043711048e+03   1.8895207601e+02   1.3325295282e+03
  10078.0000000000   2.4047441395e+03   1.8906070060e+02   1.3327309251e+03
  10079.0000000000   2.4051204413e+03   1.8916859479e+02   1.3329315732e+03
  10080.0000000000   2.4054887858e+03   1.8927584121e+02   1.3331315872e+03
  10081.0000000000   2.4058650933e+03   1.8938250268e+02   1.3333310477e+03
  10082.0000000000   2.4062337240e+03   1.8948862881e+02   1.3335300143e+03
  10083.0000000000   2.4066000583e+03   1.8959425992e+02   1.3337285328e+03
  10084.0000000000   2.4069647697e+03   1.8969942953e+02   1.3339266398e+03
  10085.0000000000   2.4073281735e+03   1.8981384253e+02   1.3341243648e+03
  10086.0000000000   2.4076904591e+03   1.8992217837e+02   1.3343217327e+03
  10087.0000000000   2.4080517552e+03   1.9004854716e+02   1.3345187641e+03
  10088.0000000000   2.4084121563e+03   1.9016272753e+02   1.3347154770e+03
  10089.0000000000   2.4087717354e+03   1.9027438188e+02   1.3349215633e+03
  10090.0000000000   2.4091511890e+03   1.9039419065e+02   1.3351216916e+03
  10091.0000000000   2.4095178375e+03   1.9050722383e+02   1.3353206098e+03
  10092.0000000000   2.4098818220e+03   1.9061844265e+02   1.3355187784e+03
  10093.0000000000   2.4102441367e+03   1.9072843822e+02   1.3357163811e+03
  10094.0000000000   2.4106155025e+03   1.9083748155e+02   1.3359135160e+03
  10095.0000000000   2.4109797726e+03   1.9094573261e+02   1.3361102441e+03
  10096.0000000000   2.4113421341e+03   1.9105329833e+02   1.3363066071e+03
  10097.0000000000   2.4117031616e+03   1.9116025586e+02   1.3365026357e+03
  10098.0000000000   2.4120631114e+03   1.9126666381e+02   1.3366983534e+03
  10099.0000000000   2.4124221332e+03   1.9137256837e+02   1.3368937791e+03
  10100.0000000000   2.4127906468e+03   1.9147800703e+02   1.3370889283e+03
  10101.0000000000   2.4131523616e+03   1.9158301093e+02   1.3372838140e+03
  10102.0000000000   2.4135123844e+03   1.9168760635e+02   1.3374784474e+03
  10103.0000000000   2.4138712400e+03   1.9179181588e+02   1.3376825147e+03
  10104.0000000000   2.4142291516e+03   1.9189565915e+02   1.3378903562e+03
  10105.0000000000   2.4145862458e+03   1.9199915341e+02   1.3380913703e+03
  10106.0000000000   2.4149529253e+03   1.9211199050e+02   1.3382907496e+03
  10107.0000000000   2.4153128868e+03   1.9221883917e+02   1.3384891243e+03
  10108.0000000000   2.4156712268e+03   1.9232444756e+02   1.3386867638e+03
  10109.0000000000   2.4160284623e+03   1.9242927669e+02   1.3388838157e+03
  10110.0000000000   2.4163951290e+03   1.9253351100e+02   1.3390803724e+03
  10111.0000000000   2.4167549842e+03   1.9263724918e+02   1.3392764972e+03
  10112.0000000000   2.4171337955e+03   1.9274055293e+02   1.3394819121e+03
  10113.0000000000   2.4175096905e+03   1.9285314131e+02   1.3396813069e+03
  10114.0000000000   2.4178766348e+03   1.9295970080e+02   1.3398794444e+03
  10115.0000000000   2.4182407677e+03   1.9308434463e+02   1.3400767964e+03
  10116.0000000000   2.4186030254e+03   1.9319685240e+02   1.3402832315e+03
  10117.0000000000   2.4189638450e+03   1.9331656276e+02   1.3404835094e+03
  10118.0000000000   2.4193234811e+03   1.9343881016e+02   1.3406824318e+03
  10119.0000000000   2.4196821007e+03   1.9355339898e+02   1.3408901708e+03
  10120.0000000000   2.4200604600e+03   1.9366573861e+02   1.3410915897e+03
  10121.0000000000   2.4204259194e+03   1.9377659264e+02   1.3412915395e+03
  10122.0000000000   2.4207989669e+03   1.9388631968e+02   1.3414905442e+03
  10123.0000000000   2.4211642527e+03   1.9399513097e+02   1.3416888298e+03
  10124.0000000000   2.4215375627e+03   1.9410316631e+02   1.3418865241e+03
  10125.0000000000   2.4219135600e+03   1.9421052522e+02   1.3420837099e+03
  10126.0000000000   2.4222812619e+03   1.9432695872e+02   1.3422901223e+03
  10127.0000000000   2.4226463950e+03   1.9444685630e+02   1.3424904600e+03
  10128.0000000000   2.4230097568e+03   1.9455965513e+02   1.3426894927e+03
  10129.0000000000   2.4233717238e+03   1.9468993184e+02   1.3428876975e+03
  10130.0000000000   2.4237428397e+03   1.9480765226e+02   1.3430852710e+03
  10131.0000000000   2.4241068916e+03   1.9492257839e+02   1.3432823213e+03
  10132.0000000000   2.4244690390e+03   1.9503577536e+02   1.3434789176e+03
  10133.0000000000   2.4248401641e+03   1.9514769934e+02   1.3436751083e+03
  10134.0000000000   2.4252144736e+03   1.9525860521e+02   1.3438806060e+03
  10135.0000000000   2.4255808027e+03   1.9536865618e+02   1.3440800938e+03
  10136.0000000000   2.4259447825e+03   1.9547796599e+02   1.3442880070e+03
  10137.0000000000   2.4263071530e+03   1.9558661858e+02   1.3444894691e+03
  10138.0000000000   2.4266682533e+03   1.9569467863e+02   1.3446894060e+03
  10139.0000000000   2.4270282820e+03   1.9581187408e+02   1.3448883705e+03
  10140.0000000000   2.4274080098e+03   1.9592290192e+02   1.3450866018e+03
  10141.0000000000   2.4277748043e+03   1.9603253286e+02   1.3452842343e+03
  10142.0000000000   2.4281594767e+03   1.9614124627e+02   1.3454813543e+03
  10143.0000000000   2.4285303163e+03   1.9624924176e+02   1.3456876988e+03
  10144.0000000000   2.4288978422e+03   1.9635663073e+02   1.3458879674e+03
  10145.0000000000   2.4292632435e+03   1.9646348559e+02   1.3460869306e+03
  10146.0000000000   2.4296270383e+03   1.9656985806e+02   1.3462850658e+03
  10147.0000000000   2.4299895198e+03   1.9667578745e+02   1.3464825698e+03
  10148.0000000000   2.4303508775e+03   1.9678130500e+02   1.3466795508e+03
  10149.0000000000   2.4307112447e+03   1.9688643635e+02   1.3468760779e+03
  10150.0000000000   2.4310913588e+03   1.9699120304e+02   1.3470818762e+03
  10151.0000000000   2.4314792071e+03   1.9709562356e+02   1.3472913133e+03
  10152.0000000000   2.4318625434e+03   1.9719971402e+02   1.3474938081e+03
  10153.0000000000   2.4322361142e+03   1.9730348859e+02   1.3476945692e+03
  10154.0000000000   2.4326063434e+03   1.9740695992e+02   1.3479039158e+03
  10155.0000000000   2.4329743091e+03   1.9751013937e+02   1.3481067824e+03
  10156.0000000000   2.4333405322e+03   1.9762271376e+02   1.3483080609e+03
  10157.0000000000   2.4337053223e+03   1.9772934753e+02   1.3485083006e+03
  10158.0000000000   2.4340688851e+03   1.9783478506e+02   1.3487077447e+03
  10159.0000000000   2.4344313675e+03   1.9793948410e+02   1.3489065335e+03
  10160.0000000000   2.4347928801e+03   1.9804362621e+02   1.3491144354e+03
  10161.0000000000   2.4351638279e+03   1.9814730753e+02   1.3493161712e+03
  10162.0000000000   2.4355279163e+03   1.9825058747e+02   1.3495262023e+03
  10163.0000000000   2.4358902526e+03   1.9836318307e+02   1.3497296723e+03
  10164.0000000000   2.4362513642e+03   1.9846977897e+02   1.3499315220e+03
  10165.0000000000   2.4366114776e+03   1.9857513367e+02   1.3501323162e+03
  10166.0000000000   2.4369707232e+03   1.9868939165e+02   1.3503323038e+03
  10167.0000000000   2.4373291882e+03   1.9879739714e+02   1.3505316269e+03
  10168.0000000000   2.4377075748e+03   1.9890398783e+02   1.3507303786e+03
  10169.0000000000   2.4380732050e+03   1.9900967741e+02   1.3509383011e+03
  10170.0000000000   2.4384362194e+03   1.9911468414e+02   1.3511497756e+03
  10171.0000000000   2.4388079302e+03   1.9921912969e+02   1.3513542317e+03
  10172.0000000000   2.4391723737e+03   1.9933276862e+02   1.3515568859e+03
  10173.0000000000   2.4395348155e+03   1.9944998705e+02   1.3517583881e+03
  10174.0000000000   2.4398958704e+03   1.9956021624e+02   1.3519590236e+03
  10175.0000000000   2.4402558175e+03   1.9966867306e+02   1.3521589532e+03
  10176.0000000000   2.4406148207e+03   1.9977600659e+02   1.3523582805e+03
  10177.0000000000   2.4409833088e+03   1.9988250093e+02   1.3525570783e+03
  10178.0000000000   2.4413449972e+03   1.9998831568e+02   1.3527554003e+03
  10179.0000000000   2.4417153162e+03   2.0009355315e+02   1.3529629650e+03
  10180.0000000000   2.4420990678e+03   2.0019828460e+02   1.3531644608e+03
  10181.0000000000   2.4424894380e+03   2.0030256262e+02   1.3533646509e+03
  10182.0000000000   2.4428644076e+03   2.0040642770e+02   1.3535736846e+03
  10183.0000000000   2.4432353071e+03   2.0051958860e+02   1.3537764107e+03
  10184.0000000000   2.4436036241e+03   2.0062672668e+02   1.3539776714e+03
  10185.0000000000   2.4439700245e+03   2.0073259963e+02   1.3541779842e+03
  10186.0000000000   2.4443348865e+03   2.0083767588e+02   1.3543775710e+03
  10187.0000000000   2.4446984537e+03   2.0094214563e+02   1.3545765568e+03
  10188.0000000000   2.4450608961e+03   2.0104611217e+02   1.3547750224e+03
  10189.0000000000   2.4454223388e+03   2.0116899391e+02   1.3549827018e+03
  10190.0000000000   2.4457828780e+03   2.0128014642e+02   1.3551842926e+03
  10191.0000000000   2.4461529089e+03   2.0138907507e+02   1.3553845642e+03
  10192.0000000000   2.4465264487e+03   2.0150638235e+02   1.3555839933e+03
  10193.0000000000   2.4468922352e+03   2.0161709298e+02   1.3557827765e+03
  10194.0000000000   2.4472558418e+03   2.0173581554e+02   1.3559810220e+03
  10195.0000000000   2.4476179710e+03   2.0184777595e+02   1.3561787989e+03
  10196.0000000000   2.4479789362e+03   2.0195796615e+02   1.3563858324e+03
  10197.0000000000   2.4483389175e+03   2.0206698455e+02   1.3565868140e+03
  10198.0000000000   2.4486980333e+03   2.0218477981e+02   1.3567865078e+03
  10199.0000000000   2.4490563683e+03   2.0230584268e+02   1.3569950632e+03
  10200.0000000000   2.4494139867e+03   2.0242934608e+02   1.3571973286e+03
  10201.0000000000   2.4497812584e+03   2.0254520625e+02   1.3574078219e+03
  10202.0000000000   2.4501418609e+03   2.0265884008e+02   1.3576117151e+03
  10203.0000000000   2.4505008791e+03   2.0277100563e+02   1.3578236414e+03
  10204.0000000000   2.4508588221e+03   2.0288205559e+02   1.3580288300e+03
  10205.0000000000   2.4512159014e+03   2.0299219669e+02   1.3582322709e+03
  10206.0000000000   2.4515722345e+03   2.0311124209e+02   1.3584345599e+03
  10207.0000000000   2.4519278979e+03   2.0322394427e+02   1.3586359663e+03
  10208.0000000000   2.4522829463e+03   2.0333511214e+02   1.3588366469e+03
  10209.0000000000   2.4526374212e+03   2.0344525258e+02   1.3590367051e+03
  10210.0000000000   2.4529913559e+03   2.0355458565e+02   1.3592362147e+03
  10211.0000000000   2.4533550967e+03   2.0366323835e+02   1.3594449077e+03
  10212.0000000000   2.4537226221e+03   2.0378097185e+02   1.3596571590e+03
  10213.0000000000   2.4540826383e+03   2.0390217919e+02   1.3598623946e+03
  10214.0000000000   2.4544406929e+03   2.0401629837e+02   1.3600658287e+03
  10215.0000000000   2.4547974667e+03   2.0412855268e+02   1.3602777862e+03
  10216.0000000000   2.4551635740e+03   2.0423959714e+02   1.3604832063e+03
  10217.0000000000   2.4555228153e+03   2.0434972136e+02   1.3606869850e+03
  10218.0000000000   2.4558906649e+03   2.0445909002e+02   1.3608896755e+03
  10219.0000000000   2.4562513117e+03   2.0457748659e+02   1.3610915241e+03
  10220.0000000000   2.4566100458e+03   2.0468964167e+02   1.3612926742e+03
  10221.0000000000   2.4569674838e+03   2.0480034756e+02   1.3614932202e+03
  10222.0000000000   2.4573342206e+03   2.0491977473e+02   1.3616932303e+03
  10223.0000000000   2.4576940520e+03   2.0504246454e+02   1.3618927556e+03
  10224.0000000000   2.4580521335e+03   2.0515792656e+02   1.3620918368e+03
  10225.0000000000   2.4584090203e+03   2.0527142421e+02   1.3622905065e+03
  10226.0000000000   2.4587855930e+03   2.0539331390e+02   1.3624984685e+03
  10227.0000000000   2.4591492639e+03   2.0550855668e+02   1.3627100772e+03
  10228.0000000000   2.4595102265e+03   2.0562206442e+02   1.3629147432e+03
  10229.0000000000   2.4598695071e+03   2.0573440216e+02   1.3631176693e+03
  10230.0000000000   2.4602378474e+03   2.0584582579e+02   1.3633194945e+03
  10231.0000000000   2.4605991146e+03   2.0595648588e+02   1.3635204958e+03
  10232.0000000000   2.4609688245e+03   2.0607615979e+02   1.3637208274e+03
  10233.0000000000   2.4613311945e+03   2.0618957562e+02   1.3639205877e+03
  10234.0000000000   2.4616915353e+03   2.0630152489e+02   1.3641295216e+03
  10235.0000000000   2.4620504799e+03   2.0642217813e+02   1.3643420110e+03
  10236.0000000000   2.4624083167e+03   2.0654607717e+02   1.3645571620e+03
  10237.0000000000   2.4627652157e+03   2.0666273223e+02   1.3647648464e+03
  10238.0000000000   2.4631316098e+03   2.0677740749e+02   1.3649801257e+03
  10239.0000000000   2.4634912176e+03   2.0690046006e+02   1.3651883895e+03
  10240.0000000000   2.4638491521e+03   2.0702652830e+02   1.3653947084e+03
  10241.0000000000   2.4642059432e+03   2.0714517981e+02   1.3655997248e+03
  10242.0000000000   2.4645824554e+03   2.0726171609e+02   1.3658037380e+03
  10243.0000000000   2.4649460904e+03   2.0737684346e+02   1.3660069257e+03
  10244.0000000000   2.4653070341e+03   2.0749088731e+02   1.3662094061e+03
  10245.0000000000   2.4656663078e+03   2.0760403833e+02   1.3664112645e+03
  10246.0000000000   2.4660243305e+03   2.0771642313e+02   1.3666125652e+03
  10247.0000000000   2.4663813306e+03   2.0782813244e+02   1.3668230351e+03
  10248.0000000000   2.4667374525e+03   2.0793923486e+02   1.3670273700e+03
  10249.0000000000   2.4670927964e+03   2.0804978424e+02   1.3672303392e+03
  10250.0000000000   2.4674474359e+03   2.0815982413e+02   1.3674324206e+03
  10251.0000000000   2.4678014281e+03   2.0826939057e+02   1.3676338125e+03
  10252.0000000000   2.4681651376e+03   2.0837851392e+02   1.3678346251e+03
  10253.0000000000   2.4685325570e+03   2.0848722020e+02   1.3680349295e+03
  10254.0000000000   2.4689027230e+03   2.0859553194e+02   1.3682347762e+03
  10255.0000000000   2.4692648283e+03   2.0870346890e+02   1.3684342035e+03
  10256.0000000000   2.4696246120e+03   2.0881104857e+02   1.3686332416e+03
  10257.0000000000   2.4699828551e+03   2.0891828654e+02   1.3688319151e+03
  10258.0000000000   2.4703605512e+03   2.0902519684e+02   1.3690302447e+03
  10259.0000000000   2.4707251775e+03   2.0913179212e+02   1.3692282480e+03
  10260.0000000000   2.4710869681e+03   2.0923808392e+02   1.3694259403e+03
  10261.0000000000   2.4714469764e+03   2.0934408275e+02   1.3696233349e+03
  10262.0000000000   2.4718159634e+03   2.0944979830e+02   1.3698301204e+03
  10263.0000000000   2.4721778105e+03   2.0955523948e+02   1.3700309624e+03
  10264.0000000000   2.4725583629e+03   2.0966041452e+02   1.3702306065e+03
  10265.0000000000   2.4729254824e+03   2.0976533110e+02   1.3704295111e+03
  10266.0000000000   2.4732998559e+03   2.0986999634e+02   1.3706278586e+03
  10267.0000000000   2.4736662372e+03   2.0997441690e+02   1.3708257457e+03
  10268.0000000000   2.4740301553e+03   2.1008827558e+02   1.3710232321e+03
  10269.0000000000   2.4744026778e+03   2.1019623329e+02   1.3712300353e+03
  10270.0000000000   2.4747678001e+03   2.1031270790e+02   1.3714405168e+03
  10271.0000000000   2.4751307897e+03   2.1043248606e+02   1.3716440904e+03
  10272.0000000000   2.4755232311e+03   2.1055481435e+02   1.3718556365e+03
  10273.0000000000   2.4758963258e+03   2.1067930403e+02   1.3720604495e+03
  10274.0000000000   2.4762654020e+03   2.1079602756e+02   1.3722635412e+03
  10275.0000000000   2.4766320205e+03   2.1091047297e+02   1.3724655149e+03
  10276.0000000000   2.4769968287e+03   2.1102343481e+02   1.3726666419e+03
  10277.0000000000   2.4773601823e+03   2.1113528566e+02   1.3728670786e+03
  10278.0000000000   2.4777223068e+03   2.1124624340e+02   1.3730669270e+03
  10279.0000000000   2.4780833593e+03   2.1135645096e+02   1.3732662591e+03
  10280.0000000000   2.4784434554e+03   2.1146600912e+02   1.3734651285e+03
  10281.0000000000   2.4788026841e+03   2.1157499264e+02   1.3736635766e+03
  10282.0000000000   2.4791714357e+03   2.1168345914e+02   1.3738616367e+03
  10283.0000000000   2.4795334043e+03   2.1179145432e+02   1.3740593357e+03
  10284.0000000000   2.4799040077e+03   2.1190869188e+02   1.3742663727e+03
  10285.0000000000   2.4802674028e+03   2.1201985766e+02   1.3744674220e+03
  10286.0000000000   2.4806288610e+03   2.1212971337e+02   1.3746672358e+03
  10287.0000000000   2.4809889882e+03   2.1223873098e+02   1.3748662783e+03
  10288.0000000000   2.4813480538e+03   2.1234710386e+02   1.3750647362e+03
  10289.0000000000   2.4817062140e+03   2.1245493808e+02   1.3752627100e+03
  10290.0000000000   2.4820738917e+03   2.1256230145e+02   1.3754602629e+03
  10291.0000000000   2.4824347979e+03   2.1266924162e+02   1.3756671149e+03
  10292.0000000000   2.4827940400e+03   2.1278547088e+02   1.3758776298e+03
  10293.0000000000   2.4831624623e+03   2.1289567233e+02   1.3760812234e+03
  10294.0000000000   2.4835342434e+03   2.1300460452e+02   1.3762831012e+03
  10295.0000000000   2.4838981962e+03   2.1311273627e+02   1.3764839038e+03
  10296.0000000000   2.4842805725e+03   2.1322025795e+02   1.3766839089e+03
  10297.0000000000   2.4846493703e+03   2.1333694939e+02   1.3768832707e+03
  10298.0000000000   2.4850150175e+03   2.1344753097e+02   1.3770820873e+03
  10299.0000000000   2.4853786622e+03   2.1355678389e+02   1.3772804266e+03
  10300.0000000000   2.4857511193e+03   2.1366519169e+02   1.3774783383e+03
  10301.0000000000   2.4861163037e+03   2.1377295483e+02   1.3776758604e+03
  10302.0000000000   2.4864794455e+03   2.1388018379e+02   1.3778826996e+03
  10303.0000000000   2.4868721075e+03   2.1398694917e+02   1.3780932120e+03
  10304.0000000000   2.4872454773e+03   2.1410297688e+02   1.3782968089e+03
  10305.0000000000   2.4876148734e+03   2.1421295876e+02   1.3784986931e+03
  10306.0000000000   2.4879818494e+03   2.1433133578e+02   1.3786995034e+03
  10307.0000000000   2.4883470468e+03   2.1445291244e+02   1.3788995164e+03
  10308.0000000000   2.4887108169e+03   2.1456727289e+02   1.3791085622e+03
  10309.0000000000   2.4890733816e+03   2.1468938474e+02   1.3793113937e+03
  10310.0000000000   2.4894348949e+03   2.1480459403e+02   1.3795128142e+03
  10311.0000000000   2.4898057889e+03   2.1491794676e+02   1.3797326762e+03
  10312.0000000000   2.4901697868e+03   2.1503974637e+02   1.3799405021e+03
  10313.0000000000   2.4905423270e+03   2.1515493673e+02   1.3801458830e+03
  10314.0000000000   2.4909075820e+03   2.1526842327e+02   1.3803497962e+03
  10315.0000000000   2.4912708347e+03   2.1538076833e+02   1.3805526452e+03
  10316.0000000000   2.4916327001e+03   2.1549222654e+02   1.3807546500e+03
  10317.0000000000   2.4919934550e+03   2.1560294774e+02   1.3809559492e+03
  10318.0000000000   2.4923635804e+03   2.1571303221e+02   1.3811566379e+03
  10319.0000000000   2.4927268209e+03   2.1582255251e+02   1.3813567859e+03
  10320.0000000000   2.4930883057e+03   2.1593156384e+02   1.3815564464e+03
  10321.0000000000   2.4934485749e+03   2.1604010985e+02   1.3817556614e+03
  10322.0000000000   2.4938078628e+03   2.1615790252e+02   1.3819544651e+03
  10323.0000000000   2.4941869426e+03   2.1626962636e+02   1.3821625622e+03
  10324.0000000000   2.4945531767e+03   2.1638004204e+02   1.3823646316e+03
  10325.0000000000   2.4949270502e+03   2.1648962075e+02   1.3825654295e+03
  10326.0000000000   2.4952932093e+03   2.1659855524e+02   1.3827654233e+03
  10327.0000000000   2.4956674356e+03   2.1670695113e+02   1.3829744793e+03
  10328.0000000000   2.4960340691e+03   2.1681487589e+02   1.3831773556e+03
  10329.0000000000   2.4963984875e+03   2.1692237693e+02   1.3833788531e+03
  10330.0000000000   2.4967613643e+03   2.1703916637e+02   1.3835794672e+03
  10331.0000000000   2.4971230144e+03   2.1714992718e+02   1.3837794060e+03
  10332.0000000000   2.4974836263e+03   2.1725941786e+02   1.3839787853e+03
  10333.0000000000   2.4978639656e+03   2.1736810717e+02   1.3841776795e+03
  10334.0000000000   2.4982313973e+03   2.1747618546e+02   1.3843761409e+03
  10335.0000000000   2.4985960927e+03   2.1758375604e+02   1.3845742086e+03
  10336.0000000000   2.4989590678e+03   2.1770056076e+02   1.3847815895e+03
  10337.0000000000   2.4993310593e+03   2.1781130014e+02   1.3849829633e+03
  10338.0000000000   2.4996959323e+03   2.1792074371e+02   1.3851927626e+03
  10339.0000000000   2.5000588830e+03   2.1803904411e+02   1.3853961095e+03
  10340.0000000000   2.5004204931e+03   2.1815105184e+02   1.3855979286e+03
  10341.0000000000   2.5007810243e+03   2.1826160959e+02   1.3857987720e+03
  10342.0000000000   2.5011406308e+03   2.1837123516e+02   1.3859988782e+03
  10343.0000000000   2.5015097359e+03   2.1848015016e+02   1.3861983812e+03
  10344.0000000000   2.5018720518e+03   2.1859815572e+02   1.3863973671e+03
  10345.0000000000   2.5022326876e+03   2.1870998738e+02   1.3866055726e+03
  10346.0000000000   2.5026024891e+03   2.1883011410e+02   1.3868076972e+03
  10347.0000000000   2.5029653170e+03   2.1894368304e+02   1.3870085114e+03
  10348.0000000000   2.5033263495e+03   2.1905563712e+02   1.3872084924e+03
  10349.0000000000   2.5036861510e+03   2.1916654197e+02   1.3874078372e+03
  10350.0000000000   2.5040449684e+03   2.1927664670e+02   1.3876066538e+03
  10351.0000000000   2.5044029441e+03   2.1939577011e+02   1.3878146882e+03
  10352.0000000000   2.5047601725e+03   2.1950866003e+02   1.3880263203e+03
  10353.0000000000   2.5051270405e+03   2.1962011793e+02   1.3882309772e+03
  10354.0000000000   2.5054975555e+03   2.1973064280e+02   1.3884338727e+03
  10355.0000000000   2.5058604451e+03   2.1984044717e+02   1.3886356538e+03
  10356.0000000000   2.5062212733e+03   2.1994965123e+02   1.3888366028e+03
  10357.0000000000   2.5065807341e+03   2.2005833343e+02   1.3890368781e+03
  10358.0000000000   2.5069391331e+03   2.2016654967e+02   1.3892365811e+03
  10359.0000000000   2.5073069624e+03   2.2027434219e+02   1.3894357824e+03
  10360.0000000000   2.5076782894e+03   2.2038174424e+02   1.3896345338e+03
  10361.0000000000   2.5080418797e+03   2.2048878281e+02   1.3898328756e+03
  10362.0000000000   2.5084033224e+03   2.2059548037e+02   1.3900308394e+03
  10363.0000000000   2.5087736485e+03   2.2070185593e+02   1.3902284515e+03
  10364.0000000000   2.5091574505e+03   2.2081760244e+02   1.3904257333e+03
  10365.0000000000   2.5095272338e+03   2.2092738926e+02   1.3906227032e+03
  10366.0000000000   2.5098936983e+03   2.2103596477e+02   1.3908290537e+03
  10367.0000000000   2.5102580742e+03   2.2114379003e+02   1.3910294536e+03
  10368.0000000000   2.5106208922e+03   2.2126072589e+02   1.3912286508e+03
  10369.0000000000   2.5109824496e+03   2.2138120240e+02   1.3914271058e+03
  10370.0000000000   2.5113429368e+03   2.2149467176e+02   1.3916346791e+03
  10371.0000000000   2.5117024867e+03   2.2160636175e+02   1.3918361239e+03
  10372.0000000000   2.5120611975e+03   2.2171692740e+02   1.3920362368e+03
  10373.0000000000   2.5124191448e+03   2.2183633275e+02   1.3922355096e+03
  10374.0000000000   2.5127970270e+03   2.2194939443e+02   1.3924341470e+03
  10375.0000000000   2.5131621656e+03   2.2207062821e+02   1.3926322621e+03
  10376.0000000000   2.5135247020e+03   2.2218521091e+02   1.3928299266e+03
  10377.0000000000   2.5138856305e+03   2.2230778203e+02   1.3930368672e+03
  10378.0000000000   2.5142453525e+03   2.2242357650e+02   1.3932377760e+03
  10379.0000000000   2.5146040847e+03   2.2253758968e+02   1.3934374174e+03
  10380.0000000000   2.5149619630e+03   2.2265042164e+02   1.3936362642e+03
  10381.0000000000   2.5153190816e+03   2.2276234556e+02   1.3938345095e+03
  10382.0000000000   2.5156755099e+03   2.2288319790e+02   1.3940419348e+03
  10383.0000000000   2.5160313014e+03   2.2299773989e+02   1.3942432618e+03
  10384.0000000000   2.5163968183e+03   2.2311078347e+02   1.3944432725e+03
  10385.0000000000   2.5167557320e+03   2.2322283597e+02   1.3946424511e+03
  10386.0000000000   2.5171131227e+03   2.2333411676e+02   1.3948409982e+03
  10387.0000000000   2.5174694953e+03   2.2344475162e+02   1.3950487010e+03
  10388.0000000000   2.5178250581e+03   2.2355482372e+02   1.3952502853e+03
  10389.0000000000   2.5181799255e+03   2.2366439295e+02   1.3954602127e+03
  10390.0000000000   2.5185444908e+03   2.2377350495e+02   1.3956636248e+03
  10391.0000000000   2.5189024423e+03   2.2388219593e+02   1.3958654600e+03
  10392.0000000000   2.5192691890e+03   2.2399049543e+02   1.3960662805e+03
  10393.0000000000   2.5196288781e+03   2.2409842815e+02   1.3962663324e+03
  10394.0000000000   2.5200074096e+03   2.2420601512e+02   1.3964657554e+03
  10395.0000000000   2.5203829714e+03   2.2431327446e+02   1.3966646401e+03
  10396.0000000000   2.5207495612e+03   2.2442022204e+02   1.3968630505e+03
  10397.0000000000   2.5211133370e+03   2.2452687185e+02   1.3970610341e+03
  10398.0000000000   2.5214752468e+03   2.2463323635e+02   1.3972586276e+03
  10399.0000000000   2.5218460544e+03   2.2473932673e+02   1.3974558607e+03
  10400.0000000000   2.5222096555e+03   2.2484515311e+02   1.3976527576e+03
  10401.0000000000   2.5225815902e+03   2.2495072466e+02   1.3978590152e+03
  10402.0000000000   2.5229460946e+03   2.2505604979e+02   1.3980689822e+03
  10403.0000000000   2.5233084947e+03   2.2516113619e+02   1.3982817410e+03
  10404.0000000000   2.5236797541e+03   2.2526599097e+02   1.3984871453e+03
  10405.0000000000   2.5240438067e+03   2.2537062070e+02   1.3986905665e+03
  10406.0000000000   2.5244058804e+03   2.2548470802e+02   1.3988927282e+03
  10407.0000000000   2.5247768941e+03   2.2559291369e+02   1.3990939562e+03
  10408.0000000000   2.5251407571e+03   2.2569997883e+02   1.3993137890e+03
  10409.0000000000   2.5255026825e+03   2.2580635824e+02   1.3995216558e+03
  10410.0000000000   2.5258632600e+03   2.2591223085e+02   1.3997367877e+03
  10411.0000000000   2.5262227562e+03   2.2602736696e+02   1.3999448004e+03
  10412.0000000000   2.5265916478e+03   2.2613647889e+02   1.4001508251e+03
  10413.0000000000   2.5269536773e+03   2.2625401747e+02   1.4003555271e+03
  10414.0000000000   2.5273242920e+03   2.2636511537e+02   1.4005592170e+03
  10415.0000000000   2.5276979869e+03   2.2647470366e+02   1.4007620781e+03
  10416.0000000000   2.5280636824e+03   2.2659301463e+02   1.4009642324e+03
  10417.0000000000   2.5284270434e+03   2.2670494414e+02   1.4011657675e+03
  10418.0000000000   2.5287888253e+03   2.2681536313e+02   1.4013764258e+03
  10419.0000000000   2.5291493747e+03   2.2695383771e+02   1.4015809140e+03
  10420.0000000000   2.5295088938e+03   2.2708424418e+02   1.4017936858e+03
  10421.0000000000   2.5298675167e+03   2.2720557881e+02   1.4019998805e+03
  10422.0000000000   2.5302253390e+03   2.2732401417e+02   1.4022044367e+03
  10423.0000000000   2.5305824334e+03   2.2744058453e+02   1.4024079178e+03
  10424.0000000000   2.5309491759e+03   2.2755577830e+02   1.4026105724e+03
  10425.0000000000   2.5313195679e+03   2.2767955648e+02   1.4028125426e+03
  10426.0000000000   2.5316823342e+03   2.2779675970e+02   1.4030139217e+03
  10427.0000000000   2.5320430370e+03   2.2791225398e+02   1.4032147760e+03
  10428.0000000000   2.5324126890e+03   2.2802658540e+02   1.4034151556e+03
  10429.0000000000   2.5327752314e+03   2.2814000207e+02   1.4036150996e+03
  10430.0000000000   2.5331358880e+03   2.2825265178e+02   1.4038146400e+03
  10431.0000000000   2.5334952507e+03   2.2836463498e+02   1.4040138029e+03
  10432.0000000000   2.5338535848e+03   2.2847602533e+02   1.4042126106e+03
  10433.0000000000   2.5342110454e+03   2.2858687970e+02   1.4044304354e+03
  10434.0000000000   2.5345677355e+03   2.2869724353e+02   1.4046366040e+03
  10435.0000000000   2.5349340489e+03   2.2881683064e+02   1.4048406026e+03
  10436.0000000000   2.5352936785e+03   2.2893032731e+02   1.4050530203e+03
  10437.0000000000   2.5356517199e+03   2.2904249590e+02   1.4052588725e+03
  10438.0000000000   2.5360190086e+03   2.2915380916e+02   1.4054630840e+03
  10439.0000000000   2.5363793975e+03   2.2927413786e+02   1.4056662203e+03
  10440.0000000000   2.5367380583e+03   2.2938824403e+02   1.4058685335e+03
  10441.0000000000   2.5371058692e+03   2.2950093215e+02   1.4060701690e+03
  10442.0000000000   2.5374667089e+03   2.2961270064e+02   1.4062712221e+03
  10443.0000000000   2.5378360852e+03   2.2972376033e+02   1.4064717605e+03
  10444.0000000000   2.5381982050e+03   2.2983422946e+02   1.4066718350e+03
  10445.0000000000   2.5385686886e+03   2.2994418467e+02   1.4068714854e+03
  10446.0000000000   2.5389317965e+03   2.3005368027e+02   1.4070707433e+03
  10447.0000000000   2.5392928605e+03   2.3016275714e+02   1.4072696351e+03
  10448.0000000000   2.5396525242e+03   2.3027144737e+02   1.4074681828e+03
  10449.0000000000   2.5400214016e+03   2.3037977704e+02   1.4076664051e+03
  10450.0000000000   2.5403833023e+03   2.3048776783e+02   1.4078739950e+03
  10451.0000000000   2.5407433924e+03   2.3060511467e+02   1.4080756217e+03
  10452.0000000000   2.5411022355e+03   2.3071648852e+02   1.4082760335e+03
  10453.0000000000   2.5414600811e+03   2.3082663903e+02   1.4084853681e+03
  10454.0000000000   2.5418170747e+03   2.3094570486e+02   1.4086884649e+03
  10455.0000000000   2.5421939523e+03   2.3106820280e+02   1.4088998345e+03
  10456.0000000000   2.5425683760e+03   2.3118362292e+02   1.4091143200e+03
  10457.0000000000   2.5429341370e+03   2.3129721285e+02   1.4093215284e+03
  10458.0000000000   2.5433076077e+03   2.3140963940e+02   1.4095267659e+03
  10459.0000000000   2.5436733113e+03   2.3152119762e+02   1.4097307334e+03
  10460.0000000000   2.5440367045e+03   2.3163205431e+02   1.4099337484e+03
  10461.0000000000   2.5443985012e+03   2.3174231669e+02   1.4101359930e+03
  10462.0000000000   2.5447590398e+03   2.3186173603e+02   1.4103375858e+03
  10463.0000000000   2.5451288425e+03   2.3197502256e+02   1.4105386099e+03
  10464.0000000000   2.5454916823e+03   2.3208695450e+02   1.4107391271e+03
  10465.0000000000   2.5458630277e+03   2.3219801541e+02   1.4109391851e+03
  10466.0000000000   2.5462270702e+03   2.3230840700e+02   1.4111388218e+03
  10467.0000000000   2.5465891055e+03   2.3242791805e+02   1.4113380681e+03
  10468.0000000000   2.5469497571e+03   2.3254127607e+02   1.4115369498e+03
  10469.0000000000   2.5473093077e+03   2.3265326808e+02   1.4117354886e+03
  10470.0000000000   2.5476782426e+03   2.3276438243e+02   1.4119433799e+03
  10471.0000000000   2.5480403093e+03   2.3287482357e+02   1.4121452948e+03
  10472.0000000000   2.5484109581e+03   2.3298470536e+02   1.4123459834e+03
  10473.0000000000   2.5487743669e+03   2.3310377778e+02   1.4125459081e+03
  10474.0000000000   2.5491461402e+03   2.3321674774e+02   1.4127452545e+03
  10475.0000000000   2.5495208485e+03   2.3332838994e+02   1.4129441220e+03
  10476.0000000000   2.5498874548e+03   2.3343918467e+02   1.4131425728e+03
  10477.0000000000   2.5502516499e+03   2.3354933084e+02   1.4133406499e+03
  10478.0000000000   2.5506142067e+03   2.3365893827e+02   1.4135383847e+03
  10479.0000000000   2.5509754838e+03   2.3376807737e+02   1.4137454784e+03
  10480.0000000000   2.5513460113e+03   2.3388647417e+02   1.4139466057e+03
  10481.0000000000   2.5517095658e+03   2.3399882076e+02   1.4141465185e+03
  10482.0000000000   2.5520712984e+03   2.3410988188e+02   1.4143456803e+03
  10483.0000000000   2.5524317652e+03   2.3422013080e+02   1.4145442773e+03
  10484.0000000000   2.5527912121e+03   2.3432976118e+02   1.4147424090e+03
  10485.0000000000   2.5531704215e+03   2.3443887882e+02   1.4149401375e+03
  10486.0000000000   2.5535367625e+03   2.3454755095e+02   1.4151375056e+03
  10487.0000000000   2.5539004068e+03   2.3465582452e+02   1.4153345445e+03
  10488.0000000000   2.5542623688e+03   2.3476373444e+02   1.4155312783e+03
  10489.0000000000   2.5546230641e+03   2.3488098446e+02   1.4157277264e+03
  10490.0000000000   2.5549827199e+03   2.3499225158e+02   1.4159239044e+03
  10491.0000000000   2.5553414802e+03   2.3510228975e+02   1.4161295022e+03
  10492.0000000000   2.5556994453e+03   2.3522124071e+02   1.4163388628e+03
  10493.0000000000   2.5560566895e+03   2.3533394698e+02   1.4165413869e+03
  10494.0000000000   2.5564132704e+03   2.3544524523e+02   1.4167422688e+03
  10495.0000000000   2.5567692343e+03   2.3557500163e+02   1.4169518168e+03
  10496.0000000000   2.5571349385e+03   2.3569274422e+02   1.4171549566e+03
  10497.0000000000   2.5575043701e+03   2.3580806612e+02   1.4173565727e+03
  10498.0000000000   2.5578662432e+03   2.3592194496e+02   1.4175572083e+03
  10499.0000000000   2.5582261114e+03   2.3603478375e+02   1.4177571015e+03
  10500.0000000000   2.5585846614e+03   2.3614680165e+02   1.4179563879e+03
  10501.0000000000   2.5589421927e+03   2.3625813616e+02   1.4181551559e+03
  10502.0000000000   2.5592988740e+03   2.3636888152e+02   1.4183534675e+03
  10503.0000000000   2.5596548137e+03   2.3648878291e+02   1.4185610458e+03
  10504.0000000000   2.5600100880e+03   2.3660254763e+02   1.4187722581e+03
  10505.0000000000   2.5603647536e+03   2.3671495263e+02   1.4189862005e+03
  10506.0000000000   2.5607291736e+03   2.3683615754e+02   1.4191927373e+03
  10507.0000000000   2.5610870198e+03   2.3695101914e+02   1.4193972479e+03
  10508.0000000000   2.5614536908e+03   2.3706438568e+02   1.4196004623e+03
  10509.0000000000   2.5618133274e+03   2.3717677982e+02   1.4198123882e+03
  10510.0000000000   2.5621711869e+03   2.3729810395e+02   1.4200178700e+03
  10511.0000000000   2.5625381819e+03   2.3741314143e+02   1.4202314428e+03
  10512.0000000000   2.5628982074e+03   2.3752671175e+02   1.4204382973e+03
  10513.0000000000   2.5632564604e+03   2.3763932424e+02   1.4206530835e+03
  10514.0000000000   2.5636135160e+03   2.3775119789e+02   1.4208610444e+03
  10515.0000000000   2.5639799463e+03   2.3787213370e+02   1.4210671819e+03
  10516.0000000000   2.5643498525e+03   2.3798686819e+02   1.4212721013e+03
  10517.0000000000   2.5647120171e+03   2.3810987184e+02   1.4214760801e+03
  10518.0000000000   2.5650720388e+03   2.3822629343e+02   1.4216792818e+03
  10519.0000000000   2.5654306352e+03   2.3834107758e+02   1.4218818155e+03
  10520.0000000000   2.5657984476e+03   2.3845479152e+02   1.4220837601e+03
  10521.0000000000   2.5661592972e+03   2.3856768588e+02   1.4222851752e+03
  10522.0000000000   2.5665183556e+03   2.3867990436e+02   1.4224861079e+03
  10523.0000000000   2.5668865076e+03   2.3880121758e+02   1.4226865962e+03
  10524.0000000000   2.5672579588e+03   2.3891634749e+02   1.4228866716e+03
  10525.0000000000   2.5676318602e+03   2.3903008015e+02   1.4230863609e+03
  10526.0000000000   2.5680077944e+03   2.3914290474e+02   1.4232856867e+03
  10527.0000000000   2.5683855029e+03   2.3925502725e+02   1.4234846687e+03
  10528.0000000000   2.5687544866e+03   2.3937623983e+02   1.4236930008e+03
  10529.0000000000   2.5691206562e+03   2.3949127275e+02   1.4239050297e+03
  10530.0000000000   2.5694849010e+03   2.3960491535e+02   1.4241101599e+03
  10531.0000000000   2.5698476506e+03   2.3971765792e+02   1.4243135893e+03
  10532.0000000000   2.5702194823e+03   2.3982970662e+02   1.4245159529e+03
  10533.0000000000   2.5706048436e+03   2.3994117680e+02   1.4247175242e+03
  10534.0000000000   2.5709761825e+03   2.4005214321e+02   1.4249184549e+03
  10535.0000000000   2.5713441738e+03   2.4016265886e+02   1.4251188408e+03
  10536.0000000000   2.5717203562e+03   2.4027276370e+02   1.4253381015e+03
  10537.0000000000   2.5720888930e+03   2.4038248914e+02   1.4255455954e+03
  10538.0000000000   2.5724551311e+03   2.4050153724e+02   1.4257508316e+03
  10539.0000000000   2.5728197420e+03   2.4062426084e+02   1.4259547393e+03
  10540.0000000000   2.5731830464e+03   2.4074006887e+02   1.4261576910e+03
  10541.0000000000   2.5735452403e+03   2.4085416251e+02   1.4263598855e+03
  10542.0000000000   2.5739167775e+03   2.4096717945e+02   1.4265614461e+03
  10543.0000000000   2.5742917130e+03   2.4108907187e+02   1.4267624566e+03
  10544.0000000000   2.5746588102e+03   2.4120464801e+02   1.4269629778e+03
  10545.0000000000   2.5750236612e+03   2.4131874096e+02   1.4271630561e+03
  10546.0000000000   2.5754076207e+03   2.4144154446e+02   1.4273627278e+03
  10547.0000000000   2.5757782847e+03   2.4155793730e+02   1.4275620225e+03
  10548.0000000000   2.5761562614e+03   2.4167278261e+02   1.4277609647e+03
  10549.0000000000   2.5765262715e+03   2.4178661348e+02   1.4279595751e+03
  10550.0000000000   2.5769041462e+03   2.4189966336e+02   1.4281578713e+03
  10551.0000000000   2.5772742605e+03   2.4201206617e+02   1.4283558687e+03
  10552.0000000000   2.5776523375e+03   2.4212390989e+02   1.4285535807e+03
  10553.0000000000   2.5780227067e+03   2.4223525732e+02   1.4287510193e+03
  10554.0000000000   2.5783907492e+03   2.4234615584e+02   1.4289481950e+03
  10555.0000000000   2.5787571462e+03   2.4245664264e+02   1.4291451176e+03
  10556.0000000000   2.5791325403e+03   2.4256674784e+02   1.4293417957e+03
  10557.0000000000   2.5795007647e+03   2.4267649634e+02   1.4295382371e+03
  10558.0000000000   2.5798670047e+03   2.4278590922e+02   1.4297344491e+03
  10559.0000000000   2.5802318396e+03   2.4289500452e+02   1.4299304384e+03
  10560.0000000000   2.5805955324e+03   2.4300379791e+02   1.4301262111e+03
  10561.0000000000   2.5809582404e+03   2.4311230317e+02   1.4303411259e+03
  10562.0000000000   2.5813200713e+03   2.4322053252e+02   1.4305444983e+03
  10563.0000000000   2.5816811047e+03   2.4332849685e+02   1.4307458048e+03
  10564.0000000000   2.5820517220e+03   2.4343620601e+02   1.4309556264e+03
  10565.0000000000   2.5824156098e+03   2.4355334544e+02   1.4311589707e+03
  10566.0000000000   2.5827881793e+03   2.4366457833e+02   1.4313607566e+03
  10567.0000000000   2.5831639011e+03   2.4377464790e+02   1.4315615437e+03
  10568.0000000000   2.5835419971e+03   2.4388401085e+02   1.4317615792e+03
  10569.0000000000   2.5839117556e+03   2.4399284773e+02   1.4319610040e+03
  10570.0000000000   2.5842789727e+03   2.4410125377e+02   1.4321695858e+03
  10571.0000000000   2.5846444671e+03   2.4422864059e+02   1.4323720439e+03
  10572.0000000000   2.5850086214e+03   2.4434435802e+02   1.4325731616e+03
  10573.0000000000   2.5853716601e+03   2.4448693606e+02   1.4327734253e+03
  10574.0000000000   2.5857337320e+03   2.4461126158e+02   1.4329730383e+03
  10575.0000000000   2.5860949436e+03   2.4473190788e+02   1.4331721138e+03
  10576.0000000000   2.5864656942e+03   2.4485041744e+02   1.4333707245e+03
  10577.0000000000   2.5868400019e+03   2.4496743108e+02   1.4335785983e+03
  10578.0000000000   2.5872066038e+03   2.4508329624e+02   1.4337804286e+03
  10579.0000000000   2.5875710721e+03   2.4519822903e+02   1.4339809810e+03
  10580.0000000000   2.5879341078e+03   2.4531237598e+02   1.4341807295e+03
  10581.0000000000   2.5882960222e+03   2.4542584246e+02   1.4343798681e+03
  10582.0000000000   2.5886569937e+03   2.4553870767e+02   1.4345881797e+03
  10583.0000000000   2.5890171390e+03   2.4565103317e+02   1.4347903866e+03
  10584.0000000000   2.5893765412e+03   2.4577254463e+02   1.4349912717e+03
  10585.0000000000   2.5897559012e+03   2.4588793720e+02   1.4351913197e+03
  10586.0000000000   2.5901328595e+03   2.4600197998e+02   1.4353907322e+03
  10587.0000000000   2.5905115121e+03   2.4611515092e+02   1.4355896202e+03
  10588.0000000000   2.5908815380e+03   2.4622764826e+02   1.4357880549e+03
  10589.0000000000   2.5912488674e+03   2.4633958215e+02   1.4359957626e+03
  10590.0000000000   2.5916143807e+03   2.4645102377e+02   1.4361974355e+03
  10591.0000000000   2.5919888128e+03   2.4656202370e+02   1.4363978382e+03
  10592.0000000000   2.5923560444e+03   2.4667262014e+02   1.4365974437e+03
  10593.0000000000   2.5927212874e+03   2.4678284324e+02   1.4367964453e+03
  10594.0000000000   2.5930851366e+03   2.4689271760e+02   1.4369949485e+03
  10595.0000000000   2.5934478641e+03   2.4700226381e+02   1.4371930202e+03
  10596.0000000000   2.5938096323e+03   2.4711149939e+02   1.4373907069e+03
  10597.0000000000   2.5941911900e+03   2.4722043953e+02   1.4375880431e+03
  10598.0000000000   2.5945598908e+03   2.4732909753e+02   1.4377850556e+03
  10599.0000000000   2.5949258980e+03   2.4743748519e+02   1.4379817660e+03
  10600.0000000000   2.5952902214e+03   2.4754561305e+02   1.4381781919e+03
  10601.0000000000   2.5956532743e+03   2.4766316716e+02   1.4383937016e+03
  10602.0000000000   2.5960152820e+03   2.4777481119e+02   1.4385976179e+03
  10603.0000000000   2.5963867069e+03   2.4788528881e+02   1.4388091001e+03
  10604.0000000000   2.5967512848e+03   2.4799505707e+02   1.4390137128e+03
  10605.0000000000   2.5971141399e+03   2.4810429685e+02   1.4392262255e+03
  10606.0000000000   2.5974758094e+03   2.4823245674e+02   1.4394319297e+03
  10607.0000000000   2.5978571635e+03   2.4834890566e+02   1.4396358486e+03
  10608.0000000000   2.5982256078e+03   2.4846315509e+02   1.4398482735e+03
  10609.0000000000   2.5985913318e+03   2.4858581027e+02   1.4400541408e+03
  10610.0000000000   2.5989553591e+03   2.4870189689e+02   1.4402583506e+03
  10611.0000000000   2.5993181111e+03   2.4882602358e+02   1.4404614611e+03
  10612.0000000000   2.5996798180e+03   2.4894341580e+02   1.4406637239e+03
  10613.0000000000   2.6000406257e+03   2.4905906480e+02   1.4408652861e+03
  10614.0000000000   2.6004006358e+03   2.4917356813e+02   1.4410662458e+03
  10615.0000000000   2.6007599233e+03   2.4928719702e+02   1.4412666735e+03
  10616.0000000000   2.6011185463e+03   2.4940010970e+02   1.4414666229e+03
  10617.0000000000   2.6014868704e+03   2.4951241077e+02   1.4416661359e+03
  10618.0000000000   2.6018485701e+03   2.4962417492e+02   1.4418652467e+03
  10619.0000000000   2.6022087276e+03   2.4973545830e+02   1.4420639834e+03
  10620.0000000000   2.6025678503e+03   2.4984630475e+02   1.4422720464e+03
  10621.0000000000   2.6029261477e+03   2.4995674951e+02   1.4424741111e+03
  10622.0000000000   2.6032940550e+03   2.5006682158e+02   1.4426749307e+03
  10623.0000000000   2.6036552837e+03   2.5018622177e+02   1.4428846471e+03
  10624.0000000000   2.6040149373e+03   2.5029962581e+02   1.4430881030e+03
  10625.0000000000   2.6043735362e+03   2.5042146385e+02   1.4432901358e+03
  10626.0000000000   2.6047312983e+03   2.5053685633e+02   1.4434912592e+03
  10627.0000000000   2.6050883453e+03   2.5065072695e+02   1.4436916917e+03
  10628.0000000000   2.6054550754e+03   2.5076362705e+02   1.4439012321e+03
  10629.0000000000   2.6058151805e+03   2.5087579481e+02   1.4441046142e+03
  10630.0000000000   2.6061737534e+03   2.5098736393e+02   1.4443066288e+03
  10631.0000000000   2.6065313072e+03   2.5109842038e+02   1.4445077670e+03
  10632.0000000000   2.6068880550e+03   2.5121870082e+02   1.4447082348e+03
  10633.0000000000   2.6072544342e+03   2.5133290492e+02   1.4449081473e+03
  10634.0000000000   2.6076141569e+03   2.5144580299e+02   1.4451075786e+03
  10635.0000000000   2.6079723274e+03   2.5156754904e+02   1.4453065811e+03
  10636.0000000000   2.6083294659e+03   2.5168299504e+02   1.4455148705e+03
  10637.0000000000   2.6086961094e+03   2.5180666166e+02   1.4457268091e+03
  10638.0000000000   2.6090663344e+03   2.5193339964e+02   1.4459318124e+03
  10639.0000000000   2.6094392248e+03   2.5206249920e+02   1.4461350867e+03
  10640.0000000000   2.6098040022e+03   2.5218392668e+02   1.4463372731e+03
  10641.0000000000   2.6101767433e+03   2.5230312337e+02   1.4465386504e+03
  10642.0000000000   2.6105418778e+03   2.5242086015e+02   1.4467393737e+03
  10643.0000000000   2.6109151396e+03   2.5253749668e+02   1.4469395421e+03
  10644.0000000000   2.6112808556e+03   2.5265324350e+02   1.4471392243e+03
  10645.0000000000   2.6116443999e+03   2.5276823927e+02   1.4473384709e+03
  10646.0000000000   2.6120064452e+03   2.5288258235e+02   1.4475373207e+03
  10647.0000000000   2.6123673067e+03   2.5300602273e+02   1.4477358045e+03
  10648.0000000000   2.6127478111e+03   2.5312327248e+02   1.4479339477e+03
  10649.0000000000   2.6131256773e+03   2.5323911290e+02   1.4481317710e+03
  10650.0000000000   2.6134947345e+03   2.5335403108e+02   1.4483292924e+03
  10651.0000000000   2.6138610632e+03   2.5346823229e+02   1.4485265271e+03
  10652.0000000000   2.6142255705e+03   2.5358183217e+02   1.4487234884e+03
  10653.0000000000   2.6145886785e+03   2.5369490636e+02   1.4489201881e+03
  10654.0000000000   2.6149506334e+03   2.5380750903e+02   1.4491166366e+03
  10655.0000000000   2.6153115977e+03   2.5391968138e+02   1.4493128433e+03
  10656.0000000000   2.6156820062e+03   2.5403145609e+02   1.4495088164e+03
  10657.0000000000   2.6160455816e+03   2.5414285990e+02   1.4497045638e+03
  10658.0000000000   2.6164280802e+03   2.5425391522e+02   1.4499000923e+03
  10659.0000000000   2.6168076277e+03   2.5436464117e+02   1.4500954084e+03
  10660.0000000000   2.6171781915e+03   2.5447505433e+02   1.4502905178e+03
  10661.0000000000   2.6175459143e+03   2.5459484578e+02   1.4504951028e+03
  10662.0000000000   2.6179117363e+03   2.5470868347e+02   1.4506938232e+03
  10663.0000000000   2.6182760987e+03   2.5482131471e+02   1.4508914197e+03
  10664.0000000000   2.6186392598e+03   2.5493319972e+02   1.4510883465e+03
  10665.0000000000   2.6190013904e+03   2.5504452214e+02   1.4512944586e+03
  10666.0000000000   2.6193729307e+03   2.5516505646e+02   1.4515235337e+03
  10667.0000000000   2.6197479271e+03   2.5527951867e+02   1.4517343298e+03
  10668.0000000000   2.6201254561e+03   2.5539268639e+02   1.4519415420e+03
  10669.0000000000   2.6204947409e+03   2.5550504018e+02   1.4521467214e+03
  10670.0000000000   2.6208615443e+03   2.5561677797e+02   1.4523601772e+03
  10671.0000000000   2.6212369856e+03   2.5572800809e+02   1.4525765784e+03
  10672.0000000000   2.6216050724e+03   2.5583879927e+02   1.4527951992e+03
  10673.0000000000   2.6219813919e+03   2.5595887585e+02   1.4530060190e+03
  10674.0000000000   2.6223502045e+03   2.5608260480e+02   1.4532241730e+03
  10675.0000000000   2.6227168498e+03   2.5619940438e+02   1.4534351030e+03
  10676.0000000000   2.6230819814e+03   2.5631448221e+02   1.4536439185e+03
  10677.0000000000   2.6234459030e+03   2.5642848043e+02   1.4538512913e+03
  10678.0000000000   2.6238191161e+03   2.5654167788e+02   1.4540575439e+03
  10679.0000000000   2.6241853803e+03   2.5665423001e+02   1.4542628719e+03
  10680.0000000000   2.6245498364e+03   2.5676623580e+02   1.4544770849e+03
  10681.0000000000   2.6249130339e+03   2.5688744035e+02   1.4546849352e+03
  10682.0000000000   2.6252752143e+03   2.5700254908e+02   1.4548912328e+03
  10683.0000000000   2.6256365187e+03   2.5711633639e+02   1.4550964863e+03
  10684.0000000000   2.6259970421e+03   2.5723895930e+02   1.4553009175e+03
  10685.0000000000   2.6263568542e+03   2.5735527203e+02   1.4555046553e+03
  10686.0000000000   2.6267160089e+03   2.5747012047e+02   1.4557077859e+03
  10687.0000000000   2.6270745498e+03   2.5758402510e+02   1.4559103723e+03
  10688.0000000000   2.6274428320e+03   2.5769720981e+02   1.4561221396e+03
  10689.0000000000   2.6278045221e+03   2.5782915418e+02   1.4563277818e+03
  10690.0000000000   2.6281750159e+03   2.5794925045e+02   1.4565320668e+03
  10691.0000000000   2.6285384523e+03   2.5806702823e+02   1.4567354713e+03
  10692.0000000000   2.6289000876e+03   2.5818343065e+02   1.4569381928e+03
  10693.0000000000   2.6292605150e+03   2.5829884009e+02   1.4571403406e+03
  10694.0000000000   2.6296199933e+03   2.5841346258e+02   1.4573419854e+03
  10695.0000000000   2.6299786695e+03   2.5852742681e+02   1.4575431775e+03
  10696.0000000000   2.6303469584e+03   2.5864082094e+02   1.4577439547e+03
  10697.0000000000   2.6307085639e+03   2.5875370924e+02   1.4579540237e+03
  10698.0000000000   2.6310789066e+03   2.5886614077e+02   1.4581580640e+03
  10699.0000000000   2.6314524614e+03   2.5897815429e+02   1.4583608321e+03
  10700.0000000000   2.6318181331e+03   2.5908978125e+02   1.4585724718e+03
  10701.0000000000   2.6321918932e+03   2.5920104774e+02   1.4587778278e+03
  10702.0000000000   2.6325581230e+03   2.5931197577e+02   1.4589817386e+03
  10703.0000000000   2.6329325296e+03   2.5942258422e+02   1.4591943958e+03
  10704.0000000000   2.6332994238e+03   2.5953288944e+02   1.4594006738e+03
  10705.0000000000   2.6336641694e+03   2.5964290580e+02   1.4596054315e+03
  10706.0000000000   2.6340274316e+03   2.5976232254e+02   1.4598285513e+03
  10707.0000000000   2.6343895205e+03   2.5987580607e+02   1.4600492499e+03
  10708.0000000000   2.6347506211e+03   2.6001713199e+02   1.4602617850e+03
  10709.0000000000   2.6351211771e+03   2.6014072456e+02   1.4604718776e+03
  10710.0000000000   2.6354952341e+03   2.6026097382e+02   1.4606803868e+03
  10711.0000000000   2.6358718668e+03   2.6038900285e+02   1.4608973878e+03
  10712.0000000000   2.6362402960e+03   2.6051004958e+02   1.4611077669e+03
  10713.0000000000   2.6366062820e+03   2.6062915896e+02   1.4613164108e+03
  10714.0000000000   2.6369706228e+03   2.6074697013e+02   1.4615238760e+03
  10715.0000000000   2.6373336874e+03   2.6086378416e+02   1.4617304157e+03
  10716.0000000000   2.6376956917e+03   2.6097978089e+02   1.4619361805e+03
  10717.0000000000   2.6380670975e+03   2.6109508100e+02   1.4621412721e+03
  10718.0000000000   2.6384316426e+03   2.6120977140e+02   1.4623457647e+03
  10719.0000000000   2.6388047733e+03   2.6132391779e+02   1.4625497155e+03
  10720.0000000000   2.6391706654e+03   2.6143757160e+02   1.4627531699e+03
  10721.0000000000   2.6395346037e+03   2.6155077425e+02   1.4629561650e+03
  10722.0000000000   2.6398972033e+03   2.6166355978e+02   1.4631587319e+03
  10723.0000000000   2.6402587404e+03   2.6178563328e+02   1.4633608969e+03
  10724.0000000000   2.6406193762e+03   2.6190167405e+02   1.4635626827e+03
  10725.0000000000   2.6409895373e+03   2.6201643877e+02   1.4637641091e+03
  10726.0000000000   2.6413529373e+03   2.6213039546e+02   1.4639651936e+03
  10727.0000000000   2.6417146857e+03   2.6224373434e+02   1.4641659516e+03
  10728.0000000000   2.6420856284e+03   2.6235655892e+02   1.4643760735e+03
  10729.0000000000   2.6424599450e+03   2.6246893492e+02   1.4645802268e+03
  10730.0000000000   2.6428264493e+03   2.6258090829e+02   1.4647928352e+03
  10731.0000000000   2.6432010746e+03   2.6269251332e+02   1.4650086904e+03
  10732.0000000000   2.6435681832e+03   2.6280377684e+02   1.4652173668e+03
  10733.0000000000   2.6439537910e+03   2.6291472058e+02   1.4654241483e+03
  10734.0000000000   2.6443258392e+03   2.6302536261e+02   1.4656297198e+03
  10735.0000000000   2.6446947381e+03   2.6313571830e+02   1.4658343871e+03
  10736.0000000000   2.6450616307e+03   2.6324580091e+02   1.4660479999e+03
  10737.0000000000   2.6454270118e+03   2.6336529863e+02   1.4662553249e+03
  10738.0000000000   2.6457911609e+03   2.6347887683e+02   1.4664611757e+03
  10739.0000000000   2.6461645780e+03   2.6360095706e+02   1.4666660594e+03
  10740.0000000000   2.6465310266e+03   2.6371665255e+02   1.4668701945e+03
  10741.0000000000   2.6468956517e+03   2.6383088090e+02   1.4670833819e+03
  10742.0000000000   2.6472590065e+03   2.6395386475e+02   1.4672903581e+03
  10743.0000000000   2.6476213358e+03   2.6407049285e+02   1.4674959175e+03
  10744.0000000000   2.6480034212e+03   2.6418563079e+02   1.4677005538e+03
  10745.0000000000   2.6483829513e+03   2.6429981096e+02   1.4679044761e+03
  10746.0000000000   2.6487640530e+03   2.6441326473e+02   1.4681174786e+03
  10747.0000000000   2.6491364275e+03   2.6452612340e+02   1.4683339692e+03
  10748.0000000000   2.6495060208e+03   2.6464814876e+02   1.4685433935e+03
  10749.0000000000   2.6498840450e+03   2.6476405598e+02   1.4687509781e+03
  10750.0000000000   2.6502545619e+03   2.6487862565e+02   1.4689670559e+03
  10751.0000000000   2.6506228742e+03   2.6499234242e+02   1.4691765721e+03
  10752.0000000000   2.6509896299e+03   2.6510540837e+02   1.4693844268e+03
  10753.0000000000   2.6513551351e+03   2.6521793573e+02   1.4695911760e+03
  10754.0000000000   2.6517195762e+03   2.6532999674e+02   1.4697970688e+03
  10755.0000000000   2.6520830808e+03   2.6544164227e+02   1.4700022499e+03
  10756.0000000000   2.6524457432e+03   2.6555291040e+02   1.4702164920e+03
  10757.0000000000   2.6528076363e+03   2.6566383090e+02   1.4704245194e+03
  10758.0000000000   2.6531791378e+03   2.6577442781e+02   1.4706407967e+03
  10759.0000000000   2.6535748891e+03   2.6588472100e+02   1.4708504701e+03
  10760.0000000000   2.6539508893e+03   2.6599472730e+02   1.4710584830e+03
  10761.0000000000   2.6543228033e+03   2.6610446110e+02   1.4712654024e+03
  10762.0000000000   2.6546922861e+03   2.6621393495e+02   1.4714714790e+03
  10763.0000000000   2.6550703354e+03   2.6632315988e+02   1.4716768568e+03
  10764.0000000000   2.6554409532e+03   2.6643214569e+02   1.4718816306e+03
  10765.0000000000   2.6558094169e+03   2.6654090115e+02   1.4720858676e+03
  10766.0000000000   2.6561763610e+03   2.6664943419e+02   1.4722896188e+03
  10767.0000000000   2.6565524026e+03   2.6675775200e+02   1.4724929240e+03
  10768.0000000000   2.6569213585e+03   2.6686586113e+02   1.4726958155e+03
  10769.0000000000   2.6572987217e+03   2.6697376762e+02   1.4728983201e+03
  10770.0000000000   2.6576790183e+03   2.6708147701e+02   1.4731198136e+03
  10771.0000000000   2.6580511911e+03   2.6718899446e+02   1.4733296255e+03
  10772.0000000000   2.6584209218e+03   2.6729632473e+02   1.4735372443e+03
  10773.0000000000   2.6587889792e+03   2.6741314883e+02   1.4737435845e+03
  10774.0000000000   2.6591557202e+03   2.6752412600e+02   1.4739490079e+03
  10775.0000000000   2.6595213557e+03   2.6763399593e+02   1.4741537050e+03
  10776.0000000000   2.6598860269e+03   2.6774321216e+02   1.4743577925e+03
  10777.0000000000   2.6602601546e+03   2.6785195238e+02   1.4745613494e+03
  10778.0000000000   2.6606274526e+03   2.6796030924e+02   1.4747644324e+03
  10779.0000000000   2.6609930326e+03   2.6807801545e+02   1.4749670847e+03
  10780.0000000000   2.6613677435e+03   2.6818976362e+02   1.4751693401e+03
  10781.0000000000   2.6617354488e+03   2.6830999291e+02   1.4753712260e+03
  10782.0000000000   2.6621013295e+03   2.6842382837e+02   1.4755727650e+03
  10783.0000000000   2.6624659525e+03   2.6853619580e+02   1.4757836530e+03
  10784.0000000000   2.6628398862e+03   2.6865732363e+02   1.4759982378e+03
  10785.0000000000   2.6632069112e+03   2.6877210472e+02   1.4762059248e+03
  10786.0000000000   2.6635824929e+03   2.6888540765e+02   1.4764119122e+03
  10787.0000000000   2.6639508169e+03   2.6899776696e+02   1.4766168351e+03
  10788.0000000000   2.6643171727e+03   2.6910941557e+02   1.4768209673e+03
  10789.0000000000   2.6646924973e+03   2.6922048588e+02   1.4770341368e+03
  10790.0000000000   2.6650710234e+03   2.6933106391e+02   1.4772410945e+03
  10791.0000000000   2.6654519184e+03   2.6944121026e+02   1.4774466422e+03
  10792.0000000000   2.6658244560e+03   2.6956064661e+02   1.4776512784e+03
  10793.0000000000   2.6661944299e+03   2.6967406297e+02   1.4778648908e+03
  10794.0000000000   2.6665626600e+03   2.6981525269e+02   1.4780722531e+03
  10795.0000000000   2.6669295312e+03   2.6993865365e+02   1.4782781783e+03
  10796.0000000000   2.6673055897e+03   2.7006834309e+02   1.4784831705e+03
  10797.0000000000   2.6676746230e+03   2.7019043111e+02   1.4786874449e+03
  10798.0000000000   2.6680417900e+03   2.7031991975e+02   1.4788911228e+03
  10799.0000000000   2.6684282906e+03   2.7044222864e+02   1.4790942831e+03
  10800.0000000000   2.6688119665e+03   2.7056246170e+02   1.4792969819e+03
  10801.0000000000   2.6691867019e+03   2.7069096530e+02   1.4794992612e+03
  10802.0000000000   2.6695586062e+03   2.7081271550e+02   1.4797011540e+03
  10803.0000000000   2.6699286042e+03   2.7093264231e+02   1.4799123635e+03
  10804.0000000000   2.6702971292e+03   2.7106100380e+02   1.4801272434e+03
  10805.0000000000   2.6706644354e+03   2.7118272496e+02   1.4803352033e+03
  10806.0000000000   2.6710410102e+03   2.7131238029e+02   1.4805511214e+03
  10807.0000000000   2.6714106098e+03   2.7146421478e+02   1.4807602908e+03
  10808.0000000000   2.6717783751e+03   2.7159718463e+02   1.4809677232e+03
  10809.0000000000   2.6721551757e+03   2.7172609874e+02   1.4811740218e+03
  10810.0000000000   2.6725352098e+03   2.7185258361e+02   1.4813794582e+03
  10811.0000000000   2.6729073063e+03   2.7197732648e+02   1.4815841894e+03
  10812.0000000000   2.6732874106e+03   2.7210070640e+02   1.4817883177e+03
  10813.0000000000   2.6736598953e+03   2.7222296343e+02   1.4819919160e+03
  10814.0000000000   2.6740301468e+03   2.7234426322e+02   1.4821950383e+03
  10815.0000000000   2.6743988413e+03   2.7247440359e+02   1.4823977267e+03
  10816.0000000000   2.6747869332e+03   2.7259813228e+02   1.4826000149e+03
  10817.0000000000   2.6751722030e+03   2.7272025825e+02   1.4828019306e+03
  10818.0000000000   2.6755588344e+03   2.7284129058e+02   1.4830131734e+03
  10819.0000000000   2.6759572047e+03   2.7296145252e+02   1.4832184181e+03
  10820.0000000000   2.6763508784e+03   2.7308087462e+02   1.4834320939e+03
  10821.0000000000   2.6767345052e+03   2.7320932164e+02   1.4836393205e+03
  10822.0000000000   2.6771145359e+03   2.7334119011e+02   1.4838450210e+03
  10823.0000000000   2.6774920865e+03   2.7346592139e+02   1.4840497462e+03
  10824.0000000000   2.6778677115e+03   2.7359841844e+02   1.4842537338e+03
  10825.0000000000   2.6782417478e+03   2.7372399427e+02   1.4844571170e+03
  10826.0000000000   2.6786144236e+03   2.7384767700e+02   1.4846599814e+03
  10827.0000000000   2.6789859037e+03   2.7397008367e+02   1.4848623869e+03
  10828.0000000000   2.6793563135e+03   2.7409149780e+02   1.4850643777e+03
  10829.0000000000   2.6797257513e+03   2.7421208643e+02   1.4852659883e+03
  10830.0000000000   2.6800942965e+03   2.7433196114e+02   1.4854672458e+03
  10831.0000000000   2.6804723340e+03   2.7445120246e+02   1.4856778495e+03
  10832.0000000000   2.6808435550e+03   2.7456987163e+02   1.4858921497e+03
  10833.0000000000   2.6812130569e+03   2.7468801708e+02   1.4860995533e+03
  10834.0000000000   2.6815813599e+03   2.7480567820e+02   1.4863052599e+03
  10835.0000000000   2.6819486854e+03   2.7493256434e+02   1.4865099056e+03
  10836.0000000000   2.6823151600e+03   2.7505335838e+02   1.4867234413e+03
  10837.0000000000   2.6826808680e+03   2.7517282006e+02   1.4869403508e+03
  10838.0000000000   2.6830458714e+03   2.7529142010e+02   1.4871501210e+03
  10839.0000000000   2.6834205370e+03   2.7541902768e+02   1.4873676807e+03
  10840.0000000000   2.6837885402e+03   2.7554040358e+02   1.4875783576e+03
  10841.0000000000   2.6841652828e+03   2.7566035134e+02   1.4877871883e+03
  10842.0000000000   2.6845349085e+03   2.7577936860e+02   1.4879947945e+03
  10843.0000000000   2.6849129967e+03   2.7589766564e+02   1.4882014621e+03
  10844.0000000000   2.6852837801e+03   2.7602503680e+02   1.4884073590e+03
  10845.0000000000   2.6856525703e+03   2.7614621349e+02   1.4886125967e+03
  10846.0000000000   2.6860303156e+03   2.7626598560e+02   1.4888172548e+03
  10847.0000000000   2.6864009357e+03   2.7638484371e+02   1.4890213935e+03
  10848.0000000000   2.6867696461e+03   2.7650299410e+02   1.4892250598e+03
  10849.0000000000   2.6871473548e+03   2.7662055217e+02   1.4894282915e+03
  10850.0000000000   2.6875282816e+03   2.7673759272e+02   1.4896311197e+03
  10851.0000000000   2.6879115867e+03   2.7686384533e+02   1.4898335706e+03
  10852.0000000000   2.6882865400e+03   2.7698400506e+02   1.4900356663e+03
  10853.0000000000   2.6886589324e+03   2.7710283919e+02   1.4902471027e+03
  10854.0000000000   2.6890295825e+03   2.7722082315e+02   1.4904525515e+03
  10855.0000000000   2.6893988736e+03   2.7733815255e+02   1.4906567633e+03
  10856.0000000000   2.6897670322e+03   2.7745493489e+02   1.4908602010e+03
  10857.0000000000   2.6901342089e+03   2.7758091549e+02   1.4910727271e+03
  10858.0000000000   2.6905108308e+03   2.7770079778e+02   1.4912790966e+03
  10859.0000000000   2.6908909347e+03   2.7781935374e+02   1.4914937845e+03
  10860.0000000000   2.6912632713e+03   2.7793706161e+02   1.4917019390e+03
  10861.0000000000   2.6916437415e+03   2.7805411865e+02   1.4919085022e+03
  10862.0000000000   2.6920166899e+03   2.7817063340e+02   1.4921140381e+03
  10863.0000000000   2.6923874840e+03   2.7828667523e+02   1.4923187939e+03
  10864.0000000000   2.6927567866e+03   2.7840229284e+02   1.4925229102e+03
  10865.0000000000   2.6931249038e+03   2.7851752259e+02   1.4927264780e+03
  10866.0000000000   2.6934920173e+03   2.7863239292e+02   1.4929295614e+03
  10867.0000000000   2.6938685678e+03   2.7874692684e+02   1.4931322083e+03
  10868.0000000000   2.6942382800e+03   2.7886114344e+02   1.4933344556e+03
  10869.0000000000   2.6946165907e+03   2.7897505893e+02   1.4935363330e+03
  10870.0000000000   2.6949979884e+03   2.7908868727e+02   1.4937475415e+03
  10871.0000000000   2.6953817081e+03   2.7920204067e+02   1.4939527566e+03
  10872.0000000000   2.6957570480e+03   2.7931512994e+02   1.4941567314e+03
  10873.0000000000   2.6961298115e+03   2.7943764126e+02   1.4943599308e+03
  10874.0000000000   2.6965111423e+03   2.7956391493e+02   1.4945625421e+03
  10875.0000000000   2.6968850635e+03   2.7968334972e+02   1.4947743430e+03
  10876.0000000000   2.6972671726e+03   2.7980113847e+02   1.4949897283e+03
  10877.0000000000   2.6976417372e+03   2.7992758843e+02   1.4951981329e+03
  10878.0000000000   2.6980141021e+03   2.8004762437e+02   1.4954047748e+03
  10879.0000000000   2.6983849247e+03   2.8016613020e+02   1.4956103032e+03
  10880.0000000000   2.6987751498e+03   2.8028364870e+02   1.4958246784e+03
  10881.0000000000   2.6991728723e+03   2.8040041765e+02   1.4960327146e+03
  10882.0000000000   2.6995659095e+03   2.8051657254e+02   1.4962392493e+03
  10883.0000000000   2.6999490493e+03   2.8063220146e+02   1.4964448031e+03
  10884.0000000000   2.7003287440e+03   2.8074736657e+02   1.4966496024e+03
  10885.0000000000   2.7007060921e+03   2.8086211413e+02   1.4968537764e+03
  10886.0000000000   2.7010816299e+03   2.8097648008e+02   1.4970574099e+03
  10887.0000000000   2.7014556786e+03   2.8109049313e+02   1.4972605636e+03
  10888.0000000000   2.7018284533e+03   2.8120417683e+02   1.4974632829e+03
  10889.0000000000   2.7022001082e+03   2.8131755088e+02   1.4976656036e+03
  10890.0000000000   2.7025707597e+03   2.8143063203e+02   1.4978772310e+03
  10891.0000000000   2.7029508180e+03   2.8154343470e+02   1.4980828442e+03
  10892.0000000000   2.7033239925e+03   2.8165597150e+02   1.4982871990e+03
  10893.0000000000   2.7037057130e+03   2.8176825351e+02   1.4985004392e+03
  10894.0000000000   2.7040801461e+03   2.8188996717e+02   1.4987170855e+03
  10895.0000000000   2.7044525709e+03   2.8200577638e+02   1.4989266313e+03
  10896.0000000000   2.7048235998e+03   2.8212042493e+02   1.4991343270e+03
  10897.0000000000   2.7052038270e+03   2.8224404647e+02   1.4993408415e+03
  10898.0000000000   2.7055770493e+03   2.8237115350e+02   1.4995464719e+03
  10899.0000000000   2.7059484249e+03   2.8249123231e+02   1.4997513866e+03
  10900.0000000000   2.7063185117e+03   2.8261920379e+02   1.4999556941e+03
  10901.0000000000   2.7066875560e+03   2.8275006345e+02   1.5001594704e+03
  10902.0000000000   2.7070763394e+03   2.8287349459e+02   1.5003627716e+03
  10903.0000000000   2.7074522307e+03   2.8299484732e+02   1.5005753175e+03
  10904.0000000000   2.7078254007e+03   2.8311485081e+02   1.5007817977e+03
  10905.0000000000   2.7081968635e+03   2.8323384151e+02   1.5009869760e+03
  10906.0000000000   2.7085670345e+03   2.8336169180e+02   1.5012010023e+03
  10907.0000000000   2.7089361404e+03   2.8350253833e+02   1.5014184023e+03
  10908.0000000000   2.7093043253e+03   2.8363051789e+02   1.5016286734e+03
  10909.0000000000   2.7096716893e+03   2.8375561954e+02   1.5018370690e+03
  10910.0000000000   2.7100383068e+03   2.8387896955e+02   1.5020442609e+03
  10911.0000000000   2.7104145548e+03   2.8400104741e+02   1.5022505483e+03
  10912.0000000000   2.7107944349e+03   2.8412211890e+02   1.5024561016e+03
  10913.0000000000   2.7111666718e+03   2.8424235304e+02   1.5026610309e+03
  10914.0000000000   2.7115368279e+03   2.8436186684e+02   1.5028654135e+03
  10915.0000000000   2.7119055964e+03   2.8448074629e+02   1.5030789833e+03
  10916.0000000000   2.7122732826e+03   2.8459905724e+02   1.5032864399e+03
  10917.0000000000   2.7126503788e+03   2.8471685183e+02   1.5034925543e+03
  10918.0000000000   2.7130206335e+03   2.8483417239e+02   1.5036978055e+03
  10919.0000000000   2.7133891765e+03   2.8495105401e+02   1.5039023917e+03
  10920.0000000000   2.7137565471e+03   2.8506752626e+02   1.5041064230e+03
  10921.0000000000   2.7141229779e+03   2.8518361439e+02   1.5043099700e+03
  10922.0000000000   2.7144989209e+03   2.8529934027e+02   1.5045130828e+03
  10923.0000000000   2.7148784195e+03   2.8541472302e+02   1.5047157989e+03
  10924.0000000000   2.7152502236e+03   2.8552977949e+02   1.5049181479e+03
  10925.0000000000   2.7156302307e+03   2.8564452465e+02   1.5051201537e+03
  10926.0000000000   2.7160027812e+03   2.8575897191e+02   1.5053218362e+03
  10927.0000000000   2.7163732384e+03   2.8587313337e+02   1.5055232125e+03
  10928.0000000000   2.7167422606e+03   2.8598701995e+02   1.5057242971e+03
  10929.0000000000   2.7171101501e+03   2.8610064163e+02   1.5059251030e+03
  10930.0000000000   2.7174874038e+03   2.8622368405e+02   1.5061353178e+03
  10931.0000000000   2.7178577764e+03   2.8634081065e+02   1.5063396068e+03
  10932.0000000000   2.7182470415e+03   2.8645676494e+02   1.5065427150e+03
  10933.0000000000   2.7186333351e+03   2.8658168046e+02   1.5067451002e+03
  10934.0000000000   2.7190106307e+03   2.8670039312e+02   1.5069469443e+03
  10935.0000000000   2.7193953939e+03   2.8681773428e+02   1.5071483436e+03
  10936.0000000000   2.7197722032e+03   2.8693421260e+02   1.5073590339e+03
  10937.0000000000   2.7201465514e+03   2.8705004231e+02   1.5075637109e+03
  10938.0000000000   2.7205191777e+03   2.8716534185e+02   1.5077671396e+03
  10939.0000000000   2.7208904387e+03   2.8728986309e+02   1.5079697926e+03
  10940.0000000000   2.7212605512e+03   2.8740831338e+02   1.5081718620e+03
  10941.0000000000   2.7216399822e+03   2.8752546703e+02   1.5083734519e+03
  10942.0000000000   2.7220227945e+03   2.8764180352e+02   1.5085843041e+03
  10943.0000000000   2.7223977572e+03   2.8775752072e+02   1.5087891189e+03
  10944.0000000000   2.7227704658e+03   2.8787272730e+02   1.5089926653e+03
  10945.0000000000   2.7231416391e+03   2.8798749246e+02   1.5091954187e+03
  10946.0000000000   2.7235116026e+03   2.8810186453e+02   1.5093975736e+03
  10947.0000000000   2.7238805460e+03   2.8821587937e+02   1.5095992361e+03
  10948.0000000000   2.7242485948e+03   2.8832956484e+02   1.5098004734e+03
  10949.0000000000   2.7246158398e+03   2.8845261984e+02   1.5100110084e+03
  10950.0000000000   2.7249823499e+03   2.8857939442e+02   1.5102155306e+03
  10951.0000000000   2.7253481797e+03   2.8869929494e+02   1.5104188024e+03
  10952.0000000000   2.7257236929e+03   2.8881752033e+02   1.5106212949e+03
  10953.0000000000   2.7260925628e+03   2.8893470619e+02   1.5108231997e+03
  10954.0000000000   2.7264701906e+03   2.8905112625e+02   1.5110246209e+03
  10955.0000000000   2.7268510386e+03   2.8916693195e+02   1.5112256240e+03
  10956.0000000000   2.7272240029e+03   2.8928221899e+02   1.5114262545e+03
  10957.0000000000   2.7275947300e+03   2.8939705325e+02   1.5116265458e+03
  10958.0000000000   2.7279742800e+03   2.8951148283e+02   1.5118265240e+03
  10959.0000000000   2.7283466242e+03   2.8962554444e+02   1.5120262097e+03
  10960.0000000000   2.7287170056e+03   2.8974894362e+02   1.5122256200e+03
  10961.0000000000   2.7290860302e+03   2.8988571203e+02   1.5124344458e+03
  10962.0000000000   2.7294642923e+03   2.9000991513e+02   1.5126373542e+03
  10963.0000000000   2.7298355904e+03   2.9014116735e+02   1.5128390918e+03
  10964.0000000000   2.7302154027e+03   2.9027488835e+02   1.5130401177e+03
  10965.0000000000   2.7305879243e+03   2.9040091909e+02   1.5132406145e+03
  10966.0000000000   2.7309584516e+03   2.9052468781e+02   1.5134503553e+03
  10967.0000000000   2.7313379268e+03   2.9065664541e+02   1.5136540550e+03
  10968.0000000000   2.7317102679e+03   2.9078181229e+02   1.5138564901e+03
  10969.0000000000   2.7320806900e+03   2.9090513993e+02   1.5140581400e+03
  10970.0000000000   2.7324497832e+03   2.9103689753e+02   1.5142688780e+03
  10971.0000000000   2.7328281320e+03   2.9116201603e+02   1.5144734664e+03
  10972.0000000000   2.7332098479e+03   2.9128539660e+02   1.5146767087e+03
  10973.0000000000   2.7335940412e+03   2.9141727768e+02   1.5148791016e+03
  10974.0000000000   2.7339699543e+03   2.9154257028e+02   1.5150808536e+03
  10975.0000000000   2.7343433619e+03   2.9166616206e+02   1.5152820807e+03
  10976.0000000000   2.7347253905e+03   2.9178860545e+02   1.5154828570e+03
  10977.0000000000   2.7351000524e+03   2.9191982610e+02   1.5156929109e+03
  10978.0000000000   2.7354829380e+03   2.9204462592e+02   1.5158969357e+03
  10979.0000000000   2.7358583097e+03   2.9216783954e+02   1.5161093738e+03
  10980.0000000000   2.7362315087e+03   2.9228998879e+02   1.5163153536e+03
  10981.0000000000   2.7366031894e+03   2.9242097970e+02   1.5165198048e+03
  10982.0000000000   2.7369736563e+03   2.9254560073e+02   1.5167232828e+03
  10983.0000000000   2.7373534111e+03   2.9266867679e+02   1.5169357055e+03
  10984.0000000000   2.7377262137e+03   2.9279072246e+02   1.5171418638e+03
  10985.0000000000   2.7380972053e+03   2.9291196167e+02   1.5173562576e+03
  10986.0000000000   2.7384669352e+03   2.9304219994e+02   1.5175737298e+03
  10987.0000000000   2.7388562833e+03   2.9316617796e+02   1.5177838909e+03
  10988.0000000000   2.7392326628e+03   2.9328869340e+02   1.5180114040e+03
  10989.0000000000   2.7396062692e+03   2.9341991999e+02   1.5182262846e+03
  10990.0000000000   2.7399884507e+03   2.9354472471e+02   1.5184383254e+03
  10991.0000000000   2.7403942261e+03   2.9366796361e+02   1.5186486117e+03
  10992.0000000000   2.7407797881e+03   2.9379016553e+02   1.5188576134e+03
  10993.0000000000   2.7411712356e+03   2.9391156142e+02   1.5190655951e+03
  10994.0000000000   2.7415539338e+03   2.9403228384e+02   1.5192727268e+03
  10995.0000000000   2.7419336633e+03   2.9415242016e+02   1.5194791274e+03
  10996.0000000000   2.7423113065e+03   2.9427203306e+02   1.5196848845e+03
  10997.0000000000   2.7426873044e+03   2.9440084666e+02   1.5198900655e+03
  10998.0000000000   2.7430619285e+03   2.9452355366e+02   1.5200947239e+03
  10999.0000000000   2.7434353646e+03   2.9464492050e+02   1.5202989031e+03
  11000.0000000000   2.7438077485e+03   2.9476542261e+02   1.5205123155e+03
  11001.0000000000   2.7441791839e+03   2.9488525600e+02   1.5207196466e+03
  11002.0000000000   2.7445600723e+03   2.9500452880e+02   1.5209256581e+03
  11003.0000000000   2.7449444355e+03   2.9514266361e+02   1.5211501752e+03
  11004.0000000000   2.7453210154e+03   2.9526901966e+02   1.5213627019e+03
  11005.0000000000   2.7456953888e+03   2.9539310553e+02   1.5215921695e+03
  11006.0000000000   2.7460682612e+03   2.9553520309e+02   1.5218088560e+03
  11007.0000000000   2.7464399485e+03   2.9566499472e+02   1.5220226300e+03
  11008.0000000000   2.7468209521e+03   2.9579215057e+02   1.5222346060e+03
  11009.0000000000   2.7471950285e+03   2.9591769342e+02   1.5224452673e+03
  11010.0000000000   2.7475673146e+03   2.9604205562e+02   1.5226548852e+03
  11011.0000000000   2.7479383557e+03   2.9616547683e+02   1.5228636334e+03
  11012.0000000000   2.7483083899e+03   2.9628810966e+02   1.5230716326e+03
  11013.0000000000   2.7486878742e+03   2.9641005997e+02   1.5232789717e+03
  11014.0000000000   2.7490605372e+03   2.9653140560e+02   1.5234857188e+03
  11015.0000000000   2.7494314965e+03   2.9666188284e+02   1.5237016045e+03
  11016.0000000000   2.7498012839e+03   2.9678619412e+02   1.5239113276e+03
  11017.0000000000   2.7501701272e+03   2.9690911377e+02   1.5241196602e+03
  11018.0000000000   2.7505484754e+03   2.9704080017e+02   1.5243270828e+03
  11019.0000000000   2.7509200507e+03   2.9716610967e+02   1.5245337956e+03
  11020.0000000000   2.7512899655e+03   2.9728989059e+02   1.5247399108e+03
  11021.0000000000   2.7516690667e+03   2.9741266596e+02   1.5249455011e+03
  11022.0000000000   2.7520412143e+03   2.9753466224e+02   1.5251506187e+03
  11023.0000000000   2.7524219047e+03   2.9765600840e+02   1.5253553030e+03
  11024.0000000000   2.7527953371e+03   2.9777678893e+02   1.5255595854e+03
  11025.0000000000   2.7531668076e+03   2.9790674067e+02   1.5257634918e+03
  11026.0000000000   2.7535369369e+03   2.9804024079e+02   1.5259670436e+03
  11027.0000000000   2.7539060041e+03   2.9816671609e+02   1.5261702593e+03
  11028.0000000000   2.7542844904e+03   2.9829138140e+02   1.5263731552e+03
  11029.0000000000   2.7546664587e+03   2.9841488513e+02   1.5265854218e+03
  11030.0000000000   2.7550406728e+03   2.9853751154e+02   1.5267917268e+03
  11031.0000000000   2.7554230403e+03   2.9865942089e+02   1.5269968173e+03
  11032.0000000000   2.7558082286e+03   2.9878071640e+02   1.5272011533e+03
  11033.0000000000   2.7561852429e+03   2.9890147044e+02   1.5274049183e+03
  11034.0000000000   2.7565701158e+03   2.9903141332e+02   1.5276082102e+03
  11035.0000000000   2.7569472692e+03   2.9915524182e+02   1.5278110898e+03
  11036.0000000000   2.7573221202e+03   2.9927772516e+02   1.5280232755e+03
  11037.0000000000   2.7576953650e+03   2.9939934069e+02   1.5282294529e+03
  11038.0000000000   2.7580673336e+03   2.9952028573e+02   1.5284343817e+03
  11039.0000000000   2.7584382248e+03   2.9965034589e+02   1.5286385305e+03
  11040.0000000000   2.7588081735e+03   2.9978392294e+02   1.5288614425e+03
  11041.0000000000   2.7591875973e+03   2.9991045728e+02   1.5290725302e+03
  11042.0000000000   2.7595602077e+03   3.0003517183e+02   1.5292813298e+03
  11043.0000000000   2.7599311150e+03   3.0015872000e+02   1.5294887855e+03
  11044.0000000000   2.7603111668e+03   3.0028138924e+02   1.5296952786e+03
  11045.0000000000   2.7606842258e+03   3.0040334189e+02   1.5299106897e+03
  11046.0000000000   2.7610554723e+03   3.0053435912e+02   1.5301294770e+03
  11047.0000000000   2.7614254722e+03   3.0065916927e+02   1.5303411171e+03
  11048.0000000000   2.7618047934e+03   3.0078256251e+02   1.5305508578e+03
  11049.0000000000   2.7621772158e+03   3.0090503080e+02   1.5307593702e+03
  11050.0000000000   2.7625478852e+03   3.0102678205e+02   1.5309669549e+03
  11051.0000000000   2.7629173506e+03   3.0114793325e+02   1.5311737841e+03
  11052.0000000000   2.7632858506e+03   3.0127823717e+02   1.5313896464e+03
  11053.0000000000   2.7636535230e+03   3.0140240317e+02   1.5315992762e+03
  11054.0000000000   2.7640307780e+03   3.0152520813e+02   1.5318074684e+03
  11055.0000000000   2.7644013180e+03   3.0165681082e+02   1.5320147187e+03
  11056.0000000000   2.7647702438e+03   3.0178206692e+02   1.5322212382e+03
  11057.0000000000   2.7651380757e+03   3.0190582358e+02   1.5324271463e+03
  11058.0000000000   2.7655153518e+03   3.0202860245e+02   1.5326421978e+03
  11059.0000000000   2.7659064697e+03   3.0215062850e+02   1.5328607805e+03
  11060.0000000000   2.7662941516e+03   3.0227202925e+02   1.5330723277e+03
  11061.0000000000   2.7666726718e+03   3.0239288778e+02   1.5332820586e+03
  11062.0000000000   2.7670585889e+03   3.0251326304e+02   1.5334906248e+03
  11063.0000000000   2.7674365207e+03   3.0263319933e+02   1.5336983126e+03
  11064.0000000000   2.7678326175e+03   3.0275273142e+02   1.5339052839e+03
  11065.0000000000   2.7682149011e+03   3.0287188739e+02   1.5341116432e+03
  11066.0000000000   2.7686041536e+03   3.0299069055e+02   1.5343174637e+03
  11067.0000000000   2.7689851909e+03   3.0310916061e+02   1.5345227999e+03
  11068.0000000000   2.7693635846e+03   3.0322731450e+02   1.5347276941e+03
  11069.0000000000   2.7697401140e+03   3.0334516696e+02   1.5349321799e+03
  11070.0000000000   2.7701151613e+03   3.0347240752e+02   1.5351459618e+03
  11071.0000000000   2.7704992805e+03   3.0359370281e+02   1.5353537182e+03
  11072.0000000000   2.7708762690e+03   3.0371379898e+02   1.5355602045e+03
  11073.0000000000   2.7712512956e+03   3.0384283176e+02   1.5357658879e+03
  11074.0000000000   2.7716352502e+03   3.0396563897e+02   1.5359709576e+03
  11075.0000000000   2.7720120274e+03   3.0408705355e+02   1.5361755162e+03
  11076.0000000000   2.7723868322e+03   3.0420758557e+02   1.5363893051e+03
  11077.0000000000   2.7727602502e+03   3.0433712699e+02   1.5365970247e+03
  11078.0000000000   2.7731325462e+03   3.0446045237e+02   1.5368034442e+03
  11079.0000000000   2.7735038770e+03   3.0458237377e+02   1.5370090399e+03
  11080.0000000000   2.7738743494e+03   3.0470339412e+02   1.5372140070e+03
  11081.0000000000   2.7742440418e+03   3.0482372692e+02   1.5374184526e+03
  11082.0000000000   2.7746130152e+03   3.0494349182e+02   1.5376321211e+03
  11083.0000000000   2.7750019571e+03   3.0506276613e+02   1.5378397151e+03
  11084.0000000000   2.7753884994e+03   3.0518160425e+02   1.5380750353e+03
  11085.0000000000   2.7757767325e+03   3.0530004685e+02   1.5382925242e+03
  11086.0000000000   2.7761563319e+03   3.0541812557e+02   1.5385065856e+03
  11087.0000000000   2.7765332251e+03   3.0553586589e+02   1.5387186767e+03
  11088.0000000000   2.7769082912e+03   3.0565328878e+02   1.5389293887e+03
  11089.0000000000   2.7772819449e+03   3.0577041193e+02   1.5391390376e+03
  11090.0000000000   2.7776544302e+03   3.0588725042e+02   1.5393478183e+03
  11091.0000000000   2.7780362275e+03   3.0600381737e+02   1.5395558622e+03
  11092.0000000000   2.7784110879e+03   3.0612012426e+02   1.5397632638e+03
  11093.0000000000   2.7787944668e+03   3.0624585782e+02   1.5399700939e+03
  11094.0000000000   2.7791808666e+03   3.0636568223e+02   1.5401764078e+03
  11095.0000000000   2.7795592135e+03   3.0648434148e+02   1.5403919260e+03
  11096.0000000000   2.7799351776e+03   3.0660229287e+02   1.5406013399e+03
  11097.0000000000   2.7803095183e+03   3.0671971741e+02   1.5408094153e+03
  11098.0000000000   2.7806825857e+03   3.0683671069e+02   1.5410166276e+03
  11099.0000000000   2.7810545850e+03   3.0695333153e+02   1.5412231728e+03
  11100.0000000000   2.7814256527e+03   3.0706961983e+02   1.5414291592e+03
  11101.0000000000   2.7818062058e+03   3.0719528107e+02   1.5416346567e+03
  11102.0000000000   2.7821799549e+03   3.0731499242e+02   1.5418397145e+03
  11103.0000000000   2.7825520088e+03   3.0743350718e+02   1.5420540462e+03
  11104.0000000000   2.7829228951e+03   3.0755128949e+02   1.5422720128e+03
  11105.0000000000   2.7833031581e+03   3.0767820207e+02   1.5424830289e+03
  11106.0000000000   2.7836868821e+03   3.0780867610e+02   1.5426923000e+03
  11107.0000000000   2.7840628388e+03   3.0794184091e+02   1.5429004673e+03
  11108.0000000000   2.7844366205e+03   3.0806757955e+02   1.5431078090e+03
  11109.0000000000   2.7848089405e+03   3.0819128283e+02   1.5433144803e+03
  11110.0000000000   2.7851801183e+03   3.0831368787e+02   1.5435205805e+03
  11111.0000000000   2.7855503377e+03   3.0843513017e+02   1.5437261782e+03
  11112.0000000000   2.7859197191e+03   3.0855580212e+02   1.5439313243e+03
  11113.0000000000   2.7862883482e+03   3.0869518134e+02   1.5441457343e+03
  11114.0000000000   2.7866562897e+03   3.0882266500e+02   1.5443540944e+03
  11115.0000000000   2.7870442326e+03   3.0894778887e+02   1.5445611659e+03
  11116.0000000000   2.7874194902e+03   3.0907150187e+02   1.5447770962e+03
  11117.0000000000   2.7877921974e+03   3.0919419144e+02   1.5449867329e+03
  11118.0000000000   2.7881633424e+03   3.0931606790e+02   1.5451949165e+03
  11119.0000000000   2.7885333219e+03   3.0943726355e+02   1.5454021638e+03
  11120.0000000000   2.7889023483e+03   3.0955786956e+02   1.5456086954e+03
  11121.0000000000   2.7892705539e+03   3.0967795274e+02   1.5458146354e+03
  11122.0000000000   2.7896380298e+03   3.0979756430e+02   1.5460200641e+03
  11123.0000000000   2.7900151615e+03   3.0991674480e+02   1.5462347144e+03
  11124.0000000000   2.7903959557e+03   3.1003552722e+02   1.5464432836e+03
  11125.0000000000   2.7907794586e+03   3.1015393898e+02   1.5466505403e+03
  11126.0000000000   2.7911548698e+03   3.1027200322e+02   1.5468569608e+03
  11127.0000000000   2.7915382524e+03   3.1038973977e+02   1.5470627412e+03
  11128.0000000000   2.7919140273e+03   3.1050716585e+02   1.5472679893e+03
  11129.0000000000   2.7922876034e+03   3.1063397307e+02   1.5474824504e+03
  11130.0000000000   2.7926596673e+03   3.1075482984e+02   1.5476908279e+03
  11131.0000000000   2.7930305403e+03   3.1088416040e+02   1.5479075701e+03
  11132.0000000000   2.7934004133e+03   3.1100708032e+02   1.5481178101e+03
  11133.0000000000   2.7937694145e+03   3.1113818582e+02   1.5483264807e+03
  11134.0000000000   2.7941376363e+03   3.1126267995e+02   1.5485341399e+03
  11135.0000000000   2.7945154680e+03   3.1138553381e+02   1.5487507075e+03
  11136.0000000000   2.7948969203e+03   3.1150732852e+02   1.5489706530e+03
  11137.0000000000   2.7952707244e+03   3.1162832219e+02   1.5491834561e+03
  11138.0000000000   2.7956527667e+03   3.1174866250e+02   1.5493943653e+03
  11139.0000000000   2.7960273804e+03   3.1188779861e+02   1.5496040513e+03
  11140.0000000000   2.7963999237e+03   3.1201510840e+02   1.5498128139e+03
  11141.0000000000   2.7967710518e+03   3.1214011387e+02   1.5500208245e+03
  11142.0000000000   2.7971410647e+03   3.1226375376e+02   1.5502281948e+03
  11143.0000000000   2.7975101384e+03   3.1238640780e+02   1.5504350034e+03
  11144.0000000000   2.7978783902e+03   3.1250828026e+02   1.5506413088e+03
  11145.0000000000   2.7982562236e+03   3.1262949871e+02   1.5508471564e+03
  11146.0000000000   2.7986273386e+03   3.1275015045e+02   1.5510525828e+03
  11147.0000000000   2.7990071552e+03   3.1287997572e+02   1.5512576177e+03
  11148.0000000000   2.7993798301e+03   3.1300367820e+02   1.5514622860e+03
  11149.0000000000   2.7997506337e+03   3.1312603211e+02   1.5516762856e+03
  11150.0000000000   2.8001201697e+03   3.1325719501e+02   1.5518842897e+03
  11151.0000000000   2.8004887055e+03   3.1338202208e+02   1.5520910501e+03
  11152.0000000000   2.8008563949e+03   3.1350536032e+02   1.5522970307e+03
  11153.0000000000   2.8012233392e+03   3.1362773138e+02   1.5525024183e+03
  11154.0000000000   2.8015999301e+03   3.1374936033e+02   1.5527073132e+03
  11155.0000000000   2.8019801777e+03   3.1387037480e+02   1.5529117787e+03
  11156.0000000000   2.8023631308e+03   3.1399085797e+02   1.5531158586e+03
  11157.0000000000   2.8027379910e+03   3.1411086889e+02   1.5533195850e+03
  11158.0000000000   2.8031105033e+03   3.1423045194e+02   1.5535229832e+03
  11159.0000000000   2.8034814536e+03   3.1434964191e+02   1.5537260733e+03
  11160.0000000000   2.8038512013e+03   3.1446846695e+02   1.5539288722e+03
  11161.0000000000   2.8042199541e+03   3.1458695036e+02   1.5541313939e+03
  11162.0000000000   2.8045878478e+03   3.1471478839e+02   1.5543336506e+03
  11163.0000000000   2.8049549786e+03   3.1483665299e+02   1.5545356530e+03
  11164.0000000000   2.8053317372e+03   3.1495729468e+02   1.5547374106e+03
  11165.0000000000   2.8057224540e+03   3.1507717623e+02   1.5549486083e+03
  11166.0000000000   2.8061098153e+03   3.1519648336e+02   1.5551539087e+03
  11167.0000000000   2.8064880745e+03   3.1531531573e+02   1.5553580546e+03
  11168.0000000000   2.8068634580e+03   3.1544341223e+02   1.5555711787e+03
  11169.0000000000   2.8072472580e+03   3.1556547091e+02   1.5557877925e+03
  11170.0000000000   2.8076235665e+03   3.1568625930e+02   1.5560070583e+03
  11171.0000000000   2.8079976992e+03   3.1580625175e+02   1.5562188747e+03
  11172.0000000000   2.8083703095e+03   3.1592564220e+02   1.5564286410e+03
  11173.0000000000   2.8087417059e+03   3.1605421281e+02   1.5566370987e+03
  11174.0000000000   2.8091120749e+03   3.1617668547e+02   1.5568542629e+03
  11175.0000000000   2.8094918628e+03   3.1629784235e+02   1.5570649824e+03
  11176.0000000000   2.8098751181e+03   3.1641816762e+02   1.5572741188e+03
  11177.0000000000   2.8102505989e+03   3.1654753866e+02   1.5574822094e+03
  11178.0000000000   2.8106238924e+03   3.1667072122e+02   1.5577088462e+03
  11179.0000000000   2.8109957108e+03   3.1679252175e+02   1.5579331546e+03
  11180.0000000000   2.8113663744e+03   3.1692311602e+02   1.5581493535e+03
  11181.0000000000   2.8117360681e+03   3.1704737003e+02   1.5583728212e+03
  11182.0000000000   2.8121049141e+03   3.1717013744e+02   1.5585890611e+03
  11183.0000000000   2.8124729998e+03   3.1729194409e+02   1.5588032016e+03
  11184.0000000000   2.8128507105e+03   3.1741301767e+02   1.5590159200e+03
  11185.0000000000   2.8132217345e+03   3.1753348746e+02   1.5592275391e+03
  11186.0000000000   2.8136014839e+03   3.1766311417e+02   1.5594479299e+03
  11187.0000000000   2.8139741097e+03   3.1779628901e+02   1.5596618785e+03
  11188.0000000000   2.8143448781e+03   3.1792244751e+02   1.5598935687e+03
  11189.0000000000   2.8147247091e+03   3.1805648669e+02   1.5601128328e+03
  11190.0000000000   2.8151078230e+03   3.1818371379e+02   1.5603293733e+03
  11191.0000000000   2.8154933775e+03   3.1830915134e+02   1.5605442254e+03
  11192.0000000000   2.8158706385e+03   3.1843341110e+02   1.5607578284e+03
  11193.0000000000   2.8162453935e+03   3.1855677162e+02   1.5609704276e+03
  11194.0000000000   2.8166184574e+03   3.1867939528e+02   1.5611918570e+03
  11195.0000000000   2.8169902107e+03   3.1880138931e+02   1.5614068818e+03
  11196.0000000000   2.8173815151e+03   3.1892283016e+02   1.5616203195e+03
  11197.0000000000   2.8177597911e+03   3.1904377527e+02   1.5618423599e+03
  11198.0000000000   2.8181455642e+03   3.1917394605e+02   1.5620578828e+03
  11199.0000000000   2.8185338287e+03   3.1929803365e+02   1.5622717549e+03
  11200.0000000000   2.8189137050e+03   3.1942080356e+02   1.5624845137e+03
  11201.0000000000   2.8192909641e+03   3.1954273055e+02   1.5626963976e+03
  11202.0000000000   2.8196664261e+03   3.1966401006e+02   1.5629075453e+03
  11203.0000000000   2.8200404809e+03   3.1979442634e+02   1.5631374026e+03
  11204.0000000000   2.8204133615e+03   3.1992838007e+02   1.5633553467e+03
  11205.0000000000   2.8207852245e+03   3.2005531081e+02   1.5635709009e+03
  11206.0000000000   2.8211665023e+03   3.2019011730e+02   1.5637850059e+03
  11207.0000000000   2.8215409173e+03   3.2031810741e+02   1.5639980439e+03
  11208.0000000000   2.8219135877e+03   3.2044430388e+02   1.5642102219e+03
  11209.0000000000   2.8222850484e+03   3.2056931843e+02   1.5644216702e+03
  11210.0000000000   2.8226555310e+03   3.2069342951e+02   1.5646421554e+03
  11211.0000000000   2.8230354886e+03   3.2081679936e+02   1.5648563990e+03
  11212.0000000000   2.8234189662e+03   3.2094921162e+02   1.5650691880e+03
  11213.0000000000   2.8237947158e+03   3.2107539773e+02   1.5653003662e+03
  11214.0000000000   2.8241786375e+03   3.2120015084e+02   1.5655194516e+03
  11215.0000000000   2.8245653931e+03   3.2133364216e+02   1.5657360332e+03
  11216.0000000000   2.8249543032e+03   3.2146073706e+02   1.5659607644e+03
  11217.0000000000   2.8253347147e+03   3.2158629039e+02   1.5661787040e+03
  11218.0000000000   2.8257124620e+03   3.2171082999e+02   1.5663948088e+03
  11219.0000000000   2.8260883902e+03   3.2183458596e+02   1.5666096683e+03
  11220.0000000000   2.8264629007e+03   3.2195769002e+02   1.5668235535e+03
  11221.0000000000   2.8268465514e+03   3.2208022882e+02   1.5670366249e+03
  11222.0000000000   2.8272231381e+03   3.2220226428e+02   1.5672586670e+03
  11223.0000000000   2.8276184644e+03   3.2233351985e+02   1.5674744129e+03
  11224.0000000000   2.8280003690e+03   3.2245868752e+02   1.5676886583e+03
  11225.0000000000   2.8283792069e+03   3.2258253311e+02   1.5679019002e+03
  11226.0000000000   2.8287664070e+03   3.2270553141e+02   1.5681143514e+03
  11227.0000000000   2.8291460796e+03   3.2282787784e+02   1.5683454864e+03
  11228.0000000000   2.8295235409e+03   3.2294967996e+02   1.5685743722e+03
  11229.0000000000   2.8298994426e+03   3.2307100672e+02   1.5687951934e+03
  11230.0000000000   2.8302740915e+03   3.2319190669e+02   1.5690136299e+03
  11231.0000000000   2.8306476734e+03   3.2331241635e+02   1.5692305155e+03
  11232.0000000000   2.8310203152e+03   3.2343256432e+02   1.5694462323e+03
  11233.0000000000   2.8313921107e+03   3.2355237387e+02   1.5696610004e+03
  11234.0000000000   2.8317631321e+03   3.2368154094e+02   1.5698749630e+03
  11235.0000000000   2.8321334375e+03   3.2380473711e+02   1.5700882211e+03
  11236.0000000000   2.8325030746e+03   3.2392671243e+02   1.5703105262e+03
  11237.0000000000   2.8328824026e+03   3.2404792927e+02   1.5705265918e+03
  11238.0000000000   2.8332654109e+03   3.2417824948e+02   1.5707412000e+03
  11239.0000000000   2.8336408157e+03   3.2431210397e+02   1.5709548390e+03
  11240.0000000000   2.8340244920e+03   3.2444862215e+02   1.5711677148e+03
  11241.0000000000   2.8344007645e+03   3.2457768746e+02   1.5713799440e+03
  11242.0000000000   2.8347749851e+03   3.2470469121e+02   1.5716012796e+03
  11243.0000000000   2.8351581232e+03   3.2483037116e+02   1.5718164318e+03
  11244.0000000000   2.8355341107e+03   3.2495506349e+02   1.5720301782e+03
  11245.0000000000   2.8359184901e+03   3.2507896131e+02   1.5722430022e+03
  11246.0000000000   2.8362954921e+03   3.2520218989e+02   1.5724551057e+03
  11247.0000000000   2.8366910734e+03   3.2532483700e+02   1.5726666011e+03
  11248.0000000000   2.8370731437e+03   3.2544696753e+02   1.5728775615e+03
  11249.0000000000   2.8374727333e+03   3.2556863145e+02   1.5730880388e+03
  11250.0000000000   2.8378582463e+03   3.2568986839e+02   1.5732980722e+03
  11251.0000000000   2.8382402702e+03   3.2582038717e+02   1.5735076929e+03
  11252.0000000000   2.8386200390e+03   3.2594486965e+02   1.5737169263e+03
  11253.0000000000   2.8389981014e+03   3.2607775079e+02   1.5739354701e+03
  11254.0000000000   2.8393747729e+03   3.2620415487e+02   1.5741576743e+03
  11255.0000000000   2.8397502593e+03   3.2632900873e+02   1.5743729454e+03
  11256.0000000000   2.8401247065e+03   3.2645286631e+02   1.5745864832e+03
  11257.0000000000   2.8405085426e+03   3.2657596794e+02   1.5747989240e+03
  11258.0000000000   2.8408958075e+03   3.2669844917e+02   1.5750105425e+03
  11259.0000000000   2.8412855746e+03   3.2683007407e+02   1.5752311679e+03
  11260.0000000000   2.8416670658e+03   3.2695555919e+02   1.5754455519e+03
  11261.0000000000   2.8420460435e+03   3.2707968611e+02   1.5756584975e+03
  11262.0000000000   2.8424233082e+03   3.2721261679e+02   1.5758705036e+03
  11263.0000000000   2.8427992318e+03   3.2733920907e+02   1.5760817824e+03
  11264.0000000000   2.8431843520e+03   3.2746431158e+02   1.5762924533e+03
  11265.0000000000   2.8435624503e+03   3.2758844698e+02   1.5765025940e+03
  11266.0000000000   2.8439386815e+03   3.2771184094e+02   1.5767122596e+03
  11267.0000000000   2.8443239235e+03   3.2783462144e+02   1.5769214916e+03
  11268.0000000000   2.8447020607e+03   3.2795687184e+02   1.5771303227e+03
  11269.0000000000   2.8450782896e+03   3.2807865125e+02   1.5773387792e+03
  11270.0000000000   2.8454635076e+03   3.2820000407e+02   1.5775565597e+03
  11271.0000000000   2.8458519284e+03   3.2832096506e+02   1.5777683377e+03
  11272.0000000000   2.8462323903e+03   3.2844156226e+02   1.5779788651e+03
  11273.0000000000   2.8466105252e+03   3.2857149544e+02   1.5781886057e+03
  11274.0000000000   2.8469870734e+03   3.2869543928e+02   1.5783977460e+03
  11275.0000000000   2.8473726925e+03   3.2881814637e+02   1.5786160630e+03
  11276.0000000000   2.8477512170e+03   3.2894008115e+02   1.5788282746e+03
  11277.0000000000   2.8481381477e+03   3.2906143070e+02   1.5790488367e+03
  11278.0000000000   2.8485176953e+03   3.2918229577e+02   1.5792628863e+03
  11279.0000000000   2.8489054870e+03   3.2930273964e+02   1.5794753584e+03
  11280.0000000000   2.8492857907e+03   3.2942280605e+02   1.5796868123e+03
  11281.0000000000   2.8496742646e+03   3.2954252739e+02   1.5798974919e+03
  11282.0000000000   2.8500551953e+03   3.2966192872e+02   1.5801075352e+03
  11283.0000000000   2.8504339339e+03   3.2978103022e+02   1.5803170313e+03
  11284.0000000000   2.8508214583e+03   3.2989984857e+02   1.5805260429e+03
  11285.0000000000   2.8512017116e+03   3.3001839786e+02   1.5807346166e+03
  11286.0000000000   2.8515902466e+03   3.3014636675e+02   1.5809524650e+03
  11287.0000000000   2.8519816228e+03   3.3026842090e+02   1.5811642722e+03
  11288.0000000000   2.8523648034e+03   3.3038930545e+02   1.5813747976e+03
  11289.0000000000   2.8527454837e+03   3.3051915515e+02   1.5815941875e+03
  11290.0000000000   2.8531244418e+03   3.3064280681e+02   1.5818072881e+03
  11291.0000000000   2.8535020414e+03   3.3076509242e+02   1.5820189394e+03
  11292.0000000000   2.8538784988e+03   3.3088652114e+02   1.5822296569e+03
  11293.0000000000   2.8542539587e+03   3.3100730750e+02   1.5824493374e+03
  11294.0000000000   2.8546285263e+03   3.3112757018e+02   1.5826627595e+03
  11295.0000000000   2.8550022817e+03   3.3124738464e+02   1.5828940916e+03
  11296.0000000000   2.8553856076e+03   3.3137647977e+02   1.5831131499e+03
  11297.0000000000   2.8557725108e+03   3.3149954917e+02   1.5833296218e+03
  11298.0000000000   2.8561517209e+03   3.3162135828e+02   1.5835445289e+03
  11299.0000000000   2.8565288047e+03   3.3174238051e+02   1.5837582989e+03
  11300.0000000000   2.8569044593e+03   3.3187248588e+02   1.5839711667e+03
  11301.0000000000   2.8572893124e+03   3.3199643487e+02   1.5841832806e+03
  11302.0000000000   2.8576671764e+03   3.3211902998e+02   1.5844044192e+03
  11303.0000000000   2.8580432168e+03   3.3225044394e+02   1.5846289889e+03
  11304.0000000000   2.8584179951e+03   3.3237554032e+02   1.5848464376e+03
  11305.0000000000   2.8587917591e+03   3.3249917081e+02   1.5850619960e+03
  11306.0000000000   2.8591749718e+03   3.3263153614e+02   1.5852763247e+03
  11307.0000000000   2.8595513654e+03   3.3275751769e+02   1.5854897175e+03
  11308.0000000000   2.8599363794e+03   3.3288197933e+02   1.5857023422e+03
  11309.0000000000   2.8603141832e+03   3.3300545404e+02   1.5859143083e+03
  11310.0000000000   2.8606900558e+03   3.3313785130e+02   1.5861256932e+03
  11311.0000000000   2.8610852458e+03   3.3326395937e+02   1.5863462314e+03
  11312.0000000000   2.8614672977e+03   3.3338860128e+02   1.5865606233e+03
  11313.0000000000   2.8618464697e+03   3.3351228885e+02   1.5867736410e+03
  11314.0000000000   2.8622238258e+03   3.3363524291e+02   1.5869857644e+03
  11315.0000000000   2.8625998127e+03   3.3375758923e+02   1.5871971930e+03
  11316.0000000000   2.8629849974e+03   3.3388908678e+02   1.5874080377e+03
  11317.0000000000   2.8633631744e+03   3.3402412598e+02   1.5876183703e+03
  11318.0000000000   2.8637498238e+03   3.3415214206e+02   1.5878282417e+03
  11319.0000000000   2.8641394629e+03   3.3427835556e+02   1.5880376904e+03
  11320.0000000000   2.8645313466e+03   3.3440341881e+02   1.5882467468e+03
  11321.0000000000   2.8649147872e+03   3.3452761885e+02   1.5884554357e+03
  11322.0000000000   2.8653059182e+03   3.3465111792e+02   1.5886637778e+03
  11323.0000000000   2.8656995276e+03   3.3477402068e+02   1.5888717909e+03
  11324.0000000000   2.8660950144e+03   3.3489640050e+02   1.5890794901e+03
  11325.0000000000   2.8664920971e+03   3.3501831187e+02   1.5892868891e+03
  11326.0000000000   2.8668802835e+03   3.3513979696e+02   1.5894939997e+03
  11327.0000000000   2.8672654970e+03   3.3526088951e+02   1.5897105091e+03
  11328.0000000000   2.8676589590e+03   3.3538161720e+02   1.5899210820e+03
  11329.0000000000   2.8680447473e+03   3.3551167971e+02   1.5901304631e+03
  11330.0000000000   2.8684281806e+03   3.3563575181e+02   1.5903391100e+03
  11331.0000000000   2.8688099214e+03   3.3575858627e+02   1.5905568810e+03
  11332.0000000000   2.8691902885e+03   3.3589032433e+02   1.5907878803e+03
  11333.0000000000   2.8695797981e+03   3.3601580837e+02   1.5910062132e+03
  11334.0000000000   2.8699622235e+03   3.3613987518e+02   1.5912218417e+03
  11335.0000000000   2.8703427174e+03   3.3626303811e+02   1.5914358690e+03
  11336.0000000000   2.8707321586e+03   3.3638551539e+02   1.5916487556e+03
  11337.0000000000   2.8711247529e+03   3.3650742896e+02   1.5918704279e+03
  11338.0000000000   2.8715299736e+03   3.3662885717e+02   1.5920953730e+03
  11339.0000000000   2.8719207249e+03   3.3675953150e+02   1.5923227638e+03
  11340.0000000000   2.8723078485e+03   3.3688414788e+02   1.5925425173e+03
  11341.0000000000   2.8727029632e+03   3.3700747383e+02   1.5927600508e+03
  11342.0000000000   2.8730902770e+03   3.3712998465e+02   1.5929761226e+03
  11343.0000000000   2.8734751645e+03   3.3725187556e+02   1.5931910852e+03
  11344.0000000000   2.8738583154e+03   3.3737325353e+02   1.5934051452e+03
  11345.0000000000   2.8742400634e+03   3.3749418669e+02   1.5936184390e+03
  11346.0000000000   2.8746206139e+03   3.3761472269e+02   1.5938310636e+03
  11347.0000000000   2.8750001089e+03   3.3773489700e+02   1.5940430915e+03
  11348.0000000000   2.8753889729e+03   3.3785473726e+02   1.5942545795e+03
  11349.0000000000   2.8757812431e+03   3.3797426574e+02   1.5944655728e+03
  11350.0000000000   2.8761656718e+03   3.3809350087e+02   1.5946761087e+03
  11351.0000000000   2.8765478433e+03   3.3822213476e+02   1.5948862182e+03
  11352.0000000000   2.8769284688e+03   3.3834483586e+02   1.5950959278e+03
  11353.0000000000   2.8773181877e+03   3.3846635161e+02   1.5953052601e+03
  11354.0000000000   2.8777008219e+03   3.3858714213e+02   1.5955142349e+03
  11355.0000000000   2.8780815449e+03   3.3871706733e+02   1.5957228695e+03
  11356.0000000000   2.8784609254e+03   3.3884087986e+02   1.5959311794e+03
  11357.0000000000   2.8788392168e+03   3.3896337602e+02   1.5961391783e+03
  11358.0000000000   2.8792268876e+03   3.3908504698e+02   1.5963468784e+03
  11359.0000000000   2.8796179936e+03   3.3920609719e+02   1.5965639675e+03
  11360.0000000000   2.8800116143e+03   3.3932663920e+02   1.5967751108e+03
  11361.0000000000   2.8803969732e+03   3.3944674453e+02   1.5969850533e+03
  11362.0000000000   2.8807798323e+03   3.3956646292e+02   1.5972039299e+03
  11363.0000000000   2.8811609906e+03   3.3968583108e+02   1.5974165778e+03
  11364.0000000000   2.8815408183e+03   3.3980487735e+02   1.5976278293e+03
  11365.0000000000   2.8819195322e+03   3.3992362436e+02   1.5978381940e+03
  11366.0000000000   2.8823075949e+03   3.4004209066e+02   1.5980478871e+03
  11367.0000000000   2.8826887454e+03   3.4016029177e+02   1.5982570278e+03
  11368.0000000000   2.8830784307e+03   3.4027824093e+02   1.5984656921e+03
  11369.0000000000   2.8834608278e+03   3.4042497919e+02   1.5986836093e+03
  11370.0000000000   2.8838515413e+03   3.4055448177e+02   1.5989051503e+03
  11371.0000000000   2.8842348235e+03   3.4068096491e+02   1.5991294127e+03
  11372.0000000000   2.8846160018e+03   3.4080578605e+02   1.5993462611e+03
  11373.0000000000   2.8849957182e+03   3.4093915156e+02   1.5995610754e+03
  11374.0000000000   2.8853742667e+03   3.4106599105e+02   1.5997745854e+03
  11375.0000000000   2.8857518211e+03   3.4119120542e+02   1.5999871219e+03
  11376.0000000000   2.8861388173e+03   3.4131535367e+02   1.6001988743e+03
  11377.0000000000   2.8865189762e+03   3.4143868708e+02   1.6004099649e+03
  11378.0000000000   2.8868974131e+03   3.4156135205e+02   1.6006204793e+03
  11379.0000000000   2.8872849786e+03   3.4168344554e+02   1.6008304806e+03
  11380.0000000000   2.8876758560e+03   3.4180503689e+02   1.6010400175e+03
  11381.0000000000   2.8880588625e+03   3.4192617830e+02   1.6012491285e+03
  11382.0000000000   2.8884396151e+03   3.4205658714e+02   1.6014578449e+03
  11383.0000000000   2.8888188425e+03   3.4218095131e+02   1.6016661928e+03
  11384.0000000000   2.8891968743e+03   3.4231371015e+02   1.6018741940e+03
  11385.0000000000   2.8895739018e+03   3.4243999123e+02   1.6020818675e+03
  11386.0000000000   2.8899500506e+03   3.4256472384e+02   1.6022989061e+03
  11387.0000000000   2.8903254107e+03   3.4268846379e+02   1.6025196557e+03
  11388.0000000000   2.8907000500e+03   3.4281145288e+02   1.6027431963e+03
  11389.0000000000   2.8910843410e+03   3.4293382780e+02   1.6029593799e+03
  11390.0000000000   2.8914619632e+03   3.4305567694e+02   1.6031735765e+03
  11391.0000000000   2.8918483221e+03   3.4317706250e+02   1.6033865088e+03
  11392.0000000000   2.8922275640e+03   3.4329803078e+02   1.6035985016e+03
  11393.0000000000   2.8926049514e+03   3.4341861778e+02   1.6038097397e+03
  11394.0000000000   2.8929810821e+03   3.4353885233e+02   1.6040203417e+03
  11395.0000000000   2.8933665380e+03   3.4365875816e+02   1.6042400667e+03
  11396.0000000000   2.8937554246e+03   3.4377835518e+02   1.6044633069e+03
  11397.0000000000   2.8941468459e+03   3.4389766034e+02   1.6046891762e+03
  11398.0000000000   2.8945300381e+03   3.4401668834e+02   1.6049075522e+03
  11399.0000000000   2.8949210892e+03   3.4414512856e+02   1.6051238245e+03
  11400.0000000000   2.8953044381e+03   3.4426764739e+02   1.6053387313e+03
  11401.0000000000   2.8956855068e+03   3.4438899076e+02   1.6055622867e+03
  11402.0000000000   2.8960753114e+03   3.4451929413e+02   1.6057793406e+03
  11403.0000000000   2.8964578171e+03   3.4464339501e+02   1.6060044326e+03
  11404.0000000000   2.8968382715e+03   3.4477580258e+02   1.6062227572e+03
  11405.0000000000   2.8972276068e+03   3.4490168166e+02   1.6064489677e+03
  11406.0000000000   2.8976097418e+03   3.4505501277e+02   1.6066683100e+03
  11407.0000000000   2.8979898959e+03   3.4519033012e+02   1.6068857885e+03
  11408.0000000000   2.8983686640e+03   3.4532209128e+02   1.6071020107e+03
  11409.0000000000   2.8987669546e+03   3.4545178793e+02   1.6073172560e+03
  11410.0000000000   2.8991522005e+03   3.4558003478e+02   1.6075316897e+03
  11411.0000000000   2.8995346109e+03   3.4571684105e+02   1.6077454226e+03
  11412.0000000000   2.8999255443e+03   3.4585674550e+02   1.6079585348e+03
  11413.0000000000   2.9003193892e+03   3.4598927980e+02   1.6081710875e+03
  11414.0000000000   2.9007050719e+03   3.4611973117e+02   1.6083928053e+03
  11415.0000000000   2.9010985955e+03   3.4624880031e+02   1.6086083825e+03
  11416.0000000000   2.9014946889e+03   3.4637681055e+02   1.6088225875e+03
  11417.0000000000   2.9018824001e+03   3.4650395217e+02   1.6090358977e+03
  11418.0000000000   2.9022674740e+03   3.4663035200e+02   1.6092485110e+03
  11419.0000000000   2.9026610392e+03   3.4675610126e+02   1.6094605371e+03
  11420.0000000000   2.9030471173e+03   3.4688126904e+02   1.6096720473e+03
  11421.0000000000   2.9034309899e+03   3.4701558622e+02   1.6098830921e+03
  11422.0000000000   2.9038132932e+03   3.4714375180e+02   1.6100937097e+03
  11423.0000000000   2.9041943266e+03   3.4727053790e+02   1.6103136070e+03
  11424.0000000000   2.9045742725e+03   3.4739642495e+02   1.6105274638e+03
  11425.0000000000   2.9049635755e+03   3.4753128985e+02   1.6107400366e+03
  11426.0000000000   2.9053459647e+03   3.4765989960e+02   1.6109517932e+03
  11427.0000000000   2.9057368819e+03   3.4778706283e+02   1.6111629232e+03
  11428.0000000000   2.9061205012e+03   3.4791328137e+02   1.6113832061e+03
  11429.0000000000   2.9065124261e+03   3.4803876895e+02   1.6115973620e+03
  11430.0000000000   2.9069072274e+03   3.4817332283e+02   1.6118101724e+03
  11431.0000000000   2.9072938688e+03   3.4831135336e+02   1.6120221207e+03
  11432.0000000000   2.9076780427e+03   3.4844230757e+02   1.6122334076e+03
  11433.0000000000   2.9080708426e+03   3.4857141356e+02   1.6124441439e+03
  11434.0000000000   2.9084562648e+03   3.4870900546e+02   1.6126544004e+03
  11435.0000000000   2.9088395723e+03   3.4884002925e+02   1.6128642267e+03
  11436.0000000000   2.9092213870e+03   3.4897906248e+02   1.6130736599e+03
  11437.0000000000   2.9096019970e+03   3.4911131712e+02   1.6132924055e+03
  11438.0000000000   2.9099815757e+03   3.4924177855e+02   1.6135148184e+03
  11439.0000000000   2.9103602414e+03   3.4938071870e+02   1.6137303089e+03
  11440.0000000000   2.9107587191e+03   3.4951306361e+02   1.6139537553e+03
  11441.0000000000   2.9111443486e+03   3.4964370806e+02   1.6141704511e+03
  11442.0000000000   2.9115272845e+03   3.4978288439e+02   1.6143950843e+03
  11443.0000000000   2.9119085309e+03   3.4991549818e+02   1.6146129133e+03
  11444.0000000000   2.9122884969e+03   3.5004643248e+02   1.6148289453e+03
  11445.0000000000   2.9126674054e+03   3.5017623585e+02   1.6150437869e+03
  11446.0000000000   2.9130453976e+03   3.5030515414e+02   1.6152577148e+03
  11447.0000000000   2.9134225719e+03   3.5043333145e+02   1.6154708908e+03
  11448.0000000000   2.9137990012e+03   3.5057054086e+02   1.6156834221e+03
  11449.0000000000   2.9141747425e+03   3.5070150750e+02   1.6159050618e+03
  11450.0000000000   2.9145601606e+03   3.5083102078e+02   1.6161301991e+03
  11451.0000000000   2.9149389296e+03   3.5095957319e+02   1.6163579464e+03
  11452.0000000000   2.9153161316e+03   3.5108737383e+02   1.6165781807e+03
  11453.0000000000   2.9157025931e+03   3.5121454123e+02   1.6167962918e+03
  11454.0000000000   2.9160821598e+03   3.5134115326e+02   1.6170130180e+03
  11455.0000000000   2.9164599986e+03   3.5146726594e+02   1.6172286975e+03
  11456.0000000000   2.9168573027e+03   3.5159292198e+02   1.6174435257e+03
  11457.0000000000   2.9172519031e+03   3.5171815540e+02   1.6176576303e+03
  11458.0000000000   2.9176479917e+03   3.5184299409e+02   1.6178711016e+03
  11459.0000000000   2.9180353036e+03   3.5196746149e+02   1.6180840070e+03
  11460.0000000000   2.9184404423e+03   3.5209157767e+02   1.6182963987e+03
  11461.0000000000   2.9188419035e+03   3.5221536005e+02   1.6185083186e+03
  11462.0000000000   2.9192338565e+03   3.5233882396e+02   1.6187294773e+03
  11463.0000000000   2.9196225679e+03   3.5247165953e+02   1.6189445587e+03
  11464.0000000000   2.9200090598e+03   3.5259853405e+02   1.6191583229e+03
  11465.0000000000   2.9203938308e+03   3.5272419430e+02   1.6193712407e+03
  11466.0000000000   2.9207875004e+03   3.5284910013e+02   1.6195835047e+03
  11467.0000000000   2.9211739067e+03   3.5297343492e+02   1.6197952201e+03
  11468.0000000000   2.9215582457e+03   3.5309729641e+02   1.6200161311e+03
  11469.0000000000   2.9219411074e+03   3.5323042196e+02   1.6202309399e+03
  11470.0000000000   2.9223434024e+03   3.5335750839e+02   1.6204540945e+03
  11471.0000000000   2.9227428870e+03   3.5348332216e+02   1.6206707277e+03
  11472.0000000000   2.9231334121e+03   3.5360833682e+02   1.6208857723e+03
  11473.0000000000   2.9235210725e+03   3.5374242215e+02   1.6210997863e+03
  11474.0000000000   2.9239067865e+03   3.5388001481e+02   1.6213130133e+03
  11475.0000000000   2.9242909846e+03   3.5401057203e+02   1.6215255913e+03
  11476.0000000000   2.9246739203e+03   3.5413932545e+02   1.6217472860e+03
  11477.0000000000   2.9250557625e+03   3.5426693319e+02   1.6219628157e+03
  11478.0000000000   2.9254366321e+03   3.5439368518e+02   1.6221866397e+03
  11479.0000000000   2.9258166209e+03   3.5453909810e+02   1.6224038994e+03
  11480.0000000000   2.9262061201e+03   3.5469194025e+02   1.6226195343e+03
  11481.0000000000   2.9265991436e+03   3.5483106666e+02   1.6228341078e+03
  11482.0000000000   2.9269844262e+03   3.5496690271e+02   1.6230478676e+03
  11483.0000000000   2.9273675393e+03   3.5510073823e+02   1.6232609552e+03
  11484.0000000000   2.9277491835e+03   3.5523313355e+02   1.6234734626e+03
  11485.0000000000   2.9281399897e+03   3.5536440057e+02   1.6236854553e+03
  11486.0000000000   2.9285340922e+03   3.5549473715e+02   1.6238969822e+03
  11487.0000000000   2.9289202947e+03   3.5563395610e+02   1.6241080815e+03
  11488.0000000000   2.9293145304e+03   3.5577648845e+02   1.6243187841e+03
  11489.0000000000   2.9297011644e+03   3.5591180072e+02   1.6245291154e+03
  11490.0000000000   2.9300958975e+03   3.5604513802e+02   1.6247390969e+03
  11491.0000000000   2.9304830385e+03   3.5617717240e+02   1.6249487469e+03
  11492.0000000000   2.9308782702e+03   3.5630820697e+02   1.6251580812e+03
  11493.0000000000   2.9312658957e+03   3.5643841729e+02   1.6253671139e+03
  11494.0000000000   2.9316615962e+03   3.5656791918e+02   1.6255758573e+03
  11495.0000000000   2.9320496748e+03   3.5669679549e+02   1.6257843224e+03
  11496.0000000000   2.9324354945e+03   3.5682510885e+02   1.6260021958e+03
  11497.0000000000   2.9328197231e+03   3.5695290848e+02   1.6262141416e+03
  11498.0000000000   2.9332026744e+03   3.5708023429e+02   1.6264249037e+03
  11499.0000000000   2.9335845377e+03   3.5720711934e+02   1.6266349396e+03
  11500.0000000000   2.9339757609e+03   3.5733359158e+02   1.6268541069e+03
  11501.0000000000   2.9343600747e+03   3.5746935151e+02   1.6270671565e+03
  11502.0000000000   2.9347426026e+03   3.5759907502e+02   1.6272885598e+03
  11503.0000000000   2.9351238828e+03   3.5772751618e+02   1.6275131383e+03
  11504.0000000000   2.9355041490e+03   3.5785514104e+02   1.6277304863e+03
  11505.0000000000   2.9358835370e+03   3.5798213830e+02   1.6279459012e+03
  11506.0000000000   2.9362621378e+03   3.5811828688e+02   1.6281600779e+03
  11507.0000000000   2.9366503373e+03   3.5824830669e+02   1.6283926823e+03
  11508.0000000000   2.9370318234e+03   3.5838665538e+02   1.6286132030e+03
  11509.0000000000   2.9374323265e+03   3.5851847168e+02   1.6288312274e+03
  11510.0000000000   2.9378299523e+03   3.5864869212e+02   1.6290477360e+03
  11511.0000000000   2.9382496102e+03   3.5877787740e+02   1.6292631371e+03
  11512.0000000000   2.9386483391e+03   3.5891594934e+02   1.6294776553e+03
  11513.0000000000   2.9390422203e+03   3.5904770222e+02   1.6297011098e+03
  11514.0000000000   2.9394331260e+03   3.5917796223e+02   1.6299182547e+03
  11515.0000000000   2.9398218656e+03   3.5931691947e+02   1.6301435748e+03
  11516.0000000000   2.9402088902e+03   3.5944945085e+02   1.6303622310e+03
  11517.0000000000   2.9405944863e+03   3.5958041859e+02   1.6305791774e+03
  11518.0000000000   2.9409891710e+03   3.5971035541e+02   1.6307949892e+03
  11519.0000000000   2.9413767251e+03   3.5983949468e+02   1.6310196002e+03
  11520.0000000000   2.9417623091e+03   3.5996797045e+02   1.6312378145e+03
  11521.0000000000   2.9421568087e+03   3.6009587095e+02   1.6314544667e+03
  11522.0000000000   2.9425441161e+03   3.6022325930e+02   1.6316700773e+03
  11523.0000000000   2.9429294350e+03   3.6035018321e+02   1.6318848741e+03
  11524.0000000000   2.9433236695e+03   3.6047668026e+02   1.6320989888e+03
  11525.0000000000   2.9437107201e+03   3.6061245745e+02   1.6323125086e+03
  11526.0000000000   2.9440957937e+03   3.6074219516e+02   1.6325254965e+03
  11527.0000000000   2.9444794769e+03   3.6087065060e+02   1.6327380006e+03
  11528.0000000000   2.9448620338e+03   3.6099829203e+02   1.6329500590e+03
  11529.0000000000   2.9452436211e+03   3.6112530972e+02   1.6331617028e+03
  11530.0000000000   2.9456243447e+03   3.6125180714e+02   1.6333729580e+03
  11531.0000000000   2.9460146014e+03   3.6137784992e+02   1.6335838467e+03
  11532.0000000000   2.9463980878e+03   3.6150348386e+02   1.6337943881e+03
  11533.0000000000   2.9467799026e+03   3.6162874313e+02   1.6340045988e+03
  11534.0000000000   2.9471605660e+03   3.6175365440e+02   1.6342144936e+03
  11535.0000000000   2.9475402976e+03   3.6187823929e+02   1.6344240855e+03
  11536.0000000000   2.9479192222e+03   3.6200251575e+02   1.6346333863e+03
  11537.0000000000   2.9482974220e+03   3.6212649904e+02   1.6348520832e+03
  11538.0000000000   2.9486852755e+03   3.6225020233e+02   1.6350648409e+03
  11539.0000000000   2.9490664647e+03   3.6237363719e+02   1.6352764041e+03
  11540.0000000000   2.9494460765e+03   3.6250649038e+02   1.6354872307e+03
  11541.0000000000   2.9498349404e+03   3.6263342615e+02   1.6356975023e+03
  11542.0000000000   2.9502169041e+03   3.6276886511e+02   1.6359073154e+03
  11543.0000000000   2.9505971355e+03   3.6289791968e+02   1.6361167293e+03
  11544.0000000000   2.9509865099e+03   3.6302550681e+02   1.6363257846e+03
  11545.0000000000   2.9513689034e+03   3.6315217200e+02   1.6365345109e+03
  11546.0000000000   2.9517495030e+03   3.6327814845e+02   1.6367429310e+03
  11547.0000000000   2.9521288778e+03   3.6340356553e+02   1.6369510629e+03
  11548.0000000000   2.9525072774e+03   3.6352850541e+02   1.6371589216e+03
  11549.0000000000   2.9528951648e+03   3.6365302488e+02   1.6373665195e+03
  11550.0000000000   2.9532762709e+03   3.6377716562e+02   1.6375738673e+03
  11551.0000000000   2.9536660332e+03   3.6391063608e+02   1.6377906510e+03
  11552.0000000000   2.9540486194e+03   3.6404779318e+02   1.6380015339e+03
  11553.0000000000   2.9544293064e+03   3.6417804835e+02   1.6382112592e+03
  11554.0000000000   2.9548190220e+03   3.6431628092e+02   1.6384202833e+03
  11555.0000000000   2.9552016725e+03   3.6444778456e+02   1.6386384630e+03
  11556.0000000000   2.9555824644e+03   3.6458724768e+02   1.6388602249e+03
  11557.0000000000   2.9559619802e+03   3.6471992853e+02   1.6390750179e+03
  11558.0000000000   2.9563404795e+03   3.6485083440e+02   1.6392880671e+03
  11559.0000000000   2.9567284323e+03   3.6498057162e+02   1.6395000247e+03
  11560.0000000000   2.9571198945e+03   3.6511909324e+02   1.6397111761e+03
  11561.0000000000   2.9575139443e+03   3.6525121588e+02   1.6399313572e+03
  11562.0000000000   2.9579101222e+03   3.6538178219e+02   1.6401453247e+03
  11563.0000000000   2.9582978243e+03   3.6551131827e+02   1.6403578844e+03
  11564.0000000000   2.9586828975e+03   3.6564973221e+02   1.6405792140e+03
  11565.0000000000   2.9590765085e+03   3.6578181313e+02   1.6407941821e+03
  11566.0000000000   2.9594626935e+03   3.6591238583e+02   1.6410076447e+03
  11567.0000000000   2.9598467394e+03   3.6605164079e+02   1.6412298062e+03
  11568.0000000000   2.9602396021e+03   3.6618445606e+02   1.6414455513e+03
  11569.0000000000   2.9606252161e+03   3.6631569530e+02   1.6416597464e+03
  11570.0000000000   2.9610088115e+03   3.6644589276e+02   1.6418826035e+03
  11571.0000000000   2.9614013099e+03   3.6657528330e+02   1.6420990124e+03
  11572.0000000000   2.9617866235e+03   3.6670400234e+02   1.6423138440e+03
  11573.0000000000   2.9621699674e+03   3.6684181594e+02   1.6425276365e+03
  11574.0000000000   2.9625519335e+03   3.6698311997e+02   1.6427406276e+03
  11575.0000000000   2.9629327902e+03   3.6712703059e+02   1.6429529544e+03
  11576.0000000000   2.9633126964e+03   3.6726342700e+02   1.6431647071e+03
  11577.0000000000   2.9636917601e+03   3.6739770037e+02   1.6433759507e+03
  11578.0000000000   2.9640906984e+03   3.6753059017e+02   1.6435867340e+03
  11579.0000000000   2.9644871639e+03   3.6766243518e+02   1.6437970957e+03
  11580.0000000000   2.9648749423e+03   3.6779343138e+02   1.6440070669e+03
  11581.0000000000   2.9652704028e+03   3.6792370701e+02   1.6442166734e+03
  11582.0000000000   2.9656683862e+03   3.6805335273e+02   1.6444259371e+03
  11583.0000000000   2.9660579844e+03   3.6818243617e+02   1.6446348766e+03
  11584.0000000000   2.9664449613e+03   3.6831100988e+02   1.6448435081e+03
  11585.0000000000   2.9668301353e+03   3.6843911590e+02   1.6450518459e+03
  11586.0000000000   2.9672242145e+03   3.6856678873e+02   1.6452599025e+03
  11587.0000000000   2.9676213867e+03   3.6869405722e+02   1.6454676893e+03
  11588.0000000000   2.9680104946e+03   3.6883062245e+02   1.6456945693e+03
  11589.0000000000   2.9683971813e+03   3.6896116063e+02   1.6459195383e+03
  11590.0000000000   2.9687821982e+03   3.6909042597e+02   1.6461367314e+03
  11591.0000000000   2.9691762132e+03   3.6921888455e+02   1.6463517916e+03
  11592.0000000000   2.9695733884e+03   3.6934672503e+02   1.6465752008e+03
  11593.0000000000   2.9699625492e+03   3.6947404967e+02   1.6467919735e+03
  11594.0000000000   2.9703493267e+03   3.6960092316e+02   1.6470070468e+03
  11595.0000000000   2.9707447826e+03   3.6972739064e+02   1.6472209984e+03
  11596.0000000000   2.9711328957e+03   3.6985348571e+02   1.6474340904e+03
  11597.0000000000   2.9715189183e+03   3.6997923464e+02   1.6476464760e+03
  11598.0000000000   2.9719034656e+03   3.7010465874e+02   1.6478679331e+03
  11599.0000000000   2.9722971406e+03   3.7022977569e+02   1.6480928659e+03
  11600.0000000000   2.9726837497e+03   3.7035460058e+02   1.6483107199e+03
  11601.0000000000   2.9730787787e+03   3.7048882298e+02   1.6485363999e+03
  11602.0000000000   2.9734767481e+03   3.7061710939e+02   1.6487552193e+03
  11603.0000000000   2.9738665965e+03   3.7074420576e+02   1.6489818822e+03
  11604.0000000000   2.9742540025e+03   3.7087057104e+02   1.6492016597e+03
  11605.0000000000   2.9746397325e+03   3.7099638769e+02   1.6494195695e+03
  11606.0000000000   2.9750241415e+03   3.7114110565e+02   1.6496459033e+03
  11607.0000000000   2.9754177582e+03   3.7127409499e+02   1.6498752766e+03
  11608.0000000000   2.9758043585e+03   3.7140486821e+02   1.6500972483e+03
  11609.0000000000   2.9761994128e+03   3.7153435484e+02   1.6503171164e+03
  11610.0000000000   2.9765871139e+03   3.7166292630e+02   1.6505355860e+03
  11611.0000000000   2.9769727586e+03   3.7179077957e+02   1.6507529822e+03
  11612.0000000000   2.9773672907e+03   3.7191803579e+02   1.6509694958e+03
  11613.0000000000   2.9777546302e+03   3.7204477674e+02   1.6511852539e+03
  11614.0000000000   2.9781503136e+03   3.7217106125e+02   1.6514003474e+03
  11615.0000000000   2.9785385694e+03   3.7230661024e+02   1.6516148452e+03
  11616.0000000000   2.9789350347e+03   3.7243611345e+02   1.6518288014e+03
  11617.0000000000   2.9793239838e+03   3.7256433458e+02   1.6520422597e+03
  11618.0000000000   2.9797210788e+03   3.7270142297e+02   1.6522552563e+03
  11619.0000000000   2.9801106092e+03   3.7283222719e+02   1.6524678215e+03
  11620.0000000000   2.9804979283e+03   3.7296158879e+02   1.6526799815e+03
  11621.0000000000   2.9808836964e+03   3.7309002488e+02   1.6528917587e+03
  11622.0000000000   2.9812888599e+03   3.7321775666e+02   1.6531031728e+03
  11623.0000000000   2.9816911947e+03   3.7334490845e+02   1.6533142412e+03
  11624.0000000000   2.9820845628e+03   3.7347156055e+02   1.6535346560e+03
  11625.0000000000   2.9824750655e+03   3.7360744603e+02   1.6537587625e+03
  11626.0000000000   2.9828739441e+03   3.7373726212e+02   1.6539759642e+03
  11627.0000000000   2.9832652674e+03   3.7386577744e+02   1.6541914580e+03
  11628.0000000000   2.9836543405e+03   3.7399346820e+02   1.6544058784e+03
  11629.0000000000   2.9840418125e+03   3.7412053039e+02   1.6546194985e+03
  11630.0000000000   2.9844279906e+03   3.7425674816e+02   1.6548421460e+03
  11631.0000000000   2.9848130617e+03   3.7438684528e+02   1.6550585715e+03
  11632.0000000000   2.9852074736e+03   3.7452528222e+02   1.6552735771e+03
  11633.0000000000   2.9855949575e+03   3.7465719977e+02   1.6554876610e+03
  11634.0000000000   2.9859909569e+03   3.7479721251e+02   1.6557010345e+03
  11635.0000000000   2.9863796469e+03   3.7493053731e+02   1.6559138166e+03
  11636.0000000000   2.9867663127e+03   3.7506215598e+02   1.6561260842e+03
  11637.0000000000   2.9871515706e+03   3.7519265813e+02   1.6563475688e+03
  11638.0000000000   2.9875356985e+03   3.7533198525e+02   1.6565629663e+03
  11639.0000000000   2.9879188591e+03   3.7546494567e+02   1.6567770448e+03
  11640.0000000000   2.9883114809e+03   3.7560605250e+02   1.6569902802e+03
  11641.0000000000   2.9886972792e+03   3.7574048226e+02   1.6572028683e+03
  11642.0000000000   2.9890813656e+03   3.7587319873e+02   1.6574149167e+03
  11643.0000000000   2.9894745875e+03   3.7600478301e+02   1.6576264944e+03
  11644.0000000000   2.9898608073e+03   3.7613549612e+02   1.6578376495e+03
  11645.0000000000   2.9902452042e+03   3.7626548970e+02   1.6580484181e+03
  11646.0000000000   2.9906283438e+03   3.7639486410e+02   1.6582685050e+03
  11647.0000000000   2.9910104740e+03   3.7652369120e+02   1.6584825881e+03
  11648.0000000000   2.9913917380e+03   3.7665202533e+02   1.6586954220e+03
  11649.0000000000   2.9917722309e+03   3.7677990917e+02   1.6589074729e+03
  11650.0000000000   2.9921520215e+03   3.7690737724e+02   1.6591189286e+03
  11651.0000000000   2.9925414816e+03   3.7703445813e+02   1.6593298908e+03
  11652.0000000000   2.9929242894e+03   3.7716117594e+02   1.6595404231e+03
  11653.0000000000   2.9933158487e+03   3.7728755131e+02   1.6597505696e+03
  11654.0000000000   2.9937106235e+03   3.7741360214e+02   1.6599603631e+03
  11655.0000000000   2.9941078303e+03   3.7753934411e+02   1.6601795053e+03
  11656.0000000000   2.9944967521e+03   3.7766479110e+02   1.6603926715e+03
  11657.0000000000   2.9948934995e+03   3.7779963203e+02   1.6606046144e+03
  11658.0000000000   2.9952825237e+03   3.7792853310e+02   1.6608157980e+03
  11659.0000000000   2.9956692535e+03   3.7805624016e+02   1.6610264085e+03
  11660.0000000000   2.9960543901e+03   3.7818321219e+02   1.6612365461e+03
  11661.0000000000   2.9964382652e+03   3.7831930834e+02   1.6614753029e+03
  11662.0000000000   2.9968210778e+03   3.7844928069e+02   1.6616966868e+03
  11663.0000000000   2.9972236006e+03   3.7857792521e+02   1.6619149370e+03
  11664.0000000000   2.9976235224e+03   3.7870573286e+02   1.6621314272e+03
  11665.0000000000   2.9980146543e+03   3.7883290797e+02   1.6623563762e+03
  11666.0000000000   2.9984030649e+03   3.7895956306e+02   1.6625747230e+03
  11667.0000000000   2.9987896534e+03   3.7908576970e+02   1.6627913761e+03
  11668.0000000000   2.9991748359e+03   3.7921157766e+02   1.6630069008e+03
  11669.0000000000   2.9995691738e+03   3.7934670033e+02   1.6632215532e+03
  11670.0000000000   2.9999667815e+03   3.7947582124e+02   1.6634548371e+03
  11671.0000000000   3.0003564587e+03   3.7961337551e+02   1.6636761632e+03
  11672.0000000000   3.0007438205e+03   3.7974448675e+02   1.6639047520e+03
  11673.0000000000   3.0011399179e+03   3.7988375726e+02   1.6641262131e+03
  11674.0000000000   3.0015287218e+03   3.8001639471e+02   1.6643456740e+03
  11675.0000000000   3.0019154785e+03   3.8014737385e+02   1.6645637981e+03
  11676.0000000000   3.0023007984e+03   3.8027727865e+02   1.6647808946e+03
  11677.0000000000   3.0026849616e+03   3.8040636950e+02   1.6650068230e+03
  11678.0000000000   3.0030681353e+03   3.8053479592e+02   1.6652263600e+03
  11679.0000000000   3.0034504329e+03   3.8066265552e+02   1.6654443291e+03
  11680.0000000000   3.0038319378e+03   3.8079001723e+02   1.6656612460e+03
  11681.0000000000   3.0042127143e+03   3.8091693250e+02   1.6658773371e+03
  11682.0000000000   3.0046031331e+03   3.8104344123e+02   1.6660927333e+03
  11683.0000000000   3.0049971919e+03   3.8117925190e+02   1.6663075223e+03
  11684.0000000000   3.0053939319e+03   3.8130904575e+02   1.6665217677e+03
  11685.0000000000   3.0057825500e+03   3.8144725701e+02   1.6667451948e+03
  11686.0000000000   3.0061687885e+03   3.8157900917e+02   1.6669624975e+03
  11687.0000000000   3.0065534315e+03   3.8171890482e+02   1.6671784436e+03
  11688.0000000000   3.0069368376e+03   3.8185215219e+02   1.6673935095e+03
  11689.0000000000   3.0073192141e+03   3.8198372669e+02   1.6676078923e+03
  11690.0000000000   3.0077006969e+03   3.8211421302e+02   1.6678217011e+03
  11691.0000000000   3.0080917013e+03   3.8224387229e+02   1.6680350063e+03
  11692.0000000000   3.0084862548e+03   3.8237285475e+02   1.6682478576e+03
  11693.0000000000   3.0088834192e+03   3.8250125867e+02   1.6684602928e+03
  11694.0000000000   3.0092724061e+03   3.8262915367e+02   1.6686723414e+03
  11695.0000000000   3.0096589688e+03   3.8275659179e+02   1.6688840279e+03
  11696.0000000000   3.0100438998e+03   3.8288361354e+02   1.6690953724e+03
  11697.0000000000   3.0104275638e+03   3.8301025138e+02   1.6693160689e+03
  11698.0000000000   3.0108101733e+03   3.8314620854e+02   1.6695307874e+03
  11699.0000000000   3.0112021871e+03   3.8328583899e+02   1.6697539535e+03
  11700.0000000000   3.0115873408e+03   3.8342822917e+02   1.6699706839e+03
  11701.0000000000   3.0119810786e+03   3.8356323620e+02   1.6701858990e+03
  11702.0000000000   3.0123675748e+03   3.8369623430e+02   1.6704098242e+03
  11703.0000000000   3.0127727510e+03   3.8382794957e+02   1.6706370271e+03
  11704.0000000000   3.0131644934e+03   3.8395870993e+02   1.6708667068e+03
  11705.0000000000   3.0135531779e+03   3.8408870250e+02   1.6710887885e+03
  11706.0000000000   3.0139399241e+03   3.8422772459e+02   1.6713183674e+03
  11707.0000000000   3.0143252104e+03   3.8437019217e+02   1.6715408554e+03
  11708.0000000000   3.0147196236e+03   3.8450555836e+02   1.6717613387e+03
  11709.0000000000   3.0151069716e+03   3.8464873318e+02   1.6719804707e+03
  11710.0000000000   3.0154924251e+03   3.8478503379e+02   1.6721985594e+03
  11711.0000000000   3.0158765533e+03   3.8491949048e+02   1.6724254651e+03
  11712.0000000000   3.0162596111e+03   3.8505272122e+02   1.6726459665e+03
  11713.0000000000   3.0166417493e+03   3.8519468617e+02   1.6728648882e+03
  11714.0000000000   3.0170333889e+03   3.8533020697e+02   1.6730827476e+03
  11715.0000000000   3.0174182411e+03   3.8546413017e+02   1.6733094486e+03
  11716.0000000000   3.0178014141e+03   3.8559698504e+02   1.6735297783e+03
  11717.0000000000   3.0181834344e+03   3.8572900585e+02   1.6737485609e+03
  11718.0000000000   3.0185645262e+03   3.8587000560e+02   1.6739663104e+03
  11719.0000000000   3.0189551365e+03   3.8600473046e+02   1.6741832505e+03
  11720.0000000000   3.0193389859e+03   3.8613798223e+02   1.6744091863e+03
  11721.0000000000   3.0197211860e+03   3.8627993776e+02   1.6746288581e+03
  11722.0000000000   3.0201125826e+03   3.8641546642e+02   1.6748470635e+03
  11723.0000000000   3.0204970353e+03   3.8655910266e+02   1.6750642994e+03
  11724.0000000000   3.0209003591e+03   3.8670570838e+02   1.6752807774e+03
  11725.0000000000   3.0212903888e+03   3.8684490652e+02   1.6754966175e+03
  11726.0000000000   3.0216774705e+03   3.8698201616e+02   1.6757215750e+03
  11727.0000000000   3.0220627043e+03   3.8712742602e+02   1.6759403616e+03
  11728.0000000000   3.0224568739e+03   3.8726611798e+02   1.6761577560e+03
  11729.0000000000   3.0228438726e+03   3.8741269485e+02   1.6763742421e+03
  11730.0000000000   3.0232289147e+03   3.8755238716e+02   1.6765900222e+03
  11731.0000000000   3.0236229129e+03   3.8769019447e+02   1.6768052088e+03
  11732.0000000000   3.0240097733e+03   3.8782672330e+02   1.6770198752e+03
  11733.0000000000   3.0244050255e+03   3.8796225356e+02   1.6772340731e+03
  11734.0000000000   3.0248032126e+03   3.8809695156e+02   1.6774671948e+03
  11735.0000000000   3.0251932862e+03   3.8825028241e+02   1.6776885815e+03
  11736.0000000000   3.0255809323e+03   3.8839163764e+02   1.6779077300e+03
  11737.0000000000   3.0259669219e+03   3.8853055112e+02   1.6781352375e+03
  11738.0000000000   3.0263516128e+03   3.8866797193e+02   1.6783561258e+03
  11739.0000000000   3.0267352163e+03   3.8880428885e+02   1.6785753248e+03
  11740.0000000000   3.0271178730e+03   3.8894939072e+02   1.6787934042e+03
  11741.0000000000   3.0274996845e+03   3.8908806728e+02   1.6790202963e+03
  11742.0000000000   3.0278910466e+03   3.8922514799e+02   1.6792408043e+03
  11743.0000000000   3.0282756564e+03   3.8936115211e+02   1.6794597619e+03
  11744.0000000000   3.0286689324e+03   3.8949630762e+02   1.6796776889e+03
  11745.0000000000   3.0290550314e+03   3.8963074699e+02   1.6798948122e+03
  11746.0000000000   3.0294495433e+03   3.8977423524e+02   1.6801112625e+03
  11747.0000000000   3.0298470279e+03   3.8991149179e+02   1.6803271261e+03
  11748.0000000000   3.0302364402e+03   3.9004730185e+02   1.6805424652e+03
  11749.0000000000   3.0306234649e+03   3.9018215472e+02   1.6807670037e+03
  11750.0000000000   3.0310191892e+03   3.9031625710e+02   1.6809854339e+03
  11751.0000000000   3.0314076041e+03   3.9044972563e+02   1.6812025221e+03
  11752.0000000000   3.0317939676e+03   3.9058263673e+02   1.6814187436e+03
  11753.0000000000   3.0321788974e+03   3.9071504525e+02   1.6816342940e+03
  11754.0000000000   3.0325729972e+03   3.9085666953e+02   1.6818492814e+03
  11755.0000000000   3.0329600732e+03   3.9099219792e+02   1.6820637750e+03
  11756.0000000000   3.0333452908e+03   3.9112639352e+02   1.6822778237e+03
  11757.0000000000   3.0337292141e+03   3.9125972915e+02   1.6825011409e+03
  11758.0000000000   3.0341120939e+03   3.9139239874e+02   1.6827184105e+03
  11759.0000000000   3.0345043965e+03   3.9152450879e+02   1.6829343918e+03
  11760.0000000000   3.0348898572e+03   3.9165612745e+02   1.6831495542e+03
  11761.0000000000   3.0352839181e+03   3.9178730275e+02   1.6833737655e+03
  11762.0000000000   3.0356707510e+03   3.9191807076e+02   1.6835917843e+03
  11763.0000000000   3.0360556372e+03   3.9204845986e+02   1.6838084123e+03
  11764.0000000000   3.0364598271e+03   3.9217849318e+02   1.6840241453e+03
  11765.0000000000   3.0368611857e+03   3.9230819005e+02   1.6842391916e+03
  11766.0000000000   3.0372536090e+03   3.9243756699e+02   1.6844536671e+03
  11767.0000000000   3.0376432124e+03   3.9256663831e+02   1.6846676464e+03
  11768.0000000000   3.0380309235e+03   3.9270509316e+02   1.6848811820e+03
  11769.0000000000   3.0384171768e+03   3.9283759784e+02   1.6850943130e+03
  11770.0000000000   3.0388022269e+03   3.9296889819e+02   1.6853264230e+03
  11771.0000000000   3.0391862420e+03   3.9310912974e+02   1.6855565233e+03
  11772.0000000000   3.0395693417e+03   3.9324313009e+02   1.6857787609e+03
  11773.0000000000   3.0399722542e+03   3.9338540858e+02   1.6859987885e+03
  11774.0000000000   3.0403829599e+03   3.9352113021e+02   1.6862270958e+03
  11775.0000000000   3.0407892073e+03   3.9365524612e+02   1.6864487036e+03
  11776.0000000000   3.0411857388e+03   3.9378832558e+02   1.6866685547e+03
  11777.0000000000   3.0415789750e+03   3.9392061905e+02   1.6868872311e+03
  11778.0000000000   3.0419699909e+03   3.9405226896e+02   1.6871049989e+03
  11779.0000000000   3.0423593052e+03   3.9418336763e+02   1.6873316911e+03
  11780.0000000000   3.0427472253e+03   3.9431397996e+02   1.6875520671e+03
  11781.0000000000   3.0431339550e+03   3.9444415420e+02   1.6877709380e+03
  11782.0000000000   3.0435299588e+03   3.9457392771e+02   1.6879888105e+03
  11783.0000000000   3.0439189817e+03   3.9471300689e+02   1.6882155799e+03
  11784.0000000000   3.0443061589e+03   3.9484607128e+02   1.6884360269e+03
  11785.0000000000   3.0447023570e+03   3.9497787714e+02   1.6886549701e+03
  11786.0000000000   3.0450914539e+03   3.9510889173e+02   1.6888729191e+03
  11787.0000000000   3.0454786419e+03   3.9523930430e+02   1.6890900935e+03
  11788.0000000000   3.0458644970e+03   3.9536921731e+02   1.6893259720e+03
  11789.0000000000   3.0462492763e+03   3.9550837198e+02   1.6895499471e+03
  11790.0000000000   3.0466434495e+03   3.9564146824e+02   1.6897715497e+03
  11791.0000000000   3.0470307543e+03   3.9577327516e+02   1.6899917243e+03
  11792.0000000000   3.0474266345e+03   3.9590426844e+02   1.6902108550e+03
  11793.0000000000   3.0478152633e+03   3.9603464312e+02   1.6904291496e+03
  11794.0000000000   3.0482019229e+03   3.9616450576e+02   1.6906467384e+03
  11795.0000000000   3.0485975458e+03   3.9629392399e+02   1.6908637111e+03
  11796.0000000000   3.0489860427e+03   3.9643262146e+02   1.6910801335e+03
  11797.0000000000   3.0493829430e+03   3.9656528817e+02   1.6912960563e+03
  11798.0000000000   3.0497724690e+03   3.9669668704e+02   1.6915211960e+03
  11799.0000000000   3.0501702529e+03   3.9683696628e+02   1.6917402405e+03
  11800.0000000000   3.0505708836e+03   3.9697097320e+02   1.6919579528e+03
  11801.0000000000   3.0509633369e+03   3.9710354812e+02   1.6921748060e+03
  11802.0000000000   3.0513636321e+03   3.9723520700e+02   1.6923909942e+03
  11803.0000000000   3.0517561855e+03   3.9736617000e+02   1.6926356539e+03
  11804.0000000000   3.0521567305e+03   3.9749656049e+02   1.6928628186e+03
  11805.0000000000   3.0525702365e+03   3.9762645791e+02   1.6930867439e+03
  11806.0000000000   3.0529693560e+03   3.9776559457e+02   1.6933088155e+03
  11807.0000000000   3.0533648685e+03   3.9790834358e+02   1.6935392613e+03
  11808.0000000000   3.0537580546e+03   3.9805380456e+02   1.6937630274e+03
  11809.0000000000   3.0541494807e+03   3.9819184404e+02   1.6939850284e+03
  11810.0000000000   3.0545394700e+03   3.9832784317e+02   1.6942058343e+03
  11811.0000000000   3.0549282335e+03   3.9846253322e+02   1.6944257057e+03
  11812.0000000000   3.0553159202e+03   3.9859624609e+02   1.6946447971e+03
  11813.0000000000   3.0557026417e+03   3.9872917202e+02   1.6948632123e+03
  11814.0000000000   3.0560884847e+03   3.9886143423e+02   1.6950810265e+03
  11815.0000000000   3.0564838379e+03   3.9899311904e+02   1.6952982974e+03
  11816.0000000000   3.0568723947e+03   3.9912429029e+02   1.6955344236e+03
  11817.0000000000   3.0572592534e+03   3.9925499715e+02   1.6957587522e+03
  11818.0000000000   3.0576552537e+03   3.9938527867e+02   1.6959807856e+03
  11819.0000000000   3.0580442529e+03   3.9952484320e+02   1.6962014498e+03
  11820.0000000000   3.0584314272e+03   3.9965837223e+02   1.6964211155e+03
  11821.0000000000   3.0588173403e+03   3.9979062391e+02   1.6966399809e+03
  11822.0000000000   3.0592125580e+03   3.9992206721e+02   1.6968581695e+03
  11823.0000000000   3.0596111782e+03   4.0006256953e+02   1.6970757654e+03
  11824.0000000000   3.0600123012e+03   4.0019688987e+02   1.6973025069e+03
  11825.0000000000   3.0604154809e+03   4.0032982999e+02   1.6975230963e+03
  11826.0000000000   3.0608101218e+03   4.0046188580e+02   1.6977423067e+03
  11827.0000000000   3.0612020774e+03   4.0060294243e+02   1.6979606186e+03
  11828.0000000000   3.0615921997e+03   4.0073777113e+02   1.6981782318e+03
  11829.0000000000   3.0619912118e+03   4.0087118246e+02   1.6983952573e+03
  11830.0000000000   3.0623829896e+03   4.0100367886e+02   1.6986117668e+03
  11831.0000000000   3.0627727431e+03   4.0113547384e+02   1.6988278114e+03
  11832.0000000000   3.0631713857e+03   4.0126668744e+02   1.6990434295e+03
  11833.0000000000   3.0635628262e+03   4.0140707399e+02   1.6992586513e+03
  11834.0000000000   3.0639522781e+03   4.0154134358e+02   1.6994735017e+03
  11835.0000000000   3.0643506518e+03   4.0167427330e+02   1.6996880013e+03
  11836.0000000000   3.0647418515e+03   4.0180634529e+02   1.6999021677e+03
  11837.0000000000   3.0651310869e+03   4.0194743640e+02   1.7001256929e+03
  11838.0000000000   3.0655189456e+03   4.0208231268e+02   1.7003432452e+03
  11839.0000000000   3.0659160121e+03   4.0222545777e+02   1.7005595724e+03
  11840.0000000000   3.0663060792e+03   4.0237170337e+02   1.7007848115e+03
  11841.0000000000   3.0667046224e+03   4.0251065222e+02   1.7010038016e+03
  11842.0000000000   3.0670958354e+03   4.0265728533e+02   1.7012213764e+03
  11843.0000000000   3.0674850144e+03   4.0279695878e+02   1.7014380469e+03
  11844.0000000000   3.0678727826e+03   4.0294440288e+02   1.7016637059e+03
  11845.0000000000   3.0682594226e+03   4.0308490577e+02   1.7018831286e+03
  11846.0000000000   3.0686554191e+03   4.0322349706e+02   1.7021108042e+03
  11847.0000000000   3.0690445196e+03   4.0336080036e+02   1.7023415679e+03
  11848.0000000000   3.0694318551e+03   4.0349710587e+02   1.7025650244e+03
  11849.0000000000   3.0698282862e+03   4.0363258625e+02   1.7027864797e+03
  11850.0000000000   3.0702176844e+03   4.0376735759e+02   1.7030066354e+03
  11851.0000000000   3.0706052358e+03   4.0390150384e+02   1.7032258100e+03
  11852.0000000000   3.0709915106e+03   4.0403508889e+02   1.7034441870e+03
  11853.0000000000   3.0713870798e+03   4.0416816307e+02   1.7036715625e+03
  11854.0000000000   3.0717757258e+03   4.0430076721e+02   1.7038926762e+03
  11855.0000000000   3.0721625963e+03   4.0443293512e+02   1.7041123265e+03
  11856.0000000000   3.0725688798e+03   4.0456469530e+02   1.7043310119e+03
  11857.0000000000   3.0729724078e+03   4.0469607212e+02   1.7045489456e+03
  11858.0000000000   3.0733773746e+03   4.0483676325e+02   1.7047662487e+03
  11859.0000000000   3.0737735182e+03   4.0498111878e+02   1.7049830008e+03
  11860.0000000000   3.0741668072e+03   4.0511854589e+02   1.7051992588e+03
  11861.0000000000   3.0745581489e+03   4.0525424477e+02   1.7054150662e+03
  11862.0000000000   3.0749479789e+03   4.0538885253e+02   1.7056304573e+03
  11863.0000000000   3.0753468755e+03   4.0552264453e+02   1.7058454601e+03
  11864.0000000000   3.0757386482e+03   4.0566545042e+02   1.7060600978e+03
  11865.0000000000   3.0761284716e+03   4.0580202269e+02   1.7062743905e+03
  11866.0000000000   3.0765375573e+03   4.0593716464e+02   1.7064883552e+03
  11867.0000000000   3.0769334367e+03   4.0607137584e+02   1.7067020069e+03
  11868.0000000000   3.0773263650e+03   4.0620486878e+02   1.7069153589e+03
  11869.0000000000   3.0777174069e+03   4.0633776332e+02   1.7071284230e+03
  11870.0000000000   3.0781070121e+03   4.0647013746e+02   1.7073508863e+03
  11871.0000000000   3.0784954317e+03   4.0660204665e+02   1.7075674135e+03
  11872.0000000000   3.0789034662e+03   4.0673353266e+02   1.7077827491e+03
  11873.0000000000   3.0792985021e+03   4.0687430485e+02   1.7079973509e+03
  11874.0000000000   3.0796907255e+03   4.0700904491e+02   1.7082114006e+03
  11875.0000000000   3.0800811629e+03   4.0714251074e+02   1.7084249941e+03
  11876.0000000000   3.0804908779e+03   4.0727517094e+02   1.7086381909e+03
  11877.0000000000   3.0808976971e+03   4.0740721587e+02   1.7088510315e+03
  11878.0000000000   3.0813058272e+03   4.0753874895e+02   1.7090635451e+03
  11879.0000000000   3.0817050199e+03   4.0766983570e+02   1.7092854311e+03
  11880.0000000000   3.0821012562e+03   4.0780052173e+02   1.7095110389e+03
  11881.0000000000   3.0824954541e+03   4.0794051753e+02   1.7097297742e+03
  11882.0000000000   3.0828983772e+03   4.0807450462e+02   1.7099468350e+03
  11883.0000000000   3.0833042477e+03   4.0820724016e+02   1.7101628560e+03
  11884.0000000000   3.0837019319e+03   4.0833919172e+02   1.7103781100e+03
  11885.0000000000   3.0840970896e+03   4.0847054855e+02   1.7105927476e+03
  11886.0000000000   3.0845008040e+03   4.0860141296e+02   1.7108068638e+03
  11887.0000000000   3.0848970702e+03   4.0873184937e+02   1.7110205238e+03
  11888.0000000000   3.0853014724e+03   4.0886190236e+02   1.7112337748e+03
  11889.0000000000   3.0856982721e+03   4.0899160493e+02   1.7114466532e+03
  11890.0000000000   3.0860928118e+03   4.0913065917e+02   1.7116591872e+03
  11891.0000000000   3.0864960677e+03   4.0926374068e+02   1.7118714000e+03
  11892.0000000000   3.0868919838e+03   4.0940527875e+02   1.7120929872e+03
  11893.0000000000   3.0872857961e+03   4.0954039260e+02   1.7123086198e+03
  11894.0000000000   3.0876884309e+03   4.0967400456e+02   1.7125424005e+03
  11895.0000000000   3.0880941231e+03   4.0980666455e+02   1.7127737778e+03
  11896.0000000000   3.0885020463e+03   4.0993860936e+02   1.7130067395e+03
  11897.0000000000   3.0889014821e+03   4.1006997135e+02   1.7132413514e+03
  11898.0000000000   3.0892982317e+03   4.1021051176e+02   1.7134678640e+03
  11899.0000000000   3.0896931224e+03   4.1034494462e+02   1.7136918580e+03
  11900.0000000000   3.0900865457e+03   4.1047804921e+02   1.7139141838e+03
  11901.0000000000   3.0904787352e+03   4.1061030889e+02   1.7141352510e+03
  11902.0000000000   3.0908698477e+03   4.1074192458e+02   1.7143553033e+03
  11903.0000000000   3.0912703162e+03   4.1088268395e+02   1.7145841797e+03
  11904.0000000000   3.0916638635e+03   4.1102698990e+02   1.7148066504e+03
  11905.0000000000   3.0920556088e+03   4.1116428332e+02   1.7150275378e+03
  11906.0000000000   3.0924564069e+03   4.1130946373e+02   1.7152473586e+03
  11907.0000000000   3.0928501267e+03   4.1145751593e+02   1.7154663402e+03
  11908.0000000000   3.0932419534e+03   4.1159811783e+02   1.7156846155e+03
  11909.0000000000   3.0936324576e+03   4.1173661691e+02   1.7159022737e+03
  11910.0000000000   3.0940218920e+03   4.1187374125e+02   1.7161193797e+03
  11911.0000000000   3.0944104040e+03   4.1200982709e+02   1.7163359836e+03
  11912.0000000000   3.0947980923e+03   4.1214507055e+02   1.7165521253e+03
  11913.0000000000   3.0952056671e+03   4.1227960072e+02   1.7167678376e+03
  11914.0000000000   3.0956004563e+03   4.1241350917e+02   1.7169831480e+03
  11915.0000000000   3.0959926052e+03   4.1254686435e+02   1.7171980801e+03
  11916.0000000000   3.0964037484e+03   4.1268939595e+02   1.7174126541e+03
  11917.0000000000   3.0968221991e+03   4.1283547809e+02   1.7176365644e+03
  11918.0000000000   3.0972255479e+03   4.1297453643e+02   1.7178544816e+03
  11919.0000000000   3.0976249913e+03   4.1311178565e+02   1.7180711556e+03
  11920.0000000000   3.0980219553e+03   4.1324787444e+02   1.7182967252e+03
  11921.0000000000   3.0984170718e+03   4.1338308755e+02   1.7185257076e+03
  11922.0000000000   3.0988106988e+03   4.1351758580e+02   1.7187475934e+03
  11923.0000000000   3.0992030667e+03   4.1365147299e+02   1.7189773071e+03
  11924.0000000000   3.0996149745e+03   4.1378482201e+02   1.7192001711e+03
  11925.0000000000   3.1000138132e+03   4.1391768709e+02   1.7194212167e+03
  11926.0000000000   3.1004097748e+03   4.1405011038e+02   1.7196410611e+03
  11927.0000000000   3.1008142103e+03   4.1418212567e+02   1.7198599860e+03
  11928.0000000000   3.1012215059e+03   4.1431376076e+02   1.7200781560e+03
  11929.0000000000   3.1016205877e+03   4.1444503900e+02   1.7202956797e+03
  11930.0000000000   3.1020171407e+03   4.1457598030e+02   1.7205126346e+03
  11931.0000000000   3.1024222588e+03   4.1470660193e+02   1.7207387552e+03
  11932.0000000000   3.1028199419e+03   4.1483691896e+02   1.7209587420e+03
  11933.0000000000   3.1032154565e+03   4.1496694476e+02   1.7211773670e+03
  11934.0000000000   3.1036094283e+03   4.1509669124e+02   1.7214047866e+03
  11935.0000000000   3.1040124681e+03   4.1523584563e+02   1.7216355318e+03
  11936.0000000000   3.1044083886e+03   4.1536907268e+02   1.7218591040e+03
  11937.0000000000   3.1048126802e+03   4.1550111701e+02   1.7220904370e+03
  11938.0000000000   3.1052095482e+03   4.1563243650e+02   1.7223245372e+03
