E_cm1  rho_reactant_cm  rho_MECP_shifted_LZ  rho_MECP_internal_WC
      1.0000000000   9.3754358997e-03   0.0000000000e+00   9.5404251665e-03
      2.0000000000   1.3258868602e-02   0.0000000000e+00   1.3492198661e-02
      3.0000000000   1.6238731321e-02   0.0000000000e+00   1.6524501114e-02
      4.0000000000   1.8750871799e-02   0.0000000000e+00   1.9080850333e-02
      5.0000000000   2.0964111990e-02   0.0000000000e+00   2.1333039207e-02
      6.0000000000   2.2965034070e-02   0.0000000000e+00   2.3369173587e-02
      7.0000000000   2.4805071823e-02   0.0000000000e+00   2.5241592392e-02
      8.0000000000   2.6517737205e-02   0.0000000000e+00   2.6984397323e-02
      9.0000000000   2.8126307699e-02   0.0000000000e+00   2.8621275500e-02
     10.0000000000   2.9647731500e-02   0.0000000000e+00   3.0169473373e-02
     11.0000000000   3.1094803125e-02   0.0000000000e+00   3.1642010618e-02
     12.0000000000   3.2477462643e-02   0.0000000000e+00   3.3049002228e-02
     13.0000000000   3.3803614866e-02   0.0000000000e+00   3.4398492128e-02
     14.0000000000   3.5079668988e-02   0.0000000000e+00   3.5697002297e-02
     15.0000000000   3.6310907103e-02   0.0000000000e+00   3.6949907786e-02
     16.0000000000   3.7501743599e-02   0.0000000000e+00   3.8161700666e-02
     17.0000000000   3.8655912501e-02   0.0000000000e+00   3.9336180675e-02
     18.0000000000   3.9776605807e-02   0.0000000000e+00   4.0476595984e-02
     19.0000000000   4.0866577638e-02   0.0000000000e+00   4.1585749179e-02
     20.0000000000   4.1928223981e-02   0.0000000000e+00   4.2666078413e-02
     21.0000000000   4.2963644684e-02   0.0000000000e+00   4.3719720488e-02
     22.0000000000   4.3974692299e-02   0.0000000000e+00   4.4748560556e-02
     23.0000000000   4.4963011032e-02   0.0000000000e+00   4.5754271759e-02
     24.0000000000   4.5930068141e-02   0.0000000000e+00   4.6738347174e-02
     25.0000000000   4.6877179498e-02   0.0000000000e+00   4.7702125833e-02
     26.0000000000   4.7805530601e-02   0.0000000000e+00   4.8646814092e-02
     27.0000000000   4.8716193964e-02   0.0000000000e+00   4.9573503343e-02
     28.0000000000   4.9610143647e-02   0.0000000000e+00   5.0483184785e-02
     29.0000000000   5.0488267459e-02   0.0000000000e+00   5.1376761852e-02
     30.0000000000   5.1351377287e-02   0.0000000000e+00   5.2255060719e-02
     31.0000000000   5.2200217888e-02   0.0000000000e+00   5.3118839248e-02
     32.0000000000   5.3035474410e-02   0.0000000000e+00   5.3968794645e-02
     33.0000000000   5.3857778864e-02   0.0000000000e+00   5.4805570044e-02
     34.0000000000   5.4667715724e-02   0.0000000000e+00   5.5629760202e-02
     35.0000000000   5.5465826784e-02   0.0000000000e+00   5.6441916450e-02
     36.0000000000   5.6252615398e-02   0.0000000000e+00   5.7242550999e-02
     37.0000000000   5.7028550196e-02   0.0000000000e+00   5.8032140726e-02
     38.0000000000   6.7169504244e-02   0.0000000000e+00   6.8351555657e-02
     39.0000000000   7.1808447030e-02   0.0000000000e+00   7.3072134730e-02
     40.0000000000   7.5534194321e-02   0.0000000000e+00   7.6863447859e-02
     41.0000000000   7.8782952645e-02   0.0000000000e+00   8.0169377952e-02
     42.0000000000   8.1723880991e-02   0.0000000000e+00   8.3162060863e-02
     43.0000000000   8.4443878621e-02   0.0000000000e+00   8.5929925112e-02
     44.0000000000   9.6370113974e-02   0.0000000000e+00   8.8525613628e-02
     45.0000000000   1.0266894178e-01   0.0000000000e+00   1.0052394011e-01
     46.0000000000   1.0795233903e-01   0.0000000000e+00   1.0681978582e-01
     47.0000000000   1.1267335356e-01   0.0000000000e+00   1.1209983417e-01
     48.0000000000   1.1701384040e-01   0.0000000000e+00   1.1682086541e-01
     49.0000000000   1.2107054801e-01   0.0000000000e+00   1.2116501760e-01
     50.0000000000   1.2490302970e-01   0.0000000000e+00   1.2522865902e-01
     51.0000000000   1.2855141066e-01   0.0000000000e+00   1.2907085819e-01
     52.0000000000   1.3204444453e-01   0.0000000000e+00   1.3273128936e-01
     53.0000000000   1.3540367871e-01   0.0000000000e+00   1.3623831977e-01
     54.0000000000   1.3864581784e-01   0.0000000000e+00   1.3961317481e-01
     55.0000000000   1.4178416199e-01   0.0000000000e+00   1.4287229329e-01
     56.0000000000   1.4482953048e-01   0.0000000000e+00   1.4602875600e-01
     57.0000000000   1.4779088177e-01   0.0000000000e+00   1.4909320099e-01
     58.0000000000   1.6005118027e-01   0.0000000000e+00   1.5207443619e-01
     59.0000000000   1.6674939410e-01   0.0000000000e+00   1.5497986454e-01
     60.0000000000   1.7247946906e-01   0.0000000000e+00   1.5781578800e-01
     61.0000000000   1.7768204094e-01   0.0000000000e+00   1.7012805558e-01
     62.0000000000   1.8253012522e-01   0.0000000000e+00   1.7679230336e-01
     63.0000000000   1.8711400412e-01   0.0000000000e+00   1.8248184156e-01
     64.0000000000   1.9148839767e-01   0.0000000000e+00   1.8764383342e-01
     65.0000000000   1.9568975388e-01   0.0000000000e+00   1.9245331120e-01
     66.0000000000   1.9974398750e-01   0.0000000000e+00   1.9700127644e-01
     67.0000000000   2.0367042716e-01   0.0000000000e+00   2.0134267045e-01
     68.0000000000   2.1685946141e-01   0.0000000000e+00   2.1505437026e-01
     69.0000000000   2.2445555583e-01   0.0000000000e+00   2.2303311799e-01
     70.0000000000   2.3105684350e-01   0.0000000000e+00   2.2996728235e-01
     71.0000000000   2.3710722724e-01   0.0000000000e+00   2.3631517585e-01
     72.0000000000   2.4278232495e-01   0.0000000000e+00   2.5180075980e-01
     73.0000000000   2.4817452980e-01   0.0000000000e+00   2.6139260558e-01
     74.0000000000   2.5334030154e-01   0.0000000000e+00   2.6982013772e-01
     75.0000000000   2.6769297827e-01   0.0000000000e+00   2.7756763075e-01
     76.0000000000   2.7639226651e-01   0.0000000000e+00   2.9437666961e-01
     77.0000000000   2.8404698166e-01   0.0000000000e+00   3.0522843416e-01
     78.0000000000   3.0048427102e-01   0.0000000000e+00   3.1486174156e-01
     79.0000000000   3.1101821696e-01   0.0000000000e+00   3.2376809087e-01
     80.0000000000   3.2033423400e-01   0.0000000000e+00   3.3215434460e-01
     81.0000000000   3.2892827844e-01   0.0000000000e+00   3.4013535820e-01
     82.0000000000   3.3701003310e-01   0.0000000000e+00   3.4778454373e-01
     83.0000000000   3.4469566502e-01   0.0000000000e+00   3.5515302950e-01
     84.0000000000   3.5205903026e-01   0.0000000000e+00   3.6227854288e-01
     85.0000000000   3.5915123215e-01   0.0000000000e+00   3.7873052869e-01
     86.0000000000   3.6600972705e-01   0.0000000000e+00   3.8940294144e-01
     87.0000000000   3.8203857722e-01   0.0000000000e+00   3.9898369245e-01
     88.0000000000   3.9239292832e-01   0.0000000000e+00   4.0793183426e-01
     89.0000000000   4.1105491880e-01   0.0000000000e+00   4.1643225278e-01
     90.0000000000   4.2360803713e-01   0.0000000000e+00   4.4366508874e-01
     91.0000000000   4.3482219451e-01   0.0000000000e+00   4.5943419131e-01
     92.0000000000   4.4523059196e-01   0.0000000000e+00   4.7312045585e-01
     93.0000000000   4.5506276159e-01   0.0000000000e+00   4.8564202602e-01
     94.0000000000   4.7382230461e-01   0.0000000000e+00   4.9736631385e-01
     95.0000000000   4.8672357853e-01   0.0000000000e+00   5.0848842358e-01
     96.0000000000   4.9841174534e-01   0.0000000000e+00   5.1912842099e-01
     97.0000000000   5.0936430935e-01   0.0000000000e+00   5.2936731287e-01
     98.0000000000   5.1978198664e-01   0.0000000000e+00   5.4880373726e-01
     99.0000000000   5.2977657072e-01   0.0000000000e+00   5.6235241729e-01
    100.0000000000   5.3941993177e-01   0.0000000000e+00   5.7471666093e-01
    101.0000000000   5.4876248772e-01   0.0000000000e+00   5.8636731617e-01
    102.0000000000   5.5784173768e-01   0.0000000000e+00   5.9749855135e-01
    103.0000000000   5.7606219830e-01   0.0000000000e+00   6.1775755163e-01
    104.0000000000   5.8857969947e-01   0.0000000000e+00   6.3208336823e-01
    105.0000000000   6.0000175044e-01   0.0000000000e+00   6.4519282017e-01
    106.0000000000   6.1078014352e-01   0.0000000000e+00   6.5756484630e-01
    107.0000000000   6.2109724019e-01   0.0000000000e+00   6.7893917974e-01
    108.0000000000   6.3105127211e-01   0.0000000000e+00   6.9429693061e-01
    109.0000000000   6.4070380844e-01   0.0000000000e+00   7.0837778856e-01
    110.0000000000   6.5009726351e-01   0.0000000000e+00   7.2167462430e-01
    111.0000000000   6.5926279897e-01   0.0000000000e+00   7.3439592620e-01
    112.0000000000   6.7759983188e-01   0.0000000000e+00   7.4665828976e-01
    113.0000000000   6.9963546731e-01   0.0000000000e+00   7.5853689963e-01
    114.0000000000   7.1510633971e-01   0.0000000000e+00   7.7962506668e-01
    115.0000000000   7.3842524330e-01   0.0000000000e+00   7.9483315573e-01
    116.0000000000   7.5534053305e-01   0.0000000000e+00   8.0886102267e-01
    117.0000000000   7.8008108033e-01   0.0000000000e+00   8.3171723056e-01
    118.0000000000   7.9836168974e-01   0.0000000000e+00   8.4846474461e-01
    119.0000000000   8.1503195236e-01   0.0000000000e+00   8.6387783352e-01
    120.0000000000   8.3067766107e-01   0.0000000000e+00   8.7846682481e-01
    121.0000000000   8.5494062391e-01   0.0000000000e+00   8.9245010786e-01
    122.0000000000   8.7310855189e-01   0.0000000000e+00   9.1549081032e-01
    123.0000000000   8.8987214399e-01   0.0000000000e+00   9.3253905722e-01
    124.0000000000   9.0573994754e-01   0.0000000000e+00   9.4831969731e-01
    125.0000000000   9.2093519553e-01   0.0000000000e+00   9.6331770124e-01
    126.0000000000   9.3558675123e-01   0.0000000000e+00   9.7773704426e-01
    127.0000000000   9.4977986094e-01   0.0000000000e+00   9.9169161732e-01
    128.0000000000   9.6357569853e-01   0.0000000000e+00   1.0052549336e+00
    129.0000000000   9.7702059389e-01   0.0000000000e+00   1.0184788291e+00
    130.0000000000   9.9952643912e-01   0.0000000000e+00   1.0409425112e+00
    131.0000000000   1.0162553133e+00   0.0000000000e+00   1.0575471722e+00
    132.0000000000   1.0318200862e+00   0.0000000000e+00   1.0729863753e+00
    133.0000000000   1.0466771972e+00   0.0000000000e+00   1.0877237647e+00
    134.0000000000   1.0610130742e+00   0.0000000000e+00   1.1019480726e+00
    135.0000000000   1.0749295363e+00   0.0000000000e+00   1.1443831638e+00
    136.0000000000   1.0978667765e+00   0.0000000000e+00   1.1697066937e+00
    137.0000000000   1.1243780572e+00   0.0000000000e+00   1.1919712958e+00
    138.0000000000   1.1442180997e+00   0.0000000000e+00   1.2125409271e+00
    139.0000000000   1.1624374866e+00   0.0000000000e+00   1.2319568739e+00
    140.0000000000   1.1796621044e+00   0.0000000000e+00   1.2505042479e+00
    141.0000000000   1.1961649229e+00   0.0000000000e+00   1.2683572034e+00
    142.0000000000   1.2120987995e+00   0.0000000000e+00   1.2856324676e+00
    143.0000000000   1.2275614274e+00   0.0000000000e+00   1.3119538703e+00
    144.0000000000   1.2426206922e+00   0.0000000000e+00   1.3322547858e+00
    145.0000000000   1.2573265867e+00   0.0000000000e+00   1.3512528579e+00
    146.0000000000   1.2717175319e+00   0.0000000000e+00   1.3694302861e+00
    147.0000000000   1.2858240356e+00   0.0000000000e+00   1.3869904482e+00
    148.0000000000   1.2996709529e+00   0.0000000000e+00   1.4040477275e+00
    149.0000000000   1.3132789590e+00   0.0000000000e+00   1.4206766696e+00
    150.0000000000   1.3454164195e+00   0.0000000000e+00   1.4369303941e+00
    151.0000000000   1.3663634705e+00   0.0000000000e+00   1.4528490620e+00
    152.0000000000   1.3853100213e+00   0.0000000000e+00   1.4780047566e+00
    153.0000000000   1.4031392150e+00   0.0000000000e+00   1.4972941382e+00
    154.0000000000   1.4201988331e+00   0.0000000000e+00   1.5154078105e+00
    155.0000000000   1.4460465235e+00   0.0000000000e+00   1.5328074584e+00
    156.0000000000   1.4659258451e+00   0.0000000000e+00   1.5592209389e+00
    157.0000000000   1.4844996052e+00   0.0000000000e+00   1.5891613372e+00
    158.0000000000   1.5022568881e+00   0.0000000000e+00   1.6122331004e+00
    159.0000000000   1.5194065144e+00   0.0000000000e+00   1.6335936949e+00
    160.0000000000   1.5360662536e+00   0.0000000000e+00   1.6538916678e+00
    161.0000000000   1.5523125755e+00   0.0000000000e+00   1.6734127710e+00
    162.0000000000   1.5681995672e+00   0.0000000000e+00   1.6923182711e+00
    163.0000000000   1.5837677438e+00   0.0000000000e+00   1.7107118336e+00
    164.0000000000   1.5990487281e+00   0.0000000000e+00   1.7286657999e+00
    165.0000000000   1.6140679770e+00   0.0000000000e+00   1.7462336091e+00
    166.0000000000   1.6288464835e+00   0.0000000000e+00   1.7634564234e+00
    167.0000000000   1.6434018961e+00   0.0000000000e+00   1.7803669817e+00
    168.0000000000   1.6577492883e+00   0.0000000000e+00   1.7969919906e+00
    169.0000000000   1.6719017046e+00   0.0000000000e+00   1.8133536866e+00
    170.0000000000   1.6858705606e+00   0.0000000000e+00   1.8390113249e+00
    171.0000000000   1.6996659415e+00   0.0000000000e+00   1.8588520005e+00
    172.0000000000   1.7226722681e+00   0.0000000000e+00   1.8775589508e+00
    173.0000000000   1.7494055989e+00   0.0000000000e+00   1.8955880378e+00
    174.0000000000   1.7695942085e+00   0.0000000000e+00   1.9131219923e+00
    175.0000000000   1.7882689898e+00   0.0000000000e+00   1.9302586871e+00
    176.0000000000   1.8060406477e+00   0.0000000000e+00   1.9470592429e+00
    177.0000000000   1.8325455563e+00   0.0000000000e+00   1.9635657053e+00
    178.0000000000   1.8530593876e+00   0.0000000000e+00   1.9798089865e+00
    179.0000000000   1.8722602294e+00   0.0000000000e+00   2.0053533616e+00
    180.0000000000   1.8906450852e+00   0.0000000000e+00   2.0441696855e+00
    181.0000000000   1.9084270644e+00   0.0000000000e+00   2.0802251117e+00
    182.0000000000   1.9257262806e+00   0.0000000000e+00   2.1081856539e+00
    183.0000000000   1.9426204458e+00   0.0000000000e+00   2.1433310634e+00
    184.0000000000   1.9591642392e+00   0.0000000000e+00   2.1714173116e+00
    185.0000000000   1.9753983743e+00   0.0000000000e+00   2.1975225811e+00
    186.0000000000   1.9913544303e+00   0.0000000000e+00   2.2223249735e+00
    187.0000000000   2.0070576719e+00   0.0000000000e+00   2.2461474168e+00
    188.0000000000   2.0412796811e+00   0.0000000000e+00   2.2691829799e+00
    189.0000000000   2.0643028926e+00   0.0000000000e+00   2.2915608785e+00
    190.0000000000   2.0853188822e+00   0.0000000000e+00   2.3229142341e+00
    191.0000000000   2.1145874490e+00   0.0000000000e+00   2.3481837260e+00
    192.0000000000   2.1375898344e+00   0.0000000000e+00   2.3720929168e+00
    193.0000000000   2.1684727832e+00   0.0000000000e+00   2.3951288967e+00
    194.0000000000   2.1929161914e+00   0.0000000000e+00   2.4174991437e+00
    195.0000000000   2.2157520471e+00   0.0000000000e+00   2.4488619448e+00
    196.0000000000   2.2375562761e+00   0.0000000000e+00   2.4741657506e+00
    197.0000000000   2.2585893176e+00   0.0000000000e+00   2.4981354403e+00
    198.0000000000   2.2790025799e+00   0.0000000000e+00   2.5212569416e+00
    199.0000000000   2.2988958931e+00   0.0000000000e+00   2.5437356817e+00
    200.0000000000   2.3277157772e+00   0.0000000000e+00   2.5656872511e+00
    201.0000000000   2.3506481258e+00   0.0000000000e+00   2.5871869676e+00
    202.0000000000   2.3723229378e+00   0.0000000000e+00   2.6178289184e+00
    203.0000000000   2.3932094106e+00   0.0000000000e+00   2.6425246068e+00
    204.0000000000   2.4228791806e+00   0.0000000000e+00   2.6659752257e+00
    205.0000000000   2.4559497254e+00   0.0000000000e+00   2.6981907740e+00
    206.0000000000   2.4822129226e+00   0.0000000000e+00   2.7242356908e+00
    207.0000000000   2.5067433012e+00   0.0000000000e+00   2.7488857198e+00
    208.0000000000   2.5301833703e+00   0.0000000000e+00   2.7726526416e+00
    209.0000000000   2.5528182746e+00   0.0000000000e+00   2.7957562624e+00
    210.0000000000   2.5748101573e+00   0.0000000000e+00   2.8183206580e+00
    211.0000000000   2.5962640176e+00   0.0000000000e+00   2.8404263556e+00
    212.0000000000   2.6172536351e+00   0.0000000000e+00   2.8621302984e+00
    213.0000000000   2.6378338537e+00   0.0000000000e+00   2.8834751650e+00
    214.0000000000   2.6580471547e+00   0.0000000000e+00   2.9235751640e+00
    215.0000000000   2.6779274928e+00   0.0000000000e+00   2.9521990555e+00
    216.0000000000   2.6975026845e+00   0.0000000000e+00   2.9787074574e+00
    217.0000000000   2.7261714120e+00   0.0000000000e+00   3.0040061783e+00
    218.0000000000   2.7490859826e+00   0.0000000000e+00   3.0284548956e+00
    219.0000000000   2.7708518340e+00   0.0000000000e+00   3.0522438006e+00
    220.0000000000   2.7919196273e+00   0.0000000000e+00   3.0754898531e+00
    221.0000000000   2.8218466535e+00   0.0000000000e+00   3.0982721516e+00
    222.0000000000   2.8458636219e+00   0.0000000000e+00   3.1206478151e+00
    223.0000000000   2.8779961766e+00   0.0000000000e+00   3.1426601158e+00
    224.0000000000   2.9038555463e+00   0.0000000000e+00   3.1643430525e+00
    225.0000000000   2.9376061264e+00   0.0000000000e+00   3.1952645370e+00
    226.0000000000   2.9649275259e+00   0.0000000000e+00   3.2203182288e+00
    227.0000000000   2.9906482417e+00   0.0000000000e+00   3.2441924716e+00
    228.0000000000   3.0153405967e+00   0.0000000000e+00   3.2768876122e+00
    229.0000000000   3.0486374026e+00   0.0000000000e+00   3.3034605940e+00
    230.0000000000   3.0758201657e+00   0.0000000000e+00   3.3286811811e+00
    231.0000000000   3.1015752059e+00   0.0000000000e+00   3.3530562791e+00
    232.0000000000   3.1264079324e+00   0.0000000000e+00   3.3768016477e+00
    233.0000000000   3.1599147449e+00   0.0000000000e+00   3.4095783778e+00
    234.0000000000   3.1967308587e+00   0.0000000000e+00   3.4363350096e+00
    235.0000000000   3.2266613269e+00   0.0000000000e+00   3.4617951569e+00
    236.0000000000   3.2547907589e+00   0.0000000000e+00   3.4864428297e+00
    237.0000000000   3.2817695673e+00   0.0000000000e+00   3.5104812611e+00
    238.0000000000   3.3078892239e+00   0.0000000000e+00   3.5340237743e+00
    239.0000000000   3.3333170273e+00   0.0000000000e+00   3.5571434567e+00
    240.0000000000   3.3581622442e+00   0.0000000000e+00   3.5798918339e+00
    241.0000000000   3.3825022341e+00   0.0000000000e+00   3.6023074724e+00
    242.0000000000   3.4157703171e+00   0.0000000000e+00   3.6244205038e+00
    243.0000000000   3.4431441450e+00   0.0000000000e+00   3.6462552382e+00
    244.0000000000   3.4692483669e+00   0.0000000000e+00   3.6773722087e+00
    245.0000000000   3.4945486242e+00   0.0000000000e+00   3.7026593043e+00
    246.0000000000   3.5192387268e+00   0.0000000000e+00   3.7268002536e+00
    247.0000000000   3.5434265491e+00   0.0000000000e+00   3.7502512177e+00
    248.0000000000   3.5671819096e+00   0.0000000000e+00   3.7731951021e+00
    249.0000000000   3.5905543738e+00   0.0000000000e+00   3.7957298745e+00
    250.0000000000   3.6135813727e+00   0.0000000000e+00   3.8179166988e+00
    251.0000000000   3.6362924374e+00   0.0000000000e+00   3.8397976311e+00
    252.0000000000   3.6587116315e+00   0.0000000000e+00   3.8614035739e+00
    253.0000000000   3.6808590522e+00   0.0000000000e+00   3.8827583559e+00
    254.0000000000   3.7027518123e+00   0.0000000000e+00   3.9038810310e+00
    255.0000000000   3.7244047114e+00   0.0000000000e+00   3.9343276966e+00
    256.0000000000   3.7458307123e+00   0.0000000000e+00   3.9589824584e+00
    257.0000000000   3.7670412898e+00   0.0000000000e+00   3.9825257877e+00
    258.0000000000   3.7880466929e+00   0.0000000000e+00   4.0054110176e+00
    259.0000000000   3.8088561462e+00   0.0000000000e+00   4.0278185802e+00
    260.0000000000   3.8388534434e+00   0.0000000000e+00   4.0593846905e+00
    261.0000000000   3.8631787616e+00   0.0000000000e+00   4.0850395057e+00
    262.0000000000   3.8864275103e+00   0.0000000000e+00   4.1094925432e+00
    263.0000000000   3.9184173923e+00   0.0000000000e+00   4.1332166841e+00
    264.0000000000   3.9444557209e+00   0.0000000000e+00   4.1564061646e+00
    265.0000000000   3.9785984464e+00   0.0000000000e+00   4.1791668934e+00
    266.0000000000   4.0064705273e+00   0.0000000000e+00   4.2111061716e+00
    267.0000000000   4.0328675047e+00   0.0000000000e+00   4.2371411732e+00
    268.0000000000   4.0583395532e+00   0.0000000000e+00   4.2619751127e+00
    269.0000000000   4.0831280671e+00   0.0000000000e+00   4.3051585549e+00
    270.0000000000   4.1073698756e+00   0.0000000000e+00   4.3557068532e+00
    271.0000000000   4.1311533430e+00   0.0000000000e+00   4.3928053873e+00
    272.0000000000   4.1639157758e+00   0.0000000000e+00   4.4267461549e+00
    273.0000000000   4.1908355325e+00   0.0000000000e+00   4.4588060093e+00
    274.0000000000   4.2259117952e+00   0.0000000000e+00   4.4895389040e+00
    275.0000000000   4.2547410688e+00   0.0000000000e+00   4.5192521226e+00
    276.0000000000   4.2821035271e+00   0.0000000000e+00   4.5481396440e+00
    277.0000000000   4.3085406779e+00   0.0000000000e+00   4.5763343596e+00
    278.0000000000   4.3342889275e+00   0.0000000000e+00   4.6039326473e+00
    279.0000000000   4.3594822374e+00   0.0000000000e+00   4.6310074107e+00
    280.0000000000   4.3842073718e+00   0.0000000000e+00   4.6576156184e+00
    281.0000000000   4.4179008119e+00   0.0000000000e+00   4.6838029526e+00
    282.0000000000   4.4457405729e+00   0.0000000000e+00   4.7096068260e+00
    283.0000000000   4.4723503581e+00   0.0000000000e+00   4.7350584201e+00
    284.0000000000   4.4981942568e+00   0.0000000000e+00   4.7601841106e+00
    285.0000000000   4.5234642693e+00   0.0000000000e+00   4.7850064925e+00
    286.0000000000   4.5576418190e+00   0.0000000000e+00   4.8190855601e+00
    287.0000000000   4.5859274152e+00   0.0000000000e+00   4.8473093486e+00
    288.0000000000   4.6129572515e+00   0.0000000000e+00   4.8743621285e+00
    289.0000000000   4.6485783261e+00   0.0000000000e+00   4.9007008244e+00
    290.0000000000   4.6781199348e+00   0.0000000000e+00   4.9265092207e+00
    291.0000000000   4.7062796380e+00   0.0000000000e+00   4.9518862133e+00
    292.0000000000   4.7335633948e+00   0.0000000000e+00   4.9864343284e+00
    293.0000000000   4.7601893251e+00   0.0000000000e+00   5.0150674662e+00
    294.0000000000   4.7862808499e+00   0.0000000000e+00   5.0424866003e+00
    295.0000000000   4.8119181577e+00   0.0000000000e+00   5.0691599283e+00
    296.0000000000   4.8371579501e+00   0.0000000000e+00   5.0952791048e+00
    297.0000000000   4.8620426844e+00   0.0000000000e+00   5.1209486710e+00
    298.0000000000   4.8866054942e+00   0.0000000000e+00   5.1462348665e+00
    299.0000000000   4.9202484929e+00   0.0000000000e+00   5.1711837582e+00
    300.0000000000   4.9575016874e+00   0.0000000000e+00   5.1958294814e+00
    301.0000000000   4.9881045900e+00   0.0000000000e+00   5.2201985150e+00
    302.0000000000   5.0170973139e+00   0.0000000000e+00   5.2443121183e+00
    303.0000000000   5.0544736831e+00   0.0000000000e+00   5.2681878222e+00
    304.0000000000   5.0856336840e+00   0.0000000000e+00   5.3013808190e+00
    305.0000000000   5.1246898391e+00   0.0000000000e+00   5.3383151128e+00
    306.0000000000   5.1573049947e+00   0.0000000000e+00   5.3685418086e+00
    307.0000000000   5.1976771630e+00   0.0000000000e+00   5.4067237084e+00
    308.0000000000   5.2315092791e+00   0.0000000000e+00   5.4383556465e+00
    309.0000000000   5.2636467979e+00   0.0000000000e+00   5.4683744117e+00
    310.0000000000   5.3040502544e+00   0.0000000000e+00   5.4973709289e+00
    311.0000000000   5.3381194886e+00   0.0000000000e+00   5.5256097608e+00
    312.0000000000   5.3705997341e+00   0.0000000000e+00   5.5627830137e+00
    313.0000000000   5.4020310769e+00   0.0000000000e+00   5.6129410507e+00
    314.0000000000   5.4326571202e+00   0.0000000000e+00   5.6505641750e+00
    315.0000000000   5.4626209377e+00   0.0000000000e+00   5.6950260619e+00
    316.0000000000   5.4920182686e+00   0.0000000000e+00   5.7322961003e+00
    317.0000000000   5.5209183781e+00   0.0000000000e+00   5.7675066979e+00
    318.0000000000   5.5493740522e+00   0.0000000000e+00   5.8013556326e+00
    319.0000000000   5.5774270409e+00   0.0000000000e+00   5.8341748585e+00
    320.0000000000   5.6051113012e+00   0.0000000000e+00   5.8661624523e+00
    321.0000000000   5.6324550608e+00   0.0000000000e+00   5.9069913024e+00
    322.0000000000   5.6594821997e+00   0.0000000000e+00   5.9416274015e+00
    323.0000000000   5.6862132132e+00   0.0000000000e+00   5.9748115705e+00
    324.0000000000   5.7126659060e+00   0.0000000000e+00   6.0070432879e+00
    325.0000000000   5.7388559050e+00   0.0000000000e+00   6.0385392883e+00
    326.0000000000   5.7647970480e+00   0.0000000000e+00   6.0694245764e+00
    327.0000000000   5.7905016835e+00   0.0000000000e+00   6.0997823383e+00
    328.0000000000   5.8159809067e+00   0.0000000000e+00   6.1296728546e+00
    329.0000000000   5.8412447464e+00   0.0000000000e+00   6.1591423146e+00
    330.0000000000   5.8663023169e+00   0.0000000000e+00   6.1882275196e+00
    331.0000000000   5.8911619415e+00   0.0000000000e+00   6.2169586443e+00
    332.0000000000   5.9158312543e+00   0.0000000000e+00   6.2453609798e+00
    333.0000000000   5.9403172857e+00   0.0000000000e+00   6.2734560942e+00
    334.0000000000   5.9740019689e+00   0.0000000000e+00   6.3012626407e+00
    335.0000000000   6.0020238900e+00   0.0000000000e+00   6.3287969401e+00
    336.0000000000   6.0289770866e+00   0.0000000000e+00   6.3656138382e+00
    337.0000000000   6.0553026336e+00   0.0000000000e+00   6.3965971068e+00
    338.0000000000   6.0905496779e+00   0.0000000000e+00   6.4264274579e+00
    339.0000000000   6.1199419455e+00   0.0000000000e+00   6.4555588243e+00
    340.0000000000   6.1574990457e+00   0.0000000000e+00   6.4937128838e+00
    341.0000000000   6.1888269536e+00   0.0000000000e+00   6.5353977258e+00
    342.0000000000   6.2187100272e+00   0.0000000000e+00   6.5797541361e+00
    343.0000000000   6.2476912602e+00   0.0000000000e+00   6.6168071277e+00
    344.0000000000   6.2853825619e+00   0.0000000000e+00   6.6614120404e+00
    345.0000000000   6.3170497737e+00   0.0000000000e+00   6.6991667058e+00
    346.0000000000   6.3567424644e+00   0.0000000000e+00   6.7350713705e+00
    347.0000000000   6.3900888447e+00   0.0000000000e+00   6.7697596312e+00
    348.0000000000   6.4218903175e+00   0.0000000000e+00   6.8035265182e+00
    349.0000000000   6.4527032795e+00   0.0000000000e+00   6.8460868688e+00
    350.0000000000   6.4921503998e+00   0.0000000000e+00   6.8824277345e+00
    351.0000000000   6.5255063069e+00   0.0000000000e+00   6.9173014714e+00
    352.0000000000   6.5574524138e+00   0.0000000000e+00   6.9512142250e+00
    353.0000000000   6.5978659140e+00   0.0000000000e+00   6.9843867083e+00
    354.0000000000   6.6320975171e+00   0.0000000000e+00   7.0169463355e+00
    355.0000000000   6.6648606388e+00   0.0000000000e+00   7.0489777493e+00
    356.0000000000   6.6966733649e+00   0.0000000000e+00   7.0805420915e+00
    357.0000000000   6.7277633309e+00   0.0000000000e+00   7.1307668828e+00
    358.0000000000   6.7582615792e+00   0.0000000000e+00   7.1694310062e+00
    359.0000000000   6.7882545081e+00   0.0000000000e+00   7.2059030742e+00
    360.0000000000   6.8178039523e+00   0.0000000000e+00   7.2601762367e+00
    361.0000000000   6.8469566650e+00   0.0000000000e+00   7.3023574007e+00
    362.0000000000   6.8757494145e+00   0.0000000000e+00   7.3515200837e+00
    363.0000000000   6.9135874182e+00   0.0000000000e+00   7.3935430848e+00
    364.0000000000   6.9456279209e+00   0.0000000000e+00   7.4335216233e+00
    365.0000000000   6.9764801945e+00   0.0000000000e+00   7.4721354758e+00
    366.0000000000   7.0065979468e+00   0.0000000000e+00   7.5192473868e+00
    367.0000000000   7.0361655009e+00   0.0000000000e+00   7.5599208710e+00
    368.0000000000   7.0652830372e+00   0.0000000000e+00   7.5989543461e+00
    369.0000000000   7.0940140286e+00   0.0000000000e+00   7.6368844888e+00
    370.0000000000   7.1224027307e+00   0.0000000000e+00   7.6739536300e+00
    371.0000000000   7.1504820764e+00   0.0000000000e+00   7.7103052499e+00
    372.0000000000   7.1782777446e+00   0.0000000000e+00   7.7460363820e+00
    373.0000000000   7.2058104683e+00   0.0000000000e+00   7.7812180074e+00
    374.0000000000   7.2330974416e+00   0.0000000000e+00   7.8159047958e+00
    375.0000000000   7.2789040990e+00   0.0000000000e+00   7.8501404141e+00
    376.0000000000   7.3228835433e+00   0.0000000000e+00   7.8839606982e+00
    377.0000000000   7.3593561592e+00   0.0000000000e+00   7.9173956805e+00
    378.0000000000   7.3937917571e+00   0.0000000000e+00   7.9504709551e+00
    379.0000000000   7.4269724666e+00   0.0000000000e+00   7.9832086353e+00
    380.0000000000   7.4592480440e+00   0.0000000000e+00   8.0251684718e+00
    381.0000000000   7.5001904149e+00   0.0000000000e+00   8.0612384431e+00
    382.0000000000   7.5350570156e+00   0.0000000000e+00   8.0961029073e+00
    383.0000000000   7.5685222286e+00   0.0000000000e+00   8.1302189882e+00
    384.0000000000   7.6010844929e+00   0.0000000000e+00   8.1637707540e+00
    385.0000000000   7.6329601790e+00   0.0000000000e+00   8.1968574485e+00
    386.0000000000   7.6736486321e+00   0.0000000000e+00   8.2295415682e+00
    387.0000000000   7.7083639318e+00   0.0000000000e+00   8.2618665205e+00
    388.0000000000   7.7511282340e+00   0.0000000000e+00   8.2938645532e+00
    389.0000000000   7.7969294319e+00   0.0000000000e+00   8.3446416679e+00
    390.0000000000   7.8356919694e+00   0.0000000000e+00   8.3839600549e+00
    391.0000000000   7.8725547487e+00   0.0000000000e+00   8.4211749980e+00
    392.0000000000   7.9081971053e+00   0.0000000000e+00   8.4571879227e+00
    393.0000000000   7.9429275632e+00   0.0000000000e+00   8.4923548678e+00
    394.0000000000   7.9769242171e+00   0.0000000000e+00   8.5268629772e+00
    395.0000000000   8.0196789770e+00   0.0000000000e+00   8.5608266396e+00
    396.0000000000   8.0564067771e+00   0.0000000000e+00   8.5943227697e+00
    397.0000000000   8.0917575393e+00   0.0000000000e+00   8.6274066215e+00
    398.0000000000   8.1262148650e+00   0.0000000000e+00   8.6601198661e+00
    399.0000000000   8.1693612393e+00   0.0000000000e+00   8.6924951224e+00
    400.0000000000   8.2064471485e+00   0.0000000000e+00   8.7245586828e+00
    401.0000000000   8.2515140970e+00   0.0000000000e+00   8.7563322477e+00
    402.0000000000   8.2901862623e+00   0.0000000000e+00   8.7878340782e+00
    403.0000000000   8.3272633387e+00   0.0000000000e+00   8.8381606423e+00
    404.0000000000   8.3633013910e+00   0.0000000000e+00   8.8770673267e+00
    405.0000000000   8.3985481450e+00   0.0000000000e+00   8.9234447947e+00
    406.0000000000   8.4331466522e+00   0.0000000000e+00   8.9630615277e+00
    407.0000000000   8.4671911627e+00   0.0000000000e+00   9.0009396966e+00
    408.0000000000   8.5101244487e+00   0.0000000000e+00   9.0377075000e+00
    409.0000000000   8.5471298980e+00   0.0000000000e+00   9.0736490871e+00
    410.0000000000   8.5922113015e+00   0.0000000000e+00   9.1184681948e+00
    411.0000000000   8.6403448164e+00   0.0000000000e+00   9.1571418800e+00
    412.0000000000   8.6814470351e+00   0.0000000000e+00   9.1944138324e+00
    413.0000000000   8.7300268667e+00   0.0000000000e+00   9.2307827678e+00
    414.0000000000   8.7718923650e+00   0.0000000000e+00   9.2664630371e+00
    415.0000000000   8.8119377222e+00   0.0000000000e+00   9.3015765891e+00
    416.0000000000   8.8507748702e+00   0.0000000000e+00   9.3362033493e+00
    417.0000000000   8.8886876352e+00   0.0000000000e+00   9.3704003643e+00
    418.0000000000   8.9258438982e+00   0.0000000000e+00   9.4137511553e+00
    419.0000000000   8.9623558009e+00   0.0000000000e+00   9.4511605441e+00
    420.0000000000   8.9983040485e+00   0.0000000000e+00   9.4873251935e+00
    421.0000000000   9.0337497539e+00   0.0000000000e+00   9.5227114292e+00
    422.0000000000   9.0687409451e+00   0.0000000000e+00   9.5575103310e+00
    423.0000000000   9.1033164542e+00   0.0000000000e+00   9.5918265654e+00
    424.0000000000   9.1375083910e+00   0.0000000000e+00   9.6257268741e+00
    425.0000000000   9.1713437953e+00   0.0000000000e+00   9.6687984465e+00
    426.0000000000   9.2048457828e+00   0.0000000000e+00   9.7059471290e+00
    427.0000000000   9.2380343672e+00   0.0000000000e+00   9.7609502502e+00
    428.0000000000   9.2709270647e+00   0.0000000000e+00   9.8135556741e+00
    429.0000000000   9.3035393499e+00   0.0000000000e+00   9.8581628017e+00
    430.0000000000   9.3358850049e+00   0.0000000000e+00   9.9004314817e+00
    431.0000000000   9.3679763926e+00   0.0000000000e+00   9.9412145338e+00
    432.0000000000   9.3998246734e+00   0.0000000000e+00   9.9809057478e+00
    433.0000000000   9.4408154149e+00   0.0000000000e+00   1.0019731915e+01
    434.0000000000   9.4760904226e+00   0.0000000000e+00   1.0057840031e+01
    435.0000000000   9.5102466034e+00   0.0000000000e+00   1.0095332868e+01
    436.0000000000   9.5437276042e+00   0.0000000000e+00   1.0132286219e+01
    437.0000000000   9.5767094523e+00   0.0000000000e+00   1.0168758248e+01
    438.0000000000   9.6092854097e+00   0.0000000000e+00   1.0204794987e+01
    439.0000000000   9.6415131225e+00   0.0000000000e+00   1.0240433780e+01
    440.0000000000   9.6734318964e+00   0.0000000000e+00   1.0275705538e+01
    441.0000000000   9.7050704273e+00   0.0000000000e+00   1.0310636285e+01
    442.0000000000   9.7552016150e+00   0.0000000000e+00   1.0345248239e+01
    443.0000000000   9.7941081491e+00   0.0000000000e+00   1.0379560604e+01
    444.0000000000   9.8309813312e+00   0.0000000000e+00   1.0413590157e+01
    445.0000000000   9.8760804387e+00   0.0000000000e+00   1.0447351685e+01
    446.0000000000   9.9148860952e+00   0.0000000000e+00   1.0480858329e+01
    447.0000000000   9.9521689773e+00   0.0000000000e+00   1.0514121854e+01
    448.0000000000   9.9978512525e+00   0.0000000000e+00   1.0547152857e+01
    449.0000000000   1.0037308483e+01   0.0000000000e+00   1.0579960939e+01
    450.0000000000   1.0084644123e+01   0.0000000000e+00   1.0631635695e+01
    451.0000000000   1.0125517767e+01   0.0000000000e+00   1.0671926974e+01
    452.0000000000   1.0164751126e+01   0.0000000000e+00   1.0710180489e+01
    453.0000000000   1.0202914714e+01   0.0000000000e+00   1.0747290059e+01
    454.0000000000   1.0240266099e+01   0.0000000000e+00   1.0783605551e+01
    455.0000000000   1.0276955221e+01   0.0000000000e+00   1.0819309010e+01
    456.0000000000   1.0313081241e+01   0.0000000000e+00   1.0864050973e+01
    457.0000000000   1.0348715049e+01   0.0000000000e+00   1.0902775644e+01
    458.0000000000   1.0393285498e+01   0.0000000000e+00   1.0940204335e+01
    459.0000000000   1.0431966973e+01   0.0000000000e+00   1.0976819523e+01
    460.0000000000   1.0469381614e+01   0.0000000000e+00   1.1012823242e+01
    461.0000000000   1.0505993066e+01   0.0000000000e+00   1.1048327793e+01
    462.0000000000   1.0541993500e+01   0.0000000000e+00   1.1083405347e+01
    463.0000000000   1.0577489415e+01   0.0000000000e+00   1.1118106595e+01
    464.0000000000   1.0612549454e+01   0.0000000000e+00   1.1152469337e+01
    465.0000000000   1.0656597598e+01   0.0000000000e+00   1.1186522997e+01
    466.0000000000   1.0694802943e+01   0.0000000000e+00   1.1229831657e+01
    467.0000000000   1.0741158097e+01   0.0000000000e+00   1.1267285745e+01
    468.0000000000   1.0790630259e+01   0.0000000000e+00   1.1313111277e+01
    469.0000000000   1.0833128709e+01   0.0000000000e+00   1.1362177155e+01
    470.0000000000   1.0873780850e+01   0.0000000000e+00   1.1413747870e+01
    471.0000000000   1.0913257065e+01   0.0000000000e+00   1.1457905827e+01
    472.0000000000   1.0951858761e+01   0.0000000000e+00   1.1499997318e+01
    473.0000000000   1.0989758279e+01   0.0000000000e+00   1.1540768315e+01
    474.0000000000   1.1027067368e+01   0.0000000000e+00   1.1580562356e+01
    475.0000000000   1.1063864479e+01   0.0000000000e+00   1.1619578137e+01
    476.0000000000   1.1118958679e+01   0.0000000000e+00   1.1657945097e+01
    477.0000000000   1.1162660051e+01   0.0000000000e+00   1.1695754155e+01
    478.0000000000   1.1204181306e+01   0.0000000000e+00   1.1733072620e+01
    479.0000000000   1.1244423431e+01   0.0000000000e+00   1.1769952307e+01
    480.0000000000   1.1283748495e+01   0.0000000000e+00   1.1806434331e+01
    481.0000000000   1.1322350373e+01   0.0000000000e+00   1.1842552114e+01
    482.0000000000   1.1360349740e+01   0.0000000000e+00   1.1878333367e+01
    483.0000000000   1.1407204549e+01   0.0000000000e+00   1.1913801450e+01
    484.0000000000   1.1448107539e+01   0.0000000000e+00   1.1948976331e+01
    485.0000000000   1.1487693124e+01   0.0000000000e+00   1.1983875284e+01
    486.0000000000   1.1526433542e+01   0.0000000000e+00   1.2028053833e+01
    487.0000000000   1.1573902655e+01   0.0000000000e+00   1.2066396222e+01
    488.0000000000   1.1615344223e+01   0.0000000000e+00   1.2113123900e+01
    489.0000000000   1.1655418951e+01   0.0000000000e+00   1.2153561914e+01
    490.0000000000   1.1694614104e+01   0.0000000000e+00   1.2192560796e+01
    491.0000000000   1.1733137358e+01   0.0000000000e+00   1.2230660834e+01
    492.0000000000   1.1771105940e+01   0.0000000000e+00   1.2268094053e+01
    493.0000000000   1.1808596232e+01   0.0000000000e+00   1.2304989886e+01
    494.0000000000   1.1845662558e+01   0.0000000000e+00   1.2350971425e+01
    495.0000000000   1.1882345892e+01   0.0000000000e+00   1.2400507496e+01
    496.0000000000   1.1918678468e+01   0.0000000000e+00   1.2443180584e+01
    497.0000000000   1.1954686451e+01   0.0000000000e+00   1.2484136025e+01
    498.0000000000   1.1990391605e+01   0.0000000000e+00   1.2524015106e+01
    499.0000000000   1.2025812384e+01   0.0000000000e+00   1.2572639381e+01
    500.0000000000   1.2060964684e+01   0.0000000000e+00   1.2615037943e+01
    501.0000000000   1.2095862376e+01   0.0000000000e+00   1.2655981469e+01
    502.0000000000   1.2130517699e+01   0.0000000000e+00   1.2695984247e+01
    503.0000000000   1.2164941551e+01   0.0000000000e+00   1.2735270332e+01
    504.0000000000   1.2199143713e+01   0.0000000000e+00   1.2773968093e+01
    505.0000000000   1.2233133027e+01   0.0000000000e+00   1.2812161905e+01
    506.0000000000   1.2266917537e+01   0.0000000000e+00   1.2849912015e+01
    507.0000000000   1.2300504594e+01   0.0000000000e+00   1.2887263896e+01
    508.0000000000   1.2333900955e+01   0.0000000000e+00   1.2924253260e+01
    509.0000000000   1.2367112855e+01   0.0000000000e+00   1.2960908997e+01
    510.0000000000   1.2400146070e+01   0.0000000000e+00   1.3006795460e+01
    511.0000000000   1.2433005969e+01   0.0000000000e+00   1.3046803758e+01
    512.0000000000   1.2475072996e+01   0.0000000000e+00   1.3095160794e+01
    513.0000000000   1.2511484397e+01   0.0000000000e+00   1.3137196015e+01
    514.0000000000   1.2546832998e+01   0.0000000000e+00   1.3177763565e+01
    515.0000000000   1.2590934215e+01   0.0000000000e+00   1.3217406725e+01
    516.0000000000   1.2629093324e+01   0.0000000000e+00   1.3256360039e+01
    517.0000000000   1.2665989016e+01   0.0000000000e+00   1.3294755072e+01
    518.0000000000   1.2702112053e+01   0.0000000000e+00   1.3332676322e+01
    519.0000000000   1.2747043503e+01   0.0000000000e+00   1.3379723268e+01
    520.0000000000   1.2786028920e+01   0.0000000000e+00   1.3420810587e+01
    521.0000000000   1.2823728098e+01   0.0000000000e+00   1.3460641298e+01
    522.0000000000   1.2860626029e+01   0.0000000000e+00   1.3499685955e+01
    523.0000000000   1.2896927462e+01   0.0000000000e+00   1.3538138519e+01
    524.0000000000   1.2932746417e+01   0.0000000000e+00   1.3576105654e+01
    525.0000000000   1.2977531442e+01   0.0000000000e+00   1.3613655502e+01
    526.0000000000   1.3016466201e+01   0.0000000000e+00   1.3650835818e+01
    527.0000000000   1.3054176996e+01   0.0000000000e+00   1.3687682224e+01
    528.0000000000   1.3091128944e+01   0.0000000000e+00   1.3724222512e+01
    529.0000000000   1.3127514230e+01   0.0000000000e+00   1.3760479101e+01
    530.0000000000   1.3172813995e+01   0.0000000000e+00   1.3796470548e+01
    531.0000000000   1.3212228206e+01   0.0000000000e+00   1.3832212534e+01
    532.0000000000   1.3250392375e+01   0.0000000000e+00   1.3877258956e+01
    533.0000000000   1.3287777317e+01   0.0000000000e+00   1.3916492467e+01
    534.0000000000   1.3324578993e+01   0.0000000000e+00   1.3964133009e+01
    535.0000000000   1.3360905758e+01   0.0000000000e+00   1.4015044644e+01
    536.0000000000   1.3396826966e+01   0.0000000000e+00   1.4058947516e+01
    537.0000000000   1.3432391186e+01   0.0000000000e+00   1.4120130733e+01
    538.0000000000   1.3467634555e+01   0.0000000000e+00   1.4169010571e+01
    539.0000000000   1.3502585163e+01   0.0000000000e+00   1.4215225590e+01
    540.0000000000   1.3537265566e+01   0.0000000000e+00   1.4278913505e+01
    541.0000000000   1.3571694347e+01   0.0000000000e+00   1.4330268695e+01
    542.0000000000   1.3605887125e+01   0.0000000000e+00   1.4378881418e+01
    543.0000000000   1.3649232688e+01   0.0000000000e+00   1.4435339396e+01
    544.0000000000   1.3696250599e+01   0.0000000000e+00   1.4484967886e+01
    545.0000000000   1.3736671995e+01   0.0000000000e+00   1.4532693274e+01
    546.0000000000   1.3775530134e+01   0.0000000000e+00   1.4579125503e+01
    547.0000000000   1.3813437704e+01   0.0000000000e+00   1.4624553168e+01
    548.0000000000   1.3860032755e+01   0.0000000000e+00   1.4669150979e+01
    549.0000000000   1.3900592399e+01   0.0000000000e+00   1.4722578518e+01
    550.0000000000   1.3939795963e+01   0.0000000000e+00   1.4769793946e+01
    551.0000000000   1.3978141534e+01   0.0000000000e+00   1.4815533404e+01
    552.0000000000   1.4015843171e+01   0.0000000000e+00   1.4860293585e+01
    553.0000000000   1.4053021829e+01   0.0000000000e+00   1.4904289610e+01
    554.0000000000   1.4089755972e+01   0.0000000000e+00   1.4947645619e+01
    555.0000000000   1.4126100954e+01   0.0000000000e+00   1.4990444413e+01
    556.0000000000   1.4171473533e+01   0.0000000000e+00   1.5032746203e+01
    557.0000000000   1.4211038404e+01   0.0000000000e+00   1.5074597312e+01
    558.0000000000   1.4249409772e+01   0.0000000000e+00   1.5116034808e+01
    559.0000000000   1.4287044661e+01   0.0000000000e+00   1.5157089221e+01
    560.0000000000   1.4324129637e+01   0.0000000000e+00   1.5197786247e+01
    561.0000000000   1.4360766392e+01   0.0000000000e+00   1.5238147892e+01
    562.0000000000   1.4425145709e+01   0.0000000000e+00   1.5278193262e+01
    563.0000000000   1.4472710170e+01   0.0000000000e+00   1.5317939135e+01
    564.0000000000   1.4517258393e+01   0.0000000000e+00   1.5357400387e+01
    565.0000000000   1.4560123800e+01   0.0000000000e+00   1.5396590317e+01
    566.0000000000   1.4601833657e+01   0.0000000000e+00   1.5435520894e+01
    567.0000000000   1.4642664873e+01   0.0000000000e+00   1.5474202961e+01
    568.0000000000   1.4682786208e+01   0.0000000000e+00   1.5512646392e+01
    569.0000000000   1.4722310590e+01   0.0000000000e+00   1.5550860220e+01
    570.0000000000   1.4761318619e+01   0.0000000000e+00   1.5598393177e+01
    571.0000000000   1.4809246041e+01   0.0000000000e+00   1.5649664271e+01
    572.0000000000   1.4860647641e+01   0.0000000000e+00   1.5694220701e+01
    573.0000000000   1.4905281761e+01   0.0000000000e+00   1.5737181754e+01
    574.0000000000   1.4948203186e+01   0.0000000000e+00   1.5779168882e+01
    575.0000000000   1.4990041978e+01   0.0000000000e+00   1.5820447719e+01
    576.0000000000   1.5031075018e+01   0.0000000000e+00   1.5861164084e+01
    577.0000000000   1.5080834168e+01   0.0000000000e+00   1.5901409461e+01
    578.0000000000   1.5133928337e+01   0.0000000000e+00   1.5941246383e+01
    579.0000000000   1.5180149295e+01   0.0000000000e+00   1.5980720260e+01
    580.0000000000   1.5224573910e+01   0.0000000000e+00   1.6019865584e+01
    581.0000000000   1.5267847603e+01   0.0000000000e+00   1.6058709488e+01
    582.0000000000   1.5310258386e+01   0.0000000000e+00   1.6106814348e+01
    583.0000000000   1.5361346466e+01   0.0000000000e+00   1.6158609675e+01
    584.0000000000   1.5406351746e+01   0.0000000000e+00   1.6213191318e+01
    585.0000000000   1.5449938512e+01   0.0000000000e+00   1.6260556023e+01
    586.0000000000   1.5492599288e+01   0.0000000000e+00   1.6305999678e+01
    587.0000000000   1.5534547000e+01   0.0000000000e+00   1.6350235712e+01
    588.0000000000   1.5575903625e+01   0.0000000000e+00   1.6393585247e+01
    589.0000000000   1.5616749705e+01   0.0000000000e+00   1.6436230782e+01
    590.0000000000   1.5657143155e+01   0.0000000000e+00   1.6478289614e+01
    591.0000000000   1.5697128047e+01   0.0000000000e+00   1.6519843291e+01
    592.0000000000   1.5736739283e+01   0.0000000000e+00   1.6560951715e+01
    593.0000000000   1.5776005340e+01   0.0000000000e+00   1.6601660726e+01
    594.0000000000   1.5814949986e+01   0.0000000000e+00   1.6642006544e+01
    595.0000000000   1.5853593425e+01   0.0000000000e+00   1.6691558943e+01
    596.0000000000   1.5891953086e+01   0.0000000000e+00   1.6735213132e+01
    597.0000000000   1.5930044189e+01   0.0000000000e+00   1.6777658734e+01
    598.0000000000   1.5977255598e+01   0.0000000000e+00   1.6819356731e+01
    599.0000000000   1.6028107263e+01   0.0000000000e+00   1.6860494022e+01
    600.0000000000   1.6081706334e+01   0.0000000000e+00   1.6901171920e+01
    601.0000000000   1.6128219335e+01   0.0000000000e+00   1.6941454424e+01
    602.0000000000   1.6172848159e+01   0.0000000000e+00   1.6981386011e+01
    603.0000000000   1.6216292086e+01   0.0000000000e+00   1.7020999671e+01
    604.0000000000   1.6268240751e+01   0.0000000000e+00   1.7060321048e+01
    605.0000000000   1.6323380462e+01   0.0000000000e+00   1.7108911207e+01
    606.0000000000   1.6371546708e+01   0.0000000000e+00   1.7151658141e+01
    607.0000000000   1.6417843325e+01   0.0000000000e+00   1.7193245453e+01
    608.0000000000   1.6462933420e+01   0.0000000000e+00   1.7243669480e+01
    609.0000000000   1.6507117135e+01   0.0000000000e+00   1.7297524168e+01
    610.0000000000   1.6559943294e+01   0.0000000000e+00   1.7344447256e+01
    611.0000000000   1.6606658099e+01   0.0000000000e+00   1.7389612273e+01
    612.0000000000   1.6661305981e+01   0.0000000000e+00   1.7433676257e+01
    613.0000000000   1.6709515615e+01   0.0000000000e+00   1.7476929699e+01
    614.0000000000   1.6765466585e+01   0.0000000000e+00   1.7529077004e+01
    615.0000000000   1.6814851472e+01   0.0000000000e+00   1.7575094316e+01
    616.0000000000   1.6862509825e+01   0.0000000000e+00   1.7619724023e+01
    617.0000000000   1.6909023406e+01   0.0000000000e+00   1.7663463523e+01
    618.0000000000   1.6964033135e+01   0.0000000000e+00   1.7706525952e+01
    619.0000000000   1.7012827526e+01   0.0000000000e+00   1.7749032167e+01
    620.0000000000   1.7069474430e+01   0.0000000000e+00   1.7791061123e+01
    621.0000000000   1.7119617154e+01   0.0000000000e+00   1.7832669007e+01
    622.0000000000   1.7168069798e+01   0.0000000000e+00   1.7873898145e+01
    623.0000000000   1.7215399594e+01   0.0000000000e+00   1.7914781748e+01
    624.0000000000   1.7261863135e+01   0.0000000000e+00   1.7964887104e+01
    625.0000000000   1.7307610657e+01   0.0000000000e+00   1.8028188230e+01
    626.0000000000   1.7352742327e+01   0.0000000000e+00   1.8079114929e+01
    627.0000000000   1.7397330430e+01   0.0000000000e+00   1.8127465171e+01
    628.0000000000   1.7441429982e+01   0.0000000000e+00   1.8174311754e+01
    629.0000000000   1.7494459924e+01   0.0000000000e+00   1.8229639058e+01
    630.0000000000   1.7541588232e+01   0.0000000000e+00   1.8288097846e+01
    631.0000000000   1.7587432815e+01   0.0000000000e+00   1.8339376707e+01
    632.0000000000   1.7632454507e+01   0.0000000000e+00   1.8388688963e+01
    633.0000000000   1.7676843621e+01   0.0000000000e+00   1.8436722450e+01
    634.0000000000   1.7720705451e+01   0.0000000000e+00   1.8483791778e+01
    635.0000000000   1.7764107899e+01   0.0000000000e+00   1.8530080132e+01
    636.0000000000   1.7807099096e+01   0.0000000000e+00   1.8575708281e+01
    637.0000000000   1.7859090834e+01   0.0000000000e+00   1.8620762215e+01
    638.0000000000   1.7905244405e+01   0.0000000000e+00   1.8665306462e+01
    639.0000000000   1.7950171714e+01   0.0000000000e+00   1.8709391347e+01
    640.0000000000   1.7994328277e+01   0.0000000000e+00   1.8753057277e+01
    641.0000000000   1.8037899727e+01   0.0000000000e+00   1.8805877884e+01
    642.0000000000   1.8080987241e+01   0.0000000000e+00   1.8862292319e+01
    643.0000000000   1.8123655092e+01   0.0000000000e+00   1.8911864328e+01
    644.0000000000   1.8165948207e+01   0.0000000000e+00   1.8959726979e+01
    645.0000000000   1.8207900102e+01   0.0000000000e+00   1.9006513327e+01
    646.0000000000   1.8249536979e+01   0.0000000000e+00   1.9062039305e+01
    647.0000000000   1.8290880054e+01   0.0000000000e+00   1.9111330125e+01
    648.0000000000   1.8331946971e+01   0.0000000000e+00   1.9168694207e+01
    649.0000000000   1.8382128159e+01   0.0000000000e+00   1.9219514907e+01
    650.0000000000   1.8426569132e+01   0.0000000000e+00   1.9268684201e+01
    651.0000000000   1.8469869679e+01   0.0000000000e+00   1.9316773137e+01
    652.0000000000   1.8512475712e+01   0.0000000000e+00   1.9364037350e+01
    653.0000000000   1.8554565062e+01   0.0000000000e+00   1.9410624889e+01
    654.0000000000   1.8596232446e+01   0.0000000000e+00   1.9456633422e+01
    655.0000000000   1.8646912127e+01   0.0000000000e+00   1.9502132741e+01
    656.0000000000   1.8691776940e+01   0.0000000000e+00   1.9547175493e+01
    657.0000000000   1.8735444814e+01   0.0000000000e+00   1.9591802985e+01
    658.0000000000   1.8778374294e+01   0.0000000000e+00   1.9645589029e+01
    659.0000000000   1.8820752328e+01   0.0000000000e+00   1.9693432172e+01
    660.0000000000   1.8862680404e+01   0.0000000000e+00   1.9740024886e+01
    661.0000000000   1.8904222503e+01   0.0000000000e+00   1.9785830631e+01
    662.0000000000   1.8945422898e+01   0.0000000000e+00   1.9831038501e+01
    663.0000000000   1.8995689674e+01   0.0000000000e+00   1.9875751771e+01
    664.0000000000   1.9040180610e+01   0.0000000000e+00   1.9920036214e+01
    665.0000000000   1.9083504308e+01   0.0000000000e+00   1.9963937918e+01
    666.0000000000   1.9126113195e+01   0.0000000000e+00   2.0007491350e+01
    667.0000000000   1.9177565457e+01   0.0000000000e+00   2.0050723508e+01
    668.0000000000   1.9223092148e+01   0.0000000000e+00   2.0093656283e+01
    669.0000000000   1.9267343474e+01   0.0000000000e+00   2.0136307906e+01
    670.0000000000   1.9310797880e+01   0.0000000000e+00   2.0188234297e+01
    671.0000000000   1.9353655533e+01   0.0000000000e+00   2.0234319776e+01
    672.0000000000   1.9396027196e+01   0.0000000000e+00   2.0298326114e+01
    673.0000000000   1.9447359064e+01   0.0000000000e+00   2.0350449080e+01
    674.0000000000   1.9492833092e+01   0.0000000000e+00   2.0409748562e+01
    675.0000000000   1.9546449767e+01   0.0000000000e+00   2.0462079022e+01
    676.0000000000   1.9593805856e+01   0.0000000000e+00   2.0512513193e+01
    677.0000000000   1.9649056749e+01   0.0000000000e+00   2.0561711876e+01
    678.0000000000   1.9707251519e+01   0.0000000000e+00   2.0609981633e+01
    679.0000000000   1.9767722489e+01   0.0000000000e+00   2.0657501930e+01
    680.0000000000   1.9830135370e+01   0.0000000000e+00   2.0723471828e+01
    681.0000000000   1.9884902082e+01   0.0000000000e+00   2.0777716979e+01
    682.0000000000   1.9937362880e+01   0.0000000000e+00   2.0839178698e+01
    683.0000000000   1.9988305467e+01   0.0000000000e+00   2.0893663397e+01
    684.0000000000   2.0038105068e+01   0.0000000000e+00   2.0955762933e+01
    685.0000000000   2.0096359809e+01   0.0000000000e+00   2.1020539972e+01
    686.0000000000   2.0148350283e+01   0.0000000000e+00   2.1096918247e+01
    687.0000000000   2.0208146011e+01   0.0000000000e+00   2.1169471305e+01
    688.0000000000   2.0261394622e+01   0.0000000000e+00   2.1233142558e+01
    689.0000000000   2.0312914984e+01   0.0000000000e+00   2.1293833303e+01
    690.0000000000   2.0363278811e+01   0.0000000000e+00   2.1352535358e+01
    691.0000000000   2.0412746681e+01   0.0000000000e+00   2.1409733515e+01
    692.0000000000   2.0470847731e+01   0.0000000000e+00   2.1465718931e+01
    693.0000000000   2.0522817670e+01   0.0000000000e+00   2.1520686549e+01
    694.0000000000   2.0573319774e+01   0.0000000000e+00   2.1574776219e+01
    695.0000000000   2.0622847103e+01   0.0000000000e+00   2.1628093223e+01
    696.0000000000   2.0671613876e+01   0.0000000000e+00   2.1680719713e+01
    697.0000000000   2.0719743715e+01   0.0000000000e+00   2.1732721583e+01
    698.0000000000   2.0776694379e+01   0.0000000000e+00   2.1793693298e+01
    699.0000000000   2.0827658148e+01   0.0000000000e+00   2.1848550903e+01
    700.0000000000   2.0886644727e+01   0.0000000000e+00   2.1902001827e+01
    701.0000000000   2.0939259119e+01   0.0000000000e+00   2.1954522425e+01
    702.0000000000   2.0990288658e+01   0.0000000000e+00   2.2006312991e+01
    703.0000000000   2.1040281051e+01   0.0000000000e+00   2.2057486605e+01
    704.0000000000   2.1089478175e+01   0.0000000000e+00   2.2108117671e+01
    705.0000000000   2.1138018879e+01   0.0000000000e+00   2.2158259930e+01
    706.0000000000   2.1195369766e+01   0.0000000000e+00   2.2207954662e+01
    707.0000000000   2.1246728446e+01   0.0000000000e+00   2.2257234971e+01
    708.0000000000   2.1296732460e+01   0.0000000000e+00   2.2306128240e+01
    709.0000000000   2.1345856277e+01   0.0000000000e+00   2.2354657657e+01
    710.0000000000   2.1394300048e+01   0.0000000000e+00   2.2402843221e+01
    711.0000000000   2.1442176387e+01   0.0000000000e+00   2.2450702426e+01
    712.0000000000   2.1498934210e+01   0.0000000000e+00   2.2498250752e+01
    713.0000000000   2.1549758564e+01   0.0000000000e+00   2.2564582887e+01
    714.0000000000   2.1599277694e+01   0.0000000000e+00   2.2619453137e+01
    715.0000000000   2.1647958971e+01   0.0000000000e+00   2.2672211167e+01
    716.0000000000   2.1695996974e+01   0.0000000000e+00   2.2723754326e+01
    717.0000000000   2.1752875285e+01   0.0000000000e+00   2.2783976082e+01
    718.0000000000   2.1803796302e+01   0.0000000000e+00   2.2837932283e+01
    719.0000000000   2.1853397914e+01   0.0000000000e+00   2.2899945273e+01
    720.0000000000   2.1902153241e+01   0.0000000000e+00   2.2964945603e+01
    721.0000000000   2.1950260463e+01   0.0000000000e+00   2.3022699513e+01
    722.0000000000   2.1997830064e+01   0.0000000000e+00   2.3087989236e+01
    723.0000000000   2.2044933431e+01   0.0000000000e+00   2.3155925906e+01
    724.0000000000   2.2091621072e+01   0.0000000000e+00   2.3216369583e+01
    725.0000000000   2.2147306410e+01   0.0000000000e+00   2.3274618574e+01
    726.0000000000   2.2197151852e+01   0.0000000000e+00   2.3331410003e+01
    727.0000000000   2.2245770064e+01   0.0000000000e+00   2.3387090130e+01
    728.0000000000   2.2293617068e+01   0.0000000000e+00   2.3441863978e+01
    729.0000000000   2.2340878822e+01   0.0000000000e+00   2.3495868209e+01
    730.0000000000   2.2387656701e+01   0.0000000000e+00   2.3549200860e+01
    731.0000000000   2.2434015081e+01   0.0000000000e+00   2.3611476323e+01
    732.0000000000   2.2479998923e+01   0.0000000000e+00   2.3667623434e+01
    733.0000000000   2.2525641730e+01   0.0000000000e+00   2.3722358016e+01
    734.0000000000   2.2570969658e+01   0.0000000000e+00   2.3776162012e+01
    735.0000000000   2.2625379283e+01   0.0000000000e+00   2.3829239453e+01
    736.0000000000   2.2674020723e+01   0.0000000000e+00   2.3881705907e+01
    737.0000000000   2.2721497302e+01   0.0000000000e+00   2.3933637412e+01
    738.0000000000   2.2768257713e+01   0.0000000000e+00   2.3985088742e+01
    739.0000000000   2.2814482021e+01   0.0000000000e+00   2.4045642218e+01
    740.0000000000   2.2860266759e+01   0.0000000000e+00   2.4100202183e+01
    741.0000000000   2.2905672257e+01   0.0000000000e+00   2.4153465306e+01
    742.0000000000   2.2950740049e+01   0.0000000000e+00   2.4205898248e+01
    743.0000000000   2.2995500694e+01   0.0000000000e+00   2.4257692648e+01
    744.0000000000   2.3049353234e+01   0.0000000000e+00   2.4308953882e+01
    745.0000000000   2.3097449139e+01   0.0000000000e+00   2.4359749494e+01
    746.0000000000   2.3144392428e+01   0.0000000000e+00   2.4410127111e+01
    747.0000000000   2.3200007528e+01   0.0000000000e+00   2.4460122554e+01
    748.0000000000   2.3258982541e+01   0.0000000000e+00   2.4519304455e+01
    749.0000000000   2.3320510314e+01   0.0000000000e+00   2.4572566725e+01
    750.0000000000   2.3384183242e+01   0.0000000000e+00   2.4624597772e+01
    751.0000000000   2.3440368243e+01   0.0000000000e+00   2.4675857530e+01
    752.0000000000   2.3503750688e+01   0.0000000000e+00   2.4726532039e+01
    753.0000000000   2.3560229094e+01   0.0000000000e+00   2.4776721938e+01
    754.0000000000   2.3614750813e+01   0.0000000000e+00   2.4826490710e+01
    755.0000000000   2.3667961740e+01   0.0000000000e+00   2.4875882463e+01
    756.0000000000   2.3720168672e+01   0.0000000000e+00   2.4924929935e+01
    757.0000000000   2.3771555674e+01   0.0000000000e+00   2.4973658620e+01
    758.0000000000   2.3822246652e+01   0.0000000000e+00   2.5022089093e+01
    759.0000000000   2.3872331074e+01   0.0000000000e+00   2.5070238428e+01
    760.0000000000   2.3921876707e+01   0.0000000000e+00   2.5127661535e+01
    761.0000000000   2.3970936715e+01   0.0000000000e+00   2.5179241842e+01
    762.0000000000   2.4028929383e+01   0.0000000000e+00   2.5229659481e+01
    763.0000000000   2.4081022557e+01   0.0000000000e+00   2.5279367680e+01
    764.0000000000   2.4131834243e+01   0.0000000000e+00   2.5338087352e+01
    765.0000000000   2.4181825443e+01   0.0000000000e+00   2.5400325804e+01
    766.0000000000   2.4231186643e+01   0.0000000000e+00   2.5455682624e+01
    767.0000000000   2.4280023287e+01   0.0000000000e+00   2.5509311155e+01
    768.0000000000   2.4328403380e+01   0.0000000000e+00   2.5561856417e+01
    769.0000000000   2.4376375121e+01   0.0000000000e+00   2.5613601129e+01
    770.0000000000   2.4423974893e+01   0.0000000000e+00   2.5664703936e+01
    771.0000000000   2.4480606855e+01   0.0000000000e+00   2.5715266224e+01
    772.0000000000   2.4531427002e+01   0.0000000000e+00   2.5765358347e+01
    773.0000000000   2.4581043373e+01   0.0000000000e+00   2.5815032009e+01
    774.0000000000   2.4629908542e+01   0.0000000000e+00   2.5864326848e+01
    775.0000000000   2.4687581264e+01   0.0000000000e+00   2.5913274267e+01
    776.0000000000   2.4739293409e+01   0.0000000000e+00   2.5961899794e+01
    777.0000000000   2.4789696134e+01   0.0000000000e+00   2.6019765057e+01
    778.0000000000   2.4848644344e+01   0.0000000000e+00   2.6081299322e+01
    779.0000000000   2.4910847254e+01   0.0000000000e+00   2.6136058060e+01
    780.0000000000   2.4966137670e+01   0.0000000000e+00   2.6198707744e+01
    781.0000000000   2.5019611664e+01   0.0000000000e+00   2.6254746331e+01
    782.0000000000   2.5071924302e+01   0.0000000000e+00   2.6318653714e+01
    783.0000000000   2.5123368573e+01   0.0000000000e+00   2.6375894069e+01
    784.0000000000   2.5174111782e+01   0.0000000000e+00   2.6440943596e+01
    785.0000000000   2.5224262460e+01   0.0000000000e+00   2.6499270212e+01
    786.0000000000   2.5273896888e+01   0.0000000000e+00   2.6555815071e+01
    787.0000000000   2.5332447173e+01   0.0000000000e+00   2.6611180495e+01
    788.0000000000   2.5385089725e+01   0.0000000000e+00   2.6665643268e+01
    789.0000000000   2.5436447983e+01   0.0000000000e+00   2.6719366390e+01
    790.0000000000   2.5496361880e+01   0.0000000000e+00   2.6772458478e+01
    791.0000000000   2.5550156715e+01   0.0000000000e+00   2.6824997549e+01
    792.0000000000   2.5602527808e+01   0.0000000000e+00   2.6886583002e+01
    793.0000000000   2.5653979915e+01   0.0000000000e+00   2.6942132015e+01
    794.0000000000   2.5704730595e+01   0.0000000000e+00   2.6996351093e+01
    795.0000000000   2.5764278540e+01   0.0000000000e+00   2.7049714546e+01
    796.0000000000   2.5817836588e+01   0.0000000000e+00   2.7102420041e+01
    797.0000000000   2.5870050121e+01   0.0000000000e+00   2.7154577749e+01
    798.0000000000   2.5930773231e+01   0.0000000000e+00   2.7215799499e+01
    799.0000000000   2.5985340847e+01   0.0000000000e+00   2.7271006963e+01
    800.0000000000   2.6038455112e+01   0.0000000000e+00   2.7324907683e+01
    801.0000000000   2.6100001225e+01   0.0000000000e+00   2.7377975470e+01
    802.0000000000   2.6155333078e+01   0.0000000000e+00   2.7430406816e+01
    803.0000000000   2.6209165277e+01   0.0000000000e+00   2.7482310466e+01
    804.0000000000   2.6262016248e+01   0.0000000000e+00   2.7533756345e+01
    805.0000000000   2.6314113609e+01   0.0000000000e+00   2.7584793768e+01
    806.0000000000   2.6365588257e+01   0.0000000000e+00   2.7654540607e+01
    807.0000000000   2.6416526420e+01   0.0000000000e+00   2.7712767762e+01
    808.0000000000   2.6466989782e+01   0.0000000000e+00   2.7768837167e+01
    809.0000000000   2.6517024986e+01   0.0000000000e+00   2.7833195901e+01
    810.0000000000   2.6566668736e+01   0.0000000000e+00   2.7900615558e+01
    811.0000000000   2.6615950791e+01   0.0000000000e+00   2.7960826833e+01
    812.0000000000   2.6664895855e+01   0.0000000000e+00   2.8019059681e+01
    813.0000000000   2.6713524822e+01   0.0000000000e+00   2.8076008741e+01
    814.0000000000   2.6761855638e+01   0.0000000000e+00   2.8141531645e+01
    815.0000000000   2.6809903915e+01   0.0000000000e+00   2.8200683197e+01
    816.0000000000   2.6876434257e+01   0.0000000000e+00   2.8258253162e+01
    817.0000000000   2.6931723975e+01   0.0000000000e+00   2.8314770470e+01
    818.0000000000   2.6984960845e+01   0.0000000000e+00   2.8370470714e+01
    819.0000000000   2.7046401830e+01   0.0000000000e+00   2.8435031981e+01
    820.0000000000   2.7101526052e+01   0.0000000000e+00   2.8493417197e+01
    821.0000000000   2.7164478676e+01   0.0000000000e+00   2.8550362154e+01
    822.0000000000   2.7230313868e+01   0.0000000000e+00   2.8606361227e+01
    823.0000000000   2.7288995326e+01   0.0000000000e+00   2.8661626525e+01
    824.0000000000   2.7345686812e+01   0.0000000000e+00   2.8716279034e+01
    825.0000000000   2.7410459644e+01   0.0000000000e+00   2.8770398498e+01
    826.0000000000   2.7468766363e+01   0.0000000000e+00   2.8824042273e+01
    827.0000000000   2.7525381687e+01   0.0000000000e+00   2.8877254059e+01
    828.0000000000   2.7580863956e+01   0.0000000000e+00   2.8930068539e+01
    829.0000000000   2.7635468886e+01   0.0000000000e+00   2.8982514083e+01
    830.0000000000   2.7689348016e+01   0.0000000000e+00   2.9034614435e+01
    831.0000000000   2.7742603244e+01   0.0000000000e+00   2.9086389838e+01
    832.0000000000   2.7795308460e+01   0.0000000000e+00   2.9137857804e+01
    833.0000000000   2.7847520021e+01   0.0000000000e+00   2.9189033673e+01
    834.0000000000   2.7899282494e+01   0.0000000000e+00   2.9239931016e+01
    835.0000000000   2.7950632106e+01   0.0000000000e+00   2.9290561947e+01
    836.0000000000   2.8001598945e+01   0.0000000000e+00   2.9350477788e+01
    837.0000000000   2.8052208439e+01   0.0000000000e+00   2.9404559324e+01
    838.0000000000   2.8102482390e+01   0.0000000000e+00   2.9457484720e+01
    839.0000000000   2.8152439720e+01   0.0000000000e+00   2.9509705714e+01
    840.0000000000   2.8202097023e+01   0.0000000000e+00   2.9561401658e+01
    841.0000000000   2.8251468980e+01   0.0000000000e+00   2.9612667639e+01
    842.0000000000   2.8309944123e+01   0.0000000000e+00   2.9663562464e+01
    843.0000000000   2.8362666773e+01   0.0000000000e+00   2.9714126251e+01
    844.0000000000   2.8414235986e+01   0.0000000000e+00   2.9764388299e+01
    845.0000000000   2.8474472703e+01   0.0000000000e+00   2.9814371104e+01
    846.0000000000   2.8528687122e+01   0.0000000000e+00   2.9864092611e+01
    847.0000000000   2.8581562343e+01   0.0000000000e+00   2.9913567564e+01
    848.0000000000   2.8633593095e+01   0.0000000000e+00   2.9962808372e+01
    849.0000000000   2.8684988597e+01   0.0000000000e+00   3.0021366101e+01
    850.0000000000   2.8735865094e+01   0.0000000000e+00   3.0074120949e+01
    851.0000000000   2.8786296909e+01   0.0000000000e+00   3.0125750285e+01
    852.0000000000   2.8836335896e+01   0.0000000000e+00   3.0176704935e+01
    853.0000000000   2.8895395896e+01   0.0000000000e+00   3.0236703703e+01
    854.0000000000   2.8948639191e+01   0.0000000000e+00   3.0309792451e+01
    855.0000000000   2.9000677994e+01   0.0000000000e+00   3.0370440013e+01
    856.0000000000   2.9051967690e+01   0.0000000000e+00   3.0438007830e+01
    857.0000000000   2.9102693490e+01   0.0000000000e+00   3.0498453995e+01
    858.0000000000   2.9162331409e+01   0.0000000000e+00   3.0556900951e+01
    859.0000000000   2.9216077567e+01   0.0000000000e+00   3.0614037821e+01
    860.0000000000   2.9268564541e+01   0.0000000000e+00   3.0670189072e+01
    861.0000000000   2.9320260884e+01   0.0000000000e+00   3.0725546293e+01
    862.0000000000   2.9380736229e+01   0.0000000000e+00   3.0780236310e+01
    863.0000000000   2.9435230113e+01   0.0000000000e+00   3.0834349272e+01
    864.0000000000   2.9488399239e+01   0.0000000000e+00   3.0887952504e+01
    865.0000000000   2.9559478041e+01   0.0000000000e+00   3.0941098165e+01
    866.0000000000   2.9618935932e+01   0.0000000000e+00   3.0993827835e+01
    867.0000000000   2.9676063925e+01   0.0000000000e+00   3.1046175423e+01
    868.0000000000   2.9731807298e+01   0.0000000000e+00   3.1098169109e+01
    869.0000000000   2.9786555480e+01   0.0000000000e+00   3.1149832683e+01
    870.0000000000   2.9840520299e+01   0.0000000000e+00   3.1201186501e+01
    871.0000000000   2.9893834751e+01   0.0000000000e+00   3.1252248181e+01
    872.0000000000   2.9946590105e+01   0.0000000000e+00   3.1303033128e+01
    873.0000000000   2.9998852924e+01   0.0000000000e+00   3.1363095355e+01
    874.0000000000   3.0050673948e+01   0.0000000000e+00   3.1436398716e+01
    875.0000000000   3.0102093183e+01   0.0000000000e+00   3.1497365052e+01
    876.0000000000   3.0153143020e+01   0.0000000000e+00   3.1555785987e+01
    877.0000000000   3.0203850252e+01   0.0000000000e+00   3.1612729175e+01
    878.0000000000   3.0254237434e+01   0.0000000000e+00   3.1668634347e+01
    879.0000000000   3.0304323837e+01   0.0000000000e+00   3.1723737409e+01
    880.0000000000   3.0354126136e+01   0.0000000000e+00   3.1778183898e+01
    881.0000000000   3.0403658913e+01   0.0000000000e+00   3.1832071940e+01
    882.0000000000   3.0452935043e+01   0.0000000000e+00   3.1885471925e+01
    883.0000000000   3.0511341422e+01   0.0000000000e+00   3.1938436727e+01
    884.0000000000   3.0582771759e+01   0.0000000000e+00   3.1991007494e+01
    885.0000000000   3.0642088881e+01   0.0000000000e+00   3.2043217166e+01
    886.0000000000   3.0698913920e+01   0.0000000000e+00   3.2095092726e+01
    887.0000000000   3.0754295072e+01   0.0000000000e+00   3.2146656697e+01
    888.0000000000   3.0808663603e+01   0.0000000000e+00   3.2197928185e+01
    889.0000000000   3.0862250593e+01   0.0000000000e+00   3.2248923621e+01
    890.0000000000   3.0924573847e+01   0.0000000000e+00   3.2299657296e+01
    891.0000000000   3.0980861782e+01   0.0000000000e+00   3.2350141773e+01
    892.0000000000   3.1035771506e+01   0.0000000000e+00   3.2409928615e+01
    893.0000000000   3.1089790381e+01   0.0000000000e+00   3.2463898701e+01
    894.0000000000   3.1143127277e+01   0.0000000000e+00   3.2516730170e+01
    895.0000000000   3.1195900797e+01   0.0000000000e+00   3.2568874650e+01
    896.0000000000   3.1257564017e+01   0.0000000000e+00   3.2620511322e+01
    897.0000000000   3.1313304869e+01   0.0000000000e+00   3.2671735051e+01
    898.0000000000   3.1377129027e+01   0.0000000000e+00   3.2722604390e+01
    899.0000000000   3.1444013209e+01   0.0000000000e+00   3.2792240028e+01
    900.0000000000   3.1513249308e+01   0.0000000000e+00   3.2859953238e+01
    901.0000000000   3.1575102852e+01   0.0000000000e+00   3.2919975494e+01
    902.0000000000   3.1644212504e+01   0.0000000000e+00   3.2977880641e+01
    903.0000000000   3.1706451633e+01   0.0000000000e+00   3.3034470210e+01
    904.0000000000   3.1766752741e+01   0.0000000000e+00   3.3099644719e+01
    905.0000000000   3.1825752418e+01   0.0000000000e+00   3.3158478200e+01
    906.0000000000   3.1893126823e+01   0.0000000000e+00   3.3215769336e+01
    907.0000000000   3.1954188511e+01   0.0000000000e+00   3.3281591423e+01
    908.0000000000   3.2023022482e+01   0.0000000000e+00   3.3341052362e+01
    909.0000000000   3.2094660134e+01   0.0000000000e+00   3.3398959012e+01
    910.0000000000   3.2159057730e+01   0.0000000000e+00   3.3455846167e+01
    911.0000000000   3.2221378391e+01   0.0000000000e+00   3.3521491534e+01
    912.0000000000   3.2291695890e+01   0.0000000000e+00   3.3590444097e+01
    913.0000000000   3.2355466589e+01   0.0000000000e+00   3.3652335199e+01
    914.0000000000   3.2417469543e+01   0.0000000000e+00   3.3731423928e+01
    915.0000000000   3.2506393819e+01   0.0000000000e+00   3.3798117112e+01
    916.0000000000   3.2577897120e+01   0.0000000000e+00   3.3871592550e+01
    917.0000000000   3.2655275797e+01   0.0000000000e+00   3.3947320770e+01
    918.0000000000   3.2725075662e+01   0.0000000000e+00   3.4015298178e+01
    919.0000000000   3.2792469040e+01   0.0000000000e+00   3.4090434074e+01
    920.0000000000   3.2858211147e+01   0.0000000000e+00   3.4158379299e+01
    921.0000000000   3.2932048116e+01   0.0000000000e+00   3.4243258728e+01
    922.0000000000   3.2999338621e+01   0.0000000000e+00   3.4325023547e+01
    923.0000000000   3.3064825000e+01   0.0000000000e+00   3.4398206701e+01
    924.0000000000   3.3129055233e+01   0.0000000000e+00   3.4468562299e+01
    925.0000000000   3.3192283771e+01   0.0000000000e+00   3.4537013072e+01
    926.0000000000   3.3254664885e+01   0.0000000000e+00   3.4604006593e+01
    927.0000000000   3.3316304962e+01   0.0000000000e+00   3.4679352625e+01
    928.0000000000   3.3377283074e+01   0.0000000000e+00   3.4748103506e+01
    929.0000000000   3.3437660931e+01   0.0000000000e+00   3.4815059550e+01
    930.0000000000   3.3506863805e+01   0.0000000000e+00   3.4880763785e+01
    931.0000000000   3.3570065532e+01   0.0000000000e+00   3.4955006688e+01
    932.0000000000   3.3631889406e+01   0.0000000000e+00   3.5022810538e+01
    933.0000000000   3.3702176621e+01   0.0000000000e+00   3.5088949086e+01
    934.0000000000   3.3766254547e+01   0.0000000000e+00   3.5163484277e+01
    935.0000000000   3.3828821024e+01   0.0000000000e+00   3.5231519946e+01
    936.0000000000   3.3899758999e+01   0.0000000000e+00   3.5307403367e+01
    937.0000000000   3.3973796869e+01   0.0000000000e+00   3.5386082952e+01
    938.0000000000   3.4040781737e+01   0.0000000000e+00   3.5466880049e+01
    939.0000000000   3.4105820968e+01   0.0000000000e+00   3.5539920132e+01
    940.0000000000   3.4169578907e+01   0.0000000000e+00   3.5629664317e+01
    941.0000000000   3.4232356396e+01   0.0000000000e+00   3.5706628043e+01
    942.0000000000   3.4294327519e+01   0.0000000000e+00   3.5780516187e+01
    943.0000000000   3.4355606761e+01   0.0000000000e+00   3.5852433942e+01
    944.0000000000   3.4416275687e+01   0.0000000000e+00   3.5932411489e+01
    945.0000000000   3.4476395707e+01   0.0000000000e+00   3.6005601436e+01
    946.0000000000   3.4536014955e+01   0.0000000000e+00   3.6076857741e+01
    947.0000000000   3.4595172335e+01   0.0000000000e+00   3.6146755277e+01
    948.0000000000   3.4653900058e+01   0.0000000000e+00   3.6215564446e+01
    949.0000000000   3.4712225318e+01   0.0000000000e+00   3.6283450366e+01
    950.0000000000   3.4770171439e+01   0.0000000000e+00   3.6360067772e+01
    951.0000000000   3.4837134131e+01   0.0000000000e+00   3.6430372741e+01
    952.0000000000   3.4917014649e+01   0.0000000000e+00   3.6499101009e+01
    953.0000000000   3.4984682365e+01   0.0000000000e+00   3.6566749895e+01
    954.0000000000   3.5049764147e+01   0.0000000000e+00   3.6633535794e+01
    955.0000000000   3.5113313272e+01   0.0000000000e+00   3.6699584521e+01
    956.0000000000   3.5175765541e+01   0.0000000000e+00   3.6764980792e+01
    957.0000000000   3.5237356109e+01   0.0000000000e+00   3.6829786874e+01
    958.0000000000   3.5298231036e+01   0.0000000000e+00   3.6894051212e+01
    959.0000000000   3.5367864974e+01   0.0000000000e+00   3.6957813020e+01
    960.0000000000   3.5431462231e+01   0.0000000000e+00   3.7021104961e+01
    961.0000000000   3.5493665580e+01   0.0000000000e+00   3.7093495262e+01
    962.0000000000   3.5554953521e+01   0.0000000000e+00   3.7159878907e+01
    963.0000000000   3.5624904750e+01   0.0000000000e+00   3.7224946187e+01
    964.0000000000   3.5688766859e+01   0.0000000000e+00   3.7289159342e+01
    965.0000000000   3.5751203665e+01   0.0000000000e+00   3.7352706922e+01
    966.0000000000   3.5822080448e+01   0.0000000000e+00   3.7415692146e+01
    967.0000000000   3.5886739625e+01   0.0000000000e+00   3.7478181076e+01
    968.0000000000   3.5949888727e+01   0.0000000000e+00   3.7540220341e+01
    969.0000000000   3.6012041615e+01   0.0000000000e+00   3.7601845129e+01
    970.0000000000   3.6073422877e+01   0.0000000000e+00   3.7663083286e+01
    971.0000000000   3.6143536792e+01   0.0000000000e+00   3.7733498064e+01
    972.0000000000   3.6207600751e+01   0.0000000000e+00   3.7797979613e+01
    973.0000000000   3.6279639358e+01   0.0000000000e+00   3.7861213644e+01
    974.0000000000   3.6354642472e+01   0.0000000000e+00   3.7923658131e+01
    975.0000000000   3.6422536206e+01   0.0000000000e+00   3.7995038096e+01
    976.0000000000   3.6488460952e+01   0.0000000000e+00   3.8060324041e+01
    977.0000000000   3.6553097405e+01   0.0000000000e+00   3.8124247856e+01
    978.0000000000   3.6616755357e+01   0.0000000000e+00   3.8187296606e+01
    979.0000000000   3.6679614101e+01   0.0000000000e+00   3.8249674432e+01
    980.0000000000   3.6741791249e+01   0.0000000000e+00   3.8311494670e+01
    981.0000000000   3.6803370264e+01   0.0000000000e+00   3.8372830077e+01
    982.0000000000   3.6864413680e+01   0.0000000000e+00   3.8433731751e+01
    983.0000000000   3.6924970255e+01   0.0000000000e+00   3.8494237851e+01
    984.0000000000   3.6985079184e+01   0.0000000000e+00   3.8554378167e+01
    985.0000000000   3.7044772743e+01   0.0000000000e+00   3.8614176753e+01
    986.0000000000   3.7104078035e+01   0.0000000000e+00   3.8673653547e+01
    987.0000000000   3.7163018186e+01   0.0000000000e+00   3.8732825431e+01
    988.0000000000   3.7221613199e+01   0.0000000000e+00   3.8801247368e+01
    989.0000000000   3.7279880574e+01   0.0000000000e+00   3.8873343406e+01
    990.0000000000   3.7337835772e+01   0.0000000000e+00   3.8948205302e+01
    991.0000000000   3.7395492571e+01   0.0000000000e+00   3.9015826705e+01
    992.0000000000   3.7452863343e+01   0.0000000000e+00   3.9081501140e+01
    993.0000000000   3.7509959269e+01   0.0000000000e+00   3.9145940224e+01
    994.0000000000   3.7576165949e+01   0.0000000000e+00   3.9209463687e+01
    995.0000000000   3.7636625234e+01   0.0000000000e+00   3.9272252959e+01
    996.0000000000   3.7695934089e+01   0.0000000000e+00   3.9334424527e+01
    997.0000000000   3.7754536226e+01   0.0000000000e+00   3.9396059326e+01
    998.0000000000   3.7821983187e+01   0.0000000000e+00   3.9466757231e+01
    999.0000000000   3.7883500879e+01   0.0000000000e+00   3.9531434683e+01
   1000.0000000000   3.7943735476e+01   0.0000000000e+00   3.9594796861e+01
   1001.0000000000   3.8012537667e+01   0.0000000000e+00   3.9657316498e+01
   1002.0000000000   3.8075237637e+01   0.0000000000e+00   3.9719189603e+01
   1003.0000000000   3.8136532541e+01   0.0000000000e+00   3.9780524716e+01
   1004.0000000000   3.8196927346e+01   0.0000000000e+00   3.9841391674e+01
   1005.0000000000   3.8256638941e+01   0.0000000000e+00   3.9901839758e+01
   1006.0000000000   3.8315789458e+01   0.0000000000e+00   3.9961905968e+01
   1007.0000000000   3.8374457823e+01   0.0000000000e+00   4.0031159766e+01
   1008.0000000000   3.8442074989e+01   0.0000000000e+00   4.0094495621e+01
   1009.0000000000   3.8503814883e+01   0.0000000000e+00   4.0156602303e+01
   1010.0000000000   3.8564298081e+01   0.0000000000e+00   4.0217939951e+01
   1011.0000000000   3.8623986220e+01   0.0000000000e+00   4.0278694696e+01
   1012.0000000000   3.8692444772e+01   0.0000000000e+00   4.0338967180e+01
   1013.0000000000   3.8754910692e+01   0.0000000000e+00   4.0398820822e+01
   1014.0000000000   3.8816039057e+01   0.0000000000e+00   4.0458299614e+01
   1015.0000000000   3.8876312396e+01   0.0000000000e+00   4.0517436143e+01
   1016.0000000000   3.8935934348e+01   0.0000000000e+00   4.0576255722e+01
   1017.0000000000   3.8995018661e+01   0.0000000000e+00   4.0634778726e+01
   1018.0000000000   3.9053638692e+01   0.0000000000e+00   4.0693022018e+01
   1019.0000000000   3.9121221544e+01   0.0000000000e+00   4.0760540283e+01
   1020.0000000000   3.9182938410e+01   0.0000000000e+00   4.0822216721e+01
   1021.0000000000   3.9243407874e+01   0.0000000000e+00   4.0882731236e+01
   1022.0000000000   3.9303090089e+01   0.0000000000e+00   4.0942536825e+01
   1023.0000000000   3.9362173971e+01   0.0000000000e+00   4.1011354173e+01
   1024.0000000000   3.9430138491e+01   0.0000000000e+00   4.1083690361e+01
   1025.0000000000   3.9492182180e+01   0.0000000000e+00   4.1149144756e+01
   1026.0000000000   3.9552939623e+01   0.0000000000e+00   4.1222410910e+01
   1027.0000000000   3.9612881063e+01   0.0000000000e+00   4.1289004555e+01
   1028.0000000000   3.9672202144e+01   0.0000000000e+00   4.1353877386e+01
   1029.0000000000   3.9740386528e+01   0.0000000000e+00   4.1417631366e+01
   1030.0000000000   3.9812011570e+01   0.0000000000e+00   4.1490079906e+01
   1031.0000000000   3.9876846937e+01   0.0000000000e+00   4.1556252204e+01
   1032.0000000000   3.9939953228e+01   0.0000000000e+00   4.1620921301e+01
   1033.0000000000   4.0001963433e+01   0.0000000000e+00   4.1684604283e+01
   1034.0000000000   4.0063155785e+01   0.0000000000e+00   4.1757068289e+01
   1035.0000000000   4.0123687183e+01   0.0000000000e+00   4.1823314964e+01
   1036.0000000000   4.0183658514e+01   0.0000000000e+00   4.1897640318e+01
   1037.0000000000   4.0243140253e+01   0.0000000000e+00   4.1974961202e+01
   1038.0000000000   4.0311559974e+01   0.0000000000e+00   4.2045036468e+01
   1039.0000000000   4.0374090469e+01   0.0000000000e+00   4.2113103900e+01
   1040.0000000000   4.0435352237e+01   0.0000000000e+00   4.2179861132e+01
   1041.0000000000   4.0495807340e+01   0.0000000000e+00   4.2245627036e+01
   1042.0000000000   4.0555646475e+01   0.0000000000e+00   4.2310586751e+01
   1043.0000000000   4.0614974796e+01   0.0000000000e+00   4.2374861982e+01
   1044.0000000000   4.0673859725e+01   0.0000000000e+00   4.2438539181e+01
   1045.0000000000   4.0741724147e+01   0.0000000000e+00   4.2501683128e+01
   1046.0000000000   4.0803736171e+01   0.0000000000e+00   4.2564344297e+01
   1047.0000000000   4.0864512083e+01   0.0000000000e+00   4.2636103632e+01
   1048.0000000000   4.0924510291e+01   0.0000000000e+00   4.2701865361e+01
   1049.0000000000   4.1002669238e+01   0.0000000000e+00   4.2766326564e+01
   1050.0000000000   4.1069356525e+01   0.0000000000e+00   4.2829954504e+01
   1051.0000000000   4.1133814157e+01   0.0000000000e+00   4.2892941450e+01
   1052.0000000000   4.1196959311e+01   0.0000000000e+00   4.2955393368e+01
   1053.0000000000   4.1259163485e+01   0.0000000000e+00   4.3017378326e+01
   1054.0000000000   4.1320626224e+01   0.0000000000e+00   4.3078944396e+01
   1055.0000000000   4.1381471673e+01   0.0000000000e+00   4.3140127764e+01
   1056.0000000000   4.1441784479e+01   0.0000000000e+00   4.3200956938e+01
   1057.0000000000   4.1501626102e+01   0.0000000000e+00   4.3261455139e+01
   1058.0000000000   4.1561043263e+01   0.0000000000e+00   4.3321641774e+01
   1059.0000000000   4.1629448175e+01   0.0000000000e+00   4.3381533390e+01
   1060.0000000000   4.1692003157e+01   0.0000000000e+00   4.3441144328e+01
   1061.0000000000   4.1753321257e+01   0.0000000000e+00   4.3500487174e+01
   1062.0000000000   4.1813859058e+01   0.0000000000e+00   4.3559573101e+01
   1063.0000000000   4.1873803119e+01   0.0000000000e+00   4.3618412115e+01
   1064.0000000000   4.1933255388e+01   0.0000000000e+00   4.3686553675e+01
   1065.0000000000   4.1992280758e+01   0.0000000000e+00   4.3748876914e+01
   1066.0000000000   4.2050924648e+01   0.0000000000e+00   4.3810058516e+01
   1067.0000000000   4.2109220952e+01   0.0000000000e+00   4.3870548896e+01
   1068.0000000000   4.2167196159e+01   0.0000000000e+00   4.3949607064e+01
   1069.0000000000   4.2224871690e+01   0.0000000000e+00   4.4026609296e+01
   1070.0000000000   4.2282265330e+01   0.0000000000e+00   4.4105363132e+01
   1071.0000000000   4.2339392161e+01   0.0000000000e+00   4.4176334937e+01
   1072.0000000000   4.2396265182e+01   0.0000000000e+00   4.4245009479e+01
   1073.0000000000   4.2452895756e+01   0.0000000000e+00   4.4312200031e+01
   1074.0000000000   4.2509293929e+01   0.0000000000e+00   4.4397369279e+01
   1075.0000000000   4.2565468670e+01   0.0000000000e+00   4.4470481832e+01
   1076.0000000000   4.2621428051e+01   0.0000000000e+00   4.4541021692e+01
   1077.0000000000   4.2677179391e+01   0.0000000000e+00   4.4609978278e+01
   1078.0000000000   4.2732729367e+01   0.0000000000e+00   4.4677770925e+01
   1079.0000000000   4.2788084104e+01   0.0000000000e+00   4.4754174489e+01
   1080.0000000000   4.2843249246e+01   0.0000000000e+00   4.4833751097e+01
   1081.0000000000   4.2907605457e+01   0.0000000000e+00   4.4906146442e+01
   1082.0000000000   4.2966290154e+01   0.0000000000e+00   4.4976551519e+01
   1083.0000000000   4.3023896302e+01   0.0000000000e+00   4.5045642132e+01
   1084.0000000000   4.3080863987e+01   0.0000000000e+00   4.5113726389e+01
   1085.0000000000   4.3146741446e+01   0.0000000000e+00   4.5190524525e+01
   1086.0000000000   4.3206751562e+01   0.0000000000e+00   4.5261026681e+01
   1087.0000000000   4.3303039479e+01   0.0000000000e+00   4.5329987558e+01
   1088.0000000000   4.3376608136e+01   0.0000000000e+00   4.5397915396e+01
   1089.0000000000   4.3446006526e+01   0.0000000000e+00   4.5465032889e+01
   1090.0000000000   4.3513084573e+01   0.0000000000e+00   4.5531469364e+01
   1091.0000000000   4.3578584644e+01   0.0000000000e+00   4.5597311302e+01
   1092.0000000000   4.3642899239e+01   0.0000000000e+00   4.5672162035e+01
   1093.0000000000   4.3706267868e+01   0.0000000000e+00   4.5740940837e+01
   1094.0000000000   4.3768850411e+01   0.0000000000e+00   4.5817895949e+01
   1095.0000000000   4.3830760426e+01   0.0000000000e+00   4.5888373574e+01
   1096.0000000000   4.3901457764e+01   0.0000000000e+00   4.5957241376e+01
   1097.0000000000   4.3966139981e+01   0.0000000000e+00   4.6034594224e+01
   1098.0000000000   4.4029446962e+01   0.0000000000e+00   4.6105546958e+01
   1099.0000000000   4.4091856219e+01   0.0000000000e+00   4.6174908322e+01
   1100.0000000000   4.4153570955e+01   0.0000000000e+00   4.6243213234e+01
   1101.0000000000   4.4214706576e+01   0.0000000000e+00   4.6310698564e+01
   1102.0000000000   4.4275339014e+01   0.0000000000e+00   4.6387041905e+01
   1103.0000000000   4.4335522848e+01   0.0000000000e+00   4.6457205063e+01
   1104.0000000000   4.4395299660e+01   0.0000000000e+00   4.6535462991e+01
   1105.0000000000   4.4464077884e+01   0.0000000000e+00   4.6607179773e+01
   1106.0000000000   4.4527017060e+01   0.0000000000e+00   4.6677235608e+01
   1107.0000000000   4.4588728194e+01   0.0000000000e+00   4.6746194056e+01
   1108.0000000000   4.4649666356e+01   0.0000000000e+00   4.6814305854e+01
   1109.0000000000   4.4710016979e+01   0.0000000000e+00   4.6881715795e+01
   1110.0000000000   4.4769881174e+01   0.0000000000e+00   4.6948519364e+01
   1111.0000000000   4.4829323208e+01   0.0000000000e+00   4.7014784895e+01
   1112.0000000000   4.4897763464e+01   0.0000000000e+00   4.7080564077e+01
   1113.0000000000   4.4960368046e+01   0.0000000000e+00   4.7145897607e+01
   1114.0000000000   4.5021751610e+01   0.0000000000e+00   4.7210818515e+01
   1115.0000000000   4.5082371226e+01   0.0000000000e+00   4.7275354250e+01
   1116.0000000000   4.5142413355e+01   0.0000000000e+00   4.7339528057e+01
   1117.0000000000   4.5201979548e+01   0.0000000000e+00   4.7403359931e+01
   1118.0000000000   4.5261134158e+01   0.0000000000e+00   4.7466867293e+01
   1119.0000000000   4.5319921998e+01   0.0000000000e+00   4.7530065489e+01
   1120.0000000000   4.5378376349e+01   0.0000000000e+00   4.7592968164e+01
   1121.0000000000   4.5436523094e+01   0.0000000000e+00   4.7655587544e+01
   1122.0000000000   4.5494383078e+01   0.0000000000e+00   4.7717934670e+01
   1123.0000000000   4.5561348979e+01   0.0000000000e+00   4.7780019565e+01
   1124.0000000000   4.5641318799e+01   0.0000000000e+00   4.7851391809e+01
   1125.0000000000   4.5709158617e+01   0.0000000000e+00   4.7916930726e+01
   1126.0000000000   4.5783867506e+01   0.0000000000e+00   4.7990853666e+01
   1127.0000000000   4.5851628178e+01   0.0000000000e+00   4.8058482234e+01
   1128.0000000000   4.5926837316e+01   0.0000000000e+00   4.8124664060e+01
   1129.0000000000   4.5995295644e+01   0.0000000000e+00   4.8189936966e+01
   1130.0000000000   4.6061903786e+01   0.0000000000e+00   4.8254530879e+01
   1131.0000000000   4.6127280842e+01   0.0000000000e+00   4.8318573438e+01
   1132.0000000000   4.6191716407e+01   0.0000000000e+00   4.8382145769e+01
   1133.0000000000   4.6255382642e+01   0.0000000000e+00   4.8445304024e+01
   1134.0000000000   4.6318394763e+01   0.0000000000e+00   4.8508089445e+01
   1135.0000000000   4.6380835635e+01   0.0000000000e+00   4.8570533680e+01
   1136.0000000000   4.6442767856e+01   0.0000000000e+00   4.8632661855e+01
   1137.0000000000   4.6504240444e+01   0.0000000000e+00   4.8694494462e+01
   1138.0000000000   4.6565292856e+01   0.0000000000e+00   4.8756048584e+01
   1139.0000000000   4.6625957559e+01   0.0000000000e+00   4.8817338725e+01
   1140.0000000000   4.6686261752e+01   0.0000000000e+00   4.8887917813e+01
   1141.0000000000   4.6746228565e+01   0.0000000000e+00   4.8971748538e+01
   1142.0000000000   4.6815253354e+01   0.0000000000e+00   4.9043251567e+01
   1143.0000000000   4.6878486025e+01   0.0000000000e+00   4.9112217371e+01
   1144.0000000000   4.6949905697e+01   0.0000000000e+00   4.9179712506e+01
   1145.0000000000   4.7015094291e+01   0.0000000000e+00   4.9246175659e+01
   1146.0000000000   4.7078821133e+01   0.0000000000e+00   4.9311841757e+01
   1147.0000000000   4.7141619499e+01   0.0000000000e+00   4.9376855426e+01
   1148.0000000000   4.7213094888e+01   0.0000000000e+00   4.9441313943e+01
   1149.0000000000   4.7278508872e+01   0.0000000000e+00   4.9505286914e+01
   1150.0000000000   4.7342532737e+01   0.0000000000e+00   4.9568826488e+01
   1151.0000000000   4.7405660261e+01   0.0000000000e+00   4.9631973142e+01
   1152.0000000000   4.7468103217e+01   0.0000000000e+00   4.9694759199e+01
   1153.0000000000   4.7539356874e+01   0.0000000000e+00   4.9757211068e+01
   1154.0000000000   4.7604631823e+01   0.0000000000e+00   4.9819350748e+01
   1155.0000000000   4.7677947285e+01   0.0000000000e+00   4.9881196860e+01
   1156.0000000000   4.7754288691e+01   0.0000000000e+00   4.9942765385e+01
   1157.0000000000   4.7823578420e+01   0.0000000000e+00   5.0013610629e+01
   1158.0000000000   4.7890953643e+01   0.0000000000e+00   5.0078615696e+01
   1159.0000000000   4.7957092235e+01   0.0000000000e+00   5.0142460551e+01
   1160.0000000000   4.8022301488e+01   0.0000000000e+00   5.0205598344e+01
   1161.0000000000   4.8086758451e+01   0.0000000000e+00   5.0268209524e+01
   1162.0000000000   4.8159954146e+01   0.0000000000e+00   5.0330390032e+01
   1163.0000000000   4.8236478188e+01   0.0000000000e+00   5.0401739762e+01
   1164.0000000000   4.8306112413e+01   0.0000000000e+00   5.0467170260e+01
   1165.0000000000   4.8373928302e+01   0.0000000000e+00   5.0540920815e+01
   1166.0000000000   4.8449943714e+01   0.0000000000e+00   5.0608328647e+01
   1167.0000000000   4.8528952986e+01   0.0000000000e+00   5.0683793302e+01
   1168.0000000000   4.8600840983e+01   0.0000000000e+00   5.0762272634e+01
   1169.0000000000   4.8670738886e+01   0.0000000000e+00   5.0833543371e+01
   1170.0000000000   4.8739327062e+01   0.0000000000e+00   5.0912391529e+01
   1171.0000000000   4.8806917606e+01   0.0000000000e+00   5.0984388650e+01
   1172.0000000000   4.8873692765e+01   0.0000000000e+00   5.1054523327e+01
   1173.0000000000   4.8939773077e+01   0.0000000000e+00   5.1123423497e+01
   1174.0000000000   4.9005244675e+01   0.0000000000e+00   5.1191381278e+01
   1175.0000000000   4.9070172451e+01   0.0000000000e+00   5.1268109959e+01
   1176.0000000000   4.9134607218e+01   0.0000000000e+00   5.1338595754e+01
   1177.0000000000   4.9198589947e+01   0.0000000000e+00   5.1407590567e+01
   1178.0000000000   4.9262154446e+01   0.0000000000e+00   5.1485140728e+01
   1179.0000000000   4.9325329140e+01   0.0000000000e+00   5.1556337747e+01
   1180.0000000000   4.9388138294e+01   0.0000000000e+00   5.1625978160e+01
   1181.0000000000   4.9450602897e+01   0.0000000000e+00   5.1694590098e+01
   1182.0000000000   4.9512741298e+01   0.0000000000e+00   5.1762406485e+01
   1183.0000000000   4.9574569695e+01   0.0000000000e+00   5.1829562093e+01
   1184.0000000000   4.9636102505e+01   0.0000000000e+00   5.1896146292e+01
   1185.0000000000   4.9706728084e+01   0.0000000000e+00   5.1962223430e+01
   1186.0000000000   4.9771590652e+01   0.0000000000e+00   5.2027842449e+01
   1187.0000000000   4.9835289220e+01   0.0000000000e+00   5.2093042058e+01
   1188.0000000000   4.9898269282e+01   0.0000000000e+00   5.2157853779e+01
   1189.0000000000   4.9960708498e+01   0.0000000000e+00   5.2231844295e+01
   1190.0000000000   5.0022701581e+01   0.0000000000e+00   5.2299906802e+01
   1191.0000000000   5.0084307472e+01   0.0000000000e+00   5.2366729651e+01
   1192.0000000000   5.0145566644e+01   0.0000000000e+00   5.2432773064e+01
   1193.0000000000   5.0206508843e+01   0.0000000000e+00   5.2498223544e+01
   1194.0000000000   5.0267157049e+01   0.0000000000e+00   5.2563182262e+01
   1195.0000000000   5.0336905133e+01   0.0000000000e+00   5.2627713255e+01
   1196.0000000000   5.0400900882e+01   0.0000000000e+00   5.2691861167e+01
   1197.0000000000   5.0473121037e+01   0.0000000000e+00   5.2755659247e+01
   1198.0000000000   5.0539145092e+01   0.0000000000e+00   5.2819133453e+01
   1199.0000000000   5.0613115434e+01   0.0000000000e+00   5.2882304787e+01
   1200.0000000000   5.0680695637e+01   0.0000000000e+00   5.2945190707e+01
   1201.0000000000   5.0756077511e+01   0.0000000000e+00   5.3007806037e+01
   1202.0000000000   5.0824956498e+01   0.0000000000e+00   5.3070163582e+01
   1203.0000000000   5.0892170877e+01   0.0000000000e+00   5.3132274561e+01
   1204.0000000000   5.0958299321e+01   0.0000000000e+00   5.3194148916e+01
   1205.0000000000   5.1023603486e+01   0.0000000000e+00   5.3255795542e+01
   1206.0000000000   5.1088235287e+01   0.0000000000e+00   5.3317222466e+01
   1207.0000000000   5.1161670154e+01   0.0000000000e+00   5.3378436982e+01
   1208.0000000000   5.1229111740e+01   0.0000000000e+00   5.3439445757e+01
   1209.0000000000   5.1295201748e+01   0.0000000000e+00   5.3519335773e+01
   1210.0000000000   5.1369792940e+01   0.0000000000e+00   5.3587854536e+01
   1211.0000000000   5.1438219966e+01   0.0000000000e+00   5.3654345658e+01
   1212.0000000000   5.1505185152e+01   0.0000000000e+00   5.3729241489e+01
   1213.0000000000   5.1571198632e+01   0.0000000000e+00   5.3807301529e+01
   1214.0000000000   5.1636482165e+01   0.0000000000e+00   5.3878246373e+01
   1215.0000000000   5.1701162348e+01   0.0000000000e+00   5.3947297418e+01
   1216.0000000000   5.1774697583e+01   0.0000000000e+00   5.4024682391e+01
   1217.0000000000   5.1842279575e+01   0.0000000000e+00   5.4095583064e+01
   1218.0000000000   5.1908541372e+01   0.0000000000e+00   5.4174387365e+01
   1219.0000000000   5.1983329306e+01   0.0000000000e+00   5.4246525426e+01
   1220.0000000000   5.2051973147e+01   0.0000000000e+00   5.4316919285e+01
   1221.0000000000   5.2119171456e+01   0.0000000000e+00   5.4386160490e+01
   1222.0000000000   5.2185431415e+01   0.0000000000e+00   5.4454519248e+01
   1223.0000000000   5.2269723317e+01   0.0000000000e+00   5.4522154288e+01
   1224.0000000000   5.2342437003e+01   0.0000000000e+00   5.4589171305e+01
   1225.0000000000   5.2412830787e+01   0.0000000000e+00   5.4655646224e+01
   1226.0000000000   5.2481834267e+01   0.0000000000e+00   5.4721636461e+01
   1227.0000000000   5.2549828680e+01   0.0000000000e+00   5.4787187068e+01
   1228.0000000000   5.2626396828e+01   0.0000000000e+00   5.4861874837e+01
   1229.0000000000   5.2696801821e+01   0.0000000000e+00   5.4930600697e+01
   1230.0000000000   5.2765722070e+01   0.0000000000e+00   5.4998059044e+01
   1231.0000000000   5.2833659379e+01   0.0000000000e+00   5.5064714897e+01
   1232.0000000000   5.2900833132e+01   0.0000000000e+00   5.5130758618e+01
   1233.0000000000   5.2976745437e+01   0.0000000000e+00   5.5196294523e+01
   1234.0000000000   5.3046612926e+01   0.0000000000e+00   5.5261389232e+01
   1235.0000000000   5.3115084688e+01   0.0000000000e+00   5.5326089534e+01
   1236.0000000000   5.3192018253e+01   0.0000000000e+00   5.5390430469e+01
   1237.0000000000   5.3272127106e+01   0.0000000000e+00   5.5454439503e+01
   1238.0000000000   5.3345248758e+01   0.0000000000e+00   5.5518138916e+01
   1239.0000000000   5.3416483915e+01   0.0000000000e+00   5.5581547251e+01
   1240.0000000000   5.3495867442e+01   0.0000000000e+00   5.5644680262e+01
   1241.0000000000   5.3568828909e+01   0.0000000000e+00   5.5707551553e+01
   1242.0000000000   5.3640127719e+01   0.0000000000e+00   5.5770173030e+01
   1243.0000000000   5.3710311580e+01   0.0000000000e+00   5.5832555231e+01
   1244.0000000000   5.3779628613e+01   0.0000000000e+00   5.5894707569e+01
   1245.0000000000   5.3848224806e+01   0.0000000000e+00   5.5956638519e+01
   1246.0000000000   5.3916197925e+01   0.0000000000e+00   5.6018355770e+01
   1247.0000000000   5.3983618747e+01   0.0000000000e+00   5.6079866331e+01
   1248.0000000000   5.4050541253e+01   0.0000000000e+00   5.6160257486e+01
   1249.0000000000   5.4117008190e+01   0.0000000000e+00   5.6238817430e+01
   1250.0000000000   5.4183054375e+01   0.0000000000e+00   5.6319301356e+01
   1251.0000000000   5.4248708804e+01   0.0000000000e+00   5.6392141498e+01
   1252.0000000000   5.4313996057e+01   0.0000000000e+00   5.6462798885e+01
   1253.0000000000   5.4378937278e+01   0.0000000000e+00   5.6532069479e+01
   1254.0000000000   5.4452926317e+01   0.0000000000e+00   5.6609862441e+01
   1255.0000000000   5.4521111939e+01   0.0000000000e+00   5.6681261257e+01
   1256.0000000000   5.4588096962e+01   0.0000000000e+00   5.6751072606e+01
   1257.0000000000   5.4654330108e+01   0.0000000000e+00   5.6819835769e+01
   1258.0000000000   5.4729367233e+01   0.0000000000e+00   5.6897333233e+01
   1259.0000000000   5.4807813431e+01   0.0000000000e+00   5.6968577644e+01
   1260.0000000000   5.4879450710e+01   0.0000000000e+00   5.7047873139e+01
   1261.0000000000   5.4949345637e+01   0.0000000000e+00   5.7120602285e+01
   1262.0000000000   5.5018134231e+01   0.0000000000e+00   5.7191657749e+01
   1263.0000000000   5.5086096295e+01   0.0000000000e+00   5.7280692699e+01
   1264.0000000000   5.5153389548e+01   0.0000000000e+00   5.7357706055e+01
   1265.0000000000   5.5220115295e+01   0.0000000000e+00   5.7432185634e+01
   1266.0000000000   5.5286344221e+01   0.0000000000e+00   5.7514657871e+01
   1267.0000000000   5.5352128562e+01   0.0000000000e+00   5.7590408230e+01
   1268.0000000000   5.5417508592e+01   0.0000000000e+00   5.7664335769e+01
   1269.0000000000   5.5491891833e+01   0.0000000000e+00   5.7737030876e+01
   1270.0000000000   5.5569812511e+01   0.0000000000e+00   5.7808767694e+01
   1271.0000000000   5.5641013512e+01   0.0000000000e+00   5.7879709979e+01
   1272.0000000000   5.5710537714e+01   0.0000000000e+00   5.7949968408e+01
   1273.0000000000   5.5788381247e+01   0.0000000000e+00   5.8029163960e+01
   1274.0000000000   5.5869321491e+01   0.0000000000e+00   5.8111769597e+01
   1275.0000000000   5.5943229782e+01   0.0000000000e+00   5.8187374267e+01
   1276.0000000000   5.6015226314e+01   0.0000000000e+00   5.8270670869e+01
   1277.0000000000   5.6085982381e+01   0.0000000000e+00   5.8356719155e+01
   1278.0000000000   5.6155802498e+01   0.0000000000e+00   5.8444887554e+01
   1279.0000000000   5.6224862499e+01   0.0000000000e+00   5.8544405021e+01
   1280.0000000000   5.6293277443e+01   0.0000000000e+00   5.8630405212e+01
   1281.0000000000   5.6361128744e+01   0.0000000000e+00   5.8722546440e+01
   1282.0000000000   5.6428477193e+01   0.0000000000e+00   5.8806956052e+01
   1283.0000000000   5.6504745454e+01   0.0000000000e+00   5.8898406519e+01
   1284.0000000000   5.6575103903e+01   0.0000000000e+00   5.8982534749e+01
   1285.0000000000   5.6644171990e+01   0.0000000000e+00   5.9064391325e+01
   1286.0000000000   5.6712411504e+01   0.0000000000e+00   5.9144655255e+01
   1287.0000000000   5.6780013313e+01   0.0000000000e+00   5.9223660058e+01
   1288.0000000000   5.6847082996e+01   0.0000000000e+00   5.9301612400e+01
   1289.0000000000   5.6913688542e+01   0.0000000000e+00   5.9378655533e+01
   1290.0000000000   5.6979878038e+01   0.0000000000e+00   5.9454895611e+01
   1291.0000000000   5.7055063141e+01   0.0000000000e+00   5.9530414899e+01
   1292.0000000000   5.7124404944e+01   0.0000000000e+00   5.9614819674e+01
   1293.0000000000   5.7192515110e+01   0.0000000000e+00   5.9693034883e+01
   1294.0000000000   5.7259848885e+01   0.0000000000e+00   5.9769774901e+01
   1295.0000000000   5.7326591617e+01   0.0000000000e+00   5.9845521650e+01
   1296.0000000000   5.7392844192e+01   0.0000000000e+00   5.9930020420e+01
   1297.0000000000   5.7468046022e+01   0.0000000000e+00   6.0008259033e+01
   1298.0000000000   5.7537374301e+01   0.0000000000e+00   6.0084984322e+01
   1299.0000000000   5.7605450690e+01   0.0000000000e+00   6.0160696338e+01
   1300.0000000000   5.7672736956e+01   0.0000000000e+00   6.0235610591e+01
   1301.0000000000   5.7739422865e+01   0.0000000000e+00   6.0309850429e+01
   1302.0000000000   5.7805612378e+01   0.0000000000e+00   6.0383497475e+01
   1303.0000000000   5.7871371669e+01   0.0000000000e+00   6.0466151145e+01
   1304.0000000000   5.7936746959e+01   0.0000000000e+00   6.0542727574e+01
   1305.0000000000   5.8001772646e+01   0.0000000000e+00   6.0617932068e+01
   1306.0000000000   5.8066475522e+01   0.0000000000e+00   6.0692237906e+01
   1307.0000000000   5.8130877179e+01   0.0000000000e+00   6.0765841983e+01
   1308.0000000000   5.8194995486e+01   0.0000000000e+00   6.0838853970e+01
   1309.0000000000   5.8258845551e+01   0.0000000000e+00   6.0911345005e+01
   1310.0000000000   5.8331815796e+01   0.0000000000e+00   6.0983365780e+01
   1311.0000000000   5.8399050112e+01   0.0000000000e+00   6.1054954770e+01
   1312.0000000000   5.8474522362e+01   0.0000000000e+00   6.1126142513e+01
   1313.0000000000   5.8543809865e+01   0.0000000000e+00   6.1196954065e+01
   1314.0000000000   5.8611677886e+01   0.0000000000e+00   6.1267410506e+01
   1315.0000000000   5.8678656110e+01   0.0000000000e+00   6.1337529925e+01
   1316.0000000000   5.8754346842e+01   0.0000000000e+00   6.1416868515e+01
   1317.0000000000   5.8833384237e+01   0.0000000000e+00   6.1490311123e+01
   1318.0000000000   5.8905569587e+01   0.0000000000e+00   6.1562539352e+01
   1319.0000000000   5.8975982805e+01   0.0000000000e+00   6.1634007906e+01
   1320.0000000000   5.9045269439e+01   0.0000000000e+00   6.1704898722e+01
   1321.0000000000   5.9113716266e+01   0.0000000000e+00   6.1775309171e+01
   1322.0000000000   5.9181486195e+01   0.0000000000e+00   6.1845300095e+01
   1323.0000000000   5.9248684461e+01   0.0000000000e+00   6.1914913443e+01
   1324.0000000000   5.9324760181e+01   0.0000000000e+00   6.1984180174e+01
   1325.0000000000   5.9394900462e+01   0.0000000000e+00   6.2053124299e+01
   1326.0000000000   5.9473111241e+01   0.0000000000e+00   6.2121765152e+01
   1327.0000000000   5.9544994401e+01   0.0000000000e+00   6.2190118760e+01
   1328.0000000000   5.9624709942e+01   0.0000000000e+00   6.2258198719e+01
   1329.0000000000   5.9697935589e+01   0.0000000000e+00   6.2326016777e+01
   1330.0000000000   5.9769499274e+01   0.0000000000e+00   6.2403123667e+01
   1331.0000000000   5.9849348895e+01   0.0000000000e+00   6.2483939892e+01
   1332.0000000000   5.9932250337e+01   0.0000000000e+00   6.2558013775e+01
   1333.0000000000   6.0008074236e+01   0.0000000000e+00   6.2630465456e+01
   1334.0000000000   6.0091318981e+01   0.0000000000e+00   6.2701917038e+01
   1335.0000000000   6.0167792172e+01   0.0000000000e+00   6.2772634655e+01
   1336.0000000000   6.0242390588e+01   0.0000000000e+00   6.2842764511e+01
   1337.0000000000   6.0315729505e+01   0.0000000000e+00   6.2912398393e+01
   1338.0000000000   6.0388096055e+01   0.0000000000e+00   6.2981599070e+01
   1339.0000000000   6.0459661130e+01   0.0000000000e+00   6.3050412137e+01
   1340.0000000000   6.0539914952e+01   0.0000000000e+00   6.3128412661e+01
   1341.0000000000   6.0614073079e+01   0.0000000000e+00   6.3200498821e+01
   1342.0000000000   6.0686787034e+01   0.0000000000e+00   6.3271361846e+01
   1343.0000000000   6.0758542391e+01   0.0000000000e+00   6.3360544353e+01
   1344.0000000000   6.0838923703e+01   0.0000000000e+00   6.3437975372e+01
   1345.0000000000   6.0922558924e+01   0.0000000000e+00   6.3513094558e+01
   1346.0000000000   6.0999248613e+01   0.0000000000e+00   6.3586852741e+01
   1347.0000000000   6.1074074631e+01   0.0000000000e+00   6.3659637675e+01
   1348.0000000000   6.1147685768e+01   0.0000000000e+00   6.3741198618e+01
   1349.0000000000   6.1239123489e+01   0.0000000000e+00   6.3816536418e+01
   1350.0000000000   6.1318819839e+01   0.0000000000e+00   6.3899949124e+01
   1351.0000000000   6.1396060916e+01   0.0000000000e+00   6.3976815226e+01
   1352.0000000000   6.1471795970e+01   0.0000000000e+00   6.4052024231e+01
   1353.0000000000   6.1546420883e+01   0.0000000000e+00   6.4126145835e+01
   1354.0000000000   6.1629529806e+01   0.0000000000e+00   6.4199434866e+01
   1355.0000000000   6.1715770352e+01   0.0000000000e+00   6.4281579255e+01
   1356.0000000000   6.1794960908e+01   0.0000000000e+00   6.4357547194e+01
   1357.0000000000   6.1872197902e+01   0.0000000000e+00   6.4432077317e+01
   1358.0000000000   6.1957517247e+01   0.0000000000e+00   6.4505665490e+01
   1359.0000000000   6.2045726940e+01   0.0000000000e+00   6.4588064951e+01
   1360.0000000000   6.2126722547e+01   0.0000000000e+00   6.4673808268e+01
   1361.0000000000   6.2205643873e+01   0.0000000000e+00   6.4752515240e+01
   1362.0000000000   6.2283178384e+01   0.0000000000e+00   6.4829355696e+01
   1363.0000000000   6.2359644138e+01   0.0000000000e+00   6.4904988320e+01
   1364.0000000000   6.2435228461e+01   0.0000000000e+00   6.4989247730e+01
   1365.0000000000   6.2510056277e+01   0.0000000000e+00   6.5067173241e+01
   1366.0000000000   6.2584217547e+01   0.0000000000e+00   6.5143543785e+01
   1367.0000000000   6.2657780538e+01   0.0000000000e+00   6.5218880471e+01
   1368.0000000000   6.2730799061e+01   0.0000000000e+00   6.5302953532e+01
   1369.0000000000   6.2803316769e+01   0.0000000000e+00   6.5390307605e+01
   1370.0000000000   6.2884745326e+01   0.0000000000e+00   6.5470571428e+01
   1371.0000000000   6.2960247904e+01   0.0000000000e+00   6.5548921681e+01
   1372.0000000000   6.3034439198e+01   0.0000000000e+00   6.5645103296e+01
   1373.0000000000   6.3117153299e+01   0.0000000000e+00   6.5738697089e+01
   1374.0000000000   6.3193711616e+01   0.0000000000e+00   6.5824084311e+01
   1375.0000000000   6.3268806904e+01   0.0000000000e+00   6.5906933920e+01
   1376.0000000000   6.3342942284e+01   0.0000000000e+00   6.5988113146e+01
   1377.0000000000   6.3416334337e+01   0.0000000000e+00   6.6068030180e+01
   1378.0000000000   6.3489105810e+01   0.0000000000e+00   6.6146924875e+01
   1379.0000000000   6.3561336809e+01   0.0000000000e+00   6.6224955720e+01
   1380.0000000000   6.3633084360e+01   0.0000000000e+00   6.6302235526e+01
   1381.0000000000   6.3704391522e+01   0.0000000000e+00   6.6378848853e+01
   1382.0000000000   6.3775292221e+01   0.0000000000e+00   6.6454861545e+01
   1383.0000000000   6.3855189494e+01   0.0000000000e+00   6.6530326399e+01
   1384.0000000000   6.3929238917e+01   0.0000000000e+00   6.6605286744e+01
   1385.0000000000   6.4002048502e+01   0.0000000000e+00   6.6679778821e+01
   1386.0000000000   6.4074071016e+01   0.0000000000e+00   6.6753833417e+01
   1387.0000000000   6.4154865538e+01   0.0000000000e+00   6.6827477034e+01
   1388.0000000000   6.4229664334e+01   0.0000000000e+00   6.6910273171e+01
   1389.0000000000   6.4303119005e+01   0.0000000000e+00   6.6987113031e+01
   1390.0000000000   6.4375709483e+01   0.0000000000e+00   6.7062683778e+01
   1391.0000000000   6.4447637460e+01   0.0000000000e+00   6.7137444987e+01
   1392.0000000000   6.4519015226e+01   0.0000000000e+00   6.7211582892e+01
   1393.0000000000   6.4589915049e+01   0.0000000000e+00   6.7294739082e+01
   1394.0000000000   6.4660387794e+01   0.0000000000e+00   6.7371848694e+01
   1395.0000000000   6.4739846946e+01   0.0000000000e+00   6.7447625854e+01
   1396.0000000000   6.4813454807e+01   0.0000000000e+00   6.7532088147e+01
   1397.0000000000   6.4895199276e+01   0.0000000000e+00   6.7610304702e+01
   1398.0000000000   6.4970668687e+01   0.0000000000e+00   6.7687054300e+01
   1399.0000000000   6.5054012599e+01   0.0000000000e+00   6.7772391199e+01
   1400.0000000000   6.5130900520e+01   0.0000000000e+00   6.7851407575e+01
   1401.0000000000   6.5206153815e+01   0.0000000000e+00   6.7938438172e+01
   1402.0000000000   6.5280339617e+01   0.0000000000e+00   6.8018878775e+01
   1403.0000000000   6.5363086881e+01   0.0000000000e+00   6.8097627958e+01
   1404.0000000000   6.5439674190e+01   0.0000000000e+00   6.8184800997e+01
   1405.0000000000   6.5514785626e+01   0.0000000000e+00   6.8265526785e+01
   1406.0000000000   6.5588924860e+01   0.0000000000e+00   6.8354164480e+01
   1407.0000000000   6.5681062375e+01   0.0000000000e+00   6.8445667632e+01
   1408.0000000000   6.5761589452e+01   0.0000000000e+00   6.8539359062e+01
   1409.0000000000   6.5839766189e+01   0.0000000000e+00   6.8625363659e+01
   1410.0000000000   6.5925899402e+01   0.0000000000e+00   6.8718600374e+01
   1411.0000000000   6.6005504539e+01   0.0000000000e+00   6.8814251766e+01
   1412.0000000000   6.6092754322e+01   0.0000000000e+00   6.8911762165e+01
   1413.0000000000   6.6173349030e+01   0.0000000000e+00   6.9001330486e+01
   1414.0000000000   6.6261512497e+01   0.0000000000e+00   6.9088384500e+01
   1415.0000000000   6.6352342140e+01   0.0000000000e+00   6.9173730241e+01
   1416.0000000000   6.6435830686e+01   0.0000000000e+00   6.9257757275e+01
   1417.0000000000   6.6517163416e+01   0.0000000000e+00   6.9340700633e+01
   1418.0000000000   6.6606428515e+01   0.0000000000e+00   6.9422719131e+01
   1419.0000000000   6.6689092208e+01   0.0000000000e+00   6.9503927899e+01
   1420.0000000000   6.6779316016e+01   0.0000000000e+00   6.9584414523e+01
   1421.0000000000   6.6862800438e+01   0.0000000000e+00   6.9664248034e+01
   1422.0000000000   6.6944397853e+01   0.0000000000e+00   6.9753024757e+01
   1423.0000000000   6.7024702769e+01   0.0000000000e+00   6.9835661867e+01
   1424.0000000000   6.7113367568e+01   0.0000000000e+00   6.9916867487e+01
   1425.0000000000   6.7195690769e+01   0.0000000000e+00   7.0006658826e+01
   1426.0000000000   6.7285748896e+01   0.0000000000e+00   7.0128269070e+01
   1427.0000000000   6.7378568216e+01   0.0000000000e+00   7.0225964341e+01
   1428.0000000000   6.7464101948e+01   0.0000000000e+00   7.0318939390e+01
   1429.0000000000   6.7547511506e+01   0.0000000000e+00   7.0409193895e+01
   1430.0000000000   6.7638869837e+01   0.0000000000e+00   7.0497544465e+01
   1431.0000000000   6.7723633058e+01   0.0000000000e+00   7.0584429004e+01
   1432.0000000000   6.7806580371e+01   0.0000000000e+00   7.0670118389e+01
   1433.0000000000   6.7907025815e+01   0.0000000000e+00   7.0764336362e+01
   1434.0000000000   6.7995495115e+01   0.0000000000e+00   7.0861626301e+01
   1435.0000000000   6.8081321450e+01   0.0000000000e+00   7.0951627849e+01
   1436.0000000000   6.8165482993e+01   0.0000000000e+00   7.1039531425e+01
   1437.0000000000   6.8248395625e+01   0.0000000000e+00   7.1126014728e+01
   1438.0000000000   6.8330292965e+01   0.0000000000e+00   7.1220929293e+01
   1439.0000000000   6.8411326297e+01   0.0000000000e+00   7.1309329315e+01
   1440.0000000000   6.8491602476e+01   0.0000000000e+00   7.1405547206e+01
   1441.0000000000   6.8571201522e+01   0.0000000000e+00   7.1494986488e+01
   1442.0000000000   6.8659561355e+01   0.0000000000e+00   7.1582556299e+01
   1443.0000000000   6.8741864886e+01   0.0000000000e+00   7.1668842457e+01
   1444.0000000000   6.8822742122e+01   0.0000000000e+00   7.1773194286e+01
   1445.0000000000   6.8912039347e+01   0.0000000000e+00   7.1865512936e+01
   1446.0000000000   6.8995087884e+01   0.0000000000e+00   7.1964784809e+01
   1447.0000000000   6.9076588697e+01   0.0000000000e+00   7.2056846504e+01
   1448.0000000000   6.9157051811e+01   0.0000000000e+00   7.2146771357e+01
   1449.0000000000   6.9246075118e+01   0.0000000000e+00   7.2235227539e+01
   1450.0000000000   6.9328918989e+01   0.0000000000e+00   7.2322531364e+01
   1451.0000000000   6.9410256369e+01   0.0000000000e+00   7.2408872637e+01
   1452.0000000000   6.9490583995e+01   0.0000000000e+00   7.2494379725e+01
   1453.0000000000   6.9570117167e+01   0.0000000000e+00   7.2579146082e+01
   1454.0000000000   6.9648979439e+01   0.0000000000e+00   7.2663243256e+01
   1455.0000000000   6.9727252571e+01   0.0000000000e+00   7.2746728073e+01
   1456.0000000000   6.9804995550e+01   0.0000000000e+00   7.2829646939e+01
   1457.0000000000   6.9882253458e+01   0.0000000000e+00   7.2921579021e+01
   1458.0000000000   6.9959062189e+01   0.0000000000e+00   7.3007428159e+01
   1459.0000000000   7.0035451209e+01   0.0000000000e+00   7.3091891916e+01
   1460.0000000000   7.0111445281e+01   0.0000000000e+00   7.3175438581e+01
   1461.0000000000   7.0196441040e+01   0.0000000000e+00   7.3258261788e+01
   1462.0000000000   7.0275589474e+01   0.0000000000e+00   7.3350009504e+01
   1463.0000000000   7.0353495228e+01   0.0000000000e+00   7.3435622414e+01
   1464.0000000000   7.0430608566e+01   0.0000000000e+00   7.3519819531e+01
   1465.0000000000   7.0507111242e+01   0.0000000000e+00   7.3603082342e+01
   1466.0000000000   7.0583101524e+01   0.0000000000e+00   7.3685612925e+01
   1467.0000000000   7.0658641477e+01   0.0000000000e+00   7.3767524366e+01
   1468.0000000000   7.0733774343e+01   0.0000000000e+00   7.3848890134e+01
   1469.0000000000   7.0808532342e+01   0.0000000000e+00   7.3929762564e+01
   1470.0000000000   7.0892316124e+01   0.0000000000e+00   7.4010181317e+01
   1471.0000000000   7.0970278707e+01   0.0000000000e+00   7.4090177817e+01
   1472.0000000000   7.1056401035e+01   0.0000000000e+00   7.4169777792e+01
   1473.0000000000   7.1136266081e+01   0.0000000000e+00   7.4249002850e+01
   1474.0000000000   7.1214643750e+01   0.0000000000e+00   7.4327871504e+01
   1475.0000000000   7.1292067613e+01   0.0000000000e+00   7.4406399870e+01
   1476.0000000000   7.1368767857e+01   0.0000000000e+00   7.4484602164e+01
   1477.0000000000   7.1444873517e+01   0.0000000000e+00   7.4581571914e+01
   1478.0000000000   7.1520467418e+01   0.0000000000e+00   7.4667062375e+01
   1479.0000000000   7.1595607439e+01   0.0000000000e+00   7.4750422256e+01
   1480.0000000000   7.1670336475e+01   0.0000000000e+00   7.4832548042e+01
   1481.0000000000   7.1744687723e+01   0.0000000000e+00   7.4913791994e+01
   1482.0000000000   7.1818687744e+01   0.0000000000e+00   7.5003878762e+01
   1483.0000000000   7.1892358353e+01   0.0000000000e+00   7.5097331797e+01
   1484.0000000000   7.1965717856e+01   0.0000000000e+00   7.5183766321e+01
   1485.0000000000   7.2038781883e+01   0.0000000000e+00   7.5268348868e+01
   1486.0000000000   7.2111563978e+01   0.0000000000e+00   7.5351735296e+01
   1487.0000000000   7.2193451460e+01   0.0000000000e+00   7.5434217234e+01
   1488.0000000000   7.2269587426e+01   0.0000000000e+00   7.5515960720e+01
   1489.0000000000   7.2344569737e+01   0.0000000000e+00   7.5597073349e+01
   1490.0000000000   7.2418842748e+01   0.0000000000e+00   7.5677630752e+01
   1491.0000000000   7.2492583006e+01   0.0000000000e+00   7.5757689164e+01
   1492.0000000000   7.2565884154e+01   0.0000000000e+00   7.5837292159e+01
   1493.0000000000   7.2648179551e+01   0.0000000000e+00   7.5916474590e+01
   1494.0000000000   7.2724641265e+01   0.0000000000e+00   7.5995265040e+01
   1495.0000000000   7.2809261999e+01   0.0000000000e+00   7.6083227855e+01
   1496.0000000000   7.2887632287e+01   0.0000000000e+00   7.6165254317e+01
   1497.0000000000   7.2973902452e+01   0.0000000000e+00   7.6255571607e+01
   1498.0000000000   7.3053741961e+01   0.0000000000e+00   7.6339509521e+01
   1499.0000000000   7.3141347107e+01   0.0000000000e+00   7.6421922587e+01
   1500.0000000000   7.3222416822e+01   0.0000000000e+00   7.6503354502e+01
   1501.0000000000   7.3311167592e+01   0.0000000000e+00   7.6584040238e+01
   1502.0000000000   7.3393312880e+01   0.0000000000e+00   7.6664111800e+01
   1503.0000000000   7.3473704600e+01   0.0000000000e+00   7.6743654131e+01
   1504.0000000000   7.3562307459e+01   0.0000000000e+00   7.6822726732e+01
   1505.0000000000   7.3644524100e+01   0.0000000000e+00   7.6901373805e+01
   1506.0000000000   7.3725101701e+01   0.0000000000e+00   7.6979629635e+01
   1507.0000000000   7.3813957162e+01   0.0000000000e+00   7.7057521701e+01
   1508.0000000000   7.3896467645e+01   0.0000000000e+00   7.7135072611e+01
   1509.0000000000   7.3977365396e+01   0.0000000000e+00   7.7212301361e+01
   1510.0000000000   7.4057182554e+01   0.0000000000e+00   7.7289224185e+01
   1511.0000000000   7.4136157629e+01   0.0000000000e+00   7.7365855163e+01
   1512.0000000000   7.4214430316e+01   0.0000000000e+00   7.7451747079e+01
   1513.0000000000   7.4301469496e+01   0.0000000000e+00   7.7531781816e+01
   1514.0000000000   7.4382475408e+01   0.0000000000e+00   7.7610638365e+01
   1515.0000000000   7.4462088164e+01   0.0000000000e+00   7.7688769093e+01
   1516.0000000000   7.4550160023e+01   0.0000000000e+00   7.7766353829e+01
   1517.0000000000   7.4632025787e+01   0.0000000000e+00   7.7843488021e+01
   1518.0000000000   7.4712388331e+01   0.0000000000e+00   7.7920230753e+01
   1519.0000000000   7.4791758573e+01   0.0000000000e+00   7.7996622352e+01
   1520.0000000000   7.4870359194e+01   0.0000000000e+00   7.8082232704e+01
   1521.0000000000   7.4948317780e+01   0.0000000000e+00   7.8161955349e+01
   1522.0000000000   7.5025718316e+01   0.0000000000e+00   7.8240477503e+01
   1523.0000000000   7.5111996397e+01   0.0000000000e+00   7.8327797926e+01
   1524.0000000000   7.5201705638e+01   0.0000000000e+00   7.8408971793e+01
   1525.0000000000   7.5284603056e+01   0.0000000000e+00   7.8488767074e+01
   1526.0000000000   7.5365742259e+01   0.0000000000e+00   7.8567688932e+01
   1527.0000000000   7.5445752364e+01   0.0000000000e+00   7.8645951474e+01
   1528.0000000000   7.5524909541e+01   0.0000000000e+00   7.8733214247e+01
   1529.0000000000   7.5603369720e+01   0.0000000000e+00   7.8823964788e+01
   1530.0000000000   7.5681233490e+01   0.0000000000e+00   7.8917336744e+01
   1531.0000000000   7.5758571458e+01   0.0000000000e+00   7.9003353025e+01
   1532.0000000000   7.5835436157e+01   0.0000000000e+00   7.9087328459e+01
   1533.0000000000   7.5911868384e+01   0.0000000000e+00   7.9169990675e+01
   1534.0000000000   7.5987900871e+01   0.0000000000e+00   7.9251671742e+01
   1535.0000000000   7.6072935990e+01   0.0000000000e+00   7.9342103218e+01
   1536.0000000000   7.6161504370e+01   0.0000000000e+00   7.9426280274e+01
   1537.0000000000   7.6243346337e+01   0.0000000000e+00   7.9508959318e+01
   1538.0000000000   7.6323502924e+01   0.0000000000e+00   7.9590648483e+01
   1539.0000000000   7.6402593483e+01   0.0000000000e+00   7.9671569363e+01
   1540.0000000000   7.6480886420e+01   0.0000000000e+00   7.9751849646e+01
   1541.0000000000   7.6567906801e+01   0.0000000000e+00   7.9831573904e+01
   1542.0000000000   7.6648882584e+01   0.0000000000e+00   7.9910803023e+01
   1543.0000000000   7.6728468461e+01   0.0000000000e+00   7.9989583312e+01
   1544.0000000000   7.6816524570e+01   0.0000000000e+00   8.0077491821e+01
   1545.0000000000   7.6898389941e+01   0.0000000000e+00   8.0159429296e+01
   1546.0000000000   7.6978769599e+01   0.0000000000e+00   8.0240089748e+01
   1547.0000000000   7.7067550830e+01   0.0000000000e+00   8.0319937752e+01
   1548.0000000000   7.7150089080e+01   0.0000000000e+00   8.0399163216e+01
   1549.0000000000   7.7231100141e+01   0.0000000000e+00   8.0477870026e+01
   1550.0000000000   7.7320478798e+01   0.0000000000e+00   8.0556124410e+01
   1551.0000000000   7.7403585968e+01   0.0000000000e+00   8.0633972807e+01
   1552.0000000000   7.7485141580e+01   0.0000000000e+00   8.0711449944e+01
   1553.0000000000   7.7565668205e+01   0.0000000000e+00   8.0788583022e+01
   1554.0000000000   7.7645396766e+01   0.0000000000e+00   8.0874934507e+01
   1555.0000000000   7.7724460849e+01   0.0000000000e+00   8.0964934092e+01
   1556.0000000000   7.7812324337e+01   0.0000000000e+00   8.1048137462e+01
   1557.0000000000   7.7903558775e+01   0.0000000000e+00   8.1129670773e+01
   1558.0000000000   7.7987933386e+01   0.0000000000e+00   8.1219701546e+01
   1559.0000000000   7.8070510517e+01   0.0000000000e+00   8.1303371039e+01
   1560.0000000000   7.8151925780e+01   0.0000000000e+00   8.1395038631e+01
   1561.0000000000   7.8232460325e+01   0.0000000000e+00   8.1489654040e+01
   1562.0000000000   7.8312273978e+01   0.0000000000e+00   8.1576994584e+01
   1563.0000000000   7.8400845886e+01   0.0000000000e+00   8.1671849399e+01
   1564.0000000000   7.8483381749e+01   0.0000000000e+00   8.1759793726e+01
   1565.0000000000   7.8564524620e+01   0.0000000000e+00   8.1845819788e+01
   1566.0000000000   7.8644752885e+01   0.0000000000e+00   8.1930558867e+01
   1567.0000000000   7.8724269560e+01   0.0000000000e+00   8.2014306099e+01
   1568.0000000000   7.8803189412e+01   0.0000000000e+00   8.2106777474e+01
   1569.0000000000   7.8890963007e+01   0.0000000000e+00   8.2192961619e+01
   1570.0000000000   7.8972776677e+01   0.0000000000e+00   8.2277612595e+01
   1571.0000000000   7.9053259683e+01   0.0000000000e+00   8.2361238247e+01
   1572.0000000000   7.9132880206e+01   0.0000000000e+00   8.2444060911e+01
   1573.0000000000   7.9211833482e+01   0.0000000000e+00   8.2535749946e+01
   1574.0000000000   7.9299603630e+01   0.0000000000e+00   8.2621262331e+01
   1575.0000000000   7.9381393487e+01   0.0000000000e+00   8.2705329688e+01
   1576.0000000000   7.9461841309e+01   0.0000000000e+00   8.2788443404e+01
   1577.0000000000   7.9541420521e+01   0.0000000000e+00   8.2870813410e+01
   1578.0000000000   7.9620329564e+01   0.0000000000e+00   8.2952559078e+01
   1579.0000000000   7.9698679138e+01   0.0000000000e+00   8.3033758946e+01
   1580.0000000000   7.9785916256e+01   0.0000000000e+00   8.3114469455e+01
   1581.0000000000   7.9867224149e+01   0.0000000000e+00   8.3194733610e+01
   1582.0000000000   7.9947229377e+01   0.0000000000e+00   8.3274585563e+01
   1583.0000000000   8.0026397758e+01   0.0000000000e+00   8.3354053274e+01
   1584.0000000000   8.0104922457e+01   0.0000000000e+00   8.3442700600e+01
   1585.0000000000   8.0182910326e+01   0.0000000000e+00   8.3525418466e+01
   1586.0000000000   8.0260430023e+01   0.0000000000e+00   8.3606893382e+01
   1587.0000000000   8.0337529933e+01   0.0000000000e+00   8.3687584065e+01
   1588.0000000000   8.0414246349e+01   0.0000000000e+00   8.3767675776e+01
   1589.0000000000   8.0499983169e+01   0.0000000000e+00   8.3847268661e+01
   1590.0000000000   8.0589271475e+01   0.0000000000e+00   8.3926425901e+01
   1591.0000000000   8.0671851465e+01   0.0000000000e+00   8.4005191426e+01
   1592.0000000000   8.0752763728e+01   0.0000000000e+00   8.4083597886e+01
   1593.0000000000   8.0832627012e+01   0.0000000000e+00   8.4161670738e+01
   1594.0000000000   8.0911709039e+01   0.0000000000e+00   8.4239430564e+01
   1595.0000000000   8.0990158725e+01   0.0000000000e+00   8.4316894465e+01
   1596.0000000000   8.1077446194e+01   0.0000000000e+00   8.4403617395e+01
   1597.0000000000   8.1158769571e+01   0.0000000000e+00   8.4484482834e+01
   1598.0000000000   8.1238765476e+01   0.0000000000e+00   8.4564170974e+01
   1599.0000000000   8.1327282205e+01   0.0000000000e+00   8.4643135100e+01
   1600.0000000000   8.1409650549e+01   0.0000000000e+00   8.4721555761e+01
   1601.0000000000   8.1490569524e+01   0.0000000000e+00   8.4809069396e+01
   1602.0000000000   8.1579921863e+01   0.0000000000e+00   8.4890606469e+01
   1603.0000000000   8.1663059458e+01   0.0000000000e+00   8.4970876855e+01
   1604.0000000000   8.1744695248e+01   0.0000000000e+00   8.5050353831e+01
   1605.0000000000   8.1825346247e+01   0.0000000000e+00   8.5138772479e+01
   1606.0000000000   8.1905238862e+01   0.0000000000e+00   8.5221110070e+01
   1607.0000000000   8.1984502936e+01   0.0000000000e+00   8.5302103105e+01
   1608.0000000000   8.2063223775e+01   0.0000000000e+00   8.5382241806e+01
   1609.0000000000   8.2141462249e+01   0.0000000000e+00   8.5461732452e+01
   1610.0000000000   8.2219264278e+01   0.0000000000e+00   8.5540689798e+01
   1611.0000000000   8.2306041355e+01   0.0000000000e+00   8.5638268344e+01
   1612.0000000000   8.2386955223e+01   0.0000000000e+00   8.5724261548e+01
   1613.0000000000   8.2466618500e+01   0.0000000000e+00   8.5808046159e+01
   1614.0000000000   8.2545487458e+01   0.0000000000e+00   8.5900079444e+01
   1615.0000000000   8.2623748441e+01   0.0000000000e+00   8.5985599824e+01
   1616.0000000000   8.2701503258e+01   0.0000000000e+00   8.6069472373e+01
   1617.0000000000   8.2778816725e+01   0.0000000000e+00   8.6152261814e+01
   1618.0000000000   8.2855734225e+01   9.5404251665e-03   8.6243762694e+01
   1619.0000000000   8.2932289656e+01   1.3492198661e-02   8.6328993649e+01
   1620.0000000000   8.3008509533e+01   1.6524501114e-02   8.6422261845e+01
   1621.0000000000   8.3084415324e+01   1.9080850333e-02   8.6508951365e+01
   1622.0000000000   8.3160024882e+01   2.1333039207e-02   8.6593955593e+01
   1623.0000000000   8.3235353361e+01   2.3369173587e-02   8.6677847132e+01
   1624.0000000000   8.3310413845e+01   2.5241592392e-02   8.6760883113e+01
   1625.0000000000   8.3385217788e+01   2.6984397323e-02   8.6843212932e+01
   1626.0000000000   8.3459775330e+01   2.8621275500e-02   8.6924935445e+01
   1627.0000000000   8.3543470976e+01   3.0169473373e-02   8.7015661892e+01
   1628.0000000000   8.3621445458e+01   3.1642010618e-02   8.7109857147e+01
   1629.0000000000   8.3698294631e+01   3.3049002228e-02   8.7197103371e+01
   1630.0000000000   8.3774461120e+01   3.4398492128e-02   8.7282547288e+01
   1631.0000000000   8.3859495411e+01   3.5697002297e-02   8.7366832379e+01
   1632.0000000000   8.3947997829e+01   3.6949907786e-02   8.7450242300e+01
   1633.0000000000   8.4029746130e+01   3.8161700666e-02   8.7532937834e+01
   1634.0000000000   8.4109803063e+01   3.9336180675e-02   8.7624563486e+01
   1635.0000000000   8.4188801206e+01   4.0476595984e-02   8.7710063432e+01
   1636.0000000000   8.4267017245e+01   4.1585749179e-02   8.7794161465e+01
   1637.0000000000   8.4344606066e+01   4.2666078413e-02   8.7877343575e+01
   1638.0000000000   8.4431041826e+01   4.3719720488e-02   8.7969356079e+01
   1639.0000000000   8.4511525404e+01   4.4748560556e-02   8.8055186078e+01
   1640.0000000000   8.4590695295e+01   4.5754271759e-02   8.8149119093e+01
   1641.0000000000   8.4669025623e+01   4.6738347174e-02   8.8236523801e+01
   1642.0000000000   8.4765466318e+01   4.7702125833e-02   8.8322282289e+01
   1643.0000000000   8.4850393601e+01   4.8646814092e-02   8.8406958688e+01
   1644.0000000000   8.4942431516e+01   4.9573503343e-02   8.8490803644e+01
   1645.0000000000   8.5027634952e+01   5.0483184785e-02   8.8583501942e+01
   1646.0000000000   8.5110967914e+01   5.1376761852e-02   8.8670019392e+01
   1647.0000000000   8.5193069057e+01   5.2255060719e-02   8.8755092828e+01
   1648.0000000000   8.5274233992e+01   5.3118839248e-02   8.8839216749e+01
   1649.0000000000   8.5364011544e+01   5.3968794645e-02   8.8922602941e+01
   1650.0000000000   8.5447648949e+01   5.4805570044e-02   8.9005371851e+01
   1651.0000000000   8.5529816352e+01   5.5629760202e-02   8.9097143027e+01
   1652.0000000000   8.5611010893e+01   5.6441916450e-02   8.9182844103e+01
   1653.0000000000   8.5691449136e+01   5.7242550999e-02   8.9267187338e+01
   1654.0000000000   8.5771255954e+01   5.8032140726e-02   8.9350650343e+01
   1655.0000000000   8.5850514199e+01   6.8351555657e-02   8.9433432731e+01
   1656.0000000000   8.5929283661e+01   7.3072134730e-02   8.9515645850e+01
   1657.0000000000   8.6007609935e+01   7.6863447859e-02   8.9597361824e+01
   1658.0000000000   8.6085529179e+01   8.0169377952e-02   8.9678631849e+01
   1659.0000000000   8.6172446345e+01   8.3162060863e-02   8.9759494573e+01
   1660.0000000000   8.6253518632e+01   8.5929925112e-02   8.9839980472e+01
   1661.0000000000   8.6333355410e+01   8.8525613628e-02   8.9920114371e+01
   1662.0000000000   8.6412410578e+01   1.0052394011e-01   8.9999916998e+01
   1663.0000000000   8.6490868707e+01   1.0681978582e-01   9.0088946434e+01
   1664.0000000000   8.6568830265e+01   1.1209983417e-01   9.0172088876e+01
   1665.0000000000   8.6646359036e+01   1.1682086541e-01   9.0254026891e+01
   1666.0000000000   8.6723499596e+01   1.2116501760e-01   9.0335215859e+01
   1667.0000000000   8.6800285208e+01   1.2522865902e-01   9.0415838182e+01
   1668.0000000000   8.6886117315e+01   1.2907085819e-01   9.0495991526e+01
   1669.0000000000   8.6966149538e+01   1.3273128936e-01   9.0575736906e+01
   1670.0000000000   8.7044987826e+01   1.3623831977e-01   9.0655116344e+01
   1671.0000000000   8.7123082906e+01   1.3961317481e-01   9.0743701222e+01
   1672.0000000000   8.7200616456e+01   1.4287229329e-01   9.0826386411e+01
   1673.0000000000   8.7277686318e+01   1.4602875600e-01   9.0907860316e+01
   1674.0000000000   8.7354353901e+01   1.4909320099e-01   9.0988582339e+01
   1675.0000000000   8.7430661644e+01   1.5207443619e-01   9.1068737693e+01
   1676.0000000000   8.7506640874e+01   1.5497986454e-01   9.1148426037e+01
   1677.0000000000   8.7591691287e+01   1.5781578800e-01   9.1227709804e+01
   1678.0000000000   8.7670964921e+01   1.7012805558e-01   9.1316172452e+01
   1679.0000000000   8.7749066291e+01   1.7679230336e-01   9.1398716576e+01
   1680.0000000000   8.7826444818e+01   1.8248184156e-01   9.1480035802e+01
   1681.0000000000   8.7903280989e+01   1.8764383342e-01   9.1560593216e+01
   1682.0000000000   8.7979671559e+01   1.9245331120e-01   9.1640576713e+01
   1683.0000000000   8.8055676944e+01   1.9700127644e-01   9.1720087954e+01
   1684.0000000000   8.8140714105e+01   2.0134267045e-01   9.1799190895e+01
   1685.0000000000   8.8219946090e+01   2.1505437026e-01   9.1887470174e+01
   1686.0000000000   8.8316735693e+01   2.2303311799e-01   9.1969829307e+01
   1687.0000000000   8.8401802646e+01   2.2996728235e-01   9.2050962654e+01
   1688.0000000000   8.8484508058e+01   2.3631517585e-01   9.2131333882e+01
   1689.0000000000   8.8565823168e+01   2.5180075980e-01   9.2211131353e+01
   1690.0000000000   8.8655523587e+01   2.6139260558e-01   9.2290457108e+01
   1691.0000000000   8.8738958197e+01   2.6982013772e-01   9.2369375407e+01
   1692.0000000000   8.8820850065e+01   2.7756763075e-01   9.2447930710e+01
   1693.0000000000   8.8901726564e+01   2.9437666961e-01   9.2526155812e+01
   1694.0000000000   8.8981822648e+01   3.0522843416e-01   9.2604076055e+01
   1695.0000000000   8.9061274871e+01   3.1486174156e-01   9.2681711718e+01
   1696.0000000000   8.9140173754e+01   3.2376809087e-01   9.2759079479e+01
   1697.0000000000   8.9218584223e+01   3.3215434460e-01   9.2836193355e+01
   1698.0000000000   8.9296555373e+01   3.4013535820e-01   9.2922605759e+01
   1699.0000000000   8.9383501194e+01   3.4778454373e-01   9.3003198026e+01
   1700.0000000000   8.9464585408e+01   3.5515302950e-01   9.3082648482e+01
   1701.0000000000   8.9544422205e+01   3.6227854288e-01   9.3161408771e+01
   1702.0000000000   8.9623469115e+01   3.7873052869e-01   9.3239657964e+01
   1703.0000000000   8.9701913491e+01   3.8940294144e-01   9.3317490744e+01
   1704.0000000000   8.9779857952e+01   3.9898369245e-01   9.3404505853e+01
   1705.0000000000   8.9866743399e+01   4.0793183426e-01   9.3495154212e+01
   1706.0000000000   8.9947748297e+01   4.1643225278e-01   9.3579004642e+01
   1707.0000000000   9.0027495392e+01   4.4366508874e-01   9.3661191738e+01
   1708.0000000000   9.0106447376e+01   4.5943419131e-01   9.3761428995e+01
   1709.0000000000   9.0184794801e+01   4.7312045585e-01   9.3859272718e+01
   1710.0000000000   9.0262642299e+01   4.8564202602e-01   9.3958624864e+01
   1711.0000000000   9.0340056613e+01   4.9736631385e-01   9.4059549484e+01
   1712.0000000000   9.0417084450e+01   5.0848842358e-01   9.4152440266e+01
   1713.0000000000   9.0503136055e+01   5.1912842099e-01   9.4242806465e+01
   1714.0000000000   9.0583371130e+01   5.2936731287e-01   9.4331493197e+01
   1715.0000000000   9.0662399995e+01   5.4880373726e-01   9.4418910087e+01
   1716.0000000000   9.0750052054e+01   5.6235241729e-01   9.4514843102e+01
   1717.0000000000   9.0831644005e+01   5.7471666093e-01   9.4613867746e+01
   1718.0000000000   9.0911864028e+01   5.8636731617e-01   9.4705641641e+01
   1719.0000000000   9.0991210877e+01   5.9749855135e-01   9.4804906148e+01
   1720.0000000000   9.1069897001e+01   6.1775755163e-01   9.4897216137e+01
   1721.0000000000   9.1148041269e+01   6.3208336823e-01   9.4987555556e+01
   1722.0000000000   9.1225720149e+01   6.4519282017e-01   9.5076553210e+01
   1723.0000000000   9.1302987265e+01   6.5756484630e-01   9.5164504645e+01
   1724.0000000000   9.1389257931e+01   6.7893917974e-01   9.5251587273e+01
   1725.0000000000   9.1469695659e+01   6.9429693061e-01   9.5337921337e+01
   1726.0000000000   9.1548913697e+01   7.0837778856e-01   9.5423594542e+01
   1727.0000000000   9.1627368298e+01   7.2167462430e-01   9.5508674093e+01
   1728.0000000000   9.1705245418e+01   7.3439592620e-01   9.5593213357e+01
   1729.0000000000   9.1792021698e+01   7.4665828976e-01   9.5677255864e+01
   1730.0000000000   9.1882269229e+01   7.5853689963e-01   9.5760837875e+01
   1731.0000000000   9.1965753612e+01   7.7962506668e-01   9.5843990114e+01
   1732.0000000000   9.2047532222e+01   7.9483315573e-01   9.5926738978e+01
   1733.0000000000   9.2128235442e+01   8.0886102267e-01   9.6009107415e+01
   1734.0000000000   9.2217514796e+01   8.3171723056e-01   9.6091115573e+01
   1735.0000000000   9.2300657946e+01   8.4846474461e-01   9.6172781295e+01
   1736.0000000000   9.2382352687e+01   8.6387783352e-01   9.6254120505e+01
   1737.0000000000   9.2463104031e+01   8.7846682481e-01   9.6335147504e+01
   1738.0000000000   9.2543131799e+01   8.9245010786e-01   9.6415875214e+01
   1739.0000000000   9.2622561808e+01   9.1549081032e-01   9.6496315375e+01
   1740.0000000000   9.2710852109e+01   9.3253905722e-01   9.6586019123e+01
   1741.0000000000   9.2793194200e+01   9.4831969731e-01   9.6669867201e+01
   1742.0000000000   9.2874220962e+01   9.6331770124e-01   9.6752537824e+01
   1743.0000000000   9.2954403122e+01   9.7773704426e-01   9.6834482854e+01
   1744.0000000000   9.3033937706e+01   9.9169161732e-01   9.6925422240e+01
   1745.0000000000   9.3112934638e+01   1.0052549336e+00   9.7010322194e+01
   1746.0000000000   9.3191465043e+01   1.0184788291e+00   9.7112991783e+01
   1747.0000000000   9.3269579294e+01   1.0409425112e+00   9.7213197154e+01
   1748.0000000000   9.3347315302e+01   1.0575471722e+00   9.7314889355e+01
   1749.0000000000   9.3434078286e+01   1.0729863753e+00   9.7408606382e+01
   1750.0000000000   9.3515024966e+01   1.0877237647e+00   9.7499875051e+01
   1751.0000000000   9.3594763863e+01   1.1019480726e+00   9.7589535981e+01
   1752.0000000000   9.3673747856e+01   1.1443831638e+00   9.7687530512e+01
   1753.0000000000   9.3752160433e+01   1.1697066937e+00   9.7778966344e+01
   1754.0000000000   9.3830100976e+01   1.1919712958e+00   9.7868668997e+01
   1755.0000000000   9.3907632210e+01   1.2125409271e+00   9.7957192799e+01
   1756.0000000000   9.3984797699e+01   1.2319568739e+00   9.8044792087e+01
   1757.0000000000   9.4061629746e+01   1.2505042479e+00   9.8131618780e+01
   1758.0000000000   9.4138153453e+01   1.2683572034e+00   9.8217775999e+01
   1759.0000000000   9.4214389035e+01   1.2856324676e+00   9.8303339206e+01
   1760.0000000000   9.4290353213e+01   1.3119538703e+00   9.8388366426e+01
   1761.0000000000   9.4375435559e+01   1.3322547858e+00   9.8472903867e+01
   1762.0000000000   9.4454780796e+01   1.3512528579e+00   9.8556989319e+01
   1763.0000000000   9.4532987966e+01   1.3694302861e+00   9.8640654322e+01
   1764.0000000000   9.4610502285e+01   1.3869904482e+00   9.8723925651e+01
   1765.0000000000   9.4696876366e+01   1.4040477275e+00   9.8806826340e+01
   1766.0000000000   9.4777336867e+01   1.4206766696e+00   9.8898916871e+01
   1767.0000000000   9.4865905900e+01   1.4369303941e+00   9.8985085796e+01
   1768.0000000000   9.4957567032e+01   1.4528490620e+00   9.9070017933e+01
   1769.0000000000   9.5042239051e+01   1.4780047566e+00   9.9154170768e+01
   1770.0000000000   9.5125055020e+01   1.4972941382e+00   9.9237728657e+01
   1771.0000000000   9.5206688695e+01   1.5154078105e+00   9.9320791076e+01
   1772.0000000000   9.5296818885e+01   1.5328074584e+00   9.9403420703e+01
   1773.0000000000   9.5390126999e+01   1.5592209389e+00   9.9485661090e+01
   1774.0000000000   9.5476446277e+01   1.5891613372e+00   9.9567544601e+01
   1775.0000000000   9.5560879565e+01   1.6122331004e+00   9.9649096477e+01
   1776.0000000000   9.5644089597e+01   1.6335936949e+00   9.9730337133e+01
   1777.0000000000   9.5735751880e+01   1.6538916678e+00   9.9811283547e+01
   1778.0000000000   9.5821172432e+01   1.6734127710e+00   9.9891950152e+01
   1779.0000000000   9.5914428894e+01   1.6923182711e+00   9.9972349435e+01
   1780.0000000000   9.6001170381e+01   1.7107118336e+00   1.0005249235e+02
   1781.0000000000   9.6095589995e+01   1.7286657999e+00   1.0013238864e+02
   1782.0000000000   9.6192765176e+01   1.7462336091e+00   1.0022158744e+02
   1783.0000000000   9.6282674873e+01   1.7634564234e+00   1.0032404842e+02
   1784.0000000000   9.6370494404e+01   1.7803669817e+00   1.0041418980e+02
   1785.0000000000   9.6456929034e+01   1.7969919906e+00   1.0051134046e+02
   1786.0000000000   9.6542306624e+01   1.8133536866e+00   1.0060143624e+02
   1787.0000000000   9.6626820201e+01   1.8390113249e+00   1.0068958360e+02
   1788.0000000000   9.6710598093e+01   1.8588520005e+00   1.0077645985e+02
   1789.0000000000   9.6793732288e+01   1.8775589508e+00   1.0086238044e+02
   1790.0000000000   9.6876292223e+01   1.8955880378e+00   1.0094752991e+02
   1791.0000000000   9.6958332316e+01   1.9131219923e+00   1.0103202951e+02
   1792.0000000000   9.7049271893e+01   1.9302586871e+00   1.0111596488e+02
   1793.0000000000   9.7134279725e+01   1.9470592429e+00   1.0119939969e+02
   1794.0000000000   9.7217974669e+01   1.9635657053e+00   1.0128238303e+02
   1795.0000000000   9.7310193959e+01   1.9798089865e+00   1.0136495397e+02
   1796.0000000000   9.7405636831e+01   2.0053533616e+00   1.0144714427e+02
   1797.0000000000   9.7494130437e+01   2.0441696855e+00   1.0154806116e+02
   1798.0000000000   9.7590143185e+01   2.0802251117e+00   1.0163746873e+02
   1799.0000000000   9.7688836586e+01   2.1081856539e+00   1.0172472437e+02
   1800.0000000000   9.7780224039e+01   2.1433310634e+00   1.0182027201e+02
   1801.0000000000   9.7869497153e+01   2.1714173116e+00   1.0190934059e+02
   1802.0000000000   9.7957369533e+01   2.1975225811e+00   1.0199678820e+02
   1803.0000000000   9.8053548944e+01   2.2223249735e+00   1.0208317437e+02
   1804.0000000000   9.8143363419e+01   2.2461474168e+00   1.0216874926e+02
   1805.0000000000   9.8231531051e+01   2.2691829799e+00   1.0225365749e+02
   1806.0000000000   9.8318580392e+01   2.2915608785e+00   1.0233799420e+02
   1807.0000000000   9.8404750055e+01   2.3229142341e+00   1.0242182714e+02
   1808.0000000000   9.8490181193e+01   2.3481837260e+00   1.0251474757e+02
   1809.0000000000   9.8574969172e+01   2.3720929168e+00   1.0260166617e+02
   1810.0000000000   9.8659183693e+01   2.3951288967e+00   1.0268728409e+02
   1811.0000000000   9.8752253844e+01   2.4174991437e+00   1.0277207118e+02
   1812.0000000000   9.8848730461e+01   2.4488619448e+00   1.0285622139e+02
   1813.0000000000   9.8938369693e+01   2.4741657506e+00   1.0294938212e+02
   1814.0000000000   9.9026225289e+01   2.4981354403e+00   1.0304603340e+02
   1815.0000000000   9.9122302474e+01   2.5212569416e+00   1.0314530414e+02
   1816.0000000000   9.9212010930e+01   2.5437356817e+00   1.0323721426e+02
   1817.0000000000   9.9300096097e+01   2.5656872511e+00   1.0332707674e+02
   1818.0000000000   9.9396470978e+01   2.5871869676e+00   1.0341561811e+02
   1819.0000000000   9.9486508684e+01   2.6178289184e+00   1.0350316982e+02
   1820.0000000000   9.9574937862e+01   2.6425246068e+00   1.0358992274e+02
   1821.0000000000   9.9662287644e+01   2.6659752257e+00   1.0367600109e+02
   1822.0000000000   9.9748794092e+01   2.6981907740e+00   1.0377103264e+02
   1823.0000000000   9.9843970388e+01   2.7242356908e+00   1.0386949358e+02
   1824.0000000000   9.9933040996e+01   2.7488857198e+00   1.0396097412e+02
   1825.0000000000   1.0002066083e+02   2.7726526416e+00   1.0405062687e+02
   1826.0000000000   1.0010731649e+02   2.7957562624e+00   1.0413909977e+02
   1827.0000000000   1.0019321706e+02   2.8183206580e+00   1.0423622029e+02
   1828.0000000000   1.0027848204e+02   2.8404263556e+00   1.0433656325e+02
   1829.0000000000   1.0038194121e+02   2.8621302984e+00   1.0442977495e+02
   1830.0000000000   1.0048329202e+02   2.8834751650e+00   1.0452104306e+02
   1831.0000000000   1.0057688736e+02   2.9235751640e+00   1.0461103892e+02
   1832.0000000000   1.0066822194e+02   2.9521990555e+00   1.0470960649e+02
   1833.0000000000   1.0076747307e+02   2.9787074574e+00   1.0481133264e+02
   1834.0000000000   1.0086013911e+02   3.0040061783e+00   1.0490587280e+02
   1835.0000000000   1.0096039375e+02   3.0284548956e+00   1.0499842176e+02
   1836.0000000000   1.0106331696e+02   3.0522438006e+00   1.0508965648e+02
   1837.0000000000   1.0115889415e+02   3.0754898531e+00   1.0517988510e+02
   1838.0000000000   1.0125230714e+02   3.0982721516e+00   1.0527882732e+02
   1839.0000000000   1.0134426690e+02   3.1206478151e+00   1.0537147258e+02
   1840.0000000000   1.0143510615e+02   3.1426601158e+00   1.0546257479e+02
   1841.0000000000   1.0152502202e+02   3.1643430525e+00   1.0555264143e+02
   1842.0000000000   1.0162352181e+02   3.1952645370e+00   1.0567051578e+02
   1843.0000000000   1.0171583308e+02   3.2203182288e+00   1.0577093928e+02
   1844.0000000000   1.0180661633e+02   3.2441924716e+00   1.0587754581e+02
   1845.0000000000   1.0189636418e+02   3.2768876122e+00   1.0598613968e+02
   1846.0000000000   1.0198529141e+02   3.3034605940e+00   1.0608682426e+02
   1847.0000000000   1.0207352267e+02   3.3286811811e+00   1.0618501483e+02
   1848.0000000000   1.0216114151e+02   3.3530562791e+00   1.0628151514e+02
   1849.0000000000   1.0224820894e+02   3.3768016477e+00   1.0637671379e+02
   1850.0000000000   1.0233477209e+02   3.4095783778e+00   1.0647084484e+02
   1851.0000000000   1.0242086877e+02   3.4363350096e+00   1.0656406605e+02
   1852.0000000000   1.0250653028e+02   3.4617951569e+00   1.0665649142e+02
   1853.0000000000   1.0259178301e+02   3.4864428297e+00   1.0675774787e+02
   1854.0000000000   1.0268602509e+02   3.5104812611e+00   1.0685277431e+02
   1855.0000000000   1.0277440887e+02   3.5340237743e+00   1.0694629484e+02
   1856.0000000000   1.0286154019e+02   3.5571434567e+00   1.0703879836e+02
   1857.0000000000   1.0294787041e+02   3.5798918339e+00   1.0713049479e+02
   1858.0000000000   1.0303358225e+02   3.6023074724e+00   1.0722150478e+02
   1859.0000000000   1.0312815028e+02   3.6244205038e+00   1.0731190876e+02
   1860.0000000000   1.0322614536e+02   3.6462552382e+00   1.0740176540e+02
   1861.0000000000   1.0331733241e+02   3.6773722087e+00   1.0751020086e+02
   1862.0000000000   1.0340676856e+02   3.7026593043e+00   1.0760699347e+02
   1863.0000000000   1.0349508427e+02   3.7268002536e+00   1.0770151179e+02
   1864.0000000000   1.0358255591e+02   3.7502512177e+00   1.0779466849e+02
   1865.0000000000   1.0367871446e+02   3.7731951021e+00   1.0788682921e+02
   1866.0000000000   1.0376879239e+02   3.7957298745e+00   1.0797818948e+02
   1867.0000000000   1.0385744796e+02   3.8179166988e+00   1.0806887102e+02
   1868.0000000000   1.0394516872e+02   3.8397976311e+00   1.0816849768e+02
   1869.0000000000   1.0403216345e+02   3.8614035739e+00   1.0826200147e+02
   1870.0000000000   1.0411855069e+02   3.8827583559e+00   1.0835409844e+02
   1871.0000000000   1.0421378352e+02   3.9038810310e+00   1.0844526946e+02
   1872.0000000000   1.0430304996e+02   3.9343276966e+00   1.0854525732e+02
   1873.0000000000   1.0440035588e+02   3.9589824584e+00   1.0864858707e+02
   1874.0000000000   1.0449130281e+02   3.9825257877e+00   1.0874487299e+02
   1875.0000000000   1.0458067498e+02   4.0054110176e+00   1.0884882122e+02
   1876.0000000000   1.0466901730e+02   4.0278185802e+00   1.0894595824e+02
   1877.0000000000   1.0475656912e+02   4.0593846905e+00   1.0904124506e+02
   1878.0000000000   1.0484346704e+02   4.0850395057e+00   1.0913529177e+02
   1879.0000000000   1.0492980016e+02   4.1094925432e+00   1.0922837854e+02
   1880.0000000000   1.0502500714e+02   4.1332166841e+00   1.0933975088e+02
   1881.0000000000   1.0511426796e+02   4.1564061646e+00   1.0943926021e+02
   1882.0000000000   1.0520220818e+02   4.1791668934e+00   1.0953632360e+02
   1883.0000000000   1.0528929359e+02   4.2111061716e+00   1.0963188766e+02
   1884.0000000000   1.0537571782e+02   4.2371411732e+00   1.0972634285e+02
   1885.0000000000   1.0546158835e+02   4.2619751127e+00   1.0981990329e+02
   1886.0000000000   1.0554697456e+02   4.3051585549e+00   1.0991270511e+02
   1887.0000000000   1.0564130100e+02   4.3557068532e+00   1.1001438348e+02
   1888.0000000000   1.0572973723e+02   4.3928053873e+00   1.1011941986e+02
   1889.0000000000   1.0581690081e+02   4.4267461549e+00   1.1021740862e+02
   1890.0000000000   1.0591262673e+02   4.4588060093e+00   1.1032304628e+02
   1891.0000000000   1.0600223616e+02   4.4895389040e+00   1.1042185469e+02
   1892.0000000000   1.0609042095e+02   4.5192521226e+00   1.1051879276e+02
   1893.0000000000   1.0617768296e+02   4.5481396440e+00   1.1061446989e+02
   1894.0000000000   1.0626423730e+02   4.5763343596e+00   1.1070916628e+02
   1895.0000000000   1.0635020516e+02   4.6039326473e+00   1.1080304703e+02
   1896.0000000000   1.0643566506e+02   4.6310074107e+00   1.1089622239e+02
   1897.0000000000   1.0652067244e+02   4.6576156184e+00   1.1098877183e+02
   1898.0000000000   1.0660526882e+02   4.6838029526e+00   1.1108075574e+02
   1899.0000000000   1.0668948664e+02   4.7096068260e+00   1.1118176221e+02
   1900.0000000000   1.0677335208e+02   4.7350584201e+00   1.1127670090e+02
   1901.0000000000   1.0685688679e+02   4.7601841106e+00   1.1137027318e+02
   1902.0000000000   1.0694948450e+02   4.7850064925e+00   1.1146294983e+02
   1903.0000000000   1.0705504432e+02   4.8190855601e+00   1.1155492607e+02
   1904.0000000000   1.0714843347e+02   4.8473093486e+00   1.1164631042e+02
   1905.0000000000   1.0723927669e+02   4.8743621285e+00   1.1173717316e+02
   1906.0000000000   1.0732862517e+02   4.9007008244e+00   1.1182756435e+02
   1907.0000000000   1.0741691273e+02   4.9265092207e+00   1.1191752195e+02
   1908.0000000000   1.0750437264e+02   4.9518862133e+00   1.1200707609e+02
   1909.0000000000   1.0759114913e+02   4.9864343284e+00   1.1209625145e+02
   1910.0000000000   1.0767733972e+02   5.0150674662e+00   1.1218506881e+02
   1911.0000000000   1.0777238996e+02   5.0424866003e+00   1.1227354599e+02
   1912.0000000000   1.0786148523e+02   5.0691599283e+00   1.1236169849e+02
   1913.0000000000   1.0794925515e+02   5.0952791048e+00   1.1244954001e+02
   1914.0000000000   1.0803616864e+02   5.1209486710e+00   1.1253708275e+02
   1915.0000000000   1.0812242165e+02   5.1462348665e+00   1.1262433770e+02
   1916.0000000000   1.0820812351e+02   5.1711837582e+00   1.1271131481e+02
   1917.0000000000   1.0829334495e+02   5.1958294814e+00   1.1279802317e+02
   1918.0000000000   1.0838751158e+02   5.2201985150e+00   1.1288447110e+02
   1919.0000000000   1.0847579375e+02   5.2443121183e+00   1.1297066629e+02
   1920.0000000000   1.0856280963e+02   5.2681878222e+00   1.1305661586e+02
   1921.0000000000   1.0864901923e+02   5.3013808190e+00   1.1314232643e+02
   1922.0000000000   1.0873461149e+02   5.3383151128e+00   1.1323734459e+02
   1923.0000000000   1.0881969009e+02   5.3685418086e+00   1.1332654705e+02
   1924.0000000000   1.0890432120e+02   5.4067237084e+00   1.1341460842e+02
   1925.0000000000   1.0898855121e+02   5.4383556465e+00   1.1351151774e+02
   1926.0000000000   1.0908179024e+02   5.4683744117e+00   1.1360232254e+02
   1927.0000000000   1.0916919794e+02   5.4973709289e+00   1.1369178468e+02
   1928.0000000000   1.0925538468e+02   5.5256097608e+00   1.1378040431e+02
   1929.0000000000   1.0934080451e+02   5.5627830137e+00   1.1386839143e+02
   1930.0000000000   1.0942564171e+02   5.6129410507e+00   1.1395586174e+02
   1931.0000000000   1.0951937161e+02   5.6505641750e+00   1.1404288851e+02
   1932.0000000000   1.0960718983e+02   5.6950260619e+00   1.1413906285e+02
   1933.0000000000   1.0969372861e+02   5.7322961003e+00   1.1422929285e+02
   1934.0000000000   1.0977945626e+02   5.7675066979e+00   1.1431827622e+02
   1935.0000000000   1.0986456683e+02   5.8013556326e+00   1.1440647911e+02
   1936.0000000000   1.0994916719e+02   5.8341748585e+00   1.1449409178e+02
   1937.0000000000   1.1004270100e+02   5.8661624523e+00   1.1459075814e+02
   1938.0000000000   1.1013034852e+02   5.9069913024e+00   1.1468141451e+02
   1939.0000000000   1.1021673366e+02   5.9416274015e+00   1.1477077545e+02
   1940.0000000000   1.1030231986e+02   5.9748115705e+00   1.1485931797e+02
   1941.0000000000   1.1039667358e+02   6.0070432879e+00   1.1494723980e+02
   1942.0000000000   1.1049440772e+02   6.0385392883e+00   1.1504419024e+02
   1943.0000000000   1.1058531017e+02   6.0694245764e+00   1.1513510962e+02
   1944.0000000000   1.1067445197e+02   6.0997823383e+00   1.1524379643e+02
   1945.0000000000   1.1079059891e+02   6.1296728546e+00   1.1534047200e+02
   1946.0000000000   1.1088943117e+02   6.1591423146e+00   1.1543467439e+02
   1947.0000000000   1.1098487388e+02   6.1882275196e+00   1.1553694153e+02
   1948.0000000000   1.1108771301e+02   6.2169586443e+00   1.1563255871e+02
   1949.0000000000   1.1118365960e+02   6.2453609798e+00   1.1573596134e+02
   1950.0000000000   1.1127761510e+02   6.2734560942e+00   1.1583260547e+02
   1951.0000000000   1.1137021079e+02   6.3012626407e+00   1.1592742901e+02
   1952.0000000000   1.1146174878e+02   6.3287969401e+00   1.1602103406e+02
   1953.0000000000   1.1155241223e+02   6.3656138382e+00   1.1612323874e+02
   1954.0000000000   1.1164232574e+02   6.3965971068e+00   1.1621907827e+02
   1955.0000000000   1.1173158012e+02   6.4264274579e+00   1.1631333181e+02
   1956.0000000000   1.1182024476e+02   6.4555588243e+00   1.1640652225e+02
   1957.0000000000   1.1190837447e+02   6.4937128838e+00   1.1649888161e+02
   1958.0000000000   1.1199601376e+02   6.5353977258e+00   1.1659054540e+02
   1959.0000000000   1.1208319947e+02   6.5797541361e+00   1.1668160432e+02
   1960.0000000000   1.1216996266e+02   6.6168071277e+00   1.1677212422e+02
   1961.0000000000   1.1225632986e+02   6.6614120404e+00   1.1687169593e+02
   1962.0000000000   1.1234232402e+02   6.6991667058e+00   1.1696523046e+02
   1963.0000000000   1.1242796519e+02   6.7350713705e+00   1.1705742977e+02
   1964.0000000000   1.1252264650e+02   6.7697596312e+00   1.1714876476e+02
   1965.0000000000   1.1261151621e+02   6.8035265182e+00   1.1723943053e+02
   1966.0000000000   1.1269917683e+02   6.8460868688e+00   1.1732953526e+02
   1967.0000000000   1.1278607686e+02   6.8824277345e+00   1.1741914883e+02
   1968.0000000000   1.1287239660e+02   6.9173014714e+00   1.1750832079e+02
   1969.0000000000   1.1295823306e+02   6.9512142250e+00   1.1759708857e+02
   1970.0000000000   1.1305302267e+02   6.9843867083e+00   1.1768548173e+02
   1971.0000000000   1.1314194026e+02   7.0169463355e+00   1.1777352438e+02
   1972.0000000000   1.1322960561e+02   7.0489777493e+00   1.1786123670e+02
   1973.0000000000   1.1331647900e+02   7.0805420915e+00   1.1794863594e+02
   1974.0000000000   1.1340274898e+02   7.1307668828e+00   1.1804527743e+02
   1975.0000000000   1.1349789395e+02   7.1694310062e+00   1.1814558565e+02
   1976.0000000000   1.1358711185e+02   7.2059030742e+00   1.1823911233e+02
   1977.0000000000   1.1367503667e+02   7.2601762367e+00   1.1835006146e+02
   1978.0000000000   1.1376213810e+02   7.3023574007e+00   1.1844879960e+02
   1979.0000000000   1.1384861130e+02   7.3515200837e+00   1.1854493355e+02
   1980.0000000000   1.1393456406e+02   7.3935430848e+00   1.1864903905e+02
   1981.0000000000   1.1402006538e+02   7.4335216233e+00   1.1874642421e+02
   1982.0000000000   1.1411453903e+02   7.4721354758e+00   1.1884199884e+02
   1983.0000000000   1.1420315364e+02   7.5192473868e+00   1.1893635821e+02
   1984.0000000000   1.1429052572e+02   7.5599208710e+00   1.1902977828e+02
   1985.0000000000   1.1437711376e+02   7.5989543461e+00   1.1912242300e+02
   1986.0000000000   1.1447248074e+02   7.6368844888e+00   1.1921440233e+02
   1987.0000000000   1.1456186160e+02   7.6739536300e+00   1.1930579567e+02
   1988.0000000000   1.1466866067e+02   7.7103052499e+00   1.1939666322e+02
   1989.0000000000   1.1476362425e+02   7.7460363820e+00   1.1949659276e+02
   1990.0000000000   1.1485613171e+02   7.7812180074e+00   1.1959049349e+02
   1991.0000000000   1.1494716757e+02   7.8159047958e+00   1.1968306622e+02
   1992.0000000000   1.1503714201e+02   7.8501404141e+00   1.1977478106e+02
   1993.0000000000   1.1512627918e+02   7.8839606982e+00   1.1986583252e+02
   1994.0000000000   1.1521472000e+02   7.9173956805e+00   1.1995632833e+02
   1995.0000000000   1.1531193655e+02   7.9504709551e+00   1.2004633800e+02
   1996.0000000000   1.1540313181e+02   7.9832086353e+00   1.2014545118e+02
   1997.0000000000   1.1549294780e+02   8.0251684718e+00   1.2023857594e+02
   1998.0000000000   1.1558186256e+02   8.0612384431e+00   1.2033041077e+02
   1999.0000000000   1.1567007902e+02   8.0961029073e+00   1.2042142309e+02
   2000.0000000000   1.1575771192e+02   8.1302189882e+00   1.2051180465e+02
   2001.0000000000   1.1585421183e+02   8.1637707540e+00   1.2060166061e+02
   2002.0000000000   1.1595414046e+02   8.1968574485e+00   1.2069105806e+02
   2003.0000000000   1.1604725955e+02   8.2295415682e+00   1.2078004404e+02
   2004.0000000000   1.1613862559e+02   8.2618665205e+00   1.2086865374e+02
   2005.0000000000   1.1622886952e+02   8.2938645532e+00   1.2095691468e+02
   2006.0000000000   1.1631826866e+02   8.3446416679e+00   1.2104484917e+02
   2007.0000000000   1.1640697967e+02   8.3839600549e+00   1.2113247573e+02
   2008.0000000000   1.1649510358e+02   8.4211749980e+00   1.2121981012e+02
   2009.0000000000   1.1658271125e+02   8.4571879227e+00   1.2130686593e+02
   2010.0000000000   1.1666985534e+02   8.4923548678e+00   1.2140319547e+02
   2011.0000000000   1.1675657666e+02   8.5268629772e+00   1.2149368021e+02
   2012.0000000000   1.1684290792e+02   8.5608266396e+00   1.2158299874e+02
   2013.0000000000   1.1692887595e+02   8.5943227697e+00   1.2168114349e+02
   2014.0000000000   1.1701450326e+02   8.6274066215e+00   1.2179224574e+02
   2015.0000000000   1.1710918447e+02   8.6601198661e+00   1.2189081165e+02
   2016.0000000000   1.1719806873e+02   8.6924951224e+00   1.2198668192e+02
   2017.0000000000   1.1729513440e+02   8.7245586828e+00   1.2208095544e+02
   2018.0000000000   1.1739533816e+02   8.7563322477e+00   1.2217409313e+02
   2019.0000000000   1.1748858124e+02   8.7878340782e+00   1.2226634592e+02
   2020.0000000000   1.1757998476e+02   8.8381606423e+00   1.2235787042e+02
   2021.0000000000   1.1767021410e+02   8.8770673267e+00   1.2244877314e+02
   2022.0000000000   1.1775956661e+02   8.9234447947e+00   1.2254867140e+02
   2023.0000000000   1.1785758673e+02   8.9630615277e+00   1.2264249414e+02
   2024.0000000000   1.1794951602e+02   9.0009396966e+00   1.2273495582e+02
   2025.0000000000   1.1804001901e+02   9.0377075000e+00   1.2282653628e+02
   2026.0000000000   1.1812958779e+02   9.0736490871e+00   1.2291743711e+02
   2027.0000000000   1.1821843444e+02   9.1184681948e+00   1.2300777128e+02
   2028.0000000000   1.1830667995e+02   9.1571418800e+00   1.2311669307e+02
   2029.0000000000   1.1839440379e+02   9.1944138324e+00   1.2321399655e+02
   2030.0000000000   1.1850041366e+02   9.2307827678e+00   1.2330905953e+02
   2031.0000000000   1.1860439316e+02   9.2664630371e+00   1.2341234055e+02
   2032.0000000000   1.1870068563e+02   9.3015765891e+00   1.2350907940e+02
   2033.0000000000   1.1880415418e+02   9.3362033493e+00   1.2360414252e+02
   2034.0000000000   1.1890072778e+02   9.3704003643e+00   1.2369809598e+02
   2035.0000000000   1.1899535625e+02   9.4137511553e+00   1.2379119519e+02
   2036.0000000000   1.1908868158e+02   9.4511605441e+00   1.2388358910e+02
   2037.0000000000   1.1919038103e+02   9.4873251935e+00   1.2397537642e+02
   2038.0000000000   1.1929514206e+02   9.5227114292e+00   1.2407616829e+02
   2039.0000000000   1.1939280565e+02   9.5575103310e+00   1.2418042951e+02
   2040.0000000000   1.1948848234e+02   9.5918265654e+00   1.2427774209e+02
   2041.0000000000   1.1958284195e+02   9.6257268741e+00   1.2437325263e+02
   2042.0000000000   1.1967619094e+02   9.6687984465e+00   1.2446760445e+02
   2043.0000000000   1.1976870848e+02   9.7059471290e+00   1.2456108104e+02
   2044.0000000000   1.1986051342e+02   9.7609502502e+00   1.2465384305e+02
   2045.0000000000   1.1995169102e+02   9.8135556741e+00   1.2475553483e+02
   2046.0000000000   1.2004230577e+02   9.8581628017e+00   1.2485110042e+02
   2047.0000000000   1.2014178378e+02   9.9004314817e+00   1.2495480391e+02
   2048.0000000000   1.2023529864e+02   9.9412145338e+00   1.2505200210e+02
   2049.0000000000   1.2032747272e+02   9.9809057478e+00   1.2514756994e+02
   2050.0000000000   1.2041877050e+02   1.0019731915e+01   1.2524206703e+02
   2051.0000000000   1.2050938531e+02   1.0057840031e+01   1.2534528142e+02
   2052.0000000000   1.2060880039e+02   1.0095332868e+01   1.2544222629e+02
   2053.0000000000   1.2070221834e+02   1.0132286219e+01   1.2554720462e+02
   2054.0000000000   1.2079427757e+02   1.0168758248e+01   1.2564559738e+02
   2055.0000000000   1.2089482731e+02   1.0204794987e+01   1.2574229570e+02
   2056.0000000000   1.2098919904e+02   1.0240433780e+01   1.2583787054e+02
   2057.0000000000   1.2108209247e+02   1.0275705538e+01   1.2594211828e+02
   2058.0000000000   1.2118339106e+02   1.0310636285e+01   1.2604959885e+02
   2059.0000000000   1.2128782291e+02   1.0345248239e+01   1.2614995067e+02
   2060.0000000000   1.2138523432e+02   1.0379560604e+01   1.2625789731e+02
   2061.0000000000   1.2149010700e+02   1.0413590157e+01   1.2635897833e+02
   2062.0000000000   1.2158823660e+02   1.0447351685e+01   1.2645816478e+02
   2063.0000000000   1.2168451105e+02   1.0480858329e+01   1.2655607465e+02
   2064.0000000000   1.2177953890e+02   1.0514121854e+01   1.2665299442e+02
   2065.0000000000   1.2187360207e+02   1.0547152857e+01   1.2674909383e+02
   2066.0000000000   1.2196686734e+02   1.0579960939e+01   1.2684448666e+02
   2067.0000000000   1.2205944623e+02   1.0631635695e+01   1.2695833594e+02
   2068.0000000000   1.2215141911e+02   1.0671926974e+01   1.2706044599e+02
   2069.0000000000   1.2224284691e+02   1.0710180489e+01   1.2716020449e+02
   2070.0000000000   1.2233377761e+02   1.0747290059e+01   1.2726807890e+02
   2071.0000000000   1.2242425007e+02   1.0783605551e+01   1.2737885736e+02
   2072.0000000000   1.2251429646e+02   1.0819309010e+01   1.2748228424e+02
   2073.0000000000   1.2260394394e+02   1.0864050973e+01   1.2758360097e+02
   2074.0000000000   1.2269321574e+02   1.0902775644e+01   1.2769305239e+02
   2075.0000000000   1.2279150746e+02   1.0940204335e+01   1.2779583501e+02
   2076.0000000000   1.2288396934e+02   1.0976819523e+01   1.2789680921e+02
   2077.0000000000   1.2297520545e+02   1.1012823242e+01   1.2799654546e+02
   2078.0000000000   1.2306566559e+02   1.1048327793e+01   1.2809530661e+02
   2079.0000000000   1.2315553113e+02   1.1083405347e+01   1.2819324957e+02
   2080.0000000000   1.2324489998e+02   1.1118106595e+01   1.2829048071e+02
   2081.0000000000   1.2333383389e+02   1.1152469337e+01   1.2839661824e+02
   2082.0000000000   1.2342237580e+02   1.1186522997e+01   1.2849659292e+02
   2083.0000000000   1.2351055762e+02   1.1229831657e+01   1.2859512162e+02
   2084.0000000000   1.2359840430e+02   1.1267285745e+01   1.2869268696e+02
   2085.0000000000   1.2368593601e+02   1.1313111277e+01   1.2878949344e+02
   2086.0000000000   1.2377316955e+02   1.1362177155e+01   1.2888565702e+02
   2087.0000000000   1.2386011920e+02   1.1413747870e+01   1.2898125409e+02
   2088.0000000000   1.2394679735e+02   1.1457905827e+01   1.2907633973e+02
   2089.0000000000   1.2403321487e+02   1.1499997318e+01   1.2918049661e+02
   2090.0000000000   1.2412875686e+02   1.1540768315e+01   1.2927862937e+02
   2091.0000000000   1.2421856456e+02   1.1580562356e+01   1.2937543500e+02
   2092.0000000000   1.2431660969e+02   1.1619578137e+01   1.2947138047e+02
   2093.0000000000   1.2441784325e+02   1.1657945097e+01   1.2957619817e+02
   2094.0000000000   1.2451216164e+02   1.1695754155e+01   1.2967486468e+02
   2095.0000000000   1.2460468177e+02   1.1733072620e+01   1.2977211705e+02
   2096.0000000000   1.2469606536e+02   1.1769952307e+01   1.2986844670e+02
   2097.0000000000   1.2478660656e+02   1.1806434331e+01   1.2996406154e+02
   2098.0000000000   1.2489522239e+02   1.1842552114e+01   1.3005907817e+02
   2099.0000000000   1.2499228447e+02   1.1878333367e+01   1.3015357218e+02
   2100.0000000000   1.2508704352e+02   1.1913801450e+01   1.3024759716e+02
   2101.0000000000   1.2518042546e+02   1.1948976331e+01   1.3034119348e+02
   2102.0000000000   1.2527280941e+02   1.1983875284e+01   1.3043439289e+02
   2103.0000000000   1.2536440131e+02   1.2028053833e+01   1.3052722117e+02
   2104.0000000000   1.2545533057e+02   1.2066396222e+01   1.3061969982e+02
   2105.0000000000   1.2554568622e+02   1.2113123900e+01   1.3071184711e+02
   2106.0000000000   1.2564490879e+02   1.2153561914e+01   1.3080367885e+02
   2107.0000000000   1.2573818059e+02   1.2192560796e+01   1.3089520886e+02
   2108.0000000000   1.2583012939e+02   1.2230660834e+01   1.3098644939e+02
   2109.0000000000   1.2592122294e+02   1.2268094053e+01   1.3107741141e+02
   2110.0000000000   1.2601165652e+02   1.2304989886e+01   1.3116810479e+02
   2111.0000000000   1.2610153902e+02   1.2350971425e+01   1.3125853850e+02
   2112.0000000000   1.2620031642e+02   1.2400507496e+01   1.3135826117e+02
   2113.0000000000   1.2629317133e+02   1.2443180584e+01   1.3145215124e+02
   2114.0000000000   1.2638472995e+02   1.2484136025e+01   1.3154488485e+02
   2115.0000000000   1.2647545791e+02   1.2524015106e+01   1.3163691195e+02
   2116.0000000000   1.2657492366e+02   1.2572639381e+01   1.3172841033e+02
   2117.0000000000   1.2666836655e+02   1.2615037943e+01   1.3181947369e+02
   2118.0000000000   1.2677919448e+02   1.2655981469e+01   1.3191015961e+02
   2119.0000000000   1.2688753218e+02   1.2695984247e+01   1.3200050712e+02
   2120.0000000000   1.2698789416e+02   1.2735270332e+01   1.3209054454e+02
   2121.0000000000   1.2708585554e+02   1.2773968093e+01   1.3218029349e+02
   2122.0000000000   1.2718226428e+02   1.2812161905e+01   1.3226977114e+02
   2123.0000000000   1.2727751501e+02   1.2849912015e+01   1.3236853195e+02
   2124.0000000000   1.2737183671e+02   1.2887263896e+01   1.3246145861e+02
   2125.0000000000   1.2746537879e+02   1.2924253260e+01   1.3255323038e+02
   2126.0000000000   1.2755824635e+02   1.2960908997e+01   1.3264429953e+02
   2127.0000000000   1.2765051732e+02   1.3006795460e+01   1.3274438599e+02
   2128.0000000000   1.2774225179e+02   1.3046803758e+01   1.3283845569e+02
   2129.0000000000   1.2783349754e+02   1.3095160794e+01   1.3293123633e+02
   2130.0000000000   1.2792429347e+02   1.3137196015e+01   1.3302321116e+02
   2131.0000000000   1.2801467188e+02   1.3177763565e+01   1.3311458083e+02
   2132.0000000000   1.2810466006e+02   1.3217406725e+01   1.3321499584e+02
   2133.0000000000   1.2819428136e+02   1.3256360039e+01   1.3330939687e+02
   2134.0000000000   1.2829293148e+02   1.3294755072e+01   1.3340250140e+02
   2135.0000000000   1.2838576067e+02   1.3332676322e+01   1.3350432892e+02
   2136.0000000000   1.2848674846e+02   1.3379723268e+01   1.3360948992e+02
   2137.0000000000   1.2858147720e+02   1.3420810587e+01   1.3370763437e+02
   2138.0000000000   1.2867471663e+02   1.3460641298e+01   1.3381348552e+02
   2139.0000000000   1.2876700045e+02   1.3499685955e+01   1.3392211897e+02
   2140.0000000000   1.2885855914e+02   1.3538138519e+01   1.3402337105e+02
   2141.0000000000   1.2894952213e+02   1.3576105654e+01   1.3412252303e+02
   2142.0000000000   1.2903997266e+02   1.3613655502e+01   1.3422029920e+02
   2143.0000000000   1.2912996906e+02   1.3650835818e+01   1.3431703577e+02
   2144.0000000000   1.2921955465e+02   1.3687682224e+01   1.3441292966e+02
   2145.0000000000   1.2930876306e+02   1.3724222512e+01   1.3450811084e+02
   2146.0000000000   1.2939762122e+02   1.3760479101e+01   1.3460267169e+02
   2147.0000000000   1.2948615132e+02   1.3796470548e+01   1.3469668138e+02
   2148.0000000000   1.2957437201e+02   1.3832212534e+01   1.3480927448e+02
   2149.0000000000   1.2967167464e+02   1.3877258956e+01   1.3491977623e+02
   2150.0000000000   1.2976320561e+02   1.3916492467e+01   1.3502243110e+02
   2151.0000000000   1.2986294091e+02   1.3964133009e+01   1.3512282463e+02
   2152.0000000000   1.2995645970e+02   1.4015044644e+01   1.3522176879e+02
   2153.0000000000   1.3004852887e+02   1.4058947516e+01   1.3531963290e+02
   2154.0000000000   1.3013967952e+02   1.4120130733e+01   1.3541662827e+02
   2155.0000000000   1.3023013979e+02   1.4169010571e+01   1.3551289168e+02
   2156.0000000000   1.3032003696e+02   1.4215225590e+01   1.3560851896e+02
   2157.0000000000   1.3040945235e+02   1.4278913505e+01   1.3571312151e+02
   2158.0000000000   1.3049844251e+02   1.4330268695e+01   1.3581162501e+02
   2159.0000000000   1.3058704915e+02   1.4378881418e+01   1.3590874226e+02
   2160.0000000000   1.3067530440e+02   1.4435339396e+01   1.3601449280e+02
   2161.0000000000   1.3077260930e+02   1.4484967886e+01   1.3611394902e+02
   2162.0000000000   1.3086411732e+02   1.4532693274e+01   1.3621189333e+02
   2163.0000000000   1.3095443439e+02   1.4579125503e+01   1.3630884316e+02
   2164.0000000000   1.3104401123e+02   1.4624553168e+01   1.3640502320e+02
   2165.0000000000   1.3113302948e+02   1.4669150979e+01   1.3651010212e+02
   2166.0000000000   1.3122158695e+02   1.4722578518e+01   1.3660903504e+02
   2167.0000000000   1.3130974496e+02   1.4769793946e+01   1.3670655132e+02
   2168.0000000000   1.3139754587e+02   1.4815533404e+01   1.3680313998e+02
   2169.0000000000   1.3148502089e+02   1.4860293585e+01   1.3690854914e+02
   2170.0000000000   1.3158156959e+02   1.4904289610e+01   1.3700776703e+02
   2171.0000000000   1.3167234387e+02   1.4947645619e+01   1.3710553947e+02
   2172.0000000000   1.3176194810e+02   1.4990444413e+01   1.3720236470e+02
   2173.0000000000   1.3187895787e+02   1.5032746203e+01   1.3729845600e+02
   2174.0000000000   1.3198832662e+02   1.5074597312e+01   1.3739393424e+02
   2175.0000000000   1.3208904883e+02   1.5116034808e+01   1.3748887849e+02
   2176.0000000000   1.3218708074e+02   1.5157089221e+01   1.3758334516e+02
   2177.0000000000   1.3228340603e+02   1.5197786247e+01   1.3767737696e+02
   2178.0000000000   1.3237848363e+02   1.5238147892e+01   1.3777100754e+02
   2179.0000000000   1.3247257776e+02   1.5278193262e+01   1.3786426433e+02
   2180.0000000000   1.3256585903e+02   1.5317939135e+01   1.3795717016e+02
   2181.0000000000   1.3265844605e+02   1.5357400387e+01   1.3804974446e+02
   2182.0000000000   1.3275042580e+02   1.5396590317e+01   1.3814200397e+02
   2183.0000000000   1.3284186457e+02   1.5435520894e+01   1.3823396335e+02
   2184.0000000000   1.3293281451e+02   1.5474202961e+01   1.3833517596e+02
   2185.0000000000   1.3302331764e+02   1.5512646392e+01   1.3844006471e+02
   2186.0000000000   1.3311340855e+02   1.5550860220e+01   1.3853818008e+02
   2187.0000000000   1.3320311617e+02   1.5598393177e+01   1.3863464415e+02
   2188.0000000000   1.3329246505e+02   1.5649664271e+01   1.3873962124e+02
   2189.0000000000   1.3338147631e+02   1.5694220701e+01   1.3883824999e+02
   2190.0000000000   1.3347016830e+02   1.5737181754e+01   1.3893534723e+02
   2191.0000000000   1.3355855711e+02   1.5779168882e+01   1.3903144960e+02
   2192.0000000000   1.3365603239e+02   1.5820447719e+01   1.3912679284e+02
   2193.0000000000   1.3374773941e+02   1.5861164084e+01   1.3923105218e+02
   2194.0000000000   1.3384765340e+02   1.5901409461e+01   1.3932918651e+02
   2195.0000000000   1.3394135303e+02   1.5941246383e+01   1.3942592727e+02
   2196.0000000000   1.3403360489e+02   1.5980720260e+01   1.3952176456e+02
   2197.0000000000   1.3412493988e+02   1.6019865584e+01   1.3961690641e+02
   2198.0000000000   1.3421558606e+02   1.6058709488e+01   1.3971147005e+02
   2199.0000000000   1.3430567067e+02   1.6106814348e+01   1.3980553175e+02
   2200.0000000000   1.3439527502e+02   1.6158609675e+01   1.3989914571e+02
   2201.0000000000   1.3448445570e+02   1.6213191318e+01   1.3999235275e+02
   2202.0000000000   1.3457325447e+02   1.6260556023e+01   1.4009472535e+02
   2203.0000000000   1.3466170350e+02   1.6305999678e+01   1.4021024126e+02
   2204.0000000000   1.3475920391e+02   1.6350235712e+01   1.4031333308e+02
   2205.0000000000   1.3485090923e+02   1.6393585247e+01   1.4041380092e+02
   2206.0000000000   1.3495080089e+02   1.6436230782e+01   1.4051271932e+02
   2207.0000000000   1.3504446222e+02   1.6478289614e+01   1.4061053362e+02
   2208.0000000000   1.3513666338e+02   1.6519843291e+01   1.4071702484e+02
   2209.0000000000   1.3523731349e+02   1.6560951715e+01   1.4082675381e+02
   2210.0000000000   1.3533177533e+02   1.6601660726e+01   1.4093890254e+02
   2211.0000000000   1.3543414174e+02   1.6642006544e+01   1.4104352794e+02
   2212.0000000000   1.3553006383e+02   1.6691558943e+01   1.4114596987e+02
   2213.0000000000   1.3562435653e+02   1.6735213132e+01   1.4124697510e+02
   2214.0000000000   1.3571758493e+02   1.6777658734e+01   1.4134689075e+02
   2215.0000000000   1.3581937763e+02   1.6819356731e+01   1.4145546047e+02
   2216.0000000000   1.3591501353e+02   1.6860494022e+01   1.4155768938e+02
   2217.0000000000   1.3600917727e+02   1.6901171920e+01   1.4165834218e+02
   2218.0000000000   1.3610237309e+02   1.6941454424e+01   1.4175793402e+02
   2219.0000000000   1.3619482115e+02   1.6981386011e+01   1.4185669248e+02
   2220.0000000000   1.3628664807e+02   1.7020999671e+01   1.4195475044e+02
   2221.0000000000   1.3637793750e+02   1.7060321048e+01   1.4205219701e+02
   2222.0000000000   1.3646874942e+02   1.7108911207e+01   1.4214909703e+02
   2223.0000000000   1.3656850476e+02   1.7151658141e+01   1.4224550034e+02
   2224.0000000000   1.3666237198e+02   1.7193245453e+01   1.4234144671e+02
   2225.0000000000   1.3675496863e+02   1.7243669480e+01   1.4243696875e+02
   2226.0000000000   1.3684675478e+02   1.7297524168e+01   1.4253209384e+02
   2227.0000000000   1.3693791974e+02   1.7344447256e+01   1.4262684530e+02
   2228.0000000000   1.3702856768e+02   1.7389612273e+01   1.4272124334e+02
   2229.0000000000   1.3711876536e+02   1.7433676257e+01   1.4281530562e+02
   2230.0000000000   1.3720855973e+02   1.7476929699e+01   1.4290904776e+02
   2231.0000000000   1.3730736146e+02   1.7529077004e+01   1.4300248368e+02
   2232.0000000000   1.3740033072e+02   1.7575094316e+01   1.4309562587e+02
   2233.0000000000   1.3749207836e+02   1.7619724023e+01   1.4319802607e+02
   2234.0000000000   1.3758305887e+02   1.7663463523e+01   1.4329456546e+02
   2235.0000000000   1.3767345692e+02   1.7706525952e+01   1.4338992260e+02
   2236.0000000000   1.3776337276e+02   1.7749032167e+01   1.4348454962e+02
   2237.0000000000   1.3785286979e+02   1.7791061123e+01   1.4357862624e+02
   2238.0000000000   1.3794199211e+02   1.7832669007e+01   1.4367224790e+02
   2239.0000000000   1.3803077243e+02   1.7873898145e+01   1.4376547376e+02
   2240.0000000000   1.3812861165e+02   1.7914781748e+01   1.4385834425e+02
   2241.0000000000   1.3822066285e+02   1.7964887104e+01   1.4396042941e+02
   2242.0000000000   1.3832090686e+02   1.8028188230e+01   1.4406616338e+02
   2243.0000000000   1.3841492644e+02   1.8079114929e+01   1.4416510448e+02
   2244.0000000000   1.3850749120e+02   1.8127465171e+01   1.4426238042e+02
   2245.0000000000   1.3860850980e+02   1.8174311754e+01   1.4435861918e+02
   2246.0000000000   1.3870334455e+02   1.8229639058e+01   1.4445409152e+02
   2247.0000000000   1.3881546337e+02   1.8288097846e+01   1.4455848784e+02
   2248.0000000000   1.3892502500e+02   1.8339376707e+01   1.4465677388e+02
   2249.0000000000   1.3902656507e+02   1.8388688963e+01   1.4475368414e+02
   2250.0000000000   1.3912567270e+02   1.8436722450e+01   1.4485925027e+02
   2251.0000000000   1.3922320549e+02   1.8483791778e+01   1.4496809186e+02
   2252.0000000000   1.3932894042e+02   1.8530080132e+01   1.4506986588e+02
   2253.0000000000   1.3942824407e+02   1.8575708281e+01   1.4517930118e+02
   2254.0000000000   1.3952585806e+02   1.8620762215e+01   1.4528193747e+02
   2255.0000000000   1.3963170167e+02   1.8665306462e+01   1.4538274389e+02
   2256.0000000000   1.3973115642e+02   1.8709391347e+01   1.4548233570e+02
   2257.0000000000   1.3982895914e+02   1.8753057277e+01   1.4558099638e+02
   2258.0000000000   1.3992564624e+02   1.8805877884e+01   1.4567889266e+02
   2259.0000000000   1.4002146003e+02   1.8862292319e+01   1.4577613540e+02
   2260.0000000000   1.4011654352e+02   1.8911864328e+01   1.4587280400e+02
   2261.0000000000   1.4021099305e+02   1.8959726979e+01   1.4596895835e+02
   2262.0000000000   1.4030487884e+02   1.9006513327e+01   1.4606464533e+02
   2263.0000000000   1.4039825477e+02   1.9062039305e+01   1.4615990270e+02
   2264.0000000000   1.4049116374e+02   1.9111330125e+01   1.4625476157e+02
   2265.0000000000   1.4058364089e+02   1.9168694207e+01   1.4634924804e+02
   2266.0000000000   1.4067571558e+02   1.9219514907e+01   1.4644338437e+02
   2267.0000000000   1.4076741279e+02   1.9268684201e+01   1.4653718975e+02
   2268.0000000000   1.4085875405e+02   1.9316773137e+01   1.4663068094e+02
   2269.0000000000   1.4094975816e+02   1.9364037350e+01   1.4672387273e+02
   2270.0000000000   1.4104044169e+02   1.9410624889e+01   1.4681677822e+02
   2271.0000000000   1.4113081933e+02   1.9456633422e+01   1.4690940916e+02
   2272.0000000000   1.4122090428e+02   1.9502132741e+01   1.4700177615e+02
   2273.0000000000   1.4131070840e+02   1.9547175493e+01   1.4709388877e+02
   2274.0000000000   1.4140024245e+02   1.9591802985e+01   1.4718575576e+02
   2275.0000000000   1.4148951624e+02   1.9645589029e+01   1.4727738513e+02
   2276.0000000000   1.4157853875e+02   1.9693432172e+01   1.4736878422e+02
   2277.0000000000   1.4166731822e+02   1.9740024886e+01   1.4745995984e+02
   2278.0000000000   1.4175586227e+02   1.9785830631e+01   1.4755091826e+02
   2279.0000000000   1.4184417795e+02   1.9831038501e+01   1.4765120576e+02
   2280.0000000000   1.4193227181e+02   1.9875751771e+01   1.4774569872e+02
   2281.0000000000   1.4202014995e+02   1.9920036214e+01   1.4784861183e+02
   2282.0000000000   1.4210781807e+02   1.9963937918e+01   1.4795480474e+02
   2283.0000000000   1.4219528151e+02   2.0007491350e+01   1.4806353426e+02
   2284.0000000000   1.4229192072e+02   2.0050723508e+01   1.4816487634e+02
   2285.0000000000   1.4238287298e+02   2.0093656283e+01   1.4826417182e+02
   2286.0000000000   1.4248210662e+02   2.0136307906e+01   1.4836216197e+02
   2287.0000000000   1.4257519423e+02   2.0188234297e+01   1.4845918630e+02
   2288.0000000000   1.4267627250e+02   2.0234319776e+01   1.4855543999e+02
   2289.0000000000   1.4277100018e+02   2.0298326114e+01   1.4865104943e+02
   2290.0000000000   1.4286418955e+02   2.0350449080e+01   1.4874610283e+02
   2291.0000000000   1.4296577538e+02   2.0409748562e+01   1.4884066512e+02
   2292.0000000000   1.4306113703e+02   2.0462079022e+01   1.4894432642e+02
   2293.0000000000   1.4316437848e+02   2.0512513193e+01   1.4905153732e+02
   2294.0000000000   1.4326115862e+02   2.0561711876e+01   1.4915186964e+02
   2295.0000000000   1.4336567336e+02   2.0609981633e+01   1.4925046229e+02
   2296.0000000000   1.4346362436e+02   2.0657501930e+01   1.4934795256e+02
   2297.0000000000   1.4355985622e+02   2.0723471828e+01   1.4944461909e+02
   2298.0000000000   1.4365495333e+02   2.0777716979e+01   1.4954061847e+02
   2299.0000000000   1.4374918239e+02   2.0839178698e+01   1.4963605122e+02
   2300.0000000000   1.4384269964e+02   2.0893663397e+01   1.4973098753e+02
   2301.0000000000   1.4393560882e+02   2.0955762933e+01   1.4982547932e+02
   2302.0000000000   1.4402798423e+02   2.1020539972e+01   1.4991956669e+02
   2303.0000000000   1.4411988189e+02   2.1096918247e+01   1.5001328161e+02
   2304.0000000000   1.4421134566e+02   2.1169471305e+01   1.5010665027e+02
   2305.0000000000   1.4430241087e+02   2.1233142558e+01   1.5019969450e+02
   2306.0000000000   1.4440248207e+02   2.1293833303e+01   1.5029243288e+02
   2307.0000000000   1.4449671622e+02   2.1352535358e+01   1.5038488140e+02
   2308.0000000000   1.4458972257e+02   2.1409733515e+01   1.5047705401e+02
   2309.0000000000   1.4468195490e+02   2.1465718931e+01   1.5056896299e+02
   2310.0000000000   1.4478297312e+02   2.1520686549e+01   1.5066061926e+02
   2311.0000000000   1.4488738559e+02   2.1574776219e+01   1.5075203260e+02
   2312.0000000000   1.4498497697e+02   2.1628093223e+01   1.5084321182e+02
   2313.0000000000   1.4508081599e+02   2.1680719713e+01   1.5093416493e+02
   2314.0000000000   1.4517554046e+02   2.1732721583e+01   1.5103443964e+02
   2315.0000000000   1.4526943165e+02   2.1793693298e+01   1.5112891357e+02
   2316.0000000000   1.4536264848e+02   2.1848550903e+01   1.5122226205e+02
   2317.0000000000   1.4545529327e+02   2.1902001827e+01   1.5133401514e+02
   2318.0000000000   1.4554743754e+02   2.1954522425e+01   1.5143409178e+02
   2319.0000000000   1.4563913420e+02   2.2006312991e+01   1.5153192333e+02
   2320.0000000000   1.4573042412e+02   2.2057486605e+01   1.5162845377e+02
   2321.0000000000   1.4582133984e+02   2.2108117671e+01   1.5172406509e+02
   2322.0000000000   1.4591190799e+02   2.2158259930e+01   1.5181896121e+02
   2323.0000000000   1.4601152621e+02   2.2207954662e+01   1.5191326785e+02
   2324.0000000000   1.4610534592e+02   2.2257234971e+01   1.5200706984e+02
   2325.0000000000   1.4620734722e+02   2.2306128240e+01   1.5210042803e+02
   2326.0000000000   1.4630311266e+02   2.2354657657e+01   1.5220292861e+02
   2327.0000000000   1.4639741196e+02   2.2402843221e+01   1.5229947809e+02
   2328.0000000000   1.4649077861e+02   2.2450702426e+01   1.5239477415e+02
   2329.0000000000   1.4659281820e+02   2.2498250752e+01   1.5248928366e+02
   2330.0000000000   1.4668879233e+02   2.2564582887e+01   1.5259273829e+02
   2331.0000000000   1.4679274769e+02   2.2619453137e+01   1.5269011358e+02
   2332.0000000000   1.4689031052e+02   2.2672211167e+01   1.5278614523e+02
   2333.0000000000   1.4698628093e+02   2.2723754326e+01   1.5289086362e+02
   2334.0000000000   1.4709058992e+02   2.2783976082e+01   1.5298934599e+02
   2335.0000000000   1.4719799221e+02   2.2837932283e+01   1.5308637647e+02
   2336.0000000000   1.4729835057e+02   2.2899945273e+01   1.5319201293e+02
   2337.0000000000   1.4739678218e+02   2.2964945603e+01   1.5329135004e+02
   2338.0000000000   1.4750333308e+02   2.3022699513e+01   1.5338918379e+02
   2339.0000000000   1.4760344066e+02   2.3087989236e+01   1.5348604016e+02
   2340.0000000000   1.4770186998e+02   2.3155925906e+01   1.5360123013e+02
   2341.0000000000   1.4779917285e+02   2.3216369583e+01   1.5370462729e+02
   2342.0000000000   1.4789560046e+02   2.3274618574e+01   1.5380565637e+02
   2343.0000000000   1.4799130108e+02   2.3331410003e+01   1.5390526588e+02
   2344.0000000000   1.4808637423e+02   2.3387090130e+01   1.5401338608e+02
   2345.0000000000   1.4819026742e+02   2.3441863978e+01   1.5411510030e+02
   2346.0000000000   1.4828816820e+02   2.3495868209e+01   1.5421521159e+02
   2347.0000000000   1.4838470850e+02   2.3549200860e+01   1.5431425580e+02
   2348.0000000000   1.4848035956e+02   2.3611476323e+01   1.5441247240e+02
   2349.0000000000   1.4857531962e+02   2.3667623434e+01   1.5451954175e+02
   2350.0000000000   1.4866970015e+02   2.3722358016e+01   1.5463950905e+02
   2351.0000000000   1.4876357396e+02   2.3776162012e+01   1.5474685281e+02
   2352.0000000000   1.4885699310e+02   2.3829239453e+01   1.5486094677e+02
   2353.0000000000   1.4894999717e+02   2.3881705907e+01   1.5496776132e+02
   2354.0000000000   1.4905199298e+02   2.3933637412e+01   1.5508197086e+02
   2355.0000000000   1.4914813876e+02   2.3985088742e+01   1.5519868633e+02
   2356.0000000000   1.4924304447e+02   2.4045642218e+01   1.5530778169e+02
   2357.0000000000   1.4933716434e+02   2.4100202183e+01   1.5541456967e+02
   2358.0000000000   1.4943068313e+02   2.4153465306e+01   1.5551979992e+02
   2359.0000000000   1.4952370139e+02   2.4205898248e+01   1.5562382925e+02
   2360.0000000000   1.4962565840e+02   2.4257692648e+01   1.5572687150e+02
   2361.0000000000   1.4972173132e+02   2.4308953882e+01   1.5582907073e+02
   2362.0000000000   1.4981654186e+02   2.4359749494e+01   1.5593053124e+02
   2363.0000000000   1.4991055189e+02   2.4410127111e+01   1.5603133235e+02
   2364.0000000000   1.5000395130e+02   2.4460122554e+01   1.5613153657e+02
   2365.0000000000   1.5009684420e+02   2.4519304455e+01   1.5623119455e+02
   2366.0000000000   1.5018929693e+02   2.4572566725e+01   1.5633034818e+02
   2367.0000000000   1.5028135586e+02   2.4624597772e+01   1.5642903276e+02
   2368.0000000000   1.5037305556e+02   2.4675857530e+01   1.5652727845e+02
   2369.0000000000   1.5047379841e+02   2.4726532039e+01   1.5662511132e+02
   2370.0000000000   1.5056873873e+02   2.4776721938e+01   1.5672255418e+02
   2371.0000000000   1.5066248298e+02   2.4826490710e+01   1.5681962715e+02
   2372.0000000000   1.5075548225e+02   2.4875882463e+01   1.5691634810e+02
   2373.0000000000   1.5084791849e+02   2.4924929935e+01   1.5701273303e+02
   2374.0000000000   1.5093988976e+02   2.4973658620e+01   1.5710879636e+02
   2375.0000000000   1.5103145760e+02   2.5022089093e+01   1.5721409158e+02
   2376.0000000000   1.5112266456e+02   2.5070238428e+01   1.5731350148e+02
   2377.0000000000   1.5122291747e+02   2.5127661535e+01   1.5741170614e+02
   2378.0000000000   1.5132674865e+02   2.5179241842e+01   1.5751869945e+02
   2379.0000000000   1.5142389860e+02   2.5229659481e+01   1.5761953335e+02
   2380.0000000000   1.5151940770e+02   2.5279367680e+01   1.5771897361e+02
   2381.0000000000   1.5161389421e+02   2.5338087352e+01   1.5782706442e+02
   2382.0000000000   1.5170762519e+02   2.5400325804e+01   1.5792888994e+02
   2383.0000000000   1.5181012428e+02   2.5455682624e+01   1.5802923798e+02
   2384.0000000000   1.5190661794e+02   2.5509311155e+01   1.5812862805e+02
   2385.0000000000   1.5200175941e+02   2.5561856417e+01   1.5822728509e+02
   2386.0000000000   1.5209603195e+02   2.5613601129e+01   1.5833487706e+02
   2387.0000000000   1.5218964066e+02   2.5664703936e+01   1.5843635783e+02
   2388.0000000000   1.5228270081e+02   2.5715266224e+01   1.5853645525e+02
   2389.0000000000   1.5238466258e+02   2.5765358347e+01   1.5863565674e+02
   2390.0000000000   1.5248071139e+02   2.5815032009e+01   1.5873416835e+02
   2391.0000000000   1.5257547532e+02   2.5864326848e+01   1.5883210581e+02
   2392.0000000000   1.5266942120e+02   2.5913274267e+01   1.5892954421e+02
   2393.0000000000   1.5276274287e+02   2.5961899794e+01   1.5903607726e+02
   2394.0000000000   1.5286492301e+02   2.6019765057e+01   1.5913661600e+02
   2395.0000000000   1.5296116304e+02   2.6081299322e+01   1.5923586110e+02
   2396.0000000000   1.5305609983e+02   2.6136058060e+01   1.5933428160e+02
   2397.0000000000   1.5315020547e+02   2.6198707744e+01   1.5943207051e+02
   2398.0000000000   1.5325305254e+02   2.6254746331e+01   1.5952933390e+02
   2399.0000000000   1.5334988308e+02   2.6318653714e+01   1.5962613957e+02
   2400.0000000000   1.5344535590e+02   2.6375894069e+01   1.5972253513e+02
   2401.0000000000   1.5353995640e+02   2.6440943596e+01   1.5981855615e+02
   2402.0000000000   1.5365264133e+02   2.6499270212e+01   1.5991423047e+02
   2403.0000000000   1.5375379133e+02   2.6555815071e+01   1.6001912106e+02
   2404.0000000000   1.5385265808e+02   2.6611180495e+01   1.6011811755e+02
   2405.0000000000   1.5395016611e+02   2.6665643268e+01   1.6021590499e+02
   2406.0000000000   1.5404669270e+02   2.6719366390e+01   1.6031294059e+02
   2407.0000000000   1.5414244197e+02   2.6772458478e+01   1.6040940809e+02
   2408.0000000000   1.5423754181e+02   2.6824997549e+01   1.6050540618e+02
   2409.0000000000   1.5433207992e+02   2.6886583002e+01   1.6060099664e+02
   2410.0000000000   1.5442612033e+02   2.6942132015e+01   1.6069622206e+02
   2411.0000000000   1.5451971189e+02   2.6996351093e+01   1.6079111384e+02
   2412.0000000000   1.5461289321e+02   2.7049714546e+01   1.6088569625e+02
   2413.0000000000   1.5470569561e+02   2.7102420041e+01   1.6097998876e+02
   2414.0000000000   1.5480752050e+02   2.7154577749e+01   1.6107400743e+02
   2415.0000000000   1.5490352235e+02   2.7215799499e+01   1.6116776581e+02
   2416.0000000000   1.5499830834e+02   2.7271006963e+01   1.6126127553e+02
   2417.0000000000   1.5509233060e+02   2.7324907683e+01   1.6137362760e+02
   2418.0000000000   1.5518577220e+02   2.7377975470e+01   1.6147457282e+02
   2419.0000000000   1.5527873232e+02   2.7430406816e+01   1.6157345754e+02
   2420.0000000000   1.5538064910e+02   2.7482310466e+01   1.6167117600e+02
   2421.0000000000   1.5547669870e+02   2.7533756345e+01   1.6176807830e+02
   2422.0000000000   1.5557150196e+02   2.7584793768e+01   1.6186434662e+02
   2423.0000000000   1.5566551997e+02   2.7654540607e+01   1.6196009110e+02
   2424.0000000000   1.5575894194e+02   2.7712767762e+01   1.6206492542e+02
   2425.0000000000   1.5585187135e+02   2.7768837167e+01   1.6216377257e+02
   2426.0000000000   1.5594437395e+02   2.7833195901e+01   1.6227088101e+02
   2427.0000000000   1.5603649560e+02   2.7900615558e+01   1.6238113572e+02
   2428.0000000000   1.5612827037e+02   2.7960826833e+01   1.6248427265e+02
   2429.0000000000   1.5621972475e+02   2.8019059681e+01   1.6258551227e+02
   2430.0000000000   1.5632025551e+02   2.8076008741e+01   1.6269507911e+02
   2431.0000000000   1.5641501283e+02   2.8141531645e+01   1.6280769247e+02
   2432.0000000000   1.5651797546e+02   2.8200683197e+01   1.6291306859e+02
   2433.0000000000   1.5661472458e+02   2.8258253162e+01   1.6301643434e+02
   2434.0000000000   1.5671002858e+02   2.8314770470e+01   1.6311848509e+02
   2435.0000000000   1.5681379513e+02   2.8370470714e+01   1.6321954000e+02
   2436.0000000000   1.5691138577e+02   2.8435031981e+01   1.6332932560e+02
   2437.0000000000   1.5700751688e+02   2.8493417197e+01   1.6343283560e+02
   2438.0000000000   1.5711208155e+02   2.8550362154e+01   1.6353482653e+02
   2439.0000000000   1.5721043808e+02   2.8606361227e+01   1.6363580744e+02
   2440.0000000000   1.5730730347e+02   2.8661626525e+01   1.6373600117e+02
   2441.0000000000   1.5740319733e+02   2.8716279034e+01   1.6383553678e+02
   2442.0000000000   1.5749834775e+02   2.8770398498e+01   1.6394404063e+02
   2443.0000000000   1.5759288560e+02   2.8824042273e+01   1.6404644585e+02
   2444.0000000000   1.5768689681e+02   2.8877254059e+01   1.6414746919e+02
   2445.0000000000   1.5778044258e+02   2.8930068539e+01   1.6424759193e+02
   2446.0000000000   1.5789231983e+02   2.8982514083e+01   1.6434701678e+02
   2447.0000000000   1.5799282975e+02   2.9034614435e+01   1.6444585764e+02
   2448.0000000000   1.5810055371e+02   2.9086389838e+01   1.6454418882e+02
   2449.0000000000   1.5820151998e+02   2.9137857804e+01   1.6464206336e+02
   2450.0000000000   1.5830067484e+02   2.9189033673e+01   1.6473952147e+02
   2451.0000000000   1.5839864456e+02   2.9239931016e+01   1.6483659500e+02
   2452.0000000000   1.5849571580e+02   2.9290561947e+01   1.6493330992e+02
   2453.0000000000   1.5859205524e+02   2.9350477788e+01   1.6502968798e+02
   2454.0000000000   1.5868777245e+02   2.9404559324e+01   1.6512574769e+02
   2455.0000000000   1.5878294515e+02   2.9457484720e+01   1.6523104552e+02
   2456.0000000000   1.5888700691e+02   2.9509705714e+01   1.6534000687e+02
   2457.0000000000   1.5898513549e+02   2.9561401658e+01   1.6544218428e+02
   2458.0000000000   1.5908195553e+02   2.9612667639e+01   1.6554270156e+02
   2459.0000000000   1.5918730804e+02   2.9663562464e+01   1.6564218402e+02
   2460.0000000000   1.5928651925e+02   2.9714126251e+01   1.6574090064e+02
   2461.0000000000   1.5938428530e+02   2.9764388299e+01   1.6583900012e+02
   2462.0000000000   1.5948111167e+02   2.9814371104e+01   1.6594611689e+02
   2463.0000000000   1.5958659199e+02   2.9864092611e+01   1.6605672706e+02
   2464.0000000000   1.5968598265e+02   2.9913567564e+01   1.6616041811e+02
   2465.0000000000   1.5978395283e+02   2.9962808372e+01   1.6626233897e+02
   2466.0000000000   1.5989037123e+02   3.0021366101e+01   1.6636313364e+02
   2467.0000000000   1.5999058242e+02   3.0074120949e+01   1.6646308537e+02
   2468.0000000000   1.6008929531e+02   3.0125750285e+01   1.6656235403e+02
   2469.0000000000   1.6018702464e+02   3.0176704935e+01   1.6667058294e+02
   2470.0000000000   1.6028399548e+02   3.0236703703e+01   1.6677271497e+02
   2471.0000000000   1.6038971239e+02   3.0309792451e+01   1.6688301299e+02
   2472.0000000000   1.6048939285e+02   3.0370440013e+01   1.6698683259e+02
   2473.0000000000   1.6059706144e+02   3.0438007830e+01   1.6708904754e+02
   2474.0000000000   1.6070770789e+02   3.0498453995e+01   1.6719021630e+02
   2475.0000000000   1.6081125813e+02   3.0556900951e+01   1.6729058540e+02
   2476.0000000000   1.6091285233e+02   3.0614037821e+01   1.6739029607e+02
   2477.0000000000   1.6101317091e+02   3.0670189072e+01   1.6748944072e+02
   2478.0000000000   1.6111252338e+02   3.0725546293e+01   1.6758808498e+02
   2479.0000000000   1.6121108873e+02   3.0780236310e+01   1.6768627813e+02
   2480.0000000000   1.6131835967e+02   3.0834349272e+01   1.6778405871e+02
   2481.0000000000   1.6141955192e+02   3.0887952504e+01   1.6788145779e+02
   2482.0000000000   1.6151931611e+02   3.0941098165e+01   1.6797850104e+02
   2483.0000000000   1.6161813650e+02   3.0993827835e+01   1.6807521007e+02
   2484.0000000000   1.6171622078e+02   3.1046175423e+01   1.6818114380e+02
   2485.0000000000   1.6181368748e+02   3.1098169109e+01   1.6828118917e+02
   2486.0000000000   1.6191061480e+02   3.1149832683e+01   1.6838002942e+02
   2487.0000000000   1.6200705905e+02   3.1201186501e+01   1.6847812050e+02
   2488.0000000000   1.6210306319e+02   3.1252248181e+01   1.6857564533e+02
   2489.0000000000   1.6219866135e+02   3.1303033128e+01   1.6867270197e+02
   2490.0000000000   1.6229388146e+02   3.1363095355e+01   1.6876935182e+02
   2491.0000000000   1.6238874695e+02   3.1436398716e+01   1.6886563720e+02
   2492.0000000000   1.6248327777e+02   3.1497365052e+01   1.6896158933e+02
   2493.0000000000   1.6257749122e+02   3.1555785987e+01   1.6905723235e+02
   2494.0000000000   1.6267140246e+02   3.1612729175e+01   1.6915258570e+02
   2495.0000000000   1.6276502490e+02   3.1668634347e+01   1.6925720580e+02
   2496.0000000000   1.6285837052e+02   3.1723737409e+01   1.6937505799e+02
   2497.0000000000   1.6295145011e+02   3.1778183898e+01   1.6949964580e+02
   2498.0000000000   1.6304427343e+02   3.1832071940e+01   1.6961050311e+02
   2499.0000000000   1.6313684937e+02   3.1885471925e+01   1.6971803612e+02
   2500.0000000000   1.6322918610e+02   3.1938436727e+01   1.6983311200e+02
   2501.0000000000   1.6332129109e+02   3.1991007494e+01   1.6994118105e+02
   2502.0000000000   1.6341317127e+02   3.2043217166e+01   1.7004723400e+02
   2503.0000000000   1.6350483306e+02   3.2095092726e+01   1.7015191695e+02
   2504.0000000000   1.6360565785e+02   3.2146656697e+01   1.7025554003e+02
   2505.0000000000   1.6370078378e+02   3.2197928185e+01   1.7035829132e+02
   2506.0000000000   1.6379480449e+02   3.2248923621e+01   1.7046029853e+02
   2507.0000000000   1.6389753616e+02   3.2299657296e+01   1.7057119490e+02
   2508.0000000000   1.6399428476e+02   3.2350141773e+01   1.7067592200e+02
   2509.0000000000   1.6408972964e+02   3.2409928615e+01   1.7077920461e+02
   2510.0000000000   1.6419373761e+02   3.2463898701e+01   1.7088153119e+02
   2511.0000000000   1.6429164744e+02   3.2516730170e+01   1.7098311059e+02
   2512.0000000000   1.6438816109e+02   3.2568874650e+01   1.7108406204e+02
   2513.0000000000   1.6448378629e+02   3.2620511322e+01   1.7118446434e+02
   2514.0000000000   1.6458811690e+02   3.2671735051e+01   1.7128437443e+02
   2515.0000000000   1.6468640845e+02   3.2722604390e+01   1.7138383585e+02
   2516.0000000000   1.6479270411e+02   3.2792240028e+01   1.7149242377e+02
   2517.0000000000   1.6490200331e+02   3.2859953238e+01   1.7159503758e+02
   2518.0000000000   1.6500423713e+02   3.2919975494e+01   1.7169637040e+02
   2519.0000000000   1.6510454832e+02   3.2977880641e+01   1.7179688620e+02
   2520.0000000000   1.6520361846e+02   3.3034470210e+01   1.7190631493e+02
   2521.0000000000   1.6530175731e+02   3.3099644719e+01   1.7200963117e+02
   2522.0000000000   1.6539914355e+02   3.3158478200e+01   1.7211157022e+02
   2523.0000000000   1.6549589386e+02   3.3215769336e+01   1.7221262202e+02
   2524.0000000000   1.6559209055e+02   3.3281591423e+01   1.7231299312e+02
   2525.0000000000   1.6568779488e+02   3.3341052362e+01   1.7243187976e+02
   2526.0000000000   1.6579242972e+02   3.3398959012e+01   1.7253909830e+02
   2527.0000000000   1.6589116546e+02   3.3455846167e+01   1.7264403966e+02
   2528.0000000000   1.6598862144e+02   3.3521491534e+01   1.7274763032e+02
   2529.0000000000   1.6608525927e+02   3.3590444097e+01   1.7285024472e+02
   2530.0000000000   1.6618126957e+02   3.3652335199e+01   1.7295208406e+02
   2531.0000000000   1.6627675766e+02   3.3731423928e+01   1.7306281416e+02
   2532.0000000000   1.6637179120e+02   3.3798117112e+01   1.7316739168e+02
   2533.0000000000   1.6646641798e+02   3.3871592550e+01   1.7327054830e+02
   2534.0000000000   1.6656067388e+02   3.3947320770e+01   1.7337277518e+02
   2535.0000000000   1.6666396253e+02   3.4015298178e+01   1.7347428181e+02
   2536.0000000000   1.6676143939e+02   3.4090434074e+01   1.7357518686e+02
   2537.0000000000   1.6686708739e+02   3.4158379299e+01   1.7367556807e+02
   2538.0000000000   1.6697586658e+02   3.4243258728e+01   1.7377548102e+02
   2539.0000000000   1.6707768075e+02   3.4325023547e+01   1.7387496782e+02
   2540.0000000000   1.6718702842e+02   3.4398206701e+01   1.7397406171e+02
   2541.0000000000   1.6728970905e+02   3.4468562299e+01   1.7407278978e+02
   2542.0000000000   1.6739060966e+02   3.4537013072e+01   1.7417117462e+02
   2543.0000000000   1.6749033604e+02   3.4604006593e+01   1.7426923543e+02
   2544.0000000000   1.6758916678e+02   3.4679352625e+01   1.7436698875e+02
   2545.0000000000   1.6768726519e+02   3.4748103506e+01   1.7447398951e+02
   2546.0000000000   1.6779411488e+02   3.4815059550e+01   1.7458466182e+02
   2547.0000000000   1.6789492559e+02   3.4880763785e+01   1.7469809761e+02
   2548.0000000000   1.6800371920e+02   3.4955006688e+01   1.7480429074e+02
   2549.0000000000   1.6810610937e+02   3.5022810538e+01   1.7490853495e+02
   2550.0000000000   1.6821626512e+02   3.5088949086e+01   1.7501154209e+02
   2551.0000000000   1.6831987132e+02   3.5163484277e+01   1.7513271297e+02
   2552.0000000000   1.6842176166e+02   3.5231519946e+01   1.7524197104e+02
   2553.0000000000   1.6852251337e+02   3.5307403367e+01   1.7534877135e+02
   2554.0000000000   1.6862238829e+02   3.5386082952e+01   1.7546362246e+02
   2555.0000000000   1.6872153947e+02   3.5466880049e+01   1.7557179846e+02
   2556.0000000000   1.6882006846e+02   3.5539920132e+01   1.7568773081e+02
   2557.0000000000   1.6893679903e+02   3.5629664317e+01   1.7579687473e+02
   2558.0000000000   1.6904205143e+02   3.5706628043e+01   1.7593278999e+02
   2559.0000000000   1.6916379676e+02   3.5780516187e+01   1.7605069262e+02
   2560.0000000000   1.6927320693e+02   3.5852433942e+01   1.7616486928e+02
   2561.0000000000   1.6937982549e+02   3.5932411489e+01   1.7628635674e+02
   2562.0000000000   1.6948472183e+02   3.6005601436e+01   1.7641019318e+02
   2563.0000000000   1.6958835745e+02   3.6076857741e+01   1.7652626379e+02
   2564.0000000000   1.6969099072e+02   3.6146755277e+01   1.7663989981e+02
   2565.0000000000   1.6980216249e+02   3.6215564446e+01   1.7675186751e+02
   2566.0000000000   1.6990712036e+02   3.6283450366e+01   1.7687207776e+02
   2567.0000000000   1.7001053750e+02   3.6360067772e+01   1.7698562646e+02
   2568.0000000000   1.7011291487e+02   3.6430372741e+01   1.7709733599e+02
   2569.0000000000   1.7021447292e+02   3.6499101009e+01   1.7720776175e+02
   2570.0000000000   1.7031534025e+02   3.6566749895e+01   1.7731716118e+02
   2571.0000000000   1.7041560317e+02   3.6633535794e+01   1.7742569027e+02
   2572.0000000000   1.7051532465e+02   3.6699584521e+01   1.7753345660e+02
   2573.0000000000   1.7061455320e+02   3.6764980792e+01   1.7764054013e+02
   2574.0000000000   1.7072270306e+02   3.6829786874e+01   1.7774700330e+02
   2575.0000000000   1.7082493877e+02   3.6894051212e+01   1.7785289654e+02
   2576.0000000000   1.7092587562e+02   3.6957813020e+01   1.7795826162e+02
   2577.0000000000   1.7102597244e+02   3.7021104961e+01   1.7806313384e+02
   2578.0000000000   1.7112541801e+02   3.7093495262e+01   1.7816754348e+02
   2579.0000000000   1.7122431640e+02   3.7159878907e+01   1.7827151685e+02
   2580.0000000000   1.7132273454e+02   3.7224946187e+01   1.7837507703e+02
   2581.0000000000   1.7142071979e+02   3.7289159342e+01   1.7847824451e+02
   2582.0000000000   1.7152768333e+02   3.7352706922e+01   1.7858103755e+02
   2583.0000000000   1.7162878594e+02   3.7415692146e+01   1.7869301301e+02
   2584.0000000000   1.7172863913e+02   3.7478181076e+01   1.7879905669e+02
   2585.0000000000   1.7183707351e+02   3.7540220341e+01   1.7890385126e+02
   2586.0000000000   1.7193940700e+02   3.7601845129e+01   1.7900785260e+02
   2587.0000000000   1.7204032901e+02   3.7663083286e+01   1.7911124381e+02
   2588.0000000000   1.7214033948e+02   3.7733498064e+01   1.7921412345e+02
   2589.0000000000   1.7223965201e+02   3.7797979613e+01   1.7931655349e+02
   2590.0000000000   1.7233838658e+02   3.7861213644e+01   1.7941857697e+02
   2591.0000000000   1.7243662075e+02   3.7923658131e+01   1.7952022589e+02
   2592.0000000000   1.7253440917e+02   3.7995038096e+01   1.7963106570e+02
   2593.0000000000   1.7265054360e+02   3.8060324041e+01   1.7973598758e+02
   2594.0000000000   1.7276469647e+02   3.8124247856e+01   1.7983967763e+02
   2595.0000000000   1.7287120296e+02   3.8187296606e+01   1.7994259380e+02
   2596.0000000000   1.7297554447e+02   3.8249674432e+01   1.8004492041e+02
   2597.0000000000   1.7307851245e+02   3.8311494670e+01   1.8014675662e+02
   2598.0000000000   1.7318046431e+02   3.8372830077e+01   1.8024816463e+02
   2599.0000000000   1.7328160293e+02   3.8433731751e+01   1.8034918739e+02
   2600.0000000000   1.7338205859e+02   3.8494237851e+01   1.8044985666e+02
   2601.0000000000   1.7348192186e+02   3.8554378167e+01   1.8055019706e+02
   2602.0000000000   1.7358125937e+02   3.8614176753e+01   1.8065022837e+02
   2603.0000000000   1.7368949761e+02   3.8673653547e+01   1.8074996700e+02
   2604.0000000000   1.7379180957e+02   3.8732825431e+01   1.8084942680e+02
   2605.0000000000   1.7389281655e+02   3.8801247368e+01   1.8094861974e+02
   2606.0000000000   1.7399298163e+02   3.8873343406e+01   1.8105709670e+02
   2607.0000000000   1.7409249665e+02   3.8948205302e+01   1.8115973788e+02
   2608.0000000000   1.7419146791e+02   3.9015826705e+01   1.8126122077e+02
   2609.0000000000   1.7428996391e+02   3.9081501140e+01   1.8136199637e+02
   2610.0000000000   1.7438803318e+02   3.9145940224e+01   1.8147178374e+02
   2611.0000000000   1.7448571224e+02   3.9209463687e+01   1.8157554815e+02
   2612.0000000000   1.7458302988e+02   3.9272252959e+01   1.8167801689e+02
   2613.0000000000   1.7468000953e+02   3.9334424527e+01   1.8177967292e+02
   2614.0000000000   1.7477667075e+02   3.9396059326e+01   1.8188071668e+02
   2615.0000000000   1.7487303019e+02   3.9466757231e+01   1.8198125815e+02
   2616.0000000000   1.7496910226e+02   3.9531434683e+01   1.8208136706e+02
   2617.0000000000   1.7506489960e+02   3.9594796861e+01   1.8218109169e+02
   2618.0000000000   1.7516043340e+02   3.9657316498e+01   1.8229000806e+02
   2619.0000000000   1.7526508911e+02   3.9719189603e+01   1.8240255493e+02
   2620.0000000000   1.7536400832e+02   3.9780524716e+01   1.8250829424e+02
   2621.0000000000   1.7546178766e+02   3.9841391674e+01   1.8262189700e+02
   2622.0000000000   1.7555887046e+02   3.9901839758e+01   1.8273840484e+02
   2623.0000000000   1.7566480784e+02   3.9961905968e+01   1.8284763049e+02
   2624.0000000000   1.7576482529e+02   4.0031159766e+01   1.8295483812e+02
   2625.0000000000   1.7586356854e+02   4.0094495621e+01   1.8306073911e+02
   2626.0000000000   1.7596151241e+02   4.0156602303e+01   1.8316565970e+02
   2627.0000000000   1.7605885408e+02   4.0217939951e+01   1.8326978888e+02
   2628.0000000000   1.7615570186e+02   4.0278694696e+01   1.8337325022e+02
   2629.0000000000   1.7625212444e+02   4.0338967180e+01   1.8347613089e+02
   2630.0000000000   1.7634816947e+02   4.0398820822e+01   1.8357849565e+02
   2631.0000000000   1.7646262297e+02   4.0458299614e+01   1.8368039458e+02
   2632.0000000000   1.7656577718e+02   4.0517436143e+01   1.8380094835e+02
   2633.0000000000   1.7666683059e+02   4.0576255722e+01   1.8390993132e+02
   2634.0000000000   1.7677604805e+02   4.0634778726e+01   1.8401670886e+02
   2635.0000000000   1.7687891461e+02   4.0693022018e+01   1.8412219083e+02
   2636.0000000000   1.7698957995e+02   4.0760540283e+01   1.8422674039e+02
   2637.0000000000   1.7709372630e+02   4.0822216721e+01   1.8434009111e+02
   2638.0000000000   1.7719618751e+02   4.0882731236e+01   1.8444723345e+02
   2639.0000000000   1.7729754107e+02   4.0942536825e+01   1.8455291792e+02
   2640.0000000000   1.7739804872e+02   4.1011354173e+01   1.8465764709e+02
   2641.0000000000   1.7749786297e+02   4.1083690361e+01   1.8476163774e+02
   2642.0000000000   1.7759708462e+02   4.1149144756e+01   1.8486501348e+02
   2643.0000000000   1.7769578560e+02   4.1222410910e+01   1.8496785546e+02
   2644.0000000000   1.7779402001e+02   4.1289004555e+01   1.8507022172e+02
   2645.0000000000   1.7789183009e+02   4.1353877386e+01   1.8517215616e+02
   2646.0000000000   1.7798924982e+02   4.1417631366e+01   1.8527369341e+02
   2647.0000000000   1.7808630716e+02   4.1490079906e+01   1.8537486157e+02
   2648.0000000000   1.7819240097e+02   4.1556252204e+01   1.8547568404e+02
   2649.0000000000   1.7829268378e+02   4.1620921301e+01   1.8557618062e+02
   2650.0000000000   1.7840113667e+02   4.1684604283e+01   1.8567636838e+02
   2651.0000000000   1.7851271848e+02   4.1757068289e+01   1.8578580258e+02
   2652.0000000000   1.7861733227e+02   4.1823314964e+01   1.8589890768e+02
   2653.0000000000   1.7872010064e+02   4.1897640318e+01   1.8600523542e+02
   2654.0000000000   1.7882169021e+02   4.1974961202e+01   1.8610990891e+02
   2655.0000000000   1.7893177480e+02   4.2045036468e+01   1.8621355289e+02
   2656.0000000000   1.7903565684e+02   4.2113103900e+01   1.8632597623e+02
   2657.0000000000   1.7913803448e+02   4.2179861132e+01   1.8643219808e+02
   2658.0000000000   1.7923942031e+02   4.2245627036e+01   1.8653698124e+02
   2659.0000000000   1.7934003991e+02   4.2310586751e+01   1.8665037403e+02
   2660.0000000000   1.7944939900e+02   4.2374861982e+01   1.8675746621e+02
   2661.0000000000   1.7956209180e+02   4.2438539181e+01   1.8687259141e+02
   2662.0000000000   1.7966790117e+02   4.2501683128e+01   1.8698114483e+02
   2663.0000000000   1.7977189828e+02   4.2564344297e+01   1.8708802464e+02
   2664.0000000000   1.7988410018e+02   4.2636103632e+01   1.8719380533e+02
   2665.0000000000   1.7998992478e+02   4.2701865361e+01   1.8729874453e+02
   2666.0000000000   1.8009412342e+02   4.2766326564e+01   1.8740299141e+02
   2667.0000000000   1.8019723790e+02   4.2829954504e+01   1.8750664427e+02
   2668.0000000000   1.8030888729e+02   4.2892941450e+01   1.8760977320e+02
   2669.0000000000   1.8041434665e+02   4.2955393368e+01   1.8772197136e+02
   2670.0000000000   1.8051829935e+02   4.3017378326e+01   1.8782815093e+02
   2671.0000000000   1.8062124968e+02   4.3078944396e+01   1.8793301434e+02
   2672.0000000000   1.8072341848e+02   4.3140127764e+01   1.8803703255e+02
   2673.0000000000   1.8082493343e+02   4.3200956938e+01   1.8814040040e+02
   2674.0000000000   1.8092587932e+02   4.3261455139e+01   1.8826230654e+02
   2675.0000000000   1.8102631739e+02   4.3321641774e+01   1.8837256220e+02
   2676.0000000000   1.8112629438e+02   4.3381533390e+01   1.8848055473e+02
   2677.0000000000   1.8122584739e+02   4.3441144328e+01   1.8858720802e+02
   2678.0000000000   1.8132500671e+02   4.3500487174e+01   1.8869289463e+02
   2679.0000000000   1.8142379769e+02   4.3559573101e+01   1.8879781431e+02
   2680.0000000000   1.8153161729e+02   4.3618412115e+01   1.8891163178e+02
   2681.0000000000   1.8164299213e+02   4.3686553675e+01   1.8901930283e+02
   2682.0000000000   1.8174765945e+02   4.3748876914e+01   1.8912555842e+02
   2683.0000000000   1.8185065788e+02   4.3810058516e+01   1.8923088917e+02
   2684.0000000000   1.8195260488e+02   4.3870548896e+01   1.8933550407e+02
   2685.0000000000   1.8205376731e+02   4.3949607064e+01   1.8945860226e+02
   2686.0000000000   1.8215429355e+02   4.4026609296e+01   1.8957000298e+02
   2687.0000000000   1.8226365340e+02   4.4105363132e+01   1.8967909987e+02
   2688.0000000000   1.8237642024e+02   4.4176334937e+01   1.8978682181e+02
   2689.0000000000   1.8249173863e+02   4.4245009479e+01   1.8989354542e+02
   2690.0000000000   1.8259980242e+02   4.4312200031e+01   1.8999947379e+02
   2691.0000000000   1.8270583417e+02   4.4397369279e+01   1.9010473400e+02
   2692.0000000000   1.8281054924e+02   4.4470481832e+01   1.9020941328e+02
   2693.0000000000   1.8291427458e+02   4.4541021692e+01   1.9031357541e+02
   2694.0000000000   1.8302657430e+02   4.4609978278e+01   1.9041726922e+02
   2695.0000000000   1.8313270395e+02   4.4677770925e+01   1.9053007384e+02
   2696.0000000000   1.8324671408e+02   4.4754174489e+01   1.9064643211e+02
   2697.0000000000   1.8336361298e+02   4.4833751097e+01   1.9076545077e+02
   2698.0000000000   1.8348271576e+02   4.4906146442e+01   1.9087713564e+02
   2699.0000000000   1.8359430565e+02   4.4976551519e+01   1.9098679030e+02
   2700.0000000000   1.8370365974e+02   4.5045642132e+01   1.9110467518e+02
   2701.0000000000   1.8381152992e+02   4.5113726389e+01   1.9121598804e+02
   2702.0000000000   1.8391826935e+02   4.5190524525e+01   1.9132558556e+02
   2703.0000000000   1.8402408629e+02   4.5261026681e+01   1.9143403298e+02
   2704.0000000000   1.8412911898e+02   4.5329987558e+01   1.9154158757e+02
   2705.0000000000   1.8424284169e+02   4.5397915396e+01   1.9164840085e+02
   2706.0000000000   1.8435046132e+02   4.5465032889e+01   1.9175457417e+02
   2707.0000000000   1.8446599983e+02   4.5531469364e+01   1.9186018070e+02
   2708.0000000000   1.8457507235e+02   4.5597311302e+01   1.9196527609e+02
   2709.0000000000   1.8468247460e+02   4.5672162035e+01   1.9207944466e+02
   2710.0000000000   1.8479813667e+02   4.5740940837e+01   1.9218759297e+02
   2711.0000000000   1.8490743881e+02   4.5817895949e+01   1.9229441978e+02
   2712.0000000000   1.8502448868e+02   4.5888373574e+01   1.9240993403e+02
   2713.0000000000   1.8514432547e+02   4.5957241376e+01   1.9251919985e+02
   2714.0000000000   1.8525690764e+02   4.6034594224e+01   1.9262699315e+02
   2715.0000000000   1.8536739826e+02   4.6105546958e+01   1.9273382612e+02
   2716.0000000000   1.8548587022e+02   4.6174908322e+01   1.9283991912e+02
   2717.0000000000   1.8559777868e+02   4.6243213234e+01   1.9295493730e+02
   2718.0000000000   1.8572665237e+02   4.6310698564e+01   1.9306383277e+02
   2719.0000000000   1.8584331806e+02   4.6387041905e+01   1.9318087277e+02
   2720.0000000000   1.8595721165e+02   4.6457205063e+01   1.9329141512e+02
   2721.0000000000   1.8606935960e+02   4.6535462991e+01   1.9340987525e+02
   2722.0000000000   1.8618020456e+02   4.6607179773e+01   1.9352168328e+02
   2723.0000000000   1.8629937194e+02   4.6677235608e+01   1.9363175544e+02
   2724.0000000000   1.8641215632e+02   4.6746194056e+01   1.9374067683e+02
   2725.0000000000   1.8652326031e+02   4.6814305854e+01   1.9384871198e+02
   2726.0000000000   1.8663320500e+02   4.6881715795e+01   1.9395601490e+02
   2727.0000000000   1.8675160093e+02   4.6948519364e+01   1.9407222791e+02
   2728.0000000000   1.8686372041e+02   4.7014784895e+01   1.9418229484e+02
   2729.0000000000   1.8697424701e+02   4.7080564077e+01   1.9429093988e+02
   2730.0000000000   1.8708368671e+02   4.7145897607e+01   1.9439864973e+02
   2731.0000000000   1.8719226281e+02   4.7210818515e+01   1.9450563108e+02
   2732.0000000000   1.8730010576e+02   4.7275354250e+01   1.9462154131e+02
   2733.0000000000   1.8740730327e+02   4.7339528057e+01   1.9473132802e+02
   2734.0000000000   1.8752329496e+02   4.7403359931e+01   1.9483971532e+02
   2735.0000000000   1.8764263840e+02   4.7466867293e+01   1.9495672891e+02
   2736.0000000000   1.8776446987e+02   4.7530065489e+01   1.9506744460e+02
   2737.0000000000   1.8787897913e+02   4.7592968164e+01   1.9518618714e+02
   2738.0000000000   1.8799138712e+02   4.7655587544e+01   1.9529834595e+02
   2739.0000000000   1.8810240899e+02   4.7717934670e+01   1.9540881543e+02
   2740.0000000000   1.8822174785e+02   4.7780019565e+01   1.9551816759e+02
   2741.0000000000   1.8833472615e+02   4.7851391809e+01   1.9564573932e+02
   2742.0000000000   1.8844605688e+02   4.7916930726e+01   1.9577096110e+02
   2743.0000000000   1.8857501517e+02   4.7990853666e+01   1.9589768038e+02
   2744.0000000000   1.8869210121e+02   4.8058482234e+01   1.9602593456e+02
   2745.0000000000   1.8881600562e+02   4.8124664060e+01   1.9614610356e+02
   2746.0000000000   1.8893282572e+02   4.8189936966e+01   1.9627322988e+02
   2747.0000000000   1.8904755546e+02   4.8254530879e+01   1.9639302601e+02
   2748.0000000000   1.8916085604e+02   4.8318573438e+01   1.9652010973e+02
   2749.0000000000   1.8927304084e+02   4.8382145769e+01   1.9664004081e+02
   2750.0000000000   1.8939367312e+02   4.8445304024e+01   1.9676736536e+02
   2751.0000000000   1.8950801219e+02   4.8508089445e+01   1.9688760443e+02
   2752.0000000000   1.8962073844e+02   4.8570533680e+01   1.9701528127e+02
   2753.0000000000   1.8973235790e+02   4.8632661855e+01   1.9713590260e+02
   2754.0000000000   1.8984309487e+02   4.8694494462e+01   1.9725444179e+02
   2755.0000000000   1.8995308109e+02   4.8756048584e+01   1.9737152819e+02
   2756.0000000000   1.9006240554e+02   4.8817338725e+01   1.9748746148e+02
   2757.0000000000   1.9017113351e+02   4.8887917813e+01   1.9761196470e+02
   2758.0000000000   1.9027931559e+02   4.8971748538e+01   1.9773003432e+02
   2759.0000000000   1.9038699247e+02   4.9043251567e+01   1.9784643226e+02
   2760.0000000000   1.9049419781e+02   4.9112217371e+01   1.9796167395e+02
   2761.0000000000   1.9060096009e+02   4.9179712506e+01   1.9807598887e+02
   2762.0000000000   1.9070730375e+02   4.9246175659e+01   1.9818951258e+02
   2763.0000000000   1.9082262555e+02   4.9311841757e+01   1.9832141814e+02
   2764.0000000000   1.9094145225e+02   4.9376855426e+01   1.9844151552e+02
   2765.0000000000   1.9105352158e+02   4.9441313943e+01   1.9856873662e+02
   2766.0000000000   1.9117324823e+02   4.9505286914e+01   1.9868888238e+02
   2767.0000000000   1.9128638298e+02   4.9568826488e+01   1.9880700129e+02
   2768.0000000000   1.9139778196e+02   4.9631973142e+01   1.9892374342e+02
   2769.0000000000   1.9150803029e+02   4.9694759199e+01   1.9903941140e+02
   2770.0000000000   1.9161739205e+02   4.9757211068e+01   1.9915418443e+02
   2771.0000000000   1.9172602014e+02   4.9819350748e+01   1.9926818243e+02
   2772.0000000000   1.9183401503e+02   4.9881196860e+01   1.9938149200e+02
   2773.0000000000   1.9195082360e+02   4.9942765385e+01   1.9950371948e+02
   2774.0000000000   1.9206163204e+02   5.0013610629e+01   1.9961978792e+02
   2775.0000000000   1.9217107073e+02   5.0078615696e+01   1.9974394933e+02
   2776.0000000000   1.9228898473e+02   5.0142460551e+01   1.9986155350e+02
   2777.0000000000   1.9240070334e+02   5.0205598344e+01   1.9997747137e+02
   2778.0000000000   1.9251092509e+02   5.0268209524e+01   2.0009226039e+02
   2779.0000000000   1.9262953284e+02   5.0330390032e+01   2.0020616722e+02
   2780.0000000000   1.9274187895e+02   5.0401739762e+01   2.0032887433e+02
   2781.0000000000   1.9285267709e+02   5.0467170260e+01   2.0044534634e+02
   2782.0000000000   1.9296244512e+02   5.0540920815e+01   2.0056031963e+02
   2783.0000000000   1.9307141035e+02   5.0608328647e+01   2.0067428872e+02
   2784.0000000000   1.9317970358e+02   5.0683793302e+01   2.0078746577e+02
   2785.0000000000   1.9328741109e+02   5.0762272634e+01   2.0089997180e+02
   2786.0000000000   1.9340397013e+02   5.0833543371e+01   2.0102142712e+02
   2787.0000000000   1.9351456015e+02   5.0912391529e+01   2.0113676021e+02
   2788.0000000000   1.9362380654e+02   5.0984388650e+01   2.0125068423e+02
   2789.0000000000   1.9374155069e+02   5.1054523327e+01   2.0136367776e+02
   2790.0000000000   1.9385311903e+02   5.1123423497e+01   2.0148548180e+02
   2791.0000000000   1.9396320784e+02   5.1191381278e+01   2.0161062004e+02
   2792.0000000000   1.9407232275e+02   5.1268109959e+01   2.0172870567e+02
   2793.0000000000   1.9419005754e+02   5.1338595754e+01   2.0184490357e+02
   2794.0000000000   1.9430166876e+02   5.1407590567e+01   2.0195986864e+02
   2795.0000000000   1.9441182584e+02   5.1485140728e+01   2.0207389219e+02
   2796.0000000000   1.9452102225e+02   5.1556337747e+01   2.0218714040e+02
   2797.0000000000   1.9462947028e+02   5.1625978160e+01   2.0230926177e+02
   2798.0000000000   1.9474666613e+02   5.1694590098e+01   2.0242520352e+02
   2799.0000000000   1.9485782154e+02   5.1762406485e+01   2.0253969189e+02
   2800.0000000000   1.9496758152e+02   5.1829562093e+01   2.0265321487e+02
   2801.0000000000   1.9507642479e+02   5.1896146292e+01   2.0276598005e+02
   2802.0000000000   1.9519392942e+02   5.1962223430e+01   2.0289718591e+02
   2803.0000000000   1.9530534211e+02   5.2027842449e+01   2.0301665151e+02
   2804.0000000000   1.9541532568e+02   5.2093042058e+01   2.0313377063e+02
   2805.0000000000   1.9552436902e+02   5.2157853779e+01   2.0324947246e+02
   2806.0000000000   1.9564205651e+02   5.2231844295e+01   2.0336413408e+02
   2807.0000000000   1.9575363900e+02   5.2299906802e+01   2.0347795914e+02
   2808.0000000000   1.9586378219e+02   5.2366729651e+01   2.0360061575e+02
   2809.0000000000   1.9598235244e+02   5.2432773064e+01   2.0372660312e+02
   2810.0000000000   1.9610406823e+02   5.2498223544e+01   2.0384552582e+02
   2811.0000000000   1.9621876998e+02   5.2563182262e+01   2.0397208646e+02
   2812.0000000000   1.9633156014e+02   5.2627713255e+01   2.0409181065e+02
   2813.0000000000   1.9645247459e+02   5.2691861167e+01   2.0421920008e+02
   2814.0000000000   1.9657631897e+02   5.2755659247e+01   2.0433973652e+02
   2815.0000000000   1.9669298559e+02   5.2819133453e+01   2.0446791066e+02
   2816.0000000000   1.9680761078e+02   5.2882304787e+01   2.0459874300e+02
   2817.0000000000   1.9692087860e+02   5.2945190707e+01   2.0472205593e+02
   2818.0000000000   1.9703310388e+02   5.3007806037e+01   2.0484312986e+02
   2819.0000000000   1.9715384640e+02   5.3070163582e+01   2.0497223325e+02
   2820.0000000000   1.9726836091e+02   5.3132274561e+01   2.0510411904e+02
   2821.0000000000   1.9738132328e+02   5.3194148916e+01   2.0523807049e+02
   2822.0000000000   1.9749323536e+02   5.3255795542e+01   2.0536420697e+02
   2823.0000000000   1.9760431770e+02   5.3317222466e+01   2.0549745128e+02
   2824.0000000000   1.9772407407e+02   5.3378436982e+01   2.0562345207e+02
   2825.0000000000   1.9783772296e+02   5.3439445757e+01   2.0574724928e+02
   2826.0000000000   1.9794991536e+02   5.3519335773e+01   2.0586950842e+02
   2827.0000000000   1.9806113519e+02   5.3587854536e+01   2.0599055069e+02
   2828.0000000000   1.9818096516e+02   5.3654345658e+01   2.0611057241e+02
   2829.0000000000   1.9829465601e+02   5.3729241489e+01   2.0622970827e+02
   2830.0000000000   1.9841624960e+02   5.3807301529e+01   2.0634805737e+02
   2831.0000000000   1.9853137058e+02   5.3878246373e+01   2.0647523661e+02
   2832.0000000000   1.9864481919e+02   5.3947297418e+01   2.0659617795e+02
   2833.0000000000   1.9875715209e+02   5.4024682391e+01   2.0671560056e+02
   2834.0000000000   1.9886861768e+02   5.4095583064e+01   2.0683398978e+02
   2835.0000000000   1.9898873512e+02   5.4174387365e+01   2.0695155295e+02
   2836.0000000000   1.9910273193e+02   5.4246525426e+01   2.0706840882e+02
   2837.0000000000   1.9922464005e+02   5.4316919285e+01   2.0718463644e+02
   2838.0000000000   1.9934007942e+02   5.4386160490e+01   2.0730029345e+02
   2839.0000000000   1.9946322337e+02   5.4454519248e+01   2.0741542444e+02
   2840.0000000000   1.9957975994e+02   5.4522154288e+01   2.0753006534e+02
   2841.0000000000   1.9969452528e+02   5.4589171305e+01   2.0764424603e+02
   2842.0000000000   1.9980809865e+02   5.4655646224e+01   2.0775799188e+02
   2843.0000000000   1.9992074365e+02   5.4721636461e+01   2.0788086527e+02
   2844.0000000000   2.0003261484e+02   5.4787187068e+01   2.0799775635e+02
   2845.0000000000   2.0014381517e+02   5.4861874837e+01   2.0811335138e+02
   2846.0000000000   2.0025441880e+02   5.4930600697e+01   2.0822810915e+02
   2847.0000000000   2.0037385747e+02   5.4998059044e+01   2.0834221523e+02
   2848.0000000000   2.0048730820e+02   5.5064714897e+01   2.0845577026e+02
   2849.0000000000   2.0059939556e+02   5.5130758618e+01   2.0858791886e+02
   2850.0000000000   2.0071058542e+02   5.5196294523e+01   2.0870844751e+02
   2851.0000000000   2.0082107206e+02   5.5261389232e+01   2.0885534921e+02
   2852.0000000000   2.0094033938e+02   5.5326089534e+01   2.0899369043e+02
   2853.0000000000   2.0105359042e+02   5.5390430469e+01   2.0912271459e+02
   2854.0000000000   2.0118421478e+02   5.5454439503e+01   2.0924861555e+02
   2855.0000000000   2.0130295162e+02   5.5518138916e+01   2.0937247220e+02
   2856.0000000000   2.0141917693e+02   5.5581547251e+01   2.0949480223e+02
   2857.0000000000   2.0153387383e+02   5.5644680262e+01   2.0961590993e+02
   2858.0000000000   2.0164745228e+02   5.5707551553e+01   2.0973599499e+02
   2859.0000000000   2.0176951227e+02   5.5770173030e+01   2.0985519813e+02
   2860.0000000000   2.0188532808e+02   5.5832555231e+01   2.0997362368e+02
   2861.0000000000   2.0199958582e+02   5.5894707569e+01   2.1009135197e+02
   2862.0000000000   2.0211279290e+02   5.5956638519e+01   2.1021798714e+02
   2863.0000000000   2.0222517297e+02   5.6018355770e+01   2.1033845190e+02
   2864.0000000000   2.0233685603e+02   5.6079866331e+01   2.1045745832e+02
   2865.0000000000   2.0244792887e+02   5.6160257486e+01   2.1058502647e+02
   2866.0000000000   2.0257720527e+02   5.6238817430e+01   2.1070622995e+02
   2867.0000000000   2.0270437393e+02   5.6319301356e+01   2.1082585272e+02
   2868.0000000000   2.0282378261e+02   5.6392141498e+01   2.1095395438e+02
   2869.0000000000   2.0294092282e+02   5.6462798885e+01   2.1107563230e+02
   2870.0000000000   2.0305659434e+02   5.6532069479e+01   2.1119568574e+02
   2871.0000000000   2.0317116158e+02   5.6609862441e+01   2.1131464414e+02
   2872.0000000000   2.0329420881e+02   5.6681261257e+01   2.1143274116e+02
   2873.0000000000   2.0341100404e+02   5.6751072606e+01   2.1155011207e+02
   2874.0000000000   2.0352623079e+02   5.6819835769e+01   2.1166684665e+02
   2875.0000000000   2.0364039549e+02   5.6897333233e+01   2.1178300970e+02
   2876.0000000000   2.0375372156e+02   5.6968577644e+01   2.1190819104e+02
   2877.0000000000   2.0387571462e+02   5.7047873139e+01   2.1202730083e+02
   2878.0000000000   2.0399159436e+02   5.7120602285e+01   2.1214504034e+02
   2879.0000000000   2.0410601255e+02   5.7191657749e+01   2.1226187996e+02
   2880.0000000000   2.0421945367e+02   5.7280692699e+01   2.1238755482e+02
   2881.0000000000   2.0433212533e+02   5.7357706055e+01   2.1250704379e+02
   2882.0000000000   2.0444414598e+02   5.7432185634e+01   2.1263462622e+02
   2883.0000000000   2.0456496921e+02   5.7514657871e+01   2.1275566607e+02
   2884.0000000000   2.0467978395e+02   5.7590408230e+01   2.1287504178e+02
   2885.0000000000   2.0480259712e+02   5.7664335769e+01   2.1299331465e+02
   2886.0000000000   2.0491901144e+02   5.7737030876e+01   2.1311073309e+02
   2887.0000000000   2.0503381233e+02   5.7808767694e+01   2.1325606098e+02
   2888.0000000000   2.0514754590e+02   5.7879709979e+01   2.1338400459e+02
   2889.0000000000   2.0526982812e+02   5.7949968408e+01   2.1350863802e+02
   2890.0000000000   2.0539530468e+02   5.8029163960e+01   2.1363134197e+02
   2891.0000000000   2.0551378680e+02   5.8111769597e+01   2.1375267112e+02
   2892.0000000000   2.0563036297e+02   5.8187374267e+01   2.1388246205e+02
   2893.0000000000   2.0574568629e+02   5.8270670869e+01   2.1400576911e+02
   2894.0000000000   2.0586005020e+02   5.8356719155e+01   2.1412738610e+02
   2895.0000000000   2.0597362354e+02   5.8444887554e+01   2.1424784680e+02
   2896.0000000000   2.0609589231e+02   5.8544405021e+01   2.1436739147e+02
   2897.0000000000   2.0622144300e+02   5.8630405212e+01   2.1448616202e+02
   2898.0000000000   2.0634005551e+02   5.8722546440e+01   2.1460425422e+02
   2899.0000000000   2.0645680015e+02   5.8806956052e+01   2.1472173810e+02
   2900.0000000000   2.0658169416e+02   5.8898406519e+01   2.1483866754e+02
   2901.0000000000   2.0670015614e+02   5.8982534749e+01   2.1495508559e+02
   2902.0000000000   2.0681693837e+02   5.9064391325e+01   2.1507102759e+02
   2903.0000000000   2.0693258373e+02   5.9144655255e+01   2.1518652321e+02
   2904.0000000000   2.0704733701e+02   5.9223660058e+01   2.1530159776e+02
   2905.0000000000   2.0716134182e+02   5.9301612400e+01   2.1541627314e+02
   2906.0000000000   2.0727469425e+02   5.9378655533e+01   2.1553056854e+02
   2907.0000000000   2.0738746387e+02   5.9454895611e+01   2.1565404135e+02
   2908.0000000000   2.0749970377e+02   5.9530414899e+01   2.1577157764e+02
   2909.0000000000   2.0761145609e+02   5.9614819674e+01   2.1588786018e+02
   2910.0000000000   2.0772275520e+02   5.9693034883e+01   2.1600334482e+02
   2911.0000000000   2.0783362981e+02   5.9769774901e+01   2.1611821455e+02
   2912.0000000000   2.0795347975e+02   5.9845521650e+01   2.1623256772e+02
   2913.0000000000   2.0806745863e+02   5.9930020420e+01   2.1635600652e+02
   2914.0000000000   2.0818954870e+02   6.0008259033e+01   2.1647344468e+02
   2915.0000000000   2.0830533458e+02   6.0084984322e+01   2.1658958310e+02
   2916.0000000000   2.0841958798e+02   6.0160696338e+01   2.1670489005e+02
   2917.0000000000   2.0854221973e+02   6.0235610591e+01   2.1681955731e+02
   2918.0000000000   2.0865859437e+02   6.0309850429e+01   2.1693368966e+02
   2919.0000000000   2.0877343107e+02   6.0383497475e+01   2.1704735358e+02
   2920.0000000000   2.0888725013e+02   6.0466151145e+01   2.1717013590e+02
   2921.0000000000   2.0900965521e+02   6.0542727574e+01   2.1728694203e+02
   2922.0000000000   2.0913528522e+02   6.0617932068e+01   2.1741200843e+02
   2923.0000000000   2.0925394710e+02   6.0692237906e+01   2.1754021166e+02
   2924.0000000000   2.0937072645e+02   6.0765841983e+01   2.1766128156e+02
   2925.0000000000   2.0948627419e+02   6.0838853970e+01   2.1778997458e+02
   2926.0000000000   2.0960088204e+02   6.0911345005e+01   2.1791184241e+02
   2927.0000000000   2.0971471744e+02   6.0983365780e+01   2.1803185970e+02
   2928.0000000000   2.0982788975e+02   6.1054954770e+01   2.1816018469e+02
   2929.0000000000   2.0994047641e+02   6.1126142513e+01   2.1828197285e+02
   2930.0000000000   2.1005253541e+02   6.1196954065e+01   2.1840206049e+02
   2931.0000000000   2.1016411194e+02   6.1267410506e+01   2.1852100194e+02
   2932.0000000000   2.1027524237e+02   6.1337529925e+01   2.1863904824e+02
   2933.0000000000   2.1038595665e+02   6.1416868515e+01   2.1875634711e+02
   2934.0000000000   2.1049627998e+02   6.1490311123e+01   2.1887299747e+02
   2935.0000000000   2.1060623386e+02   6.1562539352e+01   2.1898907088e+02
   2936.0000000000   2.1071583693e+02   6.1634007906e+01   2.1910462188e+02
   2937.0000000000   2.1082510550e+02   6.1704898722e+01   2.1921969358e+02
   2938.0000000000   2.1093405401e+02   6.1775309171e+01   2.1933432105e+02
   2939.0000000000   2.1105207077e+02   6.1845300095e+01   2.1944853341e+02
   2940.0000000000   2.1117367536e+02   6.1914913443e+01   2.1956235534e+02
   2941.0000000000   2.1128859925e+02   6.1984180174e+01   2.1967580801e+02
   2942.0000000000   2.1140187627e+02   6.2053124299e+01   2.1979845024e+02
   2943.0000000000   2.1151411981e+02   6.2121765152e+01   2.1991516913e+02
   2944.0000000000   2.1163496873e+02   6.2190118760e+01   2.2003064821e+02
   2945.0000000000   2.1174970103e+02   6.2258198719e+01   2.2014534380e+02
   2946.0000000000   2.1186299696e+02   6.2326016777e+01   2.2025943923e+02
   2947.0000000000   2.1197535554e+02   6.2403123667e+01   2.2037303305e+02
   2948.0000000000   2.1209636723e+02   6.2483939892e+01   2.2048618712e+02
   2949.0000000000   2.1221128649e+02   6.2558013775e+01   2.2060848466e+02
   2950.0000000000   2.1233415659e+02   6.2630465456e+01   2.2073436872e+02
   2951.0000000000   2.1245060225e+02   6.2701917038e+01   2.2085340405e+02
   2952.0000000000   2.1256542294e+02   6.2772634655e+01   2.2097072320e+02
   2953.0000000000   2.1268854958e+02   6.2842764511e+01   2.2108695797e+02
   2954.0000000000   2.1280536162e+02   6.2912398393e+01   2.2122146311e+02
   2955.0000000000   2.1292058965e+02   6.2981599070e+01   2.2134413299e+02
   2956.0000000000   2.1303476280e+02   6.3050412137e+01   2.2146440299e+02
   2957.0000000000   2.1314811628e+02   6.3128412661e+01   2.2158322734e+02
   2958.0000000000   2.1326078659e+02   6.3200498821e+01   2.2170099899e+02
   2959.0000000000   2.1337286421e+02   6.3271361846e+01   2.2181793204e+02
   2960.0000000000   2.1349378959e+02   6.3360544353e+01   2.2193416122e+02
   2961.0000000000   2.1360874459e+02   6.3437975372e+01   2.2204977927e+02
   2962.0000000000   2.1372235649e+02   6.3513094558e+01   2.2216485400e+02
   2963.0000000000   2.1383509269e+02   6.3586852741e+01   2.2228897764e+02
   2964.0000000000   2.1394714819e+02   6.3659637675e+01   2.2241660250e+02
   2965.0000000000   2.1405863173e+02   6.3741198618e+01   2.2254684236e+02
   2966.0000000000   2.1416961377e+02   6.3816536418e+01   2.2266970841e+02
   2967.0000000000   2.1428014437e+02   6.3899949124e+01   2.2279050837e+02
   2968.0000000000   2.1439963680e+02   6.3976815226e+01   2.2291950602e+02
   2969.0000000000   2.1451325347e+02   6.4052024231e+01   2.2305144219e+02
   2970.0000000000   2.1462560718e+02   6.4126145835e+01   2.2318558710e+02
   2971.0000000000   2.1473715410e+02   6.4199434866e+01   2.2331204788e+02
   2972.0000000000   2.1484808040e+02   6.4281579255e+01   2.2344573643e+02
   2973.0000000000   2.1495848769e+02   6.4357547194e+01   2.2357229177e+02
   2974.0000000000   2.1507781600e+02   6.4432077317e+01   2.2369674541e+02
   2975.0000000000   2.1519124307e+02   6.4505665490e+01   2.2381975541e+02
   2976.0000000000   2.1530339105e+02   6.4588064951e+01   2.2394163645e+02
   2977.0000000000   2.1541472216e+02   6.4673808268e+01   2.2406257902e+02
   2978.0000000000   2.1552542657e+02   6.4752515240e+01   2.2418271265e+02
   2979.0000000000   2.1563560860e+02   6.4829355696e+01   2.2430213181e+02
   2980.0000000000   2.1574533476e+02   6.4904988320e+01   2.2442090880e+02
   2981.0000000000   2.1585465159e+02   6.4989247730e+01   2.2454864130e+02
   2982.0000000000   2.1597296920e+02   6.5067173241e+01   2.2467024684e+02
   2983.0000000000   2.1608544721e+02   6.5143543785e+01   2.2479043328e+02
   2984.0000000000   2.1619669590e+02   6.5218880471e+01   2.2491921727e+02
   2985.0000000000   2.1630716921e+02   6.5302953532e+01   2.2504166954e+02
   2986.0000000000   2.1642642674e+02   6.5390307605e+01   2.2516257169e+02
   2987.0000000000   2.1653970082e+02   6.5470571428e+01   2.2528244088e+02
   2988.0000000000   2.1665164284e+02   6.5548921681e+01   2.2540150183e+02
   2989.0000000000   2.1677210779e+02   6.5645103296e+01   2.2552942355e+02
   2990.0000000000   2.1688642940e+02   6.5738697089e+01   2.2566070203e+02
   2991.0000000000   2.1699930783e+02   6.5824084311e+01   2.2578493808e+02
   2992.0000000000   2.1712062601e+02   6.5906933920e+01   2.2590729055e+02
   2993.0000000000   2.1724511097e+02   6.5988113146e+01   2.2602841129e+02
   2994.0000000000   2.1736260769e+02   6.6068030180e+01   2.2615813049e+02
   2995.0000000000   2.1747822098e+02   6.6146924875e+01   2.2628148450e+02
   2996.0000000000   2.1759261241e+02   6.6224955720e+01   2.2640325022e+02
   2997.0000000000   2.1771545538e+02   6.6302235526e+01   2.2652394743e+02
   2998.0000000000   2.1783205368e+02   6.6378848853e+01   2.2664380502e+02
   2999.0000000000   2.1794710741e+02   6.6454861545e+01   2.2676295569e+02
   3000.0000000000   2.1806113124e+02   6.6530326399e+01   2.2688148775e+02
   3001.0000000000   2.1818372819e+02   6.6605286744e+01   2.2700900542e+02
   3002.0000000000   2.1830953846e+02   6.6679778821e+01   2.2713042838e+02
   3003.0000000000   2.1842837094e+02   6.6753833417e+01   2.2725046452e+02
   3004.0000000000   2.1854531333e+02   6.6827477034e+01   2.2736958900e+02
   3005.0000000000   2.1866101858e+02   6.6910273171e+01   2.2748800014e+02
   3006.0000000000   2.1877578028e+02   6.6987113031e+01   2.2760580861e+02
   3007.0000000000   2.1889914296e+02   6.7062683778e+01   2.2772308628e+02
   3008.0000000000   2.1901635001e+02   6.7137444987e+01   2.2783988434e+02
   3009.0000000000   2.1913206858e+02   6.7211582892e+01   2.2795624163e+02
   3010.0000000000   2.1925616905e+02   6.7294739082e+01   2.2809126973e+02
   3011.0000000000   2.1937399897e+02   6.7371848694e+01   2.2821473567e+02
   3012.0000000000   2.1949027055e+02   6.7447625854e+01   2.2833599891e+02
   3013.0000000000   2.1960550175e+02   6.7532088147e+01   2.2845596457e+02
   3014.0000000000   2.1972929613e+02   6.7610304702e+01   2.2857499193e+02
   3015.0000000000   2.1984691817e+02   6.7687054300e+01   2.2869327102e+02
   3016.0000000000   2.1996304375e+02   6.7772391199e+01   2.2881091882e+02
   3017.0000000000   2.2008754718e+02   6.7851407575e+01   2.2892801457e+02
   3018.0000000000   2.2020577781e+02   6.7938438172e+01   2.2904461563e+02
   3019.0000000000   2.2032244866e+02   6.8018878775e+01   2.2917030601e+02
   3020.0000000000   2.2043807805e+02   6.8097627958e+01   2.2928999100e+02
   3021.0000000000   2.2055289419e+02   6.8184800997e+01   2.2941790812e+02
   3022.0000000000   2.2067640440e+02   6.8265526785e+01   2.2953939497e+02
   3023.0000000000   2.2079382863e+02   6.8354164480e+01   2.2966885258e+02
   3024.0000000000   2.2091919366e+02   6.8445667632e+01   2.2979170039e+02
   3025.0000000000   2.2104749122e+02   6.8539359062e+01   2.2992238685e+02
   3026.0000000000   2.2116864903e+02   6.8625363659e+01   2.3004636159e+02
   3027.0000000000   2.2129718432e+02   6.8718600374e+01   2.3016855317e+02
   3028.0000000000   2.2141891159e+02   6.8814251766e+01   2.3029909535e+02
   3029.0000000000   2.2154810558e+02   6.8911762165e+01   2.3042312927e+02
   3030.0000000000   2.2167051494e+02   6.9001330486e+01   2.3056456308e+02
   3031.0000000000   2.2180976625e+02   6.9088384500e+01   2.3069368703e+02
   3032.0000000000   2.2194610673e+02   6.9173730241e+01   2.3082008646e+02
   3033.0000000000   2.2207412927e+02   6.9257757275e+01   2.3094479328e+02
   3034.0000000000   2.2219946344e+02   6.9340700633e+01   2.3107778838e+02
   3035.0000000000   2.2233237262e+02   6.9422719131e+01   2.3120418897e+02
   3036.0000000000   2.2246779001e+02   6.9503927899e+01   2.3133836278e+02
   3037.0000000000   2.2259568969e+02   6.9584414523e+01   2.3146573474e+02
   3038.0000000000   2.2272126478e+02   6.9664248034e+01   2.3159122765e+02
   3039.0000000000   2.2284524110e+02   6.9753024757e+01   2.3172497673e+02
   3040.0000000000   2.2297734082e+02   6.9835661867e+01   2.3186166783e+02
   3041.0000000000   2.2310290602e+02   6.9916867487e+01   2.3199100441e+02
   3042.0000000000   2.2322666760e+02   7.0006658826e+01   2.3211820949e+02
   3043.0000000000   2.2334916560e+02   7.0128269070e+01   2.3224397881e+02
   3044.0000000000   2.2347064879e+02   7.0225964341e+01   2.3236863397e+02
   3045.0000000000   2.2360064276e+02   7.0318939390e+01   2.3250190493e+02
   3046.0000000000   2.2372438342e+02   7.0409193895e+01   2.3262878922e+02
   3047.0000000000   2.2385591144e+02   7.0497544465e+01   2.3275404737e+02
   3048.0000000000   2.2399023064e+02   7.0584429004e+01   2.3287819234e+02
   3049.0000000000   2.2411727934e+02   7.0670118389e+01   2.3300145080e+02
   3050.0000000000   2.2424220867e+02   7.0764336362e+01   2.3312395547e+02
   3051.0000000000   2.2436570880e+02   7.0861626301e+01   2.3324579575e+02
   3052.0000000000   2.2448809793e+02   7.0951627849e+01   2.3336703714e+02
   3053.0000000000   2.2460956288e+02   7.1039531425e+01   2.3348773030e+02
   3054.0000000000   2.2473022800e+02   7.1126014728e+01   2.3360791593e+02
   3055.0000000000   2.2485018282e+02   7.1220929293e+01   2.3373716810e+02
   3056.0000000000   2.2496949537e+02   7.1309329315e+01   2.3386038614e+02
   3057.0000000000   2.2509759481e+02   7.1405547206e+01   2.3399180405e+02
   3058.0000000000   2.2521965744e+02   7.1494986488e+01   2.3411675751e+02
   3059.0000000000   2.2534030812e+02   7.1582556299e+01   2.3424010621e+02
   3060.0000000000   2.2546001361e+02   7.1668842457e+01   2.3437193883e+02
   3061.0000000000   2.2557896935e+02   7.1773194286e+01   2.3449736532e+02
   3062.0000000000   2.2569728515e+02   7.1865512936e+01   2.3462119053e+02
   3063.0000000000   2.2581503292e+02   7.1964784809e+01   2.3474394623e+02
   3064.0000000000   2.2593226439e+02   7.2056846504e+01   2.3486586672e+02
   3065.0000000000   2.2604901919e+02   7.2146771357e+01   2.3499662748e+02
   3066.0000000000   2.2616532901e+02   7.2235227539e+01   2.3512118856e+02
   3067.0000000000   2.2628122006e+02   7.2322531364e+01   2.3525382348e+02
   3068.0000000000   2.2640608995e+02   7.2408872637e+01   2.3537989510e+02
   3069.0000000000   2.2652509039e+02   7.2494379725e+01   2.3550428261e+02
   3070.0000000000   2.2665220199e+02   7.2579146082e+01   2.3563708915e+02
   3071.0000000000   2.2677300804e+02   7.2663243256e+01   2.3576343567e+02
   3072.0000000000   2.2690165451e+02   7.2746728073e+01   2.3588813555e+02
   3073.0000000000   2.2702380843e+02   7.2829646939e+01   2.3602126771e+02
   3074.0000000000   2.2714428940e+02   7.2921579021e+01   2.3614794279e+02
   3075.0000000000   2.2726366336e+02   7.3007428159e+01   2.3627296943e+02
   3076.0000000000   2.2738218305e+02   7.3091891916e+01   2.3639688388e+02
   3077.0000000000   2.2749999400e+02   7.3175438581e+01   2.3652946528e+02
   3078.0000000000   2.2761719160e+02   7.3258261788e+01   2.3665572359e+02
   3079.0000000000   2.2773384361e+02   7.3350009504e+01   2.3678042067e+02
   3080.0000000000   2.2785000086e+02   7.3435622414e+01   2.3690406705e+02
   3081.0000000000   2.2796570308e+02   7.3519819531e+01   2.3702688565e+02
   3082.0000000000   2.2809035774e+02   7.3603082342e+01   2.3714900515e+02
   3083.0000000000   2.2820912386e+02   7.3685612925e+01   2.3727051104e+02
   3084.0000000000   2.2832661218e+02   7.3767524366e+01   2.3739146511e+02
   3085.0000000000   2.2844327764e+02   7.3848890134e+01   2.3751191463e+02
   3086.0000000000   2.2855930566e+02   7.3929762564e+01   2.3763189718e+02
   3087.0000000000   2.2868417285e+02   7.4010181317e+01   2.3775144361e+02
   3088.0000000000   2.2881245159e+02   7.4090177817e+01   2.3788966059e+02
   3089.0000000000   2.2894328340e+02   7.4169777792e+01   2.3802585246e+02
   3090.0000000000   2.2906685888e+02   7.4249002850e+01   2.3815424765e+02
   3091.0000000000   2.2918839757e+02   7.4327871504e+01   2.3828041914e+02
   3092.0000000000   2.2930861221e+02   7.4406399870e+01   2.3840516890e+02
   3093.0000000000   2.2943720297e+02   7.4484602164e+01   2.3852885823e+02
   3094.0000000000   2.2955948922e+02   7.4581571914e+01   2.3865169190e+02
   3095.0000000000   2.2968018084e+02   7.4667062375e+01   2.3877380132e+02
   3096.0000000000   2.2979979905e+02   7.4750422256e+01   2.3890481829e+02
   3097.0000000000   2.2991857601e+02   7.4832548042e+01   2.3902968101e+02
   3098.0000000000   2.3003664728e+02   7.4913791994e+01   2.3915311032e+02
   3099.0000000000   2.3016347876e+02   7.5003878762e+01   2.3927559072e+02
   3100.0000000000   2.3028426845e+02   7.5097331797e+01   2.3940686784e+02
   3101.0000000000   2.3040365466e+02   7.5183766321e+01   2.3953192849e+02
   3102.0000000000   2.3052211280e+02   7.5268348868e+01   2.3965551772e+02
   3103.0000000000   2.3063984389e+02   7.5351735296e+01   2.3977813339e+02
   3104.0000000000   2.3075696140e+02   7.5434217234e+01   2.3989998858e+02
   3105.0000000000   2.3087353956e+02   7.5515960720e+01   2.4002120413e+02
   3106.0000000000   2.3098963152e+02   7.5597073349e+01   2.4015139960e+02
   3107.0000000000   2.3110527770e+02   7.5677630752e+01   2.4028504286e+02
   3108.0000000000   2.3122051013e+02   7.5757689164e+01   2.4041171685e+02
   3109.0000000000   2.3133535504e+02   7.5837292159e+01   2.4053656815e+02
   3110.0000000000   2.3145920984e+02   7.5916474590e+01   2.4066978006e+02
   3111.0000000000   2.3157722585e+02   7.5995265040e+01   2.4079650649e+02
   3112.0000000000   2.3170338324e+02   7.6083227855e+01   2.4092157666e+02
   3113.0000000000   2.3183264013e+02   7.6165254317e+01   2.4104553752e+02
   3114.0000000000   2.3195489902e+02   7.6255571607e+01   2.4116863352e+02
   3115.0000000000   2.3207528213e+02   7.6339509521e+01   2.4130054728e+02
   3116.0000000000   2.3219445582e+02   7.6421922587e+01   2.4142624411e+02
   3117.0000000000   2.3231271831e+02   7.6503354502e+01   2.4155046101e+02
   3118.0000000000   2.3243023939e+02   7.6584040238e+01   2.4167369298e+02
   3119.0000000000   2.3254712878e+02   7.6664111800e+01   2.4179615238e+02
   3120.0000000000   2.3266346325e+02   7.6743654131e+01   2.4192750072e+02
   3121.0000000000   2.3277929966e+02   7.6822726732e+01   2.4206222909e+02
   3122.0000000000   2.3289468186e+02   7.6901373805e+01   2.4218993491e+02
   3123.0000000000   2.3300964479e+02   7.6979629635e+01   2.4231577450e+02
   3124.0000000000   2.3312421699e+02   7.7057521701e+01   2.4244039782e+02
   3125.0000000000   2.3324779773e+02   7.7135072611e+01   2.4257363351e+02
   3126.0000000000   2.3336553977e+02   7.7212301361e+01   2.4270051666e+02
   3127.0000000000   2.3348204896e+02   7.7289224185e+01   2.4282582312e+02
   3128.0000000000   2.3359777632e+02   7.7365855163e+01   2.4295007172e+02
   3129.0000000000   2.3371290404e+02   7.7451747079e+01   2.4307349055e+02
   3130.0000000000   2.3382753059e+02   7.7531781816e+01   2.4319621159e+02
   3131.0000000000   2.3394171806e+02   7.7610638365e+01   2.4331832250e+02
   3132.0000000000   2.3405550958e+02   7.7688769093e+01   2.4343988649e+02
   3133.0000000000   2.3416893716e+02   7.7766353829e+01   2.4356095176e+02
   3134.0000000000   2.3428202574e+02   7.7843488021e+01   2.4368155653e+02
   3135.0000000000   2.3440417087e+02   7.7920230753e+01   2.4380173202e+02
   3136.0000000000   2.3452052182e+02   7.7996622352e+01   2.4393104472e+02
   3137.0000000000   2.3463568119e+02   7.8082232704e+01   2.4405438775e+02
   3138.0000000000   2.3475947248e+02   7.8161955349e+01   2.4417644945e+02
   3139.0000000000   2.3487720779e+02   7.8240477503e+01   2.4430723052e+02
   3140.0000000000   2.3499357163e+02   7.8327797926e+01   2.4443178849e+02
   3141.0000000000   2.3510905979e+02   7.8408971793e+01   2.4455489387e+02
   3142.0000000000   2.3522388227e+02   7.8488767074e+01   2.4468659479e+02
   3143.0000000000   2.3533815591e+02   7.8567688932e+01   2.4481197882e+02
   3144.0000000000   2.3545195550e+02   7.8645951474e+01   2.4493583671e+02
   3145.0000000000   2.3557470865e+02   7.8733214247e+01   2.4506823095e+02
   3146.0000000000   2.3569158660e+02   7.8823964788e+01   2.4519425958e+02
   3147.0000000000   2.3582595857e+02   7.8917336744e+01   2.4531872132e+02
   3148.0000000000   2.3594854945e+02   7.9003353025e+01   2.4544214434e+02
   3149.0000000000   2.3606872456e+02   7.9087328459e+01   2.4556476065e+02
   3150.0000000000   2.3618745867e+02   7.9169990675e+01   2.4569624406e+02
   3151.0000000000   2.3631453033e+02   7.9251671742e+01   2.4582155335e+02
   3152.0000000000   2.3643529095e+02   7.9342103218e+01   2.4594542053e+02
   3153.0000000000   2.3655446577e+02   7.9426280274e+01   2.4607787703e+02
   3154.0000000000   2.3667258406e+02   7.9508959318e+01   2.4620400291e+02
   3155.0000000000   2.3679925787e+02   7.9590648483e+01   2.4633812618e+02
   3156.0000000000   2.3691975777e+02   7.9671569363e+01   2.4646563877e+02
   3157.0000000000   2.3703876405e+02   7.9751849646e+01   2.4659143703e+02
   3158.0000000000   2.3715677864e+02   7.9831573904e+01   2.4671609456e+02
   3159.0000000000   2.3728339597e+02   7.9910803023e+01   2.4683986867e+02
   3160.0000000000   2.3740387469e+02   7.9989583312e+01   2.4696290860e+02
   3161.0000000000   2.3752288671e+02   8.0077491821e+01   2.4708531294e+02
   3162.0000000000   2.3764092796e+02   8.0159429296e+01   2.4720715226e+02
   3163.0000000000   2.3775821295e+02   8.0240089748e+01   2.4732847986e+02
   3164.0000000000   2.3787486443e+02   8.0319937752e+01   2.4744933763e+02
   3165.0000000000   2.3799096330e+02   8.0399163216e+01   2.4756975949e+02
   3166.0000000000   2.3810656765e+02   8.0477870026e+01   2.4768977356e+02
   3167.0000000000   2.3822172158e+02   8.0556124410e+01   2.4781894400e+02
   3168.0000000000   2.3833646002e+02   8.0633972807e+01   2.4794216211e+02
   3169.0000000000   2.3845081142e+02   8.0711449944e+01   2.4806411479e+02
   3170.0000000000   2.3856479954e+02   8.0788583022e+01   2.4818526110e+02
   3171.0000000000   2.3868781997e+02   8.0874934507e+01   2.4830578665e+02
   3172.0000000000   2.3880502271e+02   8.0964934092e+01   2.4843533233e+02
   3173.0000000000   2.3893038682e+02   8.1048137462e+01   2.4855883251e+02
   3174.0000000000   2.3904949415e+02   8.1129670773e+01   2.4868100057e+02
   3175.0000000000   2.3916711391e+02   8.1219701546e+01   2.4880231291e+02
   3176.0000000000   2.3928377927e+02   8.1303371039e+01   2.4892296700e+02
   3177.0000000000   2.3941847106e+02   8.1395038631e+01   2.4904307173e+02
   3178.0000000000   2.3954158332e+02   8.1489654040e+01   2.4916269673e+02
   3179.0000000000   2.3966237569e+02   8.1576994584e+01   2.4928189080e+02
   3180.0000000000   2.3979115318e+02   8.1671849399e+01   2.4940069035e+02
   3181.0000000000   2.3991342890e+02   8.1759793726e+01   2.4951912380e+02
   3182.0000000000   2.4003399766e+02   8.1845819788e+01   2.4963721407e+02
   3183.0000000000   2.4015342476e+02   8.1930558867e+01   2.4975498018e+02
   3184.0000000000   2.4027196787e+02   8.2014306099e+01   2.4987243821e+02
   3185.0000000000   2.4039915389e+02   8.2106777474e+01   2.4998960202e+02
   3186.0000000000   2.4052021634e+02   8.2192961619e+01   2.5010648370e+02
   3187.0000000000   2.4063981629e+02   8.2277612595e+01   2.5022309393e+02
   3188.0000000000   2.4075844461e+02   8.2361238247e+01   2.5033944224e+02
   3189.0000000000   2.4087631339e+02   8.2444060911e+01   2.5045553721e+02
   3190.0000000000   2.4099354422e+02   8.2535749946e+01   2.5058092706e+02
   3191.0000000000   2.4111021750e+02   8.2621262331e+01   2.5071003023e+02
   3192.0000000000   2.4123576658e+02   8.2705329688e+01   2.5083239334e+02
   3193.0000000000   2.4136474363e+02   8.2788443404e+01   2.5095313510e+02
   3194.0000000000   2.4148690467e+02   8.2870813410e+01   2.5107287640e+02
   3195.0000000000   2.4160730262e+02   8.2952559078e+01   2.5119188233e+02
   3196.0000000000   2.4172656612e+02   8.3033758946e+01   2.5131029816e+02
   3197.0000000000   2.4184497095e+02   8.3114469455e+01   2.5142821488e+02
   3198.0000000000   2.4197204819e+02   8.3194733610e+01   2.5154569453e+02
   3199.0000000000   2.4209303076e+02   8.3274585563e+01   2.5166278207e+02
   3200.0000000000   2.4221257751e+02   8.3354053274e+01   2.5177951156e+02
   3201.0000000000   2.4233117667e+02   8.3442700600e+01   2.5189590972e+02
   3202.0000000000   2.4244903770e+02   8.3525418466e+01   2.5202153856e+02
   3203.0000000000   2.4257565524e+02   8.3606893382e+01   2.5214128679e+02
   3204.0000000000   2.4269624011e+02   8.3687584065e+01   2.5226937900e+02
   3205.0000000000   2.4281543677e+02   8.3767675776e+01   2.5239114245e+02
   3206.0000000000   2.4293372360e+02   8.3847268661e+01   2.5251142922e+02
   3207.0000000000   2.4305130303e+02   8.3926425901e+01   2.5264032109e+02
   3208.0000000000   2.4316828903e+02   8.4005191426e+01   2.5276292174e+02
   3209.0000000000   2.4328475590e+02   8.4083597886e+01   2.5289357071e+02
   3210.0000000000   2.4340075660e+02   8.4161670738e+01   2.5301766542e+02
   3211.0000000000   2.4351633120e+02   8.4239430564e+01   2.5314010449e+02
   3212.0000000000   2.4363151132e+02   8.4316894465e+01   2.5326146201e+02
   3213.0000000000   2.4374632275e+02   8.4403617395e+01   2.5338199476e+02
   3214.0000000000   2.4386078700e+02   8.4484482834e+01   2.5350185089e+02
   3215.0000000000   2.4397492238e+02   8.4564170974e+01   2.5362112758e+02
   3216.0000000000   2.4408874472e+02   8.4643135100e+01   2.5373989380e+02
   3217.0000000000   2.4420226789e+02   8.4721555761e+01   2.5385820121e+02
   3218.0000000000   2.4431550415e+02   8.4809069396e+01   2.5397609002e+02
   3219.0000000000   2.4442846447e+02   8.4890606469e+01   2.5409359249e+02
   3220.0000000000   2.4454115871e+02   8.4970876855e+01   2.5421073513e+02
   3221.0000000000   2.4465359581e+02   8.5050353831e+01   2.5432754011e+02
   3222.0000000000   2.4477515938e+02   8.5138772479e+01   2.5446310717e+02
   3223.0000000000   2.4489098945e+02   8.5221110070e+01   2.5458719441e+02
   3224.0000000000   2.4501505679e+02   8.5302103105e+01   2.5470915439e+02
   3225.0000000000   2.4513293616e+02   8.5382241806e+01   2.5482988663e+02
   3226.0000000000   2.4524939075e+02   8.5461732452e+01   2.5494974581e+02
   3227.0000000000   2.4536494851e+02   8.5540689798e+01   2.5507845850e+02
   3228.0000000000   2.4547983484e+02   8.5638268344e+01   2.5521054968e+02
   3229.0000000000   2.4559417467e+02   8.5724261548e+01   2.5534517620e+02
   3230.0000000000   2.4570804726e+02   8.5808046159e+01   2.5547237644e+02
   3231.0000000000   2.4582150735e+02   8.5900079444e+01   2.5559747617e+02
   3232.0000000000   2.4593459506e+02   8.5985599824e+01   2.5572121106e+02
   3233.0000000000   2.4604734109e+02   8.6069472373e+01   2.5584391936e+02
   3234.0000000000   2.4615976978e+02   8.6152261814e+01   2.5596579703e+02
   3235.0000000000   2.4628127635e+02   8.6243762694e+01   2.5609651263e+02
   3236.0000000000   2.4639700984e+02   8.6328993649e+01   2.5622102752e+02
   3237.0000000000   2.4651157262e+02   8.6422261845e+01   2.5634407815e+02
   3238.0000000000   2.4662541255e+02   8.6508951365e+01   2.5646616009e+02
   3239.0000000000   2.4673870889e+02   8.6593955593e+01   2.5658748664e+02
   3240.0000000000   2.4685155745e+02   8.6677847132e+01   2.5672726066e+02
   3241.0000000000   2.4697339330e+02   8.6760883113e+01   2.5685530458e+02
   3242.0000000000   2.4708938988e+02   8.6843212932e+01   2.5698101474e+02
   3243.0000000000   2.4720416555e+02   8.6924935445e+01   2.5710532238e+02
   3244.0000000000   2.4731817916e+02   8.7015661892e+01   2.5722860615e+02
   3245.0000000000   2.4743161788e+02   8.7109857147e+01   2.5735107088e+02
   3246.0000000000   2.4754458335e+02   8.7197103371e+01   2.5747284518e+02
   3247.0000000000   2.4765713961e+02   8.7282547288e+01   2.5759401763e+02
   3248.0000000000   2.4776933098e+02   8.7366832379e+01   2.5771465318e+02
   3249.0000000000   2.4788119010e+02   8.7450242300e+01   2.5783480170e+02
   3250.0000000000   2.4799274216e+02   8.7532937834e+01   2.5795450280e+02
   3251.0000000000   2.4810400728e+02   8.7624563486e+01   2.5807378880e+02
   3252.0000000000   2.4821500197e+02   8.7710063432e+01   2.5819268664e+02
   3253.0000000000   2.4832574007e+02   8.7794161465e+01   2.5831121917e+02
   3254.0000000000   2.4844560884e+02   8.7877343575e+01   2.5843894649e+02
   3255.0000000000   2.4855975108e+02   8.7969356079e+01   2.5856075664e+02
   3256.0000000000   2.4867276420e+02   8.8055186078e+01   2.5869087430e+02
   3257.0000000000   2.4878509202e+02   8.8149119093e+01   2.5881462731e+02
   3258.0000000000   2.4889691049e+02   8.8236523801e+01   2.5893686862e+02
   3259.0000000000   2.4901768804e+02   8.8322282289e+01   2.5905814066e+02
   3260.0000000000   2.4915136538e+02   8.8406958688e+01   2.5917867734e+02
   3261.0000000000   2.4928221034e+02   8.8490803644e+01   2.5929860980e+02
   3262.0000000000   2.4940499637e+02   8.8583501942e+01   2.5941802225e+02
   3263.0000000000   2.4952537389e+02   8.8670019392e+01   2.5953697355e+02
   3264.0000000000   2.4965359539e+02   8.8755092828e+01   2.5965550736e+02
   3265.0000000000   2.4978457613e+02   8.8839216749e+01   2.5977365750e+02
   3266.0000000000   2.4990827163e+02   8.8922602941e+01   2.5989145100e+02
   3267.0000000000   2.5002985772e+02   8.9005371851e+01   2.6001845054e+02
   3268.0000000000   2.5015004458e+02   8.9097143027e+01   2.6013954568e+02
   3269.0000000000   2.5026916502e+02   8.9182844103e+01   2.6025942153e+02
   3270.0000000000   2.5038741614e+02   8.9267187338e+01   2.6037853540e+02
   3271.0000000000   2.5050492936e+02   8.9350650343e+01   2.6049707116e+02
   3272.0000000000   2.5062179896e+02   8.9433432731e+01   2.6061512763e+02
   3273.0000000000   2.5073809601e+02   8.9515645850e+01   2.6073276673e+02
   3274.0000000000   2.5087262695e+02   8.9597361824e+01   2.6085003119e+02
   3275.0000000000   2.5100507699e+02   8.9678631849e+01   2.6097649293e+02
   3276.0000000000   2.5112979225e+02   8.9759494573e+01   2.6110658769e+02
   3277.0000000000   2.5125226355e+02   8.9839980472e+01   2.6122987515e+02
   3278.0000000000   2.5137329044e+02   8.9920114371e+01   2.6135148414e+02
   3279.0000000000   2.5149323730e+02   8.9999916998e+01   2.6148158405e+02
   3280.0000000000   2.5161231306e+02   9.0088946434e+01   2.6161485783e+02
   3281.0000000000   2.5173065327e+02   9.0172088876e+01   2.6175053667e+02
   3282.0000000000   2.5184835309e+02   9.0254026891e+01   2.6187869966e+02
   3283.0000000000   2.5196548318e+02   9.0335215859e+01   2.6200469714e+02
   3284.0000000000   2.5210084903e+02   9.0415838182e+01   2.6212928069e+02
   3285.0000000000   2.5222475933e+02   9.0495991526e+01   2.6225279940e+02
   3286.0000000000   2.5234642658e+02   9.0575736906e+01   2.6237545696e+02
   3287.0000000000   2.5246675222e+02   9.0655116344e+01   2.6249738717e+02
   3288.0000000000   2.5259547455e+02   9.0743701222e+01   2.6261868472e+02
   3289.0000000000   2.5271792099e+02   9.0826386411e+01   2.6275850103e+02
   3290.0000000000   2.5283880172e+02   9.0907860316e+01   2.6289617302e+02
   3291.0000000000   2.5295863620e+02   9.0988582339e+01   2.6302595355e+02
   3292.0000000000   2.5307765453e+02   9.1068737693e+01   2.6315343442e+02
   3293.0000000000   2.5319599033e+02   9.1148426037e+01   2.6327943235e+02
   3294.0000000000   2.5331373244e+02   9.1227709804e+01   2.6340432039e+02
   3295.0000000000   2.5343094497e+02   9.1316172452e+01   2.6352831279e+02
   3296.0000000000   2.5354767674e+02   9.1398716576e+01   2.6365154873e+02
   3297.0000000000   2.5367334185e+02   9.1480035802e+01   2.6377412598e+02
   3298.0000000000   2.5379310440e+02   9.1560593216e+01   2.6389611715e+02
   3299.0000000000   2.5391157911e+02   9.1640576713e+01   2.6401757837e+02
   3300.0000000000   2.5402922419e+02   9.1720087954e+01   2.6413855440e+02
   3301.0000000000   2.5414622772e+02   9.1799190895e+01   2.6426862227e+02
   3302.0000000000   2.5426269309e+02   9.1887470174e+01   2.6439268343e+02
   3303.0000000000   2.5437868657e+02   9.1969829307e+01   2.6451543292e+02
   3304.0000000000   2.5449425488e+02   9.2050962654e+01   2.6463733653e+02
   3305.0000000000   2.5460943313e+02   9.2131333882e+01   2.6476812580e+02
   3306.0000000000   2.5472424897e+02   9.2211131353e+01   2.6489277678e+02
   3307.0000000000   2.5483872489e+02   9.2290457108e+01   2.6501602603e+02
   3308.0000000000   2.5495287971e+02   9.2369375407e+01   2.6513836464e+02
   3309.0000000000   2.5506672948e+02   9.2447930710e+01   2.6526954062e+02
   3310.0000000000   2.5518028810e+02   9.2526155812e+01   2.6539454118e+02
   3311.0000000000   2.5529356780e+02   9.2604076055e+01   2.6551811081e+02
   3312.0000000000   2.5540657944e+02   9.2681711718e+01   2.6565028679e+02
   3313.0000000000   2.5551933274e+02   9.2759079479e+01   2.6577615192e+02
   3314.0000000000   2.5564121194e+02   9.2836193355e+01   2.6590049494e+02
   3315.0000000000   2.5575735760e+02   9.2922605759e+01   2.6602383724e+02
   3316.0000000000   2.5587236549e+02   9.3003198026e+01   2.6614640593e+02
   3317.0000000000   2.5599605363e+02   9.3082648482e+01   2.6626833082e+02
   3318.0000000000   2.5611372963e+02   9.3161408771e+01   2.6638969700e+02
   3319.0000000000   2.5623007428e+02   9.3239657964e+01   2.6651056516e+02
   3320.0000000000   2.5634558025e+02   9.3317490744e+01   2.6663098109e+02
   3321.0000000000   2.5646045491e+02   9.3404505853e+01   2.6675098077e+02
   3322.0000000000   2.5657481282e+02   9.3495154212e+01   2.6687059336e+02
   3323.0000000000   2.5668872680e+02   9.3579004642e+01   2.6698984306e+02
   3324.0000000000   2.5680224734e+02   9.3661191738e+01   2.6710875034e+02
   3325.0000000000   2.5691541159e+02   9.3761428995e+01   2.6723687324e+02
   3326.0000000000   2.5702824813e+02   9.3859272718e+01   2.6735909799e+02
   3327.0000000000   2.5714077971e+02   9.3958624864e+01   2.6748010727e+02
   3328.0000000000   2.5726240035e+02   9.4059549484e+01   2.6760035659e+02
   3329.0000000000   2.5738763354e+02   9.4152440266e+01   2.6772002848e+02
   3330.0000000000   2.5750621349e+02   9.4242806465e+01   2.6784876118e+02
   3331.0000000000   2.5762317584e+02   9.4331493197e+01   2.6797148677e+02
   3332.0000000000   2.5774851066e+02   9.4418910087e+01   2.6809291656e+02
   3333.0000000000   2.5786761469e+02   9.4514843102e+01   2.6821352516e+02
   3334.0000000000   2.5799459767e+02   9.4613867746e+01   2.6833350840e+02
   3335.0000000000   2.5812449542e+02   9.4705641641e+01   2.6845297372e+02
   3336.0000000000   2.5824726094e+02   9.4804906148e+01   2.6857198943e+02
   3337.0000000000   2.5836805115e+02   9.4897216137e+01   2.6869060314e+02
   3338.0000000000   2.5848755722e+02   9.4987555556e+01   2.6880885015e+02
   3339.0000000000   2.5860609573e+02   9.5076553210e+01   2.6892675789e+02
   3340.0000000000   2.5872385037e+02   9.5164504645e+01   2.6904434836e+02
   3341.0000000000   2.5884094158e+02   9.5251587273e+01   2.6916163972e+02
   3342.0000000000   2.5895745459e+02   9.5337921337e+01   2.6928818769e+02
   3343.0000000000   2.5907345295e+02   9.5423594542e+01   2.6940887631e+02
   3344.0000000000   2.5918898595e+02   9.5508674093e+01   2.6952838618e+02
   3345.0000000000   2.5930409290e+02   9.5593213357e+01   2.6964717084e+02
   3346.0000000000   2.5941880599e+02   9.5677255864e+01   2.6976541102e+02
   3347.0000000000   2.5953315200e+02   9.5760837875e+01   2.6988320285e+02
   3348.0000000000   2.5964715363e+02   9.5843990114e+01   2.7000060592e+02
   3349.0000000000   2.5976083035e+02   9.5926738978e+01   2.7011766093e+02
   3350.0000000000   2.5987419908e+02   9.6009107415e+01   2.7025347846e+02
   3351.0000000000   2.5998727463e+02   9.6091115573e+01   2.7037782316e+02
   3352.0000000000   2.6010007012e+02   9.6172781295e+01   2.7050005157e+02
   3353.0000000000   2.6022197268e+02   9.6254120505e+01   2.7062106561e+02
   3354.0000000000   2.6034750080e+02   9.6335147504e+01   2.7074122138e+02
   3355.0000000000   2.6046638494e+02   9.6415875214e+01   2.7086070576e+02
   3356.0000000000   2.6058365799e+02   9.6496315375e+01   2.7098917316e+02
   3357.0000000000   2.6069993248e+02   9.6586019123e+01   2.7112111130e+02
   3358.0000000000   2.6081547101e+02   9.6669867201e+01   2.7124611492e+02
   3359.0000000000   2.6093041822e+02   9.6752537824e+01   2.7136933776e+02
   3360.0000000000   2.6104486519e+02   9.6834482854e+01   2.7149142707e+02
   3361.0000000000   2.6116824982e+02   9.6925422240e+01   2.7161266838e+02
   3362.0000000000   2.6128575018e+02   9.7010322194e+01   2.7173322317e+02
   3363.0000000000   2.6140198937e+02   9.7112991783e+01   2.7185319549e+02
   3364.0000000000   2.6151743060e+02   9.7213197154e+01   2.7197265812e+02
   3365.0000000000   2.6163226486e+02   9.7314889355e+01   2.7209166491e+02
   3366.0000000000   2.6174659711e+02   9.7408606382e+01   2.7221025740e+02
   3367.0000000000   2.6186986975e+02   9.7499875051e+01   2.7232846868e+02
   3368.0000000000   2.6198726218e+02   9.7589535981e+01   2.7244632576e+02
   3369.0000000000   2.6210339766e+02   9.7687530512e+01   2.7257339158e+02
   3370.0000000000   2.6221873918e+02   9.7778966344e+01   2.7270409654e+02
   3371.0000000000   2.6234285282e+02   9.7868668997e+01   2.7282799713e+02
   3372.0000000000   2.6247035119e+02   9.7957192799e+01   2.7295976073e+02
   3373.0000000000   2.6259102190e+02   9.8044792087e+01   2.7308488608e+02
   3374.0000000000   2.6271931120e+02   9.8131618780e+01   2.7320831337e+02
   3375.0000000000   2.6284099095e+02   9.8217775999e+01   2.7333063646e+02
   3376.0000000000   2.6296093187e+02   9.8303339206e+01   2.7345212252e+02
   3377.0000000000   2.6308910493e+02   9.8388366426e+01   2.7358246594e+02
   3378.0000000000   2.6321091430e+02   9.8472903867e+01   2.7370663827e+02
   3379.0000000000   2.6333110687e+02   9.8556989319e+01   2.7382937980e+02
   3380.0000000000   2.6346897393e+02   9.8640654322e+01   2.7396072746e+02
   3381.0000000000   2.6359502391e+02   9.8723925651e+01   2.7408576511e+02
   3382.0000000000   2.6371857613e+02   9.8806826340e+01   2.7420928289e+02
   3383.0000000000   2.6384997274e+02   9.8898916871e+01   2.7433180360e+02
   3384.0000000000   2.6398412787e+02   9.8985085796e+01   2.7445355562e+02
   3385.0000000000   2.6411098767e+02   9.9070017933e+01   2.7457466987e+02
   3386.0000000000   2.6423572031e+02   9.9154170768e+01   2.7469523237e+02
   3387.0000000000   2.6436840616e+02   9.9237728657e+01   2.7482484500e+02
   3388.0000000000   2.6449450731e+02   9.9320791076e+01   2.7494842510e+02
   3389.0000000000   2.6461880739e+02   9.9403420703e+01   2.7507067832e+02
   3390.0000000000   2.6474187269e+02   9.9485661090e+01   2.7519207775e+02
   3391.0000000000   2.6487334144e+02   9.9567544601e+01   2.7531281969e+02
   3392.0000000000   2.6499850397e+02   9.9649096477e+01   2.7543301295e+02
   3393.0000000000   2.6512205609e+02   9.9730337133e+01   2.7555272766e+02
   3394.0000000000   2.6524451242e+02   9.9811283547e+01   2.7567201337e+02
   3395.0000000000   2.6537547789e+02   9.9891950152e+01   2.7579090733e+02
   3396.0000000000   2.6550022006e+02   9.9972349435e+01   2.7591897925e+02
   3397.0000000000   2.6563279392e+02   1.0005249235e+02   2.7604112386e+02
   3398.0000000000   2.6575883456e+02   1.0013238864e+02   2.7617157054e+02
   3399.0000000000   2.6588315073e+02   1.0022158744e+02   2.7629565058e+02
   3400.0000000000   2.6600630615e+02   1.0032404842e+02   2.7641821947e+02
   3401.0000000000   2.6612855506e+02   1.0041418980e+02   2.7653982153e+02
   3402.0000000000   2.6625004619e+02   1.0051134046e+02   2.7666069213e+02
   3403.0000000000   2.6637087873e+02   1.0060143624e+02   2.7678096348e+02
   3404.0000000000   2.6649112440e+02   1.0068958360e+02   2.7690072065e+02
   3405.0000000000   2.6661083789e+02   1.0077645985e+02   2.7702002313e+02
   3406.0000000000   2.6673006261e+02   1.0086238044e+02   2.7713891508e+02
   3407.0000000000   2.6684883400e+02   1.0094752991e+02   2.7725743069e+02
   3408.0000000000   2.6696718167e+02   1.0103202951e+02   2.7738513771e+02
   3409.0000000000   2.6710388168e+02   1.0111596488e+02   2.7750692951e+02
   3410.0000000000   2.6722922089e+02   1.0119939969e+02   2.7763703451e+02
   3411.0000000000   2.6735239517e+02   1.0128238303e+02   2.7776078317e+02
   3412.0000000000   2.6747429300e+02   1.0136495397e+02   2.7788303033e+02
   3413.0000000000   2.6759526695e+02   1.0144714427e+02   2.7800431974e+02
   3414.0000000000   2.6772487905e+02   1.0154806116e+02   2.7812488626e+02
   3415.0000000000   2.6784837683e+02   1.0163746873e+02   2.7825440210e+02
   3416.0000000000   2.6797042678e+02   1.0172472437e+02   2.7838736324e+02
   3417.0000000000   2.6809152137e+02   1.0182027201e+02   2.7851336892e+02
   3418.0000000000   2.6821187253e+02   1.0190934059e+02   2.7864711607e+02
   3419.0000000000   2.6833160096e+02   1.0199678820e+02   2.7877412477e+02
   3420.0000000000   2.6845078585e+02   1.0208317437e+02   2.7890889159e+02
   3421.0000000000   2.6856948384e+02   1.0216874926e+02   2.7905597442e+02
   3422.0000000000   2.6868773781e+02   1.0225365749e+02   2.7919006107e+02
   3423.0000000000   2.6880558166e+02   1.0233799420e+02   2.7933063552e+02
   3424.0000000000   2.6893241839e+02   1.0242182714e+02   2.7946373443e+02
   3425.0000000000   2.6906277899e+02   1.0251474757e+02   2.7959453497e+02
   3426.0000000000   2.6918640401e+02   1.0260166617e+02   2.7972376654e+02
   3427.0000000000   2.6930833461e+02   1.0268728409e+02   2.7985178452e+02
   3428.0000000000   2.6942919021e+02   1.0277207118e+02   2.7998834533e+02
   3429.0000000000   2.6954923926e+02   1.0285622139e+02   2.8011846651e+02
   3430.0000000000   2.6966863143e+02   1.0294938212e+02   2.8025646410e+02
   3431.0000000000   2.6979683756e+02   1.0304603340e+02   2.8038773358e+02
   3432.0000000000   2.6991905650e+02   1.0314530414e+02   2.8052672011e+02
   3433.0000000000   2.7003992553e+02   1.0323721426e+02   2.8067795866e+02
   3434.0000000000   2.7016929362e+02   1.0332707674e+02   2.8081612696e+02
   3435.0000000000   2.7029249215e+02   1.0341561811e+02   2.8096070529e+02
   3436.0000000000   2.7041422074e+02   1.0350316982e+02   2.8109772991e+02
   3437.0000000000   2.7053498724e+02   1.0358992274e+02   2.8123237932e+02
   3438.0000000000   2.7065501149e+02   1.0367600109e+02   2.8137492565e+02
   3439.0000000000   2.7077441850e+02   1.0377103264e+02   2.8151059791e+02
   3440.0000000000   2.7089328990e+02   1.0386949358e+02   2.8164428421e+02
   3441.0000000000   2.7101168372e+02   1.0396097412e+02   2.8177657765e+02
   3442.0000000000   2.7113901906e+02   1.0405062687e+02   2.8190775939e+02
   3443.0000000000   2.7126046276e+02   1.0413909977e+02   2.8203800136e+02
   3444.0000000000   2.7138063098e+02   1.0423622029e+02   2.8216742238e+02
   3445.0000000000   2.7149998257e+02   1.0433656325e+02   2.8229611067e+02
   3446.0000000000   2.7162808123e+02   1.0442977495e+02   2.8242413493e+02
   3447.0000000000   2.7175953823e+02   1.0452104306e+02   2.8255155042e+02
   3448.0000000000   2.7188414057e+02   1.0461103892e+02   2.8267840281e+02
   3449.0000000000   2.7200695883e+02   1.0470960649e+02   2.8280473050e+02
   3450.0000000000   2.7212863236e+02   1.0481133264e+02   2.8293056635e+02
   3451.0000000000   2.7224944370e+02   1.0490587280e+02   2.8305593883e+02
   3452.0000000000   2.7236955288e+02   1.0499842176e+02   2.8318087286e+02
   3453.0000000000   2.7248906317e+02   1.0508965648e+02   2.8330539048e+02
   3454.0000000000   2.7260804690e+02   1.0517988510e+02   2.8342951132e+02
   3455.0000000000   2.7272655774e+02   1.0527882732e+02   2.8355325299e+02
   3456.0000000000   2.7284463721e+02   1.0537147258e+02   2.8368617184e+02
   3457.0000000000   2.7297169388e+02   1.0546257479e+02   2.8381315320e+02
   3458.0000000000   2.7309288749e+02   1.0555264143e+02   2.8393887945e+02
   3459.0000000000   2.7322220461e+02   1.0567051578e+02   2.8406380616e+02
   3460.0000000000   2.7334523299e+02   1.0577093928e+02   2.8419765666e+02
   3461.0000000000   2.7347612197e+02   1.0587754581e+02   2.8432540022e+02
   3462.0000000000   2.7360054111e+02   1.0598613968e+02   2.8445176786e+02
   3463.0000000000   2.7372331192e+02   1.0608682426e+02   2.8457724602e+02
   3464.0000000000   2.7384500178e+02   1.0618501483e+02   2.8470203842e+02
   3465.0000000000   2.7397523990e+02   1.0628151514e+02   2.8482625808e+02
   3466.0000000000   2.7409930515e+02   1.0637671379e+02   2.8494997757e+02
   3467.0000000000   2.7423125732e+02   1.0647084484e+02   2.8507324785e+02
   3468.0000000000   2.7435673290e+02   1.0656406605e+02   2.8519610701e+02
   3469.0000000000   2.7448054020e+02   1.0665649142e+02   2.8531858482e+02
   3470.0000000000   2.7460324144e+02   1.0675774787e+02   2.8544070532e+02
   3471.0000000000   2.7472508890e+02   1.0685277431e+02   2.8557202891e+02
   3472.0000000000   2.7484622905e+02   1.0694629484e+02   2.8569744341e+02
   3473.0000000000   2.7496675874e+02   1.0703879836e+02   2.8582163259e+02
   3474.0000000000   2.7508674733e+02   1.0713049479e+02   2.8594505273e+02
   3475.0000000000   2.7520624725e+02   1.0722150478e+02   2.8606788690e+02
   3476.0000000000   2.7532529971e+02   1.0731190876e+02   2.8619023328e+02
   3477.0000000000   2.7544393805e+02   1.0740176540e+02   2.8631215332e+02
   3478.0000000000   2.7556218991e+02   1.0751020086e+02   2.8643368937e+02
   3479.0000000000   2.7568007861e+02   1.0760699347e+02   2.8656441309e+02
   3480.0000000000   2.7580699956e+02   1.0770151179e+02   2.8668921959e+02
   3481.0000000000   2.7592810269e+02   1.0779466849e+02   2.8682233790e+02
   3482.0000000000   2.7604799165e+02   1.0788682921e+02   2.8694909853e+02
   3483.0000000000   2.7616711578e+02   1.0797818948e+02   2.8707435604e+02
   3484.0000000000   2.7629503139e+02   1.0806887102e+02   2.8719865376e+02
   3485.0000000000   2.7641696847e+02   1.0816849768e+02   2.8732222604e+02
   3486.0000000000   2.7653757669e+02   1.0826200147e+02   2.8744520416e+02
   3487.0000000000   2.7666670980e+02   1.0835409844e+02   2.8756767226e+02
   3488.0000000000   2.7679907607e+02   1.0844526946e+02   2.8769922944e+02
   3489.0000000000   2.7692450753e+02   1.0854525732e+02   2.8782478997e+02
   3490.0000000000   2.7704809964e+02   1.0864858707e+02   2.8794905652e+02
   3491.0000000000   2.7717050694e+02   1.0874487299e+02   2.8809158012e+02
   3492.0000000000   2.7729202200e+02   1.0884882122e+02   2.8822229627e+02
   3493.0000000000   2.7741281177e+02   1.0894595824e+02   2.8836019012e+02
   3494.0000000000   2.7753298449e+02   1.0904124506e+02   2.8850062793e+02
   3495.0000000000   2.7765261618e+02   1.0913529177e+02   2.8864308132e+02
   3496.0000000000   2.7777176330e+02   1.0922837854e+02   2.8877774553e+02
   3497.0000000000   2.7789984498e+02   1.0933975088e+02   2.8891003735e+02
   3498.0000000000   2.7802202863e+02   1.0943926021e+02   2.8904075065e+02
   3499.0000000000   2.7814293120e+02   1.0953632360e+02   2.8917980387e+02
   3500.0000000000   2.7827238781e+02   1.0963188766e+02   2.8931229256e+02
   3501.0000000000   2.7840509548e+02   1.0972634285e+02   2.8944303542e+02
   3502.0000000000   2.7853087920e+02   1.0981990329e+02   2.8957258289e+02
   3503.0000000000   2.7865482986e+02   1.0991270511e+02   2.8970118708e+02
   3504.0000000000   2.7877759899e+02   1.1001438348e+02   2.8983853908e+02
   3505.0000000000   2.7889947713e+02   1.1011941986e+02   2.8996961231e+02
   3506.0000000000   2.7902062987e+02   1.1021740862e+02   2.9009915113e+02
   3507.0000000000   2.7914116452e+02   1.1032304628e+02   2.9022765707e+02
   3508.0000000000   2.7926115648e+02   1.1042185469e+02   2.9035534824e+02
   3509.0000000000   2.7938066182e+02   1.1051879276e+02   2.9048235075e+02
   3510.0000000000   2.7949972394e+02   1.1061446989e+02   2.9061828917e+02
   3511.0000000000   2.7961837755e+02   1.1070916628e+02   2.9074809560e+02
   3512.0000000000   2.7973665107e+02   1.1080304703e+02   2.9087648626e+02
   3513.0000000000   2.7985456830e+02   1.1089622239e+02   2.9100394227e+02
   3514.0000000000   2.7997214946e+02   1.1098877183e+02   2.9113066640e+02
   3515.0000000000   2.8008941198e+02   1.1108075574e+02   2.9125677282e+02
   3516.0000000000   2.8020637109e+02   1.1118176221e+02   2.9138233618e+02
   3517.0000000000   2.8032304018e+02   1.1127670090e+02   2.9150740995e+02
   3518.0000000000   2.8043943119e+02   1.1137027318e+02   2.9163203484e+02
   3519.0000000000   2.8055555481e+02   1.1146294983e+02   2.9175624320e+02
   3520.0000000000   2.8067142070e+02   1.1155492607e+02   2.9188006155e+02
   3521.0000000000   2.8078703760e+02   1.1164631042e+02   2.9200351218e+02
   3522.0000000000   2.8091178895e+02   1.1173717316e+02   2.9212661415e+02
   3523.0000000000   2.8103081464e+02   1.1182756435e+02   2.9225892446e+02
   3524.0000000000   2.8114870987e+02   1.1191752195e+02   2.9238532863e+02
   3525.0000000000   2.8126591673e+02   1.1200707609e+02   2.9251050880e+02
   3526.0000000000   2.8138260986e+02   1.1209625145e+02   2.9263492011e+02
   3527.0000000000   2.8149888123e+02   1.1218506881e+02   2.9275874487e+02
   3528.0000000000   2.8161478733e+02   1.1227354599e+02   2.9288208074e+02
   3529.0000000000   2.8173036641e+02   1.1236169849e+02   2.9300498878e+02
   3530.0000000000   2.8185502163e+02   1.1244954001e+02   2.9312751113e+02
   3531.0000000000   2.8197390667e+02   1.1253708275e+02   2.9324967889e+02
   3532.0000000000   2.8209162673e+02   1.1262433770e+02   2.9339059703e+02
   3533.0000000000   2.8221800675e+02   1.1271131481e+02   2.9352002680e+02
   3534.0000000000   2.8233835957e+02   1.1279802317e+02   2.9364732264e+02
   3535.0000000000   2.8246674541e+02   1.1288447110e+02   2.9377338521e+02
   3536.0000000000   2.8258879259e+02   1.1297066629e+02   2.9389856986e+02
   3537.0000000000   2.8270929933e+02   1.1305661586e+02   2.9402306309e+02
   3538.0000000000   2.8282881797e+02   1.1314232643e+02   2.9414697873e+02
   3539.0000000000   2.8294759169e+02   1.1323734459e+02   2.9427039317e+02
   3540.0000000000   2.8306575878e+02   1.1332654705e+02   2.9439336119e+02
   3541.0000000000   2.8318340882e+02   1.1341460842e+02   2.9451592402e+02
   3542.0000000000   2.8330060472e+02   1.1351151774e+02   2.9463811388e+02
   3543.0000000000   2.8341739315e+02   1.1360232254e+02   2.9475995672e+02
   3544.0000000000   2.8354318559e+02   1.1369178468e+02   2.9488147389e+02
   3545.0000000000   2.8366314336e+02   1.1378040431e+02   2.9500268336e+02
   3546.0000000000   2.8379125381e+02   1.1386839143e+02   2.9512360047e+02
   3547.0000000000   2.8391310490e+02   1.1395586174e+02   2.9524423851e+02
   3548.0000000000   2.8403347047e+02   1.1404288851e+02   2.9536460913e+02
   3549.0000000000   2.8415288721e+02   1.1413906285e+02   2.9549426306e+02
   3550.0000000000   2.8427158778e+02   1.1422929285e+02   2.9561808044e+02
   3551.0000000000   2.8438970315e+02   1.1431827622e+02   2.9574073874e+02
   3552.0000000000   2.8450731770e+02   1.1440647911e+02   2.9586268900e+02
   3553.0000000000   2.8462449054e+02   1.1449409178e+02   2.9598410988e+02
   3554.0000000000   2.8476001638e+02   1.1459075814e+02   2.9610509577e+02
   3555.0000000000   2.8488419429e+02   1.1468141451e+02   2.9622570480e+02
   3556.0000000000   2.8500622824e+02   1.1477077545e+02   2.9634597643e+02
   3557.0000000000   2.8513638761e+02   1.1485931797e+02   2.9646593934e+02
   3558.0000000000   2.8526016119e+02   1.1494723980e+02   2.9659515586e+02
   3559.0000000000   2.8539170184e+02   1.1504419024e+02   2.9671851426e+02
   3560.0000000000   2.8551669450e+02   1.1513510962e+02   2.9684069793e+02
   3561.0000000000   2.8564935080e+02   1.1524379643e+02   2.9696216226e+02
   3562.0000000000   2.8577538280e+02   1.1534047200e+02   2.9708308921e+02
   3563.0000000000   2.8589964246e+02   1.1543467439e+02   2.9720357566e+02
   3564.0000000000   2.8603209514e+02   1.1553694153e+02   2.9733322214e+02
   3565.0000000000   2.8615814440e+02   1.1563255871e+02   2.9746648096e+02
   3566.0000000000   2.8628253843e+02   1.1573596134e+02   2.9760246253e+02
   3567.0000000000   2.8640581970e+02   1.1583260547e+02   2.9773117331e+02
   3568.0000000000   2.8652823377e+02   1.1592742901e+02   2.9785791592e+02
   3569.0000000000   2.8664992538e+02   1.1602103406e+02   2.9798340858e+02
   3570.0000000000   2.8677099165e+02   1.1612323874e+02   2.9811751632e+02
   3571.0000000000   2.8689150306e+02   1.1621907827e+02   2.9824529514e+02
   3572.0000000000   2.8701151344e+02   1.1631333181e+02   2.9837153346e+02
   3573.0000000000   2.8713106546e+02   1.1640652225e+02   2.9849675784e+02
   3574.0000000000   2.8725019387e+02   1.1649888161e+02   2.9862120109e+02
   3575.0000000000   2.8736892763e+02   1.1659054540e+02   2.9874499804e+02
   3576.0000000000   2.8748729126e+02   1.1668160432e+02   2.9886823793e+02
   3577.0000000000   2.8760530585e+02   1.1677212422e+02   2.9899098475e+02
   3578.0000000000   2.8772298971e+02   1.1687169593e+02   2.9911328687e+02
   3579.0000000000   2.8784035896e+02   1.1696523046e+02   2.9923518231e+02
   3580.0000000000   2.8795742788e+02   1.1705742977e+02   2.9935670182e+02
   3581.0000000000   2.8807420922e+02   1.1714876476e+02   2.9948741121e+02
   3582.0000000000   2.8820008990e+02   1.1723943053e+02   2.9961220284e+02
   3583.0000000000   2.8832958828e+02   1.1732953526e+02   2.9973576416e+02
   3584.0000000000   2.8845243481e+02   1.1741914883e+02   2.9985855453e+02
   3585.0000000000   2.8857366239e+02   1.1750832079e+02   2.9998075960e+02
   3586.0000000000   2.8869388361e+02   1.1759708857e+02   3.0010247972e+02
   3587.0000000000   2.8882273662e+02   1.1768548173e+02   3.0022377812e+02
   3588.0000000000   2.8894549874e+02   1.1777352438e+02   3.0035423911e+02
   3589.0000000000   2.8906684963e+02   1.1786123670e+02   3.0047876610e+02
   3590.0000000000   2.8919666319e+02   1.1794863594e+02   3.0060205355e+02
   3591.0000000000   2.8932028649e+02   1.1804527743e+02   3.0072456529e+02
   3592.0000000000   2.8945180481e+02   1.1814558565e+02   3.0085603036e+02
   3593.0000000000   2.8957686552e+02   1.1823911233e+02   3.0100050285e+02
   3594.0000000000   2.8970028174e+02   1.1835006146e+02   3.0115153919e+02
   3595.0000000000   2.8983199316e+02   1.1844879960e+02   3.0128870788e+02
   3596.0000000000   2.8995738525e+02   1.1854493355e+02   3.0142243921e+02
   3597.0000000000   2.9009056825e+02   1.1864903905e+02   3.0155407754e+02
   3598.0000000000   2.9021720696e+02   1.1874642421e+02   3.0168421559e+02
   3599.0000000000   2.9034212735e+02   1.1884199884e+02   3.0181318528e+02
   3600.0000000000   2.9046590351e+02   1.1893635821e+02   3.0195073790e+02
   3601.0000000000   2.9059817155e+02   1.1902977828e+02   3.0208188942e+02
   3602.0000000000   2.9072421667e+02   1.1912242300e+02   3.0221141457e+02
   3603.0000000000   2.9085810430e+02   1.1921440233e+02   3.0233983686e+02
   3604.0000000000   2.9098547588e+02   1.1930579567e+02   3.0246739074e+02
   3605.0000000000   2.9111114400e+02   1.1939666322e+02   3.0260375506e+02
   3606.0000000000   2.9124505008e+02   1.1949659276e+02   3.0273389432e+02
   3607.0000000000   2.9137258220e+02   1.1959049349e+02   3.0286254625e+02
   3608.0000000000   2.9149847811e+02   1.1968306622e+02   3.0299974765e+02
   3609.0000000000   2.9162327303e+02   1.1977478106e+02   3.0313058347e+02
   3610.0000000000   2.9174720733e+02   1.1986583252e+02   3.0325984572e+02
   3611.0000000000   2.9187042199e+02   1.1995632833e+02   3.0338805934e+02
   3612.0000000000   2.9199301136e+02   1.2004633800e+02   3.0351545503e+02
   3613.0000000000   2.9211504386e+02   1.2014545118e+02   3.0364216601e+02
   3614.0000000000   2.9224594719e+02   1.2023857594e+02   3.0376828057e+02
   3615.0000000000   2.9238027085e+02   1.2033041077e+02   3.0390340279e+02
   3616.0000000000   2.9250776974e+02   1.2042142309e+02   3.0403245208e+02
   3617.0000000000   2.9263349642e+02   1.2051180465e+02   3.0416013605e+02
   3618.0000000000   2.9276745504e+02   1.2060166061e+02   3.0428692964e+02
   3619.0000000000   2.9289505428e+02   1.2069105806e+02   3.0441303089e+02
   3620.0000000000   2.9302103867e+02   1.2078004404e+02   3.0453855023e+02
   3621.0000000000   2.9315532038e+02   1.2086865374e+02   3.0466355931e+02
   3622.0000000000   2.9328327174e+02   1.2095691468e+02   3.0478810909e+02
   3623.0000000000   2.9340962069e+02   1.2104484917e+02   3.0491223817e+02
   3624.0000000000   2.9354427114e+02   1.2113247573e+02   3.0503597709e+02
   3625.0000000000   2.9367259112e+02   1.2121981012e+02   3.0517843166e+02
   3626.0000000000   2.9379930623e+02   1.2130686593e+02   3.0530936461e+02
   3627.0000000000   2.9392494370e+02   1.2140319547e+02   3.0543813217e+02
   3628.0000000000   2.9404973836e+02   1.2149368021e+02   3.0557517729e+02
   3629.0000000000   2.9417382707e+02   1.2158299874e+02   3.0571526852e+02
   3630.0000000000   2.9430667656e+02   1.2168114349e+02   3.0584813426e+02
   3631.0000000000   2.9443348540e+02   1.2179224574e+02   3.0597900272e+02
   3632.0000000000   2.9455889240e+02   1.2189081165e+02   3.0610856718e+02
   3633.0000000000   2.9468337341e+02   1.2198668192e+02   3.0623714382e+02
   3634.0000000000   2.9481650531e+02   1.2208095544e+02   3.0636491569e+02
   3635.0000000000   2.9495290996e+02   1.2217409313e+02   3.0650154316e+02
   3636.0000000000   2.9508238296e+02   1.2226634592e+02   3.0663198207e+02
   3637.0000000000   2.9521000214e+02   1.2235787042e+02   3.0676096499e+02
   3638.0000000000   2.9533641290e+02   1.2244877314e+02   3.0688898470e+02
   3639.0000000000   2.9546190303e+02   1.2254867140e+02   3.0702579283e+02
   3640.0000000000   2.9558663709e+02   1.2264249414e+02   3.0715638074e+02
   3641.0000000000   2.9571072229e+02   1.2273495582e+02   3.0728549698e+02
   3642.0000000000   2.9584360990e+02   1.2282653628e+02   3.0741364213e+02
   3643.0000000000   2.9597048923e+02   1.2291743711e+02   3.0755057190e+02
   3644.0000000000   2.9609599301e+02   1.2300777128e+02   3.0768127978e+02
   3645.0000000000   2.9622996814e+02   1.2311669307e+02   3.0781051552e+02
   3646.0000000000   2.9635774543e+02   1.2321399655e+02   3.0794832075e+02
   3647.0000000000   2.9648402464e+02   1.2330905953e+02   3.0807978197e+02
   3648.0000000000   2.9661868966e+02   1.2341234055e+02   3.0820969112e+02
   3649.0000000000   2.9674709375e+02   1.2350907940e+02   3.0833857230e+02
   3650.0000000000   2.9687395130e+02   1.2360414252e+02   3.0846665500e+02
   3651.0000000000   2.9699978081e+02   1.2369809598e+02   3.0860361149e+02
   3652.0000000000   2.9712481016e+02   1.2379119519e+02   3.0873439964e+02
   3653.0000000000   2.9724917060e+02   1.2388358910e+02   3.0886375090e+02
   3654.0000000000   2.9737294883e+02   1.2397537642e+02   3.0900169644e+02
   3655.0000000000   2.9749620702e+02   1.2407616829e+02   3.0913331621e+02
   3656.0000000000   2.9761899234e+02   1.2418042951e+02   3.0927293824e+02
   3657.0000000000   2.9775071747e+02   1.2427774209e+02   3.0940595453e+02
   3658.0000000000   2.9788592070e+02   1.2437325263e+02   3.0953726155e+02
   3659.0000000000   2.9801434828e+02   1.2446760445e+02   3.0966743306e+02
   3660.0000000000   2.9815979679e+02   1.2456108104e+02   3.0979672653e+02
   3661.0000000000   2.9829315449e+02   1.2465384305e+02   3.0992529137e+02
   3662.0000000000   2.9842386978e+02   1.2475553483e+02   3.1005322636e+02
   3663.0000000000   2.9855296659e+02   1.2485110042e+02   3.1018060222e+02
   3664.0000000000   2.9868088020e+02   1.2495480391e+02   3.1031701285e+02
   3665.0000000000   2.9880785194e+02   1.2505200210e+02   3.1044737122e+02
   3666.0000000000   2.9894341062e+02   1.2514756994e+02   3.1058592100e+02
   3667.0000000000   2.9907279494e+02   1.2524206703e+02   3.1071800488e+02
   3668.0000000000   2.9921004661e+02   1.2534528142e+02   3.1084848772e+02
   3669.0000000000   2.9935016909e+02   1.2544222629e+02   3.1097792162e+02
   3670.0000000000   2.9948309934e+02   1.2554720462e+02   3.1110654854e+02
   3671.0000000000   2.9961398655e+02   1.2564559738e+02   3.1123450635e+02
   3672.0000000000   2.9975289401e+02   1.2574229570e+02   3.1136188496e+02
   3673.0000000000   2.9989464543e+02   1.2583787054e+02   3.1148874817e+02
   3674.0000000000   3.0002914606e+02   1.2594211828e+02   3.1161514387e+02
   3675.0000000000   3.0016154198e+02   1.2604959885e+02   3.1174110959e+02
   3676.0000000000   3.0029252487e+02   1.2614995067e+02   3.1187621607e+02
   3677.0000000000   3.0042241572e+02   1.2625789731e+02   3.1200535935e+02
   3678.0000000000   3.0055140397e+02   1.2635897833e+02   3.1213322986e+02
   3679.0000000000   3.0067961605e+02   1.2645816478e+02   3.1226028932e+02
   3680.0000000000   3.0080714304e+02   1.2655607465e+02   3.1238672541e+02
   3681.0000000000   3.0093405406e+02   1.2665299442e+02   3.1251264020e+02
   3682.0000000000   3.0106040353e+02   1.2674909383e+02   3.1263809845e+02
   3683.0000000000   3.0118623561e+02   1.2684448666e+02   3.1277268582e+02
   3684.0000000000   3.0132096233e+02   1.2695833594e+02   3.1292992824e+02
   3685.0000000000   3.0144974714e+02   1.2706044599e+02   3.1306913404e+02
   3686.0000000000   3.0157720496e+02   1.2716020449e+02   3.1320477565e+02
   3687.0000000000   3.0170379462e+02   1.2726807890e+02   3.1334791361e+02
   3688.0000000000   3.0182970510e+02   1.2737885736e+02   3.1348403745e+02
   3689.0000000000   3.0195504084e+02   1.2748228424e+02   3.1362768649e+02
   3690.0000000000   3.0207986918e+02   1.2758360097e+02   3.1377391819e+02
   3691.0000000000   3.0220423795e+02   1.2769305239e+02   3.1391258060e+02
   3692.0000000000   3.0232818337e+02   1.2779583501e+02   3.1405851237e+02
   3693.0000000000   3.0245173415e+02   1.2789680921e+02   3.1419732505e+02
   3694.0000000000   3.0257491384e+02   1.2799654546e+02   3.1433403851e+02
   3695.0000000000   3.0269774224e+02   1.2809530661e+02   3.1446930562e+02
   3696.0000000000   3.0282023636e+02   1.2819324957e+02   3.1460343883e+02
   3697.0000000000   3.0294241101e+02   1.2829048071e+02   3.1473662783e+02
   3698.0000000000   3.0307365473e+02   1.2839661824e+02   3.1486900206e+02
   3699.0000000000   3.0319911175e+02   1.2849659292e+02   3.1500065624e+02
   3700.0000000000   3.0332338104e+02   1.2859512162e+02   3.1513166309e+02
   3701.0000000000   3.0344690799e+02   1.2869268696e+02   3.1526208039e+02
   3702.0000000000   3.0356987014e+02   1.2878949344e+02   3.1539195523e+02
   3703.0000000000   3.0369236209e+02   1.2888565702e+02   3.1552132680e+02
   3704.0000000000   3.0381444264e+02   1.2898125409e+02   3.1565022829e+02
   3705.0000000000   3.0393615217e+02   1.2907633973e+02   3.1577868817e+02
   3706.0000000000   3.0405752032e+02   1.2918049661e+02   3.1591627159e+02
   3707.0000000000   3.0418794543e+02   1.2927862937e+02   3.1604787116e+02
   3708.0000000000   3.0431257842e+02   1.2937543500e+02   3.1617817524e+02
   3709.0000000000   3.0444539833e+02   1.2947138047e+02   3.1630764445e+02
   3710.0000000000   3.0457198640e+02   1.2957619817e+02   3.1643646595e+02
   3711.0000000000   3.0469711096e+02   1.2967486468e+02   3.1656474169e+02
   3712.0000000000   3.0482130409e+02   1.2977211705e+02   3.1669253661e+02
   3713.0000000000   3.0494479466e+02   1.2986844670e+02   3.1681989628e+02
   3714.0000000000   3.0506771042e+02   1.2996406154e+02   3.1694685492e+02
   3715.0000000000   3.0519013307e+02   1.3005907817e+02   3.1708297988e+02
   3716.0000000000   3.0531211938e+02   1.3015357218e+02   3.1721316404e+02
   3717.0000000000   3.0545246213e+02   1.3024759716e+02   3.1734209497e+02
   3718.0000000000   3.0558145868e+02   1.3034119348e+02   3.1747023194e+02
   3719.0000000000   3.0571768703e+02   1.3043439289e+02   3.1759776044e+02
   3720.0000000000   3.0584717240e+02   1.3052722117e+02   3.1772478065e+02
   3721.0000000000   3.0597485841e+02   1.3061969982e+02   3.1786089612e+02
   3722.0000000000   3.0610136895e+02   1.3071184711e+02   3.1800056199e+02
   3723.0000000000   3.0622698857e+02   1.3080367885e+02   3.1813335086e+02
   3724.0000000000   3.0635188209e+02   1.3089520886e+02   3.1826440070e+02
   3725.0000000000   3.0647615743e+02   1.3098644939e+02   3.1839434725e+02
   3726.0000000000   3.0659989082e+02   1.3107741141e+02   3.1852346733e+02
   3727.0000000000   3.0672313908e+02   1.3116810479e+02   3.1865191576e+02
   3728.0000000000   3.0684594623e+02   1.3125853850e+02   3.1877979138e+02
   3729.0000000000   3.0696834743e+02   1.3135826117e+02   3.1891670330e+02
   3730.0000000000   3.0709974687e+02   1.3145215124e+02   3.1904757302e+02
   3731.0000000000   3.0722530111e+02   1.3154488485e+02   3.1917710864e+02
   3732.0000000000   3.0735899439e+02   1.3163691195e+02   3.1930578463e+02
   3733.0000000000   3.0748641261e+02   1.3172841033e+02   3.1943379806e+02
   3734.0000000000   3.0761232827e+02   1.3181947369e+02   3.1956125812e+02
   3735.0000000000   3.0773727718e+02   1.3191015961e+02   3.1968823507e+02
   3736.0000000000   3.0786149147e+02   1.3200050712e+02   3.1983385930e+02
   3737.0000000000   3.0799447730e+02   1.3209054454e+02   3.1996790980e+02
   3738.0000000000   3.0812145150e+02   1.3218029349e+02   3.2009975408e+02
   3739.0000000000   3.0824706162e+02   1.3226977114e+02   3.2023030277e+02
   3740.0000000000   3.0837178747e+02   1.3236853195e+02   3.2035991907e+02
   3741.0000000000   3.0850520742e+02   1.3246145861e+02   3.2048879582e+02
   3742.0000000000   3.0864194339e+02   1.3255323038e+02   3.2061705204e+02
   3743.0000000000   3.0877179029e+02   1.3264429953e+02   3.2075430888e+02
   3744.0000000000   3.0889982479e+02   1.3274438599e+02   3.2089503614e+02
   3745.0000000000   3.0902669094e+02   1.3283845569e+02   3.2103835870e+02
   3746.0000000000   3.0916205050e+02   1.3293123633e+02   3.2117429511e+02
   3747.0000000000   3.0930057449e+02   1.3302321116e+02   3.2130815814e+02
   3748.0000000000   3.0943208962e+02   1.3311458083e+02   3.2144067462e+02
   3749.0000000000   3.0956169454e+02   1.3321499584e+02   3.2158171700e+02
   3750.0000000000   3.0969004925e+02   1.3330939687e+02   3.2172588810e+02
   3751.0000000000   3.0981745206e+02   1.3340250140e+02   3.2186285289e+02
   3752.0000000000   3.0994407532e+02   1.3350432892e+02   3.2199781203e+02
   3753.0000000000   3.1007003216e+02   1.3360948992e+02   3.2213144624e+02
   3754.0000000000   3.1019540293e+02   1.3370763437e+02   3.2226406606e+02
   3755.0000000000   3.1032962335e+02   1.3381348552e+02   3.2239585234e+02
   3756.0000000000   3.1045787302e+02   1.3392211897e+02   3.2252692460e+02
   3757.0000000000   3.1058477821e+02   1.3402337105e+02   3.2265736820e+02
   3758.0000000000   3.1071080594e+02   1.3412252303e+02   3.2279678789e+02
   3759.0000000000   3.1084552660e+02   1.3422029920e+02   3.2294918583e+02
   3760.0000000000   3.1098355709e+02   1.3431703577e+02   3.2309855412e+02
   3761.0000000000   3.1111468912e+02   1.3441292966e+02   3.2323957912e+02
   3762.0000000000   3.1124399731e+02   1.3450811084e+02   3.2337801705e+02
   3763.0000000000   3.1137212448e+02   1.3460267169e+02   3.2351476722e+02
   3764.0000000000   3.1149935620e+02   1.3469668138e+02   3.2365025083e+02
   3765.0000000000   3.1162585515e+02   1.3480927448e+02   3.2378471300e+02
   3766.0000000000   3.1175172690e+02   1.3491977623e+02   3.2391831408e+02
   3767.0000000000   3.1187704585e+02   1.3502243110e+02   3.2405116713e+02
   3768.0000000000   3.1200186752e+02   1.3512282463e+02   3.2418335621e+02
   3769.0000000000   3.1212623502e+02   1.3522176879e+02   3.2431494634e+02
   3770.0000000000   3.1225018300e+02   1.3531963290e+02   3.2444598933e+02
   3771.0000000000   3.1237373994e+02   1.3541662827e+02   3.2457652755e+02
   3772.0000000000   3.1249692974e+02   1.3551289168e+02   3.2470659626e+02
   3773.0000000000   3.1261977282e+02   1.3560851896e+02   3.2483622535e+02
   3774.0000000000   3.1275166227e+02   1.3571312151e+02   3.2497498090e+02
   3775.0000000000   3.1288712154e+02   1.3581162501e+02   3.2510775614e+02
   3776.0000000000   3.1301588529e+02   1.3590874226e+02   3.2525832065e+02
   3777.0000000000   3.1314298999e+02   1.3601449280e+02   3.2539687715e+02
   3778.0000000000   3.1326905124e+02   1.3611394902e+02   3.2554249167e+02
   3779.0000000000   3.1339433437e+02   1.3621189333e+02   3.2568102417e+02
   3780.0000000000   3.1352836182e+02   1.3630884316e+02   3.2582709275e+02
   3781.0000000000   3.1365635935e+02   1.3640502320e+02   3.2596623359e+02
   3782.0000000000   3.1378297975e+02   1.3651010212e+02   3.2610342647e+02
   3783.0000000000   3.1390870607e+02   1.3660903504e+02   3.2623929801e+02
   3784.0000000000   3.1404311880e+02   1.3670655132e+02   3.2637414159e+02
   3785.0000000000   3.1417146582e+02   1.3680313998e+02   3.2650813215e+02
   3786.0000000000   3.1429841047e+02   1.3690854914e+02   3.2665092782e+02
   3787.0000000000   3.1443381708e+02   1.3700776703e+02   3.2680656551e+02
   3788.0000000000   3.1456302695e+02   1.3710553947e+02   3.2694952099e+02
   3789.0000000000   3.1469074635e+02   1.3720236470e+02   3.2708962719e+02
   3790.0000000000   3.1482686331e+02   1.3729845600e+02   3.2722798433e+02
   3791.0000000000   3.1495673370e+02   1.3739393424e+02   3.2736505841e+02
   3792.0000000000   3.1508507357e+02   1.3748887849e+02   3.2750110690e+02
   3793.0000000000   3.1521240239e+02   1.3758334516e+02   3.2763629338e+02
   3794.0000000000   3.1533894859e+02   1.3767737696e+02   3.2777073123e+02
   3795.0000000000   3.1547421910e+02   1.3777100754e+02   3.2790450389e+02
   3796.0000000000   3.1560343319e+02   1.3786426433e+02   3.2804721598e+02
   3797.0000000000   3.1574061676e+02   1.3795717016e+02   3.2818378942e+02
   3798.0000000000   3.1587138518e+02   1.3804974446e+02   3.2832847546e+02
   3799.0000000000   3.1600053262e+02   1.3814200397e+02   3.2846662321e+02
   3800.0000000000   3.1612861147e+02   1.3823396335e+02   3.2860310303e+02
   3801.0000000000   3.1625586685e+02   1.3833517596e+02   3.2873847182e+02
   3802.0000000000   3.1638243987e+02   1.3844006471e+02   3.2887297568e+02
   3803.0000000000   3.1651779874e+02   1.3853818008e+02   3.2900675617e+02
   3804.0000000000   3.1664714218e+02   1.3863464415e+02   3.2913990645e+02
   3805.0000000000   3.1679385939e+02   1.3873962124e+02   3.2927249320e+02
   3806.0000000000   3.1693806591e+02   1.3883824999e+02   3.2940456693e+02
   3807.0000000000   3.1707427167e+02   1.3893534723e+02   3.2953616749e+02
   3808.0000000000   3.1720804962e+02   1.3903144960e+02   3.2966732733e+02
   3809.0000000000   3.1734962227e+02   1.3912679284e+02   3.2979807351e+02
   3810.0000000000   3.1748451668e+02   1.3923105218e+02   3.2992842901e+02
   3811.0000000000   3.1761755054e+02   1.3932918651e+02   3.3005841368e+02
   3812.0000000000   3.1774930960e+02   1.3942592727e+02   3.3018804489e+02
   3813.0000000000   3.1788006842e+02   1.3952176456e+02   3.3031733797e+02
   3814.0000000000   3.1800999220e+02   1.3961690641e+02   3.3044630661e+02
   3815.0000000000   3.1813919319e+02   1.3971147005e+02   3.3057496313e+02
   3816.0000000000   3.1826775337e+02   1.3980553175e+02   3.3070331867e+02
   3817.0000000000   3.1839573563e+02   1.3989914571e+02   3.3083138339e+02
   3818.0000000000   3.1852318990e+02   1.3999235275e+02   3.3096870702e+02
   3819.0000000000   3.1865953235e+02   1.4009472535e+02   3.3110970946e+02
   3820.0000000000   3.1878992944e+02   1.4021024126e+02   3.3124393874e+02
   3821.0000000000   3.1892837378e+02   1.4031333308e+02   3.3138605532e+02
   3822.0000000000   3.1906045847e+02   1.4041380092e+02   3.3152155226e+02
   3823.0000000000   3.1919096223e+02   1.4051271932e+02   3.3165536502e+02
   3824.0000000000   3.1932042632e+02   1.4061053362e+02   3.3178808355e+02
   3825.0000000000   3.1944908771e+02   1.4071702484e+02   3.3191997169e+02
   3826.0000000000   3.1957708141e+02   1.4082675381e+02   3.3206072105e+02
   3827.0000000000   3.1970449553e+02   1.4093890254e+02   3.3219530080e+02
   3828.0000000000   3.1983139265e+02   1.4104352794e+02   3.3232844920e+02
   3829.0000000000   3.1995781988e+02   1.4114596987e+02   3.3246066107e+02
   3830.0000000000   3.2008381418e+02   1.4124697510e+02   3.3260168825e+02
   3831.0000000000   3.2020940549e+02   1.4134689075e+02   3.3273652140e+02
   3832.0000000000   3.2034399412e+02   1.4145546047e+02   3.3286990788e+02
   3833.0000000000   3.2047273370e+02   1.4155768938e+02   3.3300234687e+02
   3834.0000000000   3.2060023080e+02   1.4165834218e+02   3.3314359258e+02
   3835.0000000000   3.2074568796e+02   1.4175793402e+02   3.3327863705e+02
   3836.0000000000   3.2087955309e+02   1.4185669248e+02   3.3342176898e+02
   3837.0000000000   3.2101110208e+02   1.4195475044e+02   3.3357743999e+02
   3838.0000000000   3.2114126921e+02   1.4205219701e+02   3.3372027537e+02
   3839.0000000000   3.2127043576e+02   1.4214909703e+02   3.3386017853e+02
   3840.0000000000   3.2139880735e+02   1.4224550034e+02   3.3399828775e+02
   3841.0000000000   3.2152651223e+02   1.4234144671e+02   3.3413509133e+02
   3842.0000000000   3.2165363794e+02   1.4243696875e+02   3.3427086059e+02
   3843.0000000000   3.2178024813e+02   1.4253209384e+02   3.3441530838e+02
   3844.0000000000   3.2190639124e+02   1.4262684530e+02   3.3455342485e+02
   3845.0000000000   3.2203210542e+02   1.4272124334e+02   3.3468996653e+02
   3846.0000000000   3.2216679705e+02   1.4281530562e+02   3.3482544371e+02
   3847.0000000000   3.2230499972e+02   1.4290904776e+02   3.3496008091e+02
   3848.0000000000   3.2243645606e+02   1.4300248368e+02   3.3509400900e+02
   3849.0000000000   3.2256620886e+02   1.4309562587e+02   3.3523685609e+02
   3850.0000000000   3.2269487887e+02   1.4319802607e+02   3.3537355699e+02
   3851.0000000000   3.2282273561e+02   1.4329456546e+02   3.3550882999e+02
   3852.0000000000   3.2295930505e+02   1.4338992260e+02   3.3564315787e+02
   3853.0000000000   3.2308981587e+02   1.4348454962e+02   3.3577674466e+02
   3854.0000000000   3.2321892336e+02   1.4357862624e+02   3.3590970553e+02
   3855.0000000000   3.2334711271e+02   1.4367224790e+02   3.3604211595e+02
   3856.0000000000   3.2347459082e+02   1.4376547376e+02   3.3617403007e+02
   3857.0000000000   3.2360147462e+02   1.4385834425e+02   3.3630548911e+02
   3858.0000000000   3.2372784040e+02   1.4396042941e+02   3.3643652587e+02
   3859.0000000000   3.2386311791e+02   1.4406616338e+02   3.3656716723e+02
   3860.0000000000   3.2399248071e+02   1.4416510448e+02   3.3669743577e+02
   3861.0000000000   3.2412054948e+02   1.4426238042e+02   3.3682735082e+02
   3862.0000000000   3.2425716167e+02   1.4435861918e+02   3.3695692917e+02
   3863.0000000000   3.2438764046e+02   1.4445409152e+02   3.3708618559e+02
   3864.0000000000   3.2451667931e+02   1.4455848784e+02   3.3722467360e+02
   3865.0000000000   3.2464478140e+02   1.4465677388e+02   3.3735727591e+02
   3866.0000000000   3.2477216296e+02   1.4475368414e+02   3.3748867230e+02
   3867.0000000000   3.2489894608e+02   1.4485925027e+02   3.3761931595e+02
   3868.0000000000   3.2502521006e+02   1.4496809186e+02   3.3774938747e+02
   3869.0000000000   3.2515101099e+02   1.4506986588e+02   3.3787898307e+02
   3870.0000000000   3.2527639094e+02   1.4517930118e+02   3.3801770299e+02
   3871.0000000000   3.2540138283e+02   1.4528193747e+02   3.3815045920e+02
   3872.0000000000   3.2552601325e+02   1.4538274389e+02   3.3828195099e+02
   3873.0000000000   3.2565967962e+02   1.4548233570e+02   3.3841264514e+02
   3874.0000000000   3.2579690854e+02   1.4558099638e+02   3.3855227252e+02
   3875.0000000000   3.2592743695e+02   1.4567889266e+02   3.3868580754e+02
   3876.0000000000   3.2605630302e+02   1.4577613540e+02   3.3881798474e+02
   3877.0000000000   3.2618412362e+02   1.4587280400e+02   3.3894929292e+02
   3878.0000000000   3.2631116504e+02   1.4596895835e+02   3.3907993737e+02
   3879.0000000000   3.2643757501e+02   1.4606464533e+02   3.3921003211e+02
   3880.0000000000   3.2656344728e+02   1.4615990270e+02   3.3933965027e+02
   3881.0000000000   3.2668884662e+02   1.4625476157e+02   3.3946884310e+02
   3882.0000000000   3.2682319600e+02   1.4634924804e+02   3.3959764870e+02
   3883.0000000000   3.2696103985e+02   1.4644338437e+02   3.3972609671e+02
   3884.0000000000   3.2709212811e+02   1.4653718975e+02   3.3986375135e+02
   3885.0000000000   3.2722150864e+02   1.4663068094e+02   3.3999550316e+02
   3886.0000000000   3.2734980574e+02   1.4672387273e+02   3.4012603781e+02
   3887.0000000000   3.2747729151e+02   1.4681677822e+02   3.4025581295e+02
   3888.0000000000   3.2760411831e+02   1.4690940916e+02   3.4040409348e+02
   3889.0000000000   3.2775850992e+02   1.4700177615e+02   3.4054072014e+02
   3890.0000000000   3.2789593186e+02   1.4709388877e+02   3.4067509316e+02
   3891.0000000000   3.2803957492e+02   1.4718575576e+02   3.4080814227e+02
   3892.0000000000   3.2817591777e+02   1.4727738513e+02   3.4094024246e+02
   3893.0000000000   3.2831008603e+02   1.4736878422e+02   3.4108113462e+02
   3894.0000000000   3.2844280040e+02   1.4745995984e+02   3.4122535423e+02
   3895.0000000000   3.2857440494e+02   1.4755091826e+02   3.4136252559e+02
   3896.0000000000   3.2871448002e+02   1.4765120576e+02   3.4149782228e+02
   3897.0000000000   3.2884829479e+02   1.4774569872e+02   3.4163190566e+02
   3898.0000000000   3.2898053543e+02   1.4784861183e+02   3.4177461218e+02
   3899.0000000000   3.2911171124e+02   1.4795480474e+02   3.4191098231e+02
   3900.0000000000   3.2924204830e+02   1.4806353426e+02   3.4205533610e+02
   3901.0000000000   3.2937167913e+02   1.4816487634e+02   3.4219306594e+02
   3902.0000000000   3.2950069281e+02   1.4826417182e+02   3.4232907093e+02
   3903.0000000000   3.2962915434e+02   1.4836216197e+02   3.4246392783e+02
   3904.0000000000   3.2975711371e+02   1.4845918630e+02   3.4259789690e+02
   3905.0000000000   3.2988461082e+02   1.4855543999e+02   3.4273112999e+02
   3906.0000000000   3.3001167846e+02   1.4865104943e+02   3.4288280874e+02
   3907.0000000000   3.3013834409e+02   1.4874610283e+02   3.4302274744e+02
   3908.0000000000   3.3026463114e+02   1.4884066512e+02   3.4316033928e+02
   3909.0000000000   3.3039055988e+02   1.4894432642e+02   3.4330605493e+02
   3910.0000000000   3.3051614804e+02   1.4905153732e+02   3.4344514388e+02
   3911.0000000000   3.3064141129e+02   1.4915186964e+02   3.4358248053e+02
   3912.0000000000   3.3076636357e+02   1.4925046229e+02   3.4372817799e+02
   3913.0000000000   3.3089101741e+02   1.4934795256e+02   3.4386736816e+02
   3914.0000000000   3.3101538413e+02   1.4944461909e+02   3.4400487393e+02
   3915.0000000000   3.3113947400e+02   1.4954061847e+02   3.4414124161e+02
   3916.0000000000   3.3126329640e+02   1.4963605122e+02   3.4427671729e+02
   3917.0000000000   3.3138685994e+02   1.4973098753e+02   3.4441144560e+02
   3918.0000000000   3.3151017256e+02   1.4982547932e+02   3.4454552359e+02
   3919.0000000000   3.3163324158e+02   1.4991956669e+02   3.4467902166e+02
   3920.0000000000   3.3175607381e+02   1.5001328161e+02   3.4482153413e+02
   3921.0000000000   3.3187867557e+02   1.5010665027e+02   3.4495797473e+02
   3922.0000000000   3.3200105278e+02   1.5019969450e+02   3.4510258804e+02
   3923.0000000000   3.3212321098e+02   1.5029243288e+02   3.4524071772e+02
   3924.0000000000   3.3224515534e+02   1.5038488140e+02   3.4537722955e+02
   3925.0000000000   3.3236689076e+02   1.5047705401e+02   3.4551267658e+02
   3926.0000000000   3.3248842184e+02   1.5056896299e+02   3.4564730160e+02
   3927.0000000000   3.3260975291e+02   1.5066061926e+02   3.4578124330e+02
   3928.0000000000   3.3274026355e+02   1.5075203260e+02   3.4591459234e+02
   3929.0000000000   3.3286509019e+02   1.5084321182e+02   3.4604741320e+02
   3930.0000000000   3.3298882498e+02   1.5093416493e+02   3.4617975442e+02
   3931.0000000000   3.3311190728e+02   1.5103443964e+02   3.4631165412e+02
   3932.0000000000   3.3323450928e+02   1.5112891357e+02   3.4644314315e+02
   3933.0000000000   3.3336609619e+02   1.5122226205e+02   3.4657424714e+02
   3934.0000000000   3.3350123049e+02   1.5133401514e+02   3.4670498777e+02
   3935.0000000000   3.3362966962e+02   1.5143409178e+02   3.4683538371e+02
   3936.0000000000   3.3375646392e+02   1.5153192333e+02   3.4696545121e+02
   3937.0000000000   3.3388223770e+02   1.5162845377e+02   3.4709520462e+02
   3938.0000000000   3.3400726172e+02   1.5172406509e+02   3.4722465668e+02
   3939.0000000000   3.3413168642e+02   1.5181896121e+02   3.4735381884e+02
   3940.0000000000   3.3426498246e+02   1.5191326785e+02   3.4748270145e+02
   3941.0000000000   3.3439234788e+02   1.5200706984e+02   3.4761131391e+02
   3942.0000000000   3.3451841882e+02   1.5210042803e+02   3.4773966481e+02
   3943.0000000000   3.3464366741e+02   1.5220292861e+02   3.4786776205e+02
   3944.0000000000   3.3476829100e+02   1.5229947809e+02   3.4799561291e+02
   3945.0000000000   3.3489239918e+02   1.5239477415e+02   3.4812322417e+02
   3946.0000000000   3.3502543779e+02   1.5248928366e+02   3.4825060208e+02
   3947.0000000000   3.3515258884e+02   1.5259273829e+02   3.4837775251e+02
   3948.0000000000   3.3527847764e+02   1.5269011358e+02   3.4851422136e+02
   3949.0000000000   3.3541294414e+02   1.5278614523e+02   3.4865442512e+02
   3950.0000000000   3.3554131278e+02   1.5289086362e+02   3.4879744916e+02
   3951.0000000000   3.3567765297e+02   1.5298934599e+02   3.4893328165e+02
   3952.0000000000   3.3580760052e+02   1.5308637647e+02   3.4906721139e+02
   3953.0000000000   3.3593595981e+02   1.5319201293e+02   3.4920948630e+02
   3954.0000000000   3.3606328834e+02   1.5329135004e+02   3.4935483383e+02
   3955.0000000000   3.3618983366e+02   1.5338918379e+02   3.4949297231e+02
   3956.0000000000   3.3631573778e+02   1.5348604016e+02   3.4962912804e+02
   3957.0000000000   3.3644109352e+02   1.5360123013e+02   3.4976399472e+02
   3958.0000000000   3.3656596656e+02   1.5370462729e+02   3.4990742979e+02
   3959.0000000000   3.3669040603e+02   1.5380565637e+02   3.5004448804e+02
   3960.0000000000   3.3681445013e+02   1.5390526588e+02   3.5019904003e+02
   3961.0000000000   3.3693812951e+02   1.5401338608e+02   3.5034135637e+02
   3962.0000000000   3.3707084477e+02   1.5411510030e+02   3.5048101077e+02
   3963.0000000000   3.3720712499e+02   1.5421521159e+02   3.5061902758e+02
   3964.0000000000   3.3733670908e+02   1.5431425580e+02   3.5075584200e+02
   3965.0000000000   3.3746463680e+02   1.5441247240e+02   3.5089169640e+02
   3966.0000000000   3.3759152631e+02   1.5451954175e+02   3.5102674586e+02
   3967.0000000000   3.3771764489e+02   1.5463950905e+02   3.5116109841e+02
   3968.0000000000   3.3784314112e+02   1.5474685281e+02   3.5129483381e+02
   3969.0000000000   3.3796810941e+02   1.5486094677e+02   3.5142801347e+02
   3970.0000000000   3.3809261507e+02   1.5496776132e+02   3.5156068620e+02
   3971.0000000000   3.3823545693e+02   1.5508197086e+02   3.5169289177e+02
   3972.0000000000   3.3837631232e+02   1.5519868633e+02   3.5182466323e+02
   3973.0000000000   3.3850951988e+02   1.5530778169e+02   3.5195602853e+02
   3974.0000000000   3.3864056350e+02   1.5541456967e+02   3.5208701162e+02
   3975.0000000000   3.3877023649e+02   1.5551979992e+02   3.5221763325e+02
   3976.0000000000   3.3891764848e+02   1.5562382925e+02   3.5234791163e+02
   3977.0000000000   3.3905326846e+02   1.5572687150e+02   3.5248740325e+02
   3978.0000000000   3.3918640434e+02   1.5582907073e+02   3.5262099334e+02
   3979.0000000000   3.3931801893e+02   1.5593053124e+02   3.5275336393e+02
   3980.0000000000   3.3944851686e+02   1.5603133235e+02   3.5288497012e+02
   3981.0000000000   3.3957812265e+02   1.5613153657e+02   3.5302553463e+02
   3982.0000000000   3.3970697977e+02   1.5623119455e+02   3.5316002607e+02
   3983.0000000000   3.3984456362e+02   1.5633034818e+02   3.5329317474e+02
   3984.0000000000   3.3997608063e+02   1.5642903276e+02   3.5342546633e+02
   3985.0000000000   3.4010617611e+02   1.5652727845e+02   3.5355710377e+02
   3986.0000000000   3.4023533118e+02   1.5662511132e+02   3.5368819932e+02
   3987.0000000000   3.4036375155e+02   1.5672255418e+02   3.5381882475e+02
   3988.0000000000   3.4049155451e+02   1.5681962715e+02   3.5395857068e+02
   3989.0000000000   3.4062819290e+02   1.5691634810e+02   3.5409234535e+02
   3990.0000000000   3.4075885504e+02   1.5701273303e+02   3.5422484696e+02
   3991.0000000000   3.4089754742e+02   1.5710879636e+02   3.5438516360e+02
   3992.0000000000   3.4102987231e+02   1.5721409158e+02   3.5452809907e+02
   3993.0000000000   3.4116061474e+02   1.5731350148e+02   3.5466776524e+02
   3994.0000000000   3.4129032042e+02   1.5741170614e+02   3.5480555890e+02
   3995.0000000000   3.4141922949e+02   1.5751869945e+02   3.5494204162e+02
   3996.0000000000   3.4155685470e+02   1.5761953335e+02   3.5507751203e+02
   3997.0000000000   3.4168841840e+02   1.5771897361e+02   3.5521215386e+02
   3998.0000000000   3.4181857285e+02   1.5782706442e+02   3.5534609091e+02
   3999.0000000000   3.4194780190e+02   1.5792888994e+02   3.5548895247e+02
   4000.0000000000   3.4207631201e+02   1.5802923798e+02   3.5562567622e+02
   4001.0000000000   3.4220422016e+02   1.5812862805e+02   3.5576098330e+02
   4002.0000000000   3.4234097844e+02   1.5822728509e+02   3.5589535883e+02
   4003.0000000000   3.4248114963e+02   1.5833487706e+02   3.5602900866e+02
   4004.0000000000   3.4261449629e+02   1.5843635783e+02   3.5616204931e+02
   4005.0000000000   3.4274607552e+02   1.5853645525e+02   3.5629455719e+02
   4006.0000000000   3.4287651877e+02   1.5863565674e+02   3.5642658706e+02
   4007.0000000000   3.4300610379e+02   1.5873416835e+02   3.5655818058e+02
   4008.0000000000   3.4314436305e+02   1.5883210581e+02   3.5668937074e+02
   4009.0000000000   3.4328590591e+02   1.5892954421e+02   3.5682018451e+02
   4010.0000000000   3.4342052452e+02   1.5903607726e+02   3.5695064444e+02
   4011.0000000000   3.4355329610e+02   1.5913661600e+02   3.5708076975e+02
   4012.0000000000   3.4368486641e+02   1.5923586110e+02   3.5721057705e+02
   4013.0000000000   3.4381552376e+02   1.5933428160e+02   3.5734008090e+02
   4014.0000000000   3.4394543326e+02   1.5943207051e+02   3.5746929418e+02
   4015.0000000000   3.4407470256e+02   1.5952933390e+02   3.5759822835e+02
   4016.0000000000   3.4420340786e+02   1.5962613957e+02   3.5772689377e+02
   4017.0000000000   3.4433160614e+02   1.5972253513e+02   3.5786484021e+02
   4018.0000000000   3.4445934185e+02   1.5981855615e+02   3.5799694710e+02
   4019.0000000000   3.4459602614e+02   1.5991423047e+02   3.5813743185e+02
   4020.0000000000   3.4472682102e+02   1.6001912106e+02   3.5827161608e+02
   4021.0000000000   3.4485633963e+02   1.6011811755e+02   3.5840434736e+02
   4022.0000000000   3.4499441440e+02   1.6021590499e+02   3.5853616348e+02
   4023.0000000000   3.4512636498e+02   1.6031294059e+02   3.5866729426e+02
   4024.0000000000   3.4525688238e+02   1.6040940809e+02   3.5879786725e+02
   4025.0000000000   3.4538646804e+02   1.6050540618e+02   3.5892796345e+02
   4026.0000000000   3.4551533689e+02   1.6060099664e+02   3.5906717931e+02
   4027.0000000000   3.4564361013e+02   1.6069622206e+02   3.5920042688e+02
   4028.0000000000   3.4577136637e+02   1.6079111384e+02   3.5935148768e+02
   4029.0000000000   3.4590803668e+02   1.6088569625e+02   3.5949057206e+02
   4030.0000000000   3.4603879534e+02   1.6097998876e+02   3.5962721054e+02
   4031.0000000000   3.4617763888e+02   1.6107400743e+02   3.5976239517e+02
   4032.0000000000   3.4631016214e+02   1.6116776581e+02   3.5989653626e+02
   4033.0000000000   3.4645051969e+02   1.6126127553e+02   3.6002985646e+02
   4034.0000000000   3.4658438504e+02   1.6137362760e+02   3.6016249492e+02
   4035.0000000000   3.4672595825e+02   1.6147457282e+02   3.6029454658e+02
   4036.0000000000   3.4686094167e+02   1.6157345754e+02   3.6042608028e+02
   4037.0000000000   3.4699417952e+02   1.6167117600e+02   3.6055714823e+02
   4038.0000000000   3.4712625555e+02   1.6176807830e+02   3.6068779135e+02
   4039.0000000000   3.4725743588e+02   1.6186434662e+02   3.6081804265e+02
   4040.0000000000   3.4738787630e+02   1.6196009110e+02   3.6094792931e+02
   4041.0000000000   3.4751768027e+02   1.6206492542e+02   3.6107747411e+02
   4042.0000000000   3.4764692195e+02   1.6216377257e+02   3.6120669646e+02
   4043.0000000000   3.4777565735e+02   1.6227088101e+02   3.6133561311e+02
   4044.0000000000   3.4790393042e+02   1.6238113572e+02   3.6147377909e+02
   4045.0000000000   3.4804115212e+02   1.6248427265e+02   3.6160607818e+02
   4046.0000000000   3.4818185978e+02   1.6258551227e+02   3.6173719100e+02
   4047.0000000000   3.4831579910e+02   1.6269507911e+02   3.6186757128e+02
   4048.0000000000   3.4844801549e+02   1.6280769247e+02   3.6199740004e+02
   4049.0000000000   3.4857913191e+02   1.6291306859e+02   3.6212677373e+02
   4050.0000000000   3.4870941978e+02   1.6301643434e+02   3.6226529274e+02
   4051.0000000000   3.4883903129e+02   1.6311848509e+02   3.6239786906e+02
   4052.0000000000   3.4896806402e+02   1.6321954000e+02   3.6252920197e+02
   4053.0000000000   3.4909658608e+02   1.6332932560e+02   3.6265975816e+02
   4054.0000000000   3.4922464795e+02   1.6343283560e+02   3.6278972794e+02
   4055.0000000000   3.4935228868e+02   1.6353482653e+02   3.6291921463e+02
   4056.0000000000   3.4947953953e+02   1.6363580744e+02   3.6306736422e+02
   4057.0000000000   3.4960642614e+02   1.6373600117e+02   3.6321350409e+02
   4058.0000000000   3.4973297003e+02   1.6383553678e+02   3.6335187675e+02
   4059.0000000000   3.4985918956e+02   1.6394404063e+02   3.6348806410e+02
   4060.0000000000   3.5001322692e+02   1.6404644585e+02   3.6362287377e+02
   4061.0000000000   3.5015049370e+02   1.6414746919e+02   3.6375667063e+02
   4062.0000000000   3.5029414295e+02   1.6424759193e+02   3.6389920207e+02
   4063.0000000000   3.5043062576e+02   1.6434701678e+02   3.6404501207e+02
   4064.0000000000   3.5056504693e+02   1.6444585764e+02   3.6419327315e+02
   4065.0000000000   3.5070748644e+02   1.6454418882e+02   3.6433403632e+02
   4066.0000000000   3.5084340813e+02   1.6464206336e+02   3.6447263756e+02
   4067.0000000000   3.5097759504e+02   1.6473952147e+02   3.6460982086e+02
   4068.0000000000   3.5111061116e+02   1.6483659500e+02   3.6474593128e+02
   4069.0000000000   3.5124271602e+02   1.6493330992e+02   3.6488117047e+02
   4070.0000000000   3.5137406378e+02   1.6502968798e+02   3.6502521175e+02
   4071.0000000000   3.5150475812e+02   1.6512574769e+02   3.6516302050e+02
   4072.0000000000   3.5163487420e+02   1.6523104552e+02   3.6529933660e+02
   4073.0000000000   3.5177384471e+02   1.6534000687e+02   3.6543465859e+02
   4074.0000000000   3.5190684743e+02   1.6544218428e+02   3.6556920233e+02
   4075.0000000000   3.5203850748e+02   1.6554270156e+02   3.6570309205e+02
   4076.0000000000   3.5217866659e+02   1.6564218402e+02   3.6584595071e+02
   4077.0000000000   3.5231265183e+02   1.6574090064e+02   3.6598270894e+02
   4078.0000000000   3.5244516021e+02   1.6583900012e+02   3.6612762208e+02
   4079.0000000000   3.5257669810e+02   1.6594611689e+02   3.6626604096e+02
   4080.0000000000   3.5271685997e+02   1.6605672706e+02   3.6641237684e+02
   4081.0000000000   3.5285090303e+02   1.6616041811e+02   3.6655205728e+02
   4082.0000000000   3.5298349727e+02   1.6626233897e+02   3.6668999693e+02
   4083.0000000000   3.5311513666e+02   1.6636313364e+02   3.6682677999e+02
   4084.0000000000   3.5325540937e+02   1.6646308537e+02   3.6696267045e+02
   4085.0000000000   3.5338956909e+02   1.6656235403e+02   3.6709782205e+02
   4086.0000000000   3.5352228375e+02   1.6667058294e+02   3.6723233659e+02
   4087.0000000000   3.5365404607e+02   1.6677271497e+02   3.6736628701e+02
   4088.0000000000   3.5378506795e+02   1.6688301299e+02   3.6750926882e+02
   4089.0000000000   3.5391546998e+02   1.6698683259e+02   3.6764619627e+02
   4090.0000000000   3.5404533129e+02   1.6708904754e+02   3.6779131400e+02
   4091.0000000000   3.5417470847e+02   1.6719021630e+02   3.6792996549e+02
   4092.0000000000   3.5430364442e+02   1.6729058540e+02   3.6806701622e+02
   4093.0000000000   3.5443217300e+02   1.6739029607e+02   3.6821255925e+02
   4094.0000000000   3.5456969725e+02   1.6748944072e+02   3.6835170787e+02
   4095.0000000000   3.5470137273e+02   1.6758808498e+02   3.6849880990e+02
   4096.0000000000   3.5483180741e+02   1.6768627813e+02   3.6863927001e+02
   4097.0000000000   3.5496145404e+02   1.6778405871e+02   3.6877799318e+02
   4098.0000000000   3.5509049617e+02   1.6788145779e+02   3.6891555916e+02
   4099.0000000000   3.5521903344e+02   1.6797850104e+02   3.6905222976e+02
   4100.0000000000   3.5534712889e+02   1.6807521007e+02   3.6919769807e+02
   4101.0000000000   3.5547482649e+02   1.6818114380e+02   3.6933693628e+02
   4102.0000000000   3.5560215897e+02   1.6828118917e+02   3.6948422669e+02
   4103.0000000000   3.5572915189e+02   1.6838002942e+02   3.6962493873e+02
   4104.0000000000   3.5586520135e+02   1.6847812050e+02   3.6976395668e+02
   4105.0000000000   3.5600483255e+02   1.6857564533e+02   3.6991138769e+02
   4106.0000000000   3.5614715651e+02   1.6867270197e+02   3.7005235589e+02
   4107.0000000000   3.5628234270e+02   1.6876935182e+02   3.7019167726e+02
   4108.0000000000   3.5641559527e+02   1.6886563720e+02   3.7032989243e+02
   4109.0000000000   3.5655699073e+02   1.6896158933e+02   3.7046724286e+02
   4110.0000000000   3.5669197725e+02   1.6905723235e+02   3.7060386947e+02
   4111.0000000000   3.5682532273e+02   1.6915258570e+02   3.7073986621e+02
   4112.0000000000   3.5695757845e+02   1.6925720580e+02   3.7087530102e+02
   4113.0000000000   3.5709836901e+02   1.6937505799e+02   3.7101022569e+02
   4114.0000000000   3.5723297266e+02   1.6949964580e+02   3.7115422171e+02
   4115.0000000000   3.5737544999e+02   1.6961050311e+02   3.7129219353e+02
   4116.0000000000   3.5751143880e+02   1.6971803612e+02   3.7143837870e+02
   4117.0000000000   3.5765512416e+02   1.6983311200e+02   3.7157811542e+02
   4118.0000000000   3.5779220217e+02   1.6994118105e+02   3.7171626517e+02
   4119.0000000000   3.5792751467e+02   1.7004723400e+02   3.7186291787e+02
   4120.0000000000   3.5806164500e+02   1.7015191695e+02   3.7200318436e+02
   4121.0000000000   3.5820423517e+02   1.7025554003e+02   3.7214187006e+02
   4122.0000000000   3.5834057445e+02   1.7035829132e+02   3.7227950712e+02
   4123.0000000000   3.5847535579e+02   1.7046029853e+02   3.7241633006e+02
   4124.0000000000   3.5860909034e+02   1.7057119490e+02   3.7255247401e+02
   4125.0000000000   3.5874200404e+02   1.7067592200e+02   3.7268802812e+02
   4126.0000000000   3.5887422847e+02   1.7077920461e+02   3.7282305621e+02
   4127.0000000000   3.5900585157e+02   1.7088153119e+02   3.7295760658e+02
   4128.0000000000   3.5913693709e+02   1.7098311059e+02   3.7309171729e+02
   4129.0000000000   3.5926753385e+02   1.7108406204e+02   3.7322541921e+02
   4130.0000000000   3.5939768069e+02   1.7118446434e+02   3.7335873803e+02
   4131.0000000000   3.5952740938e+02   1.7128437443e+02   3.7349169550e+02
   4132.0000000000   3.5965674653e+02   1.7138383585e+02   3.7362431032e+02
   4133.0000000000   3.5978571479e+02   1.7149242377e+02   3.7376613923e+02
   4134.0000000000   3.5992370914e+02   1.7159503758e+02   3.7391160794e+02
   4135.0000000000   3.6005587926e+02   1.7169637040e+02   3.7405026935e+02
   4136.0000000000   3.6018682869e+02   1.7179688620e+02   3.7418724760e+02
   4137.0000000000   3.6031700672e+02   1.7190631493e+02   3.7432316836e+02
   4138.0000000000   3.6044659424e+02   1.7200963117e+02   3.7445830094e+02
   4139.0000000000   3.6057568876e+02   1.7211157022e+02   3.7459279437e+02
   4140.0000000000   3.6070435161e+02   1.7221262202e+02   3.7474582383e+02
   4141.0000000000   3.6083262535e+02   1.7231299312e+02   3.7489673667e+02
   4142.0000000000   3.6096054158e+02   1.7243187976e+02   3.7503978984e+02
   4143.0000000000   3.6108812489e+02   1.7253909830e+02   3.7518057608e+02
   4144.0000000000   3.6122477061e+02   1.7264403966e+02   3.7531991149e+02
   4145.0000000000   3.6135562780e+02   1.7274763032e+02   3.7545816768e+02
   4146.0000000000   3.6148529893e+02   1.7285024472e+02   3.7559555713e+02
   4147.0000000000   3.6161423196e+02   1.7295208406e+02   3.7574175753e+02
   4148.0000000000   3.6175198181e+02   1.7306281416e+02   3.7588173566e+02
   4149.0000000000   3.6189315248e+02   1.7316739168e+02   3.7602023149e+02
   4150.0000000000   3.6202752488e+02   1.7327054830e+02   3.7615774292e+02
   4151.0000000000   3.6216016444e+02   1.7337277518e+02   3.7629448488e+02
   4152.0000000000   3.6229170609e+02   1.7347428181e+02   3.7643058059e+02
   4153.0000000000   3.6242242857e+02   1.7357518686e+02   3.7656611152e+02
   4154.0000000000   3.6255248858e+02   1.7367556807e+02   3.7670113639e+02
   4155.0000000000   3.6268198645e+02   1.7377548102e+02   3.7683569995e+02
   4156.0000000000   3.6281099194e+02   1.7387496782e+02   3.7696983774e+02
   4157.0000000000   3.6293955641e+02   1.7397406171e+02   3.7710357880e+02
   4158.0000000000   3.6306771933e+02   1.7407278978e+02   3.7724648783e+02
   4159.0000000000   3.6320488742e+02   1.7417117462e+02   3.7738345643e+02
   4160.0000000000   3.6333621876e+02   1.7426923543e+02   3.7751917166e+02
   4161.0000000000   3.6346632298e+02   1.7436698875e+02   3.7766363307e+02
   4162.0000000000   3.6359565387e+02   1.7447398951e+02   3.7782097806e+02
   4163.0000000000   3.6372439567e+02   1.7458466182e+02   3.7797525848e+02
   4164.0000000000   3.6385264836e+02   1.7469809761e+02   3.7812119055e+02
   4165.0000000000   3.6398047516e+02   1.7480429074e+02   3.7826454637e+02
   4166.0000000000   3.6410792003e+02   1.7490853495e+02   3.7840623396e+02
   4167.0000000000   3.6423501560e+02   1.7501154209e+02   3.7854667922e+02
   4168.0000000000   3.6436178725e+02   1.7513271297e+02   3.7868612971e+02
   4169.0000000000   3.6448825542e+02   1.7524197104e+02   3.7882474683e+02
   4170.0000000000   3.6461443701e+02   1.7534877135e+02   3.7896264389e+02
   4171.0000000000   3.6474034632e+02   1.7546362246e+02   3.7909990470e+02
   4172.0000000000   3.6486599565e+02   1.7557179846e+02   3.7923659369e+02
   4173.0000000000   3.6499139573e+02   1.7568773081e+02   3.7937276195e+02
   4174.0000000000   3.6511655601e+02   1.7579687473e+02   3.7950845098e+02
   4175.0000000000   3.6525086039e+02   1.7593278999e+02   3.7965323560e+02
   4176.0000000000   3.6537944902e+02   1.7605069262e+02   3.7979201570e+02
   4177.0000000000   3.6550691722e+02   1.7616486928e+02   3.7992948521e+02
   4178.0000000000   3.6563370711e+02   1.7628635674e+02   3.8008518993e+02
   4179.0000000000   3.6575999326e+02   1.7641019318e+02   3.8022906221e+02
   4180.0000000000   3.6589524301e+02   1.7652626379e+02   3.8037054501e+02
   4181.0000000000   3.6602464525e+02   1.7663989981e+02   3.8051059241e+02
   4182.0000000000   3.6615282651e+02   1.7675186751e+02   3.8064959524e+02
   4183.0000000000   3.6628025018e+02   1.7687207776e+02   3.8078776525e+02
   4184.0000000000   3.6641648144e+02   1.7698562646e+02   3.8092523510e+02
   4185.0000000000   3.6654675598e+02   1.7709733599e+02   3.8106209582e+02
   4186.0000000000   3.6668510257e+02   1.7720776175e+02   3.8120795429e+02
   4187.0000000000   3.6681713437e+02   1.7731716118e+02   3.8134773220e+02
   4188.0000000000   3.6694764147e+02   1.7742569027e+02   3.8148613891e+02
   4189.0000000000   3.6708654694e+02   1.7753345660e+02   3.8162365060e+02
   4190.0000000000   3.6721922366e+02   1.7764054013e+02   3.8176046618e+02
   4191.0000000000   3.6735039653e+02   1.7774700330e+02   3.8189669671e+02
   4192.0000000000   3.6748996520e+02   1.7785289654e+02   3.8203241425e+02
   4193.0000000000   3.6762329315e+02   1.7795826162e+02   3.8216767004e+02
   4194.0000000000   3.6775510148e+02   1.7806313384e+02   3.8230250282e+02
   4195.0000000000   3.6788591313e+02   1.7816754348e+02   3.8244648364e+02
   4196.0000000000   3.6804408519e+02   1.7827151685e+02   3.8259404883e+02
   4197.0000000000   3.6819452389e+02   1.7837507703e+02   3.8273475938e+02
   4198.0000000000   3.6833621487e+02   1.7847824451e+02   3.8287374581e+02
   4199.0000000000   3.6847511687e+02   1.7858103755e+02   3.8301163885e+02
   4200.0000000000   3.6861221956e+02   1.7869301301e+02   3.8314871195e+02
   4201.0000000000   3.6874798868e+02   1.7879905669e+02   3.8328511755e+02
   4202.0000000000   3.6888269513e+02   1.7890385126e+02   3.8343049327e+02
   4203.0000000000   3.6901651570e+02   1.7900785260e+02   3.8356977751e+02
   4204.0000000000   3.6914957465e+02   1.7911124381e+02   3.8370768919e+02
   4205.0000000000   3.6928196397e+02   1.7921412345e+02   3.8385425057e+02
   4206.0000000000   3.6941375447e+02   1.7931655349e+02   3.8399453486e+02
   4207.0000000000   3.6954500230e+02   1.7941857697e+02   3.8413332434e+02
   4208.0000000000   3.6967575310e+02   1.7952022589e+02   3.8427113573e+02
   4209.0000000000   3.6981542010e+02   1.7963106570e+02   3.8440819269e+02
   4210.0000000000   3.6994916769e+02   1.7973598758e+02   3.8454462235e+02
   4211.0000000000   3.7008161146e+02   1.7983967763e+02   3.8468050772e+02
   4212.0000000000   3.7022258618e+02   1.7994259380e+02   3.8482544820e+02
   4213.0000000000   3.7035741370e+02   1.8004492041e+02   3.8496435908e+02
   4214.0000000000   3.7049078706e+02   1.8014675662e+02   3.8510194435e+02
   4215.0000000000   3.7062320954e+02   1.8024816463e+02   3.8523867567e+02
   4216.0000000000   3.7075489777e+02   1.8034918739e+02   3.8538428859e+02
   4217.0000000000   3.7088597445e+02   1.8044985666e+02   3.8552376185e+02
   4218.0000000000   3.7101651959e+02   1.8055019706e+02   3.8566183392e+02
   4219.0000000000   3.7115596549e+02   1.8065022837e+02   3.8580853756e+02
   4220.0000000000   3.7128948758e+02   1.8074996700e+02   3.8594895216e+02
   4221.0000000000   3.7143108340e+02   1.8084942680e+02   3.8608786376e+02
   4222.0000000000   3.7156634871e+02   1.8094861974e+02   3.8622579157e+02
   4223.0000000000   3.7170006350e+02   1.8105709670e+02   3.8638204177e+02
   4224.0000000000   3.7185152035e+02   1.8115973788e+02   3.8652648449e+02
   4225.0000000000   3.7199122125e+02   1.8126122077e+02   3.8666854194e+02
   4226.0000000000   3.7212847768e+02   1.8136199637e+02   3.8680916074e+02
   4227.0000000000   3.7226424884e+02   1.8147178374e+02   3.8694872933e+02
   4228.0000000000   3.7240830968e+02   1.8157554815e+02   3.8708745906e+02
   4229.0000000000   3.7254601226e+02   1.8167801689e+02   3.8723502346e+02
   4230.0000000000   3.7268208403e+02   1.8177967292e+02   3.8738592563e+02
   4231.0000000000   3.7281705701e+02   1.8188071668e+02   3.8753931336e+02
   4232.0000000000   3.7296054609e+02   1.8198125815e+02   3.8768522183e+02
   4233.0000000000   3.7310720001e+02   1.8208136706e+02   3.8782897642e+02
   4234.0000000000   3.7324683420e+02   1.8218109169e+02   3.8797131382e+02
   4235.0000000000   3.7339391684e+02   1.8229000806e+02   3.8812211440e+02
   4236.0000000000   3.7354361296e+02   1.8240255493e+02   3.8826644703e+02
   4237.0000000000   3.7369531592e+02   1.8250829424e+02   3.8840911115e+02
   4238.0000000000   3.7383935446e+02   1.8262189700e+02   3.8855064279e+02
   4239.0000000000   3.7398103491e+02   1.8273840484e+02   3.8869128305e+02
   4240.0000000000   3.7412112927e+02   1.8284763049e+02   3.8883117405e+02
   4241.0000000000   3.7426938070e+02   1.8295483812e+02   3.8897041147e+02
   4242.0000000000   3.7441114104e+02   1.8306073911e+02   3.8910906504e+02
   4243.0000000000   3.7455114551e+02   1.8316565970e+02   3.8924718831e+02
   4244.0000000000   3.7469931105e+02   1.8326978888e+02   3.8938482395e+02
   4245.0000000000   3.7484101900e+02   1.8337325022e+02   3.8953154733e+02
   4246.0000000000   3.7499038253e+02   1.8347613089e+02   3.8967225864e+02
   4247.0000000000   3.7513307211e+02   1.8357849565e+02   3.8981165196e+02
   4248.0000000000   3.7527392031e+02   1.8368039458e+02   3.8995019233e+02
   4249.0000000000   3.7541350795e+02   1.8380094835e+02   3.9008807034e+02
   4250.0000000000   3.7555210221e+02   1.8390993132e+02   3.9022539067e+02
   4251.0000000000   3.7568986185e+02   1.8401670886e+02   3.9036222045e+02
   4252.0000000000   3.7582689413e+02   1.8412219083e+02   3.9049860701e+02
   4253.0000000000   3.7597265280e+02   1.8422674039e+02   3.9063458600e+02
   4254.0000000000   3.7611233060e+02   1.8434009111e+02   3.9077972595e+02
   4255.0000000000   3.7625056400e+02   1.8444723345e+02   3.9091892072e+02
   4256.0000000000   3.7638782825e+02   1.8455291792e+02   3.9105685870e+02
   4257.0000000000   3.7652432518e+02   1.8465764709e+02   3.9119399981e+02
   4258.0000000000   3.7666954499e+02   1.8476163774e+02   3.9133053012e+02
   4259.0000000000   3.7680869603e+02   1.8486501348e+02   3.9146655028e+02
   4260.0000000000   3.7694642157e+02   1.8496785546e+02   3.9160212380e+02
   4261.0000000000   3.7709257500e+02   1.8507022172e+02   3.9173729484e+02
   4262.0000000000   3.7723249146e+02   1.8517215616e+02   3.9187209616e+02
   4263.0000000000   3.7737087384e+02   1.8527369341e+02   3.9201609372e+02
   4264.0000000000   3.7750823299e+02   1.8537486157e+02   3.9215417905e+02
   4265.0000000000   3.7764479155e+02   1.8547568404e+02   3.9230057887e+02
   4266.0000000000   3.7778067708e+02   1.8557618062e+02   3.9244062214e+02
   4267.0000000000   3.7792534910e+02   1.8567636838e+02   3.9257916236e+02
   4268.0000000000   3.7806400045e+02   1.8578580258e+02   3.9272628257e+02
   4269.0000000000   3.7820126537e+02   1.8589890768e+02   3.9286708756e+02
   4270.0000000000   3.7833761597e+02   1.8600523542e+02   3.9301591787e+02
   4271.0000000000   3.7848262612e+02   1.8610990891e+02   3.9315817186e+02
   4272.0000000000   3.7862153972e+02   1.8621355289e+02   3.9330828943e+02
   4273.0000000000   3.7875901774e+02   1.8632597623e+02   3.9345171640e+02
   4274.0000000000   3.7889554782e+02   1.8643219808e+02   3.9360291993e+02
   4275.0000000000   3.7903133806e+02   1.8653698124e+02   3.9374736332e+02
   4276.0000000000   3.7916650620e+02   1.8665037403e+02   3.9391860669e+02
   4277.0000000000   3.7930112916e+02   1.8675746621e+02   3.9407186404e+02
   4278.0000000000   3.7944463728e+02   1.8687259141e+02   3.9423095975e+02
   4279.0000000000   3.7958220468e+02   1.8698114483e+02   3.9438225828e+02
   4280.0000000000   3.7972782807e+02   1.8708802464e+02   3.9453105306e+02
   4281.0000000000   3.7986710263e+02   1.8719380533e+02   3.9467813030e+02
   4282.0000000000   3.8000480801e+02   1.8729874453e+02   3.9482387821e+02
   4283.0000000000   3.8014148570e+02   1.8740299141e+02   3.9496853391e+02
   4284.0000000000   3.8027737246e+02   1.8750664427e+02   3.9511225861e+02
   4285.0000000000   3.8041260286e+02   1.8760977320e+02   3.9525516941e+02
   4286.0000000000   3.8054726444e+02   1.8772197136e+02   3.9539735540e+02
   4287.0000000000   3.8068141914e+02   1.8782815093e+02   3.9553888668e+02
   4288.0000000000   3.8081511339e+02   1.8793301434e+02   3.9567981991e+02
   4289.0000000000   3.8095775893e+02   1.8803703255e+02   3.9582020182e+02
   4290.0000000000   3.8109451760e+02   1.8814040040e+02   3.9596007166e+02
   4291.0000000000   3.8123000208e+02   1.8826230654e+02   3.9609946286e+02
   4292.0000000000   3.8136466869e+02   1.8837256220e+02   3.9624794465e+02
   4293.0000000000   3.8149870382e+02   1.8848055473e+02   3.9639041307e+02
   4294.0000000000   3.8163220935e+02   1.8858720802e+02   3.9653155938e+02
   4295.0000000000   3.8176525019e+02   1.8869289463e+02   3.9667184667e+02
   4296.0000000000   3.8189787181e+02   1.8879781431e+02   3.9683054506e+02
   4297.0000000000   3.8203010824e+02   1.8891163178e+02   3.9697750020e+02
   4298.0000000000   3.8218073700e+02   1.8901930283e+02   3.9713165740e+02
   4299.0000000000   3.8232004484e+02   1.8912555842e+02   3.9727882161e+02
   4300.0000000000   3.8245722663e+02   1.8923088917e+02   3.9742404104e+02
   4301.0000000000   3.8259316940e+02   1.8933550407e+02   3.9756796344e+02
   4302.0000000000   3.8273759948e+02   1.8945860226e+02   3.9772996907e+02
   4303.0000000000   3.8287583424e+02   1.8957000298e+02   3.9787997536e+02
   4304.0000000000   3.8301257531e+02   1.8967909987e+02   3.9802743689e+02
   4305.0000000000   3.8314833483e+02   1.8978682181e+02   3.9817332371e+02
   4306.0000000000   3.8328333653e+02   1.8989354542e+02   3.9831804184e+02
   4307.0000000000   3.8341770851e+02   1.8999947379e+02   3.9846181633e+02
   4308.0000000000   3.8356091020e+02   1.9010473400e+02   3.9860479118e+02
   4309.0000000000   3.8369813398e+02   1.9020941328e+02   3.9874706705e+02
   4310.0000000000   3.8383401330e+02   1.9031357541e+02   3.9888871857e+02
   4311.0000000000   3.8396901931e+02   1.9041726922e+02   3.9902980354e+02
   4312.0000000000   3.8410334932e+02   1.9053007384e+02   3.9917036815e+02
   4313.0000000000   3.8424648895e+02   1.9064643211e+02   3.9931999072e+02
   4314.0000000000   3.8438364209e+02   1.9076545077e+02   3.9946357386e+02
   4315.0000000000   3.8451944772e+02   1.9087713564e+02   3.9960581373e+02
   4316.0000000000   3.8465437978e+02   1.9098679030e+02   3.9974717708e+02
   4317.0000000000   3.8478863706e+02   1.9110467518e+02   3.9988785602e+02
   4318.0000000000   3.8492233046e+02   1.9121598804e+02   4.0002795652e+02
   4319.0000000000   3.8505553167e+02   1.9132558556e+02   4.0016754683e+02
   4320.0000000000   3.8518829142e+02   1.9143403298e+02   4.0031621572e+02
   4321.0000000000   3.8533002325e+02   1.9154158757e+02   4.0045887064e+02
   4322.0000000000   3.8546588966e+02   1.9164840085e+02   4.0060020969e+02
   4323.0000000000   3.8560050335e+02   1.9175457417e+02   4.0074070002e+02
   4324.0000000000   3.8575307120e+02   1.9186018070e+02   4.0089007372e+02
   4325.0000000000   3.8589404429e+02   1.9196527609e+02   4.0103330683e+02
   4326.0000000000   3.8603270080e+02   1.9207944466e+02   4.0117513567e+02
   4327.0000000000   3.8616997676e+02   1.9218759297e+02   4.0131605092e+02
   4328.0000000000   3.8630625470e+02   1.9229441978e+02   4.0145625971e+02
   4329.0000000000   3.8645111666e+02   1.9240993403e+02   4.0159587786e+02
   4330.0000000000   3.8658982414e+02   1.9251919985e+02   4.0175406108e+02
   4331.0000000000   3.8672705366e+02   1.9262699315e+02   4.0190060408e+02
   4332.0000000000   3.8686330511e+02   1.9273382612e+02   4.0204488490e+02
   4333.0000000000   3.8699879600e+02   1.9283991912e+02   4.0218782168e+02
   4334.0000000000   3.8713365129e+02   1.9295493730e+02   4.0232978319e+02
   4335.0000000000   3.8727732889e+02   1.9306383277e+02   4.0247096656e+02
   4336.0000000000   3.8741502054e+02   1.9318087277e+02   4.0261149420e+02
   4337.0000000000   3.8755135962e+02   1.9329141512e+02   4.0275144960e+02
   4338.0000000000   3.8768681743e+02   1.9340987525e+02   4.0290043392e+02
   4339.0000000000   3.8783096707e+02   1.9352168328e+02   4.0304336437e+02
   4340.0000000000   3.8796905168e+02   1.9363175544e+02   4.0318494672e+02
   4341.0000000000   3.8810573148e+02   1.9374067683e+02   4.0332565419e+02
   4342.0000000000   3.8824149334e+02   1.9384871198e+02   4.0346568327e+02
   4343.0000000000   3.8837654461e+02   1.9395601490e+02   4.0360514295e+02
   4344.0000000000   3.8852037770e+02   1.9407222791e+02   4.0374410350e+02
   4345.0000000000   3.8866757678e+02   1.9418229484e+02   4.0388261467e+02
   4346.0000000000   3.8882666789e+02   1.9429093988e+02   4.0402071387e+02
   4347.0000000000   3.8897298125e+02   1.9439864973e+02   4.0415843058e+02
   4348.0000000000   3.8912570598e+02   1.9450563108e+02   4.0430532916e+02
   4349.0000000000   3.8927112782e+02   1.9462154131e+02   4.0444630054e+02
   4350.0000000000   3.8941433256e+02   1.9473132802e+02   4.0458603089e+02
   4351.0000000000   3.8955603257e+02   1.9483971532e+02   4.0472497845e+02
   4352.0000000000   3.8969657219e+02   1.9495672891e+02   4.0486332789e+02
   4353.0000000000   3.8983615911e+02   1.9506744460e+02   4.0500117873e+02
   4354.0000000000   3.8997493328e+02   1.9518618714e+02   4.0513859354e+02
   4355.0000000000   3.9011299575e+02   1.9529834595e+02   4.0527561562e+02
   4356.0000000000   3.9025042303e+02   1.9540881543e+02   4.0541227702e+02
   4357.0000000000   3.9038727510e+02   1.9551816759e+02   4.0554860263e+02
   4358.0000000000   3.9052360034e+02   1.9564573932e+02   4.0569415290e+02
   4359.0000000000   3.9065943858e+02   1.9577096110e+02   4.0583381536e+02
   4360.0000000000   3.9079482323e+02   1.9589768038e+02   4.0597227321e+02
   4361.0000000000   3.9092978272e+02   1.9602593456e+02   4.0610998210e+02
   4362.0000000000   3.9106434156e+02   1.9614610356e+02   4.0624712438e+02
   4363.0000000000   3.9119852113e+02   1.9627322988e+02   4.0639333798e+02
   4364.0000000000   3.9133234022e+02   1.9639302601e+02   4.0653355453e+02
   4365.0000000000   3.9147519093e+02   1.9652010973e+02   4.0667248487e+02
   4366.0000000000   3.9161222073e+02   1.9664004081e+02   4.0681060310e+02
   4367.0000000000   3.9174803145e+02   1.9676736536e+02   4.0694810454e+02
   4368.0000000000   3.9188307106e+02   1.9688760443e+02   4.0710417696e+02
   4369.0000000000   3.9201751941e+02   1.9701528127e+02   4.0726771086e+02
   4370.0000000000   3.9215147317e+02   1.9713590260e+02   4.0741783357e+02
   4371.0000000000   3.9228499300e+02   1.9725444179e+02   4.0756480534e+02
   4372.0000000000   3.9241812095e+02   1.9737152819e+02   4.0770988375e+02
   4373.0000000000   3.9255088817e+02   1.9748746148e+02   4.0785361019e+02
   4374.0000000000   3.9268331892e+02   1.9761196470e+02   4.0799628331e+02
   4375.0000000000   3.9281543281e+02   1.9773003432e+02   4.0814763132e+02
   4376.0000000000   3.9295662156e+02   1.9784643226e+02   4.0830219391e+02
   4377.0000000000   3.9309203157e+02   1.9796167395e+02   4.0844960411e+02
   4378.0000000000   3.9322626327e+02   1.9807598887e+02   4.0859504489e+02
   4379.0000000000   3.9335976304e+02   1.9818951258e+02   4.0873918645e+02
   4380.0000000000   3.9349270904e+02   1.9832141814e+02   4.0888233273e+02
   4381.0000000000   3.9362519625e+02   1.9844151552e+02   4.0902466029e+02
   4382.0000000000   3.9375728373e+02   1.9856873662e+02   4.0916628572e+02
   4383.0000000000   3.9390776278e+02   1.9868888238e+02   4.0930729234e+02
   4384.0000000000   3.9404692817e+02   1.9880700129e+02   4.0944774301e+02
   4385.0000000000   3.9418397958e+02   1.9892374342e+02   4.0959722744e+02
   4386.0000000000   3.9431980696e+02   1.9903941140e+02   4.0974065637e+02
   4387.0000000000   3.9445476295e+02   1.9915418443e+02   4.0988273189e+02
   4388.0000000000   3.9459840880e+02   1.9926818243e+02   4.1002392522e+02
   4389.0000000000   3.9473599079e+02   1.9938149200e+02   4.1016443183e+02
   4390.0000000000   3.9487217383e+02   1.9950371948e+02   4.1030436034e+02
   4391.0000000000   3.9500744868e+02   1.9961978792e+02   4.1044378102e+02
   4392.0000000000   3.9514202551e+02   1.9974394933e+02   4.1058274384e+02
   4393.0000000000   3.9527602321e+02   1.9986155350e+02   4.1072128658e+02
   4394.0000000000   3.9540951920e+02   1.9997747137e+02   4.1085943917e+02
   4395.0000000000   3.9554256839e+02   2.0009226039e+02   4.1099722606e+02
   4396.0000000000   3.9568458743e+02   2.0020616722e+02   4.1113466772e+02
   4397.0000000000   3.9582074116e+02   2.0032887433e+02   4.1127178168e+02
   4398.0000000000   3.9595564403e+02   2.0044534634e+02   4.1140858313e+02
   4399.0000000000   3.9608975343e+02   2.0056031963e+02   4.1154508543e+02
   4400.0000000000   3.9622325632e+02   2.0067428872e+02   4.1169084087e+02
   4401.0000000000   3.9636563025e+02   2.0078746577e+02   4.1183073102e+02
   4402.0000000000   3.9650207271e+02   2.0089997180e+02   4.1196943467e+02
   4403.0000000000   3.9664659292e+02   2.0102142712e+02   4.1211694449e+02
   4404.0000000000   3.9678479307e+02   2.0113676021e+02   4.1225831120e+02
   4405.0000000000   3.9692145673e+02   2.0125068423e+02   4.1239829942e+02
   4406.0000000000   3.9705712757e+02   2.0136367776e+02   4.1255649263e+02
   4407.0000000000   3.9719204346e+02   2.0148548180e+02   4.1270284486e+02
   4408.0000000000   3.9733571480e+02   2.0161062004e+02   4.1284681210e+02
   4409.0000000000   3.9747336169e+02   2.0172870567e+02   4.1298935644e+02
   4410.0000000000   3.9760963418e+02   2.0184490357e+02   4.1314041410e+02
   4411.0000000000   3.9774501407e+02   2.0195986864e+02   4.1328507082e+02
   4412.0000000000   3.9788908128e+02   2.0207389219e+02   4.1342813026e+02
   4413.0000000000   3.9802708357e+02   2.0218714040e+02   4.1357012794e+02
   4414.0000000000   3.9816368432e+02   2.0230926177e+02   4.1371130252e+02
   4415.0000000000   3.9829937258e+02   2.0242520352e+02   4.1386133338e+02
   4416.0000000000   3.9845310814e+02   2.0253969189e+02   4.1400518376e+02
   4417.0000000000   3.9859527418e+02   2.0265321487e+02   4.1414758922e+02
   4418.0000000000   3.9874449992e+02   2.0276598005e+02   4.1429858405e+02
   4419.0000000000   3.9888684430e+02   2.0289718591e+02   4.1445279102e+02
   4420.0000000000   3.9902727458e+02   2.0301665151e+02   4.1459987049e+02
   4421.0000000000   3.9917580756e+02   2.0313377063e+02   4.1474501413e+02
   4422.0000000000   3.9931787367e+02   2.0324947246e+02   4.1488889381e+02
   4423.0000000000   3.9945823672e+02   2.0336413408e+02   4.1503181239e+02
   4424.0000000000   3.9959744892e+02   2.0347795914e+02   4.1517394428e+02
   4425.0000000000   3.9973576233e+02   2.0360061575e+02   4.1531540357e+02
   4426.0000000000   3.9987332616e+02   2.0372660312e+02   4.1545627115e+02
   4427.0000000000   4.0001024080e+02   2.0384552582e+02   4.1559660758e+02
   4428.0000000000   4.0014657914e+02   2.0397208646e+02   4.1573646004e+02
   4429.0000000000   4.0029177231e+02   2.0409181065e+02   4.1587586646e+02
   4430.0000000000   4.0044037243e+02   2.0421920008e+02   4.1603393890e+02
   4431.0000000000   4.0058213645e+02   2.0433973652e+02   4.1618998581e+02
   4432.0000000000   4.0072211857e+02   2.0446791066e+02   4.1633823883e+02
   4433.0000000000   4.0086094878e+02   2.0459874300e+02   4.1648427347e+02
   4434.0000000000   4.0099890426e+02   2.0472205593e+02   4.1662889369e+02
   4435.0000000000   4.0113614196e+02   2.0484312986e+02   4.1677246240e+02
   4436.0000000000   4.0127276343e+02   2.0497223325e+02   4.1691518563e+02
   4437.0000000000   4.0140884022e+02   2.0510411904e+02   4.1705719581e+02
   4438.0000000000   4.0154442570e+02   2.0523807049e+02   4.1719858515e+02
   4439.0000000000   4.0167956146e+02   2.0536420697e+02   4.1733942155e+02
   4440.0000000000   4.0181428095e+02   2.0549745128e+02   4.1747975721e+02
   4441.0000000000   4.0194861175e+02   2.0562345207e+02   4.1761963351e+02
   4442.0000000000   4.0208257708e+02   2.0574724928e+02   4.1775908418e+02
   4443.0000000000   4.0221619682e+02   2.0586950842e+02   4.1789813723e+02
   4444.0000000000   4.0234948820e+02   2.0599055069e+02   4.1804635681e+02
   4445.0000000000   4.0248246635e+02   2.0611057241e+02   4.1818863420e+02
   4446.0000000000   4.0262452011e+02   2.0622970827e+02   4.1833919668e+02
   4447.0000000000   4.0276079402e+02   2.0634805737e+02   4.1848337423e+02
   4448.0000000000   4.0289588731e+02   2.0647523661e+02   4.1863556202e+02
   4449.0000000000   4.0303024558e+02   2.0659617795e+02   4.1878117490e+02
   4450.0000000000   4.0316404657e+02   2.0671560056e+02   4.1892511726e+02
   4451.0000000000   4.0330676045e+02   2.0683398978e+02   4.1906796485e+02
   4452.0000000000   4.0344357873e+02   2.0695155295e+02   4.1920997462e+02
   4453.0000000000   4.0357913029e+02   2.0706840882e+02   4.1935129438e+02
   4454.0000000000   4.0371388067e+02   2.0718463644e+02   4.1949202086e+02
   4455.0000000000   4.0384802165e+02   2.0730029345e+02   4.1963222263e+02
   4456.0000000000   4.0398165817e+02   2.0741542444e+02   4.1978149142e+02
   4457.0000000000   4.0411485685e+02   2.0753006534e+02   4.1992473817e+02
   4458.0000000000   4.0425703944e+02   2.0764424603e+02   4.2006666419e+02
   4459.0000000000   4.0439337281e+02   2.0775799188e+02   4.2020773947e+02
   4460.0000000000   4.0452847198e+02   2.0788086527e+02   4.2034815802e+02
   4461.0000000000   4.0467216954e+02   2.0799775635e+02   4.2048802691e+02
   4462.0000000000   4.0480978446e+02   2.0811335138e+02   4.2063695532e+02
   4463.0000000000   4.0494600653e+02   2.0822810915e+02   4.2077986264e+02
   4464.0000000000   4.0508133571e+02   2.0834221523e+02   4.2092145444e+02
   4465.0000000000   4.0521598535e+02   2.0845577026e+02   4.2106220281e+02
   4466.0000000000   4.0535945044e+02   2.0858791886e+02   4.2121184316e+02
   4467.0000000000   4.0549694055e+02   2.0870844751e+02   4.2135535386e+02
   4468.0000000000   4.0563309815e+02   2.0885534921e+02   4.2149747285e+02
   4469.0000000000   4.0576839931e+02   2.0899369043e+02   4.2163869194e+02
   4470.0000000000   4.0590304407e+02   2.0912271459e+02   4.2177921904e+02
   4471.0000000000   4.0603714406e+02   2.0924861555e+02   4.2191917049e+02
   4472.0000000000   4.0617077130e+02   2.0937247220e+02   4.2205862150e+02
   4473.0000000000   4.0630397659e+02   2.0949480223e+02   4.2219762514e+02
   4474.0000000000   4.0643679797e+02   2.0961590993e+02   4.2233622118e+02
   4475.0000000000   4.0656926518e+02   2.0973599499e+02   4.2247444073e+02
   4476.0000000000   4.0670140221e+02   2.0985519813e+02   4.2261230892e+02
   4477.0000000000   4.0683322890e+02   2.0997362368e+02   4.2274984659e+02
   4478.0000000000   4.0696476202e+02   2.1009135197e+02   4.2288707131e+02
   4479.0000000000   4.0710539138e+02   2.1021798714e+02   4.2302399823e+02
   4480.0000000000   4.0724026205e+02   2.1033845190e+02   4.2316064052e+02
   4481.0000000000   4.0737397344e+02   2.1045745832e+02   4.2329700977e+02
   4482.0000000000   4.0750697119e+02   2.1058502647e+02   4.2344265674e+02
   4483.0000000000   4.0763943285e+02   2.1070622995e+02   4.2359200204e+02
   4484.0000000000   4.0778082833e+02   2.1082585272e+02   4.2373459415e+02
   4485.0000000000   4.0791634881e+02   2.1095395438e+02   4.2387555338e+02
   4486.0000000000   4.0805062277e+02   2.1107563230e+02   4.2401550201e+02
   4487.0000000000   4.0818411535e+02   2.1119568574e+02   4.2415470634e+02
   4488.0000000000   4.0831701786e+02   2.1131464414e+02   4.2429331274e+02
   4489.0000000000   4.0845881025e+02   2.1143274116e+02   4.2443141313e+02
   4490.0000000000   4.0860406666e+02   2.1155011207e+02   4.2457861084e+02
   4491.0000000000   4.0874255396e+02   2.1166684665e+02   4.2472936292e+02
   4492.0000000000   4.0887933027e+02   2.1178300970e+02   4.2487324420e+02
   4493.0000000000   4.0902440185e+02   2.1190819104e+02   4.2502493515e+02
   4494.0000000000   4.0918192841e+02   2.1202730083e+02   4.2516994410e+02
   4495.0000000000   4.0932691868e+02   2.1214504034e+02   4.2531321845e+02
   4496.0000000000   4.0947846012e+02   2.1226187996e+02   4.2545535756e+02
   4497.0000000000   4.0962279487e+02   2.1238755482e+02   4.2560617333e+02
   4498.0000000000   4.0976498644e+02   2.1250704379e+02   4.2575069404e+02
   4499.0000000000   4.0990573434e+02   2.1263462622e+02   4.2589369222e+02
   4500.0000000000   4.1004537476e+02   2.1275566607e+02   4.2605476553e+02
   4501.0000000000   4.1019348526e+02   2.1287504178e+02   4.2620388244e+02
   4502.0000000000   4.1033533428e+02   2.1299331465e+02   4.2636005244e+02
   4503.0000000000   4.1048498366e+02   2.1311073309e+02   4.2650911996e+02
   4504.0000000000   4.1062807579e+02   2.1325606098e+02   4.2665615985e+02
   4505.0000000000   4.1076942591e+02   2.1338400459e+02   4.2680183893e+02
   4506.0000000000   4.1090960303e+02   2.1350863802e+02   4.2695601120e+02
   4507.0000000000   4.1104886574e+02   2.1363134197e+02   4.2710373402e+02
   4508.0000000000   4.1119674163e+02   2.1375267112e+02   4.2724980131e+02
   4509.0000000000   4.1133846520e+02   2.1388246205e+02   4.2739474633e+02
   4510.0000000000   4.1148807420e+02   2.1400576911e+02   4.2753880875e+02
   4511.0000000000   4.1163119347e+02   2.1412738610e+02   4.2768212993e+02
   4512.0000000000   4.1177262503e+02   2.1424784680e+02   4.2782480519e+02
   4513.0000000000   4.1191292781e+02   2.1436739147e+02   4.2796690405e+02
   4514.0000000000   4.1205235251e+02   2.1448616202e+02   4.2810847999e+02
   4515.0000000000   4.1219104508e+02   2.1460425422e+02   4.2824957562e+02
   4516.0000000000   4.1232910245e+02   2.1472173810e+02   4.2839022590e+02
   4517.0000000000   4.1246659446e+02   2.1483866754e+02   4.2853046005e+02
   4518.0000000000   4.1261294968e+02   2.1495508559e+02   4.2867030299e+02
   4519.0000000000   4.1275334269e+02   2.1507102759e+02   4.2881931663e+02
   4520.0000000000   4.1290177160e+02   2.1518652321e+02   4.2897193109e+02
   4521.0000000000   4.1304383337e+02   2.1530159776e+02   4.2911770303e+02
   4522.0000000000   4.1318430947e+02   2.1541627314e+02   4.2926175987e+02
   4523.0000000000   4.1332374322e+02   2.1553056854e+02   4.2940473012e+02
   4524.0000000000   4.1346237309e+02   2.1565404135e+02   4.2955642601e+02
   4525.0000000000   4.1360033524e+02   2.1577157764e+02   4.2970186969e+02
   4526.0000000000   4.1373771866e+02   2.1588786018e+02   4.2984582662e+02
   4527.0000000000   4.1387458662e+02   2.1600334482e+02   4.2998880713e+02
   4528.0000000000   4.1401098675e+02   2.1611821455e+02   4.3013103225e+02
   4529.0000000000   4.1414695643e+02   2.1623256772e+02   4.3027262799e+02
   4530.0000000000   4.1429190136e+02   2.1635600652e+02   4.3041367692e+02
   4531.0000000000   4.1443097925e+02   2.1647344468e+02   4.3056377833e+02
   4532.0000000000   4.1456879980e+02   2.1658958310e+02   4.3070784755e+02
   4533.0000000000   4.1471519258e+02   2.1670489005e+02   4.3085058865e+02
   4534.0000000000   4.1485547493e+02   2.1681955731e+02   4.3099247342e+02
   4535.0000000000   4.1499433593e+02   2.1693368966e+02   4.3115277797e+02
   4536.0000000000   4.1513227537e+02   2.1704735358e+02   4.3130135212e+02
   4537.0000000000   4.1526950681e+02   2.1717013590e+02   4.3144760363e+02
   4538.0000000000   4.1541552568e+02   2.1728694203e+02   4.3160200893e+02
   4539.0000000000   4.1555554216e+02   2.1741200843e+02   4.3174981932e+02
   4540.0000000000   4.1569419941e+02   2.1754021166e+02   4.3189590908e+02
   4541.0000000000   4.1583197424e+02   2.1766128156e+02   4.3204084985e+02
   4542.0000000000   4.1596906749e+02   2.1778997458e+02   4.3218490116e+02
   4543.0000000000   4.1610559154e+02   2.1791184241e+02   4.3232821511e+02
   4544.0000000000   4.1625099466e+02   2.1803185970e+02   4.3247089286e+02
   4545.0000000000   4.1639046098e+02   2.1816018469e+02   4.3261300713e+02
   4546.0000000000   4.1653799316e+02   2.1828197285e+02   4.3275461293e+02
   4547.0000000000   4.1667919007e+02   2.1840206049e+02   4.3289575354e+02
   4548.0000000000   4.1681883367e+02   2.1852100194e+02   4.3303646398e+02
   4549.0000000000   4.1695746692e+02   2.1863904824e+02   4.3317677324e+02
   4550.0000000000   4.1709532750e+02   2.1875634711e+02   4.3331670575e+02
   4551.0000000000   4.1723255051e+02   2.1887299747e+02   4.3345628244e+02
   4552.0000000000   4.1737859919e+02   2.1898907088e+02   4.3359552146e+02
   4553.0000000000   4.1751866816e+02   2.1910462188e+02   4.3374397915e+02
   4554.0000000000   4.1765739224e+02   2.1921969358e+02   4.3388654050e+02
   4555.0000000000   4.1779524345e+02   2.1933432105e+02   4.3402788727e+02
   4556.0000000000   4.1794179514e+02   2.1944853341e+02   4.3416847425e+02
   4557.0000000000   4.1808229047e+02   2.1956235534e+02   4.3430848346e+02
   4558.0000000000   4.1823076495e+02   2.1967580801e+02   4.3445755271e+02
   4559.0000000000   4.1837283777e+02   2.1979845024e+02   4.3460061376e+02
   4560.0000000000   4.1851330446e+02   2.1991516913e+02   4.3474237770e+02
   4561.0000000000   4.1865271754e+02   2.2003064821e+02   4.3488331893e+02
   4562.0000000000   4.1879132174e+02   2.2014534380e+02   4.3503317357e+02
   4563.0000000000   4.1892925749e+02   2.2025943923e+02   4.3518646029e+02
   4564.0000000000   4.1906661680e+02   2.2037303305e+02   4.3534232784e+02
   4565.0000000000   4.1920346504e+02   2.2048618712e+02   4.3550034781e+02
   4566.0000000000   4.1933985132e+02   2.2060848466e+02   4.3565071088e+02
   4567.0000000000   4.1948518949e+02   2.2073436872e+02   4.3580835744e+02
   4568.0000000000   4.1962464310e+02   2.2085340405e+02   4.3595893615e+02
   4569.0000000000   4.1976282617e+02   2.2097072320e+02   4.3610748068e+02
   4570.0000000000   4.1990019612e+02   2.2108695797e+02   4.3626418849e+02
   4571.0000000000   4.2005569109e+02   2.2122146311e+02   4.3641424278e+02
   4572.0000000000   4.2021842967e+02   2.2134413299e+02   4.3656250029e+02
   4573.0000000000   4.2036791933e+02   2.2146440299e+02   4.3670953099e+02
   4574.0000000000   4.2051425459e+02   2.2158322734e+02   4.3685559814e+02
   4575.0000000000   4.2066805461e+02   2.2170099899e+02   4.3700085927e+02
   4576.0000000000   4.2081498972e+02   2.2181793204e+02   4.3714542126e+02
   4577.0000000000   4.2095994624e+02   2.2193416122e+02   4.3728936228e+02
   4578.0000000000   4.2110354811e+02   2.2204977927e+02   4.3743274239e+02
   4579.0000000000   4.2124609319e+02   2.2216485400e+02   4.3757560935e+02
   4580.0000000000   4.2138776188e+02   2.2228897764e+02   4.3772754264e+02
   4581.0000000000   4.2153805225e+02   2.2241660250e+02   4.3787344576e+02
   4582.0000000000   4.2168218621e+02   2.2254684236e+02   4.3801801551e+02
   4583.0000000000   4.2184357131e+02   2.2266970841e+02   4.3818080003e+02
   4584.0000000000   4.2199296248e+02   2.2279050837e+02   4.3833173364e+02
   4585.0000000000   4.2213974918e+02   2.2291950602e+02   4.3848980142e+02
   4586.0000000000   4.2229430139e+02   2.2305144219e+02   4.3864082977e+02
   4587.0000000000   4.2244217136e+02   2.2318558710e+02   4.3878987996e+02
   4588.0000000000   4.2259755576e+02   2.2331204788e+02   4.3893760834e+02
   4589.0000000000   4.2275554724e+02   2.2344573643e+02   4.3908432035e+02
   4590.0000000000   4.2290613938e+02   2.2357229177e+02   4.3924927680e+02
   4591.0000000000   4.2305451986e+02   2.2369674541e+02   4.3940233911e+02
   4592.0000000000   4.2320140417e+02   2.2381975541e+02   4.3955293120e+02
   4593.0000000000   4.2334712865e+02   2.2394163645e+02   4.3970200459e+02
   4594.0000000000   4.2349189342e+02   2.2406257902e+02   4.3984995332e+02
   4595.0000000000   4.2363583287e+02   2.2418271265e+02   4.4000653469e+02
   4596.0000000000   4.2377904417e+02   2.2430213181e+02   4.4016629826e+02
   4597.0000000000   4.2392160128e+02   2.2442090880e+02   4.4031888050e+02
   4598.0000000000   4.2406356261e+02   2.2454864130e+02   4.4046946554e+02
   4599.0000000000   4.2420497555e+02   2.2467024684e+02   4.4061872398e+02
   4600.0000000000   4.2434587949e+02   2.2479043328e+02   4.4076695995e+02
   4601.0000000000   4.2448630768e+02   2.2491921727e+02   4.4091435019e+02
   4602.0000000000   4.2462628866e+02   2.2504166954e+02   4.4106101152e+02
   4603.0000000000   4.2476584717e+02   2.2516257169e+02   4.4120702760e+02
   4604.0000000000   4.2490500494e+02   2.2528244088e+02   4.4136200215e+02
   4605.0000000000   4.2505315665e+02   2.2540150183e+02   4.4152039627e+02
   4606.0000000000   4.2519545201e+02   2.2552942355e+02   4.4168133083e+02
   4607.0000000000   4.2533649487e+02   2.2566070203e+02   4.4183482293e+02
   4608.0000000000   4.2548611044e+02   2.2578493808e+02   4.4198618535e+02
   4609.0000000000   4.2562961277e+02   2.2590729055e+02   4.4214568620e+02
   4610.0000000000   4.2577168844e+02   2.2602841129e+02   4.4229852976e+02
   4611.0000000000   4.2591283535e+02   2.2615813049e+02   4.4244957829e+02
   4612.0000000000   4.2606264103e+02   2.2628148450e+02   4.4259940190e+02
   4613.0000000000   4.2620635693e+02   2.2640325022e+02   4.4274826212e+02
   4614.0000000000   4.2634864826e+02   2.2652394743e+02   4.4289631425e+02
   4615.0000000000   4.2649000496e+02   2.2664380502e+02   4.4304366300e+02
   4616.0000000000   4.2663063634e+02   2.2676295569e+02   4.4319038459e+02
   4617.0000000000   4.2677066065e+02   2.2688148775e+02   4.4333653737e+02
   4618.0000000000   4.2691015489e+02   2.2700900542e+02   4.4348216773e+02
   4619.0000000000   4.2704917381e+02   2.2713042838e+02   4.4362731358e+02
   4620.0000000000   4.2719713408e+02   2.2725046452e+02   4.4377200655e+02
   4621.0000000000   4.2733920068e+02   2.2736958900e+02   4.4391627354e+02
   4622.0000000000   4.2748936379e+02   2.2748800014e+02   4.4406013775e+02
   4623.0000000000   4.2763321371e+02   2.2760580861e+02   4.4420361941e+02
   4624.0000000000   4.2778490169e+02   2.2772308628e+02   4.4434673636e+02
   4625.0000000000   4.2793009873e+02   2.2783988434e+02   4.4448950448e+02
   4626.0000000000   4.2807362748e+02   2.2795624163e+02   4.4463193800e+02
   4627.0000000000   4.2821605627e+02   2.2809126973e+02   4.4477404978e+02
   4628.0000000000   4.2836701507e+02   2.2821473567e+02   4.4493493231e+02
   4629.0000000000   4.2851178340e+02   2.2833599891e+02   4.4508433809e+02
   4630.0000000000   4.2865504620e+02   2.2845596457e+02   4.4523161525e+02
   4631.0000000000   4.2879730790e+02   2.2857499193e+02   4.4537765982e+02
   4632.0000000000   4.2894816425e+02   2.2869327102e+02   4.4553236413e+02
   4633.0000000000   4.2909287461e+02   2.2881091882e+02   4.4569032344e+02
   4634.0000000000   4.2923611123e+02   2.2892801457e+02   4.4586027059e+02
   4635.0000000000   4.2937837018e+02   2.2904461563e+02   4.4601713503e+02
   4636.0000000000   4.2951986605e+02   2.2917030601e+02   4.4617092409e+02
   4637.0000000000   4.2966072156e+02   2.2928999100e+02   4.4632282509e+02
   4638.0000000000   4.2980101758e+02   2.2941790812e+02   4.4647335365e+02
   4639.0000000000   4.2995018759e+02   2.2953939497e+02   4.4662279788e+02
   4640.0000000000   4.3009340825e+02   2.2966885258e+02   4.4677134129e+02
   4641.0000000000   4.3023530286e+02   2.2979170039e+02   4.4691911073e+02
   4642.0000000000   4.3037633572e+02   2.2992238685e+02   4.4706619903e+02
   4643.0000000000   4.3051669939e+02   2.3004636159e+02   4.4721267702e+02
   4644.0000000000   4.3065650066e+02   2.3016855317e+02   4.4735860051e+02
   4645.0000000000   4.3079580838e+02   2.3029909535e+02   4.4750401461e+02
   4646.0000000000   4.3094404674e+02   2.3042312927e+02   4.4764895655e+02
   4647.0000000000   4.3108638506e+02   2.3056456308e+02   4.4779345761e+02
   4648.0000000000   4.3122744072e+02   2.3069368703e+02   4.4793754442e+02
   4649.0000000000   4.3137704860e+02   2.3082008646e+02   4.4808123999e+02
   4650.0000000000   4.3152052978e+02   2.3094479328e+02   4.4822456436e+02
   4651.0000000000   4.3166257608e+02   2.3107778838e+02   4.4837707563e+02
   4652.0000000000   4.3180368933e+02   2.3120418897e+02   4.4852366037e+02
   4653.0000000000   4.3194408463e+02   2.3133836278e+02   4.4866900181e+02
   4654.0000000000   4.3208388317e+02   2.3146573474e+02   4.4881355609e+02
   4655.0000000000   4.3222316347e+02   2.3159122765e+02   4.4895750641e+02
   4656.0000000000   4.3236198099e+02   2.3172497673e+02   4.4910095131e+02
   4657.0000000000   4.3250975272e+02   2.3186166783e+02   4.4924395263e+02
   4658.0000000000   4.3265164367e+02   2.3199100441e+02   4.4938655324e+02
   4659.0000000000   4.3279226849e+02   2.3211820949e+02   4.4952878488e+02
   4660.0000000000   4.3293208468e+02   2.3224397881e+02   4.4968021270e+02
   4661.0000000000   4.3307127940e+02   2.3236863397e+02   4.4982572759e+02
   4662.0000000000   4.3321933037e+02   2.3250190493e+02   4.4997001531e+02
   4663.0000000000   4.3336143527e+02   2.3262878922e+02   4.5011353347e+02
   4664.0000000000   4.3350222809e+02   2.3275404737e+02   4.5025646605e+02
   4665.0000000000   4.3364217867e+02   2.3287819234e+02   4.5040845227e+02
   4666.0000000000   4.3378148239e+02   2.3300145080e+02   4.5055442491e+02
   4667.0000000000   4.3392962274e+02   2.3312395547e+02   4.5069909576e+02
   4668.0000000000   4.3407180156e+02   2.3324579575e+02   4.5084293976e+02
   4669.0000000000   4.3422203136e+02   2.3336703714e+02   4.5098615298e+02
   4670.0000000000   4.3436591686e+02   2.3348773030e+02   4.5113838343e+02
   4671.0000000000   4.3450824370e+02   2.3360791593e+02   4.5128457044e+02
   4672.0000000000   4.3464955719e+02   2.3373716810e+02   4.5144851170e+02
   4673.0000000000   4.3479009658e+02   2.3386038614e+02   4.5160042793e+02
   4674.0000000000   4.3492999798e+02   2.3399180405e+02   4.5174985670e+02
   4675.0000000000   4.3506934992e+02   2.3411675751e+02   4.5189779517e+02
   4676.0000000000   4.3521759031e+02   2.3424010621e+02   4.5204465741e+02
   4677.0000000000   4.3536927386e+02   2.3437193883e+02   4.5219066902e+02
   4678.0000000000   4.3551415789e+02   2.3449736532e+02   4.5233597146e+02
   4679.0000000000   4.3565729590e+02   2.3462119053e+02   4.5248066156e+02
   4680.0000000000   4.3579931659e+02   2.3474394623e+02   4.5264389061e+02
   4681.0000000000   4.3594049558e+02   2.3486586672e+02   4.5280499438e+02
   4682.0000000000   4.3608098812e+02   2.3499662748e+02   4.5295822426e+02
   4683.0000000000   4.3623026955e+02   2.3512118856e+02   4.5310917043e+02
   4684.0000000000   4.3637354228e+02   2.3525382348e+02   4.5325864804e+02
   4685.0000000000   4.3651544657e+02   2.3537989510e+02   4.5340702868e+02
   4686.0000000000   4.3665645833e+02   2.3550428261e+02   4.5355452523e+02
   4687.0000000000   4.3679677842e+02   2.3563708915e+02   4.5371081603e+02
   4688.0000000000   4.3694589511e+02   2.3576343567e+02   4.5386086864e+02
   4689.0000000000   4.3709838981e+02   2.3588813555e+02   4.5401896425e+02
   4690.0000000000   4.3724403574e+02   2.3602126771e+02   4.5417047249e+02
   4691.0000000000   4.3738789660e+02   2.3614794279e+02   4.5432027825e+02
   4692.0000000000   4.3753060814e+02   2.3627296943e+02   4.5446894899e+02
   4693.0000000000   4.3767245102e+02   2.3639688388e+02   4.5461673867e+02
   4694.0000000000   4.3781358428e+02   2.3652946528e+02   4.5476379474e+02
   4695.0000000000   4.3795411073e+02   2.3665572359e+02   4.5491021489e+02
   4696.0000000000   4.3809410260e+02   2.3678042067e+02   4.5505606931e+02
   4697.0000000000   4.3823361355e+02   2.3690406705e+02   4.5521095165e+02
   4698.0000000000   4.3837268525e+02   2.3702688565e+02   4.5535977481e+02
   4699.0000000000   4.3851135103e+02   2.3714900515e+02   4.5552632296e+02
   4700.0000000000   4.3864963828e+02   2.3727051104e+02   4.5569035024e+02
   4701.0000000000   4.3878756993e+02   2.3739146511e+02   4.5584626178e+02
   4702.0000000000   4.3892516554e+02   2.3751191463e+02   4.5599972256e+02
   4703.0000000000   4.3906244200e+02   2.3763189718e+02   4.5615159002e+02
   4704.0000000000   4.3919941408e+02   2.3775144361e+02   4.5631180252e+02
   4705.0000000000   4.3934547026e+02   2.3788966059e+02   4.5646546152e+02
   4706.0000000000   4.3948575471e+02   2.3802585246e+02   4.5661738659e+02
   4707.0000000000   4.3963424174e+02   2.3815424765e+02   4.5677766751e+02
   4708.0000000000   4.3978588463e+02   2.3828041914e+02   4.5693142559e+02
   4709.0000000000   4.3993058175e+02   2.3840516890e+02   4.5708347884e+02
   4710.0000000000   4.4008282725e+02   2.3852885823e+02   4.5724391191e+02
   4711.0000000000   4.4022841699e+02   2.3865169190e+02   4.5739784112e+02
   4712.0000000000   4.4037223495e+02   2.3877380132e+02   4.5755008034e+02
   4713.0000000000   4.4051488443e+02   2.3890481829e+02   4.5770117052e+02
   4714.0000000000   4.4065664186e+02   2.3902968101e+02   4.5785135451e+02
   4715.0000000000   4.4079766874e+02   2.3915311032e+02   4.5800077500e+02
   4716.0000000000   4.4093807163e+02   2.3927559072e+02   4.5814952787e+02
   4717.0000000000   4.4107792639e+02   2.3940686784e+02   4.5830722336e+02
   4718.0000000000   4.4121728982e+02   2.3953192849e+02   4.5845878600e+02
   4719.0000000000   4.4135620614e+02   2.3965551772e+02   4.5860892771e+02
   4720.0000000000   4.4150408622e+02   2.3977813339e+02   4.5875812711e+02
   4721.0000000000   4.4164609169e+02   2.3989998858e+02   4.5890658540e+02
   4722.0000000000   4.4178683528e+02   2.4002120413e+02   4.5905441577e+02
   4723.0000000000   4.4192677349e+02   2.4015139960e+02   4.5920169228e+02
   4724.0000000000   4.4206609292e+02   2.4028504286e+02   4.5934846805e+02
   4725.0000000000   4.4220489562e+02   2.4041171685e+02   4.5949478359e+02
   4726.0000000000   4.4235262210e+02   2.4053656815e+02   4.5964067116e+02
   4727.0000000000   4.4249445051e+02   2.4066978006e+02   4.5978615726e+02
   4728.0000000000   4.4263500337e+02   2.4079650649e+02   4.5993126420e+02
   4729.0000000000   4.4277474323e+02   2.4092157666e+02   4.6007601114e+02
   4730.0000000000   4.4291386051e+02   2.4104553752e+02   4.6022041473e+02
   4731.0000000000   4.4305245978e+02   2.4116863352e+02   4.6036448969e+02
   4732.0000000000   4.4319060773e+02   2.4130054728e+02   4.6050824910e+02
   4733.0000000000   4.4332835105e+02   2.4142624411e+02   4.6065170473e+02
   4734.0000000000   4.4346572454e+02   2.4155046101e+02   4.6079486722e+02
   4735.0000000000   4.4360275538e+02   2.4167369298e+02   4.6093774628e+02
   4736.0000000000   4.4373946546e+02   2.4179615238e+02   4.6108035079e+02
   4737.0000000000   4.4388524839e+02   2.4192750072e+02   4.6122268892e+02
   4738.0000000000   4.4403462752e+02   2.4206222909e+02   4.6136476823e+02
   4739.0000000000   4.4417733707e+02   2.4218993491e+02   4.6150659575e+02
   4740.0000000000   4.4431841284e+02   2.4231577450e+02   4.6164817799e+02
   4741.0000000000   4.4445846970e+02   2.4244039782e+02   4.6178952107e+02
   4742.0000000000   4.4460714755e+02   2.4257363351e+02   4.6193063070e+02
   4743.0000000000   4.4474972514e+02   2.4270051666e+02   4.6207151226e+02
   4744.0000000000   4.4489088322e+02   2.4282582312e+02   4.6221217081e+02
   4745.0000000000   4.4503112118e+02   2.4295007172e+02   4.6235261112e+02
   4746.0000000000   4.4518002967e+02   2.4307349055e+02   4.6249283771e+02
   4747.0000000000   4.4532286327e+02   2.4319621159e+02   4.6263285486e+02
   4748.0000000000   4.4546428984e+02   2.4331832250e+02   4.6278220706e+02
   4749.0000000000   4.4560480147e+02   2.4343988649e+02   4.6292576910e+02
   4750.0000000000   4.4574460915e+02   2.4356095176e+02   4.6307775425e+02
   4751.0000000000   4.4588383236e+02   2.4368155653e+02   4.6322348048e+02
   4752.0000000000   4.4603192446e+02   2.4380173202e+02   4.6336779210e+02
   4753.0000000000   4.4617407337e+02   2.4393104472e+02   4.6351122395e+02
   4754.0000000000   4.4632428464e+02   2.4405438775e+02   4.6365400322e+02
   4755.0000000000   4.4646815933e+02   2.4417644945e+02   4.6380579549e+02
   4756.0000000000   4.4661985654e+02   2.4430723052e+02   4.6395155054e+02
   4757.0000000000   4.4677442857e+02   2.4443178849e+02   4.6410553203e+02
   4758.0000000000   4.4693121057e+02   2.4455489387e+02   4.6425309371e+02
   4759.0000000000   4.4708049531e+02   2.4468659479e+02   4.6439910644e+02
   4760.0000000000   4.4722756436e+02   2.4481197882e+02   4.6454412531e+02
   4761.0000000000   4.4737317153e+02   2.4493583671e+02   4.6468839343e+02
   4762.0000000000   4.4751767044e+02   2.4506823095e+02   4.6484158909e+02
   4763.0000000000   4.4766126911e+02   2.4519425958e+02   4.6498867244e+02
   4764.0000000000   4.4780410510e+02   2.4531872132e+02   4.6513437528e+02
   4765.0000000000   4.4795565176e+02   2.4544214434e+02   4.6527918760e+02
   4766.0000000000   4.4810111501e+02   2.4556476065e+02   4.6543285756e+02
   4767.0000000000   4.4824514033e+02   2.4569624406e+02   4.6558991325e+02
   4768.0000000000   4.4838820925e+02   2.4582155335e+02   4.6573997054e+02
   4769.0000000000   4.4853052804e+02   2.4594542053e+02   4.6588819577e+02
   4770.0000000000   4.4868158995e+02   2.4607787703e+02   4.6604478492e+02
   4771.0000000000   4.4882660550e+02   2.4620400291e+02   4.6620444071e+02
   4772.0000000000   4.4897021942e+02   2.4633812618e+02   4.6635686910e+02
   4773.0000000000   4.4911291063e+02   2.4646563877e+02   4.6650729024e+02
   4774.0000000000   4.4925488229e+02   2.4659143703e+02   4.6665639494e+02
   4775.0000000000   4.4939624916e+02   2.4671609456e+02   4.6681403962e+02
   4776.0000000000   4.4953708634e+02   2.4683986867e+02   4.6696527905e+02
   4777.0000000000   4.4968682302e+02   2.4696290860e+02   4.6711490356e+02
   4778.0000000000   4.4983063258e+02   2.4708531294e+02   4.6726344282e+02
   4779.0000000000   4.4998251124e+02   2.4720715226e+02   4.6741113327e+02
   4780.0000000000   4.5013742929e+02   2.4732847986e+02   4.6755811340e+02
   4781.0000000000   4.5028529869e+02   2.4744933763e+02   4.6770447600e+02
   4782.0000000000   4.5043124919e+02   2.4756975949e+02   4.6785028839e+02
   4783.0000000000   4.5057595327e+02   2.4768977356e+02   4.6799560210e+02
   4784.0000000000   4.5071971418e+02   2.4781894400e+02   4.6814045803e+02
   4785.0000000000   4.5086270596e+02   2.4794216211e+02   4.6828488958e+02
   4786.0000000000   4.5100504188e+02   2.4806411479e+02   4.6843846507e+02
   4787.0000000000   4.5115617721e+02   2.4818526110e+02   4.6858607909e+02
   4788.0000000000   4.5130130397e+02   2.4830578665e+02   4.6873242119e+02
   4789.0000000000   4.5144505674e+02   2.4843533233e+02   4.6887795268e+02
   4790.0000000000   4.5158790829e+02   2.4855883251e+02   4.6903240139e+02
   4791.0000000000   4.5173005773e+02   2.4868100057e+02   4.6918074026e+02
   4792.0000000000   4.5187161702e+02   2.4880231291e+02   4.6932770323e+02
   4793.0000000000   4.5201265916e+02   2.4892296700e+02   4.6947377911e+02
   4794.0000000000   4.5216261172e+02   2.4904307173e+02   4.6962871396e+02
   4795.0000000000   4.5231602224e+02   2.4916269673e+02   4.6977749328e+02
   4796.0000000000   4.5246264301e+02   2.4928189080e+02   4.6992486008e+02
   4797.0000000000   4.5261689930e+02   2.4940069035e+02   4.7007130986e+02
   4798.0000000000   4.5276454972e+02   2.4951912380e+02   4.7021705333e+02
   4799.0000000000   4.5291045634e+02   2.4963721407e+02   4.7037174942e+02
   4800.0000000000   4.5305520883e+02   2.4975498018e+02   4.7052034597e+02
   4801.0000000000   4.5319907479e+02   2.4987243821e+02   4.7066756661e+02
   4802.0000000000   4.5334220988e+02   2.4998960202e+02   4.7082343621e+02
   4803.0000000000   4.5348471673e+02   2.5010648370e+02   4.7098256995e+02
   4804.0000000000   4.5364541936e+02   2.5022309393e+02   4.7113462198e+02
   4805.0000000000   4.5379463788e+02   2.5033944224e+02   4.7129431926e+02
   4806.0000000000   4.5394159214e+02   2.5045553721e+02   4.7144720031e+02
   4807.0000000000   4.5408718846e+02   2.5058092706e+02   4.7160777395e+02
   4808.0000000000   4.5423179304e+02   2.5071003023e+02   4.7176152593e+02
   4809.0000000000   4.5437560305e+02   2.5083239334e+02   4.7192294910e+02
   4810.0000000000   4.5452811731e+02   2.5095313510e+02   4.7207752457e+02
   4811.0000000000   4.5467455316e+02   2.5107287640e+02   4.7223974463e+02
   4812.0000000000   4.5481956113e+02   2.5119188233e+02   4.7239509136e+02
   4813.0000000000   4.5496362472e+02   2.5131029816e+02   4.7255805856e+02
   4814.0000000000   4.5510695060e+02   2.5142821488e+02   4.7271412994e+02
   4815.0000000000   4.5525903168e+02   2.5154569453e+02   4.7286826051e+02
   4816.0000000000   4.5540507773e+02   2.5166278207e+02   4.7302106458e+02
   4817.0000000000   4.5554973257e+02   2.5177951156e+02   4.7317282935e+02
   4818.0000000000   4.5569347417e+02   2.5189590972e+02   4.7332372691e+02
   4819.0000000000   4.5583650475e+02   2.5202153856e+02   4.7347387379e+02
   4820.0000000000   4.5597893817e+02   2.5214128679e+02   4.7362335501e+02
   4821.0000000000   4.5612084869e+02   2.5226937900e+02   4.7377223570e+02
   4822.0000000000   4.5626228930e+02   2.5239114245e+02   4.7392056762e+02
   4823.0000000000   4.5640330009e+02   2.5251142922e+02   4.7406839300e+02
   4824.0000000000   4.5655328821e+02   2.5264032109e+02   4.7422528744e+02
   4825.0000000000   4.5669741208e+02   2.5276292174e+02   4.7437615172e+02
   4826.0000000000   4.5684028174e+02   2.5289357071e+02   4.7452568068e+02
   4827.0000000000   4.5698235144e+02   2.5301766542e+02   4.7467434016e+02
   4828.0000000000   4.5713318138e+02   2.5314010449e+02   4.7482232157e+02
   4829.0000000000   4.5727800466e+02   2.5326146201e+02   4.7496973043e+02
   4830.0000000000   4.5742147351e+02   2.5338199476e+02   4.7511663461e+02
   4831.0000000000   4.5756406835e+02   2.5350185089e+02   4.7526308221e+02
   4832.0000000000   4.5770599124e+02   2.5362112758e+02   4.7540910954e+02
   4833.0000000000   4.5785673019e+02   2.5373989380e+02   4.7557382623e+02
   4834.0000000000   4.5800149023e+02   2.5385820121e+02   4.7572699764e+02
   4835.0000000000   4.5814491081e+02   2.5397609002e+02   4.7587798191e+02
   4836.0000000000   4.5828746593e+02   2.5409359249e+02   4.7603722344e+02
   4837.0000000000   4.5842935422e+02   2.5421073513e+02   4.7618995149e+02
   4838.0000000000   4.5857068634e+02   2.5432754011e+02   4.7634102446e+02
   4839.0000000000   4.5871153366e+02   2.5446310717e+02   4.7649100214e+02
   4840.0000000000   4.5886132200e+02   2.5458719441e+02   4.7664967540e+02
   4841.0000000000   4.5900522170e+02   2.5470915439e+02   4.7680206008e+02
   4842.0000000000   4.5914785077e+02   2.5482988663e+02   4.7695292082e+02
   4843.0000000000   4.5928966901e+02   2.5494974581e+02   4.7710276920e+02
   4844.0000000000   4.5943086512e+02   2.5507845850e+02   4.7726136865e+02
   4845.0000000000   4.5957154252e+02   2.5521054968e+02   4.7741371829e+02
   4846.0000000000   4.5971176711e+02   2.5534517620e+02   4.7756457197e+02
   4847.0000000000   4.5985158507e+02   2.5547237644e+02   4.7772397447e+02
   4848.0000000000   4.5999103081e+02   2.5559747617e+02   4.7787701470e+02
   4849.0000000000   4.6013013124e+02   2.5572121106e+02   4.7802848645e+02
   4850.0000000000   4.6026890807e+02   2.5584391936e+02   4.7817891531e+02
   4851.0000000000   4.6040737935e+02   2.5596579703e+02   4.7832853195e+02
   4852.0000000000   4.6054556033e+02   2.5609651263e+02   4.7848700961e+02
   4853.0000000000   4.6068346419e+02   2.5622102752e+02   4.7863930695e+02
   4854.0000000000   4.6083047784e+02   2.5634407815e+02   4.7879969649e+02
   4855.0000000000   4.6097174402e+02   2.5646616009e+02   4.7895354045e+02
   4856.0000000000   4.6111186022e+02   2.5658748664e+02   4.7910571752e+02
   4857.0000000000   4.6125127045e+02   2.5672726066e+02   4.7925679001e+02
   4858.0000000000   4.6139015095e+02   2.5685530458e+02   4.7940700762e+02
   4859.0000000000   4.6152859504e+02   2.5698101474e+02   4.7955651427e+02
   4860.0000000000   4.6167603579e+02   2.5710532238e+02   4.7971494511e+02
   4861.0000000000   4.6182702044e+02   2.5722860615e+02   4.7986723872e+02
   4862.0000000000   4.6197129854e+02   2.5735107088e+02   4.8002765581e+02
   4863.0000000000   4.6211391625e+02   2.5747284518e+02   4.8018155100e+02
   4864.0000000000   4.6226487107e+02   2.5759401763e+02   4.8033379783e+02
   4865.0000000000   4.6240956520e+02   2.5771465318e+02   4.8048495495e+02
   4866.0000000000   4.6255273704e+02   2.5783480170e+02   4.8063526936e+02
   4867.0000000000   4.6269491760e+02   2.5795450280e+02   4.8078488292e+02
   4868.0000000000   4.6283634136e+02   2.5807378880e+02   4.8093388876e+02
   4869.0000000000   4.6297714295e+02   2.5819268664e+02   4.8108235329e+02
   4870.0000000000   4.6312678593e+02   2.5831121917e+02   4.8123032659e+02
   4871.0000000000   4.6327046536e+02   2.5843894649e+02   4.8137784801e+02
   4872.0000000000   4.6341281647e+02   2.5856075664e+02   4.8153448985e+02
   4873.0000000000   4.6355431154e+02   2.5869087430e+02   4.8168514949e+02
   4874.0000000000   4.6369514862e+02   2.5881462731e+02   4.8183451849e+02
   4875.0000000000   4.6383543833e+02   2.5893686862e+02   4.8198305961e+02
   4876.0000000000   4.6398462766e+02   2.5905814066e+02   4.8213096139e+02
   4877.0000000000   4.6412789981e+02   2.5917867734e+02   4.8227832669e+02
   4878.0000000000   4.6426988128e+02   2.5929860980e+02   4.8242522097e+02
   4879.0000000000   4.6441103774e+02   2.5941802225e+02   4.8257169008e+02
   4880.0000000000   4.6455156219e+02   2.5953697355e+02   4.8272730873e+02
   4881.0000000000   4.6470093670e+02   2.5965550736e+02   4.8287697475e+02
   4882.0000000000   4.6484436221e+02   2.5977365750e+02   4.8302537913e+02
   4883.0000000000   4.6499585069e+02   2.5989145100e+02   4.8318252401e+02
   4884.0000000000   4.6514100651e+02   2.6001845054e+02   4.8333346761e+02
   4885.0000000000   4.6528461507e+02   2.6013954568e+02   4.8348298062e+02
   4886.0000000000   4.6543659696e+02   2.6025942153e+02   4.8363157070e+02
   4887.0000000000   4.6558232384e+02   2.6037853540e+02   4.8377945421e+02
   4888.0000000000   4.6572652019e+02   2.6049707116e+02   4.8392675231e+02
   4889.0000000000   4.6586971027e+02   2.6061512763e+02   4.8407354310e+02
   4890.0000000000   4.6601212532e+02   2.6073276673e+02   4.8421988141e+02
   4891.0000000000   4.6617264940e+02   2.6085003119e+02   4.8436580813e+02
   4892.0000000000   4.6632163534e+02   2.6097649293e+02   4.8451135506e+02
   4893.0000000000   4.6646832262e+02   2.6110658769e+02   4.8465654779e+02
   4894.0000000000   4.6661363019e+02   2.6122987515e+02   4.8480140740e+02
   4895.0000000000   4.6675793275e+02   2.6135148414e+02   4.8494595167e+02
   4896.0000000000   4.6691080884e+02   2.6148158405e+02   4.8509019579e+02
   4897.0000000000   4.6705751869e+02   2.6161485783e+02   4.8524369342e+02
   4898.0000000000   4.6720273863e+02   2.6175053667e+02   4.8539132709e+02
   4899.0000000000   4.6734696895e+02   2.6187869966e+02   4.8553777629e+02
   4900.0000000000   4.6749980332e+02   2.6200469714e+02   4.8570257464e+02
   4901.0000000000   4.6764650008e+02   2.6212928069e+02   4.8585564411e+02
   4902.0000000000   4.6779173101e+02   2.6225279940e+02   4.8600641876e+02
   4903.0000000000   4.6793599202e+02   2.6237545696e+02   4.8615584489e+02
   4904.0000000000   4.6807949771e+02   2.6249738717e+02   4.8630430656e+02
   4905.0000000000   4.6822237090e+02   2.6261868472e+02   4.8645200955e+02
   4906.0000000000   4.6836469262e+02   2.6275850103e+02   4.8659908123e+02
   4907.0000000000   4.6850652105e+02   2.6289617302e+02   4.8674560791e+02
   4908.0000000000   4.6865727589e+02   2.6302595355e+02   4.8689165182e+02
   4909.0000000000   4.6880212473e+02   2.6315343442e+02   4.8703725993e+02
   4910.0000000000   4.6894568459e+02   2.6327943235e+02   4.8719200942e+02
   4911.0000000000   4.6908841519e+02   2.6340432039e+02   4.8734080073e+02
   4912.0000000000   4.6923988107e+02   2.6352831279e+02   4.8749786778e+02
   4913.0000000000   4.6938531891e+02   2.6365154873e+02   4.8764854535e+02
   4914.0000000000   4.6952938388e+02   2.6377412598e+02   4.8779769177e+02
   4915.0000000000   4.6967255886e+02   2.6389611715e+02   4.8794585361e+02
   4916.0000000000   4.6981504801e+02   2.6401757837e+02   4.8809326805e+02
   4917.0000000000   4.6995696568e+02   2.6413855440e+02   4.8824006882e+02
   4918.0000000000   4.7010776132e+02   2.6426862227e+02   4.8839588260e+02
   4919.0000000000   4.7025261982e+02   2.6439268343e+02   4.8854564084e+02
   4920.0000000000   4.7039616895e+02   2.6451543292e+02   4.8869405772e+02
   4921.0000000000   4.7053887537e+02   2.6463733653e+02   4.8884161163e+02
   4922.0000000000   4.7068093288e+02   2.6476812580e+02   4.8898850231e+02
   4923.0000000000   4.7082244878e+02   2.6489277678e+02   4.8913484081e+02
   4924.0000000000   4.7096349209e+02   2.6501602603e+02   4.8929023911e+02
   4925.0000000000   4.7110411143e+02   2.6513836464e+02   4.8944915907e+02
   4926.0000000000   4.7126309417e+02   2.6526954062e+02   4.8960117865e+02
   4927.0000000000   4.7141073401e+02   2.6539454118e+02   4.8975144019e+02
   4928.0000000000   4.7155623100e+02   2.6551811081e+02   4.8990058300e+02
   4929.0000000000   4.7170047612e+02   2.6565028679e+02   4.9004888686e+02
   4930.0000000000   4.7184382335e+02   2.6577615192e+02   4.9019650904e+02
   4931.0000000000   4.7199583538e+02   2.6590049494e+02   4.9034355045e+02
   4932.0000000000   4.7214175997e+02   2.6602383724e+02   4.9049008151e+02
   4933.0000000000   4.7228626347e+02   2.6614640593e+02   4.9064569467e+02
   4934.0000000000   4.7242983800e+02   2.6626833082e+02   4.9079530103e+02
   4935.0000000000   4.7257269503e+02   2.6638969700e+02   4.9094360176e+02
   4936.0000000000   4.7271495466e+02   2.6651056516e+02   4.9109106657e+02
   4937.0000000000   4.7285669542e+02   2.6663098109e+02   4.9123788911e+02
   4938.0000000000   4.7299797327e+02   2.6675098077e+02   4.9139371648e+02
   4939.0000000000   4.7313883041e+02   2.6687059336e+02   4.9154348794e+02
   4940.0000000000   4.7327930000e+02   2.6698984306e+02   4.9169192071e+02
   4941.0000000000   4.7341940893e+02   2.6710875034e+02   4.9183949432e+02
   4942.0000000000   4.7356855492e+02   2.6723687324e+02   4.9199594914e+02
   4943.0000000000   4.7371188940e+02   2.6735909799e+02   4.9214626704e+02
   4944.0000000000   4.7385401702e+02   2.6748010727e+02   4.9229518848e+02
   4945.0000000000   4.7400476318e+02   2.6760035659e+02   4.9244320716e+02
   4946.0000000000   4.7414944167e+02   2.6772002848e+02   4.9259053241e+02
   4947.0000000000   4.7430211399e+02   2.6784876118e+02   4.9273728169e+02
   4948.0000000000   4.7445778531e+02   2.6797148677e+02   4.9288353105e+02
   4949.0000000000   4.7460638787e+02   2.6809291656e+02   4.9302933423e+02
   4950.0000000000   4.7475306390e+02   2.6821352516e+02   4.9318427198e+02
   4951.0000000000   4.7489849387e+02   2.6833350840e+02   4.9333324675e+02
   4952.0000000000   4.7504298627e+02   2.6845297372e+02   4.9349049361e+02
   4953.0000000000   4.7518671859e+02   2.6857198943e+02   4.9364134812e+02
   4954.0000000000   4.7532980641e+02   2.6869060314e+02   4.9379066904e+02
   4955.0000000000   4.7547233111e+02   2.6880885015e+02   4.9393900331e+02
   4956.0000000000   4.7561435314e+02   2.6892675789e+02   4.9408658836e+02
   4957.0000000000   4.7576529471e+02   2.6904434836e+02   4.9423355810e+02
   4958.0000000000   4.7591032563e+02   2.6916163972e+02   4.9437999898e+02
   4959.0000000000   4.7607281567e+02   2.6928818769e+02   4.9452597165e+02
   4960.0000000000   4.7622349117e+02   2.6940887631e+02   4.9467152125e+02
   4961.0000000000   4.7637171931e+02   2.6952838618e+02   4.9481668278e+02
   4962.0000000000   4.7651847685e+02   2.6964717084e+02   4.9496148427e+02
   4963.0000000000   4.7666416890e+02   2.6976541102e+02   4.9510594878e+02
   4964.0000000000   4.7680901626e+02   2.6988320285e+02   4.9525009565e+02
   4965.0000000000   4.7695315756e+02   2.7000060592e+02   4.9539394136e+02
   4966.0000000000   4.7709668793e+02   2.7011766093e+02   4.9553750017e+02
   4967.0000000000   4.7723967676e+02   2.7025347846e+02   4.9569986543e+02
   4968.0000000000   4.7738217698e+02   2.7037782316e+02   4.9585079002e+02
   4969.0000000000   4.7752423033e+02   2.7050005157e+02   4.9599962216e+02
   4970.0000000000   4.7767524612e+02   2.7062106561e+02   4.9614725775e+02
   4971.0000000000   4.7782038493e+02   2.7074122138e+02   4.9629404839e+02
   4972.0000000000   4.7796425885e+02   2.7086070576e+02   4.9644017759e+02
   4973.0000000000   4.7810732396e+02   2.7098917316e+02   4.9658575673e+02
   4974.0000000000   4.7824976661e+02   2.7112111130e+02   4.9673086015e+02
   4975.0000000000   4.7840106420e+02   2.7124611492e+02   4.9688508134e+02
   4976.0000000000   4.7854641431e+02   2.7136933776e+02   4.9703333098e+02
   4977.0000000000   4.7869045099e+02   2.7149142707e+02   4.9718030921e+02
   4978.0000000000   4.7883364425e+02   2.7161266838e+02   4.9732648434e+02
   4979.0000000000   4.7897618970e+02   2.7173322317e+02   4.9747204856e+02
   4980.0000000000   4.7911819566e+02   2.7185319549e+02   4.9761710704e+02
   4981.0000000000   4.7925973167e+02   2.7197265812e+02   4.9776172667e+02
   4982.0000000000   4.7940084664e+02   2.7209166491e+02   4.9790595411e+02
   4983.0000000000   4.7955095261e+02   2.7221025740e+02   4.9804982405e+02
   4984.0000000000   4.7969521077e+02   2.7232846868e+02   4.9819336342e+02
   4985.0000000000   4.7983823270e+02   2.7244632576e+02   4.9833659391e+02
   4986.0000000000   4.7998984888e+02   2.7257339158e+02   4.9847953341e+02
   4987.0000000000   4.8013537697e+02   2.7270409654e+02   4.9863173742e+02
   4988.0000000000   4.8027950599e+02   2.7282799713e+02   4.9877808979e+02
   4989.0000000000   4.8042273544e+02   2.7295976073e+02   4.9893281136e+02
   4990.0000000000   4.8056527846e+02   2.7308488608e+02   4.9908122648e+02
   4991.0000000000   4.8070725453e+02   2.7320831337e+02   4.9923772531e+02
   4992.0000000000   4.8084874068e+02   2.7333063646e+02   4.9939725872e+02
   4993.0000000000   4.8098979106e+02   2.7345212252e+02   4.9955913846e+02
   4994.0000000000   4.8113044604e+02   2.7358246594e+02   4.9972301727e+02
   4995.0000000000   4.8127073700e+02   2.7370663827e+02   4.9987913249e+02
   4996.0000000000   4.8141068919e+02   2.7382937980e+02   5.0003291351e+02
   4997.0000000000   4.8155032340e+02   2.7396072746e+02   5.0018515779e+02
   4998.0000000000   4.8168965713e+02   2.7408576511e+02   5.0033624370e+02
   4999.0000000000   4.8182870535e+02   2.7420928289e+02   5.0048639485e+02
   5000.0000000000   4.8196748107e+02   2.7433180360e+02   5.0065484016e+02
   5001.0000000000   4.8210599566e+02   2.7445355562e+02   5.0081142674e+02
   5002.0000000000   4.8225363470e+02   2.7457466987e+02   5.0096557157e+02
   5003.0000000000   4.8239553977e+02   2.7469523237e+02   5.0111822265e+02
   5004.0000000000   4.8253630747e+02   2.7482484500e+02   5.0126977218e+02
   5005.0000000000   4.8267638105e+02   2.7494842510e+02   5.0142043601e+02
   5006.0000000000   4.8281593608e+02   2.7507067832e+02   5.0157035179e+02
   5007.0000000000   4.8295506534e+02   2.7519207775e+02   5.0171961553e+02
   5008.0000000000   4.8310320142e+02   2.7531281969e+02   5.0186829843e+02
   5009.0000000000   4.8324551568e+02   2.7543301295e+02   5.0201645558e+02
   5010.0000000000   4.8338662473e+02   2.7555272766e+02   5.0217367145e+02
   5011.0000000000   4.8352698598e+02   2.7567201337e+02   5.0232485306e+02
   5012.0000000000   4.8367616075e+02   2.7579090733e+02   5.0247469979e+02
   5013.0000000000   4.8382875759e+02   2.7591897925e+02   5.0263322125e+02
   5014.0000000000   4.8397456063e+02   2.7604112386e+02   5.0279502267e+02
   5015.0000000000   4.8412801306e+02   2.7617157054e+02   5.0294975153e+02
   5016.0000000000   4.8427488406e+02   2.7629565058e+02   5.0310258983e+02
   5017.0000000000   4.8442004202e+02   2.7641821947e+02   5.0326374244e+02
   5018.0000000000   4.8456408038e+02   2.7653982153e+02   5.0341837733e+02
   5019.0000000000   4.8470726890e+02   2.7666069213e+02   5.0357133346e+02
   5020.0000000000   4.8485913982e+02   2.7678096348e+02   5.0372316478e+02
   5021.0000000000   4.8500492878e+02   2.7690072065e+02   5.0387412095e+02
   5022.0000000000   4.8514929734e+02   2.7702002313e+02   5.0402434816e+02
   5023.0000000000   4.8529273603e+02   2.7713891508e+02   5.0417394392e+02
   5024.0000000000   4.8543545615e+02   2.7725743069e+02   5.0432297854e+02
   5025.0000000000   4.8557757824e+02   2.7738513771e+02   5.0447150551e+02
   5026.0000000000   4.8571918154e+02   2.7750692951e+02   5.0461956704e+02
   5027.0000000000   4.8586969823e+02   2.7763703451e+02   5.0476719748e+02
   5028.0000000000   4.8601430383e+02   2.7776078317e+02   5.0491442536e+02
   5029.0000000000   4.8615762062e+02   2.7788303033e+02   5.0506127484e+02
   5030.0000000000   4.8630948741e+02   2.7800431974e+02   5.0520776667e+02
   5031.0000000000   4.8645522843e+02   2.7812488626e+02   5.0535391892e+02
   5032.0000000000   4.8660891347e+02   2.7825440210e+02   5.0550928790e+02
   5033.0000000000   4.8676555444e+02   2.7838736324e+02   5.0565875861e+02
   5034.0000000000   4.8691508912e+02   2.7851336892e+02   5.0581655328e+02
   5035.0000000000   4.8706266437e+02   2.7864711607e+02   5.0596799770e+02
   5036.0000000000   4.8721833996e+02   2.7877412477e+02   5.0611794312e+02
   5037.0000000000   4.8736756026e+02   2.7890889159e+02   5.0626693056e+02
   5038.0000000000   4.8751509402e+02   2.7905597442e+02   5.0641519272e+02
   5039.0000000000   4.8766149512e+02   2.7919006107e+02   5.0656285971e+02
   5040.0000000000   4.8780701588e+02   2.7933063552e+02   5.0671955528e+02
   5041.0000000000   4.8795180519e+02   2.7946373443e+02   5.0687020846e+02
   5042.0000000000   4.8809596288e+02   2.7959453497e+02   5.0701953141e+02
   5043.0000000000   4.8823956117e+02   2.7972376654e+02   5.0716800088e+02
   5044.0000000000   4.8838265505e+02   2.7985178452e+02   5.0731581522e+02
   5045.0000000000   4.8852528800e+02   2.7998834533e+02   5.0746308429e+02
   5046.0000000000   4.8866749532e+02   2.8011846651e+02   5.0760987871e+02
   5047.0000000000   4.8880930632e+02   2.8025646410e+02   5.0775624812e+02
   5048.0000000000   4.8895074577e+02   2.8038773358e+02   5.0790222971e+02
   5049.0000000000   4.8909183494e+02   2.8052672011e+02   5.0806693336e+02
   5050.0000000000   4.8923259225e+02   2.8067795866e+02   5.0822012441e+02
   5051.0000000000   4.8938240932e+02   2.8081612696e+02   5.0838070110e+02
   5052.0000000000   4.8952643303e+02   2.8096070529e+02   5.0853443785e+02
   5053.0000000000   4.8966926459e+02   2.8109772991e+02   5.0868636158e+02
   5054.0000000000   4.8981135133e+02   2.8123237932e+02   5.0885618522e+02
   5055.0000000000   4.8995287244e+02   2.8137492565e+02   5.0901393797e+02
   5056.0000000000   4.9010329935e+02   2.8151059791e+02   5.0916912420e+02
   5057.0000000000   4.9024782469e+02   2.8164428421e+02   5.0932273935e+02
   5058.0000000000   4.9040045373e+02   2.8177657765e+02   5.0947520350e+02
   5059.0000000000   4.9054678544e+02   2.8190775939e+02   5.0962674975e+02
   5060.0000000000   4.9069160075e+02   2.8203800136e+02   5.0978706724e+02
   5061.0000000000   4.9083544112e+02   2.8216742238e+02   5.0995067069e+02
   5062.0000000000   4.9097854257e+02   2.8229611067e+02   5.1010717632e+02
   5063.0000000000   4.9112103851e+02   2.8242413493e+02   5.1026175529e+02
   5064.0000000000   4.9126301515e+02   2.8255155042e+02   5.1041506930e+02
   5065.0000000000   4.9140453299e+02   2.8267840281e+02   5.1056741596e+02
   5066.0000000000   4.9154563700e+02   2.8280473050e+02   5.1071896704e+02
   5067.0000000000   4.9168636201e+02   2.8293056635e+02   5.1086983540e+02
   5068.0000000000   4.9183611134e+02   2.8305593883e+02   5.1102010145e+02
   5069.0000000000   4.9198941587e+02   2.8318087286e+02   5.1116982573e+02
   5070.0000000000   4.9213601574e+02   2.8330539048e+02   5.1131905568e+02
   5071.0000000000   4.9228095155e+02   2.8342951132e+02   5.1146782958e+02
   5072.0000000000   4.9242484207e+02   2.8355325299e+02   5.1161617910e+02
   5073.0000000000   4.9257733046e+02   2.8368617184e+02   5.1176413090e+02
   5074.0000000000   4.9272369819e+02   2.8381315320e+02   5.1191170782e+02
   5075.0000000000   4.9286862832e+02   2.8393887945e+02   5.1205892964e+02
   5076.0000000000   4.9302199766e+02   2.8406380616e+02   5.1220581368e+02
   5077.0000000000   4.9316915568e+02   2.8419765666e+02   5.1236191571e+02
   5078.0000000000   4.9331481433e+02   2.8432540022e+02   5.1251212032e+02
   5079.0000000000   4.9346886561e+02   2.8445176786e+02   5.1266110898e+02
   5080.0000000000   4.9361666830e+02   2.8457724602e+02   5.1280933630e+02
   5081.0000000000   4.9377231600e+02   2.8470203842e+02   5.1295698418e+02
   5082.0000000000   4.9392146238e+02   2.8482625808e+02   5.1310414994e+02
   5083.0000000000   4.9406892548e+02   2.8494997757e+02   5.1325089437e+02
   5084.0000000000   4.9421527360e+02   2.8507324785e+02   5.1339725938e+02
   5085.0000000000   4.9436076296e+02   2.8519610701e+02   5.1354327587e+02
   5086.0000000000   4.9450554276e+02   2.8531858482e+02   5.1368896777e+02
   5087.0000000000   4.9464971179e+02   2.8544070532e+02   5.1383435434e+02
   5088.0000000000   4.9479334082e+02   2.8557202891e+02   5.1397945151e+02
   5089.0000000000   4.9493648334e+02   2.8569744341e+02   5.1413381320e+02
   5090.0000000000   4.9508855679e+02   2.8582163259e+02   5.1428232197e+02
   5091.0000000000   4.9523472767e+02   2.8594505273e+02   5.1443919761e+02
   5092.0000000000   4.9538898796e+02   2.8606788690e+02   5.1458976358e+02
   5093.0000000000   4.9553692975e+02   2.8619023328e+02   5.1473886895e+02
   5094.0000000000   4.9568333054e+02   2.8631215332e+02   5.1489659307e+02
   5095.0000000000   4.9584748121e+02   2.8643368937e+02   5.1504803763e+02
   5096.0000000000   4.9599988252e+02   2.8656441309e+02   5.1519800012e+02
   5097.0000000000   4.9614984504e+02   2.8668921959e+02   5.1534700569e+02
   5098.0000000000   4.9629832732e+02   2.8682233790e+02   5.1549528267e+02
   5099.0000000000   4.9645510379e+02   2.8694909853e+02   5.1564296071e+02
   5100.0000000000   4.9660552611e+02   2.8707435604e+02   5.1579012400e+02
   5101.0000000000   4.9675432142e+02   2.8719865376e+02   5.1594637237e+02
   5102.0000000000   4.9690202147e+02   2.8732222604e+02   5.1610616145e+02
   5103.0000000000   4.9704886549e+02   2.8744520416e+02   5.1625906574e+02
   5104.0000000000   4.9719499406e+02   2.8756767226e+02   5.1641022551e+02
   5105.0000000000   4.9734050144e+02   2.8769922944e+02   5.1656027871e+02
   5106.0000000000   4.9748545597e+02   2.8782478997e+02   5.1670950417e+02
   5107.0000000000   4.9762990988e+02   2.8794905652e+02   5.1686759891e+02
   5108.0000000000   4.9777390458e+02   2.8809158012e+02   5.1701953423e+02
   5109.0000000000   4.9791747387e+02   2.8822229627e+02   5.1717004927e+02
   5110.0000000000   4.9806064591e+02   2.8836019012e+02   5.1731963921e+02
   5111.0000000000   4.9820344458e+02   2.8850062793e+02   5.1746851567e+02
   5112.0000000000   4.9834589047e+02   2.8864308132e+02   5.1763587933e+02
   5113.0000000000   4.9849737693e+02   2.8877774553e+02   5.1779155028e+02
   5114.0000000000   4.9865242772e+02   2.8891003735e+02   5.1794492260e+02
   5115.0000000000   4.9880077784e+02   2.8904075065e+02   5.1810646576e+02
   5116.0000000000   4.9894746411e+02   2.8917980387e+02   5.1828050816e+02
   5117.0000000000   4.9910247793e+02   2.8931229256e+02   5.1844166380e+02
   5118.0000000000   4.9926059294e+02   2.8944303542e+02   5.1859984147e+02
   5119.0000000000   4.9941167748e+02   2.8957258289e+02   5.1875618698e+02
   5120.0000000000   4.9956084930e+02   2.8970118708e+02   5.1891119556e+02
   5121.0000000000   4.9970877774e+02   2.8983853908e+02   5.1906514430e+02
   5122.0000000000   4.9985576566e+02   2.8996961231e+02   5.1922775082e+02
   5123.0000000000   5.0000198756e+02   2.9009915113e+02   5.1938400913e+02
   5124.0000000000   5.0014755736e+02   2.9022765707e+02   5.1954821940e+02
   5125.0000000000   5.0029255552e+02   2.9035534824e+02   5.1970576548e+02
   5126.0000000000   5.0043704203e+02   2.9048235075e+02   5.1986154330e+02
   5127.0000000000   5.0058106343e+02   2.9061828917e+02   5.2002566950e+02
   5128.0000000000   5.0072465695e+02   2.9074809560e+02   5.2018327609e+02
   5129.0000000000   5.0087722855e+02   2.9087648626e+02   5.2033918557e+02
   5130.0000000000   5.0102393630e+02   2.9100394227e+02   5.2050348450e+02
   5131.0000000000   5.0116939029e+02   2.9113066640e+02   5.2066128991e+02
   5132.0000000000   5.0131404506e+02   2.9125677282e+02   5.2082695631e+02
   5133.0000000000   5.0147683655e+02   2.9138233618e+02   5.2098589554e+02
   5134.0000000000   5.0162813082e+02   2.9150740995e+02   5.2114301948e+02
   5135.0000000000   5.0177716887e+02   2.9163203484e+02   5.2129891414e+02
   5136.0000000000   5.0192486732e+02   2.9175624320e+02   5.2145384700e+02
   5137.0000000000   5.0207159735e+02   2.9188006155e+02   5.2160797578e+02
   5138.0000000000   5.0222693382e+02   2.9200351218e+02   5.2176140625e+02
   5139.0000000000   5.0237613343e+02   2.9212661415e+02   5.2191421510e+02
   5140.0000000000   5.0252386937e+02   2.9225892446e+02   5.2206646093e+02
   5141.0000000000   5.0267063909e+02   2.9238532863e+02   5.2221819024e+02
   5142.0000000000   5.0282603377e+02   2.9251050880e+02   5.2236944103e+02
   5143.0000000000   5.0297530957e+02   2.9263492011e+02   5.2252024500e+02
   5144.0000000000   5.0313251177e+02   2.9275874487e+02   5.2267062908e+02
   5145.0000000000   5.0328326718e+02   2.9288208074e+02   5.2282061651e+02
   5146.0000000000   5.0343237731e+02   2.9300498878e+02   5.2297976798e+02
   5147.0000000000   5.0358977498e+02   2.9312751113e+02   5.2313297230e+02
   5148.0000000000   5.0374084144e+02   2.9324967889e+02   5.2329445496e+02
   5149.0000000000   5.0389030885e+02   2.9339059703e+02   5.2345908509e+02
   5150.0000000000   5.0403870784e+02   2.9352002680e+02   5.2361658744e+02
   5151.0000000000   5.0418627497e+02   2.9364732264e+02   5.2377217448e+02
   5152.0000000000   5.0433314795e+02   2.9377338521e+02   5.2392652453e+02
   5153.0000000000   5.0447941838e+02   2.9389856986e+02   5.2407994132e+02
   5154.0000000000   5.0462515228e+02   2.9402306309e+02   5.2423259800e+02
   5155.0000000000   5.0477039985e+02   2.9414697873e+02   5.2438460655e+02
   5156.0000000000   5.0491520080e+02   2.9427039317e+02   5.2454558590e+02
   5157.0000000000   5.0505958742e+02   2.9439336119e+02   5.2470046519e+02
   5158.0000000000   5.0520358659e+02   2.9451592402e+02   5.2485395860e+02
   5159.0000000000   5.0534722111e+02   2.9463811388e+02   5.2500654556e+02
   5160.0000000000   5.0549051059e+02   2.9475995672e+02   5.2515842726e+02
   5161.0000000000   5.0563347210e+02   2.9488147389e+02   5.2530971638e+02
   5162.0000000000   5.0577612068e+02   2.9500268336e+02   5.2546048616e+02
   5163.0000000000   5.0592784513e+02   2.9512360047e+02   5.2561078871e+02
   5164.0000000000   5.0607378996e+02   2.9524423851e+02   5.2576066346e+02
   5165.0000000000   5.0621855440e+02   2.9536460913e+02   5.2591968196e+02
   5166.0000000000   5.0636258408e+02   2.9549426306e+02   5.2607274051e+02
   5167.0000000000   5.0650605674e+02   2.9561808044e+02   5.2623406992e+02
   5168.0000000000   5.0664906714e+02   2.9574073874e+02   5.2638900271e+02
   5169.0000000000   5.0679167425e+02   2.9586268900e+02   5.2656147632e+02
   5170.0000000000   5.0694329398e+02   2.9598410988e+02   5.2672177795e+02
   5171.0000000000   5.0708908861e+02   2.9610509577e+02   5.2687948222e+02
   5172.0000000000   5.0723366953e+02   2.9622570480e+02   5.2703560924e+02
   5173.0000000000   5.0737749100e+02   2.9634597643e+02   5.2719058842e+02
   5174.0000000000   5.0752073702e+02   2.9646593934e+02   5.2734465620e+02
   5175.0000000000   5.0766350700e+02   2.9659515586e+02   5.2749796209e+02
   5176.0000000000   5.0780586343e+02   2.9671851426e+02   5.2766014953e+02
   5177.0000000000   5.0794784947e+02   2.9684069793e+02   5.2781616473e+02
   5178.0000000000   5.0808949693e+02   2.9696216226e+02   5.2797073439e+02
   5179.0000000000   5.0823083041e+02   2.9708308921e+02   5.2813388781e+02
   5180.0000000000   5.0837186959e+02   2.9720357566e+02   5.2829070446e+02
   5181.0000000000   5.0852200613e+02   2.9733322214e+02   5.2844597207e+02
   5182.0000000000   5.0866638623e+02   2.9746648096e+02   5.2860021212e+02
   5183.0000000000   5.0880961004e+02   2.9760246253e+02   5.2876319284e+02
   5184.0000000000   5.0895212357e+02   2.9773117331e+02   5.2891991591e+02
   5185.0000000000   5.0909410461e+02   2.9785791592e+02   5.2907513670e+02
   5186.0000000000   5.0925439861e+02   2.9798340858e+02   5.2922936052e+02
   5187.0000000000   5.0940332929e+02   2.9811751632e+02   5.2938280603e+02
   5188.0000000000   5.0955948896e+02   2.9824529514e+02   5.2953559835e+02
   5189.0000000000   5.0970891108e+02   2.9837153346e+02   5.2968781996e+02
   5190.0000000000   5.0986591953e+02   2.9849675784e+02   5.2983953006e+02
   5191.0000000000   5.1002564914e+02   2.9862120109e+02   5.2999077367e+02
   5192.0000000000   5.1017810716e+02   2.9874499804e+02   5.3014158642e+02
   5193.0000000000   5.1032848370e+02   2.9886823793e+02   5.3029199738e+02
   5194.0000000000   5.1047749186e+02   2.9899098475e+02   5.3044203083e+02
   5195.0000000000   5.1062546350e+02   2.9911328687e+02   5.3059170744e+02
   5196.0000000000   5.1077259347e+02   2.9923518231e+02   5.3074104505e+02
   5197.0000000000   5.1091901063e+02   2.9935670182e+02   5.3089005929e+02
   5198.0000000000   5.1106480671e+02   2.9948741121e+02   5.3103876394e+02
   5199.0000000000   5.1121005046e+02   2.9961220284e+02   5.3118717134e+02
   5200.0000000000   5.1136417074e+02   2.9973576416e+02   5.3133529254e+02
   5201.0000000000   5.1151234290e+02   2.9985855453e+02   5.3148313758e+02
   5202.0000000000   5.1165919039e+02   2.9998075960e+02   5.3163071557e+02
   5203.0000000000   5.1180517827e+02   3.0010247972e+02   5.3179711572e+02
   5204.0000000000   5.1195987554e+02   3.0022377812e+02   5.3195208756e+02
   5205.0000000000   5.1211789803e+02   3.0035423911e+02   5.3210497655e+02
   5206.0000000000   5.1226903660e+02   3.0047876610e+02   5.3225667630e+02
   5207.0000000000   5.1243711609e+02   3.0060205355e+02   5.3240753651e+02
   5208.0000000000   5.1259304386e+02   3.0072456529e+02   5.3255773913e+02
   5209.0000000000   5.1274628186e+02   3.0085603036e+02   5.3270739416e+02
   5210.0000000000   5.1289786403e+02   3.0100050285e+02   5.3285657485e+02
   5211.0000000000   5.1304823320e+02   3.0115153919e+02   5.3300533328e+02
   5212.0000000000   5.1319763660e+02   3.0128870788e+02   5.3316324883e+02
   5213.0000000000   5.1334623224e+02   3.0142243921e+02   5.3331522268e+02
   5214.0000000000   5.1349413000e+02   3.0155407754e+02   5.3346594822e+02
   5215.0000000000   5.1364141076e+02   3.0168421559e+02   5.3361588885e+02
   5216.0000000000   5.1378813664e+02   3.0181318528e+02   5.3376523299e+02
   5217.0000000000   5.1393435689e+02   3.0195073790e+02   5.3391408293e+02
   5218.0000000000   5.1408011153e+02   3.0208188942e+02   5.3407204367e+02
   5219.0000000000   5.1423480924e+02   3.0221141457e+02   5.3422403096e+02
   5220.0000000000   5.1438361063e+02   3.0233983686e+02   5.3438428756e+02
   5221.0000000000   5.1453112813e+02   3.0246739074e+02   5.3453815362e+02
   5222.0000000000   5.1467781841e+02   3.0260375506e+02   5.3469049073e+02
   5223.0000000000   5.1482386848e+02   3.0273389432e+02   5.3484184753e+02
   5224.0000000000   5.1496938104e+02   3.0286254625e+02   5.3499246247e+02
   5225.0000000000   5.1513317271e+02   3.0299974765e+02   5.3514247007e+02
   5226.0000000000   5.1528555497e+02   3.0313058347e+02   5.3529195702e+02
   5227.0000000000   5.1543573957e+02   3.0325984572e+02   5.3544098410e+02
   5228.0000000000   5.1558462567e+02   3.0338805934e+02   5.3558959638e+02
   5229.0000000000   5.1574194873e+02   3.0351545503e+02   5.3573782874e+02
   5230.0000000000   5.1589303321e+02   3.0364216601e+02   5.3589524947e+02
   5231.0000000000   5.1605196184e+02   3.0376828057e+02   5.3604675232e+02
   5232.0000000000   5.1620438394e+02   3.0390340279e+02   5.3620656599e+02
   5233.0000000000   5.1635511550e+02   3.0403245208e+02   5.3636002115e+02
   5234.0000000000   5.1650472371e+02   3.0416013605e+02   5.3651197279e+02
   5235.0000000000   5.1665346414e+02   3.0428692964e+02   5.3666296477e+02
   5236.0000000000   5.1680148556e+02   3.0441303089e+02   5.3683231284e+02
   5237.0000000000   5.1694888650e+02   3.0453855023e+02   5.3699943109e+02
   5238.0000000000   5.1710511302e+02   3.0466355931e+02   5.3715861346e+02
   5239.0000000000   5.1725535105e+02   3.0478810909e+02   5.3731547528e+02
   5240.0000000000   5.1740423099e+02   3.0491223817e+02   5.3747084745e+02
   5241.0000000000   5.1755222264e+02   3.0503597709e+02   5.3763465224e+02
   5242.0000000000   5.1769952294e+02   3.0517843166e+02   5.3780152076e+02
   5243.0000000000   5.1784624222e+02   3.0530936461e+02   5.3797067623e+02
   5244.0000000000   5.1799245225e+02   3.0543813217e+02   5.3813220224e+02
   5245.0000000000   5.1815695507e+02   3.0557517729e+02   5.3829145719e+02
   5246.0000000000   5.1831005457e+02   3.0571526852e+02   5.3844920137e+02
   5247.0000000000   5.1846095829e+02   3.0584813426e+02   5.3860579215e+02
   5248.0000000000   5.1861056298e+02   3.0597900272e+02   5.3876144073e+02
   5249.0000000000   5.1875922725e+02   3.0610856718e+02   5.3891628768e+02
   5250.0000000000   5.1890714216e+02   3.0623714382e+02   5.3907043367e+02
   5251.0000000000   5.1905442608e+02   3.0636491569e+02   5.3922395460e+02
   5252.0000000000   5.1920115962e+02   3.0650154316e+02   5.3937690982e+02
   5253.0000000000   5.1934740141e+02   3.0663198207e+02   5.3952934712e+02
   5254.0000000000   5.1949319612e+02   3.0676096499e+02   5.3968130582e+02
   5255.0000000000   5.1963857909e+02   3.0688898470e+02   5.3983281889e+02
   5256.0000000000   5.1978357902e+02   3.0702579283e+02   5.3999345482e+02
   5257.0000000000   5.1992821979e+02   3.0715638074e+02   5.4014810872e+02
   5258.0000000000   5.2007252163e+02   3.0728549698e+02   5.4030147084e+02
   5259.0000000000   5.2021650191e+02   3.0741364213e+02   5.4045400326e+02
   5260.0000000000   5.2036017579e+02   3.0755057190e+02   5.4060589420e+02
   5261.0000000000   5.2051293203e+02   3.0768127978e+02   5.4075724647e+02
   5262.0000000000   5.2066929051e+02   3.0781051552e+02   5.4090812562e+02
   5263.0000000000   5.2081898284e+02   3.0794832075e+02   5.4105857771e+02
   5264.0000000000   5.2096704289e+02   3.0807978197e+02   5.4122771814e+02
   5265.0000000000   5.2111408404e+02   3.0820969112e+02   5.4138531592e+02
   5266.0000000000   5.2126036967e+02   3.0833857230e+02   5.4154073155e+02
   5267.0000000000   5.2140604510e+02   3.0846665500e+02   5.4169487056e+02
   5268.0000000000   5.2156057744e+02   3.0860361149e+02   5.4184809232e+02
   5269.0000000000   5.2170916229e+02   3.0873439964e+02   5.4200058676e+02
   5270.0000000000   5.2185643410e+02   3.0886375090e+02   5.4215247061e+02
   5271.0000000000   5.2200286386e+02   3.0900169644e+02   5.4230382281e+02
   5272.0000000000   5.2215802363e+02   3.0913331621e+02   5.4245470037e+02
   5273.0000000000   5.2230715514e+02   3.0927293824e+02   5.4260514648e+02
   5274.0000000000   5.2245491701e+02   3.0940595453e+02   5.4276473556e+02
   5275.0000000000   5.2260179452e+02   3.0953726155e+02   5.4291836603e+02
   5276.0000000000   5.2274799340e+02   3.0966743306e+02   5.4307072986e+02
   5277.0000000000   5.2289362911e+02   3.0979672653e+02   5.4322228981e+02
   5278.0000000000   5.2303877636e+02   3.0992529137e+02   5.4337323419e+02
   5279.0000000000   5.2318348793e+02   3.1005322636e+02   5.4353320589e+02
   5280.0000000000   5.2332780337e+02   3.1018060222e+02   5.4368714077e+02
   5281.0000000000   5.2347175359e+02   3.1031701285e+02   5.4383975333e+02
   5282.0000000000   5.2362473900e+02   3.1044737122e+02   5.4399152082e+02
   5283.0000000000   5.2377191281e+02   3.1058592100e+02   5.4414264132e+02
   5284.0000000000   5.2391788087e+02   3.1071800488e+02   5.4429322418e+02
   5285.0000000000   5.2406309398e+02   3.1084848772e+02   5.4444333935e+02
   5286.0000000000   5.2420773396e+02   3.1097792162e+02   5.4459303588e+02
   5287.0000000000   5.2435189883e+02   3.1110654854e+02   5.4474235033e+02
   5288.0000000000   5.2449565017e+02   3.1123450635e+02   5.4489131120e+02
   5289.0000000000   5.2463903058e+02   3.1136188496e+02   5.4503994148e+02
   5290.0000000000   5.2478207155e+02   3.1148874817e+02   5.4518826019e+02
   5291.0000000000   5.2492479748e+02   3.1161514387e+02   5.4533628338e+02
   5292.0000000000   5.2506722795e+02   3.1174110959e+02   5.4548402486e+02
   5293.0000000000   5.2520937916e+02   3.1187621607e+02   5.4563149665e+02
   5294.0000000000   5.2535126478e+02   3.1200535935e+02   5.4577870937e+02
   5295.0000000000   5.2550227197e+02   3.1213322986e+02   5.4592567244e+02
   5296.0000000000   5.2564754355e+02   3.1226028932e+02   5.4607239434e+02
   5297.0000000000   5.2579167698e+02   3.1238672541e+02   5.4621888274e+02
   5298.0000000000   5.2593511617e+02   3.1251264020e+02   5.4637468506e+02
   5299.0000000000   5.2608741264e+02   3.1263809845e+02   5.4652467861e+02
   5300.0000000000   5.2623379210e+02   3.1277268582e+02   5.4667353845e+02
   5301.0000000000   5.2637890041e+02   3.1292992824e+02   5.4683125398e+02
   5302.0000000000   5.2653258789e+02   3.1306913404e+02   5.4698287297e+02
   5303.0000000000   5.2668018426e+02   3.1320477565e+02   5.4714269784e+02
   5304.0000000000   5.2682638619e+02   3.1334791361e+02   5.4730564021e+02
   5305.0000000000   5.2697169815e+02   3.1348403745e+02   5.4747099062e+02
   5306.0000000000   5.2711633649e+02   3.1362768649e+02   5.4762884837e+02
   5307.0000000000   5.2726042280e+02   3.1377391819e+02   5.4778457122e+02
   5308.0000000000   5.2740403548e+02   3.1391258060e+02   5.4793891315e+02
   5309.0000000000   5.2754722950e+02   3.1405851237e+02   5.4809222349e+02
   5310.0000000000   5.2769942113e+02   3.1419732505e+02   5.4825424561e+02
   5311.0000000000   5.2784577456e+02   3.1433403851e+02   5.4840998306e+02
   5312.0000000000   5.2799090348e+02   3.1446930562e+02   5.4857373880e+02
   5313.0000000000   5.2813526447e+02   3.1460343883e+02   5.4874043686e+02
   5314.0000000000   5.2827904364e+02   3.1473662783e+02   5.4889984242e+02
   5315.0000000000   5.2843171776e+02   3.1486900206e+02   5.4905719853e+02
   5316.0000000000   5.2857848352e+02   3.1500065624e+02   5.4921320719e+02
   5317.0000000000   5.2872397394e+02   3.1513166309e+02   5.4937773124e+02
   5318.0000000000   5.2887803335e+02   3.1526208039e+02   5.4953582970e+02
   5319.0000000000   5.2902598879e+02   3.1539195523e+02   5.4969229587e+02
   5320.0000000000   5.2918191128e+02   3.1552132680e+02   5.4984766172e+02
   5321.0000000000   5.2933143767e+02   3.1565022829e+02   5.5001170595e+02
   5322.0000000000   5.2948874844e+02   3.1577868817e+02   5.5016943947e+02
   5323.0000000000   5.2963953412e+02   3.1591627159e+02   5.5032562551e+02
   5324.0000000000   5.2978863100e+02   3.1604787116e+02   5.5048077600e+02
   5325.0000000000   5.2993661718e+02   3.1617817524e+02   5.5063511520e+02
   5326.0000000000   5.3008375444e+02   3.1630764445e+02   5.5078877294e+02
   5327.0000000000   5.3023019518e+02   3.1643646595e+02   5.5094183569e+02
   5328.0000000000   5.3038541549e+02   3.1656474169e+02   5.5109436607e+02
   5329.0000000000   5.3053461972e+02   3.1669253661e+02   5.5124641202e+02
   5330.0000000000   5.3068245029e+02   3.1681989628e+02   5.5139801168e+02
   5331.0000000000   5.3083876064e+02   3.1694685492e+02   5.5154919632e+02
   5332.0000000000   5.3098888607e+02   3.1708297988e+02   5.5169999210e+02
   5333.0000000000   5.3113752952e+02   3.1721316404e+02   5.5185042134e+02
   5334.0000000000   5.3128520166e+02   3.1734209497e+02   5.5200050334e+02
   5335.0000000000   5.3143212476e+02   3.1747023194e+02   5.5215025499e+02
   5336.0000000000   5.3158780132e+02   3.1759776044e+02   5.5229969122e+02
   5337.0000000000   5.3173744729e+02   3.1772478065e+02   5.5245836577e+02
   5338.0000000000   5.3188571061e+02   3.1786089612e+02   5.5261116150e+02
   5339.0000000000   5.3203307211e+02   3.1800056199e+02   5.5276275840e+02
   5340.0000000000   5.3217973596e+02   3.1813335086e+02   5.5292315024e+02
   5341.0000000000   5.3232581741e+02   3.1826440070e+02   5.5307738871e+02
   5342.0000000000   5.3248076714e+02   3.1839434725e+02   5.5323023934e+02
   5343.0000000000   5.3262977136e+02   3.1852346733e+02   5.5338220557e+02
   5344.0000000000   5.3277745906e+02   3.1865191576e+02   5.5353350032e+02
   5345.0000000000   5.3292429809e+02   3.1877979138e+02   5.5369378235e+02
   5346.0000000000   5.3307985875e+02   3.1891670330e+02   5.5385753865e+02
   5347.0000000000   5.3322938186e+02   3.1904757302e+02   5.5402390254e+02
   5348.0000000000   5.3337752572e+02   3.1917710864e+02   5.5419243720e+02
   5349.0000000000   5.3352477557e+02   3.1930578463e+02   5.5436286874e+02
   5350.0000000000   5.3367133739e+02   3.1943379806e+02   5.5452546491e+02
   5351.0000000000   5.3381732695e+02   3.1956125812e+02   5.5468567056e+02
   5352.0000000000   5.3396281940e+02   3.1968823507e+02   5.5484429226e+02
   5353.0000000000   5.3410786799e+02   3.1983385930e+02   5.5500171432e+02
   5354.0000000000   5.3425251275e+02   3.1996790980e+02   5.5515816460e+02
   5355.0000000000   5.3439678511e+02   3.2009975408e+02   5.5532333476e+02
   5356.0000000000   5.3454071049e+02   3.2023030277e+02   5.5548220353e+02
   5357.0000000000   5.3469368547e+02   3.2035991907e+02   5.5563952081e+02
   5358.0000000000   5.3484086048e+02   3.2048879582e+02   5.5579579283e+02
   5359.0000000000   5.3499621477e+02   3.2061705204e+02   5.5596078194e+02
   5360.0000000000   5.3514533018e+02   3.2075430888e+02   5.5611948816e+02
   5361.0000000000   5.3529297577e+02   3.2089503614e+02   5.5627666716e+02
   5362.0000000000   5.3544905993e+02   3.2103835870e+02   5.5643282545e+02
   5363.0000000000   5.3559894492e+02   3.2117429511e+02   5.5658818329e+02
   5364.0000000000   5.3574734780e+02   3.2130815814e+02   5.5674286752e+02
   5365.0000000000   5.3589478688e+02   3.2144067462e+02   5.5689696232e+02
   5366.0000000000   5.3604148853e+02   3.2158171700e+02   5.5705052854e+02
   5367.0000000000   5.3619695736e+02   3.2172588810e+02   5.5720361271e+02
   5368.0000000000   5.3634641027e+02   3.2186285289e+02   5.5735625188e+02
   5369.0000000000   5.3649449547e+02   3.2199781203e+02   5.5750847640e+02
   5370.0000000000   5.3664169361e+02   3.2213144624e+02   5.5767939258e+02
   5371.0000000000   5.3678820850e+02   3.2226406606e+02   5.5783876401e+02
   5372.0000000000   5.3693415484e+02   3.2239585234e+02   5.5799594786e+02
   5373.0000000000   5.3707960728e+02   3.2252692460e+02   5.5815184768e+02
   5374.0000000000   5.3723399426e+02   3.2265736820e+02   5.5830682166e+02
   5375.0000000000   5.3739186371e+02   3.2279678789e+02   5.5846105907e+02
   5376.0000000000   5.3754296802e+02   3.2294918583e+02   5.5861467631e+02
   5377.0000000000   5.3770173231e+02   3.2309855412e+02   5.5876775223e+02
   5378.0000000000   5.3785391494e+02   3.2323957912e+02   5.5892034388e+02
   5379.0000000000   5.3800437763e+02   3.2337801705e+02   5.5907249462e+02
   5380.0000000000   5.3815370959e+02   3.2351476722e+02   5.5922423863e+02
   5381.0000000000   5.3830217800e+02   3.2365025083e+02   5.5937560366e+02
   5382.0000000000   5.3844993803e+02   3.2378471300e+02   5.5952661279e+02
   5383.0000000000   5.3860646724e+02   3.2391831408e+02   5.5967728553e+02
   5384.0000000000   5.3875697086e+02   3.2405116713e+02   5.5982763868e+02
   5385.0000000000   5.3891546725e+02   3.2418335621e+02   5.5997768687e+02
   5386.0000000000   5.3906756733e+02   3.2431494634e+02   5.6012744302e+02
   5387.0000000000   5.3921806249e+02   3.2444598933e+02   5.6027691860e+02
   5388.0000000000   5.3937687870e+02   3.2457652755e+02   5.6042612391e+02
   5389.0000000000   5.3952939233e+02   3.2470659626e+02   5.6057506827e+02
   5390.0000000000   5.3968033199e+02   3.2483622535e+02   5.6073330055e+02
   5391.0000000000   5.3983022557e+02   3.2497498090e+02   5.6089523986e+02
   5392.0000000000   5.3998868292e+02   3.2510775614e+02   5.6105043342e+02
   5393.0000000000   5.4015034805e+02   3.2525832065e+02   5.6121354092e+02
   5394.0000000000   5.4030503215e+02   3.2539687715e+02   5.6137005468e+02
   5395.0000000000   5.4046719979e+02   3.2554249167e+02   5.6152490946e+02
   5396.0000000000   5.4062263743e+02   3.2568102417e+02   5.6167869451e+02
   5397.0000000000   5.4077622777e+02   3.2582709275e+02   5.6183167301e+02
   5398.0000000000   5.4092857623e+02   3.2596623359e+02   5.6198399551e+02
   5399.0000000000   5.4107996283e+02   3.2610342647e+02   5.6213575966e+02
   5400.0000000000   5.4123055316e+02   3.2623929801e+02   5.6229657438e+02
   5401.0000000000   5.4138045799e+02   3.2637414159e+02   5.6245136132e+02
   5402.0000000000   5.4153913264e+02   3.2650813215e+02   5.6260482877e+02
   5403.0000000000   5.4169177029e+02   3.2665092782e+02   5.6275745134e+02
   5404.0000000000   5.4184300716e+02   3.2680656551e+02   5.6290942618e+02
   5405.0000000000   5.4199331783e+02   3.2694952099e+02   5.6306086247e+02
   5406.0000000000   5.4214290321e+02   3.2708962719e+02   5.6321183041e+02
   5407.0000000000   5.4229187697e+02   3.2722798433e+02   5.6336237941e+02
   5408.0000000000   5.4244031377e+02   3.2736505841e+02   5.6351254648e+02
   5409.0000000000   5.4259764267e+02   3.2750110690e+02   5.6366236054e+02
   5410.0000000000   5.4274903717e+02   3.2763629338e+02   5.6381184500e+02
   5411.0000000000   5.4289911826e+02   3.2777073123e+02   5.6396101922e+02
   5412.0000000000   5.4304834852e+02   3.2790450389e+02   5.6410989960e+02
   5413.0000000000   5.4319691923e+02   3.2804721598e+02   5.6425850021e+02
   5414.0000000000   5.4335431161e+02   3.2818378942e+02   5.6440683332e+02
   5415.0000000000   5.4350572635e+02   3.2832847546e+02   5.6455490973e+02
   5416.0000000000   5.4365580007e+02   3.2846662321e+02   5.6470273904e+02
   5417.0000000000   5.4380500493e+02   3.2860310303e+02   5.6485987031e+02
   5418.0000000000   5.4395353836e+02   3.2873847182e+02   5.6501118224e+02
   5419.0000000000   5.4411088572e+02   3.2887297568e+02   5.6516135109e+02
   5420.0000000000   5.4426225050e+02   3.2900675617e+02   5.6532036727e+02
   5421.0000000000   5.4441227129e+02   3.2913990645e+02   5.6547327945e+02
   5422.0000000000   5.4456142165e+02   3.2927249320e+02   5.6562485041e+02
   5423.0000000000   5.4471927545e+02   3.2940456693e+02   5.6579466193e+02
   5424.0000000000   5.4488045132e+02   3.2953616749e+02   5.6595266651e+02
   5425.0000000000   5.4504411717e+02   3.2966732733e+02   5.6610831870e+02
   5426.0000000000   5.4520048035e+02   3.2979807351e+02   5.6626257927e+02
   5427.0000000000   5.4535477196e+02   3.2992842901e+02   5.6641584282e+02
   5428.0000000000   5.4550771306e+02   3.3005841368e+02   5.6656832301e+02
   5429.0000000000   5.4565963468e+02   3.3018804489e+02   5.6672015327e+02
   5430.0000000000   5.4581072845e+02   3.3031733797e+02   5.6687142460e+02
   5431.0000000000   5.4597987055e+02   3.3044630661e+02   5.6703174339e+02
   5432.0000000000   5.4614679000e+02   3.3057496313e+02   5.6718603053e+02
   5433.0000000000   5.4631523756e+02   3.3070331867e+02   5.6733899436e+02
   5434.0000000000   5.4647585700e+02   3.3083138339e+02   5.6750065033e+02
   5435.0000000000   5.4664342647e+02   3.3096870702e+02   5.6765606709e+02
   5436.0000000000   5.4681326520e+02   3.3110970946e+02   5.6781956407e+02
   5437.0000000000   5.4697548035e+02   3.3124393874e+02   5.6799560734e+02
   5438.0000000000   5.4713532489e+02   3.3138605532e+02   5.6815882973e+02
   5439.0000000000   5.4729355537e+02   3.3152155226e+02   5.6831913876e+02
   5440.0000000000   5.4745053560e+02   3.3165536502e+02   5.6847767503e+02
   5441.0000000000   5.4760648501e+02   3.3178808355e+02   5.6863492816e+02
   5442.0000000000   5.4776155200e+02   3.3191997169e+02   5.6880071057e+02
   5443.0000000000   5.4791584427e+02   3.3206072105e+02   5.6896006595e+02
   5444.0000000000   5.4806944385e+02   3.3219530080e+02   5.6912732322e+02
   5445.0000000000   5.4823179089e+02   3.3232844920e+02   5.6928788407e+02
   5446.0000000000   5.4838807040e+02   3.3246066107e+02   5.6944665609e+02
   5447.0000000000   5.4855228966e+02   3.3260168825e+02   5.6960422339e+02
   5448.0000000000   5.4871005367e+02   3.3273652140e+02   5.6976085256e+02
   5449.0000000000   5.4886615095e+02   3.3286990788e+02   5.6991670086e+02
   5450.0000000000   5.4902113097e+02   3.3300234687e+02   5.7007187376e+02
   5451.0000000000   5.4917523765e+02   3.3314359258e+02   5.7022644768e+02
   5452.0000000000   5.4932861194e+02   3.3327863705e+02   5.7038048098e+02
   5453.0000000000   5.4949072253e+02   3.3342176898e+02   5.7054356031e+02
   5454.0000000000   5.4964676906e+02   3.3357743999e+02   5.7070059426e+02
   5455.0000000000   5.4980139101e+02   3.3372027537e+02   5.7085628339e+02
   5456.0000000000   5.4995506467e+02   3.3386017853e+02   5.7101109778e+02
   5457.0000000000   5.5010799191e+02   3.3399828775e+02   5.7116523209e+02
   5458.0000000000   5.5026028697e+02   3.3413509133e+02   5.7131879431e+02
   5459.0000000000   5.5041202482e+02   3.3427086059e+02   5.7147185425e+02
   5460.0000000000   5.5056325939e+02   3.3441530838e+02   5.7163400193e+02
   5461.0000000000   5.5071403182e+02   3.3455342485e+02   5.7179014582e+02
   5462.0000000000   5.5086437487e+02   3.3468996653e+02   5.7194498479e+02
   5463.0000000000   5.5101431548e+02   3.3482544371e+02   5.7209898665e+02
   5464.0000000000   5.5116387631e+02   3.3496008091e+02   5.7226188400e+02
   5465.0000000000   5.5131307682e+02   3.3509400900e+02   5.7242819370e+02
   5466.0000000000   5.5146193391e+02   3.3523685609e+02   5.7258752332e+02
   5467.0000000000   5.5161983795e+02   3.3537355699e+02   5.7274503297e+02
   5468.0000000000   5.5177193478e+02   3.3550882999e+02   5.7290137348e+02
   5469.0000000000   5.5192282476e+02   3.3564315787e+02   5.7307591346e+02
   5470.0000000000   5.5208232999e+02   3.3577674466e+02   5.7323855779e+02
   5471.0000000000   5.5224513711e+02   3.3590970553e+02   5.7339875011e+02
   5472.0000000000   5.5240106271e+02   3.3604211595e+02   5.7355745128e+02
   5473.0000000000   5.5255519079e+02   3.3617403007e+02   5.7371505966e+02
   5474.0000000000   5.5270816720e+02   3.3630548911e+02   5.7388133430e+02
   5475.0000000000   5.5286027773e+02   3.3643652587e+02   5.7404128471e+02
   5476.0000000000   5.5302105941e+02   3.3656716723e+02   5.7419967606e+02
   5477.0000000000   5.5317574872e+02   3.3669743577e+02   5.7435702252e+02
   5478.0000000000   5.5333838206e+02   3.3682735082e+02   5.7451355016e+02
   5479.0000000000   5.5350395685e+02   3.3695692917e+02   5.7466939024e+02
   5480.0000000000   5.5366240420e+02   3.3708618559e+02   5.7482463024e+02
   5481.0000000000   5.5381886781e+02   3.3722467360e+02   5.7499841440e+02
   5482.0000000000   5.5397403064e+02   3.3735727591e+02   5.7516053303e+02
   5483.0000000000   5.5412820399e+02   3.3748867230e+02   5.7532990344e+02
   5484.0000000000   5.5428156814e+02   3.3761931595e+02   5.7549231512e+02
   5485.0000000000   5.5443424137e+02   3.3774938747e+02   5.7566234763e+02
   5486.0000000000   5.5460505840e+02   3.3787898307e+02   5.7582551407e+02
   5487.0000000000   5.5476434710e+02   3.3801770299e+02   5.7598677949e+02
   5488.0000000000   5.5493070862e+02   3.3815045920e+02   5.7616584151e+02
   5489.0000000000   5.5509018639e+02   3.3828195099e+02   5.7633272846e+02
   5490.0000000000   5.5525711414e+02   3.3841264514e+02   5.7650648917e+02
   5491.0000000000   5.5541726041e+02   3.3855227252e+02   5.7667299562e+02
   5492.0000000000   5.5557550829e+02   3.3868580754e+02   5.7684688342e+02
   5493.0000000000   5.5573246705e+02   3.3881798474e+02   5.7701370584e+02
   5494.0000000000   5.5588842081e+02   3.3894929292e+02   5.7717845792e+02
   5495.0000000000   5.5604353881e+02   3.3907993737e+02   5.7735131997e+02
   5496.0000000000   5.5619793491e+02   3.3921003211e+02   5.7751746765e+02
   5497.0000000000   5.5635169161e+02   3.3933965027e+02   5.7768175489e+02
   5498.0000000000   5.5650487176e+02   3.3946884310e+02   5.7784475132e+02
   5499.0000000000   5.5666690043e+02   3.3959764870e+02   5.7801626160e+02
   5500.0000000000   5.5682295055e+02   3.3972609671e+02   5.7818131586e+02
   5501.0000000000   5.5698701947e+02   3.3986375135e+02   5.7834469222e+02
   5502.0000000000   5.5714470393e+02   3.3999550316e+02   5.7850691458e+02
   5503.0000000000   5.5731016090e+02   3.4012603781e+02   5.7866821703e+02
   5504.0000000000   5.5746906647e+02   3.4025581295e+02   5.7884781855e+02
   5505.0000000000   5.5762624786e+02   3.4040409348e+02   5.7901555454e+02
   5506.0000000000   5.5778227741e+02   3.4054072014e+02   5.7918083212e+02
   5507.0000000000   5.5794678872e+02   3.4067509316e+02   5.7935413207e+02
   5508.0000000000   5.5810506456e+02   3.4080814227e+02   5.7952071181e+02
   5509.0000000000   5.5826179280e+02   3.4094024246e+02   5.7968545224e+02
   5510.0000000000   5.5841748050e+02   3.4108113462e+02   5.7984893154e+02
   5511.0000000000   5.5857235037e+02   3.4122535423e+02   5.8001141548e+02
   5512.0000000000   5.5872653139e+02   3.4136252559e+02   5.8017306198e+02
   5513.0000000000   5.5888010936e+02   3.4149782228e+02   5.8033397761e+02
   5514.0000000000   5.5903314631e+02   3.4163190566e+02   5.8050378050e+02
   5515.0000000000   5.5918568966e+02   3.4177461218e+02   5.8066740123e+02
   5516.0000000000   5.5933777709e+02   3.4191098231e+02   5.8082955650e+02
   5517.0000000000   5.5948943943e+02   3.4205533610e+02   5.8099072877e+02
   5518.0000000000   5.5965945337e+02   3.4219306594e+02   5.8115112244e+02
   5519.0000000000   5.5981810604e+02   3.4232907093e+02   5.8132039386e+02
   5520.0000000000   5.5997459336e+02   3.4246392783e+02   5.8148349032e+02
   5521.0000000000   5.6012980370e+02   3.4259789690e+02   5.8164513616e+02
   5522.0000000000   5.6029346490e+02   3.4273112999e+02   5.8180581718e+02
   5523.0000000000   5.6046027130e+02   3.4288280874e+02   5.8196573901e+02
   5524.0000000000   5.6062005862e+02   3.4302274744e+02   5.8212501769e+02
   5525.0000000000   5.6077792889e+02   3.4316033928e+02   5.8230281000e+02
   5526.0000000000   5.6094391856e+02   3.4330605493e+02   5.8248799306e+02
   5527.0000000000   5.6110345846e+02   3.4344514388e+02   5.8265968850e+02
   5528.0000000000   5.6127068428e+02   3.4358248053e+02   5.8282815466e+02
   5529.0000000000   5.6143127690e+02   3.4372817799e+02   5.8299464916e+02
   5530.0000000000   5.6159007321e+02   3.4386736816e+02   5.8316925495e+02
   5531.0000000000   5.6175703071e+02   3.4400487393e+02   5.8333714333e+02
   5532.0000000000   5.6191754866e+02   3.4414124161e+02   5.8350317330e+02
   5533.0000000000   5.6207637288e+02   3.4427671729e+02   5.8366791889e+02
   5534.0000000000   5.6223404465e+02   3.4441144560e+02   5.8384118752e+02
   5535.0000000000   5.6239080902e+02   3.4454552359e+02   5.8400801069e+02
   5536.0000000000   5.6254681064e+02   3.4467902166e+02   5.8417316702e+02
   5537.0000000000   5.6270214683e+02   3.4482153413e+02   5.8433718034e+02
   5538.0000000000   5.6285688844e+02   3.4495797473e+02   5.8450028428e+02
   5539.0000000000   5.6301108979e+02   3.4510258804e+02   5.8466261635e+02
   5540.0000000000   5.6316479412e+02   3.4524071772e+02   5.8482426934e+02
   5541.0000000000   5.6331803680e+02   3.4537722955e+02   5.8498531121e+02
   5542.0000000000   5.6347084743e+02   3.4551267658e+02   5.8515533491e+02
   5543.0000000000   5.6362325118e+02   3.4564730160e+02   5.8531925347e+02
   5544.0000000000   5.6377526979e+02   3.4578124330e+02   5.8548177080e+02
   5545.0000000000   5.6393629768e+02   3.4591459234e+02   5.8565290011e+02
   5546.0000000000   5.6409148419e+02   3.4604741320e+02   5.8581770921e+02
   5547.0000000000   5.6425480809e+02   3.4617975442e+02   5.8598097717e+02
   5548.0000000000   5.6441185119e+02   3.4631165412e+02   5.8614321901e+02
   5549.0000000000   5.6456738282e+02   3.4644314315e+02   5.8630465762e+02
   5550.0000000000   5.6472193639e+02   3.4657424714e+02   5.8647496043e+02
   5551.0000000000   5.6487574220e+02   3.4670498777e+02   5.8663908167e+02
   5552.0000000000   5.6503830496e+02   3.4683538371e+02   5.8680175008e+02
   5553.0000000000   5.6519484044e+02   3.4696545121e+02   5.8696345432e+02
   5554.0000000000   5.6534999536e+02   3.4709520462e+02   5.8712440188e+02
   5555.0000000000   5.6550424893e+02   3.4722465668e+02   5.8728470998e+02
   5556.0000000000   5.6565780363e+02   3.4735381884e+02   5.8744445531e+02
   5557.0000000000   5.6581077309e+02   3.4748270145e+02   5.8760369271e+02
   5558.0000000000   5.6597260645e+02   3.4761131391e+02   5.8776246384e+02
   5559.0000000000   5.6612848854e+02   3.4773966481e+02   5.8793034214e+02
   5560.0000000000   5.6629242257e+02   3.4786776205e+02   5.8809222552e+02
   5561.0000000000   5.6645000787e+02   3.4799561291e+02   5.8825280580e+02
   5562.0000000000   5.6660602675e+02   3.4812322417e+02   5.8841254582e+02
   5563.0000000000   5.6676102251e+02   3.4825060208e+02   5.8857163415e+02
   5564.0000000000   5.6691523309e+02   3.4837775251e+02   5.8873017366e+02
   5565.0000000000   5.6706879383e+02   3.4851422136e+02   5.8888822977e+02
   5566.0000000000   5.6722179277e+02   3.4865442512e+02   5.8904584833e+02
   5567.0000000000   5.6737429215e+02   3.4879744916e+02   5.8920306366e+02
   5568.0000000000   5.6752633855e+02   3.4893328165e+02   5.8935990264e+02
   5569.0000000000   5.6767796831e+02   3.4906721139e+02   5.8951638714e+02
   5570.0000000000   5.6782921069e+02   3.4920948630e+02   5.8967253540e+02
   5571.0000000000   5.6798946529e+02   3.4935483383e+02   5.8984744382e+02
   5572.0000000000   5.6814388501e+02   3.4949297231e+02   5.9002040817e+02
   5573.0000000000   5.6829707571e+02   3.4962912804e+02   5.9018564959e+02
   5574.0000000000   5.6844948835e+02   3.4976399472e+02   5.9034873486e+02
   5575.0000000000   5.6861068048e+02   3.4990742979e+02   5.9051046058e+02
   5576.0000000000   5.6876588303e+02   3.5004448804e+02   5.9067118333e+02
   5577.0000000000   5.6891974638e+02   3.5019904003e+02   5.9083110373e+02
   5578.0000000000   5.6908212485e+02   3.5034135637e+02   5.9099034953e+02
   5579.0000000000   5.6923835171e+02   3.5048101077e+02   5.9114900884e+02
   5580.0000000000   5.6939312680e+02   3.5061902758e+02   5.9131668640e+02
   5581.0000000000   5.6954695740e+02   3.5075584200e+02   5.9148784260e+02
   5582.0000000000   5.6970943788e+02   3.5089169640e+02   5.9165205613e+02
   5583.0000000000   5.6986582473e+02   3.5102674586e+02   5.9182401134e+02
   5584.0000000000   5.7002078690e+02   3.5116109841e+02   5.9198922026e+02
   5585.0000000000   5.7019356802e+02   3.5129483381e+02   5.9215263370e+02
   5586.0000000000   5.7035464468e+02   3.5142801347e+02   5.9231485419e+02
   5587.0000000000   5.7051331358e+02   3.5156068620e+02   5.9247615603e+02
   5588.0000000000   5.7067052466e+02   3.5169289177e+02   5.9263669920e+02
   5589.0000000000   5.7082667120e+02   3.5182466323e+02   5.9279658941e+02
   5590.0000000000   5.7098196829e+02   3.5195602853e+02   5.9295590215e+02
   5591.0000000000   5.7113655170e+02   3.5208701162e+02   5.9311469421e+02
   5592.0000000000   5.7129051511e+02   3.5221763325e+02   5.9327301004e+02
   5593.0000000000   5.7144392717e+02   3.5234791163e+02   5.9343088544e+02
   5594.0000000000   5.7159684048e+02   3.5248740325e+02   5.9359789039e+02
   5595.0000000000   5.7175867213e+02   3.5262099334e+02   5.9375892062e+02
   5596.0000000000   5.7191458853e+02   3.5275336393e+02   5.9391866654e+02
   5597.0000000000   5.7206920625e+02   3.5288497012e+02   5.9407759002e+02
   5598.0000000000   5.7222298489e+02   3.5302553463e+02   5.9423587892e+02
   5599.0000000000   5.7237611364e+02   3.5316002607e+02   5.9439363553e+02
   5600.0000000000   5.7252869675e+02   3.5329317474e+02   5.9455092486e+02
   5601.0000000000   5.7268080117e+02   3.5342546633e+02   5.9470779237e+02
   5602.0000000000   5.7283247415e+02   3.5355710377e+02   5.9486427202e+02
   5603.0000000000   5.7298375120e+02   3.5368819932e+02   5.9503947124e+02
   5604.0000000000   5.7314403572e+02   3.5381882475e+02   5.9521269386e+02
   5605.0000000000   5.7329848303e+02   3.5395857068e+02   5.9537816712e+02
   5606.0000000000   5.7345170056e+02   3.5409234535e+02   5.9554146251e+02
   5607.0000000000   5.7360414035e+02   3.5422484696e+02   5.9570338036e+02
   5608.0000000000   5.7375598524e+02   3.5438516360e+02   5.9586428026e+02
   5609.0000000000   5.7390733410e+02   3.5452809907e+02   5.9602436530e+02
   5610.0000000000   5.7405824929e+02   3.5466776524e+02   5.9618376523e+02
   5611.0000000000   5.7420877408e+02   3.5480555890e+02   5.9634256987e+02
   5612.0000000000   5.7436831601e+02   3.5494204162e+02   5.9650084499e+02
   5613.0000000000   5.7452203259e+02   3.5507751203e+02   5.9665864080e+02
   5614.0000000000   5.7467453239e+02   3.5521215386e+02   5.9681599696e+02
   5615.0000000000   5.7482626791e+02   3.5534609091e+02   5.9697294558e+02
   5616.0000000000   5.7498679755e+02   3.5548895247e+02   5.9714859409e+02
   5617.0000000000   5.7514135261e+02   3.5562567622e+02   5.9732224715e+02
   5618.0000000000   5.7530395905e+02   3.5576098330e+02   5.9748813320e+02
   5619.0000000000   5.7546960364e+02   3.5589535883e+02   5.9765182503e+02
   5620.0000000000   5.7562820789e+02   3.5602900866e+02   5.9781412429e+02
   5621.0000000000   5.7578490723e+02   3.5616204931e+02   5.9798493224e+02
   5622.0000000000   5.7594037746e+02   3.5629455719e+02   5.9814932404e+02
   5623.0000000000   5.7609492373e+02   3.5642658706e+02   5.9831209971e+02
   5624.0000000000   5.7624872106e+02   3.5655818058e+02   5.9847379353e+02
   5625.0000000000   5.7641125855e+02   3.5668937074e+02   5.9864418438e+02
   5626.0000000000   5.7656774860e+02   3.5682018451e+02   5.9880828231e+02
   5627.0000000000   5.7672283887e+02   3.5695064444e+02   5.9897084920e+02
   5628.0000000000   5.7688638637e+02   3.5708076975e+02   5.9914193584e+02
   5629.0000000000   5.7705310432e+02   3.5721057705e+02   5.9930663583e+02
   5630.0000000000   5.7721283001e+02   3.5734008090e+02   5.9947928704e+02
   5631.0000000000   5.7737066389e+02   3.5746929418e+02   5.9966436974e+02
   5632.0000000000   5.7752726508e+02   3.5759822835e+02   5.9983652801e+02
   5633.0000000000   5.7768293026e+02   3.5772689377e+02   6.0000567848e+02
   5634.0000000000   5.7783782999e+02   3.5786484021e+02   6.0017296930e+02
   5635.0000000000   5.7799207575e+02   3.5799694710e+02   6.0033889643e+02
   5636.0000000000   5.7814574641e+02   3.5813743185e+02   6.0050373733e+02
   5637.0000000000   5.7830827639e+02   3.5827161608e+02   6.0066766943e+02
   5638.0000000000   5.7847421960e+02   3.5840434736e+02   6.0084035656e+02
   5639.0000000000   5.7864270931e+02   3.5853616348e+02   6.0101630096e+02
   5640.0000000000   5.7880393266e+02   3.5866729426e+02   6.0118511255e+02
   5641.0000000000   5.7896310815e+02   3.5879786725e+02   6.0136149981e+02
   5642.0000000000   5.7912094869e+02   3.5892796345e+02   6.0153099404e+02
   5643.0000000000   5.7927777978e+02   3.5906717931e+02   6.0169856170e+02
   5644.0000000000   5.7943378929e+02   3.5920042688e+02   6.0186481834e+02
   5645.0000000000   5.7958909982e+02   3.5935148768e+02   6.0203004924e+02
   5646.0000000000   5.7974379792e+02   3.5949057206e+02   6.0220396416e+02
   5647.0000000000   5.7989794809e+02   3.5962721054e+02   6.0237154783e+02
   5648.0000000000   5.8006097581e+02   3.5976239517e+02   6.0253755193e+02
   5649.0000000000   5.8021805366e+02   3.5989653626e+02   6.0270248297e+02
   5650.0000000000   5.8037380292e+02   3.6002985646e+02   6.0286656265e+02
   5651.0000000000   5.8052868689e+02   3.6016249492e+02   6.0302991972e+02
   5652.0000000000   5.8068289773e+02   3.6029454658e+02   6.0319264043e+02
   5653.0000000000   5.8083654214e+02   3.6042608028e+02   6.0335478760e+02
   5654.0000000000   5.8098968911e+02   3.6055714823e+02   6.0351640967e+02
   5655.0000000000   5.8115176304e+02   3.6068779135e+02   6.0367754544e+02
   5656.0000000000   5.8131730893e+02   3.6081804265e+02   6.0383822690e+02
   5657.0000000000   5.8148545246e+02   3.6094792931e+02   6.0400802144e+02
   5658.0000000000   5.8164637435e+02   3.6107747411e+02   6.0417182313e+02
   5659.0000000000   5.8181466313e+02   3.6120669646e+02   6.0434386168e+02
   5660.0000000000   5.8197615968e+02   3.6133561311e+02   6.0450946926e+02
   5661.0000000000   5.8215452494e+02   3.6147377909e+02   6.0468304299e+02
   5662.0000000000   5.8232064444e+02   3.6160607818e+02   6.0484999951e+02
   5663.0000000000   5.8248398362e+02   3.6173719100e+02   6.0502478529e+02
   5664.0000000000   5.8264558485e+02   3.6186757128e+02   6.0519284852e+02
   5665.0000000000   5.8280589958e+02   3.6199740004e+02   6.0535911676e+02
   5666.0000000000   5.8296518266e+02   3.6212677373e+02   6.0552418264e+02
   5667.0000000000   5.8312359865e+02   3.6226529274e+02   6.0568831593e+02
   5668.0000000000   5.8328126291e+02   3.6239786906e+02   6.0585167444e+02
   5669.0000000000   5.8344763642e+02   3.6252920197e+02   6.0601436293e+02
   5670.0000000000   5.8361729322e+02   3.6265975816e+02   6.0618599694e+02
   5671.0000000000   5.8378000693e+02   3.6278972794e+02   6.0635150419e+02
   5672.0000000000   5.8395022018e+02   3.6291921463e+02   6.0651559848e+02
   5673.0000000000   5.8412308140e+02   3.6306736422e+02   6.0667875942e+02
   5674.0000000000   5.8428859723e+02   3.6321350409e+02   6.0684118871e+02
   5675.0000000000   5.8445195588e+02   3.6335187675e+02   6.0700299969e+02
   5676.0000000000   5.8461386951e+02   3.6348806410e+02   6.0716426631e+02
   5677.0000000000   5.8478404547e+02   3.6362287377e+02   6.0732504145e+02
   5678.0000000000   5.8494781201e+02   3.6375667063e+02   6.0748536529e+02
   5679.0000000000   5.8510988783e+02   3.6389920207e+02   6.0764526968e+02
   5680.0000000000   5.8527080224e+02   3.6404501207e+02   6.0780478071e+02
   5681.0000000000   5.8543079476e+02   3.6419327315e+02   6.0796392026e+02
   5682.0000000000   5.8559000747e+02   3.6433403632e+02   6.0812270703e+02
   5683.0000000000   5.8574853667e+02   3.6447263756e+02   6.0828115725e+02
   5684.0000000000   5.8590645298e+02   3.6460982086e+02   6.0843928521e+02
   5685.0000000000   5.8606381096e+02   3.6474593128e+02   6.0859710359e+02
   5686.0000000000   5.8622065430e+02   3.6488117047e+02   6.0876416417e+02
   5687.0000000000   5.8637701899e+02   3.6502521175e+02   6.0892534817e+02
   5688.0000000000   5.8653293529e+02   3.6516302050e+02   6.0908533409e+02
   5689.0000000000   5.8668842905e+02   3.6529933660e+02   6.0925411443e+02
   5690.0000000000   5.8684352270e+02   3.6543465859e+02   6.0941673975e+02
   5691.0000000000   5.8699823590e+02   3.6556920233e+02   6.0957797460e+02
   5692.0000000000   5.8715258608e+02   3.6570309205e+02   6.0973832156e+02
   5693.0000000000   5.8730658875e+02   3.6584595071e+02   6.0989799278e+02
   5694.0000000000   5.8746963336e+02   3.6598270894e+02   6.1005710590e+02
   5695.0000000000   5.8762686509e+02   3.6612762208e+02   6.1021573599e+02
   5696.0000000000   5.8778288391e+02   3.6626604096e+02   6.1037393531e+02
   5697.0000000000   5.8793813618e+02   3.6641237684e+02   6.1055082335e+02
   5698.0000000000   5.8809280041e+02   3.6655205728e+02   6.1072571224e+02
   5699.0000000000   5.8824697210e+02   3.6668999693e+02   6.1089283515e+02
   5700.0000000000   5.8840071096e+02   3.6682677999e+02   6.1105776787e+02
   5701.0000000000   5.8855405818e+02   3.6696267045e+02   6.1123085435e+02
   5702.0000000000   5.8870704418e+02   3.6709782205e+02   6.1141640840e+02
   5703.0000000000   5.8885969260e+02   3.6723233659e+02   6.1158904598e+02
   5704.0000000000   5.8902139795e+02   3.6736628701e+02   6.1176822059e+02
   5705.0000000000   5.8918668403e+02   3.6750926882e+02   6.1194949334e+02
   5706.0000000000   5.8934528530e+02   3.6764619627e+02   6.1213244309e+02
   5707.0000000000   5.8951161310e+02   3.6779131400e+02   6.1230733292e+02
   5708.0000000000   5.8968079032e+02   3.6792996549e+02   6.1247962631e+02
   5709.0000000000   5.8984280246e+02   3.6806701622e+02   6.1265015109e+02
   5710.0000000000   5.9000281997e+02   3.6821255925e+02   6.1281931106e+02
   5711.0000000000   5.9017091533e+02   3.6835170787e+02   6.1298735092e+02
   5712.0000000000   5.9033254004e+02   3.6849880990e+02   6.1315443632e+02
   5713.0000000000   5.9049246699e+02   3.6863927001e+02   6.1332068732e+02
   5714.0000000000   5.9065125248e+02   3.6877799318e+02   6.1348619514e+02
   5715.0000000000   5.9080915018e+02   3.6891555916e+02   6.1365103152e+02
   5716.0000000000   5.9096630973e+02   3.6905222976e+02   6.1381525440e+02
   5717.0000000000   5.9112283126e+02   3.6919769807e+02   6.1397891158e+02
   5718.0000000000   5.9128816253e+02   3.6933693628e+02   6.1414204320e+02
   5719.0000000000   5.9144749103e+02   3.6948422669e+02   6.1430468343e+02
   5720.0000000000   5.9160544851e+02   3.6962493873e+02   6.1446686172e+02
   5721.0000000000   5.9176250590e+02   3.6976395668e+02   6.1462860375e+02
   5722.0000000000   5.9191886111e+02   3.6991138769e+02   6.1478993207e+02
   5723.0000000000   5.9207462525e+02   3.7005235589e+02   6.1495086669e+02
   5724.0000000000   5.9222987075e+02   3.7019167726e+02   6.1512096589e+02
   5725.0000000000   5.9238464932e+02   3.7032989243e+02   6.1528511661e+02
   5726.0000000000   5.9253900019e+02   3.7046724286e+02   6.1544800255e+02
   5727.0000000000   5.9269295442e+02   3.7060386947e+02   6.1561008036e+02
   5728.0000000000   5.9284653737e+02   3.7073986621e+02   6.1578107427e+02
   5729.0000000000   5.9299977028e+02   3.7087530102e+02   6.1594595432e+02
   5730.0000000000   5.9315267126e+02   3.7101022569e+02   6.1611899257e+02
   5731.0000000000   5.9332400687e+02   3.7115422171e+02   6.1628554689e+02
   5732.0000000000   5.9349343144e+02   3.7129219353e+02   6.1645049062e+02
   5733.0000000000   5.9366464201e+02   3.7143837870e+02   6.1661438064e+02
   5734.0000000000   5.9382824219e+02   3.7157811542e+02   6.1677746162e+02
   5735.0000000000   5.9398960373e+02   3.7171626517e+02   6.1695895371e+02
   5736.0000000000   5.9415888882e+02   3.7186291787e+02   6.1712868940e+02
   5737.0000000000   5.9432159644e+02   3.7200318436e+02   6.1729607105e+02
   5738.0000000000   5.9448252751e+02   3.7214187006e+02   6.1746203359e+02
   5739.0000000000   5.9464225628e+02   3.7227950712e+02   6.1762695789e+02
   5740.0000000000   5.9480104862e+02   3.7241633006e+02   6.1779105019e+02
   5741.0000000000   5.9495906284e+02   3.7255247401e+02   6.1795443993e+02
   5742.0000000000   5.9511640551e+02   3.7268802812e+02   6.1811721615e+02
   5743.0000000000   5.9528252928e+02   3.7282305621e+02   6.1827944406e+02
   5744.0000000000   5.9544262549e+02   3.7295760658e+02   6.1844117364e+02
   5745.0000000000   5.9560132894e+02   3.7309171729e+02   6.1860244451e+02
   5746.0000000000   5.9575911308e+02   3.7322541921e+02   6.1876328897e+02
   5747.0000000000   5.9592555332e+02   3.7335873803e+02   6.1892373390e+02
   5748.0000000000   5.9608589506e+02   3.7349169550e+02   6.1908380207e+02
   5749.0000000000   5.9624480066e+02   3.7362431032e+02   6.1924351306e+02
   5750.0000000000   5.9640275893e+02   3.7376613923e+02   6.1940288393e+02
   5751.0000000000   5.9655997902e+02   3.7391160794e+02   6.1957147009e+02
   5752.0000000000   5.9671657953e+02   3.7405026935e+02   6.1973415581e+02
   5753.0000000000   5.9688201355e+02   3.7418724760e+02   6.1989562218e+02
   5754.0000000000   5.9704146912e+02   3.7432316836e+02   6.2005632347e+02
   5755.0000000000   5.9719957673e+02   3.7445830094e+02   6.2021644126e+02
   5756.0000000000   5.9735680546e+02   3.7459279437e+02   6.2037607253e+02
   5757.0000000000   5.9751335123e+02   3.7474582383e+02   6.2053527779e+02
   5758.0000000000   5.9766932322e+02   3.7489673667e+02   6.2069409868e+02
   5759.0000000000   5.9782479212e+02   3.7503978984e+02   6.2085256582e+02
   5760.0000000000   5.9797980808e+02   3.7518057608e+02   6.2102024336e+02
   5761.0000000000   5.9813440894e+02   3.7531991149e+02   6.2118202123e+02
   5762.0000000000   5.9828862452e+02   3.7545816768e+02   6.2134258438e+02
   5763.0000000000   5.9844247914e+02   3.7559555713e+02   6.2150238961e+02
   5764.0000000000   5.9859599307e+02   3.7574175753e+02   6.2167116062e+02
   5765.0000000000   5.9875855905e+02   3.7588173566e+02   6.2183386647e+02
   5766.0000000000   5.9891532458e+02   3.7602023149e+02   6.2199523757e+02
   5767.0000000000   5.9907089122e+02   3.7615774292e+02   6.2215575950e+02
   5768.0000000000   5.9922570644e+02   3.7629448488e+02   6.2231563494e+02
   5769.0000000000   5.9938932490e+02   3.7643058059e+02   6.2247497578e+02
   5770.0000000000   5.9954697512e+02   3.7656611152e+02   6.2263385338e+02
   5771.0000000000   5.9970330549e+02   3.7670113639e+02   6.2279231748e+02
   5772.0000000000   5.9985879314e+02   3.7683569995e+02   6.2295994537e+02
   5773.0000000000   6.0001363732e+02   3.7696983774e+02   6.2315979820e+02
   5774.0000000000   6.0016794815e+02   3.7710357880e+02   6.2334559212e+02
   5775.0000000000   6.0033117141e+02   3.7724648783e+02   6.2352133706e+02
   5776.0000000000   6.0049786421e+02   3.7738345643e+02   6.2369366385e+02
   5777.0000000000   6.0065778404e+02   3.7751917166e+02   6.2386380474e+02
   5778.0000000000   6.0082535892e+02   3.7766363307e+02   6.2403234796e+02
   5779.0000000000   6.0098634883e+02   3.7782097806e+02   6.2419963534e+02
   5780.0000000000   6.0115499177e+02   3.7797525848e+02   6.2436588838e+02
   5781.0000000000   6.0131700994e+02   3.7812119055e+02   6.2454080174e+02
   5782.0000000000   6.0147725905e+02   3.7826454637e+02   6.2470935936e+02
   5783.0000000000   6.0163633006e+02   3.7840623396e+02   6.2487631654e+02
   5784.0000000000   6.0180386921e+02   3.7854667922e+02   6.2505172481e+02
   5785.0000000000   6.0196516808e+02   3.7868612971e+02   6.2523022173e+02
   5786.0000000000   6.0212492077e+02   3.7882474683e+02   6.2540148018e+02
   5787.0000000000   6.0228363887e+02   3.7896264389e+02   6.2557070249e+02
   5788.0000000000   6.0244154835e+02   3.7909990470e+02   6.2573856968e+02
   5789.0000000000   6.0259878056e+02   3.7923659369e+02   6.2590539243e+02
   5790.0000000000   6.0275542303e+02   3.7937276195e+02   6.2607135195e+02
   5791.0000000000   6.0293028991e+02   3.7950845098e+02   6.2623656825e+02
   5792.0000000000   6.0309369459e+02   3.7965323560e+02   6.2640112739e+02
   5793.0000000000   6.0326422765e+02   3.7979201570e+02   6.2656509450e+02
   5794.0000000000   6.0342792457e+02   3.7992948521e+02   6.2673806122e+02
   5795.0000000000   6.0358973745e+02   3.8008518993e+02   6.2690494001e+02
   5796.0000000000   6.0375029743e+02   3.8022906221e+02   6.2707997490e+02
   5797.0000000000   6.0390989522e+02   3.8037054501e+02   6.2724850942e+02
   5798.0000000000   6.0406870104e+02   3.8051059241e+02   6.2741540949e+02
   5799.0000000000   6.0423620292e+02   3.8064959524e+02   6.2758122839e+02
   5800.0000000000   6.0439761384e+02   3.8078776525e+02   6.2774620929e+02
   5801.0000000000   6.0455758272e+02   3.8092523510e+02   6.2791049122e+02
   5802.0000000000   6.0471659276e+02   3.8106209582e+02   6.2807416527e+02
   5803.0000000000   6.0487485088e+02   3.8120795429e+02   6.2823729631e+02
   5804.0000000000   6.0503247512e+02   3.8134773220e+02   6.2839993328e+02
   5805.0000000000   6.0518954333e+02   3.8148613891e+02   6.2856211469e+02
   5806.0000000000   6.0534611160e+02   3.8162365060e+02   6.2872387177e+02
   5807.0000000000   6.0551159815e+02   3.8176046618e+02   6.2888523052e+02
   5808.0000000000   6.0567116956e+02   3.8189669671e+02   6.2904621295e+02
   5809.0000000000   6.0582944216e+02   3.8203241425e+02   6.2920683808e+02
   5810.0000000000   6.0598687515e+02   3.8216767004e+02   6.2936712246e+02
   5811.0000000000   6.0615303277e+02   3.8230250282e+02   6.2953662117e+02
   5812.0000000000   6.0631315146e+02   3.8244648364e+02   6.2970021816e+02
   5813.0000000000   6.0647188625e+02   3.8259404883e+02   6.2987213475e+02
   5814.0000000000   6.0662971996e+02   3.8273475938e+02   6.3003769600e+02
   5815.0000000000   6.0678685671e+02   3.8287374581e+02   6.3020175250e+02
   5816.0000000000   6.0694341085e+02   3.8301163885e+02   6.3036484472e+02
   5817.0000000000   6.0709945643e+02   3.8314871195e+02   6.3052720491e+02
   5818.0000000000   6.0725504586e+02   3.8328511755e+02   6.3068896277e+02
   5819.0000000000   6.0741021851e+02   3.8343049327e+02   6.3085020128e+02
   5820.0000000000   6.0756500530e+02   3.8356977751e+02   6.3101097826e+02
   5821.0000000000   6.0771943129e+02   3.8370768919e+02   6.3117133646e+02
   5822.0000000000   6.0788289275e+02   3.8385425057e+02   6.3133130888e+02
   5823.0000000000   6.0804053990e+02   3.8399453486e+02   6.3149092189e+02
   5824.0000000000   6.0820635186e+02   3.8413332434e+02   6.3165019714e+02
   5825.0000000000   6.0836591033e+02   3.8427113573e+02   6.3181869316e+02
   5826.0000000000   6.0852398435e+02   3.8440819269e+02   6.3198129635e+02
   5827.0000000000   6.0868110683e+02   3.8454462235e+02   6.3214268927e+02
   5828.0000000000   6.0884688290e+02   3.8468050772e+02   6.3230332719e+02
   5829.0000000000   6.0900657379e+02   3.8482544820e+02   6.3246339229e+02
   5830.0000000000   6.0916485043e+02   3.8496435908e+02   6.3262298199e+02
   5831.0000000000   6.0932220628e+02   3.8510194435e+02   6.3279169743e+02
   5832.0000000000   6.0947885282e+02   3.8523867567e+02   6.3296399169e+02
   5833.0000000000   6.0965366049e+02   3.8538428859e+02   6.3312943550e+02
   5834.0000000000   6.0982634765e+02   3.8552376185e+02   6.3329316520e+02
   5835.0000000000   6.0999127887e+02   3.8566183392e+02   6.3346535544e+02
   5836.0000000000   6.1015395566e+02   3.8580853756e+02   6.3363115263e+02
   5837.0000000000   6.1031518393e+02   3.8594895216e+02   6.3379537952e+02
   5838.0000000000   6.1047533183e+02   3.8608786376e+02   6.3395857734e+02
   5839.0000000000   6.1063461046e+02   3.8622579157e+02   6.3412098551e+02
   5840.0000000000   6.1079315656e+02   3.8638204177e+02   6.3430182260e+02
   5841.0000000000   6.1095106585e+02   3.8652648449e+02   6.3447092078e+02
   5842.0000000000   6.1111778458e+02   3.8666854194e+02   6.3463768264e+02
   5843.0000000000   6.1127849981e+02   3.8680916074e+02   6.3480304339e+02
   5844.0000000000   6.1144721873e+02   3.8694872933e+02   6.3497692463e+02
   5845.0000000000   6.1160954500e+02   3.8708745906e+02   6.3514440374e+02
   5846.0000000000   6.1177026521e+02   3.8723502346e+02   6.3531981988e+02
   5847.0000000000   6.1192992654e+02   3.8738592563e+02   6.3548857661e+02
   5848.0000000000   6.1208877049e+02   3.8753931336e+02   6.3565558009e+02
   5849.0000000000   6.1224693556e+02   3.8768522183e+02   6.3583095227e+02
   5850.0000000000   6.1240451260e+02   3.8782897642e+02   6.3600936814e+02
   5851.0000000000   6.1256156637e+02   3.8797131382e+02   6.3618052214e+02
   5852.0000000000   6.1271814566e+02   3.8812211440e+02   6.3634962966e+02
   5853.0000000000   6.1287428880e+02   3.8826644703e+02   6.3651737991e+02
   5854.0000000000   6.1303002681e+02   3.8840911115e+02   6.3668408885e+02
   5855.0000000000   6.1318538543e+02   3.8855064279e+02   6.3685948148e+02
   5856.0000000000   6.1334038642e+02   3.8869128305e+02   6.3702855096e+02
   5857.0000000000   6.1349504848e+02   3.8883117405e+02   6.3719605396e+02
   5858.0000000000   6.1364938787e+02   3.8897041147e+02   6.3736249998e+02
   5859.0000000000   6.1380341890e+02   3.8910906504e+02   6.3753765299e+02
   5860.0000000000   6.1395715429e+02   3.8924718831e+02   6.3770651380e+02
   5861.0000000000   6.1411060540e+02   3.8938482395e+02   6.3787383844e+02
   5862.0000000000   6.1426378252e+02   3.8953154733e+02   6.3804013359e+02
   5863.0000000000   6.1441669495e+02   3.8967225864e+02   6.3820561953e+02
   5864.0000000000   6.1456935120e+02   3.8981165196e+02   6.3837042311e+02
   5865.0000000000   6.1472175907e+02   3.8995019233e+02   6.3853462848e+02
   5866.0000000000   6.1487392573e+02   3.9008807034e+02   6.3869829646e+02
   5867.0000000000   6.1502585784e+02   3.9022539067e+02   6.3886147356e+02
   5868.0000000000   6.1517756156e+02   3.9036222045e+02   6.3902419681e+02
   5869.0000000000   6.1532904264e+02   3.9049860701e+02   6.3918649657e+02
   5870.0000000000   6.1548030643e+02   3.9063458600e+02   6.3934839830e+02
   5871.0000000000   6.1563135798e+02   3.9077972595e+02   6.3951946419e+02
   5872.0000000000   6.1578220200e+02   3.9091892072e+02   6.3968458400e+02
   5873.0000000000   6.1593284295e+02   3.9105685870e+02   6.3984844347e+02
   5874.0000000000   6.1608328501e+02   3.9119399981e+02   6.4001150074e+02
   5875.0000000000   6.1623353216e+02   3.9133053012e+02   6.4017394072e+02
   5876.0000000000   6.1638358815e+02   3.9146655028e+02   6.4033586330e+02
   5877.0000000000   6.1654283199e+02   3.9160212380e+02   6.4049733151e+02
   5878.0000000000   6.1669639964e+02   3.9173729484e+02   6.4065838918e+02
   5879.0000000000   6.1684888275e+02   3.9187209616e+02   6.4081906893e+02
   5880.0000000000   6.1701009569e+02   3.9201609372e+02   6.4097939621e+02
   5881.0000000000   6.1716534279e+02   3.9215417905e+02   6.4113939163e+02
   5882.0000000000   6.1732867730e+02   3.9230057887e+02   6.4130861276e+02
   5883.0000000000   6.1748572177e+02   3.9244062214e+02   6.4147194513e+02
   5884.0000000000   6.1764126954e+02   3.9257916236e+02   6.4164361096e+02
   5885.0000000000   6.1779586880e+02   3.9272628257e+02   6.4181847623e+02
   5886.0000000000   6.1794975914e+02   3.9286708756e+02   6.4198626268e+02
   5887.0000000000   6.1810307572e+02   3.9301591787e+02   6.4216172039e+02
   5888.0000000000   6.1826528084e+02   3.9315817186e+02   6.4233039594e+02
   5889.0000000000   6.1842156755e+02   3.9330828943e+02   6.4249725982e+02
   5890.0000000000   6.1859531968e+02   3.9345171640e+02   6.4266292636e+02
   5891.0000000000   6.1876664778e+02   3.9360291993e+02   6.4282767723e+02
   5892.0000000000   6.1893943255e+02   3.9374736332e+02   6.4299167704e+02
   5893.0000000000   6.1910437521e+02   3.9391860669e+02   6.4315503452e+02
   5894.0000000000   6.1926690726e+02   3.9407186404e+02   6.4331782703e+02
   5895.0000000000   6.1943723080e+02   3.9423095975e+02   6.4348011257e+02
   5896.0000000000   6.1960087302e+02   3.9438225828e+02   6.4364193631e+02
   5897.0000000000   6.1976265566e+02   3.9453105306e+02   6.4380333443e+02
   5898.0000000000   6.1992316879e+02   3.9467813030e+02   6.4397387706e+02
   5899.0000000000   6.2009206605e+02   3.9482387821e+02   6.4413845998e+02
   5900.0000000000   6.2026402353e+02   3.9496853391e+02   6.4431131389e+02
   5901.0000000000   6.2042887671e+02   3.9511225861e+02   6.4447777143e+02
   5902.0000000000   6.2059173352e+02   3.9525516941e+02   6.4464268941e+02
   5903.0000000000   6.2075326275e+02   3.9539735540e+02   6.4480661339e+02
   5904.0000000000   6.2091377062e+02   3.9553888668e+02   6.4496977988e+02
   5905.0000000000   6.2108281192e+02   3.9567981991e+02   6.4513232218e+02
   5906.0000000000   6.2124563847e+02   3.9582020182e+02   6.4529432627e+02
   5907.0000000000   6.2140692445e+02   3.9596007166e+02   6.4548447383e+02
   5908.0000000000   6.2156717072e+02   3.9609946286e+02   6.4565742257e+02
   5909.0000000000   6.2172659730e+02   3.9624794465e+02   6.4582721493e+02
   5910.0000000000   6.2189470769e+02   3.9639041307e+02   6.4599520949e+02
   5911.0000000000   6.2205672030e+02   3.9653155938e+02   6.4616194467e+02
   5912.0000000000   6.2221728608e+02   3.9667184667e+02   6.4632770416e+02
   5913.0000000000   6.2238626445e+02   3.9683054506e+02   6.4649266151e+02
   5914.0000000000   6.2255837074e+02   3.9697750020e+02   6.4665693338e+02
   5915.0000000000   6.2272344420e+02   3.9713165740e+02   6.4682060339e+02
   5916.0000000000   6.2288658716e+02   3.9727882161e+02   6.4699327485e+02
   5917.0000000000   6.2304846060e+02   3.9742404104e+02   6.4715986771e+02
   5918.0000000000   6.2320936295e+02   3.9756796344e+02   6.4732509045e+02
   5919.0000000000   6.2337884192e+02   3.9772996907e+02   6.4748941885e+02
   5920.0000000000   6.2355151861e+02   3.9787997536e+02   6.4765305168e+02
   5921.0000000000   6.2371719443e+02   3.9802743689e+02   6.4781609997e+02
   5922.0000000000   6.2388095412e+02   3.9817332371e+02   6.4799771664e+02
   5923.0000000000   6.2405282510e+02   3.9831804184e+02   6.4816769485e+02
   5924.0000000000   6.2421823348e+02   3.9846181633e+02   6.4833541176e+02
   5925.0000000000   6.2438193727e+02   3.9860479118e+02   6.4851132549e+02
   5926.0000000000   6.2454448382e+02   3.9874706705e+02   6.4868067559e+02
   5927.0000000000   6.2470612150e+02   3.9888871857e+02   6.4884832837e+02
   5928.0000000000   6.2486699683e+02   3.9902980354e+02   6.4902439027e+02
   5929.0000000000   6.2502720830e+02   3.9917036815e+02   6.4920352808e+02
   5930.0000000000   6.2518682748e+02   3.9931999072e+02   6.4939451178e+02
   5931.0000000000   6.2534590915e+02   3.9946357386e+02   6.4957229473e+02
   5932.0000000000   6.2550449688e+02   3.9960581373e+02   6.4974690146e+02
   5933.0000000000   6.2566262629e+02   3.9974717708e+02   6.4991953250e+02
   5934.0000000000   6.2582032714e+02   3.9988785602e+02   6.5009071397e+02
   5935.0000000000   6.2597762476e+02   4.0002795652e+02   6.5027028301e+02
   5936.0000000000   6.2614391642e+02   4.0016754683e+02   6.5044330122e+02
   5937.0000000000   6.2630435377e+02   4.0031621572e+02   6.5062411113e+02
   5938.0000000000   6.2646354207e+02   4.0045887064e+02   6.5079812521e+02
   5939.0000000000   6.2662193217e+02   4.0060020969e+02   6.5097025972e+02
   5940.0000000000   6.2677970633e+02   4.0074070002e+02   6.5115064645e+02
   5941.0000000000   6.2693696325e+02   4.0089007372e+02   6.5132442898e+02
   5942.0000000000   6.2709376541e+02   4.0103330683e+02   6.5149643895e+02
   5943.0000000000   6.2725015637e+02   4.0117513567e+02   6.5167677028e+02
   5944.0000000000   6.2740616865e+02   4.0131605092e+02   6.5185054606e+02
   5945.0000000000   6.2757120313e+02   4.0145625971e+02   6.5202258543e+02
   5946.0000000000   6.2773041303e+02   4.0159587786e+02   6.5219343357e+02
   5947.0000000000   6.2789777946e+02   4.0175406108e+02   6.5236333682e+02
   5948.0000000000   6.2805888552e+02   4.0190060408e+02   6.5253244085e+02
   5949.0000000000   6.2821850122e+02   4.0204488490e+02   6.5270084412e+02
   5950.0000000000   6.2837716021e+02   4.0218782168e+02   6.5286861868e+02
   5951.0000000000   6.2853509273e+02   4.0232978319e+02   6.5303582010e+02
   5952.0000000000   6.2869242785e+02   4.0247096656e+02   6.5320249291e+02
   5953.0000000000   6.2884924842e+02   4.0261149420e+02   6.5336867375e+02
   5954.0000000000   6.2900561231e+02   4.0275144960e+02   6.5353439347e+02
   5955.0000000000   6.2916156241e+02   4.0290043392e+02   6.5369967844e+02
   5956.0000000000   6.2931713189e+02   4.0304336437e+02   6.5386455155e+02
   5957.0000000000   6.2948172273e+02   4.0318494672e+02   6.5402903288e+02
   5958.0000000000   6.2964048925e+02   4.0332565419e+02   6.5419314023e+02
   5959.0000000000   6.2979803814e+02   4.0346568327e+02   6.5435688952e+02
   5960.0000000000   6.2995482082e+02   4.0360514295e+02   6.5452029505e+02
   5961.0000000000   6.3011101960e+02   4.0374410350e+02   6.5469291022e+02
   5962.0000000000   6.3026673288e+02   4.0388261467e+02   6.5485961775e+02
   5963.0000000000   6.3043139798e+02   4.0402071387e+02   6.5503463808e+02
   5964.0000000000   6.3059956577e+02   4.0415843058e+02   6.5520329556e+02
   5965.0000000000   6.3076098895e+02   4.0430532916e+02   6.5537998078e+02
   5966.0000000000   6.3093009182e+02   4.0444630054e+02   6.5555010478e+02
   5967.0000000000   6.3109263139e+02   4.0458603089e+02   6.5571856876e+02
   5968.0000000000   6.3125346783e+02   4.0472497845e+02   6.5589548625e+02
   5969.0000000000   6.3141318883e+02   4.0486332789e+02   6.5606598287e+02
   5970.0000000000   6.3158143545e+02   4.0500117873e+02   6.5623487371e+02
   5971.0000000000   6.3175286944e+02   4.0513859354e+02   6.5640269739e+02
   5972.0000000000   6.3191731262e+02   4.0527561562e+02   6.5656969287e+02
   5973.0000000000   6.3207986068e+02   4.0541227702e+02   6.5673599840e+02
   5974.0000000000   6.3224117169e+02   4.0554860263e+02   6.5691124572e+02
   5975.0000000000   6.3240154251e+02   4.0569415290e+02   6.5708991154e+02
   5976.0000000000   6.3256114438e+02   4.0583381536e+02   6.5726158535e+02
   5977.0000000000   6.3272008948e+02   4.0597227321e+02   6.5744095909e+02
   5978.0000000000   6.3288783282e+02   4.0610998210e+02   6.5761355040e+02
   5979.0000000000   6.3304956653e+02   4.0624712438e+02   6.5778431440e+02
   5980.0000000000   6.3320992548e+02   4.0639333798e+02   6.5796339746e+02
   5981.0000000000   6.3336938279e+02   4.0653355453e+02   6.5813594759e+02
   5982.0000000000   6.3352813793e+02   4.0667248487e+02   6.5830679625e+02
   5983.0000000000   6.3368630316e+02   4.0681060310e+02   6.5847649462e+02
   5984.0000000000   6.3385332725e+02   4.0694810454e+02   6.5864529163e+02
   5985.0000000000   6.3401439512e+02   4.0710417696e+02   6.5881333364e+02
   5986.0000000000   6.3418351041e+02   4.0726771086e+02   6.5898071868e+02
   5987.0000000000   6.3434627299e+02   4.0741783357e+02   6.5915705821e+02
   5988.0000000000   6.3450746581e+02   4.0756480534e+02   6.5932727735e+02
   5989.0000000000   6.3466763281e+02   4.0770988375e+02   6.5949608827e+02
   5990.0000000000   6.3482701255e+02   4.0785361019e+02   6.5966396950e+02
   5991.0000000000   6.3498574099e+02   4.0799628331e+02   6.5983112203e+02
   5992.0000000000   6.3514390675e+02   4.0814763132e+02   6.5999765874e+02
   5993.0000000000   6.3530157257e+02   4.0830219391e+02   6.6016365327e+02
   5994.0000000000   6.3546816096e+02   4.0844960411e+02   6.6032915833e+02
   5995.0000000000   6.3562884126e+02   4.0859504489e+02   6.6049421394e+02
   5996.0000000000   6.3578823158e+02   4.0873918645e+02   6.6065885190e+02
   5997.0000000000   6.3594679228e+02   4.0888233273e+02   6.6082309824e+02
   5998.0000000000   6.3610471287e+02   4.0902466029e+02   6.6098697483e+02
   5999.0000000000   6.3626209765e+02   4.0916628572e+02   6.6115050035e+02
   6000.0000000000   6.3641901344e+02   4.0930729234e+02   6.6131369104e+02
   6001.0000000000   6.3658488271e+02   4.0944774301e+02   6.6148610160e+02
   6002.0000000000   6.3674487331e+02   4.0959722744e+02   6.6165261566e+02
   6003.0000000000   6.3691297677e+02   4.0974065637e+02   6.6181791375e+02
   6004.0000000000   6.3708415941e+02   4.0988273189e+02   6.6198244968e+02
   6005.0000000000   6.3724832976e+02   4.1002392522e+02   6.6214640459e+02
   6006.0000000000   6.3741061459e+02   4.1016443183e+02   6.6230987513e+02
   6007.0000000000   6.3758105918e+02   4.1030436034e+02   6.6247292149e+02
   6008.0000000000   6.3774509707e+02   4.1044378102e+02   6.6263558502e+02
   6009.0000000000   6.3790748864e+02   4.1058274384e+02   6.6279789614e+02
   6010.0000000000   6.3806878117e+02   4.1072128658e+02   6.6295987835e+02
   6011.0000000000   6.3822922166e+02   4.1085943917e+02   6.6312155050e+02
   6012.0000000000   6.3838895469e+02   4.1099722606e+02   6.6328292818e+02
   6013.0000000000   6.3855745188e+02   4.1113466772e+02   6.6344402457e+02
   6014.0000000000   6.3871991502e+02   4.1127178168e+02   6.6360485101e+02
   6015.0000000000   6.3888098497e+02   4.1140858313e+02   6.6376541745e+02
   6016.0000000000   6.3904113887e+02   4.1154508543e+02   6.6392573267e+02
   6017.0000000000   6.3920057896e+02   4.1169084087e+02   6.6408580457e+02
   6018.0000000000   6.3935941952e+02   4.1183073102e+02   6.6424564027e+02
   6019.0000000000   6.3951773534e+02   4.1196943467e+02   6.6441478667e+02
   6020.0000000000   6.3968495537e+02   4.1211694449e+02   6.6458766107e+02
   6021.0000000000   6.3984625281e+02   4.1225831120e+02   6.6475380906e+02
   6022.0000000000   6.4000624825e+02   4.1239829942e+02   6.6491834842e+02
   6023.0000000000   6.4016540380e+02   4.1255649263e+02   6.6508189918e+02
   6024.0000000000   6.4032391024e+02   4.1270284486e+02   6.6524472566e+02
   6025.0000000000   6.4048187286e+02   4.1284681210e+02   6.6540697245e+02
   6026.0000000000   6.4063935925e+02   4.1298935644e+02   6.6556872989e+02
   6027.0000000000   6.4080579255e+02   4.1314041410e+02   6.6573005945e+02
   6028.0000000000   6.4096634112e+02   4.1328507082e+02   6.6590054596e+02
   6029.0000000000   6.4112562154e+02   4.1342813026e+02   6.6607463434e+02
   6030.0000000000   6.4128409253e+02   4.1357012794e+02   6.6625143138e+02
   6031.0000000000   6.4144194198e+02   4.1371130252e+02   6.6642094185e+02
   6032.0000000000   6.4160864812e+02   4.1386133338e+02   6.6658846766e+02
   6033.0000000000   6.4176940898e+02   4.1400518376e+02   6.6675472682e+02
   6034.0000000000   6.4193823422e+02   4.1414758922e+02   6.6692004406e+02
   6035.0000000000   6.4210072643e+02   4.1429858405e+02   6.6708460469e+02
   6036.0000000000   6.4226166955e+02   4.1445279102e+02   6.6724852830e+02
   6037.0000000000   6.4242160760e+02   4.1459987049e+02   6.6743097910e+02
   6038.0000000000   6.4259015418e+02   4.1474501413e+02   6.6760176035e+02
   6039.0000000000   6.4275257715e+02   4.1488889381e+02   6.6777979792e+02
   6040.0000000000   6.4291355274e+02   4.1503181239e+02   6.6795088703e+02
   6041.0000000000   6.4307357873e+02   4.1517394428e+02   6.6813915149e+02
   6042.0000000000   6.4323287015e+02   4.1531540357e+02   6.6831497792e+02
   6043.0000000000   6.4340092496e+02   4.1545627115e+02   6.6848800220e+02
   6044.0000000000   6.4356295601e+02   4.1559660758e+02   6.6865928569e+02
   6045.0000000000   6.4372360901e+02   4.1573646004e+02   6.6882928724e+02
   6046.0000000000   6.4389273846e+02   4.1587586646e+02   6.6900780570e+02
   6047.0000000000   6.4405567974e+02   4.1603393890e+02   6.6917987840e+02
   6048.0000000000   6.4422651084e+02   4.1618998581e+02   6.6935029089e+02
   6049.0000000000   6.4440024989e+02   4.1633823883e+02   6.6952911316e+02
   6050.0000000000   6.4457621499e+02   4.1648427347e+02   6.6970145422e+02
   6051.0000000000   6.4474468947e+02   4.1662889369e+02   6.6987212403e+02
   6052.0000000000   6.4491094926e+02   4.1677246240e+02   6.7004166131e+02
   6053.0000000000   6.4508512008e+02   4.1691518563e+02   6.7021030759e+02
   6054.0000000000   6.4526206129e+02   4.1705719581e+02   6.7037820472e+02
   6055.0000000000   6.4543170038e+02   4.1719858515e+02   6.7054544801e+02
   6056.0000000000   6.4559919821e+02   4.1733942155e+02   6.7072164729e+02
   6057.0000000000   6.4576525669e+02   4.1747975721e+02   6.7089172676e+02
   6058.0000000000   6.4593957957e+02   4.1761963351e+02   6.7106993854e+02
   6059.0000000000   6.4610749420e+02   4.1775908418e+02   6.7125117231e+02
   6060.0000000000   6.4627371946e+02   4.1789813723e+02   6.7143470958e+02
   6061.0000000000   6.4644816078e+02   4.1804635681e+02   6.7161064697e+02
   6062.0000000000   6.4662556643e+02   4.1818863420e+02   6.7178434281e+02
   6063.0000000000   6.4679580024e+02   4.1833919668e+02   6.7195655341e+02
   6064.0000000000   6.4697335894e+02   4.1848337423e+02   6.7212763133e+02
   6065.0000000000   6.4714405099e+02   4.1863556202e+02   6.7230732356e+02
   6066.0000000000   6.4731277527e+02   4.1878117490e+02   6.7248063746e+02
   6067.0000000000   6.4748014980e+02   4.1892511726e+02   6.7265233934e+02
   6068.0000000000   6.4764646465e+02   4.1906796485e+02   6.7283248603e+02
   6069.0000000000   6.4782126917e+02   4.1920997462e+02   6.7300617710e+02
   6070.0000000000   6.4798981366e+02   4.1935129438e+02   6.7317821549e+02
   6071.0000000000   6.4815677242e+02   4.1949202086e+02   6.7334913463e+02
   6072.0000000000   6.4833202252e+02   4.1963222263e+02   6.7352871233e+02
   6073.0000000000   6.4850091764e+02   4.1978149142e+02   6.7370195816e+02
   6074.0000000000   6.4866817551e+02   4.1992473817e+02   6.7387363403e+02
   6075.0000000000   6.4883431905e+02   4.2006666419e+02   6.7404425082e+02
   6076.0000000000   6.4899958086e+02   4.2020773947e+02   6.7421403195e+02
   6077.0000000000   6.4916409687e+02   4.2034815802e+02   6.7439264709e+02
   6078.0000000000   6.4932795817e+02   4.2048802691e+02   6.7456505326e+02
   6079.0000000000   6.4950060651e+02   4.2063695532e+02   6.7473598204e+02
   6080.0000000000   6.4967660088e+02   4.2077986264e+02   6.7491546520e+02
   6081.0000000000   6.4984570301e+02   4.2092145444e+02   6.7508858364e+02
   6082.0000000000   6.5001297072e+02   4.2106220281e+02   6.7526012597e+02
   6083.0000000000   6.5017903687e+02   4.2121184316e+02   6.7543061440e+02
   6084.0000000000   6.5034418103e+02   4.2135535386e+02   6.7561935820e+02
   6085.0000000000   6.5050856218e+02   4.2149747285e+02   6.7579623055e+02
   6086.0000000000   6.5067228369e+02   4.2163869194e+02   6.7597065658e+02
   6087.0000000000   6.5083541870e+02   4.2177921904e+02   6.7614358566e+02
   6088.0000000000   6.5099802208e+02   4.2191917049e+02   6.7631540882e+02
   6089.0000000000   6.5117888763e+02   4.2205862150e+02   6.7648633983e+02
   6090.0000000000   6.5135769063e+02   4.2219762514e+02   6.7667559493e+02
   6091.0000000000   6.5152876926e+02   4.2233622118e+02   6.7685300980e+02
   6092.0000000000   6.5169760798e+02   4.2247444073e+02   6.7702799204e+02
   6093.0000000000   6.5188375208e+02   4.2261230892e+02   6.7721102252e+02
   6094.0000000000   6.5205782687e+02   4.2274984659e+02   6.7738735834e+02
   6095.0000000000   6.5223859019e+02   4.2288707131e+02   6.7756187980e+02
   6096.0000000000   6.5241217903e+02   4.2302399823e+02   6.7773516427e+02
   6097.0000000000   6.5259298780e+02   4.2316064052e+02   6.7790747658e+02
   6098.0000000000   6.5276682683e+02   4.2329700977e+02   6.7807897367e+02
   6099.0000000000   6.5293860933e+02   4.2344265674e+02   6.7824976109e+02
   6100.0000000000   6.5310896706e+02   4.2359200204e+02   6.7841991551e+02
   6101.0000000000   6.5327820145e+02   4.2373459415e+02   6.7858949559e+02
   6102.0000000000   6.5344649539e+02   4.2387555338e+02   6.7875854786e+02
   6103.0000000000   6.5361397373e+02   4.2401550201e+02   6.7892711033e+02
   6104.0000000000   6.5378072796e+02   4.2415470634e+02   6.7909521472e+02
   6105.0000000000   6.5394682844e+02   4.2429331274e+02   6.7926288797e+02
   6106.0000000000   6.5412170657e+02   4.2443141313e+02   6.7943015331e+02
   6107.0000000000   6.5429054065e+02   4.2457861084e+02   6.7959703100e+02
   6108.0000000000   6.5445795728e+02   4.2472936292e+02   6.7977307935e+02
   6109.0000000000   6.5462442467e+02   4.2487324420e+02   6.7994318516e+02
   6110.0000000000   6.5479951494e+02   4.2502493515e+02   6.8012157230e+02
   6111.0000000000   6.5496847146e+02   4.2516994410e+02   6.8029356807e+02
   6112.0000000000   6.5513595544e+02   4.2531321845e+02   6.8046402512e+02
   6113.0000000000   6.5530245515e+02   4.2545535756e+02   6.8064302617e+02
   6114.0000000000   6.5548693046e+02   4.2560617333e+02   6.8081567606e+02
   6115.0000000000   6.5565976524e+02   4.2575069404e+02   6.8099631560e+02
   6116.0000000000   6.5583021437e+02   4.2589369222e+02   6.8117988402e+02
   6117.0000000000   6.5599920553e+02   4.2605476553e+02   6.8135615231e+02
   6118.0000000000   6.5616711901e+02   4.2620388244e+02   6.8153036518e+02
   6119.0000000000   6.5634353730e+02   4.2636005244e+02   6.8170322436e+02
   6120.0000000000   6.5651372363e+02   4.2650911996e+02   6.8188459164e+02
   6121.0000000000   6.5670110768e+02   4.2665615985e+02   6.8205952463e+02
   6122.0000000000   6.5687645695e+02   4.2680183893e+02   6.8223281519e+02
   6123.0000000000   6.5704916842e+02   4.2695601120e+02   6.8240499389e+02
   6124.0000000000   6.5722024126e+02   4.2710373402e+02   6.8257629773e+02
   6125.0000000000   6.5739009803e+02   4.2724980131e+02   6.8274686555e+02
   6126.0000000000   6.5755897345e+02   4.2739474633e+02   6.8291679040e+02
   6127.0000000000   6.5772701754e+02   4.2753880875e+02   6.8308613984e+02
   6128.0000000000   6.5789433491e+02   4.2768212993e+02   6.8325496558e+02
   6129.0000000000   6.5806100295e+02   4.2782480519e+02   6.8343284915e+02
   6130.0000000000   6.5822708145e+02   4.2796690405e+02   6.8360469509e+02
   6131.0000000000   6.5839261815e+02   4.2810847999e+02   6.8377520065e+02
   6132.0000000000   6.5855765211e+02   4.2824957562e+02   6.8394483324e+02
   6133.0000000000   6.5872221600e+02   4.2839022590e+02   6.8411378528e+02
   6134.0000000000   6.5888633760e+02   4.2853046005e+02   6.8429170330e+02
   6135.0000000000   6.5905004086e+02   4.2867030299e+02   6.8446352645e+02
   6136.0000000000   6.5922272210e+02   4.2881931663e+02   6.8463397216e+02
   6137.0000000000   6.5938953230e+02   4.2897193109e+02   6.8480352032e+02
   6138.0000000000   6.5955507628e+02   4.2911770303e+02   6.8497237144e+02
   6139.0000000000   6.5971980457e+02   4.2926175987e+02   6.8515017748e+02
   6140.0000000000   6.5989327467e+02   4.2940473012e+02   6.8532188132e+02
   6141.0000000000   6.6006071775e+02   4.2955642601e+02   6.8549220304e+02
   6142.0000000000   6.6022678466e+02   4.2970186969e+02   6.8566162440e+02
   6143.0000000000   6.6039195482e+02   4.2984582662e+02   6.8583034726e+02
   6144.0000000000   6.6056580503e+02   4.2998880713e+02   6.8599848417e+02
   6145.0000000000   6.6073357997e+02   4.3013103225e+02   6.8616610782e+02
   6146.0000000000   6.6089994025e+02   4.3027262799e+02   6.8634281007e+02
   6147.0000000000   6.6106537258e+02   4.3041367692e+02   6.8651350048e+02
   6148.0000000000   6.6123008389e+02   4.3056377833e+02   6.8668287860e+02
   6149.0000000000   6.6139419060e+02   4.3070784755e+02   6.8685141261e+02
   6150.0000000000   6.6155776830e+02   4.3085058865e+02   6.8701929480e+02
   6151.0000000000   6.6172087059e+02   4.3099247342e+02   6.8719617114e+02
   6152.0000000000   6.6188353777e+02   4.3115277797e+02   6.8736697992e+02
   6153.0000000000   6.6204580152e+02   4.3130135212e+02   6.8754597803e+02
   6154.0000000000   6.6220768749e+02   4.3144760363e+02   6.8771851523e+02
   6155.0000000000   6.6237859246e+02   4.3160200893e+02   6.8789900059e+02
   6156.0000000000   6.6254366707e+02   4.3174981932e+02   6.8807285905e+02
   6157.0000000000   6.6270751538e+02   4.3189590908e+02   6.8824500254e+02
   6158.0000000000   6.6287058685e+02   4.3204084985e+02   6.8842555303e+02
   6159.0000000000   6.6303306236e+02   4.3218490116e+02   6.8859964291e+02
   6160.0000000000   6.6319503925e+02   4.3232821511e+02   6.8877209277e+02
   6161.0000000000   6.6335657864e+02   4.3247089286e+02   6.8894344576e+02
   6162.0000000000   6.6351772280e+02   4.3261300713e+02   6.8912348504e+02
   6163.0000000000   6.6368787846e+02   4.3275461293e+02   6.8929722292e+02
   6164.0000000000   6.6386157791e+02   4.3289575354e+02   6.8946942257e+02
   6165.0000000000   6.6402856172e+02   4.3303646398e+02   6.8964059513e+02
   6166.0000000000   6.6419387038e+02   4.3317677324e+02   6.8981096374e+02
   6167.0000000000   6.6435812229e+02   4.3331670575e+02   6.8998065699e+02
   6168.0000000000   6.6452158473e+02   4.3345628244e+02   6.9014976008e+02
   6169.0000000000   6.6468440609e+02   4.3359552146e+02   6.9031833442e+02
   6170.0000000000   6.6484668051e+02   4.3374397915e+02   6.9048642679e+02
   6171.0000000000   6.6500847304e+02   4.3388654050e+02   6.9066361466e+02
   6172.0000000000   6.6516983134e+02   4.3402788727e+02   6.9083479923e+02
   6173.0000000000   6.6534016737e+02   4.3416847425e+02   6.9100467494e+02
   6174.0000000000   6.6550464266e+02   4.3430848346e+02   6.9118324721e+02
   6175.0000000000   6.6566786920e+02   4.3445755271e+02   6.9136511772e+02
   6176.0000000000   6.6583967789e+02   4.3460061376e+02   6.9154947131e+02
   6177.0000000000   6.6601476220e+02   4.3474237770e+02   6.9172635823e+02
   6178.0000000000   6.6619231943e+02   4.3488331893e+02   6.9191065025e+02
   6179.0000000000   6.6636257034e+02   4.3503317357e+02   6.9208795683e+02
   6180.0000000000   6.6654012796e+02   4.3518646029e+02   6.9226328697e+02
   6181.0000000000   6.6672022461e+02   4.3534232784e+02   6.9243728116e+02
   6182.0000000000   6.6690228926e+02   4.3550034781e+02   6.9261024003e+02
   6183.0000000000   6.6708604646e+02   4.3565071088e+02   6.9278234265e+02
   6184.0000000000   6.6726194724e+02   4.3580835744e+02   6.9295370912e+02
   6185.0000000000   6.6744473498e+02   4.3595893615e+02   6.9312442605e+02
   6186.0000000000   6.6762035041e+02   4.3610748068e+02   6.9329455906e+02
   6187.0000000000   6.6779377289e+02   4.3626418849e+02   6.9346415972e+02
   6188.0000000000   6.6796567335e+02   4.3641424278e+02   6.9363326971e+02
   6189.0000000000   6.6813637860e+02   4.3656250029e+02   6.9380192347e+02
   6190.0000000000   6.6830608909e+02   4.3670953099e+02   6.9397014995e+02
   6191.0000000000   6.6847494231e+02   4.3685559814e+02   6.9415705475e+02
   6192.0000000000   6.6864303919e+02   4.3700085927e+02   6.9433240112e+02
   6193.0000000000   6.6881045726e+02   4.3714542126e+02   6.9450554613e+02
   6194.0000000000   6.6897725810e+02   4.3728936228e+02   6.9467739333e+02
   6195.0000000000   6.6914349187e+02   4.3743274239e+02   6.9484830103e+02
   6196.0000000000   6.6930920026e+02   4.3757560935e+02   6.9501845860e+02
   6197.0000000000   6.6947441852e+02   4.3772754264e+02   6.9518798262e+02
   6198.0000000000   6.6964855226e+02   4.3787344576e+02   6.9536649252e+02
   6199.0000000000   6.6981676021e+02   4.3801801551e+02   6.9553891644e+02
   6200.0000000000   6.6998365370e+02   4.3818080003e+02   6.9571950752e+02
   6201.0000000000   6.7014968881e+02   4.3833173364e+02   6.9590315496e+02
   6202.0000000000   6.7031505235e+02   4.3848980142e+02   6.9607959857e+02
   6203.0000000000   6.7047984703e+02   4.3864082977e+02   6.9625406237e+02
   6204.0000000000   6.7064413882e+02   4.3878987996e+02   6.9642723367e+02
   6205.0000000000   6.7080797440e+02   4.3893760834e+02   6.9659942341e+02
   6206.0000000000   6.7097138904e+02   4.3908432035e+02   6.9677081050e+02
   6207.0000000000   6.7113441067e+02   4.3924927680e+02   6.9694151165e+02
   6208.0000000000   6.7129706217e+02   4.3940233911e+02   6.9711160926e+02
   6209.0000000000   6.7145936276e+02   4.3955293120e+02   6.9728116482e+02
   6210.0000000000   6.7162132895e+02   4.3970200459e+02   6.9745976646e+02
   6211.0000000000   6.7178297514e+02   4.3984995332e+02   6.9764186378e+02
   6212.0000000000   6.7194431404e+02   4.4000653469e+02   6.9781702826e+02
   6213.0000000000   6.7210535699e+02   4.4016629826e+02   6.9799039887e+02
   6214.0000000000   6.7226611423e+02   4.4031888050e+02   6.9817215372e+02
   6215.0000000000   6.7242659504e+02   4.4046946554e+02   6.9834744293e+02
   6216.0000000000   6.7258680789e+02   4.4061872398e+02   6.9852109298e+02
   6217.0000000000   6.7274676058e+02   4.4076695995e+02   6.9869364871e+02
   6218.0000000000   6.7290646030e+02   4.4091435019e+02   6.9886535291e+02
   6219.0000000000   6.7307528914e+02   4.4106101152e+02   6.9903634649e+02
   6220.0000000000   6.7323838588e+02   4.4120702760e+02   6.9921626320e+02
   6221.0000000000   6.7340034475e+02   4.4136200215e+02   6.9939004091e+02
   6222.0000000000   6.7356160702e+02   4.4152039627e+02   6.9956239954e+02
   6223.0000000000   6.7373172205e+02   4.4168133083e+02   6.9973382256e+02
   6224.0000000000   6.7389591379e+02   4.4183482293e+02   6.9990451420e+02
   6225.0000000000   6.7406820207e+02   4.4198618535e+02   7.0007458950e+02
   6226.0000000000   6.7423419311e+02   4.4214568620e+02   7.0024412358e+02
   6227.0000000000   6.7439867151e+02   4.4229852976e+02   7.0041317013e+02
   6228.0000000000   6.7456218050e+02   4.4244957829e+02   7.0058176989e+02
   6229.0000000000   6.7472495681e+02   4.4259940190e+02   7.0075949551e+02
   6230.0000000000   6.7488713397e+02   4.4274826212e+02   7.0093124428e+02
   6231.0000000000   6.7504879795e+02   4.4289631425e+02   7.0110170741e+02
   6232.0000000000   6.7521000880e+02   4.4304366300e+02   7.0127134723e+02
   6233.0000000000   6.7538018637e+02   4.4319038459e+02   7.0144035182e+02
   6234.0000000000   6.7554449745e+02   4.4333653737e+02   7.0160882357e+02
   6235.0000000000   6.7570755770e+02   4.4348216773e+02   7.0177682748e+02
   6236.0000000000   6.7586982522e+02   4.4362731358e+02   7.0194440900e+02
   6237.0000000000   6.7603148735e+02   4.4377200655e+02   7.0211160201e+02
   6238.0000000000   6.7619264639e+02   4.4391627354e+02   7.0227843305e+02
   6239.0000000000   6.7635336729e+02   4.4406013775e+02   7.0245446401e+02
   6240.0000000000   6.7651369533e+02   4.4420361941e+02   7.0263412413e+02
   6241.0000000000   6.7667366415e+02   4.4434673636e+02   7.0281650915e+02
   6242.0000000000   6.7683329991e+02   4.4448950448e+02   7.0301069669e+02
   6243.0000000000   6.7700199910e+02   4.4463193800e+02   7.0319172463e+02
   6244.0000000000   6.7716491165e+02   4.4477404978e+02   7.0336964498e+02
   6245.0000000000   6.7732664068e+02   4.4493493231e+02   7.0355520661e+02
   6246.0000000000   6.7748763461e+02   4.4508433809e+02   7.0373380688e+02
   6247.0000000000   6.7764807324e+02   4.4523161525e+02   7.0391040885e+02
   6248.0000000000   6.7780805278e+02   4.4537765982e+02   7.0408564266e+02
   6249.0000000000   6.7796763326e+02   4.4553236413e+02   7.0425980862e+02
   6250.0000000000   6.7813623134e+02   4.4569032344e+02   7.0444262890e+02
   6251.0000000000   6.7829900982e+02   4.4586027059e+02   7.0461909791e+02
   6252.0000000000   6.7846058041e+02   4.4601713503e+02   7.0479397474e+02
   6253.0000000000   6.7862139758e+02   4.4617092409e+02   7.0496777154e+02
   6254.0000000000   6.7878164541e+02   4.4632282509e+02   7.0514071431e+02
   6255.0000000000   6.7894142335e+02   4.4647335365e+02   7.0531293510e+02
   6256.0000000000   6.7911016924e+02   4.4662279788e+02   7.0548452263e+02
   6257.0000000000   6.7927305873e+02   4.4677134129e+02   7.0565554164e+02
   6258.0000000000   6.7943471192e+02   4.4691911073e+02   7.0582604199e+02
   6259.0000000000   6.7959558911e+02   4.4706619903e+02   7.0599606358e+02
   6260.0000000000   6.7975587861e+02   4.4721267702e+02   7.0616563920e+02
   6261.0000000000   6.7991568304e+02   4.4735860051e+02   7.0633479641e+02
   6262.0000000000   6.8007506727e+02   4.4750401461e+02   7.0650355876e+02
   6263.0000000000   6.8023407630e+02   4.4764895655e+02   7.0667194666e+02
   6264.0000000000   6.8039274338e+02   4.4779345761e+02   7.0683997798e+02
   6265.0000000000   6.8055109419e+02   4.4793754442e+02   7.0700766855e+02
   6266.0000000000   6.8073727560e+02   4.4808123999e+02   7.0717503250e+02
   6267.0000000000   6.8090670220e+02   4.4822456436e+02   7.0735162295e+02
   6268.0000000000   6.8107315347e+02   4.4837707563e+02   7.0752232230e+02
   6269.0000000000   6.8123794907e+02   4.4852366037e+02   7.0769181017e+02
   6270.0000000000   6.8141098140e+02   4.4866900181e+02   7.0786053964e+02
   6271.0000000000   6.8157765200e+02   4.4881355609e+02   7.0802869127e+02
   6272.0000000000   6.8174271176e+02   4.4895750641e+02   7.0821544211e+02
   6273.0000000000   6.8190670438e+02   4.4910095131e+02   7.0839059383e+02
   6274.0000000000   6.8206987512e+02   4.4924395263e+02   7.0856352585e+02
   6275.0000000000   6.8223236737e+02   4.4938655324e+02   7.0873515537e+02
   6276.0000000000   6.8241302731e+02   4.4952878488e+02   7.0890584928e+02
   6277.0000000000   6.8258218840e+02   4.4968021270e+02   7.0907580249e+02
   6278.0000000000   6.8274907913e+02   4.4982572759e+02   7.0925467554e+02
   6279.0000000000   6.8292398711e+02   4.4997001531e+02   7.0942742061e+02
   6280.0000000000   6.8309241518e+02   4.5011353347e+02   7.0959876552e+02
   6281.0000000000   6.8325915184e+02   4.5025646605e+02   7.0976919813e+02
   6282.0000000000   6.8342475842e+02   4.5040845227e+02   7.0993892499e+02
   6283.0000000000   6.8358949004e+02   4.5055442491e+02   7.1011760269e+02
   6284.0000000000   6.8375349645e+02   4.5069909576e+02   7.1029017763e+02
   6285.0000000000   6.8391687753e+02   4.5084293976e+02   7.1046137260e+02
   6286.0000000000   6.8408908061e+02   4.5098615298e+02   7.1063167143e+02
   6287.0000000000   6.8425529278e+02   4.5113838343e+02   7.1080127760e+02
   6288.0000000000   6.8442014540e+02   4.5128457044e+02   7.1097984530e+02
   6289.0000000000   6.8458410913e+02   4.5144851170e+02   7.1115231911e+02
   6290.0000000000   6.8475675703e+02   4.5160042793e+02   7.1133296076e+02
   6291.0000000000   6.8494208343e+02   4.5174985670e+02   7.1150712390e+02
   6292.0000000000   6.8511501412e+02   4.5189779517e+02   7.1167968028e+02
   6293.0000000000   6.8528521338e+02   4.5204465741e+02   7.1185118645e+02
   6294.0000000000   6.8547251168e+02   4.5219066902e+02   7.1202188726e+02
   6295.0000000000   6.8564762930e+02   4.5233597146e+02   7.1219192248e+02
   6296.0000000000   6.8581999295e+02   4.5248066156e+02   7.1236138324e+02
   6297.0000000000   6.8599063183e+02   4.5264389061e+02   7.1253033409e+02
   6298.0000000000   6.8615999191e+02   4.5280499438e+02   7.1270836379e+02
   6299.0000000000   6.8632832542e+02   4.5295822426e+02   7.1288038101e+02
   6300.0000000000   6.8649579560e+02   4.5310917043e+02   7.1306062572e+02
   6301.0000000000   6.8667189253e+02   4.5325864804e+02   7.1323443742e+02
   6302.0000000000   6.8684183392e+02   4.5340702868e+02   7.1340667817e+02
   6303.0000000000   6.8701027406e+02   4.5355452523e+02   7.1357789764e+02
   6304.0000000000   6.8717770129e+02   4.5371081603e+02   7.1374833558e+02
   6305.0000000000   6.8734432735e+02   4.5386086864e+02   7.1392766833e+02
   6306.0000000000   6.8751027455e+02   4.5401896425e+02   7.1410085499e+02
   6307.0000000000   6.8767562459e+02   4.5417047249e+02   7.1427262692e+02
   6308.0000000000   6.8784043696e+02   4.5432027825e+02   7.1444347409e+02
   6309.0000000000   6.8801413291e+02   4.5446894899e+02   7.1461360451e+02
   6310.0000000000   6.8819125716e+02   4.5461673867e+02   7.1480221623e+02
   6311.0000000000   6.8836156100e+02   4.5476379474e+02   7.1499820831e+02
   6312.0000000000   6.8853009423e+02   4.5491021489e+02   7.1518071525e+02
   6313.0000000000   6.8869748342e+02   4.5505606931e+02   7.1536000341e+02
   6314.0000000000   6.8886400302e+02   4.5521095165e+02   7.1553733566e+02
   6315.0000000000   6.8902980778e+02   4.5535977481e+02   7.1571325796e+02
   6316.0000000000   6.8919499754e+02   4.5552632296e+02   7.1588807298e+02
   6317.0000000000   6.8935964240e+02   4.5569035024e+02   7.1606197205e+02
