E_cm1  rho_reactant_cm  rho_MECP_shifted_LZ  rho_MECP_internal_WC
      1.0000000000   8.5756291897e-03   0.0000000000e+00   9.0175918540e-03
      2.0000000000   1.2127771106e-02   0.0000000000e+00   1.2752800700e-02
      3.0000000000   1.4853425463e-02   0.0000000000e+00   1.5618927253e-02
      4.0000000000   1.7151258379e-02   0.0000000000e+00   1.8035183708e-02
      5.0000000000   1.9175689818e-02   0.0000000000e+00   2.0163948379e-02
      6.0000000000   2.1005915738e-02   0.0000000000e+00   2.2088498751e-02
      7.0000000000   2.2688982172e-02   0.0000000000e+00   2.3858305470e-02
      8.0000000000   2.4255542212e-02   0.0000000000e+00   2.5505601400e-02
      9.0000000000   2.5726887569e-02   0.0000000000e+00   2.7052775562e-02
     10.0000000000   2.7118520608e-02   0.0000000000e+00   2.8516129268e-02
     11.0000000000   2.8442144363e-02   0.0000000000e+00   2.9907968692e-02
     12.0000000000   2.9706850927e-02   0.0000000000e+00   3.1237854506e-02
     13.0000000000   3.0919870763e-02   0.0000000000e+00   3.2513389811e-02
     14.0000000000   3.2087066304e-02   0.0000000000e+00   3.3740739171e-02
     15.0000000000   3.3213269035e-02   0.0000000000e+00   3.4924983073e-02
     16.0000000000   3.4302516759e-02   0.0000000000e+00   3.6070367416e-02
     17.0000000000   3.5358224955e-02   0.0000000000e+00   3.7180483703e-02
     18.0000000000   3.6383313318e-02   0.0000000000e+00   3.8258402099e-02
     19.0000000000   3.7380301015e-02   0.0000000000e+00   3.9306771606e-02
     20.0000000000   3.8351379636e-02   0.0000000000e+00   4.0327896758e-02
     21.0000000000   3.9298469894e-02   0.0000000000e+00   4.1323797257e-02
     22.0000000000   4.0223266302e-02   0.0000000000e+00   4.2296254948e-02
     23.0000000000   4.1127272800e-02   0.0000000000e+00   4.3246851278e-02
     24.0000000000   4.2011831476e-02   0.0000000000e+00   4.4176997502e-02
     25.0000000000   4.2878145948e-02   0.0000000000e+00   4.5087959270e-02
     26.0000000000   4.3727300580e-02   0.0000000000e+00   4.5980876829e-02
     27.0000000000   4.4560276390e-02   0.0000000000e+00   4.6856781759e-02
     28.0000000000   4.5377964344e-02   0.0000000000e+00   4.7716610941e-02
     29.0000000000   4.6181176511e-02   0.0000000000e+00   4.8561218297e-02
     30.0000000000   4.6970655520e-02   0.0000000000e+00   4.9391384728e-02
     31.0000000000   4.7747082591e-02   0.0000000000e+00   5.0207826563e-02
     32.0000000000   4.8511084424e-02   0.0000000000e+00   5.1011202799e-02
     33.0000000000   4.9263239114e-02   0.0000000000e+00   5.1802121326e-02
     34.0000000000   5.0004081273e-02   0.0000000000e+00   5.2581144308e-02
     35.0000000000   5.9309735666e-02   0.0000000000e+00   5.3348792860e-02
     36.0000000000   6.3581546244e-02   0.0000000000e+00   5.4105551124e-02
     37.0000000000   6.7016941372e-02   0.0000000000e+00   5.4851869843e-02
     38.0000000000   7.0014987041e-02   0.0000000000e+00   5.5588169498e-02
     39.0000000000   7.2730476943e-02   0.0000000000e+00   5.6314843078e-02
     40.0000000000   7.5242956955e-02   0.0000000000e+00   5.7032258537e-02
     41.0000000000   7.7599801288e-02   0.0000000000e+00   5.7740760963e-02
     42.0000000000   7.9831971316e-02   0.0000000000e+00   6.7458266384e-02
     43.0000000000   8.1961048788e-02   0.0000000000e+00   7.1885104919e-02
     44.0000000000   8.4002809335e-02   0.0000000000e+00   7.5434864637e-02
     45.0000000000   8.5969213817e-02   0.0000000000e+00   7.8527028844e-02
     46.0000000000   8.7869597904e-02   0.0000000000e+00   8.1324231986e-02
     47.0000000000   8.9711422468e-02   0.0000000000e+00   9.2927585683e-02
     48.0000000000   9.1500768157e-02   0.0000000000e+00   9.9086815182e-02
     49.0000000000   9.3242673363e-02   0.0000000000e+00   1.0424767163e-01
     50.0000000000   9.4941372288e-02   0.0000000000e+00   1.0885196277e-01
     51.0000000000   1.0517609623e-01   0.0000000000e+00   1.1307856447e-01
     52.0000000000   1.1035082595e-01   0.0000000000e+00   1.1702324706e-01
     53.0000000000   1.1466524935e-01   0.0000000000e+00   1.2074521961e-01
     54.0000000000   1.1852038523e-01   0.0000000000e+00   1.2428448746e-01
     55.0000000000   1.3064835712e-01   0.0000000000e+00   1.2766976580e-01
     56.0000000000   1.3753108575e-01   0.0000000000e+00   1.3092259068e-01
     57.0000000000   1.4341426100e-01   0.0000000000e+00   1.3405966161e-01
     58.0000000000   1.4872867822e-01   0.0000000000e+00   1.3709427173e-01
     59.0000000000   1.5365138102e-01   0.0000000000e+00   1.4003722924e-01
     60.0000000000   1.5827827500e-01   0.0000000000e+00   1.4289747692e-01
     61.0000000000   1.6266920802e-01   0.0000000000e+00   1.4568252369e-01
     62.0000000000   1.7544055844e-01   0.0000000000e+00   1.4839875394e-01
     63.0000000000   1.8302265246e-01   0.0000000000e+00   1.5105165506e-01
     64.0000000000   1.8963470141e-01   0.0000000000e+00   1.6266358006e-01
     65.0000000000   1.9569268725e-01   0.0000000000e+00   1.6893871960e-01
     66.0000000000   2.0136488281e-01   0.0000000000e+00   1.7429404582e-01
     67.0000000000   2.0674180073e-01   0.0000000000e+00   1.7915202827e-01
     68.0000000000   2.1187989298e-01   0.0000000000e+00   1.8367795249e-01
     69.0000000000   2.1681774480e-01   0.0000000000e+00   1.8795770465e-01
     70.0000000000   2.3015904975e-01   0.0000000000e+00   1.9204310767e-01
     71.0000000000   2.3832603842e-01   0.0000000000e+00   1.9596852495e-01
     72.0000000000   2.4553250474e-01   0.0000000000e+00   1.9975828315e-01
     73.0000000000   2.5219067816e-01   0.0000000000e+00   2.1244804425e-01
     74.0000000000   2.5846616457e-01   0.0000000000e+00   2.1975175991e-01
     75.0000000000   2.6444754432e-01   0.0000000000e+00   2.2609378063e-01
     76.0000000000   2.7018984922e-01   0.0000000000e+00   2.3190229432e-01
     77.0000000000   2.7573061012e-01   0.0000000000e+00   2.4636470447e-01
     78.0000000000   2.8109710335e-01   0.0000000000e+00   2.5527057001e-01
     79.0000000000   2.8631008533e-01   0.0000000000e+00   2.6308800054e-01
     80.0000000000   2.9138590773e-01   0.0000000000e+00   2.7027304971e-01
     81.0000000000   2.9633780396e-01   0.0000000000e+00   2.7701450412e-01
     82.0000000000   3.0117671639e-01   0.0000000000e+00   2.8341547897e-01
     83.0000000000   3.1448748188e-01   0.0000000000e+00   2.9855847878e-01
     84.0000000000   3.2267884505e-01   0.0000000000e+00   3.1720571395e-01
     85.0000000000   3.2995459942e-01   0.0000000000e+00   3.2950301773e-01
     86.0000000000   3.3671934383e-01   0.0000000000e+00   3.4030764095e-01
     87.0000000000   3.4313272568e-01   0.0000000000e+00   3.5022062329e-01
     88.0000000000   3.4927858290e-01   0.0000000000e+00   3.5950330782e-01
     89.0000000000   3.5520811195e-01   0.0000000000e+00   3.6830135920e-01
     90.0000000000   3.6095569940e-01   0.0000000000e+00   3.7670729807e-01
     91.0000000000   3.7512164277e-01   0.0000000000e+00   3.8478493494e-01
     92.0000000000   3.8412539662e-01   0.0000000000e+00   3.9258086029e-01
     93.0000000000   3.9217846472e-01   0.0000000000e+00   4.0914813675e-01
     94.0000000000   3.9969117216e-01   0.0000000000e+00   4.2021467294e-01
     95.0000000000   4.0682753019e-01   0.0000000000e+00   4.3923384162e-01
     96.0000000000   4.1367477571e-01   0.0000000000e+00   4.5234337854e-01
     97.0000000000   4.2028680258e-01   0.0000000000e+00   4.6413444376e-01
     98.0000000000   4.3527580242e-01   0.0000000000e+00   4.7512266761e-01
     99.0000000000   4.5364473675e-01   0.0000000000e+00   4.8553118836e-01
    100.0000000000   4.6601153550e-01   0.0000000000e+00   4.9548531636e-01
    101.0000000000   4.8556323473e-01   0.0000000000e+00   5.0506549555e-01
    102.0000000000   4.9926651074e-01   0.0000000000e+00   5.1432783933e-01
    103.0000000000   5.1156246607e-01   0.0000000000e+00   5.2331378180e-01
    104.0000000000   5.2298482195e-01   0.0000000000e+00   5.3205521427e-01
    105.0000000000   5.4234884545e-01   0.0000000000e+00   5.4057747079e-01
    106.0000000000   5.5619305735e-01   0.0000000000e+00   5.5791877400e-01
    107.0000000000   5.6880397180e-01   0.0000000000e+00   5.7881388086e-01
    108.0000000000   5.8064311609e-01   0.0000000000e+00   5.9339059296e-01
    109.0000000000   5.9191144363e-01   0.0000000000e+00   6.0649381784e-01
    110.0000000000   6.1129958508e-01   0.0000000000e+00   6.1871588295e-01
    111.0000000000   6.2528385200e-01   0.0000000000e+00   6.3932943013e-01
    112.0000000000   6.3811493195e-01   0.0000000000e+00   6.5417552342e-01
    113.0000000000   6.6738309894e-01   0.0000000000e+00   6.6775653955e-01
    114.0000000000   6.8607606366e-01   0.0000000000e+00   6.8055291244e-01
    115.0000000000   7.0269237599e-01   0.0000000000e+00   6.9277165399e-01
    116.0000000000   7.1809727351e-01   0.0000000000e+00   7.0453002961e-01
    117.0000000000   7.3264772464e-01   0.0000000000e+00   7.1590427093e-01
    118.0000000000   7.4653827324e-01   0.0000000000e+00   7.2694824568e-01
    119.0000000000   7.5989130884e-01   0.0000000000e+00   7.3770221110e-01
    120.0000000000   7.8136660427e-01   0.0000000000e+00   7.5721507966e-01
    121.0000000000   7.9742649687e-01   0.0000000000e+00   7.7121199432e-01
    122.0000000000   8.1231487760e-01   0.0000000000e+00   7.8412688202e-01
    123.0000000000   8.3504302670e-01   0.0000000000e+00   7.9639621802e-01
    124.0000000000   8.5219618513e-01   0.0000000000e+00   8.0819705636e-01
    125.0000000000   8.6807529085e-01   0.0000000000e+00   8.1962531468e-01
    126.0000000000   8.9172248552e-01   0.0000000000e+00   8.3975906365e-01
    127.0000000000   9.0974146263e-01   0.0000000000e+00   8.6335783173e-01
    128.0000000000   9.2644501728e-01   0.0000000000e+00   8.8056591400e-01
    129.0000000000   9.4230771224e-01   0.0000000000e+00   8.9623978648e-01
    130.0000000000   9.5753806762e-01   0.0000000000e+00   9.1098023145e-01
    131.0000000000   9.7225607684e-01   0.0000000000e+00   9.3406628060e-01
    132.0000000000   9.9511644579e-01   0.0000000000e+00   9.5134396392e-01
    133.0000000000   1.0125766291e+00   0.0000000000e+00   9.6731960982e-01
    134.0000000000   1.0288763862e+00   0.0000000000e+00   9.8247686133e-01
    135.0000000000   1.0444480023e+00   0.0000000000e+00   9.9702538271e-01
    136.0000000000   1.0594731223e+00   0.0000000000e+00   1.0110846656e+00
    137.0000000000   1.0740535017e+00   0.0000000000e+00   1.0247328358e+00
    138.0000000000   1.0882552263e+00   0.0000000000e+00   1.0380253919e+00
    139.0000000000   1.1107008907e+00   0.0000000000e+00   1.0600216027e+00
    140.0000000000   1.1278268206e+00   0.0000000000e+00   1.0764540612e+00
    141.0000000000   1.1438579236e+00   0.0000000000e+00   1.0917622915e+00
    142.0000000000   1.1592155432e+00   0.0000000000e+00   1.1154047110e+00
    143.0000000000   1.1740729755e+00   0.0000000000e+00   1.1332618742e+00
    144.0000000000   1.1885254297e+00   0.0000000000e+00   1.1498458386e+00
    145.0000000000   1.2026337461e+00   0.0000000000e+00   1.1746562503e+00
    146.0000000000   1.2164406101e+00   0.0000000000e+00   1.1935994229e+00
    147.0000000000   1.2299779209e+00   0.0000000000e+00   1.2112046172e+00
    148.0000000000   1.2432706149e+00   0.0000000000e+00   1.2279659652e+00
    149.0000000000   1.2563388507e+00   0.0000000000e+00   1.2440985723e+00
    150.0000000000   1.2691993494e+00   0.0000000000e+00   1.2597250405e+00
    151.0000000000   1.2818662644e+00   0.0000000000e+00   1.2749254249e+00
    152.0000000000   1.3029274027e+00   0.0000000000e+00   1.2897565102e+00
    153.0000000000   1.3187942662e+00   0.0000000000e+00   1.3132784790e+00
    154.0000000000   1.3336732173e+00   0.0000000000e+00   1.3312246129e+00
    155.0000000000   1.3479712554e+00   0.0000000000e+00   1.3480349806e+00
    156.0000000000   1.3618502770e+00   0.0000000000e+00   1.3641508575e+00
    157.0000000000   1.3753962331e+00   0.0000000000e+00   1.3797531567e+00
    158.0000000000   1.3886623093e+00   0.0000000000e+00   1.3949409721e+00
    159.0000000000   1.4016847690e+00   0.0000000000e+00   1.4097774480e+00
    160.0000000000   1.4144900543e+00   0.0000000000e+00   1.4243067699e+00
    161.0000000000   1.4270984159e+00   0.0000000000e+00   1.4385618747e+00
    162.0000000000   1.4395259509e+00   0.0000000000e+00   1.4525684482e+00
    163.0000000000   1.4517858314e+00   0.0000000000e+00   1.4663472070e+00
    164.0000000000   1.4724647173e+00   0.0000000000e+00   1.4799152965e+00
    165.0000000000   1.4879729038e+00   0.0000000000e+00   1.5023047905e+00
    166.0000000000   1.5110911751e+00   0.0000000000e+00   1.5192281492e+00
    167.0000000000   1.5286262383e+00   0.0000000000e+00   1.5351094953e+00
    168.0000000000   1.5449358633e+00   0.0000000000e+00   1.5593951575e+00
    169.0000000000   1.5605035979e+00   0.0000000000e+00   1.5779560022e+00
    170.0000000000   1.5755360396e+00   0.0000000000e+00   1.5952961885e+00
    171.0000000000   1.5901477000e+00   0.0000000000e+00   1.6118912382e+00
    172.0000000000   1.6044111790e+00   0.0000000000e+00   1.6279419697e+00
    173.0000000000   1.6183765486e+00   0.0000000000e+00   1.6435597143e+00
    174.0000000000   1.6406560482e+00   0.0000000000e+00   1.6588154383e+00
    175.0000000000   1.6576785074e+00   0.0000000000e+00   1.6737584644e+00
    176.0000000000   1.6822386069e+00   0.0000000000e+00   1.6884251645e+00
    177.0000000000   1.7011537615e+00   0.0000000000e+00   1.7028435455e+00
    178.0000000000   1.7187901785e+00   0.0000000000e+00   1.7170358962e+00
    179.0000000000   1.7356381787e+00   0.0000000000e+00   1.7310204209e+00
    180.0000000000   1.7519098833e+00   0.0000000000e+00   1.7538298951e+00
    181.0000000000   1.7762999997e+00   0.0000000000e+00   1.7711772278e+00
    182.0000000000   1.7952858310e+00   0.0000000000e+00   1.7874868115e+00
    183.0000000000   1.8131176774e+00   0.0000000000e+00   1.8031875237e+00
    184.0000000000   1.8388091984e+00   0.0000000000e+00   1.8184502542e+00
    185.0000000000   1.8589460116e+00   0.0000000000e+00   1.8333658436e+00
    186.0000000000   1.8778284162e+00   0.0000000000e+00   1.8570081279e+00
    187.0000000000   1.8959217789e+00   0.0000000000e+00   1.8751154736e+00
    188.0000000000   1.9134275301e+00   0.0000000000e+00   1.8921291133e+00
    189.0000000000   1.9304600012e+00   0.0000000000e+00   1.9175072090e+00
    190.0000000000   1.9556692532e+00   0.0000000000e+00   1.9461466980e+00
    191.0000000000   1.9755088488e+00   0.0000000000e+00   1.9682580131e+00
    192.0000000000   1.9942152323e+00   0.0000000000e+00   1.9977522788e+00
    193.0000000000   2.0207934563e+00   0.0000000000e+00   2.0209531695e+00
    194.0000000000   2.0418235519e+00   0.0000000000e+00   2.0425505190e+00
    195.0000000000   2.0701777047e+00   0.0000000000e+00   2.0721376082e+00
    196.0000000000   2.0927195998e+00   0.0000000000e+00   2.0956774203e+00
    197.0000000000   2.1224215103e+00   0.0000000000e+00   2.1177365815e+00
    198.0000000000   2.1461960615e+00   0.0000000000e+00   2.1388353467e+00
    199.0000000000   2.1684682179e+00   0.0000000000e+00   2.1592078828e+00
    200.0000000000   2.1897678964e+00   0.0000000000e+00   2.1789911650e+00
    201.0000000000   2.2103355719e+00   0.0000000000e+00   2.1982763732e+00
    202.0000000000   2.2388871817e+00   0.0000000000e+00   2.2171290880e+00
    203.0000000000   2.2619164785e+00   0.0000000000e+00   2.2355989807e+00
    204.0000000000   2.2922624863e+00   0.0000000000e+00   2.2537250942e+00
    205.0000000000   2.3167747745e+00   0.0000000000e+00   2.2715389884e+00
    206.0000000000   2.3398439055e+00   0.0000000000e+00   2.2890667408e+00
    207.0000000000   2.3619792722e+00   0.0000000000e+00   2.3063302837e+00
    208.0000000000   2.3834083243e+00   0.0000000000e+00   2.3233483352e+00
    209.0000000000   2.4128383510e+00   0.0000000000e+00   2.3401370679e+00
    210.0000000000   2.4367571626e+00   0.0000000000e+00   2.3657281945e+00
    211.0000000000   2.4594239603e+00   0.0000000000e+00   2.3858341821e+00
    212.0000000000   2.4812844082e+00   0.0000000000e+00   2.4138969735e+00
    213.0000000000   2.5025298560e+00   0.0000000000e+00   2.4450632806e+00
    214.0000000000   2.5232693883e+00   0.0000000000e+00   2.4696177018e+00
    215.0000000000   2.5435748053e+00   0.0000000000e+00   2.4924840765e+00
    216.0000000000   2.5634976443e+00   0.0000000000e+00   2.5143007865e+00
    217.0000000000   2.5830770841e+00   0.0000000000e+00   2.5443700011e+00
    218.0000000000   2.6023441422e+00   0.0000000000e+00   2.5685530193e+00
    219.0000000000   2.6298997524e+00   0.0000000000e+00   2.5913667977e+00
    220.0000000000   2.6521659245e+00   0.0000000000e+00   2.6133026989e+00
    221.0000000000   2.6733576200e+00   0.0000000000e+00   2.6345761935e+00
    222.0000000000   2.6938890046e+00   0.0000000000e+00   2.6643288628e+00
    223.0000000000   2.7139280365e+00   0.0000000000e+00   2.6883424307e+00
    224.0000000000   2.7335658593e+00   0.0000000000e+00   2.7110885973e+00
    225.0000000000   2.7700114136e+00   0.0000000000e+00   2.7330306523e+00
    226.0000000000   2.7961066598e+00   0.0000000000e+00   2.7633831540e+00
    227.0000000000   2.8202755031e+00   0.0000000000e+00   2.7879573540e+00
    228.0000000000   2.8433386003e+00   0.0000000000e+00   2.8112391310e+00
    229.0000000000   2.8656236345e+00   0.0000000000e+00   2.8427169810e+00
    230.0000000000   2.8873046371e+00   0.0000000000e+00   2.8682923337e+00
    231.0000000000   2.9084889591e+00   0.0000000000e+00   2.8924924746e+00
    232.0000000000   2.9292493408e+00   0.0000000000e+00   2.9248285942e+00
    233.0000000000   2.9496383637e+00   0.0000000000e+00   2.9512160294e+00
    234.0000000000   2.9696958763e+00   0.0000000000e+00   2.9761912722e+00
    235.0000000000   2.9894531835e+00   0.0000000000e+00   3.0002543708e+00
    236.0000000000   3.0089355822e+00   0.0000000000e+00   3.0236253561e+00
    237.0000000000   3.0281639836e+00   0.0000000000e+00   3.0464309929e+00
    238.0000000000   3.0471559981e+00   0.0000000000e+00   3.0687549000e+00
    239.0000000000   3.0745023165e+00   0.0000000000e+00   3.0996745392e+00
    240.0000000000   3.0966168738e+00   0.0000000000e+00   3.1249352245e+00
    241.0000000000   3.1177081057e+00   0.0000000000e+00   3.1489858928e+00
    242.0000000000   3.1381847957e+00   0.0000000000e+00   3.1722746406e+00
    243.0000000000   3.1582103896e+00   0.0000000000e+00   3.1949878038e+00
    244.0000000000   3.1864478238e+00   0.0000000000e+00   3.2172289023e+00
    245.0000000000   3.2179279937e+00   0.0000000000e+00   3.2390647704e+00
    246.0000000000   3.2432861097e+00   0.0000000000e+00   3.2605427243e+00
    247.0000000000   3.2671452319e+00   0.0000000000e+00   3.2907159879e+00
    248.0000000000   3.2900795546e+00   0.0000000000e+00   3.3153126221e+00
    249.0000000000   3.3209151968e+00   0.0000000000e+00   3.3387687138e+00
    250.0000000000   3.3461931637e+00   0.0000000000e+00   3.3615224609e+00
    251.0000000000   3.3787754619e+00   0.0000000000e+00   3.3927699651e+00
    252.0000000000   3.4055235938e+00   0.0000000000e+00   3.4183084528e+00
    253.0000000000   3.4394101084e+00   0.0000000000e+00   3.4516304611e+00
    254.0000000000   3.4673486254e+00   0.0000000000e+00   3.4788982201e+00
    255.0000000000   3.4937652322e+00   0.0000000000e+00   3.5047193943e+00
    256.0000000000   3.5191908976e+00   0.0000000000e+00   3.5296214010e+00
    257.0000000000   3.5438670215e+00   0.0000000000e+00   3.5538362017e+00
    258.0000000000   3.5679347051e+00   0.0000000000e+00   3.5774959743e+00
    259.0000000000   3.5914874917e+00   0.0000000000e+00   3.6006866849e+00
    260.0000000000   3.6145923503e+00   0.0000000000e+00   3.6234690109e+00
    261.0000000000   3.6372997900e+00   0.0000000000e+00   3.6458882474e+00
    262.0000000000   3.6596493754e+00   0.0000000000e+00   3.6769972087e+00
    263.0000000000   3.6816730029e+00   0.0000000000e+00   3.7025241757e+00
    264.0000000000   3.7119726060e+00   0.0000000000e+00   3.7269056792e+00
    265.0000000000   3.7369711628e+00   0.0000000000e+00   3.7505804112e+00
    266.0000000000   3.7608845154e+00   0.0000000000e+00   3.7737273538e+00
    267.0000000000   3.7841276049e+00   0.0000000000e+00   3.7964441311e+00
    268.0000000000   3.8068690628e+00   0.0000000000e+00   3.8187927541e+00
    269.0000000000   3.8292006117e+00   0.0000000000e+00   3.8408165269e+00
    270.0000000000   3.8511804305e+00   0.0000000000e+00   3.8625476971e+00
    271.0000000000   3.8728491375e+00   0.0000000000e+00   3.8840114109e+00
    272.0000000000   3.9028126315e+00   0.0000000000e+00   3.9052279628e+00
    273.0000000000   3.9274954328e+00   0.0000000000e+00   3.9262141707e+00
    274.0000000000   3.9596892814e+00   0.0000000000e+00   3.9469842653e+00
    275.0000000000   3.9862095971e+00   0.0000000000e+00   3.9675504927e+00
    276.0000000000   4.0114212580e+00   0.0000000000e+00   3.9879235369e+00
    277.0000000000   4.0358137326e+00   0.0000000000e+00   4.0081128274e+00
    278.0000000000   4.0681742641e+00   0.0000000000e+00   4.0371443591e+00
    279.0000000000   4.0950225598e+00   0.0000000000e+00   4.0607257082e+00
    280.0000000000   4.1206319702e+00   0.0000000000e+00   4.0832770090e+00
    281.0000000000   4.1454545305e+00   0.0000000000e+00   4.1052236972e+00
    282.0000000000   4.1696841944e+00   0.0000000000e+00   4.1267338502e+00
    283.0000000000   4.1934307166e+00   0.0000000000e+00   4.1659311727e+00
    284.0000000000   4.2167655457e+00   0.0000000000e+00   4.1942700319e+00
    285.0000000000   4.2397393280e+00   0.0000000000e+00   4.2206137577e+00
    286.0000000000   4.2623900787e+00   0.0000000000e+00   4.2458273490e+00
    287.0000000000   4.2847475299e+00   0.0000000000e+00   4.2702557728e+00
    288.0000000000   4.3068356658e+00   0.0000000000e+00   4.2940815514e+00
    289.0000000000   4.3286743067e+00   0.0000000000e+00   4.3264342168e+00
    290.0000000000   4.3502801524e+00   0.0000000000e+00   4.3530890998e+00
    291.0000000000   4.3716674982e+00   0.0000000000e+00   4.3785134973e+00
    292.0000000000   4.4014243733e+00   0.0000000000e+00   4.4031671918e+00
    293.0000000000   4.4259625388e+00   0.0000000000e+00   4.4362617463e+00
    294.0000000000   4.4494886282e+00   0.0000000000e+00   4.4636057712e+00
    295.0000000000   4.4724099113e+00   0.0000000000e+00   4.4896827809e+00
    296.0000000000   4.5034641772e+00   0.0000000000e+00   4.5149615464e+00
    297.0000000000   4.5291385130e+00   0.0000000000e+00   4.5396415388e+00
    298.0000000000   4.5536833453e+00   0.0000000000e+00   4.5638349853e+00
    299.0000000000   4.5775338330e+00   0.0000000000e+00   4.5876146699e+00
    300.0000000000   4.6008710569e+00   0.0000000000e+00   4.6110320626e+00
    301.0000000000   4.6237946717e+00   0.0000000000e+00   4.6341257373e+00
    302.0000000000   4.6463680198e+00   0.0000000000e+00   4.6569258306e+00
    303.0000000000   4.6772107460e+00   0.0000000000e+00   4.6794566332e+00
    304.0000000000   4.7027562394e+00   0.0000000000e+00   4.7017382041e+00
    305.0000000000   4.7272265904e+00   0.0000000000e+00   4.7328050235e+00
    306.0000000000   4.7510404941e+00   0.0000000000e+00   4.7583715621e+00
    307.0000000000   4.7829444147e+00   0.0000000000e+00   4.7828636409e+00
    308.0000000000   4.8094321730e+00   0.0000000000e+00   4.8067114452e+00
    309.0000000000   4.8347595197e+00   0.0000000000e+00   4.8300870625e+00
    310.0000000000   4.8593658898e+00   0.0000000000e+00   4.8530824327e+00
    311.0000000000   4.8834358450e+00   0.0000000000e+00   4.8757548108e+00
    312.0000000000   4.9070719081e+00   0.0000000000e+00   4.8981434701e+00
    313.0000000000   4.9389154374e+00   0.0000000000e+00   4.9202772033e+00
    314.0000000000   4.9654133379e+00   0.0000000000e+00   4.9421781657e+00
    315.0000000000   4.9907968137e+00   0.0000000000e+00   4.9638640399e+00
    316.0000000000   5.0154910721e+00   0.0000000000e+00   4.9943669362e+00
    317.0000000000   5.0396718081e+00   0.0000000000e+00   5.0284166639e+00
    318.0000000000   5.0634357105e+00   0.0000000000e+00   5.0561369761e+00
    319.0000000000   5.0868445040e+00   0.0000000000e+00   5.0823694378e+00
    320.0000000000   5.1099413658e+00   0.0000000000e+00   5.1167211884e+00
    321.0000000000   5.1327584232e+00   0.0000000000e+00   5.1451449777e+00
    322.0000000000   5.1553206638e+00   0.0000000000e+00   5.1721931907e+00
    323.0000000000   5.1776481775e+00   0.0000000000e+00   5.1983724666e+00
    324.0000000000   5.1997575372e+00   0.0000000000e+00   5.2239050106e+00
    325.0000000000   5.2216626964e+00   0.0000000000e+00   5.2579351440e+00
    326.0000000000   5.2433756001e+00   0.0000000000e+00   5.2862453485e+00
    327.0000000000   5.2649066156e+00   0.0000000000e+00   5.3133070691e+00
    328.0000000000   5.2948404749e+00   0.0000000000e+00   5.3395828229e+00
    329.0000000000   5.3195861328e+00   0.0000000000e+00   5.3742861420e+00
    330.0000000000   5.3433478069e+00   0.0000000000e+00   5.4032271436e+00
    331.0000000000   5.3665306662e+00   0.0000000000e+00   5.4308905437e+00
    332.0000000000   5.4064462850e+00   0.0000000000e+00   5.4577461005e+00
    333.0000000000   5.4359810037e+00   0.0000000000e+00   5.4930117058e+00
    334.0000000000   5.4635807966e+00   0.0000000000e+00   5.5315179099e+00
    335.0000000000   5.4900781878e+00   0.0000000000e+00   5.5724690241e+00
    336.0000000000   5.5158075055e+00   0.0000000000e+00   5.6064495877e+00
    337.0000000000   5.5495221682e+00   0.0000000000e+00   5.6384935324e+00
    338.0000000000   5.5863081108e+00   0.0000000000e+00   5.6692962753e+00
    339.0000000000   5.6168370030e+00   0.0000000000e+00   5.6991776001e+00
    340.0000000000   5.6457574988e+00   0.0000000000e+00   5.7283228743e+00
    341.0000000000   5.6736625324e+00   0.0000000000e+00   5.7568533725e+00
    342.0000000000   5.7008167644e+00   0.0000000000e+00   5.7848547280e+00
    343.0000000000   5.7273713073e+00   0.0000000000e+00   5.8123906965e+00
    344.0000000000   5.7534242410e+00   0.0000000000e+00   5.8395106356e+00
    345.0000000000   5.7790445276e+00   0.0000000000e+00   5.8662539212e+00
    346.0000000000   5.8042833953e+00   0.0000000000e+00   5.8926527230e+00
    347.0000000000   5.8291804574e+00   0.0000000000e+00   5.9187338373e+00
    348.0000000000   5.8623429285e+00   0.0000000000e+00   5.9445199450e+00
    349.0000000000   5.8901974924e+00   0.0000000000e+00   5.9700305048e+00
    350.0000000000   5.9169626403e+00   0.0000000000e+00   5.9952824046e+00
    351.0000000000   5.9430552323e+00   0.0000000000e+00   6.0202904473e+00
    352.0000000000   5.9772209311e+00   0.0000000000e+00   6.0450677214e+00
    353.0000000000   6.0145290007e+00   0.0000000000e+00   6.0696258882e+00
    354.0000000000   6.0456362570e+00   0.0000000000e+00   6.0939754076e+00
    355.0000000000   6.0751795338e+00   0.0000000000e+00   6.1181257190e+00
    356.0000000000   6.1037425822e+00   0.0000000000e+00   6.1420853866e+00
    357.0000000000   6.1315829330e+00   0.0000000000e+00   6.1658622190e+00
    358.0000000000   6.1674217565e+00   0.0000000000e+00   6.1984809590e+00
    359.0000000000   6.1977536243e+00   0.0000000000e+00   6.2346657988e+00
    360.0000000000   6.2268410040e+00   0.0000000000e+00   6.2645361324e+00
    361.0000000000   6.2551309853e+00   0.0000000000e+00   6.3019476837e+00
    362.0000000000   6.2913909612e+00   0.0000000000e+00   6.3331872881e+00
    363.0000000000   6.3221307461e+00   0.0000000000e+00   6.3629187648e+00
    364.0000000000   6.3516186671e+00   0.0000000000e+00   6.3916986158e+00
    365.0000000000   6.3803042800e+00   0.0000000000e+00   6.4197751763e+00
    366.0000000000   6.4083804482e+00   0.0000000000e+00   6.4472903371e+00
    367.0000000000   6.4359566138e+00   0.0000000000e+00   6.4743360139e+00
    368.0000000000   6.4716799808e+00   0.0000000000e+00   6.5009765854e+00
    369.0000000000   6.5020024508e+00   0.0000000000e+00   6.5272596488e+00
    370.0000000000   6.5311595418e+00   0.0000000000e+00   6.5532218299e+00
    371.0000000000   6.5595802188e+00   0.0000000000e+00   6.5879097891e+00
    372.0000000000   6.5874434752e+00   0.0000000000e+00   6.6170471994e+00
    373.0000000000   6.6148489155e+00   0.0000000000e+00   6.6450669922e+00
    374.0000000000   6.6418608574e+00   0.0000000000e+00   6.6724049526e+00
    375.0000000000   6.6685247972e+00   0.0000000000e+00   6.6992376511e+00
    376.0000000000   6.6948749464e+00   0.0000000000e+00   6.7256606685e+00
    377.0000000000   6.7295138037e+00   0.0000000000e+00   6.7697694377e+00
    378.0000000000   6.7588640488e+00   0.0000000000e+00   6.8030057729e+00
    379.0000000000   6.7957164362e+00   0.0000000000e+00   6.8342271608e+00
    380.0000000000   6.8268858873e+00   0.0000000000e+00   6.8733135476e+00
    381.0000000000   6.8567370662e+00   0.0000000000e+00   6.9153265068e+00
    382.0000000000   6.8857593965e+00   0.0000000000e+00   6.9505617454e+00
    383.0000000000   6.9313158056e+00   0.0000000000e+00   6.9839640447e+00
    384.0000000000   6.9663269978e+00   0.0000000000e+00   7.0252084712e+00
    385.0000000000   7.0078390991e+00   0.0000000000e+00   7.0602954072e+00
    386.0000000000   7.0431038576e+00   0.0000000000e+00   7.0938122312e+00
    387.0000000000   7.0766668170e+00   0.0000000000e+00   7.1262922240e+00
    388.0000000000   7.1091157650e+00   0.0000000000e+00   7.1579784539e+00
    389.0000000000   7.1492994132e+00   0.0000000000e+00   7.1980319582e+00
    390.0000000000   7.1923549321e+00   0.0000000000e+00   7.2322488678e+00
    391.0000000000   7.2289867136e+00   0.0000000000e+00   7.2651119520e+00
    392.0000000000   7.2638664591e+00   0.0000000000e+00   7.2970932513e+00
    393.0000000000   7.2976043744e+00   0.0000000000e+00   7.3374144019e+00
    394.0000000000   7.3390542526e+00   0.0000000000e+00   7.3718924875e+00
    395.0000000000   7.3747789781e+00   0.0000000000e+00   7.4050182677e+00
    396.0000000000   7.4262338766e+00   0.0000000000e+00   7.4372667854e+00
    397.0000000000   7.4666959001e+00   0.0000000000e+00   7.4688429942e+00
    398.0000000000   7.5047711455e+00   0.0000000000e+00   7.4998639526e+00
    399.0000000000   7.5413813269e+00   0.0000000000e+00   7.5304067319e+00
    400.0000000000   7.5769187809e+00   0.0000000000e+00   7.5605266289e+00
    401.0000000000   7.6116026388e+00   0.0000000000e+00   7.5902656522e+00
    402.0000000000   7.6455735806e+00   0.0000000000e+00   7.6286746273e+00
    403.0000000000   7.6789300094e+00   0.0000000000e+00   7.6614806745e+00
    404.0000000000   7.7203205118e+00   0.0000000000e+00   7.6931197034e+00
    405.0000000000   7.7562023871e+00   0.0000000000e+00   7.7240301411e+00
    406.0000000000   7.7908176686e+00   0.0000000000e+00   7.7543909416e+00
    407.0000000000   7.8246018735e+00   0.0000000000e+00   7.7842998584e+00
    408.0000000000   7.8663158136e+00   0.0000000000e+00   7.8138191365e+00
    409.0000000000   7.9024656705e+00   0.0000000000e+00   7.8429923810e+00
    410.0000000000   7.9373179418e+00   0.0000000000e+00   7.8718521831e+00
    411.0000000000   7.9713214822e+00   0.0000000000e+00   7.9094416487e+00
    412.0000000000   8.0046691703e+00   0.0000000000e+00   7.9414814780e+00
    413.0000000000   8.0374709197e+00   0.0000000000e+00   7.9724021738e+00
    414.0000000000   8.0697990666e+00   0.0000000000e+00   8.0026375612e+00
    415.0000000000   8.1102811991e+00   0.0000000000e+00   8.0323626405e+00
    416.0000000000   8.1453577666e+00   0.0000000000e+00   8.0616717405e+00
    417.0000000000   8.1878328017e+00   0.0000000000e+00   8.0996417096e+00
    418.0000000000   8.2245315571e+00   0.0000000000e+00   8.1320135539e+00
    419.0000000000   8.2598269919e+00   0.0000000000e+00   8.1722484384e+00
    420.0000000000   8.2942153580e+00   0.0000000000e+00   8.2064890559e+00
    421.0000000000   8.3279140597e+00   0.0000000000e+00   8.2393299225e+00
    422.0000000000   8.3610469315e+00   0.0000000000e+00   8.2803066747e+00
    423.0000000000   8.3936947101e+00   0.0000000000e+00   8.3243619088e+00
    424.0000000000   8.4259146408e+00   0.0000000000e+00   8.3707533352e+00
    425.0000000000   8.4577497112e+00   0.0000000000e+00   8.4100951885e+00
    426.0000000000   8.4892335800e+00   0.0000000000e+00   8.4564571673e+00
    427.0000000000   8.5203934488e+00   0.0000000000e+00   8.4962466001e+00
    428.0000000000   8.5512518526e+00   0.0000000000e+00   8.5342047374e+00
    429.0000000000   8.5904034638e+00   0.0000000000e+00   8.5709419897e+00
    430.0000000000   8.6242655212e+00   0.0000000000e+00   8.6067463064e+00
    431.0000000000   8.6570492615e+00   0.0000000000e+00   8.6417898488e+00
    432.0000000000   8.6891658856e+00   0.0000000000e+00   8.6761883593e+00
    433.0000000000   8.7207809560e+00   0.0000000000e+00   8.7190430071e+00
    434.0000000000   8.7519836565e+00   0.0000000000e+00   8.7561171798e+00
    435.0000000000   8.7828300506e+00   0.0000000000e+00   8.7918739551e+00
    436.0000000000   8.8133589846e+00   0.0000000000e+00   8.8267727303e+00
    437.0000000000   8.8435992361e+00   0.0000000000e+00   8.8610090364e+00
    438.0000000000   8.8821488098e+00   0.0000000000e+00   8.8946939883e+00
    439.0000000000   8.9154266316e+00   0.0000000000e+00   8.9279007773e+00
    440.0000000000   8.9476446628e+00   0.0000000000e+00   8.9606821019e+00
    441.0000000000   8.9792142548e+00   0.0000000000e+00   8.9930781979e+00
    442.0000000000   9.0103007751e+00   0.0000000000e+00   9.0251210745e+00
    443.0000000000   9.0409930066e+00   0.0000000000e+00   9.0748721593e+00
    444.0000000000   9.0713464918e+00   0.0000000000e+00   9.1137535197e+00
    445.0000000000   9.1013994905e+00   0.0000000000e+00   9.1506105639e+00
    446.0000000000   9.1311801625e+00   0.0000000000e+00   9.1862980158e+00
    447.0000000000   9.1607102578e+00   0.0000000000e+00   9.2211549278e+00
    448.0000000000   9.1900071977e+00   0.0000000000e+00   9.2553605190e+00
    449.0000000000   9.2276609669e+00   0.0000000000e+00   9.2890250456e+00
    450.0000000000   9.2686601765e+00   0.0000000000e+00   9.3222231564e+00
    451.0000000000   9.3036130939e+00   0.0000000000e+00   9.3550088525e+00
    452.0000000000   9.3542756906e+00   0.0000000000e+00   9.3964407294e+00
    453.0000000000   9.3940108017e+00   0.0000000000e+00   9.4322511141e+00
    454.0000000000   9.4400287887e+00   0.0000000000e+00   9.4668794993e+00
    455.0000000000   9.4796605125e+00   0.0000000000e+00   9.5007668302e+00
    456.0000000000   9.5174953170e+00   0.0000000000e+00   9.5340938614e+00
    457.0000000000   9.5541475043e+00   0.0000000000e+00   9.5669596525e+00
    458.0000000000   9.5899072458e+00   0.0000000000e+00   9.6084449985e+00
    459.0000000000   9.6249467394e+00   0.0000000000e+00   9.6442942404e+00
    460.0000000000   9.6593805727e+00   0.0000000000e+00   9.6789538009e+00
    461.0000000000   9.6932906018e+00   0.0000000000e+00   9.7218863985e+00
    462.0000000000   9.7267382384e+00   0.0000000000e+00   9.7589754151e+00
    463.0000000000   9.7597712573e+00   0.0000000000e+00   9.7947348624e+00
    464.0000000000   9.7924278831e+00   0.0000000000e+00   9.8386658061e+00
    465.0000000000   9.8247393947e+00   0.0000000000e+00   9.8766756419e+00
    466.0000000000   9.8653074931e+00   0.0000000000e+00   9.9132944955e+00
    467.0000000000   9.9005551318e+00   0.0000000000e+00   9.9490172211e+00
    468.0000000000   9.9346982396e+00   0.0000000000e+00   9.9840595512e+00
    469.0000000000   9.9681519027e+00   0.0000000000e+00   1.0018544650e+01
    470.0000000000   1.0001084926e+01   0.0000000000e+00   1.0052553091e+01
    471.0000000000   1.0033589215e+01   0.0000000000e+00   1.0086142145e+01
    472.0000000000   1.0065723134e+01   0.0000000000e+00   1.0128372460e+01
    473.0000000000   1.0097527483e+01   0.0000000000e+00   1.0164977766e+01
    474.0000000000   1.0129032706e+01   0.0000000000e+00   1.0200398567e+01
    475.0000000000   1.0160262607e+01   0.0000000000e+00   1.0235076567e+01
    476.0000000000   1.0191236455e+01   0.0000000000e+00   1.0269193098e+01
    477.0000000000   1.0221970272e+01   0.0000000000e+00   1.0311865258e+01
    478.0000000000   1.0261053288e+01   0.0000000000e+00   1.0348856625e+01
    479.0000000000   1.0294898131e+01   0.0000000000e+00   1.0384625088e+01
    480.0000000000   1.0327712079e+01   0.0000000000e+00   1.0419623194e+01
    481.0000000000   1.0359902897e+01   0.0000000000e+00   1.0454039399e+01
    482.0000000000   1.0391633137e+01   0.0000000000e+00   1.0487978089e+01
    483.0000000000   1.0422989325e+01   0.0000000000e+00   1.0521506262e+01
    484.0000000000   1.0454025155e+01   0.0000000000e+00   1.0554671015e+01
    485.0000000000   1.0484777353e+01   0.0000000000e+00   1.0587507547e+01
    486.0000000000   1.0515272783e+01   0.0000000000e+00   1.0620043354e+01
    487.0000000000   1.0562683345e+01   0.0000000000e+00   1.0652300634e+01
    488.0000000000   1.0599827268e+01   0.0000000000e+00   1.0684297774e+01
    489.0000000000   1.0635112071e+01   0.0000000000e+00   1.0716050315e+01
    490.0000000000   1.0677922071e+01   0.0000000000e+00   1.0747571617e+01
    491.0000000000   1.0714976717e+01   0.0000000000e+00   1.0778873316e+01
    492.0000000000   1.0759215485e+01   0.0000000000e+00   1.0809965669e+01
    493.0000000000   1.0806115094e+01   0.0000000000e+00   1.0840857802e+01
    494.0000000000   1.0846495785e+01   0.0000000000e+00   1.0880575498e+01
    495.0000000000   1.0885080959e+01   0.0000000000e+00   1.0914826185e+01
    496.0000000000   1.0922507151e+01   0.0000000000e+00   1.0948029900e+01
    497.0000000000   1.0967642586e+01   0.0000000000e+00   1.0980612014e+01
    498.0000000000   1.1007058381e+01   0.0000000000e+00   1.1012740573e+01
    499.0000000000   1.1045063363e+01   0.0000000000e+00   1.1044504083e+01
    500.0000000000   1.1082135429e+01   0.0000000000e+00   1.1075956865e+01
    501.0000000000   1.1118488139e+01   0.0000000000e+00   1.1107135667e+01
    502.0000000000   1.1162822182e+01   0.0000000000e+00   1.1147084681e+01
    503.0000000000   1.1201622118e+01   0.0000000000e+00   1.1181524181e+01
    504.0000000000   1.1239145547e+01   0.0000000000e+00   1.1214883478e+01
    505.0000000000   1.1284413007e+01   0.0000000000e+00   1.1256612423e+01
    506.0000000000   1.1324016427e+01   0.0000000000e+00   1.1301601906e+01
    507.0000000000   1.1362261825e+01   0.0000000000e+00   1.1340057805e+01
    508.0000000000   1.1399619731e+01   0.0000000000e+00   1.1376870132e+01
    509.0000000000   1.1436296228e+01   0.0000000000e+00   1.1412659754e+01
    510.0000000000   1.1472409850e+01   0.0000000000e+00   1.1456718558e+01
    511.0000000000   1.1508038831e+01   0.0000000000e+00   1.1494901223e+01
    512.0000000000   1.1543239301e+01   0.0000000000e+00   1.1531720123e+01
    513.0000000000   1.1578053845e+01   0.0000000000e+00   1.1567663265e+01
    514.0000000000   1.1612516087e+01   0.0000000000e+00   1.1602943547e+01
    515.0000000000   1.1646653384e+01   0.0000000000e+00   1.1637682914e+01
    516.0000000000   1.1680488509e+01   0.0000000000e+00   1.1671961390e+01
    517.0000000000   1.1714040779e+01   0.0000000000e+00   1.1705835973e+01
    518.0000000000   1.1747326821e+01   0.0000000000e+00   1.1739349545e+01
    519.0000000000   1.1780361133e+01   0.0000000000e+00   1.1772535659e+01
    520.0000000000   1.1813156483e+01   0.0000000000e+00   1.1805421356e+01
    521.0000000000   1.1845724223e+01   0.0000000000e+00   1.1838028943e+01
    522.0000000000   1.1886650152e+01   0.0000000000e+00   1.1870377164e+01
    523.0000000000   1.1922344326e+01   0.0000000000e+00   1.1902482016e+01
    524.0000000000   1.1957012068e+01   0.0000000000e+00   1.1943374920e+01
    525.0000000000   1.1991059636e+01   0.0000000000e+00   1.1978767989e+01
    526.0000000000   1.2024648411e+01   0.0000000000e+00   1.2013085190e+01
    527.0000000000   1.2066439624e+01   0.0000000000e+00   1.2046755227e+01
    528.0000000000   1.2111462754e+01   0.0000000000e+00   1.2088966576e+01
    529.0000000000   1.2150351828e+01   0.0000000000e+00   1.2125510214e+01
    530.0000000000   1.2187728912e+01   0.0000000000e+00   1.2160855877e+01
    531.0000000000   1.2224167360e+01   0.0000000000e+00   1.2195461360e+01
    532.0000000000   1.2259916953e+01   0.0000000000e+00   1.2238534845e+01
    533.0000000000   1.2295117208e+01   0.0000000000e+00   1.2275881294e+01
    534.0000000000   1.2329856988e+01   0.0000000000e+00   1.2320998324e+01
    535.0000000000   1.2364197807e+01   0.0000000000e+00   1.2360051558e+01
    536.0000000000   1.2398184791e+01   0.0000000000e+00   1.2397650936e+01
    537.0000000000   1.2431852494e+01   0.0000000000e+00   1.2434325400e+01
    538.0000000000   1.2465228263e+01   0.0000000000e+00   1.2470307914e+01
    539.0000000000   1.2498334319e+01   0.0000000000e+00   1.2514748884e+01
    540.0000000000   1.2531189105e+01   0.0000000000e+00   1.2553434679e+01
    541.0000000000   1.2563808203e+01   0.0000000000e+00   1.2590839471e+01
    542.0000000000   1.2596204971e+01   0.0000000000e+00   1.2627427825e+01
    543.0000000000   1.2636966642e+01   0.0000000000e+00   1.2663397302e+01
    544.0000000000   1.2672504282e+01   0.0000000000e+00   1.2707876922e+01
    545.0000000000   1.2707023917e+01   0.0000000000e+00   1.2746639252e+01
    546.0000000000   1.2740932278e+01   0.0000000000e+00   1.2784149113e+01
    547.0000000000   1.2782966673e+01   0.0000000000e+00   1.2820864497e+01
    548.0000000000   1.2819613756e+01   0.0000000000e+00   1.2856978196e+01
    549.0000000000   1.2855123567e+01   0.0000000000e+00   1.2892598095e+01
    550.0000000000   1.2889930912e+01   0.0000000000e+00   1.2927794051e+01
    551.0000000000   1.2924216554e+01   0.0000000000e+00   1.2962615510e+01
    552.0000000000   1.2966655486e+01   0.0000000000e+00   1.2997099628e+01
    553.0000000000   1.3003711670e+01   0.0000000000e+00   1.3031275530e+01
    554.0000000000   1.3039625880e+01   0.0000000000e+00   1.3074184381e+01
    555.0000000000   1.3083404698e+01   0.0000000000e+00   1.3111545754e+01
    556.0000000000   1.3130203945e+01   0.0000000000e+00   1.3156807071e+01
    557.0000000000   1.3170720545e+01   0.0000000000e+00   1.3196101768e+01
    558.0000000000   1.3209613457e+01   0.0000000000e+00   1.3234017882e+01
    559.0000000000   1.3247480005e+01   0.0000000000e+00   1.3271068775e+01
    560.0000000000   1.3284586661e+01   0.0000000000e+00   1.3307475955e+01
    561.0000000000   1.3329660783e+01   0.0000000000e+00   1.3343363581e+01
    562.0000000000   1.3377777018e+01   0.0000000000e+00   1.3378811310e+01
    563.0000000000   1.3419602001e+01   0.0000000000e+00   1.3413874753e+01
    564.0000000000   1.3459782302e+01   0.0000000000e+00   1.3448595061e+01
    565.0000000000   1.3498910260e+01   0.0000000000e+00   1.3492021606e+01
    566.0000000000   1.3537250716e+01   0.0000000000e+00   1.3538897366e+01
    567.0000000000   1.3574955371e+01   0.0000000000e+00   1.3579356431e+01
    568.0000000000   1.3620698733e+01   0.0000000000e+00   1.3618248674e+01
    569.0000000000   1.3660951543e+01   0.0000000000e+00   1.3665188042e+01
    570.0000000000   1.3699962958e+01   0.0000000000e+00   1.3706132953e+01
    571.0000000000   1.3738172184e+01   0.0000000000e+00   1.3745640579e+01
    572.0000000000   1.3775766130e+01   0.0000000000e+00   1.3784221649e+01
    573.0000000000   1.3812850660e+01   0.0000000000e+00   1.3822101903e+01
    574.0000000000   1.3849495140e+01   0.0000000000e+00   1.3859411147e+01
    575.0000000000   1.3885749203e+01   0.0000000000e+00   1.3896234545e+01
    576.0000000000   1.3921650499e+01   0.0000000000e+00   1.3950667818e+01
    577.0000000000   1.3965804416e+01   0.0000000000e+00   1.3994156456e+01
    578.0000000000   1.4004636092e+01   0.0000000000e+00   1.4044580124e+01
    579.0000000000   1.4042362759e+01   0.0000000000e+00   1.4088505810e+01
    580.0000000000   1.4087975906e+01   0.0000000000e+00   1.4130695075e+01
    581.0000000000   1.4128045669e+01   0.0000000000e+00   1.4171753417e+01
    582.0000000000   1.4166861201e+01   0.0000000000e+00   1.4211958983e+01
    583.0000000000   1.4204879645e+01   0.0000000000e+00   1.4260491650e+01
    584.0000000000   1.4250871886e+01   0.0000000000e+00   1.4303158401e+01
    585.0000000000   1.4291348429e+01   0.0000000000e+00   1.4344448587e+01
    586.0000000000   1.4330577073e+01   0.0000000000e+00   1.4393855994e+01
    587.0000000000   1.4369006339e+01   0.0000000000e+00   1.4437287398e+01
    588.0000000000   1.4406827879e+01   0.0000000000e+00   1.4479274965e+01
    589.0000000000   1.4444149906e+01   0.0000000000e+00   1.4520316601e+01
    590.0000000000   1.4481042823e+01   0.0000000000e+00   1.4560631370e+01
    591.0000000000   1.4534707824e+01   0.0000000000e+00   1.4600345731e+01
    592.0000000000   1.4577984210e+01   0.0000000000e+00   1.4639543368e+01
    593.0000000000   1.4619295394e+01   0.0000000000e+00   1.4678284427e+01
    594.0000000000   1.4659462486e+01   0.0000000000e+00   1.4716614593e+01
    595.0000000000   1.4698814030e+01   0.0000000000e+00   1.4754569956e+01
    596.0000000000   1.4737525057e+01   0.0000000000e+00   1.4792179884e+01
    597.0000000000   1.4784279571e+01   0.0000000000e+00   1.4838486418e+01
    598.0000000000   1.4825552184e+01   0.0000000000e+00   1.4879210313e+01
    599.0000000000   1.4865593401e+01   0.0000000000e+00   1.4918782705e+01
    600.0000000000   1.4904842590e+01   0.0000000000e+00   1.4957638350e+01
    601.0000000000   1.4943486258e+01   0.0000000000e+00   1.4995953311e+01
    602.0000000000   1.4990205243e+01   0.0000000000e+00   1.5033823019e+01
    603.0000000000   1.5031469038e+01   0.0000000000e+00   1.5080325423e+01
    604.0000000000   1.5071523499e+01   0.0000000000e+00   1.5121202590e+01
    605.0000000000   1.5119379822e+01   0.0000000000e+00   1.5160899106e+01
    606.0000000000   1.5161622360e+01   0.0000000000e+00   1.5199858594e+01
    607.0000000000   1.5202550907e+01   0.0000000000e+00   1.5238263170e+01
    608.0000000000   1.5242630808e+01   0.0000000000e+00   1.5276212506e+01
    609.0000000000   1.5282063781e+01   0.0000000000e+00   1.5313769987e+01
    610.0000000000   1.5320964650e+01   0.0000000000e+00   1.5359997453e+01
    611.0000000000   1.5359408469e+01   0.0000000000e+00   1.5400627840e+01
    612.0000000000   1.5406024247e+01   0.0000000000e+00   1.5440100068e+01
    613.0000000000   1.5455828695e+01   0.0000000000e+00   1.5478853992e+01
    614.0000000000   1.5499451229e+01   0.0000000000e+00   1.5517069069e+01
    615.0000000000   1.5541513032e+01   0.0000000000e+00   1.5554843008e+01
    616.0000000000   1.5582588336e+01   0.0000000000e+00   1.5592237687e+01
    617.0000000000   1.5622928629e+01   0.0000000000e+00   1.5629296153e+01
    618.0000000000   1.5662675490e+01   0.0000000000e+00   1.5666050335e+01
    619.0000000000   1.5701919958e+01   0.0000000000e+00   1.5702525036e+01
    620.0000000000   1.5740725709e+01   0.0000000000e+00   1.5738740199e+01
    621.0000000000   1.5779139951e+01   0.0000000000e+00   1.5774712300e+01
    622.0000000000   1.5817199208e+01   0.0000000000e+00   1.5810455240e+01
    623.0000000000   1.5854932677e+01   0.0000000000e+00   1.5845980957e+01
    624.0000000000   1.5892364302e+01   0.0000000000e+00   1.5881299846e+01
    625.0000000000   1.5929514127e+01   0.0000000000e+00   1.5916421068e+01
    626.0000000000   1.5974974847e+01   0.0000000000e+00   1.5951352780e+01
    627.0000000000   1.6023737711e+01   0.0000000000e+00   1.5986102306e+01
    628.0000000000   1.6066413483e+01   0.0000000000e+00   1.6029693864e+01
    629.0000000000   1.6107609195e+01   0.0000000000e+00   1.6067833515e+01
    630.0000000000   1.6147888061e+01   0.0000000000e+00   1.6104940086e+01
    631.0000000000   1.6187492781e+01   0.0000000000e+00   1.6141437877e+01
    632.0000000000   1.6226557810e+01   0.0000000000e+00   1.6186511563e+01
    633.0000000000   1.6273743939e+01   0.0000000000e+00   1.6225948814e+01
    634.0000000000   1.6315510815e+01   0.0000000000e+00   1.6273234064e+01
    635.0000000000   1.6356098494e+01   0.0000000000e+00   1.6314522588e+01
    636.0000000000   1.6395938621e+01   0.0000000000e+00   1.6354416022e+01
    637.0000000000   1.6435211755e+01   0.0000000000e+00   1.6393436513e+01
    638.0000000000   1.6474018381e+01   0.0000000000e+00   1.6431811379e+01
    639.0000000000   1.6512423264e+01   0.0000000000e+00   1.6478686270e+01
    640.0000000000   1.6550472077e+01   0.0000000000e+00   1.6519843505e+01
    641.0000000000   1.6588199034e+01   0.0000000000e+00   1.6559753765e+01
    642.0000000000   1.6625630901e+01   0.0000000000e+00   1.6598878592e+01
    643.0000000000   1.6662789304e+01   0.0000000000e+00   1.6637412898e+01
    644.0000000000   1.6699692158e+01   0.0000000000e+00   1.6675465778e+01
    645.0000000000   1.6736354609e+01   0.0000000000e+00   1.6713107710e+01
    646.0000000000   1.6772789664e+01   0.0000000000e+00   1.6750388373e+01
    647.0000000000   1.6809008651e+01   0.0000000000e+00   1.6787344897e+01
    648.0000000000   1.6845021544e+01   0.0000000000e+00   1.6824006216e+01
    649.0000000000   1.6880837212e+01   0.0000000000e+00   1.6869413188e+01
    650.0000000000   1.6916463606e+01   0.0000000000e+00   1.6918302604e+01
    651.0000000000   1.6951907908e+01   0.0000000000e+00   1.6960803900e+01
    652.0000000000   1.6987176643e+01   0.0000000000e+00   1.7001763346e+01
    653.0000000000   1.7022275778e+01   0.0000000000e+00   1.7041774436e+01
    654.0000000000   1.7057210791e+01   0.0000000000e+00   1.7081093245e+01
    655.0000000000   1.7091986740e+01   0.0000000000e+00   1.7128879322e+01
    656.0000000000   1.7143759567e+01   0.0000000000e+00   1.7170922604e+01
    657.0000000000   1.7185335395e+01   0.0000000000e+00   1.7211698384e+01
    658.0000000000   1.7225112287e+01   0.0000000000e+00   1.7260688817e+01
    659.0000000000   1.7263891379e+01   0.0000000000e+00   1.7303790972e+01
    660.0000000000   1.7310560709e+01   0.0000000000e+00   1.7354546422e+01
    661.0000000000   1.7360258538e+01   0.0000000000e+00   1.7399146120e+01
    662.0000000000   1.7403680008e+01   0.0000000000e+00   1.7442216434e+01
    663.0000000000   1.7454060713e+01   0.0000000000e+00   1.7484297829e+01
    664.0000000000   1.7506975668e+01   0.0000000000e+00   1.7525631813e+01
    665.0000000000   1.7553290067e+01   0.0000000000e+00   1.7575375390e+01
    666.0000000000   1.7597751779e+01   0.0000000000e+00   1.7619320182e+01
    667.0000000000   1.7641012205e+01   0.0000000000e+00   1.7670962232e+01
    668.0000000000   1.7683373688e+01   0.0000000000e+00   1.7716469687e+01
    669.0000000000   1.7725013204e+01   0.0000000000e+00   1.7760456410e+01
    670.0000000000   1.7766047437e+01   0.0000000000e+00   1.7821490786e+01
    671.0000000000   1.7806559231e+01   0.0000000000e+00   1.7871210000e+01
    672.0000000000   1.7846610477e+01   0.0000000000e+00   1.7918577382e+01
    673.0000000000   1.7894824807e+01   0.0000000000e+00   1.7964521297e+01
    674.0000000000   1.7946217054e+01   0.0000000000e+00   1.8009430651e+01
    675.0000000000   1.7999992026e+01   0.0000000000e+00   1.8053520329e+01
    676.0000000000   1.8047172321e+01   0.0000000000e+00   1.8096927154e+01
    677.0000000000   1.8092530039e+01   0.0000000000e+00   1.8139746187e+01
    678.0000000000   1.8153867578e+01   0.0000000000e+00   1.8191065093e+01
    679.0000000000   1.8204283703e+01   0.0000000000e+00   1.8236637811e+01
    680.0000000000   1.8252343598e+01   0.0000000000e+00   1.8280920485e+01
    681.0000000000   1.8298956199e+01   0.0000000000e+00   1.8333384841e+01
    682.0000000000   1.8361660265e+01   0.0000000000e+00   1.8379922333e+01
    683.0000000000   1.8422050121e+01   0.0000000000e+00   1.8425054111e+01
    684.0000000000   1.8475060084e+01   0.0000000000e+00   1.8469269935e+01
    685.0000000000   1.8525782010e+01   0.0000000000e+00   1.8521800302e+01
    686.0000000000   1.8574995632e+01   0.0000000000e+00   1.8577484539e+01
    687.0000000000   1.8623069510e+01   0.0000000000e+00   1.8635533525e+01
    688.0000000000   1.8670221331e+01   0.0000000000e+00   1.8686536987e+01
    689.0000000000   1.8716595691e+01   0.0000000000e+00   1.8735533120e+01
    690.0000000000   1.8770871629e+01   0.0000000000e+00   1.8783220950e+01
    691.0000000000   1.8819527860e+01   0.0000000000e+00   1.8829923385e+01
    692.0000000000   1.8866822199e+01   0.0000000000e+00   1.8875828540e+01
    693.0000000000   1.8913202212e+01   0.0000000000e+00   1.8921060141e+01
    694.0000000000   1.8958862540e+01   0.0000000000e+00   1.8965706030e+01
    695.0000000000   1.9012491704e+01   0.0000000000e+00   1.9027867153e+01
    696.0000000000   1.9060566291e+01   0.0000000000e+00   1.9078994753e+01
    697.0000000000   1.9107338646e+01   0.0000000000e+00   1.9127956496e+01
    698.0000000000   1.9153250228e+01   0.0000000000e+00   1.9175624536e+01
    699.0000000000   1.9198489865e+01   0.0000000000e+00   1.9222351874e+01
    700.0000000000   1.9243165213e+01   0.0000000000e+00   1.9268329094e+01
    701.0000000000   1.9287347371e+01   0.0000000000e+00   1.9313675855e+01
    702.0000000000   1.9331087667e+01   0.0000000000e+00   1.9358474690e+01
    703.0000000000   1.9383001034e+01   0.0000000000e+00   1.9402786287e+01
    704.0000000000   1.9429519727e+01   0.0000000000e+00   1.9446657379e+01
    705.0000000000   1.9474866558e+01   0.0000000000e+00   1.9490125223e+01
    706.0000000000   1.9528037562e+01   0.0000000000e+00   1.9542237920e+01
    707.0000000000   1.9575606687e+01   0.0000000000e+00   1.9588721018e+01
    708.0000000000   1.9621866352e+01   0.0000000000e+00   1.9634009545e+01
    709.0000000000   1.9667276557e+01   0.0000000000e+00   1.9678541473e+01
    710.0000000000   1.9712035083e+01   0.0000000000e+00   1.9722495573e+01
    711.0000000000   1.9764829445e+01   0.0000000000e+00   1.9774987189e+01
    712.0000000000   1.9812133372e+01   0.0000000000e+00   1.9821778707e+01
    713.0000000000   1.9858195583e+01   0.0000000000e+00   1.9867327227e+01
    714.0000000000   1.9903453684e+01   0.0000000000e+00   1.9912084800e+01
    715.0000000000   1.9948092686e+01   0.0000000000e+00   1.9956239603e+01
    716.0000000000   2.0000792230e+01   0.0000000000e+00   2.0008913484e+01
    717.0000000000   2.0048020882e+01   0.0000000000e+00   2.0055873463e+01
    718.0000000000   2.0094023799e+01   0.0000000000e+00   2.0110597602e+01
    719.0000000000   2.0139236033e+01   0.0000000000e+00   2.0159240482e+01
    720.0000000000   2.0183840691e+01   0.0000000000e+00   2.0206405464e+01
    721.0000000000   2.0227940323e+01   0.0000000000e+00   2.0252617457e+01
    722.0000000000   2.0271601459e+01   0.0000000000e+00   2.0307124536e+01
    723.0000000000   2.0314871331e+01   0.0000000000e+00   2.0355758040e+01
    724.0000000000   2.0366361188e+01   0.0000000000e+00   2.0403016762e+01
    725.0000000000   2.0412499961e+01   0.0000000000e+00   2.0449380366e+01
    726.0000000000   2.0457507463e+01   0.0000000000e+00   2.0495056465e+01
    727.0000000000   2.0501801375e+01   0.0000000000e+00   2.0540163612e+01
    728.0000000000   2.0545552288e+01   0.0000000000e+00   2.0584779658e+01
    729.0000000000   2.0588853369e+01   0.0000000000e+00   2.0628960247e+01
    730.0000000000   2.0640339522e+01   0.0000000000e+00   2.0672747462e+01
    731.0000000000   2.0686453108e+01   0.0000000000e+00   2.0716174448e+01
    732.0000000000   2.0731422088e+01   0.0000000000e+00   2.0759268115e+01
    733.0000000000   2.0775669339e+01   0.0000000000e+00   2.0802050830e+01
    734.0000000000   2.0819368882e+01   0.0000000000e+00   2.0844541542e+01
    735.0000000000   2.0871191840e+01   0.0000000000e+00   2.0886756552e+01
    736.0000000000   2.0917599983e+01   0.0000000000e+00   2.0928710063e+01
    737.0000000000   2.0962832919e+01   0.0000000000e+00   2.0970414589e+01
    738.0000000000   2.1007321075e+01   0.0000000000e+00   2.1011881256e+01
    739.0000000000   2.1051243652e+01   0.0000000000e+00   2.1062137628e+01
    740.0000000000   2.1094699850e+01   0.0000000000e+00   2.1115910325e+01
    741.0000000000   2.1137753294e+01   0.0000000000e+00   2.1163320850e+01
    742.0000000000   2.1180448674e+01   0.0000000000e+00   2.1218226776e+01
    743.0000000000   2.1222819366e+01   0.0000000000e+00   2.1266916572e+01
    744.0000000000   2.1264891423e+01   0.0000000000e+00   2.1314055514e+01
    745.0000000000   2.1306685870e+01   0.0000000000e+00   2.1369219004e+01
    746.0000000000   2.1356795746e+01   0.0000000000e+00   2.1418356580e+01
    747.0000000000   2.1401636650e+01   0.0000000000e+00   2.1466024507e+01
    748.0000000000   2.1445418228e+01   0.0000000000e+00   2.1512734890e+01
    749.0000000000   2.1488550169e+01   0.0000000000e+00   2.1558715387e+01
    750.0000000000   2.1531196610e+01   0.0000000000e+00   2.1604097699e+01
    751.0000000000   2.1573445400e+01   0.0000000000e+00   2.1648968691e+01
    752.0000000000   2.1615351356e+01   0.0000000000e+00   2.1693390378e+01
    753.0000000000   2.1665527789e+01   0.0000000000e+00   2.1746427054e+01
    754.0000000000   2.1710403277e+01   0.0000000000e+00   2.1802832892e+01
    755.0000000000   2.1754196181e+01   0.0000000000e+00   2.1852750682e+01
    756.0000000000   2.1797322268e+01   0.0000000000e+00   2.1901037243e+01
    757.0000000000   2.1848525665e+01   0.0000000000e+00   2.1948294592e+01
    758.0000000000   2.1902873943e+01   0.0000000000e+00   2.1994785822e+01
    759.0000000000   2.1951022207e+01   0.0000000000e+00   2.2049676354e+01
    760.0000000000   2.1997605641e+01   0.0000000000e+00   2.2098761103e+01
    761.0000000000   2.2043206442e+01   0.0000000000e+00   2.2146519638e+01
    762.0000000000   2.2088080699e+01   0.0000000000e+00   2.2202437822e+01
    763.0000000000   2.2132372629e+01   0.0000000000e+00   2.2252415969e+01
    764.0000000000   2.2176174707e+01   0.0000000000e+00   2.2300980926e+01
    765.0000000000   2.2236702557e+01   0.0000000000e+00   2.2348626168e+01
    766.0000000000   2.2286805368e+01   0.0000000000e+00   2.2395567043e+01
    767.0000000000   2.2334913574e+01   0.0000000000e+00   2.2441926856e+01
    768.0000000000   2.2381853418e+01   0.0000000000e+00   2.2496804186e+01
    769.0000000000   2.2436532904e+01   0.0000000000e+00   2.2545956886e+01
    770.0000000000   2.2485530866e+01   0.0000000000e+00   2.2593841925e+01
    771.0000000000   2.2533154937e+01   0.0000000000e+00   2.2640912853e+01
    772.0000000000   2.2579879278e+01   0.0000000000e+00   2.2687359875e+01
    773.0000000000   2.2625913215e+01   0.0000000000e+00   2.2733289357e+01
    774.0000000000   2.2671377767e+01   0.0000000000e+00   2.2778770295e+01
    775.0000000000   2.2716352970e+01   0.0000000000e+00   2.2823851689e+01
    776.0000000000   2.2760896223e+01   0.0000000000e+00   2.2877588105e+01
    777.0000000000   2.2805050980e+01   0.0000000000e+00   2.2925708696e+01
    778.0000000000   2.2857427070e+01   0.0000000000e+00   2.2981668045e+01
    779.0000000000   2.2913028722e+01   0.0000000000e+00   2.3031605139e+01
    780.0000000000   2.2962476799e+01   0.0000000000e+00   2.3080112442e+01
    781.0000000000   2.3010386372e+01   0.0000000000e+00   2.3136724526e+01
    782.0000000000   2.3057327163e+01   0.0000000000e+00   2.3187365937e+01
    783.0000000000   2.3103547234e+01   0.0000000000e+00   2.3236576690e+01
    784.0000000000   2.3149185501e+01   0.0000000000e+00   2.3284857852e+01
    785.0000000000   2.3202906522e+01   0.0000000000e+00   2.3332429325e+01
    786.0000000000   2.3251173150e+01   0.0000000000e+00   2.3388434812e+01
    787.0000000000   2.3306803823e+01   0.0000000000e+00   2.3438657086e+01
    788.0000000000   2.3365209083e+01   0.0000000000e+00   2.3496585969e+01
    789.0000000000   2.3417169453e+01   0.0000000000e+00   2.3548385063e+01
    790.0000000000   2.3467382906e+01   0.0000000000e+00   2.3598664802e+01
    791.0000000000   2.3516468902e+01   0.0000000000e+00   2.3647955748e+01
    792.0000000000   2.3581859418e+01   0.0000000000e+00   2.3696492966e+01
    793.0000000000   2.3636517949e+01   0.0000000000e+00   2.3744411541e+01
    794.0000000000   2.3688944100e+01   0.0000000000e+00   2.3800817685e+01
    795.0000000000   2.3740009797e+01   0.0000000000e+00   2.3860492097e+01
    796.0000000000   2.3798655147e+01   0.0000000000e+00   2.3913595564e+01
    797.0000000000   2.3851482611e+01   0.0000000000e+00   2.3964997772e+01
    798.0000000000   2.3902817848e+01   0.0000000000e+00   2.4015310325e+01
    799.0000000000   2.3953149175e+01   0.0000000000e+00   2.4064803700e+01
    800.0000000000   2.4011272925e+01   0.0000000000e+00   2.4113631567e+01
    801.0000000000   2.4063720330e+01   0.0000000000e+00   2.4161893544e+01
    802.0000000000   2.4114776198e+01   0.0000000000e+00   2.4209659796e+01
    803.0000000000   2.4164903160e+01   0.0000000000e+00   2.4266000244e+01
    804.0000000000   2.4214304709e+01   0.0000000000e+00   2.4316655600e+01
    805.0000000000   2.4263099093e+01   0.0000000000e+00   2.4366071818e+01
    806.0000000000   2.4311365309e+01   0.0000000000e+00   2.4414694982e+01
    807.0000000000   2.4367736341e+01   0.0000000000e+00   2.4462710024e+01
    808.0000000000   2.4418657065e+01   0.0000000000e+00   2.4510219467e+01
    809.0000000000   2.4468359559e+01   0.0000000000e+00   2.4557289432e+01
    810.0000000000   2.4517271267e+01   0.0000000000e+00   2.4603966720e+01
    811.0000000000   2.4565570752e+01   0.0000000000e+00   2.4650286596e+01
    812.0000000000   2.4613357816e+01   0.0000000000e+00   2.4696276840e+01
    813.0000000000   2.4660697343e+01   0.0000000000e+00   2.4741960065e+01
    814.0000000000   2.4716211247e+01   0.0000000000e+00   2.4787355151e+01
    815.0000000000   2.4774911158e+01   0.0000000000e+00   2.4832478172e+01
    816.0000000000   2.4827422802e+01   0.0000000000e+00   2.4877343039e+01
    817.0000000000   2.4878364638e+01   0.0000000000e+00   2.4921961942e+01
    818.0000000000   2.4928308878e+01   0.0000000000e+00   2.4966345686e+01
    819.0000000000   2.4977505499e+01   0.0000000000e+00   2.5010503934e+01
    820.0000000000   2.5034670580e+01   0.0000000000e+00   2.5054445394e+01
    821.0000000000   2.5086295205e+01   0.0000000000e+00   2.5098177971e+01
    822.0000000000   2.5136639429e+01   0.0000000000e+00   2.5159744065e+01
    823.0000000000   2.5186148674e+01   0.0000000000e+00   2.5210550350e+01
    824.0000000000   2.5235013566e+01   0.0000000000e+00   2.5259429533e+01
    825.0000000000   2.5283342283e+01   0.0000000000e+00   2.5307225692e+01
    826.0000000000   2.5331205679e+01   0.0000000000e+00   2.5354268838e+01
    827.0000000000   2.5378654380e+01   0.0000000000e+00   2.5400730425e+01
    828.0000000000   2.5425726725e+01   0.0000000000e+00   2.5446713978e+01
    829.0000000000   2.5481028601e+01   0.0000000000e+00   2.5492288259e+01
    830.0000000000   2.5530985524e+01   0.0000000000e+00   2.5537502090e+01
    831.0000000000   2.5579815034e+01   0.0000000000e+00   2.5582391882e+01
    832.0000000000   2.5627933248e+01   0.0000000000e+00   2.5626985847e+01
    833.0000000000   2.5675509647e+01   0.0000000000e+00   2.5671306512e+01
    834.0000000000   2.5731212225e+01   0.0000000000e+00   2.5724389908e+01
    835.0000000000   2.5781500545e+01   0.0000000000e+00   2.5780969049e+01
    836.0000000000   2.5839188265e+01   0.0000000000e+00   2.5831170342e+01
    837.0000000000   2.5891105554e+01   0.0000000000e+00   2.5888855168e+01
    838.0000000000   2.5941627776e+01   0.0000000000e+00   2.5940314982e+01
    839.0000000000   2.5991252186e+01   0.0000000000e+00   2.5999235011e+01
    840.0000000000   2.6040196382e+01   0.0000000000e+00   2.6051874967e+01
    841.0000000000   2.6088583918e+01   0.0000000000e+00   2.6102899171e+01
    842.0000000000   2.6136494980e+01   0.0000000000e+00   2.6152871005e+01
    843.0000000000   2.6183986103e+01   0.0000000000e+00   2.6211064307e+01
    844.0000000000   2.6231099487e+01   0.0000000000e+00   2.6263328444e+01
    845.0000000000   2.6277867965e+01   0.0000000000e+00   2.6323192838e+01
    846.0000000000   2.6324317908e+01   0.0000000000e+00   2.6376846866e+01
    847.0000000000   2.6370471030e+01   0.0000000000e+00   2.6428918788e+01
    848.0000000000   2.6416345578e+01   0.0000000000e+00   2.6497987224e+01
    849.0000000000   2.6461957139e+01   0.0000000000e+00   2.6555696894e+01
    850.0000000000   2.6507319216e+01   0.0000000000e+00   2.6611016836e+01
    851.0000000000   2.6552443643e+01   0.0000000000e+00   2.6673897433e+01
    852.0000000000   2.6597340899e+01   0.0000000000e+00   2.6730431112e+01
    853.0000000000   2.6642020342e+01   0.0000000000e+00   2.6785248864e+01
    854.0000000000   2.6686490392e+01   0.0000000000e+00   2.6838909015e+01
    855.0000000000   2.6730758680e+01   0.0000000000e+00   2.6891670891e+01
    856.0000000000   2.6774832160e+01   0.0000000000e+00   2.6943689418e+01
    857.0000000000   2.6827292831e+01   0.0000000000e+00   2.6995069307e+01
    858.0000000000   2.6883123071e+01   0.0000000000e+00   2.7045886766e+01
    859.0000000000   2.6932926185e+01   0.0000000000e+00   2.7096200075e+01
    860.0000000000   2.6981302872e+01   0.0000000000e+00   2.7146055424e+01
    861.0000000000   2.7028810902e+01   0.0000000000e+00   2.7195490420e+01
    862.0000000000   2.7075688270e+01   0.0000000000e+00   2.7244536343e+01
    863.0000000000   2.7122065322e+01   0.0000000000e+00   2.7293219656e+01
    864.0000000000   2.7168023610e+01   0.0000000000e+00   2.7341563066e+01
    865.0000000000   2.7213618711e+01   0.0000000000e+00   2.7389586293e+01
    866.0000000000   2.7258890845e+01   0.0000000000e+00   2.7446324227e+01
    867.0000000000   2.7303870461e+01   0.0000000000e+00   2.7497492203e+01
    868.0000000000   2.7348581428e+01   0.0000000000e+00   2.7547517175e+01
    869.0000000000   2.7401618616e+01   0.0000000000e+00   2.7596830613e+01
    870.0000000000   2.7449398777e+01   0.0000000000e+00   2.7645605970e+01
    871.0000000000   2.7496132252e+01   0.0000000000e+00   2.7693936578e+01
    872.0000000000   2.7542229101e+01   0.0000000000e+00   2.7741881086e+01
    873.0000000000   2.7587853607e+01   0.0000000000e+00   2.7789480139e+01
    874.0000000000   2.7633093612e+01   0.0000000000e+00   2.7836763868e+01
    875.0000000000   2.7686579440e+01   0.0000000000e+00   2.7883755725e+01
    876.0000000000   2.7743325089e+01   0.0000000000e+00   2.7930474642e+01
    877.0000000000   2.7793955882e+01   0.0000000000e+00   2.7976936341e+01
    878.0000000000   2.7860239820e+01   0.0000000000e+00   2.8023154168e+01
    879.0000000000   2.7915548540e+01   0.0000000000e+00   2.8078157249e+01
    880.0000000000   2.7968523410e+01   0.0000000000e+00   2.8127655719e+01
    881.0000000000   2.8020099529e+01   0.0000000000e+00   2.8185089442e+01
    882.0000000000   2.8070673274e+01   0.0000000000e+00   2.8236585695e+01
    883.0000000000   2.8120463508e+01   0.0000000000e+00   2.8286727420e+01
    884.0000000000   2.8169608601e+01   0.0000000000e+00   2.8336023720e+01
    885.0000000000   2.8218203705e+01   0.0000000000e+00   2.8393710092e+01
    886.0000000000   2.8266318148e+01   0.0000000000e+00   2.8454625239e+01
    887.0000000000   2.8322580256e+01   0.0000000000e+00   2.8508959507e+01
    888.0000000000   2.8373432293e+01   0.0000000000e+00   2.8561598736e+01
    889.0000000000   2.8423104603e+01   0.0000000000e+00   2.8613163684e+01
    890.0000000000   2.8472023291e+01   0.0000000000e+00   2.8663930051e+01
    891.0000000000   2.8520365753e+01   0.0000000000e+00   2.8714054421e+01
    892.0000000000   2.8568230706e+01   0.0000000000e+00   2.8763637918e+01
    893.0000000000   2.8615681997e+01   0.0000000000e+00   2.8812751334e+01
    894.0000000000   2.8662764892e+01   0.0000000000e+00   2.8861447066e+01
    895.0000000000   2.8709513517e+01   0.0000000000e+00   2.8909765517e+01
    896.0000000000   2.8764530370e+01   0.0000000000e+00   2.8957738836e+01
    897.0000000000   2.8822813806e+01   0.0000000000e+00   2.9014410840e+01
    898.0000000000   2.8874979910e+01   0.0000000000e+00   2.9065503383e+01
    899.0000000000   2.8925639805e+01   0.0000000000e+00   2.9115448244e+01
    900.0000000000   2.8983935545e+01   0.0000000000e+00   2.9164680497e+01
    901.0000000000   2.9036513285e+01   0.0000000000e+00   2.9213376303e+01
    902.0000000000   2.9087706562e+01   0.0000000000e+00   2.9261631041e+01
    903.0000000000   2.9146576544e+01   0.0000000000e+00   2.9309504900e+01
    904.0000000000   2.9216889983e+01   0.0000000000e+00   2.9384092461e+01
    905.0000000000   2.9275769090e+01   0.0000000000e+00   2.9442524800e+01
    906.0000000000   2.9340663196e+01   0.0000000000e+00   2.9507083501e+01
    907.0000000000   2.9398982588e+01   0.0000000000e+00   2.9564745625e+01
    908.0000000000   2.9472506878e+01   0.0000000000e+00   2.9620427652e+01
    909.0000000000   2.9534675795e+01   0.0000000000e+00   2.9674812191e+01
    910.0000000000   2.9602765407e+01   0.0000000000e+00   2.9728221697e+01
    911.0000000000   2.9672733846e+01   0.0000000000e+00   2.9789863912e+01
    912.0000000000   2.9735611881e+01   0.0000000000e+00   2.9845564481e+01
    913.0000000000   2.9804818711e+01   0.0000000000e+00   2.9899825846e+01
    914.0000000000   2.9867470169e+01   0.0000000000e+00   2.9953133728e+01
    915.0000000000   2.9936686959e+01   0.0000000000e+00   3.0014719602e+01
    916.0000000000   2.9999480298e+01   0.0000000000e+00   3.0088443014e+01
    917.0000000000   3.0068921227e+01   0.0000000000e+00   3.0159217882e+01
    918.0000000000   3.0131993429e+01   0.0000000000e+00   3.0222050145e+01
    919.0000000000   3.0201751154e+01   0.0000000000e+00   3.0282399844e+01
    920.0000000000   3.0265167161e+01   0.0000000000e+00   3.0350148292e+01
    921.0000000000   3.0326712623e+01   0.0000000000e+00   3.0429438890e+01
    922.0000000000   3.0386954155e+01   0.0000000000e+00   3.0496324307e+01
    923.0000000000   3.0446162113e+01   0.0000000000e+00   3.0560207802e+01
    924.0000000000   3.0513077240e+01   0.0000000000e+00   3.0622201689e+01
    925.0000000000   3.0574214217e+01   0.0000000000e+00   3.0682797166e+01
    926.0000000000   3.0633854321e+01   0.0000000000e+00   3.0742274706e+01
    927.0000000000   3.0692461697e+01   0.0000000000e+00   3.0809834522e+01
    928.0000000000   3.0750243395e+01   0.0000000000e+00   3.0871305539e+01
    929.0000000000   3.0815897640e+01   0.0000000000e+00   3.0931197164e+01
    930.0000000000   3.0875908867e+01   0.0000000000e+00   3.0990003170e+01
    931.0000000000   3.0934535925e+01   0.0000000000e+00   3.1047945544e+01
    932.0000000000   3.1000801417e+01   0.0000000000e+00   3.1105156362e+01
    933.0000000000   3.1061299797e+01   0.0000000000e+00   3.1161725814e+01
    934.0000000000   3.1120339856e+01   0.0000000000e+00   3.1217720643e+01
    935.0000000000   3.1178395010e+01   0.0000000000e+00   3.1273192881e+01
    936.0000000000   3.1235674254e+01   0.0000000000e+00   3.1328184576e+01
    937.0000000000   3.1292299003e+01   0.0000000000e+00   3.1382730613e+01
    938.0000000000   3.1348350303e+01   0.0000000000e+00   3.1445878118e+01
    939.0000000000   3.1412462642e+01   0.0000000000e+00   3.1503352511e+01
    940.0000000000   3.1471082118e+01   0.0000000000e+00   3.1559589222e+01
    941.0000000000   3.1528441877e+01   0.0000000000e+00   3.1615026940e+01
    942.0000000000   3.1584970357e+01   0.0000000000e+00   3.1669845353e+01
    943.0000000000   3.1640847061e+01   0.0000000000e+00   3.1733160823e+01
    944.0000000000   3.1696172703e+01   0.0000000000e+00   3.1790736809e+01
    945.0000000000   3.1751013058e+01   0.0000000000e+00   3.1847031506e+01
    946.0000000000   3.1805415279e+01   0.0000000000e+00   3.1902498051e+01
    947.0000000000   3.1867990966e+01   0.0000000000e+00   3.1957325686e+01
    948.0000000000   3.1925169677e+01   0.0000000000e+00   3.2020637296e+01
    949.0000000000   3.1981172018e+01   0.0000000000e+00   3.2078200900e+01
    950.0000000000   3.2036416577e+01   0.0000000000e+00   3.2143495525e+01
    951.0000000000   3.2091074906e+01   0.0000000000e+00   3.2202676670e+01
    952.0000000000   3.2145241163e+01   0.0000000000e+00   3.2260348579e+01
    953.0000000000   3.2198975626e+01   0.0000000000e+00   3.2317037003e+01
    954.0000000000   3.2252320768e+01   0.0000000000e+00   3.2381990817e+01
    955.0000000000   3.2313884161e+01   0.0000000000e+00   3.2441042128e+01
    956.0000000000   3.2370091860e+01   0.0000000000e+00   3.2498690457e+01
    957.0000000000   3.2425161400e+01   0.0000000000e+00   3.2555416163e+01
    958.0000000000   3.2488084280e+01   0.0000000000e+00   3.2620445113e+01
    959.0000000000   3.2545430522e+01   0.0000000000e+00   3.2688614109e+01
    960.0000000000   3.2601489121e+01   0.0000000000e+00   3.2750114931e+01
    961.0000000000   3.2656717078e+01   0.0000000000e+00   3.2809836310e+01
    962.0000000000   3.2719885157e+01   0.0000000000e+00   3.2877420062e+01
    963.0000000000   3.2777503788e+01   0.0000000000e+00   3.2938845537e+01
    964.0000000000   3.2833840735e+01   0.0000000000e+00   3.2998686194e+01
    965.0000000000   3.2889344527e+01   0.0000000000e+00   3.3057465798e+01
    966.0000000000   3.2944206863e+01   0.0000000000e+00   3.3115420756e+01
    967.0000000000   3.2998536039e+01   0.0000000000e+00   3.3172689776e+01
    968.0000000000   3.3052402574e+01   0.0000000000e+00   3.3229365563e+01
    969.0000000000   3.3105856547e+01   0.0000000000e+00   3.3285515133e+01
    970.0000000000   3.3158935660e+01   0.0000000000e+00   3.3341189553e+01
    971.0000000000   3.3211669516e+01   0.0000000000e+00   3.3396429238e+01
    972.0000000000   3.3264082102e+01   0.0000000000e+00   3.3460284692e+01
    973.0000000000   3.3333344601e+01   0.0000000000e+00   3.3527500939e+01
    974.0000000000   3.3392275657e+01   0.0000000000e+00   3.3588214546e+01
    975.0000000000   3.3449283798e+01   0.0000000000e+00   3.3647278025e+01
    976.0000000000   3.3505179032e+01   0.0000000000e+00   3.3705290391e+01
    977.0000000000   3.3560281384e+01   0.0000000000e+00   3.3762512646e+01
    978.0000000000   3.3614759210e+01   0.0000000000e+00   3.3819091172e+01
    979.0000000000   3.3668715556e+01   0.0000000000e+00   3.3875119883e+01
    980.0000000000   3.3730795459e+01   0.0000000000e+00   3.3930664412e+01
    981.0000000000   3.3787449765e+01   0.0000000000e+00   3.3985773441e+01
    982.0000000000   3.3842913236e+01   0.0000000000e+00   3.4040484693e+01
    983.0000000000   3.3897614166e+01   0.0000000000e+00   3.4094828391e+01
    984.0000000000   3.3960306540e+01   0.0000000000e+00   3.4148829392e+01
    985.0000000000   3.4026065869e+01   0.0000000000e+00   3.4202508578e+01
    986.0000000000   3.4085553782e+01   0.0000000000e+00   3.4255883792e+01
    987.0000000000   3.4143410914e+01   0.0000000000e+00   3.4317988095e+01
    988.0000000000   3.4200224080e+01   0.0000000000e+00   3.4374535087e+01
    989.0000000000   3.4256253331e+01   0.0000000000e+00   3.4438967690e+01
    990.0000000000   3.4311646317e+01   0.0000000000e+00   3.4497415904e+01
    991.0000000000   3.4366498523e+01   0.0000000000e+00   3.4563482695e+01
    992.0000000000   3.4420876965e+01   0.0000000000e+00   3.4623379376e+01
    993.0000000000   3.4474831423e+01   0.0000000000e+00   3.4681739125e+01
    994.0000000000   3.4536976072e+01   0.0000000000e+00   3.4739104028e+01
    995.0000000000   3.4610893866e+01   0.0000000000e+00   3.4795715113e+01
    996.0000000000   3.4673608826e+01   0.0000000000e+00   3.4851710473e+01
    997.0000000000   3.4733934743e+01   0.0000000000e+00   3.4916197703e+01
    998.0000000000   3.4792841340e+01   0.0000000000e+00   3.4974940364e+01
    999.0000000000   3.4850732152e+01   0.0000000000e+00   3.5032399144e+01
   1000.0000000000   3.4907826151e+01   0.0000000000e+00   3.5098047646e+01
   1001.0000000000   3.4964260018e+01   0.0000000000e+00   3.5157777749e+01
   1002.0000000000   3.5020126970e+01   0.0000000000e+00   3.5216110233e+01
   1003.0000000000   3.5084070247e+01   0.0000000000e+00   3.5273534050e+01
   1004.0000000000   3.5142542042e+01   0.0000000000e+00   3.5339278665e+01
   1005.0000000000   3.5199779666e+01   0.0000000000e+00   3.5399164678e+01
   1006.0000000000   3.5256214338e+01   0.0000000000e+00   3.5457684189e+01
   1007.0000000000   3.5312027353e+01   0.0000000000e+00   3.5515312452e+01
   1008.0000000000   3.5375896133e+01   0.0000000000e+00   3.5572254042e+01
   1009.0000000000   3.5451439160e+01   0.0000000000e+00   3.5628625341e+01
   1010.0000000000   3.5515702541e+01   0.0000000000e+00   3.5693520200e+01
   1011.0000000000   3.5577514827e+01   0.0000000000e+00   3.5761710675e+01
   1012.0000000000   3.5646431788e+01   0.0000000000e+00   3.5823351249e+01
   1013.0000000000   3.5709265526e+01   0.0000000000e+00   3.5883306850e+01
   1014.0000000000   3.5770437865e+01   0.0000000000e+00   3.5942185398e+01
   1015.0000000000   3.5830488746e+01   0.0000000000e+00   3.6000254444e+01
   1016.0000000000   3.5889669495e+01   0.0000000000e+00   3.6057665297e+01
   1017.0000000000   3.5948129938e+01   0.0000000000e+00   3.6114515640e+01
   1018.0000000000   3.6005970945e+01   0.0000000000e+00   3.6170874027e+01
   1019.0000000000   3.6071841232e+01   0.0000000000e+00   3.6226791434e+01
   1020.0000000000   3.6132197342e+01   0.0000000000e+00   3.6291324989e+01
   1021.0000000000   3.6191280219e+01   0.0000000000e+00   3.6350206390e+01
   1022.0000000000   3.6249524197e+01   0.0000000000e+00   3.6407874959e+01
   1023.0000000000   3.6307113284e+01   0.0000000000e+00   3.6464771724e+01
   1024.0000000000   3.6364151656e+01   0.0000000000e+00   3.6521077668e+01
   1025.0000000000   3.6420707765e+01   0.0000000000e+00   3.6576892152e+01
   1026.0000000000   3.6476830834e+01   0.0000000000e+00   3.6632278719e+01
   1027.0000000000   3.6532558434e+01   0.0000000000e+00   3.6687282036e+01
   1028.0000000000   3.6587920473e+01   0.0000000000e+00   3.6741935580e+01
   1029.0000000000   3.6642941504e+01   0.0000000000e+00   3.6796265611e+01
   1030.0000000000   3.6697642158e+01   0.0000000000e+00   3.6850293443e+01
   1031.0000000000   3.6752040098e+01   0.0000000000e+00   3.6904036830e+01
   1032.0000000000   3.6806150668e+01   0.0000000000e+00   3.6957510869e+01
   1033.0000000000   3.6859987363e+01   0.0000000000e+00   3.7010728612e+01
   1034.0000000000   3.6913562167e+01   0.0000000000e+00   3.7063701495e+01
   1035.0000000000   3.6966885823e+01   0.0000000000e+00   3.7116439653e+01
   1036.0000000000   3.7019968024e+01   0.0000000000e+00   3.7168952151e+01
   1037.0000000000   3.7072817577e+01   0.0000000000e+00   3.7230264760e+01
   1038.0000000000   3.7125442529e+01   0.0000000000e+00   3.7286084930e+01
   1039.0000000000   3.7186425897e+01   0.0000000000e+00   3.7340832749e+01
   1040.0000000000   3.7242175378e+01   0.0000000000e+00   3.7394933665e+01
   1041.0000000000   3.7305469908e+01   0.0000000000e+00   3.7448555809e+01
   1042.0000000000   3.7363114900e+01   0.0000000000e+00   3.7501787794e+01
   1043.0000000000   3.7428042868e+01   0.0000000000e+00   3.7554684056e+01
   1044.0000000000   3.7487137669e+01   0.0000000000e+00   3.7607281462e+01
   1045.0000000000   3.7544802560e+01   0.0000000000e+00   3.7659606742e+01
   1046.0000000000   3.7601550562e+01   0.0000000000e+00   3.7720697867e+01
   1047.0000000000   3.7657608676e+01   0.0000000000e+00   3.7785288600e+01
   1048.0000000000   3.7713106262e+01   0.0000000000e+00   3.7843505452e+01
   1049.0000000000   3.7768127153e+01   0.0000000000e+00   3.7900191968e+01
   1050.0000000000   3.7822730189e+01   0.0000000000e+00   3.7955939153e+01
   1051.0000000000   3.7876959010e+01   0.0000000000e+00   3.8011000831e+01
   1052.0000000000   3.7930847319e+01   0.0000000000e+00   3.8065516931e+01
   1053.0000000000   3.7984421971e+01   0.0000000000e+00   3.8119575549e+01
   1054.0000000000   3.8046280539e+01   0.0000000000e+00   3.8173237045e+01
   1055.0000000000   3.8102842200e+01   0.0000000000e+00   3.8226545314e+01
   1056.0000000000   3.8166895099e+01   0.0000000000e+00   3.8288551301e+01
   1057.0000000000   3.8225252130e+01   0.0000000000e+00   3.8344981259e+01
   1058.0000000000   3.8282276338e+01   0.0000000000e+00   3.8400269680e+01
   1059.0000000000   3.8347031441e+01   0.0000000000e+00   3.8454853282e+01
   1060.0000000000   3.8406128878e+01   0.0000000000e+00   3.8508909174e+01
   1061.0000000000   3.8463883633e+01   0.0000000000e+00   3.8562533222e+01
   1062.0000000000   3.8520770051e+01   0.0000000000e+00   3.8615785796e+01
   1063.0000000000   3.8576995368e+01   0.0000000000e+00   3.8668708677e+01
   1064.0000000000   3.8632677858e+01   0.0000000000e+00   3.8730350291e+01
   1065.0000000000   3.8687894743e+01   0.0000000000e+00   3.8786434499e+01
   1066.0000000000   3.8742700754e+01   0.0000000000e+00   3.8850411277e+01
   1067.0000000000   3.8797136902e+01   0.0000000000e+00   3.8917433148e+01
   1068.0000000000   3.8851235176e+01   0.0000000000e+00   3.8977789005e+01
   1069.0000000000   3.8905021308e+01   0.0000000000e+00   3.9045423511e+01
   1070.0000000000   3.8958516499e+01   0.0000000000e+00   3.9106677541e+01
   1071.0000000000   3.9020314190e+01   0.0000000000e+00   3.9166250881e+01
   1072.0000000000   3.9076830469e+01   0.0000000000e+00   3.9224725511e+01
   1073.0000000000   3.9132275494e+01   0.0000000000e+00   3.9291386237e+01
   1074.0000000000   3.9195635078e+01   0.0000000000e+00   3.9352089456e+01
   1075.0000000000   3.9253474704e+01   0.0000000000e+00   3.9420369380e+01
   1076.0000000000   3.9310079644e+01   0.0000000000e+00   3.9482418810e+01
   1077.0000000000   3.9374479396e+01   0.0000000000e+00   3.9551886139e+01
   1078.0000000000   3.9441842918e+01   0.0000000000e+00   3.9615016768e+01
   1079.0000000000   3.9502875291e+01   0.0000000000e+00   3.9676470191e+01
   1080.0000000000   3.9562240866e+01   0.0000000000e+00   3.9736809273e+01
   1081.0000000000   3.9620540723e+01   0.0000000000e+00   3.9796291748e+01
   1082.0000000000   3.9678044068e+01   0.0000000000e+00   3.9855069357e+01
   1083.0000000000   3.9743480325e+01   0.0000000000e+00   3.9922260983e+01
   1084.0000000000   3.9803350129e+01   0.0000000000e+00   3.9983639631e+01
   1085.0000000000   3.9870496161e+01   0.0000000000e+00   4.0043673966e+01
   1086.0000000000   3.9931769948e+01   0.0000000000e+00   4.0102826797e+01
   1087.0000000000   3.9991563068e+01   0.0000000000e+00   4.0161295813e+01
   1088.0000000000   4.0050385386e+01   0.0000000000e+00   4.0228211127e+01
   1089.0000000000   4.0108464508e+01   0.0000000000e+00   4.0289346888e+01
   1090.0000000000   4.0165932064e+01   0.0000000000e+00   4.0349169724e+01
   1091.0000000000   4.0222874844e+01   0.0000000000e+00   4.0408139509e+01
   1092.0000000000   4.0279354855e+01   0.0000000000e+00   4.0466450922e+01
   1093.0000000000   4.0343994502e+01   0.0000000000e+00   4.0524213681e+01
   1094.0000000000   4.0403231368e+01   0.0000000000e+00   4.0581499404e+01
   1095.0000000000   4.0461292113e+01   0.0000000000e+00   4.0638359215e+01
   1096.0000000000   4.0518599939e+01   0.0000000000e+00   4.0694831856e+01
   1097.0000000000   4.0575329948e+01   0.0000000000e+00   4.0750947951e+01
   1098.0000000000   4.0631579035e+01   0.0000000000e+00   4.0806732484e+01
   1099.0000000000   4.0687409594e+01   0.0000000000e+00   4.0862206329e+01
   1100.0000000000   4.0742865730e+01   0.0000000000e+00   4.0917387265e+01
   1101.0000000000   4.0797980637e+01   0.0000000000e+00   4.0972290664e+01
   1102.0000000000   4.0852780435e+01   0.0000000000e+00   4.1026929989e+01
   1103.0000000000   4.0915861996e+01   0.0000000000e+00   4.1081317156e+01
   1104.0000000000   4.0973643920e+01   0.0000000000e+00   4.1135462805e+01
   1105.0000000000   4.1030338283e+01   0.0000000000e+00   4.1189376509e+01
   1106.0000000000   4.1086356782e+01   0.0000000000e+00   4.1243066943e+01
   1107.0000000000   4.1141865249e+01   0.0000000000e+00   4.1296542008e+01
   1108.0000000000   4.1196952988e+01   0.0000000000e+00   4.1358826537e+01
   1109.0000000000   4.1251676075e+01   0.0000000000e+00   4.1415627215e+01
   1110.0000000000   4.1314648928e+01   0.0000000000e+00   4.1471363498e+01
   1111.0000000000   4.1372301099e+01   0.0000000000e+00   4.1526460306e+01
   1112.0000000000   4.1437427452e+01   0.0000000000e+00   4.1590102921e+01
   1113.0000000000   4.1496845412e+01   0.0000000000e+00   4.1648079605e+01
   1114.0000000000   4.1554921179e+01   0.0000000000e+00   4.1704857771e+01
   1115.0000000000   4.1612145111e+01   0.0000000000e+00   4.1760893220e+01
   1116.0000000000   4.1668729424e+01   0.0000000000e+00   4.1816374818e+01
   1117.0000000000   4.1724793356e+01   0.0000000000e+00   4.1871406009e+01
   1118.0000000000   4.1780413543e+01   0.0000000000e+00   4.1926052221e+01
   1119.0000000000   4.1835643551e+01   0.0000000000e+00   4.1980358704e+01
   1120.0000000000   4.1890523049e+01   0.0000000000e+00   4.2034358729e+01
   1121.0000000000   4.1953658317e+01   0.0000000000e+00   4.2088077875e+01
   1122.0000000000   4.2011474705e+01   0.0000000000e+00   4.2141536493e+01
   1123.0000000000   4.2068189251e+01   0.0000000000e+00   4.2194751212e+01
   1124.0000000000   4.2132793004e+01   0.0000000000e+00   4.2247735920e+01
   1125.0000000000   4.2191855518e+01   0.0000000000e+00   4.2300502426e+01
   1126.0000000000   4.2249665289e+01   0.0000000000e+00   4.2353060923e+01
   1127.0000000000   4.2306678771e+01   0.0000000000e+00   4.2405420319e+01
   1128.0000000000   4.2363090520e+01   0.0000000000e+00   4.2457588487e+01
   1129.0000000000   4.2427585099e+01   0.0000000000e+00   4.2509572449e+01
   1130.0000000000   4.2486633524e+01   0.0000000000e+00   4.2588431298e+01
   1131.0000000000   4.2544482007e+01   0.0000000000e+00   4.2660288422e+01
   1132.0000000000   4.2601565835e+01   0.0000000000e+00   4.2724088965e+01
   1133.0000000000   4.2658067867e+01   0.0000000000e+00   4.2785508647e+01
   1134.0000000000   4.2714090110e+01   0.0000000000e+00   4.2845458222e+01
   1135.0000000000   4.2769698376e+01   0.0000000000e+00   4.2904353981e+01
   1136.0000000000   4.2833514705e+01   0.0000000000e+00   4.2962431406e+01
   1137.0000000000   4.2891974729e+01   0.0000000000e+00   4.3019840203e+01
   1138.0000000000   4.2949302601e+01   0.0000000000e+00   4.3085700675e+01
   1139.0000000000   4.3005918900e+01   0.0000000000e+00   4.3145787250e+01
   1140.0000000000   4.3061996174e+01   0.0000000000e+00   4.3204569375e+01
   1141.0000000000   4.3117628919e+01   0.0000000000e+00   4.3262510014e+01
   1142.0000000000   4.3172877305e+01   0.0000000000e+00   4.3319806531e+01
   1143.0000000000   4.3227783394e+01   0.0000000000e+00   4.3385588371e+01
   1144.0000000000   4.3282378509e+01   0.0000000000e+00   4.3445628791e+01
   1145.0000000000   4.3336687061e+01   0.0000000000e+00   4.3504393387e+01
   1146.0000000000   4.3390728728e+01   0.0000000000e+00   4.3562340918e+01
   1147.0000000000   4.3453095424e+01   0.0000000000e+00   4.3619664909e+01
   1148.0000000000   4.3518777421e+01   0.0000000000e+00   4.3676473916e+01
   1149.0000000000   4.3578384428e+01   0.0000000000e+00   4.3732838404e+01
   1150.0000000000   4.3636522409e+01   0.0000000000e+00   4.3788808368e+01
   1151.0000000000   4.3693753533e+01   0.0000000000e+00   4.3862456636e+01
   1152.0000000000   4.3750319497e+01   0.0000000000e+00   4.3925212824e+01
   1153.0000000000   4.3806353800e+01   0.0000000000e+00   4.3985927497e+01
   1154.0000000000   4.3870516330e+01   0.0000000000e+00   4.4045458978e+01
   1155.0000000000   4.3929265889e+01   0.0000000000e+00   4.4113166459e+01
   1156.0000000000   4.3986841735e+01   0.0000000000e+00   4.4174931001e+01
   1157.0000000000   4.4043674769e+01   0.0000000000e+00   4.4235277457e+01
   1158.0000000000   4.4099944851e+01   0.0000000000e+00   4.4294700608e+01
   1159.0000000000   4.4155751810e+01   0.0000000000e+00   4.4362435067e+01
   1160.0000000000   4.4228311058e+01   0.0000000000e+00   4.4424305578e+01
   1161.0000000000   4.4290469457e+01   0.0000000000e+00   4.4493825084e+01
   1162.0000000000   4.4350654683e+01   0.0000000000e+00   4.4557171410e+01
   1163.0000000000   4.4409690324e+01   0.0000000000e+00   4.4618964430e+01
   1164.0000000000   4.4476481998e+01   0.0000000000e+00   4.4679741315e+01
   1165.0000000000   4.4537606449e+01   0.0000000000e+00   4.4739741954e+01
   1166.0000000000   4.4597369489e+01   0.0000000000e+00   4.4808122654e+01
   1167.0000000000   4.4664819330e+01   0.0000000000e+00   4.4870674868e+01
   1168.0000000000   4.4735140437e+01   0.0000000000e+00   4.4931877186e+01
   1169.0000000000   4.4799050514e+01   0.0000000000e+00   4.4992198050e+01
   1170.0000000000   4.4861224211e+01   0.0000000000e+00   4.5060856042e+01
   1171.0000000000   4.4922271086e+01   0.0000000000e+00   4.5132683248e+01
   1172.0000000000   4.4982467385e+01   0.0000000000e+00   4.5197868265e+01
   1173.0000000000   4.5041972820e+01   0.0000000000e+00   4.5261297577e+01
   1174.0000000000   4.5100892151e+01   0.0000000000e+00   4.5323593767e+01
   1175.0000000000   4.5167875342e+01   0.0000000000e+00   4.5385034917e+01
   1176.0000000000   4.5229378945e+01   0.0000000000e+00   4.5445780214e+01
   1177.0000000000   4.5289643318e+01   0.0000000000e+00   4.5505933425e+01
   1178.0000000000   4.5349101928e+01   0.0000000000e+00   4.5574585517e+01
   1179.0000000000   4.5407937793e+01   0.0000000000e+00   4.5637491385e+01
   1180.0000000000   4.5466254062e+01   0.0000000000e+00   4.5699107074e+01
   1181.0000000000   4.5524118162e+01   0.0000000000e+00   4.5759886141e+01
   1182.0000000000   4.5598729577e+01   0.0000000000e+00   4.5820019239e+01
   1183.0000000000   4.5662926687e+01   0.0000000000e+00   4.5879613387e+01
   1184.0000000000   4.5725132486e+01   0.0000000000e+00   4.5938738313e+01
   1185.0000000000   4.5786167986e+01   0.0000000000e+00   4.5997443767e+01
   1186.0000000000   4.5846361836e+01   0.0000000000e+00   4.6055767457e+01
   1187.0000000000   4.5914464933e+01   0.0000000000e+00   4.6113739217e+01
   1188.0000000000   4.5985562485e+01   0.0000000000e+00   4.6171383404e+01
   1189.0000000000   4.6050326469e+01   0.0000000000e+00   4.6228720394e+01
   1190.0000000000   4.6113406451e+01   0.0000000000e+00   4.6285767556e+01
   1191.0000000000   4.6175396625e+01   0.0000000000e+00   4.6342539926e+01
   1192.0000000000   4.6236563101e+01   0.0000000000e+00   4.6399050685e+01
   1193.0000000000   4.6305634166e+01   0.0000000000e+00   4.6464329099e+01
   1194.0000000000   4.6369110357e+01   0.0000000000e+00   4.6524085631e+01
   1195.0000000000   4.6431259208e+01   0.0000000000e+00   4.6582742981e+01
   1196.0000000000   4.6492532151e+01   0.0000000000e+00   4.6640728881e+01
   1197.0000000000   4.6553124717e+01   0.0000000000e+00   4.6698213481e+01
   1198.0000000000   4.6613149129e+01   0.0000000000e+00   4.6755287181e+01
   1199.0000000000   4.6672679619e+01   0.0000000000e+00   4.6812006010e+01
   1200.0000000000   4.6731769660e+01   0.0000000000e+00   4.6868408267e+01
   1201.0000000000   4.6790460006e+01   0.0000000000e+00   4.6933539559e+01
   1202.0000000000   4.6848782985e+01   0.0000000000e+00   4.6993121454e+01
   1203.0000000000   4.6915340639e+01   0.0000000000e+00   4.7051584452e+01
   1204.0000000000   4.6976555933e+01   0.0000000000e+00   4.7118379503e+01
   1205.0000000000   4.7036644665e+01   0.0000000000e+00   4.7188398510e+01
   1206.0000000000   4.7096021738e+01   0.0000000000e+00   4.7251848293e+01
   1207.0000000000   4.7154855773e+01   0.0000000000e+00   4.7313619737e+01
   1208.0000000000   4.7213238516e+01   0.0000000000e+00   4.7374334526e+01
   1209.0000000000   4.7271228196e+01   0.0000000000e+00   4.7434267716e+01
   1210.0000000000   4.7337441143e+01   0.0000000000e+00   4.7493574675e+01
   1211.0000000000   4.7398308618e+01   0.0000000000e+00   4.7552355144e+01
   1212.0000000000   4.7458051384e+01   0.0000000000e+00   4.7610678548e+01
   1213.0000000000   4.7517087367e+01   0.0000000000e+00   4.7677613590e+01
   1214.0000000000   4.7575587016e+01   0.0000000000e+00   4.7738899521e+01
   1215.0000000000   4.7633643161e+01   0.0000000000e+00   4.7798980722e+01
   1216.0000000000   4.7691314637e+01   0.0000000000e+00   4.7858301669e+01
   1217.0000000000   4.7757218064e+01   0.0000000000e+00   4.7917045707e+01
   1218.0000000000   4.7817784790e+01   0.0000000000e+00   4.7975313812e+01
   1219.0000000000   4.7877235530e+01   0.0000000000e+00   4.8042188209e+01
   1220.0000000000   4.7935988071e+01   0.0000000000e+00   4.8112431897e+01
   1221.0000000000   4.7994212670e+01   0.0000000000e+00   4.8176192120e+01
   1222.0000000000   4.8052001924e+01   0.0000000000e+00   4.8238327891e+01
   1223.0000000000   4.8117990049e+01   0.0000000000e+00   4.8299442206e+01
   1224.0000000000   4.8178618658e+01   0.0000000000e+00   4.8359798459e+01
   1225.0000000000   4.8246690578e+01   0.0000000000e+00   4.8428561988e+01
   1226.0000000000   4.8309028813e+01   0.0000000000e+00   4.8491527416e+01
   1227.0000000000   4.8370003642e+01   0.0000000000e+00   4.8562191487e+01
   1228.0000000000   4.8430108515e+01   0.0000000000e+00   4.8626722029e+01
   1229.0000000000   4.8489558053e+01   0.0000000000e+00   4.8689732134e+01
   1230.0000000000   4.8557049040e+01   0.0000000000e+00   4.8751754058e+01
   1231.0000000000   4.8619060548e+01   0.0000000000e+00   4.8813023953e+01
   1232.0000000000   4.8679844423e+01   0.0000000000e+00   4.8873677588e+01
   1233.0000000000   4.8748415699e+01   0.0000000000e+00   4.8942821597e+01
   1234.0000000000   4.8811361234e+01   0.0000000000e+00   4.9006219320e+01
   1235.0000000000   4.8872982463e+01   0.0000000000e+00   4.9068331627e+01
   1236.0000000000   4.8933745799e+01   0.0000000000e+00   4.9129614920e+01
   1237.0000000000   4.9002429278e+01   0.0000000000e+00   4.9190261547e+01
   1238.0000000000   4.9065549027e+01   0.0000000000e+00   4.9250379518e+01
   1239.0000000000   4.9127377339e+01   0.0000000000e+00   4.9310039102e+01
   1240.0000000000   4.9188366373e+01   0.0000000000e+00   4.9369290307e+01
   1241.0000000000   4.9248710769e+01   0.0000000000e+00   4.9428170906e+01
   1242.0000000000   4.9308521216e+01   0.0000000000e+00   4.9486710671e+01
   1243.0000000000   4.9376445823e+01   0.0000000000e+00   4.9544933815e+01
   1244.0000000000   4.9438937164e+01   0.0000000000e+00   4.9602860509e+01
   1245.0000000000   4.9500231267e+01   0.0000000000e+00   4.9660507884e+01
   1246.0000000000   4.9560757498e+01   0.0000000000e+00   4.9717890715e+01
   1247.0000000000   4.9620695170e+01   0.0000000000e+00   4.9775021908e+01
   1248.0000000000   4.9680144147e+01   0.0000000000e+00   4.9831912856e+01
   1249.0000000000   4.9739168968e+01   0.0000000000e+00   4.9888573713e+01
   1250.0000000000   4.9797815316e+01   0.0000000000e+00   4.9945013597e+01
   1251.0000000000   4.9864693198e+01   0.0000000000e+00   5.0010258343e+01
   1252.0000000000   4.9926230514e+01   0.0000000000e+00   5.0070015476e+01
   1253.0000000000   4.9986646194e+01   0.0000000000e+00   5.0128705156e+01
   1254.0000000000   5.0054932786e+01   0.0000000000e+00   5.0186752895e+01
   1255.0000000000   5.0117661081e+01   0.0000000000e+00   5.0253344481e+01
   1256.0000000000   5.0179120633e+01   0.0000000000e+00   5.0323286195e+01
   1257.0000000000   5.0248344452e+01   0.0000000000e+00   5.0386745841e+01
   1258.0000000000   5.0311928802e+01   0.0000000000e+00   5.0448592836e+01
   1259.0000000000   5.0374180363e+01   0.0000000000e+00   5.0509435529e+01
   1260.0000000000   5.0435568608e+01   0.0000000000e+00   5.0569539974e+01
   1261.0000000000   5.0504873419e+01   0.0000000000e+00   5.0629055077e+01
   1262.0000000000   5.0568612067e+01   0.0000000000e+00   5.0688075732e+01
   1263.0000000000   5.0631057564e+01   0.0000000000e+00   5.0746667594e+01
   1264.0000000000   5.0692662528e+01   0.0000000000e+00   5.0822913944e+01
   1265.0000000000   5.0762197521e+01   0.0000000000e+00   5.0888251597e+01
   1266.0000000000   5.0834749936e+01   0.0000000000e+00   5.0951536186e+01
   1267.0000000000   5.0900990257e+01   0.0000000000e+00   5.1022647262e+01
   1268.0000000000   5.0965565917e+01   0.0000000000e+00   5.1087629091e+01
   1269.0000000000   5.1029069080e+01   0.0000000000e+00   5.1151077947e+01
   1270.0000000000   5.1091764090e+01   0.0000000000e+00   5.1213526026e+01
   1271.0000000000   5.1153802099e+01   0.0000000000e+00   5.1284229930e+01
   1272.0000000000   5.1215281485e+01   0.0000000000e+00   5.1349028392e+01
   1273.0000000000   5.1276271689e+01   0.0000000000e+00   5.1412426206e+01
   1274.0000000000   5.1336824538e+01   0.0000000000e+00   5.1474907827e+01
   1275.0000000000   5.1396980323e+01   0.0000000000e+00   5.1536684688e+01
   1276.0000000000   5.1456771351e+01   0.0000000000e+00   5.1597878395e+01
   1277.0000000000   5.1524799802e+01   0.0000000000e+00   5.1667586851e+01
   1278.0000000000   5.1596064440e+01   0.0000000000e+00   5.1740585301e+01
   1279.0000000000   5.1661182100e+01   0.0000000000e+00   5.1807030765e+01
   1280.0000000000   5.1741916070e+01   0.0000000000e+00   5.1880807809e+01
   1281.0000000000   5.1811635495e+01   0.0000000000e+00   5.1948226029e+01
   1282.0000000000   5.1878980596e+01   0.0000000000e+00   5.2013967631e+01
   1283.0000000000   5.1953461793e+01   0.0000000000e+00   5.2078604242e+01
   1284.0000000000   5.2021876562e+01   0.0000000000e+00   5.2151414427e+01
   1285.0000000000   5.2088641311e+01   0.0000000000e+00   5.2218250795e+01
   1286.0000000000   5.2171445084e+01   0.0000000000e+00   5.2283627715e+01
   1287.0000000000   5.2243340095e+01   0.0000000000e+00   5.2348036682e+01
   1288.0000000000   5.2312869805e+01   0.0000000000e+00   5.2411694558e+01
   1289.0000000000   5.2380932265e+01   0.0000000000e+00   5.2483744882e+01
   1290.0000000000   5.2447909328e+01   0.0000000000e+00   5.2549971560e+01
   1291.0000000000   5.2514014997e+01   0.0000000000e+00   5.2614848518e+01
   1292.0000000000   5.2579387259e+01   0.0000000000e+00   5.2678841232e+01
   1293.0000000000   5.2644123026e+01   0.0000000000e+00   5.2742148765e+01
   1294.0000000000   5.2708294397e+01   0.0000000000e+00   5.2804884329e+01
   1295.0000000000   5.2771957272e+01   0.0000000000e+00   5.2867122376e+01
   1296.0000000000   5.2835156368e+01   0.0000000000e+00   5.2937933945e+01
   1297.0000000000   5.2897928334e+01   0.0000000000e+00   5.3012077324e+01
   1298.0000000000   5.2960303801e+01   0.0000000000e+00   5.3088715678e+01
   1299.0000000000   5.3022308783e+01   0.0000000000e+00   5.3167425496e+01
   1300.0000000000   5.3083965674e+01   0.0000000000e+00   5.3238923745e+01
   1301.0000000000   5.3145293969e+01   0.0000000000e+00   5.3308307388e+01
   1302.0000000000   5.3206310807e+01   0.0000000000e+00   5.3376307019e+01
   1303.0000000000   5.3267031387e+01   0.0000000000e+00   5.3443264231e+01
   1304.0000000000   5.3327469285e+01   0.0000000000e+00   5.3509378988e+01
   1305.0000000000   5.3387636712e+01   0.0000000000e+00   5.3574782924e+01
   1306.0000000000   5.3447544711e+01   0.0000000000e+00   5.3639569379e+01
   1307.0000000000   5.3507203327e+01   0.0000000000e+00   5.3703808059e+01
   1308.0000000000   5.3566621738e+01   0.0000000000e+00   5.3767553069e+01
   1309.0000000000   5.3625808364e+01   0.0000000000e+00   5.3839865260e+01
   1310.0000000000   5.3684770965e+01   0.0000000000e+00   5.3906480077e+01
   1311.0000000000   5.3752092344e+01   0.0000000000e+00   5.3971840387e+01
   1312.0000000000   5.3822755669e+01   0.0000000000e+00   5.4045408074e+01
   1313.0000000000   5.3895940646e+01   0.0000000000e+00   5.4113067107e+01
   1314.0000000000   5.3962649603e+01   0.0000000000e+00   5.4179332822e+01
   1315.0000000000   5.4027638032e+01   0.0000000000e+00   5.4253707972e+01
   1316.0000000000   5.4091543287e+01   0.0000000000e+00   5.4322101800e+01
   1317.0000000000   5.4154650795e+01   0.0000000000e+00   5.4389046317e+01
   1318.0000000000   5.4217121940e+01   0.0000000000e+00   5.4455038234e+01
   1319.0000000000   5.4279059953e+01   0.0000000000e+00   5.4529312668e+01
   1320.0000000000   5.4349111915e+01   0.0000000000e+00   5.4597694521e+01
   1321.0000000000   5.4422306631e+01   0.0000000000e+00   5.4664679287e+01
   1322.0000000000   5.4489281884e+01   0.0000000000e+00   5.4730744974e+01
   1323.0000000000   5.4554664787e+01   0.0000000000e+00   5.4796098452e+01
   1324.0000000000   5.4619033867e+01   0.0000000000e+00   5.4860858049e+01
   1325.0000000000   5.4691219396e+01   0.0000000000e+00   5.4925101703e+01
   1326.0000000000   5.4766341823e+01   0.0000000000e+00   5.4988885322e+01
   1327.0000000000   5.4843667473e+01   0.0000000000e+00   5.5061268952e+01
   1328.0000000000   5.4914257919e+01   0.0000000000e+00   5.5127986190e+01
   1329.0000000000   5.4982911486e+01   0.0000000000e+00   5.5202495299e+01
   1330.0000000000   5.5050297777e+01   0.0000000000e+00   5.5270938352e+01
   1331.0000000000   5.5116727264e+01   0.0000000000e+00   5.5337910444e+01
   1332.0000000000   5.5182381260e+01   0.0000000000e+00   5.5403930827e+01
   1333.0000000000   5.5247379171e+01   0.0000000000e+00   5.5469226000e+01
   1334.0000000000   5.5311805796e+01   0.0000000000e+00   5.5542942010e+01
   1335.0000000000   5.5375724591e+01   0.0000000000e+00   5.5610862281e+01
   1336.0000000000   5.5439184905e+01   0.0000000000e+00   5.5677459019e+01
   1337.0000000000   5.5502226263e+01   0.0000000000e+00   5.5743195511e+01
   1338.0000000000   5.5564881077e+01   0.0000000000e+00   5.5808268536e+01
   1339.0000000000   5.5627176436e+01   0.0000000000e+00   5.5881806685e+01
   1340.0000000000   5.5689135340e+01   0.0000000000e+00   5.5958599952e+01
   1341.0000000000   5.5750777579e+01   0.0000000000e+00   5.6028813211e+01
   1342.0000000000   5.5812120377e+01   0.0000000000e+00   5.6097317920e+01
   1343.0000000000   5.5873178872e+01   0.0000000000e+00   5.6173743950e+01
   1344.0000000000   5.5933966482e+01   0.0000000000e+00   5.6253079529e+01
   1345.0000000000   5.6003070823e+01   0.0000000000e+00   5.6325591522e+01
   1346.0000000000   5.6075479185e+01   0.0000000000e+00   5.6396211806e+01
   1347.0000000000   5.6141799201e+01   0.0000000000e+00   5.6465591829e+01
   1348.0000000000   5.6215211031e+01   0.0000000000e+00   5.6534029255e+01
   1349.0000000000   5.6291252378e+01   0.0000000000e+00   5.6601697209e+01
   1350.0000000000   5.6360762178e+01   0.0000000000e+00   5.6668709757e+01
   1351.0000000000   5.6428469194e+01   0.0000000000e+00   5.6735148122e+01
   1352.0000000000   5.6495010551e+01   0.0000000000e+00   5.6801073305e+01
   1353.0000000000   5.6560677696e+01   0.0000000000e+00   5.6866532941e+01
   1354.0000000000   5.6625639143e+01   0.0000000000e+00   5.6931565351e+01
   1355.0000000000   5.6698580541e+01   0.0000000000e+00   5.7005219688e+01
   1356.0000000000   5.6791707189e+01   0.0000000000e+00   5.7073222467e+01
   1357.0000000000   5.6868476349e+01   0.0000000000e+00   5.7140009579e+01
   1358.0000000000   5.6941922212e+01   0.0000000000e+00   5.7206019752e+01
   1359.0000000000   5.7013430670e+01   0.0000000000e+00   5.7271432419e+01
   1360.0000000000   5.7083573134e+01   0.0000000000e+00   5.7345363494e+01
   1361.0000000000   5.7152658347e+01   0.0000000000e+00   5.7422593453e+01
   1362.0000000000   5.7229454134e+01   0.0000000000e+00   5.7493279854e+01
   1363.0000000000   5.7317643404e+01   0.0000000000e+00   5.7562288425e+01
   1364.0000000000   5.7394319515e+01   0.0000000000e+00   5.7630226885e+01
   1365.0000000000   5.7476922322e+01   0.0000000000e+00   5.7706379750e+01
   1366.0000000000   5.7561436118e+01   0.0000000000e+00   5.7776597571e+01
   1367.0000000000   5.7638891883e+01   0.0000000000e+00   5.7845390518e+01
   1368.0000000000   5.7714127764e+01   0.0000000000e+00   5.7913245579e+01
   1369.0000000000   5.7787852593e+01   0.0000000000e+00   5.7989392976e+01
   1370.0000000000   5.7860408926e+01   0.0000000000e+00   5.8059654895e+01
   1371.0000000000   5.7932003758e+01   0.0000000000e+00   5.8137542786e+01
   1372.0000000000   5.8002777220e+01   0.0000000000e+00   5.8227268801e+01
   1373.0000000000   5.8072831083e+01   0.0000000000e+00   5.8313870007e+01
   1374.0000000000   5.8142242903e+01   0.0000000000e+00   5.8392410017e+01
   1375.0000000000   5.8211073908e+01   0.0000000000e+00   5.8468380436e+01
   1376.0000000000   5.8279373755e+01   0.0000000000e+00   5.8542664055e+01
   1377.0000000000   5.8347183589e+01   0.0000000000e+00   5.8615681426e+01
   1378.0000000000   5.8414538097e+01   0.0000000000e+00   5.8687680306e+01
   1379.0000000000   5.8498618204e+01   0.0000000000e+00   5.8758824145e+01
   1380.0000000000   5.8572251361e+01   0.0000000000e+00   5.8829228875e+01
   1381.0000000000   5.8643854036e+01   0.0000000000e+00   5.8907998602e+01
   1382.0000000000   5.8714243391e+01   0.0000000000e+00   5.8980900401e+01
   1383.0000000000   5.8783745909e+01   0.0000000000e+00   5.9061418676e+01
   1384.0000000000   5.8852535784e+01   0.0000000000e+00   5.9135716381e+01
   1385.0000000000   5.8920721354e+01   0.0000000000e+00   5.9208405599e+01
   1386.0000000000   5.8988376833e+01   0.0000000000e+00   5.9280019624e+01
   1387.0000000000   5.9055556564e+01   0.0000000000e+00   5.9350796719e+01
   1388.0000000000   5.9122302306e+01   0.0000000000e+00   5.9420875310e+01
   1389.0000000000   5.9188647350e+01   0.0000000000e+00   5.9490347337e+01
   1390.0000000000   5.9263194619e+01   0.0000000000e+00   5.9577314266e+01
   1391.0000000000   5.9332367888e+01   0.0000000000e+00   5.9653226652e+01
   1392.0000000000   5.9400383708e+01   0.0000000000e+00   5.9726951136e+01
   1393.0000000000   5.9467657689e+01   0.0000000000e+00   5.9799358844e+01
   1394.0000000000   5.9534359127e+01   0.0000000000e+00   5.9870801865e+01
   1395.0000000000   5.9600580408e+01   0.0000000000e+00   5.9941470021e+01
   1396.0000000000   5.9666380384e+01   0.0000000000e+00   6.0011482355e+01
   1397.0000000000   5.9740375982e+01   0.0000000000e+00   6.0089938511e+01
   1398.0000000000   5.9808999043e+01   0.0000000000e+00   6.0162598836e+01
   1399.0000000000   5.9876470892e+01   0.0000000000e+00   6.0233923094e+01
   1400.0000000000   5.9943210000e+01   0.0000000000e+00   6.0304367566e+01
   1401.0000000000   6.0017962976e+01   0.0000000000e+00   6.0374125020e+01
   1402.0000000000   6.0104375305e+01   0.0000000000e+00   6.0452321784e+01
   1403.0000000000   6.0188080716e+01   0.0000000000e+00   6.0524729062e+01
   1404.0000000000   6.0264314235e+01   0.0000000000e+00   6.0604828757e+01
   1405.0000000000   6.0346831177e+01   0.0000000000e+00   6.0687796531e+01
   1406.0000000000   6.0422843300e+01   0.0000000000e+00   6.0763938938e+01
   1407.0000000000   6.0496927025e+01   0.0000000000e+00   6.0838197060e+01
   1408.0000000000   6.0578276856e+01   0.0000000000e+00   6.0911223198e+01
   1409.0000000000   6.0670742818e+01   0.0000000000e+00   6.0983313421e+01
   1410.0000000000   6.0751503555e+01   0.0000000000e+00   6.1063656253e+01
   1411.0000000000   6.0829473251e+01   0.0000000000e+00   6.1138063626e+01
   1412.0000000000   6.0914267227e+01   0.0000000000e+00   6.1220045719e+01
   1413.0000000000   6.0992741134e+01   0.0000000000e+00   6.1295781106e+01
   1414.0000000000   6.1069349844e+01   0.0000000000e+00   6.1387926880e+01
   1415.0000000000   6.1153234729e+01   0.0000000000e+00   6.1477440319e+01
   1416.0000000000   6.1239644241e+01   0.0000000000e+00   6.1559090483e+01
   1417.0000000000   6.1319342868e+01   0.0000000000e+00   6.1638270288e+01
   1418.0000000000   6.1405616649e+01   0.0000000000e+00   6.1715817483e+01
   1419.0000000000   6.1485504274e+01   0.0000000000e+00   6.1792128500e+01
   1420.0000000000   6.1563501880e+01   0.0000000000e+00   6.1867436854e+01
   1421.0000000000   6.1648762404e+01   0.0000000000e+00   6.1941897018e+01
   1422.0000000000   6.1727961824e+01   0.0000000000e+00   6.2024636588e+01
   1423.0000000000   6.1805464239e+01   0.0000000000e+00   6.2110455654e+01
   1424.0000000000   6.1881782732e+01   0.0000000000e+00   6.2189531772e+01
   1425.0000000000   6.1965731559e+01   0.0000000000e+00   6.2266748964e+01
   1426.0000000000   6.2052431481e+01   0.0000000000e+00   6.2342731104e+01
   1427.0000000000   6.2132579462e+01   0.0000000000e+00   6.2417759224e+01
   1428.0000000000   6.2210844555e+01   0.0000000000e+00   6.2491996137e+01
   1429.0000000000   6.2287836957e+01   0.0000000000e+00   6.2565549442e+01
   1430.0000000000   6.2363836315e+01   0.0000000000e+00   6.2638496315e+01
   1431.0000000000   6.2439006949e+01   0.0000000000e+00   6.2719912878e+01
   1432.0000000000   6.2522034328e+01   0.0000000000e+00   6.2795545367e+01
   1433.0000000000   6.2599398847e+01   0.0000000000e+00   6.2869844681e+01
   1434.0000000000   6.2675358258e+01   0.0000000000e+00   6.2943261354e+01
   1435.0000000000   6.2750359483e+01   0.0000000000e+00   6.3025001937e+01
   1436.0000000000   6.2824596405e+01   0.0000000000e+00   6.3100872641e+01
   1437.0000000000   6.2898181233e+01   0.0000000000e+00   6.3184373817e+01
   1438.0000000000   6.2971189127e+01   0.0000000000e+00   6.3261674565e+01
   1439.0000000000   6.3043675041e+01   0.0000000000e+00   6.3337388642e+01
   1440.0000000000   6.3115681525e+01   0.0000000000e+00   6.3430084097e+01
   1441.0000000000   6.3187242870e+01   0.0000000000e+00   6.3511397846e+01
   1442.0000000000   6.3258387533e+01   0.0000000000e+00   6.3590293107e+01
   1443.0000000000   6.3329139656e+01   0.0000000000e+00   6.3676715906e+01
   1444.0000000000   6.3399520077e+01   0.0000000000e+00   6.3756755404e+01
   1445.0000000000   6.3469547038e+01   0.0000000000e+00   6.3835040153e+01
   1446.0000000000   6.3539236686e+01   0.0000000000e+00   6.3912126666e+01
   1447.0000000000   6.3617179081e+01   0.0000000000e+00   6.3988272952e+01
   1448.0000000000   6.3689788106e+01   0.0000000000e+00   6.4072650591e+01
   1449.0000000000   6.3761272552e+01   0.0000000000e+00   6.4151063681e+01
   1450.0000000000   6.3832041845e+01   0.0000000000e+00   6.4228001328e+01
   1451.0000000000   6.3902260273e+01   0.0000000000e+00   6.4303940810e+01
   1452.0000000000   6.3980591755e+01   0.0000000000e+00   6.4379090629e+01
   1453.0000000000   6.4053492634e+01   0.0000000000e+00   6.4453571724e+01
   1454.0000000000   6.4125198376e+01   0.0000000000e+00   6.4536482586e+01
   1455.0000000000   6.4196136218e+01   0.0000000000e+00   6.4613582157e+01
   1456.0000000000   6.4266482887e+01   0.0000000000e+00   6.4689329120e+01
   1457.0000000000   6.4344911287e+01   0.0000000000e+00   6.4764179036e+01
   1458.0000000000   6.4417884428e+01   0.0000000000e+00   6.4838324256e+01
   1459.0000000000   6.4489642835e+01   0.0000000000e+00   6.4911873324e+01
   1460.0000000000   6.4577768909e+01   0.0000000000e+00   6.4984897384e+01
   1461.0000000000   6.4655244204e+01   0.0000000000e+00   6.5057447527e+01
   1462.0000000000   6.4747713682e+01   0.0000000000e+00   6.5129562742e+01
   1463.0000000000   6.4828840520e+01   0.0000000000e+00   6.5201274086e+01
   1464.0000000000   6.4907372662e+01   0.0000000000e+00   6.5281624687e+01
   1465.0000000000   6.4984299598e+01   0.0000000000e+00   6.5356336075e+01
   1466.0000000000   6.5060050688e+01   0.0000000000e+00   6.5429840007e+01
   1467.0000000000   6.5134867015e+01   0.0000000000e+00   6.5502571776e+01
   1468.0000000000   6.5208903018e+01   0.0000000000e+00   6.5574707946e+01
   1469.0000000000   6.5282266066e+01   0.0000000000e+00   6.5646344440e+01
   1470.0000000000   6.5363610765e+01   0.0000000000e+00   6.5717542093e+01
   1471.0000000000   6.5439398544e+01   0.0000000000e+00   6.5788343436e+01
   1472.0000000000   6.5513874315e+01   0.0000000000e+00   6.5858780241e+01
   1473.0000000000   6.5587475631e+01   0.0000000000e+00   6.5928877414e+01
   1474.0000000000   6.5660389124e+01   0.0000000000e+00   6.5998655186e+01
   1475.0000000000   6.5732721138e+01   0.0000000000e+00   6.6068130450e+01
   1476.0000000000   6.5813117553e+01   0.0000000000e+00   6.6137317620e+01
   1477.0000000000   6.5896605617e+01   0.0000000000e+00   6.6206229209e+01
   1478.0000000000   6.5973822071e+01   0.0000000000e+00   6.6283893828e+01
   1479.0000000000   6.6049393592e+01   0.0000000000e+00   6.6356021314e+01
   1480.0000000000   6.6123898771e+01   0.0000000000e+00   6.6436051387e+01
   1481.0000000000   6.6197592691e+01   0.0000000000e+00   6.6510111288e+01
   1482.0000000000   6.6270619990e+01   0.0000000000e+00   6.6582784007e+01
   1483.0000000000   6.6343074363e+01   0.0000000000e+00   6.6663596343e+01
   1484.0000000000   6.6415021829e+01   0.0000000000e+00   6.6738466372e+01
   1485.0000000000   6.6486511696e+01   0.0000000000e+00   6.6811928665e+01
   1486.0000000000   6.6557582384e+01   0.0000000000e+00   6.6884479658e+01
   1487.0000000000   6.6628264817e+01   0.0000000000e+00   6.6956335281e+01
   1488.0000000000   6.6698584522e+01   0.0000000000e+00   6.7027618213e+01
   1489.0000000000   6.6768563007e+01   0.0000000000e+00   6.7107425811e+01
   1490.0000000000   6.6838218692e+01   0.0000000000e+00   6.7181514420e+01
   1491.0000000000   6.6916143207e+01   0.0000000000e+00   6.7254339410e+01
   1492.0000000000   6.6988751492e+01   0.0000000000e+00   6.7326352725e+01
   1493.0000000000   6.7060253025e+01   0.0000000000e+00   6.7397743019e+01
   1494.0000000000   6.7131057636e+01   0.0000000000e+00   6.7468615190e+01
   1495.0000000000   6.7209905445e+01   0.0000000000e+00   6.7539036857e+01
   1496.0000000000   6.7283285670e+01   0.0000000000e+00   6.7609055741e+01
   1497.0000000000   6.7355450702e+01   0.0000000000e+00   6.7678707634e+01
   1498.0000000000   6.7426837515e+01   0.0000000000e+00   6.7748020574e+01
   1499.0000000000   6.7497628878e+01   0.0000000000e+00   6.7817017251e+01
   1500.0000000000   6.7567926023e+01   0.0000000000e+00   6.7885716496e+01
   1501.0000000000   6.7637793768e+01   0.0000000000e+00   6.7954134249e+01
   1502.0000000000   6.7707277517e+01   0.0000000000e+00   6.8022284229e+01
   1503.0000000000   6.7776411084e+01   0.0000000000e+00   6.8090178399e+01
   1504.0000000000   6.7845220795e+01   0.0000000000e+00   6.8157827313e+01
   1505.0000000000   6.7922303481e+01   0.0000000000e+00   6.8225240372e+01
   1506.0000000000   6.7994077553e+01   0.0000000000e+00   6.8301443612e+01
   1507.0000000000   6.8064754810e+01   0.0000000000e+00   6.8372144697e+01
   1508.0000000000   6.8134746633e+01   0.0000000000e+00   6.8450781474e+01
   1509.0000000000   6.8204218522e+01   0.0000000000e+00   6.8523479551e+01
   1510.0000000000   6.8273259445e+01   0.0000000000e+00   6.8594820469e+01
   1511.0000000000   6.8341925156e+01   0.0000000000e+00   6.8665312136e+01
   1512.0000000000   6.8410254136e+01   0.0000000000e+00   6.8735171433e+01
   1513.0000000000   6.8486850397e+01   0.0000000000e+00   6.8804518556e+01
   1514.0000000000   6.8558136791e+01   0.0000000000e+00   6.8873429748e+01
   1515.0000000000   6.8636903580e+01   0.0000000000e+00   6.8950975243e+01
   1516.0000000000   6.8709964874e+01   0.0000000000e+00   6.9022893624e+01
   1517.0000000000   6.8781684390e+01   0.0000000000e+00   6.9102645289e+01
   1518.0000000000   6.8852550561e+01   0.0000000000e+00   6.9176372827e+01
   1519.0000000000   6.8922774085e+01   0.0000000000e+00   6.9248670900e+01
   1520.0000000000   6.8992472968e+01   0.0000000000e+00   6.9320057777e+01
   1521.0000000000   6.9061722835e+01   0.0000000000e+00   6.9390758659e+01
   1522.0000000000   6.9130576407e+01   0.0000000000e+00   6.9460900528e+01
   1523.0000000000   6.9199072643e+01   0.0000000000e+00   6.9530565233e+01
   1524.0000000000   6.9267241592e+01   0.0000000000e+00   6.9608827696e+01
   1525.0000000000   6.9335107203e+01   0.0000000000e+00   6.9681430454e+01
   1526.0000000000   6.9402689067e+01   0.0000000000e+00   6.9752819681e+01
   1527.0000000000   6.9470003552e+01   0.0000000000e+00   6.9823440830e+01
   1528.0000000000   6.9537064574e+01   0.0000000000e+00   6.9893477766e+01
   1529.0000000000   6.9612459768e+01   0.0000000000e+00   6.9972049308e+01
   1530.0000000000   6.9691176134e+01   0.0000000000e+00   7.0044920207e+01
   1531.0000000000   6.9772396441e+01   0.0000000000e+00   7.0116549146e+01
   1532.0000000000   6.9847125491e+01   0.0000000000e+00   7.0187389196e+01
   1533.0000000000   6.9920120780e+01   0.0000000000e+00   7.0257629146e+01
   1534.0000000000   6.9992021297e+01   0.0000000000e+00   7.0327373572e+01
   1535.0000000000   7.0063113809e+01   0.0000000000e+00   7.0405707159e+01
   1536.0000000000   7.0133560803e+01   0.0000000000e+00   7.0478377046e+01
   1537.0000000000   7.0212042043e+01   0.0000000000e+00   7.0549831697e+01
   1538.0000000000   7.0293606247e+01   0.0000000000e+00   7.0620517747e+01
   1539.0000000000   7.0368904210e+01   0.0000000000e+00   7.0690619668e+01
   1540.0000000000   7.0442572009e+01   0.0000000000e+00   7.0760239005e+01
   1541.0000000000   7.0515194603e+01   0.0000000000e+00   7.0829440634e+01
   1542.0000000000   7.0587031400e+01   0.0000000000e+00   7.0898270004e+01
   1543.0000000000   7.0658229959e+01   0.0000000000e+00   7.0966760991e+01
   1544.0000000000   7.0728885909e+01   0.0000000000e+00   7.1034940003e+01
   1545.0000000000   7.0799066504e+01   0.0000000000e+00   7.1102828321e+01
   1546.0000000000   7.0868821775e+01   0.0000000000e+00   7.1170443547e+01
   1547.0000000000   7.0938190502e+01   0.0000000000e+00   7.1237800542e+01
   1548.0000000000   7.1007203695e+01   0.0000000000e+00   7.1313929652e+01
   1549.0000000000   7.1075886775e+01   0.0000000000e+00   7.1384542006e+01
   1550.0000000000   7.1144260991e+01   0.0000000000e+00   7.1463078272e+01
   1551.0000000000   7.1220920035e+01   0.0000000000e+00   7.1544683973e+01
   1552.0000000000   7.1292280352e+01   0.0000000000e+00   7.1619642607e+01
   1553.0000000000   7.1362552508e+01   0.0000000000e+00   7.1701894601e+01
   1554.0000000000   7.1432147114e+01   0.0000000000e+00   7.1777777446e+01
   1555.0000000000   7.1501229201e+01   0.0000000000e+00   7.1861005778e+01
   1556.0000000000   7.1578463093e+01   0.0000000000e+00   7.1937859357e+01
   1557.0000000000   7.1658880907e+01   0.0000000000e+00   7.2013016837e+01
   1558.0000000000   7.1733118941e+01   0.0000000000e+00   7.2087052244e+01
   1559.0000000000   7.1805801227e+01   0.0000000000e+00   7.2160229967e+01
   1560.0000000000   7.1877502835e+01   0.0000000000e+00   7.2232705732e+01
   1561.0000000000   7.1948475048e+01   0.0000000000e+00   7.2313600772e+01
   1562.0000000000   7.2018858709e+01   0.0000000000e+00   7.2397707007e+01
   1563.0000000000   7.2097319487e+01   0.0000000000e+00   7.2475193789e+01
   1564.0000000000   7.2178896454e+01   0.0000000000e+00   7.2550937461e+01
   1565.0000000000   7.2254233555e+01   0.0000000000e+00   7.2625554882e+01
   1566.0000000000   7.2327961853e+01   0.0000000000e+00   7.2699320728e+01
   1567.0000000000   7.2400662541e+01   0.0000000000e+00   7.2772392067e+01
   1568.0000000000   7.2472592143e+01   0.0000000000e+00   7.2844871288e+01
   1569.0000000000   7.2552471599e+01   0.0000000000e+00   7.2916830842e+01
   1570.0000000000   7.2626795645e+01   0.0000000000e+00   7.2988324949e+01
   1571.0000000000   7.2699827109e+01   0.0000000000e+00   7.3068413471e+01
   1572.0000000000   7.2772013531e+01   0.0000000000e+00   7.3142830418e+01
   1573.0000000000   7.2843547167e+01   0.0000000000e+00   7.3216017081e+01
   1574.0000000000   7.2931688699e+01   0.0000000000e+00   7.3288416180e+01
   1575.0000000000   7.3009311709e+01   0.0000000000e+00   7.3360210151e+01
   1576.0000000000   7.3093437183e+01   0.0000000000e+00   7.3440517207e+01
   1577.0000000000   7.3171302229e+01   0.0000000000e+00   7.3515102006e+01
   1578.0000000000   7.3247443359e+01   0.0000000000e+00   7.3588423473e+01
   1579.0000000000   7.3322442564e+01   0.0000000000e+00   7.3660935127e+01
   1580.0000000000   7.3396569105e+01   0.0000000000e+00   7.3741843929e+01
   1581.0000000000   7.3478556706e+01   0.0000000000e+00   7.3825972730e+01
   1582.0000000000   7.3554911023e+01   0.0000000000e+00   7.3903502647e+01
   1583.0000000000   7.3638479547e+01   0.0000000000e+00   7.3988331614e+01
   1584.0000000000   7.3724693787e+01   0.0000000000e+00   7.4066777129e+01
   1585.0000000000   7.3812925707e+01   0.0000000000e+00   7.4143526277e+01
   1586.0000000000   7.3894286489e+01   0.0000000000e+00   7.4219153807e+01
   1587.0000000000   7.3973602450e+01   0.0000000000e+00   7.4302940328e+01
   1588.0000000000   7.4051561019e+01   0.0000000000e+00   7.4380739817e+01
   1589.0000000000   7.4128485025e+01   0.0000000000e+00   7.4457067572e+01
   1590.0000000000   7.4204564897e+01   0.0000000000e+00   7.4541433320e+01
   1591.0000000000   7.4279927071e+01   0.0000000000e+00   7.4619754393e+01
   1592.0000000000   7.4363237597e+01   0.0000000000e+00   7.4696570353e+01
   1593.0000000000   7.4440965431e+01   0.0000000000e+00   7.4772384513e+01
   1594.0000000000   7.4517360788e+01   0.0000000000e+00   7.4847420039e+01
   1595.0000000000   7.4592865160e+01   0.0000000000e+00   7.4921806586e+01
   1596.0000000000   7.4667668230e+01   0.0000000000e+00   7.5004647987e+01
   1597.0000000000   7.4741878775e+01   0.0000000000e+00   7.5081706504e+01
   1598.0000000000   7.4815569041e+01   0.0000000000e+00   7.5157442855e+01
   1599.0000000000   7.4897367060e+01   0.0000000000e+00   7.5232313811e+01
   1600.0000000000   7.4973713983e+01   0.0000000000e+00   7.5315529968e+01
   1601.0000000000   7.5048839031e+01   0.0000000000e+00   7.5392900166e+01
   1602.0000000000   7.5123167424e+01   0.0000000000e+00   7.5477926454e+01
   1603.0000000000   7.5196875963e+01   0.0000000000e+00   7.5556778987e+01
   1604.0000000000   7.5270063043e+01   0.0000000000e+00   7.5634072131e+01
   1605.0000000000   7.5342792415e+01   0.0000000000e+00   7.5719356635e+01
   1606.0000000000   7.5415109436e+01   0.0000000000e+00   7.5798569454e+01
   1607.0000000000   7.5487048467e+01   0.0000000000e+00   7.5876260409e+01
   1608.0000000000   7.5558636724e+01   0.0000000000e+00   7.5952938504e+01
   1609.0000000000   7.5629896482e+01   0.0000000000e+00   7.6028830191e+01
   1610.0000000000   7.5700846436e+01   0.0000000000e+00   7.6104067079e+01
   1611.0000000000   7.5771502586e+01   0.0000000000e+00   7.6178736589e+01
   1612.0000000000   7.5841878841e+01   0.0000000000e+00   7.6252901677e+01
   1613.0000000000   7.5911987449e+01   0.0000000000e+00   7.6326610205e+01
   1614.0000000000   7.5990414939e+01   0.0000000000e+00   7.6399900001e+01
   1615.0000000000   7.6063571980e+01   0.0000000000e+00   7.6481819440e+01
   1616.0000000000   7.6135664426e+01   0.0000000000e+00   7.6558094182e+01
   1617.0000000000   7.6207099005e+01   0.0000000000e+00   7.6633159265e+01
   1618.0000000000   7.6278037523e+01   0.0000000000e+00   7.6707452614e+01
   1619.0000000000   7.6348565973e+01   0.0000000000e+00   7.6781152920e+01
   1620.0000000000   7.6418737684e+01   0.0000000000e+00   7.6854357830e+01
   1621.0000000000   7.6488589142e+01   0.0000000000e+00   7.6927129593e+01
   1622.0000000000   7.6558147073e+01   0.0000000000e+00   7.7008529484e+01
   1623.0000000000   7.6627432057e+01   0.0000000000e+00   7.7084290246e+01
   1624.0000000000   7.6696460555e+01   0.0000000000e+00   7.7158850861e+01
   1625.0000000000   7.6765246132e+01   0.0000000000e+00   7.7232651407e+01
   1626.0000000000   7.6833800231e+01   0.0000000000e+00   7.7305871677e+01
   1627.0000000000   7.6910708320e+01   0.0000000000e+00   7.7378609784e+01
   1628.0000000000   7.6982379877e+01   0.0000000000e+00   7.7450928052e+01
   1629.0000000000   7.7053019506e+01   0.0000000000e+00   7.7522870005e+01
   1630.0000000000   7.7140183935e+01   0.0000000000e+00   7.7594468058e+01
   1631.0000000000   7.7216835490e+01   0.0000000000e+00   7.7674765098e+01
   1632.0000000000   7.7291452957e+01   0.0000000000e+00   7.7749481584e+01
   1633.0000000000   7.7364885832e+01   0.0000000000e+00   7.7823047774e+01
   1634.0000000000   7.7446053955e+01   0.0000000000e+00   7.7895897260e+01
   1635.0000000000   7.7521542264e+01   0.0000000000e+00   7.7968204820e+01
   1636.0000000000   7.7595661420e+01   0.0000000000e+00   7.8040064578e+01
   1637.0000000000   7.7668886896e+01   0.0000000000e+00   7.8111535607e+01
   1638.0000000000   7.7741428351e+01   0.0000000000e+00   7.8182658721e+01
   1639.0000000000   7.7813406566e+01   0.0000000000e+00   7.8253464048e+01
   1640.0000000000   7.7893476646e+01   0.0000000000e+00   7.8323974915e+01
   1641.0000000000   7.7968096132e+01   0.0000000000e+00   7.8394210049e+01
   1642.0000000000   7.8041504649e+01   0.0000000000e+00   7.8464184914e+01
   1643.0000000000   7.8114134198e+01   0.0000000000e+00   7.8542930153e+01
   1644.0000000000   7.8186166049e+01   0.0000000000e+00   7.8625174604e+01
   1645.0000000000   7.8257701527e+01   0.0000000000e+00   7.8701041381e+01
   1646.0000000000   7.8328806269e+01   0.0000000000e+00   7.8775371641e+01
   1647.0000000000   7.8399526784e+01   0.0000000000e+00   7.8848754690e+01
   1648.0000000000   7.8469898068e+01   0.0000000000e+00   7.8921443129e+01
   1649.0000000000   7.8539947604e+01   0.0000000000e+00   7.8993576010e+01
   1650.0000000000   7.8609697667e+01   0.0000000000e+00   7.9065240794e+01
   1651.0000000000   7.8679166759e+01   0.0000000000e+00   7.9136497391e+01
   1652.0000000000   7.8748370548e+01   0.0000000000e+00   7.9207389374e+01
   1653.0000000000   7.8817322517e+01   0.0000000000e+00   7.9277949882e+01
   1654.0000000000   7.8903185671e+01   0.0000000000e+00   7.9348205001e+01
   1655.0000000000   7.8978772133e+01   0.0000000000e+00   7.9418175837e+01
   1656.0000000000   7.9052485111e+01   0.0000000000e+00   7.9487879859e+01
   1657.0000000000   7.9133705826e+01   0.0000000000e+00   7.9557331789e+01
   1658.0000000000   7.9209151459e+01   0.0000000000e+00   7.9626544235e+01
   1659.0000000000   7.9291759809e+01   0.0000000000e+00   7.9695528139e+01
   1660.0000000000   7.9368430711e+01   0.0000000000e+00   7.9773310691e+01
   1661.0000000000   7.9443582577e+01   0.0000000000e+00   7.9845600430e+01
   1662.0000000000   7.9517741098e+01   0.0000000000e+00   7.9925835857e+01
   1663.0000000000   7.9591143604e+01   0.0000000000e+00   8.0000143065e+01
   1664.0000000000   7.9672503492e+01   0.0000000000e+00   8.0073103951e+01
   1665.0000000000   7.9748312380e+01   0.0000000000e+00   8.0145226680e+01
   1666.0000000000   7.9822831822e+01   0.0000000000e+00   8.0216728304e+01
   1667.0000000000   7.9896508899e+01   0.0000000000e+00   8.0296746726e+01
   1668.0000000000   7.9978111392e+01   0.0000000000e+00   8.0380075863e+01
   1669.0000000000   8.0054149664e+01   0.0000000000e+00   8.0465899297e+01
   1670.0000000000   8.0128892644e+01   0.0000000000e+00   8.0544788112e+01
   1671.0000000000   8.0211366109e+01   0.0000000000e+00   8.0621766666e+01
   1672.0000000000   8.0288164375e+01   0.0000000000e+00   8.0697523120e+01
   1673.0000000000   8.0363594410e+01   0.0000000000e+00   8.0781389103e+01
   1674.0000000000   8.0446702574e+01   0.0000000000e+00   8.0859245309e+01
   1675.0000000000   8.0524095635e+01   0.0000000000e+00   8.0935622384e+01
   1676.0000000000   8.0600088720e+01   0.0000000000e+00   8.1011021831e+01
   1677.0000000000   8.0675158219e+01   0.0000000000e+00   8.1094684490e+01
   1678.0000000000   8.0749514129e+01   0.0000000000e+00   8.1172440510e+01
   1679.0000000000   8.0823277671e+01   0.0000000000e+00   8.1248789826e+01
   1680.0000000000   8.0896528965e+01   0.0000000000e+00   8.1324214097e+01
   1681.0000000000   8.0977901122e+01   0.0000000000e+00   8.1398923144e+01
   1682.0000000000   8.1053838594e+01   0.0000000000e+00   8.1473037667e+01
   1683.0000000000   8.1128572727e+01   0.0000000000e+00   8.1546637500e+01
   1684.0000000000   8.1202530081e+01   0.0000000000e+00   8.1619780059e+01
   1685.0000000000   8.1275888258e+01   0.0000000000e+00   8.1701526585e+01
   1686.0000000000   8.1357321702e+01   0.0000000000e+00   8.1777611619e+01
   1687.0000000000   8.1433295207e+01   0.0000000000e+00   8.1852476562e+01
   1688.0000000000   8.1508051102e+01   0.0000000000e+00   8.1926564030e+01
   1689.0000000000   8.1582022252e+01   0.0000000000e+00   8.2009073836e+01
   1690.0000000000   8.1655390042e+01   0.0000000000e+00   8.2085806360e+01
   1691.0000000000   8.1728255623e+01   0.0000000000e+00   8.2161239246e+01
   1692.0000000000   8.1800684375e+01   0.0000000000e+00   8.2235837032e+01
   1693.0000000000   8.1872722559e+01   0.0000000000e+00   8.2309796110e+01
   1694.0000000000   8.1952980594e+01   0.0000000000e+00   8.2383226461e+01
   1695.0000000000   8.2027886695e+01   0.0000000000e+00   8.2465216829e+01
   1696.0000000000   8.2101660038e+01   0.0000000000e+00   8.2550535118e+01
   1697.0000000000   8.2174717744e+01   0.0000000000e+00   8.2629332388e+01
   1698.0000000000   8.2247229898e+01   0.0000000000e+00   8.2706470706e+01
   1699.0000000000   8.2319289205e+01   0.0000000000e+00   8.2782555568e+01
   1700.0000000000   8.2390954522e+01   0.0000000000e+00   8.2857852453e+01
   1701.0000000000   8.2462266939e+01   0.0000000000e+00   8.2932510882e+01
   1702.0000000000   8.2533257058e+01   0.0000000000e+00   8.3024662159e+01
   1703.0000000000   8.2612524387e+01   0.0000000000e+00   8.3105773520e+01
   1704.0000000000   8.2695064728e+01   0.0000000000e+00   8.3184721328e+01
   1705.0000000000   8.2771491968e+01   0.0000000000e+00   8.3262382461e+01
   1706.0000000000   8.2846415339e+01   0.0000000000e+00   8.3348129971e+01
   1707.0000000000   8.2920399619e+01   0.0000000000e+00   8.3427855581e+01
   1708.0000000000   8.2993688650e+01   0.0000000000e+00   8.3506092558e+01
   1709.0000000000   8.3066417716e+01   0.0000000000e+00   8.3583342456e+01
   1710.0000000000   8.3138672593e+01   0.0000000000e+00   8.3659827854e+01
   1711.0000000000   8.3210512505e+01   0.0000000000e+00   8.3735678092e+01
   1712.0000000000   8.3281980846e+01   0.0000000000e+00   8.3810979124e+01
   1713.0000000000   8.3353110850e+01   0.0000000000e+00   8.3885792868e+01
   1714.0000000000   8.3432504478e+01   0.0000000000e+00   8.3960166392e+01
   1715.0000000000   8.3515159671e+01   0.0000000000e+00   8.4052172061e+01
   1716.0000000000   8.3600267768e+01   0.0000000000e+00   8.4133240163e+01
   1717.0000000000   8.3678840412e+01   0.0000000000e+00   8.4212222445e+01
   1718.0000000000   8.3764216300e+01   0.0000000000e+00   8.4289978629e+01
   1719.0000000000   8.3843439899e+01   0.0000000000e+00   8.4366851777e+01
   1720.0000000000   8.3920998821e+01   0.0000000000e+00   8.4443024376e+01
   1721.0000000000   8.3997457470e+01   0.0000000000e+00   8.4518609378e+01
   1722.0000000000   8.4073077182e+01   0.0000000000e+00   8.4593683687e+01
   1723.0000000000   8.4148011753e+01   0.0000000000e+00   8.4668303203e+01
   1724.0000000000   8.4222363225e+01   0.0000000000e+00   8.4742510549e+01
   1725.0000000000   8.4296204483e+01   0.0000000000e+00   8.4816339419e+01
   1726.0000000000   8.4369590298e+01   0.0000000000e+00   8.4907852392e+01
   1727.0000000000   8.4442563385e+01   0.0000000000e+00   8.4988472302e+01
   1728.0000000000   8.4515158031e+01   0.0000000000e+00   8.5067045047e+01
   1729.0000000000   8.4587402390e+01   0.0000000000e+00   8.5144425648e+01
   1730.0000000000   8.4667895648e+01   0.0000000000e+00   8.5220953316e+01
   1731.0000000000   8.4743058707e+01   0.0000000000e+00   8.5296807334e+01
   1732.0000000000   8.4817105801e+01   0.0000000000e+00   8.5381115548e+01
   1733.0000000000   8.4890450605e+01   0.0000000000e+00   8.5459652584e+01
   1734.0000000000   8.4963260739e+01   0.0000000000e+00   8.5536885665e+01
   1735.0000000000   8.5035627103e+01   0.0000000000e+00   8.5613274910e+01
   1736.0000000000   8.5107607204e+01   0.0000000000e+00   8.5689014891e+01
   1737.0000000000   8.5179241107e+01   0.0000000000e+00   8.5764214961e+01
   1738.0000000000   8.5259134253e+01   0.0000000000e+00   8.5838946209e+01
   1739.0000000000   8.5333710777e+01   0.0000000000e+00   8.5913259126e+01
   1740.0000000000   8.5415762102e+01   0.0000000000e+00   8.5987191770e+01
   1741.0000000000   8.5492103379e+01   0.0000000000e+00   8.6060774067e+01
   1742.0000000000   8.5567099264e+01   0.0000000000e+00   8.6134030301e+01
   1743.0000000000   8.5641239040e+01   0.0000000000e+00   8.6206980668e+01
   1744.0000000000   8.5714734167e+01   0.0000000000e+00   8.6279642291e+01
   1745.0000000000   8.5787703341e+01   0.0000000000e+00   8.6352029921e+01
   1746.0000000000   8.5860222810e+01   0.0000000000e+00   8.6424156430e+01
   1747.0000000000   8.5932345861e+01   0.0000000000e+00   8.6496033179e+01
   1748.0000000000   8.6004111962e+01   0.0000000000e+00   8.6567670284e+01
   1749.0000000000   8.6084127253e+01   0.0000000000e+00   8.6648094424e+01
   1750.0000000000   8.6158816982e+01   0.0000000000e+00   8.6723013840e+01
   1751.0000000000   8.6232398121e+01   0.0000000000e+00   8.6796849308e+01
   1752.0000000000   8.6313861675e+01   0.0000000000e+00   8.6870026880e+01
   1753.0000000000   8.6389777175e+01   0.0000000000e+00   8.6951732816e+01
   1754.0000000000   8.6464433103e+01   0.0000000000e+00   8.7027756226e+01
   1755.0000000000   8.6546861542e+01   0.0000000000e+00   8.7102565264e+01
   1756.0000000000   8.6632233568e+01   0.0000000000e+00   8.7176616384e+01
   1757.0000000000   8.6711256010e+01   0.0000000000e+00   8.7259116623e+01
   1758.0000000000   8.6788594684e+01   0.0000000000e+00   8.7335869961e+01
   1759.0000000000   8.6864851908e+01   0.0000000000e+00   8.7411355585e+01
   1760.0000000000   8.6940297943e+01   0.0000000000e+00   8.7486038370e+01
   1761.0000000000   8.7015087492e+01   0.0000000000e+00   8.7569131925e+01
   1762.0000000000   8.7089321090e+01   0.0000000000e+00   8.7646445469e+01
   1763.0000000000   8.7163069476e+01   0.0000000000e+00   8.7722462427e+01
   1764.0000000000   8.7236385227e+01   0.0000000000e+00   8.7797651151e+01
   1765.0000000000   8.7317884659e+01   0.0000000000e+00   8.7872210551e+01
   1766.0000000000   8.7394001130e+01   0.0000000000e+00   8.7946252246e+01
   1767.0000000000   8.7468958195e+01   0.0000000000e+00   8.8019848420e+01
   1768.0000000000   8.7543176678e+01   0.0000000000e+00   8.8093049974e+01
   1769.0000000000   8.7616829784e+01   0.0000000000e+00   8.8165894954e+01
   1770.0000000000   8.7690012866e+01   0.0000000000e+00   8.8247430611e+01
   1771.0000000000   8.7762787025e+01   0.0000000000e+00   8.8323380831e+01
   1772.0000000000   8.7835195265e+01   0.0000000000e+00   8.8407196183e+01
   1773.0000000000   8.7924421090e+01   0.0000000000e+00   8.8485012454e+01
   1774.0000000000   8.8003291558e+01   0.0000000000e+00   8.8561419468e+01
   1775.0000000000   8.8080221179e+01   0.0000000000e+00   8.8636931974e+01
   1776.0000000000   8.8164599981e+01   0.0000000000e+00   8.8711772565e+01
   1777.0000000000   8.8243152175e+01   0.0000000000e+00   8.8786066263e+01
   1778.0000000000   8.8320245658e+01   0.0000000000e+00   8.8859893419e+01
   1779.0000000000   8.8396384121e+01   0.0000000000e+00   8.8933310205e+01
   1780.0000000000   8.8471792960e+01   0.0000000000e+00   8.9006358233e+01
   1781.0000000000   8.8546602586e+01   0.0000000000e+00   8.9079069664e+01
   1782.0000000000   8.8620898816e+01   0.0000000000e+00   8.9151470176e+01
   1783.0000000000   8.8694742747e+01   0.0000000000e+00   8.9223580800e+01
   1784.0000000000   8.8768180272e+01   0.0000000000e+00   8.9295419123e+01
   1785.0000000000   8.8841247236e+01   0.0000000000e+00   8.9367000103e+01
   1786.0000000000   8.8913972483e+01   0.0000000000e+00   8.9438336643e+01
   1787.0000000000   8.8986379780e+01   0.0000000000e+00   8.9509440013e+01
   1788.0000000000   8.9058489086e+01   0.0000000000e+00   8.9580320155e+01
   1789.0000000000   8.9130317427e+01   0.0000000000e+00   8.9660003512e+01
   1790.0000000000   8.9210455157e+01   0.0000000000e+00   8.9743215643e+01
   1791.0000000000   8.9293891663e+01   0.0000000000e+00   8.9820077049e+01
   1792.0000000000   8.9371236197e+01   0.0000000000e+00   8.9895426766e+01
   1793.0000000000   8.9455670178e+01   0.0000000000e+00   8.9969852346e+01
   1794.0000000000   8.9534156661e+01   0.0000000000e+00   9.0061640105e+01
   1795.0000000000   8.9611134468e+01   0.0000000000e+00   9.0142327895e+01
   1796.0000000000   8.9687135961e+01   0.0000000000e+00   9.0220828699e+01
   1797.0000000000   8.9762400069e+01   0.0000000000e+00   9.0298039915e+01
   1798.0000000000   8.9837064182e+01   0.0000000000e+00   9.0374329047e+01
   1799.0000000000   8.9919793527e+01   0.0000000000e+00   9.0458912648e+01
   1800.0000000000   8.9997052175e+01   0.0000000000e+00   9.0537615112e+01
   1801.0000000000   9.0073084161e+01   0.0000000000e+00   9.0614934721e+01
   1802.0000000000   9.0148324585e+01   0.0000000000e+00   9.0691352392e+01
   1803.0000000000   9.0222956970e+01   0.0000000000e+00   9.0767077339e+01
   1804.0000000000   9.0305659962e+01   0.0000000000e+00   9.0851247196e+01
   1805.0000000000   9.0391477011e+01   0.0000000000e+00   9.0929641101e+01
   1806.0000000000   9.0471053538e+01   0.0000000000e+00   9.1006729006e+01
   1807.0000000000   9.0557596665e+01   0.0000000000e+00   9.1110025764e+01
   1808.0000000000   9.0646664154e+01   0.0000000000e+00   9.1214862744e+01
   1809.0000000000   9.0729110353e+01   0.0000000000e+00   9.1305990509e+01
   1810.0000000000   9.0809676157e+01   0.0000000000e+00   9.1393565428e+01
   1811.0000000000   9.0897584068e+01   0.0000000000e+00   9.1487982017e+01
   1812.0000000000   9.0979534376e+01   0.0000000000e+00   9.1575553676e+01
   1813.0000000000   9.1059899189e+01   0.0000000000e+00   9.1661039204e+01
   1814.0000000000   9.1139192716e+01   0.0000000000e+00   9.1745078243e+01
   1815.0000000000   9.1226227212e+01   0.0000000000e+00   9.1827985414e+01
   1816.0000000000   9.1316119991e+01   0.0000000000e+00   9.1909955141e+01
   1817.0000000000   9.1399563950e+01   0.0000000000e+00   9.1991121442e+01
   1818.0000000000   9.1481223863e+01   0.0000000000e+00   9.2071582939e+01
   1819.0000000000   9.1570281297e+01   0.0000000000e+00   9.2151415485e+01
   1820.0000000000   9.1653412647e+01   0.0000000000e+00   9.2230679333e+01
   1821.0000000000   9.1734975280e+01   0.0000000000e+00   9.2318441136e+01
   1822.0000000000   9.1824049585e+01   0.0000000000e+00   9.2400441666e+01
   1823.0000000000   9.1907266844e+01   0.0000000000e+00   9.2481128613e+01
   1824.0000000000   9.1988960686e+01   0.0000000000e+00   9.2560950611e+01
   1825.0000000000   9.2069621961e+01   0.0000000000e+00   9.2640095500e+01
   1826.0000000000   9.2158047910e+01   0.0000000000e+00   9.2718668811e+01
   1827.0000000000   9.2240770168e+01   0.0000000000e+00   9.2796739635e+01
   1828.0000000000   9.2322073821e+01   0.0000000000e+00   9.2874357633e+01
   1829.0000000000   9.2410997398e+01   0.0000000000e+00   9.2960578374e+01
   1830.0000000000   9.2494145565e+01   0.0000000000e+00   9.3041132209e+01
   1831.0000000000   9.2575833894e+01   0.0000000000e+00   9.3120457434e+01
   1832.0000000000   9.2656540392e+01   0.0000000000e+00   9.3217029541e+01
   1833.0000000000   9.2736477196e+01   0.0000000000e+00   9.3311446687e+01
   1834.0000000000   9.2832919127e+01   0.0000000000e+00   9.3407352194e+01
   1835.0000000000   9.2918750449e+01   0.0000000000e+00   9.3495761251e+01
   1836.0000000000   9.3002424969e+01   0.0000000000e+00   9.3590893410e+01
   1837.0000000000   9.3093361450e+01   0.0000000000e+00   9.3679230429e+01
   1838.0000000000   9.3178306085e+01   0.0000000000e+00   9.3765556646e+01
   1839.0000000000   9.3261644162e+01   0.0000000000e+00   9.3850510028e+01
   1840.0000000000   9.3343893502e+01   0.0000000000e+00   9.3943415044e+01
   1841.0000000000   9.3425291221e+01   0.0000000000e+00   9.4039175198e+01
   1842.0000000000   9.3514553247e+01   0.0000000000e+00   9.4137047534e+01
   1843.0000000000   9.3598174745e+01   0.0000000000e+00   9.4227656297e+01
   1844.0000000000   9.3680421142e+01   0.0000000000e+00   9.4316066289e+01
   1845.0000000000   9.3761743409e+01   0.0000000000e+00   9.4402997553e+01
   1846.0000000000   9.3842337471e+01   0.0000000000e+00   9.4488789936e+01
   1847.0000000000   9.3922316402e+01   0.0000000000e+00   9.4573645450e+01
   1848.0000000000   9.4010331149e+01   0.0000000000e+00   9.4657699383e+01
   1849.0000000000   9.4101412893e+01   0.0000000000e+00   9.4741049327e+01
   1850.0000000000   9.4186201512e+01   0.0000000000e+00   9.4823769355e+01
   1851.0000000000   9.4269326239e+01   0.0000000000e+00   9.4905917817e+01
   1852.0000000000   9.4351367790e+01   0.0000000000e+00   9.4987541995e+01
   1853.0000000000   9.4432583042e+01   0.0000000000e+00   9.5068681064e+01
   1854.0000000000   9.4513118168e+01   0.0000000000e+00   9.5158385663e+01
   1855.0000000000   9.4593068194e+01   0.0000000000e+00   9.5242384111e+01
   1856.0000000000   9.4672500305e+01   0.0000000000e+00   9.5325114235e+01
   1857.0000000000   9.4751464834e+01   0.0000000000e+00   9.5407016735e+01
   1858.0000000000   9.4838576744e+01   0.0000000000e+00   9.5488272987e+01
   1859.0000000000   9.4920268658e+01   0.0000000000e+00   9.5568983198e+01
   1860.0000000000   9.5000763840e+01   0.0000000000e+00   9.5649212031e+01
   1861.0000000000   9.5080483125e+01   0.0000000000e+00   9.5729005438e+01
   1862.0000000000   9.5159599959e+01   0.0000000000e+00   9.5808398262e+01
   1863.0000000000   9.5246785713e+01   0.0000000000e+00   9.5887418170e+01
   1864.0000000000   9.5328502878e+01   0.0000000000e+00   9.5966087884e+01
   1865.0000000000   9.5408992042e+01   0.0000000000e+00   9.6044426550e+01
   1866.0000000000   9.5497260380e+01   0.0000000000e+00   9.6122450626e+01
   1867.0000000000   9.5579889155e+01   0.0000000000e+00   9.6200174481e+01
   1868.0000000000   9.5661175763e+01   0.0000000000e+00   9.6277610825e+01
   1869.0000000000   9.5741583685e+01   0.0000000000e+00   9.6354771017e+01
   1870.0000000000   9.5821313184e+01   0.0000000000e+00   9.6431665296e+01
   1871.0000000000   9.5909053582e+01   0.0000000000e+00   9.6508302964e+01
   1872.0000000000   9.5991279937e+01   0.0000000000e+00   9.6584692522e+01
   1873.0000000000   9.6072241957e+01   0.0000000000e+00   9.6660841784e+01
   1874.0000000000   9.6152377992e+01   0.0000000000e+00   9.6736757965e+01
   1875.0000000000   9.6231873617e+01   0.0000000000e+00   9.6812447756e+01
   1876.0000000000   9.6310833272e+01   0.0000000000e+00   9.6896934977e+01
   1877.0000000000   9.6397900595e+01   0.0000000000e+00   9.6975925472e+01
   1878.0000000000   9.6479524880e+01   0.0000000000e+00   9.7053837991e+01
   1879.0000000000   9.6559939705e+01   0.0000000000e+00   9.7131096865e+01
   1880.0000000000   9.6639572572e+01   0.0000000000e+00   9.7207869294e+01
   1881.0000000000   9.6727177000e+01   0.0000000000e+00   9.7284243107e+01
   1882.0000000000   9.6809252644e+01   0.0000000000e+00   9.7369289668e+01
   1883.0000000000   9.6890060195e+01   0.0000000000e+00   9.7457762909e+01
   1884.0000000000   9.6970043356e+01   0.0000000000e+00   9.7539802415e+01
   1885.0000000000   9.7049390430e+01   0.0000000000e+00   9.7629278277e+01
   1886.0000000000   9.7128207256e+01   0.0000000000e+00   9.7712487922e+01
   1887.0000000000   9.7206562539e+01   0.0000000000e+00   9.7794103215e+01
   1888.0000000000   9.7284504985e+01   0.0000000000e+00   9.7874686914e+01
   1889.0000000000   9.7362071247e+01   0.0000000000e+00   9.7954492321e+01
   1890.0000000000   9.7439290104e+01   0.0000000000e+00   9.8033665344e+01
   1891.0000000000   9.7516184895e+01   0.0000000000e+00   9.8121318785e+01
   1892.0000000000   9.7592775021e+01   0.0000000000e+00   9.8203219794e+01
   1893.0000000000   9.7677652560e+01   0.0000000000e+00   9.8283831583e+01
   1894.0000000000   9.7757232574e+01   0.0000000000e+00   9.8363611965e+01
   1895.0000000000   9.7835724444e+01   0.0000000000e+00   9.8442754089e+01
   1896.0000000000   9.7913537770e+01   0.0000000000e+00   9.8530383955e+01
   1897.0000000000   9.7990836726e+01   0.0000000000e+00   9.8612271993e+01
   1898.0000000000   9.8076284904e+01   0.0000000000e+00   9.8692881464e+01
   1899.0000000000   9.8164913803e+01   0.0000000000e+00   9.8772669192e+01
   1900.0000000000   9.8247359197e+01   0.0000000000e+00   9.8869862271e+01
   1901.0000000000   9.8328244672e+01   0.0000000000e+00   9.8955967956e+01
   1902.0000000000   9.8408144925e+01   0.0000000000e+00   9.9039882177e+01
   1903.0000000000   9.8487310921e+01   0.0000000000e+00   9.9122492393e+01
   1904.0000000000   9.8565883241e+01   0.0000000000e+00   9.9204160191e+01
   1905.0000000000   9.8661102961e+01   0.0000000000e+00   9.9294098596e+01
   1906.0000000000   9.8745834226e+01   0.0000000000e+00   9.9378129952e+01
   1907.0000000000   9.8828516947e+01   0.0000000000e+00   9.9460751425e+01
   1908.0000000000   9.8909983730e+01   0.0000000000e+00   9.9551461016e+01
   1909.0000000000   9.8999147055e+01   0.0000000000e+00   9.9636167854e+01
   1910.0000000000   9.9082589029e+01   0.0000000000e+00   9.9719405433e+01
   1911.0000000000   9.9173195385e+01   0.0000000000e+00   9.9801672403e+01
   1912.0000000000   9.9266418719e+01   0.0000000000e+00   9.9883188228e+01
   1913.0000000000   9.9361643402e+01   0.0000000000e+00   9.9964079557e+01
   1914.0000000000   9.9449988250e+01   0.0000000000e+00   1.0004443014e+02
   1915.0000000000   9.9536284424e+01   0.0000000000e+00   1.0013331771e+02
   1916.0000000000   9.9629798111e+01   0.0000000000e+00   1.0021648792e+02
   1917.0000000000   9.9717255065e+01   0.0000000000e+00   1.0029839008e+02
   1918.0000000000   9.9803044039e+01   0.0000000000e+00   1.0038849028e+02
   1919.0000000000   9.9887690986e+01   0.0000000000e+00   1.0047267527e+02
   1920.0000000000   9.9971441272e+01   0.0000000000e+00   1.0055546227e+02
   1921.0000000000   1.0005444246e+02   0.0000000000e+00   1.0063733770e+02
   1922.0000000000   1.0013679496e+02   0.0000000000e+00   1.0071851165e+02
   1923.0000000000   1.0022714791e+02   0.0000000000e+00   1.0079910338e+02
   1924.0000000000   1.0031195870e+02   0.0000000000e+00   1.0088820834e+02
   1925.0000000000   1.0039546933e+02   0.0000000000e+00   1.0097158192e+02
   1926.0000000000   1.0047811522e+02   0.0000000000e+00   1.0105367914e+02
   1927.0000000000   1.0056008149e+02   0.0000000000e+00   1.0113495195e+02
   1928.0000000000   1.0064147337e+02   0.0000000000e+00   1.0121558929e+02
   1929.0000000000   1.0072236030e+02   0.0000000000e+00   1.0129569646e+02
   1930.0000000000   1.0080279243e+02   0.0000000000e+00   1.0137534160e+02
   1931.0000000000   1.0088280820e+02   0.0000000000e+00   1.0145457300e+02
   1932.0000000000   1.0097101394e+02   0.0000000000e+00   1.0153342702e+02
   1933.0000000000   1.0105383581e+02   0.0000000000e+00   1.0161193231e+02
   1934.0000000000   1.0113549212e+02   0.0000000000e+00   1.0169011214e+02
   1935.0000000000   1.0121639982e+02   0.0000000000e+00   1.0176798590e+02
   1936.0000000000   1.0129672925e+02   0.0000000000e+00   1.0184557008e+02
   1937.0000000000   1.0137657361e+02   0.0000000000e+00   1.0192287893e+02
   1938.0000000000   1.0145599242e+02   0.0000000000e+00   1.0199992492e+02
   1939.0000000000   1.0153502753e+02   0.0000000000e+00   1.0207671906e+02
   1940.0000000000   1.0161371034e+02   0.0000000000e+00   1.0215327122e+02
   1941.0000000000   1.0169206553e+02   0.0000000000e+00   1.0222959025e+02
   1942.0000000000   1.0177011321e+02   0.0000000000e+00   1.0230568419e+02
   1943.0000000000   1.0184787020e+02   0.0000000000e+00   1.0239057796e+02
   1944.0000000000   1.0192535083e+02   0.0000000000e+00   1.0246997831e+02
   1945.0000000000   1.0201114320e+02   0.0000000000e+00   1.0254830474e+02
   1946.0000000000   1.0210881040e+02   0.0000000000e+00   1.0263499976e+02
   1947.0000000000   1.0219536096e+02   0.0000000000e+00   1.0271593111e+02
   1948.0000000000   1.0227959630e+02   0.0000000000e+00   1.0280461791e+02
   1949.0000000000   1.0236247609e+02   0.0000000000e+00   1.0288723351e+02
   1950.0000000000   1.0244439561e+02   0.0000000000e+00   1.0296839017e+02
   1951.0000000000   1.0252556691e+02   0.0000000000e+00   1.0304861684e+02
   1952.0000000000   1.0260612086e+02   0.0000000000e+00   1.0312814553e+02
   1953.0000000000   1.0268614569e+02   0.0000000000e+00   1.0320710770e+02
   1954.0000000000   1.0276570476e+02   0.0000000000e+00   1.0328558820e+02
   1955.0000000000   1.0284484568e+02   0.0000000000e+00   1.0336364644e+02
   1956.0000000000   1.0292360554e+02   0.0000000000e+00   1.0344132637e+02
   1957.0000000000   1.0300201406e+02   0.0000000000e+00   1.0351866189e+02
   1958.0000000000   1.0308009563e+02   0.0000000000e+00   1.0359567997e+02
   1959.0000000000   1.0315787062e+02   0.0000000000e+00   1.0368142020e+02
   1960.0000000000   1.0324393199e+02   0.0000000000e+00   1.0376160092e+02
   1961.0000000000   1.0332469555e+02   0.0000000000e+00   1.0384065094e+02
   1962.0000000000   1.0340437130e+02   0.0000000000e+00   1.0391900282e+02
   1963.0000000000   1.0348336936e+02   0.0000000000e+00   1.0400584811e+02
   1964.0000000000   1.0356185434e+02   0.0000000000e+00   1.0408698031e+02
   1965.0000000000   1.0363991456e+02   0.0000000000e+00   1.0416687122e+02
   1966.0000000000   1.0372618091e+02   0.0000000000e+00   1.0425499798e+02
   1967.0000000000   1.0380709241e+02   0.0000000000e+00   1.0433725265e+02
   1968.0000000000   1.0389544978e+02   0.0000000000e+00   1.0441815472e+02
   1969.0000000000   1.0398664997e+02   0.0000000000e+00   1.0449819119e+02
   1970.0000000000   1.0407146274e+02   0.0000000000e+00   1.0457757178e+02
   1971.0000000000   1.0415457739e+02   0.0000000000e+00   1.0465641481e+02
   1972.0000000000   1.0423660623e+02   0.0000000000e+00   1.0473479694e+02
   1973.0000000000   1.0431782400e+02   0.0000000000e+00   1.0483080732e+02
   1974.0000000000   1.0439838740e+02   0.0000000000e+00   1.0491588628e+02
   1975.0000000000   1.0447839772e+02   0.0000000000e+00   1.0499889170e+02
   1976.0000000000   1.0455792581e+02   0.0000000000e+00   1.0508068712e+02
   1977.0000000000   1.0463702408e+02   0.0000000000e+00   1.0517063552e+02
   1978.0000000000   1.0472430850e+02   0.0000000000e+00   1.0525462079e+02
   1979.0000000000   1.0481478764e+02   0.0000000000e+00   1.0534618752e+02
   1980.0000000000   1.0489908551e+02   0.0000000000e+00   1.0543153217e+02
   1981.0000000000   1.0499039511e+02   0.0000000000e+00   1.0552430394e+02
   1982.0000000000   1.0507568879e+02   0.0000000000e+00   1.0561074779e+02
   1983.0000000000   1.0515941291e+02   0.0000000000e+00   1.0569552228e+02
   1984.0000000000   1.0524210606e+02   0.0000000000e+00   1.0577918911e+02
   1985.0000000000   1.0532401238e+02   0.0000000000e+00   1.0586200486e+02
   1986.0000000000   1.0540527364e+02   0.0000000000e+00   1.0594412015e+02
   1987.0000000000   1.0548598317e+02   0.0000000000e+00   1.0602563522e+02
   1988.0000000000   1.0557478301e+02   0.0000000000e+00   1.0610662210e+02
   1989.0000000000   1.0566669949e+02   0.0000000000e+00   1.0618713529e+02
   1990.0000000000   1.0576094497e+02   0.0000000000e+00   1.0626721761e+02
   1991.0000000000   1.0584854724e+02   0.0000000000e+00   1.0634690366e+02
   1992.0000000000   1.0593428208e+02   0.0000000000e+00   1.0642622207e+02
   1993.0000000000   1.0601880335e+02   0.0000000000e+00   1.0651421450e+02
   1994.0000000000   1.0610241008e+02   0.0000000000e+00   1.0660561916e+02
   1995.0000000000   1.0618527503e+02   0.0000000000e+00   1.0669056719e+02
   1996.0000000000   1.0626751107e+02   0.0000000000e+00   1.0677390669e+02
   1997.0000000000   1.0634919787e+02   0.0000000000e+00   1.0685623299e+02
   1998.0000000000   1.0643039481e+02   0.0000000000e+00   1.0693780402e+02
   1999.0000000000   1.0651114797e+02   0.0000000000e+00   1.0701876348e+02
   2000.0000000000   1.0659149416e+02   0.0000000000e+00   1.0710822059e+02
   2001.0000000000   1.0667146357e+02   0.0000000000e+00   1.0719193897e+02
   2002.0000000000   1.0675108142e+02   0.0000000000e+00   1.0727437881e+02
   2003.0000000000   1.0683036914e+02   0.0000000000e+00   1.0735599545e+02
   2004.0000000000   1.0690934517e+02   0.0000000000e+00   1.0743698003e+02
   2005.0000000000   1.0698802559e+02   0.0000000000e+00   1.0752645697e+02
   2006.0000000000   1.0707500017e+02   0.0000000000e+00   1.0761921303e+02
   2007.0000000000   1.0715668235e+02   0.0000000000e+00   1.0770541051e+02
   2008.0000000000   1.0723728037e+02   0.0000000000e+00   1.0779893636e+02
   2009.0000000000   1.0731720299e+02   0.0000000000e+00   1.0788610113e+02
   2010.0000000000   1.0739661381e+02   0.0000000000e+00   1.0798060483e+02
   2011.0000000000   1.0747560036e+02   0.0000000000e+00   1.0806871894e+02
   2012.0000000000   1.0755421734e+02   0.0000000000e+00   1.0815511737e+02
   2013.0000000000   1.0763250241e+02   0.0000000000e+00   1.0824037148e+02
   2014.0000000000   1.0771048337e+02   0.0000000000e+00   1.0832474424e+02
   2015.0000000000   1.0778818170e+02   0.0000000000e+00   1.0840839073e+02
   2016.0000000000   1.0787419034e+02   0.0000000000e+00   1.0849141445e+02
   2017.0000000000   1.0797207571e+02   0.0000000000e+00   1.0857388988e+02
   2018.0000000000   1.0805884869e+02   0.0000000000e+00   1.0865587343e+02
   2019.0000000000   1.0814331235e+02   0.0000000000e+00   1.0873740941e+02
   2020.0000000000   1.0822642758e+02   0.0000000000e+00   1.0882755127e+02
   2021.0000000000   1.0831716612e+02   0.0000000000e+00   1.0892104628e+02
   2022.0000000000   1.0841071713e+02   0.0000000000e+00   1.0901705030e+02
   2023.0000000000   1.0849780979e+02   0.0000000000e+00   1.0910611722e+02
   2024.0000000000   1.0859170390e+02   0.0000000000e+00   1.0919326040e+02
   2025.0000000000   1.0867941696e+02   0.0000000000e+00   1.0927916086e+02
   2026.0000000000   1.0876542730e+02   0.0000000000e+00   1.0936412802e+02
   2027.0000000000   1.0885029695e+02   0.0000000000e+00   1.0945735717e+02
   2028.0000000000   1.0893428775e+02   0.0000000000e+00   1.0954466381e+02
   2029.0000000000   1.0902613079e+02   0.0000000000e+00   1.0963054248e+02
   2030.0000000000   1.0911233113e+02   0.0000000000e+00   1.0971547272e+02
   2031.0000000000   1.0919716084e+02   0.0000000000e+00   1.0979966362e+02
   2032.0000000000   1.0928965113e+02   0.0000000000e+00   1.0988323573e+02
   2033.0000000000   1.0937640201e+02   0.0000000000e+00   1.0997528665e+02
   2034.0000000000   1.0947030143e+02   0.0000000000e+00   1.1006157412e+02
   2035.0000000000   1.0955822582e+02   0.0000000000e+00   1.1014655550e+02
   2036.0000000000   1.0964458234e+02   0.0000000000e+00   1.1023068495e+02
   2037.0000000000   1.0973846716e+02   0.0000000000e+00   1.1031415341e+02
   2038.0000000000   1.0982651664e+02   0.0000000000e+00   1.1039706805e+02
   2039.0000000000   1.0991306547e+02   0.0000000000e+00   1.1048851624e+02
   2040.0000000000   1.0999860399e+02   0.0000000000e+00   1.1057424780e+02
   2041.0000000000   1.1008335265e+02   0.0000000000e+00   1.1065871377e+02
   2042.0000000000   1.1016744084e+02   0.0000000000e+00   1.1075138080e+02
   2043.0000000000   1.1025095523e+02   0.0000000000e+00   1.1083813569e+02
   2044.0000000000   1.1035110995e+02   0.0000000000e+00   1.1092349542e+02
   2045.0000000000   1.1044075486e+02   0.0000000000e+00   1.1100794609e+02
   2046.0000000000   1.1052832214e+02   0.0000000000e+00   1.1109169739e+02
   2047.0000000000   1.1062321596e+02   0.0000000000e+00   1.1117486822e+02
   2048.0000000000   1.1071217211e+02   0.0000000000e+00   1.1125753610e+02
   2049.0000000000   1.1079956814e+02   0.0000000000e+00   1.1133975605e+02
   2050.0000000000   1.1088591592e+02   0.0000000000e+00   1.1143058709e+02
   2051.0000000000   1.1098002349e+02   0.0000000000e+00   1.1151576174e+02
   2052.0000000000   1.1106842824e+02   0.0000000000e+00   1.1159971960e+02
   2053.0000000000   1.1115541829e+02   0.0000000000e+00   1.1169191933e+02
   2054.0000000000   1.1124145811e+02   0.0000000000e+00   1.1177824181e+02
   2055.0000000000   1.1132675219e+02   0.0000000000e+00   1.1187221711e+02
   2056.0000000000   1.1141141929e+02   0.0000000000e+00   1.1196002779e+02
   2057.0000000000   1.1149553867e+02   0.0000000000e+00   1.1204629398e+02
   2058.0000000000   1.1157916778e+02   0.0000000000e+00   1.1214056902e+02
   2059.0000000000   1.1166235061e+02   0.0000000000e+00   1.1223780842e+02
   2060.0000000000   1.1174512222e+02   0.0000000000e+00   1.1232826215e+02
   2061.0000000000   1.1182751132e+02   0.0000000000e+00   1.1241685215e+02
   2062.0000000000   1.1190954200e+02   0.0000000000e+00   1.1250422349e+02
   2063.0000000000   1.1199123478e+02   0.0000000000e+00   1.1259066941e+02
   2064.0000000000   1.1207260747e+02   0.0000000000e+00   1.1267635983e+02
   2065.0000000000   1.1215367564e+02   0.0000000000e+00   1.1276140637e+02
   2066.0000000000   1.1223445307e+02   0.0000000000e+00   1.1284588833e+02
   2067.0000000000   1.1232352772e+02   0.0000000000e+00   1.1292986517e+02
   2068.0000000000   1.1241588716e+02   0.0000000000e+00   1.1301338323e+02
   2069.0000000000   1.1250213931e+02   0.0000000000e+00   1.1309647975e+02
   2070.0000000000   1.1258688896e+02   0.0000000000e+00   1.1317918538e+02
   2071.0000000000   1.1267927319e+02   0.0000000000e+00   1.1326152581e+02
   2072.0000000000   1.1276593417e+02   0.0000000000e+00   1.1334352292e+02
   2073.0000000000   1.1285120224e+02   0.0000000000e+00   1.1343421321e+02
   2074.0000000000   1.1293556034e+02   0.0000000000e+00   1.1351931321e+02
   2075.0000000000   1.1301922095e+02   0.0000000000e+00   1.1360325078e+02
   2076.0000000000   1.1310230576e+02   0.0000000000e+00   1.1368645807e+02
   2077.0000000000   1.1319346999e+02   0.0000000000e+00   1.1376910906e+02
   2078.0000000000   1.1327917097e+02   0.0000000000e+00   1.1385129748e+02
   2079.0000000000   1.1337222365e+02   0.0000000000e+00   1.1393308231e+02
   2080.0000000000   1.1345946062e+02   0.0000000000e+00   1.1401450443e+02
   2081.0000000000   1.1354525986e+02   0.0000000000e+00   1.1409559416e+02
   2082.0000000000   1.1363869680e+02   0.0000000000e+00   1.1417637511e+02
   2083.0000000000   1.1373496784e+02   0.0000000000e+00   1.1425686633e+02
   2084.0000000000   1.1382479649e+02   0.0000000000e+00   1.1433708364e+02
   2085.0000000000   1.1392143604e+02   0.0000000000e+00   1.1443507566e+02
   2086.0000000000   1.1401189858e+02   0.0000000000e+00   1.1452225402e+02
   2087.0000000000   1.1410065834e+02   0.0000000000e+00   1.1460745550e+02
   2088.0000000000   1.1418827429e+02   0.0000000000e+00   1.1469152753e+02
   2089.0000000000   1.1427500601e+02   0.0000000000e+00   1.1477480295e+02
   2090.0000000000   1.1436100732e+02   0.0000000000e+00   1.1485745561e+02
   2091.0000000000   1.1444638118e+02   0.0000000000e+00   1.1494860869e+02
   2092.0000000000   1.1453120179e+02   0.0000000000e+00   1.1504305035e+02
   2093.0000000000   1.1461552545e+02   0.0000000000e+00   1.1513094431e+02
   2094.0000000000   1.1469939642e+02   0.0000000000e+00   1.1522617844e+02
   2095.0000000000   1.1478285055e+02   0.0000000000e+00   1.1531506381e+02
   2096.0000000000   1.1486591749e+02   0.0000000000e+00   1.1540228297e+02
   2097.0000000000   1.1494862222e+02   0.0000000000e+00   1.1548840731e+02
   2098.0000000000   1.1503098611e+02   0.0000000000e+00   1.1557369718e+02
   2099.0000000000   1.1511302768e+02   0.0000000000e+00   1.1565830436e+02
   2100.0000000000   1.1519476313e+02   0.0000000000e+00   1.1574232902e+02
   2101.0000000000   1.1527620678e+02   0.0000000000e+00   1.1582584250e+02
   2102.0000000000   1.1535737138e+02   0.0000000000e+00   1.1590889835e+02
   2103.0000000000   1.1543826839e+02   0.0000000000e+00   1.1599153831e+02
   2104.0000000000   1.1551890816e+02   0.0000000000e+00   1.1607379592e+02
   2105.0000000000   1.1559930006e+02   0.0000000000e+00   1.1616471632e+02
   2106.0000000000   1.1567945267e+02   0.0000000000e+00   1.1625002263e+02
   2107.0000000000   1.1576794949e+02   0.0000000000e+00   1.1634316538e+02
   2108.0000000000   1.1585119863e+02   0.0000000000e+00   1.1643028074e+02
   2109.0000000000   1.1593340380e+02   0.0000000000e+00   1.1651595917e+02
   2110.0000000000   1.1601496986e+02   0.0000000000e+00   1.1660973375e+02
   2111.0000000000   1.1610463265e+02   0.0000000000e+00   1.1670654549e+02
   2112.0000000000   1.1618887764e+02   0.0000000000e+00   1.1679663359e+02
   2113.0000000000   1.1627195393e+02   0.0000000000e+00   1.1688491173e+02
   2114.0000000000   1.1635429557e+02   0.0000000000e+00   1.1697201847e+02
   2115.0000000000   1.1644465836e+02   0.0000000000e+00   1.1705824187e+02
   2116.0000000000   1.1652954209e+02   0.0000000000e+00   1.1714374759e+02
   2117.0000000000   1.1661320648e+02   0.0000000000e+00   1.1722864372e+02
   2118.0000000000   1.1670466931e+02   0.0000000000e+00   1.1732202419e+02
   2119.0000000000   1.1679051798e+02   0.0000000000e+00   1.1740964595e+02
   2120.0000000000   1.1688362905e+02   0.0000000000e+00   1.1749596648e+02
   2121.0000000000   1.1697086888e+02   0.0000000000e+00   1.1758144034e+02
   2122.0000000000   1.1705663574e+02   0.0000000000e+00   1.1766625890e+02
   2123.0000000000   1.1714144234e+02   0.0000000000e+00   1.1775052966e+02
   2124.0000000000   1.1722551723e+02   0.0000000000e+00   1.1783432270e+02
   2125.0000000000   1.1730899198e+02   0.0000000000e+00   1.1791768799e+02
   2126.0000000000   1.1739195281e+02   0.0000000000e+00   1.1800066337e+02
   2127.0000000000   1.1747446089e+02   0.0000000000e+00   1.1809229636e+02
   2128.0000000000   1.1755656205e+02   0.0000000000e+00   1.1817831137e+02
   2129.0000000000   1.1764686764e+02   0.0000000000e+00   1.1826314207e+02
   2130.0000000000   1.1773180720e+02   0.0000000000e+00   1.1834722503e+02
   2131.0000000000   1.1783275259e+02   0.0000000000e+00   1.1843073762e+02
   2132.0000000000   1.1792292401e+02   0.0000000000e+00   1.1852279384e+02
   2133.0000000000   1.1801088674e+02   0.0000000000e+00   1.1861817240e+02
   2134.0000000000   1.1809753185e+02   0.0000000000e+00   1.1871604682e+02
   2135.0000000000   1.1818322794e+02   0.0000000000e+00   1.1880698135e+02
   2136.0000000000   1.1827675087e+02   0.0000000000e+00   1.1889599564e+02
   2137.0000000000   1.1836462690e+02   0.0000000000e+00   1.1899279216e+02
   2138.0000000000   1.1845113877e+02   0.0000000000e+00   1.1909240026e+02
   2139.0000000000   1.1853674750e+02   0.0000000000e+00   1.1918511236e+02
   2140.0000000000   1.1862165493e+02   0.0000000000e+00   1.1927587720e+02
   2141.0000000000   1.1871455321e+02   0.0000000000e+00   1.1936535797e+02
   2142.0000000000   1.1880192045e+02   0.0000000000e+00   1.1945386072e+02
   2143.0000000000   1.1888800924e+02   0.0000000000e+00   1.1954156481e+02
   2144.0000000000   1.1898183617e+02   0.0000000000e+00   1.1962858902e+02
   2145.0000000000   1.1906998997e+02   0.0000000000e+00   1.1971501818e+02
   2146.0000000000   1.1915677405e+02   0.0000000000e+00   1.1980993375e+02
   2147.0000000000   1.1924265679e+02   0.0000000000e+00   1.1989908563e+02
   2148.0000000000   1.1933641811e+02   0.0000000000e+00   1.1998692727e+02
   2149.0000000000   1.1942457593e+02   0.0000000000e+00   1.2008292850e+02
   2150.0000000000   1.1951140419e+02   0.0000000000e+00   1.2017297942e+02
   2151.0000000000   1.1959735663e+02   0.0000000000e+00   1.2026160021e+02
   2152.0000000000   1.1968262929e+02   0.0000000000e+00   1.2034927987e+02
   2153.0000000000   1.1976733423e+02   0.0000000000e+00   1.2044524836e+02
   2154.0000000000   1.1986012076e+02   0.0000000000e+00   1.2053532699e+02
   2155.0000000000   1.1995601825e+02   0.0000000000e+00   1.2062400872e+02
   2156.0000000000   1.2004566465e+02   0.0000000000e+00   1.2071176970e+02
   2157.0000000000   1.2013368733e+02   0.0000000000e+00   1.2079881543e+02
   2158.0000000000   1.2022066517e+02   0.0000000000e+00   1.2088526323e+02
   2159.0000000000   1.2030685330e+02   0.0000000000e+00   1.2097119025e+02
   2160.0000000000   1.2039239627e+02   0.0000000000e+00   1.2105665179e+02
   2161.0000000000   1.2047738752e+02   0.0000000000e+00   1.2114168984e+02
   2162.0000000000   1.2056189279e+02   0.0000000000e+00   1.2122633761e+02
   2163.0000000000   1.2064596104e+02   0.0000000000e+00   1.2131062217e+02
   2164.0000000000   1.2072963029e+02   0.0000000000e+00   1.2139456611e+02
   2165.0000000000   1.2081293109e+02   0.0000000000e+00   1.2148720625e+02
   2166.0000000000   1.2090446417e+02   0.0000000000e+00   1.2157425923e+02
   2167.0000000000   1.2099065150e+02   0.0000000000e+00   1.2166917044e+02
   2168.0000000000   1.2108428374e+02   0.0000000000e+00   1.2175807198e+02
   2169.0000000000   1.2117217601e+02   0.0000000000e+00   1.2184555096e+02
   2170.0000000000   1.2126726902e+02   0.0000000000e+00   1.2193212017e+02
   2171.0000000000   1.2135645359e+02   0.0000000000e+00   1.2201800077e+02
   2172.0000000000   1.2144413896e+02   0.0000000000e+00   1.2210331676e+02
   2173.0000000000   1.2153084335e+02   0.0000000000e+00   1.2218814776e+02
   2174.0000000000   1.2161679827e+02   0.0000000000e+00   1.2227254945e+02
   2175.0000000000   1.2170213706e+02   0.0000000000e+00   1.2236558071e+02
   2176.0000000000   1.2178694707e+02   0.0000000000e+00   1.2245297354e+02
   2177.0000000000   1.2187129025e+02   0.0000000000e+00   1.2253916684e+02
   2178.0000000000   1.2195521304e+02   0.0000000000e+00   1.2263361846e+02
   2179.0000000000   1.2203875163e+02   0.0000000000e+00   1.2272220844e+02
   2180.0000000000   1.2212193513e+02   0.0000000000e+00   1.2280944844e+02
   2181.0000000000   1.2220478752e+02   0.0000000000e+00   1.2289582020e+02
   2182.0000000000   1.2228732893e+02   0.0000000000e+00   1.2298152979e+02
   2183.0000000000   1.2236957657e+02   0.0000000000e+00   1.2306669303e+02
   2184.0000000000   1.2245154532e+02   0.0000000000e+00   1.2315138476e+02
   2185.0000000000   1.2253324820e+02   0.0000000000e+00   1.2323565770e+02
   2186.0000000000   1.2262327237e+02   0.0000000000e+00   1.2331955123e+02
   2187.0000000000   1.2270802897e+02   0.0000000000e+00   1.2340309601e+02
   2188.0000000000   1.2279172425e+02   0.0000000000e+00   1.2348631675e+02
   2189.0000000000   1.2287476522e+02   0.0000000000e+00   1.2356923381e+02
   2190.0000000000   1.2296588953e+02   0.0000000000e+00   1.2365186437e+02
   2191.0000000000   1.2305158422e+02   0.0000000000e+00   1.2373422310e+02
   2192.0000000000   1.2313609972e+02   0.0000000000e+00   1.2381632277e+02
   2193.0000000000   1.2321987125e+02   0.0000000000e+00   1.2389817459e+02
   2194.0000000000   1.2330308000e+02   0.0000000000e+00   1.2397978849e+02
   2195.0000000000   1.2338582574e+02   0.0000000000e+00   1.2406117337e+02
   2196.0000000000   1.2346817198e+02   0.0000000000e+00   1.2414233727e+02
   2197.0000000000   1.2355016289e+02   0.0000000000e+00   1.2422328747e+02
   2198.0000000000   1.2363183116e+02   0.0000000000e+00   1.2430403060e+02
   2199.0000000000   1.2371320209e+02   0.0000000000e+00   1.2438457279e+02
   2200.0000000000   1.2379429590e+02   0.0000000000e+00   1.2446491965e+02
   2201.0000000000   1.2387512921e+02   0.0000000000e+00   1.2454507641e+02
   2202.0000000000   1.2395571597e+02   0.0000000000e+00   1.2462504790e+02
   2203.0000000000   1.2403606811e+02   0.0000000000e+00   1.2470483864e+02
   2204.0000000000   1.2411619596e+02   0.0000000000e+00   1.2478445287e+02
   2205.0000000000   1.2420468422e+02   0.0000000000e+00   1.2486389455e+02
   2206.0000000000   1.2428794180e+02   0.0000000000e+00   1.2494316742e+02
   2207.0000000000   1.2437017290e+02   0.0000000000e+00   1.2502227499e+02
   2208.0000000000   1.2445178269e+02   0.0000000000e+00   1.2510122060e+02
   2209.0000000000   1.2453293148e+02   0.0000000000e+00   1.2518000740e+02
   2210.0000000000   1.2461370386e+02   0.0000000000e+00   1.2526765597e+02
   2211.0000000000   1.2469415182e+02   0.0000000000e+00   1.2534986919e+02
   2212.0000000000   1.2477431059e+02   0.0000000000e+00   1.2544008066e+02
   2213.0000000000   1.2485420570e+02   0.0000000000e+00   1.2552441220e+02
   2214.0000000000   1.2493385661e+02   0.0000000000e+00   1.2560744196e+02
   2215.0000000000   1.2501327870e+02   0.0000000000e+00   1.2569869239e+02
   2216.0000000000   1.2509248452e+02   0.0000000000e+00   1.2579309521e+02
   2217.0000000000   1.2517148456e+02   0.0000000000e+00   1.2588989903e+02
   2218.0000000000   1.2525028774e+02   0.0000000000e+00   1.2597971032e+02
   2219.0000000000   1.2533747741e+02   0.0000000000e+00   1.2607659211e+02
   2220.0000000000   1.2541946124e+02   0.0000000000e+00   1.2616694592e+02
   2221.0000000000   1.2550044224e+02   0.0000000000e+00   1.2625550789e+02
   2222.0000000000   1.2558082447e+02   0.0000000000e+00   1.2634288391e+02
   2223.0000000000   1.2566076724e+02   0.0000000000e+00   1.2642935791e+02
   2224.0000000000   1.2574892980e+02   0.0000000000e+00   1.2652411604e+02
   2225.0000000000   1.2583176415e+02   0.0000000000e+00   1.2662198839e+02
   2226.0000000000   1.2591350170e+02   0.0000000000e+00   1.2671316894e+02
   2227.0000000000   1.2599456587e+02   0.0000000000e+00   1.2680255087e+02
   2228.0000000000   1.2607512983e+02   0.0000000000e+00   1.2689076312e+02
   2229.0000000000   1.2615528750e+02   0.0000000000e+00   1.2697808929e+02
   2230.0000000000   1.2623509784e+02   0.0000000000e+00   1.2706469321e+02
   2231.0000000000   1.2631460140e+02   0.0000000000e+00   1.2715068255e+02
   2232.0000000000   1.2639382785e+02   0.0000000000e+00   1.2723613388e+02
   2233.0000000000   1.2647279989e+02   0.0000000000e+00   1.2732110474e+02
   2234.0000000000   1.2655153554e+02   0.0000000000e+00   1.2741465767e+02
   2235.0000000000   1.2663004942e+02   0.0000000000e+00   1.2750252888e+02
   2236.0000000000   1.2671692937e+02   0.0000000000e+00   1.2758916147e+02
   2237.0000000000   1.2679858659e+02   0.0000000000e+00   1.2768401723e+02
   2238.0000000000   1.2688780260e+02   0.0000000000e+00   1.2777297988e+02
   2239.0000000000   1.2697138468e+02   0.0000000000e+00   1.2786056441e+02
   2240.0000000000   1.2705369107e+02   0.0000000000e+00   1.2794725553e+02
   2241.0000000000   1.2716093258e+02   0.0000000000e+00   1.2803326201e+02
   2242.0000000000   1.2725251876e+02   0.0000000000e+00   1.2811870207e+02
   2243.0000000000   1.2734973100e+02   0.0000000000e+00   1.2820365271e+02
   2244.0000000000   1.2744023899e+02   0.0000000000e+00   1.2828816858e+02
   2245.0000000000   1.2752875322e+02   0.0000000000e+00   1.2837229080e+02
   2246.0000000000   1.2761594670e+02   0.0000000000e+00   1.2845605160e+02
   2247.0000000000   1.2770214306e+02   0.0000000000e+00   1.2853947707e+02
   2248.0000000000   1.2779611122e+02   0.0000000000e+00   1.2862258886e+02
   2249.0000000000   1.2788438094e+02   0.0000000000e+00   1.2870540525e+02
   2250.0000000000   1.2797124124e+02   0.0000000000e+00   1.2878794197e+02
   2251.0000000000   1.2805715972e+02   0.0000000000e+00   1.2887021270e+02
   2252.0000000000   1.2814234430e+02   0.0000000000e+00   1.2895222950e+02
   2253.0000000000   1.2822691684e+02   0.0000000000e+00   1.2903400307e+02
   2254.0000000000   1.2831095921e+02   0.0000000000e+00   1.2911554299e+02
   2255.0000000000   1.2839453098e+02   0.0000000000e+00   1.2919685794e+02
   2256.0000000000   1.2847767784e+02   0.0000000000e+00   1.2927795575e+02
   2257.0000000000   1.2856901177e+02   0.0000000000e+00   1.2935884360e+02
   2258.0000000000   1.2865496337e+02   0.0000000000e+00   1.2943952808e+02
   2259.0000000000   1.2874833008e+02   0.0000000000e+00   1.2954706802e+02
   2260.0000000000   1.2884450817e+02   0.0000000000e+00   1.2963856910e+02
   2261.0000000000   1.2893426806e+02   0.0000000000e+00   1.2973629403e+02
   2262.0000000000   1.2902230043e+02   0.0000000000e+00   1.2982720531e+02
   2263.0000000000   1.2910921929e+02   0.0000000000e+00   1.2991620792e+02
   2264.0000000000   1.2919530122e+02   0.0000000000e+00   1.3000397514e+02
   2265.0000000000   1.2928928042e+02   0.0000000000e+00   1.3009983934e+02
   2266.0000000000   1.2938623647e+02   0.0000000000e+00   1.3018968429e+02
   2267.0000000000   1.2948541551e+02   0.0000000000e+00   1.3027804345e+02
   2268.0000000000   1.2957786809e+02   0.0000000000e+00   1.3036542053e+02
   2269.0000000000   1.2967696182e+02   0.0000000000e+00   1.3045204038e+02
   2270.0000000000   1.2976976332e+02   0.0000000000e+00   1.3053803428e+02
   2271.0000000000   1.2986077771e+02   0.0000000000e+00   1.3063250726e+02
   2272.0000000000   1.2995915911e+02   0.0000000000e+00   1.3072122236e+02
   2273.0000000000   1.3005158130e+02   0.0000000000e+00   1.3080864072e+02
   2274.0000000000   1.3014240473e+02   0.0000000000e+00   1.3089521921e+02
   2275.0000000000   1.3023213825e+02   0.0000000000e+00   1.3099016836e+02
   2276.0000000000   1.3032101612e+02   0.0000000000e+00   1.3107929674e+02
   2277.0000000000   1.3040917831e+02   0.0000000000e+00   1.3116708844e+02
   2278.0000000000   1.3049671980e+02   0.0000000000e+00   1.3125401314e+02
   2279.0000000000   1.3058371012e+02   0.0000000000e+00   1.3134027139e+02
   2280.0000000000   1.3067020276e+02   0.0000000000e+00   1.3142597661e+02
   2281.0000000000   1.3075624036e+02   0.0000000000e+00   1.3151120276e+02
   2282.0000000000   1.3084185785e+02   0.0000000000e+00   1.3159600252e+02
   2283.0000000000   1.3093566007e+02   0.0000000000e+00   1.3168041563e+02
   2284.0000000000   1.3102407274e+02   0.0000000000e+00   1.3176447334e+02
   2285.0000000000   1.3111131427e+02   0.0000000000e+00   1.3184820103e+02
   2286.0000000000   1.3119780198e+02   0.0000000000e+00   1.3194063737e+02
   2287.0000000000   1.3128370676e+02   0.0000000000e+00   1.3202750026e+02
   2288.0000000000   1.3136912239e+02   0.0000000000e+00   1.3211321837e+02
   2289.0000000000   1.3145410900e+02   0.0000000000e+00   1.3219822431e+02
   2290.0000000000   1.3153870900e+02   0.0000000000e+00   1.3228269227e+02
   2291.0000000000   1.3162295437e+02   0.0000000000e+00   1.3236671603e+02
   2292.0000000000   1.3170687030e+02   0.0000000000e+00   1.3245035447e+02
   2293.0000000000   1.3179047739e+02   0.0000000000e+00   1.3253364833e+02
   2294.0000000000   1.3188236851e+02   0.0000000000e+00   1.3261662769e+02
   2295.0000000000   1.3197753495e+02   0.0000000000e+00   1.3269931593e+02
   2296.0000000000   1.3206658741e+02   0.0000000000e+00   1.3278173180e+02
   2297.0000000000   1.3215413286e+02   0.0000000000e+00   1.3286389082e+02
   2298.0000000000   1.3224073444e+02   0.0000000000e+00   1.3294580612e+02
   2299.0000000000   1.3232663481e+02   0.0000000000e+00   1.3302748897e+02
   2300.0000000000   1.3241196839e+02   0.0000000000e+00   1.3310894923e+02
   2301.0000000000   1.3249682035e+02   0.0000000000e+00   1.3320823078e+02
   2302.0000000000   1.3258124947e+02   0.0000000000e+00   1.3330575903e+02
   2303.0000000000   1.3266529883e+02   0.0000000000e+00   1.3339606759e+02
   2304.0000000000   1.3274900148e+02   0.0000000000e+00   1.3348441454e+02
   2305.0000000000   1.3283238363e+02   0.0000000000e+00   1.3357154962e+02
   2306.0000000000   1.3291546663e+02   0.0000000000e+00   1.3365780709e+02
   2307.0000000000   1.3300684394e+02   0.0000000000e+00   1.3374337407e+02
   2308.0000000000   1.3309293155e+02   0.0000000000e+00   1.3382836904e+02
   2309.0000000000   1.3317793950e+02   0.0000000000e+00   1.3392189082e+02
   2310.0000000000   1.3326227783e+02   0.0000000000e+00   1.3400969837e+02
   2311.0000000000   1.3334611099e+02   0.0000000000e+00   1.3409624961e+02
   2312.0000000000   1.3342952713e+02   0.0000000000e+00   1.3418199865e+02
   2313.0000000000   1.3351258133e+02   0.0000000000e+00   1.3426713590e+02
   2314.0000000000   1.3359531152e+02   0.0000000000e+00   1.3435176766e+02
   2315.0000000000   1.3367774560e+02   0.0000000000e+00   1.3443596265e+02
   2316.0000000000   1.3375990514e+02   0.0000000000e+00   1.3451976943e+02
   2317.0000000000   1.3384180743e+02   0.0000000000e+00   1.3461224205e+02
   2318.0000000000   1.3392346670e+02   0.0000000000e+00   1.3469910906e+02
   2319.0000000000   1.3402204624e+02   0.0000000000e+00   1.3478480685e+02
   2320.0000000000   1.3411035813e+02   0.0000000000e+00   1.3486977370e+02
   2321.0000000000   1.3419680538e+02   0.0000000000e+00   1.3495418812e+02
   2322.0000000000   1.3429076888e+02   0.0000000000e+00   1.3504716483e+02
   2323.0000000000   1.3437896544e+02   0.0000000000e+00   1.3513446532e+02
   2324.0000000000   1.3446575685e+02   0.0000000000e+00   1.3522054572e+02
   2325.0000000000   1.3455164164e+02   0.0000000000e+00   1.3530585699e+02
   2326.0000000000   1.3463684082e+02   0.0000000000e+00   1.3539960380e+02
   2327.0000000000   1.3473005666e+02   0.0000000000e+00   1.3548758932e+02
   2328.0000000000   1.3481777258e+02   0.0000000000e+00   1.3557429273e+02
   2329.0000000000   1.3492139505e+02   0.0000000000e+00   1.3566017932e+02
   2330.0000000000   1.3501416785e+02   0.0000000000e+00   1.3574544577e+02
   2331.0000000000   1.3510467299e+02   0.0000000000e+00   1.3583020201e+02
   2332.0000000000   1.3519381382e+02   0.0000000000e+00   1.3593255411e+02
   2333.0000000000   1.3528196816e+02   0.0000000000e+00   1.3603296963e+02
   2334.0000000000   1.3537791902e+02   0.0000000000e+00   1.3612601248e+02
   2335.0000000000   1.3547677383e+02   0.0000000000e+00   1.3621696343e+02
   2336.0000000000   1.3556922064e+02   0.0000000000e+00   1.3630658982e+02
   2337.0000000000   1.3565992106e+02   0.0000000000e+00   1.3639523988e+02
   2338.0000000000   1.3574947850e+02   0.0000000000e+00   1.3649212966e+02
   2339.0000000000   1.3583816630e+02   0.0000000000e+00   1.3658308700e+02
   2340.0000000000   1.3592614287e+02   0.0000000000e+00   1.3668163186e+02
   2341.0000000000   1.3601351252e+02   0.0000000000e+00   1.3677394905e+02
   2342.0000000000   1.3610034960e+02   0.0000000000e+00   1.3688269969e+02
   2343.0000000000   1.3618671002e+02   0.0000000000e+00   1.3697982615e+02
   2344.0000000000   1.3627263753e+02   0.0000000000e+00   1.3707439916e+02
   2345.0000000000   1.3635816738e+02   0.0000000000e+00   1.3716739943e+02
   2346.0000000000   1.3644332863e+02   0.0000000000e+00   1.3725924611e+02
   2347.0000000000   1.3652814570e+02   0.0000000000e+00   1.3735017359e+02
   2348.0000000000   1.3661263944e+02   0.0000000000e+00   1.3744033217e+02
   2349.0000000000   1.3669682787e+02   0.0000000000e+00   1.3752982676e+02
   2350.0000000000   1.3679787799e+02   0.0000000000e+00   1.3761873493e+02
   2351.0000000000   1.3688860545e+02   0.0000000000e+00   1.3770711645e+02
   2352.0000000000   1.3697741661e+02   0.0000000000e+00   1.3779501887e+02
   2353.0000000000   1.3707369551e+02   0.0000000000e+00   1.3788248098e+02
   2354.0000000000   1.3716416184e+02   0.0000000000e+00   1.3796953505e+02
   2355.0000000000   1.3725318006e+02   0.0000000000e+00   1.3805620838e+02
   2356.0000000000   1.3734125118e+02   0.0000000000e+00   1.3816055954e+02
   2357.0000000000   1.3742859847e+02   0.0000000000e+00   1.3825400890e+02
   2358.0000000000   1.3751535067e+02   0.0000000000e+00   1.3834540086e+02
   2359.0000000000   1.3760159225e+02   0.0000000000e+00   1.3843558958e+02
   2360.0000000000   1.3768738319e+02   0.0000000000e+00   1.3852491383e+02
   2361.0000000000   1.3778134415e+02   0.0000000000e+00   1.3861355276e+02
   2362.0000000000   1.3786991109e+02   0.0000000000e+00   1.3871063423e+02
   2363.0000000000   1.3797446054e+02   0.0000000000e+00   1.3881095064e+02
   2364.0000000000   1.3806821618e+02   0.0000000000e+00   1.3890466948e+02
   2365.0000000000   1.3815974598e+02   0.0000000000e+00   1.3899666447e+02
   2366.0000000000   1.3824994315e+02   0.0000000000e+00   1.3908754973e+02
   2367.0000000000   1.3833917800e+02   0.0000000000e+00   1.3917759732e+02
   2368.0000000000   1.3842765221e+02   0.0000000000e+00   1.3926696197e+02
   2369.0000000000   1.3851549233e+02   0.0000000000e+00   1.3935574400e+02
   2370.0000000000   1.3861136076e+02   0.0000000000e+00   1.3944401404e+02
   2371.0000000000   1.3870172161e+02   0.0000000000e+00   1.3953182474e+02
   2372.0000000000   1.3879082006e+02   0.0000000000e+00   1.3961921702e+02
   2373.0000000000   1.3887909277e+02   0.0000000000e+00   1.3970622369e+02
   2374.0000000000   1.3897530056e+02   0.0000000000e+00   1.3979287173e+02
   2375.0000000000   1.3907452462e+02   0.0000000000e+00   1.3987918380e+02
   2376.0000000000   1.3916743134e+02   0.0000000000e+00   1.3996517920e+02
   2377.0000000000   1.3925866540e+02   0.0000000000e+00   1.4005087463e+02
   2378.0000000000   1.3934881708e+02   0.0000000000e+00   1.4013628470e+02
   2379.0000000000   1.3943814944e+02   0.0000000000e+00   1.4022142234e+02
   2380.0000000000   1.3952681274e+02   0.0000000000e+00   1.4030629905e+02
   2381.0000000000   1.3961490475e+02   0.0000000000e+00   1.4039994276e+02
   2382.0000000000   1.3971107012e+02   0.0000000000e+00   1.4048806284e+02
   2383.0000000000   1.3980176131e+02   0.0000000000e+00   1.4057508109e+02
   2384.0000000000   1.3989121544e+02   0.0000000000e+00   1.4067945969e+02
   2385.0000000000   1.3997986342e+02   0.0000000000e+00   1.4078178578e+02
   2386.0000000000   1.4007646182e+02   0.0000000000e+00   1.4087667587e+02
   2387.0000000000   1.4016751298e+02   0.0000000000e+00   1.4096943723e+02
   2388.0000000000   1.4026585559e+02   0.0000000000e+00   1.4106085174e+02
   2389.0000000000   1.4035833629e+02   0.0000000000e+00   1.4115127600e+02
   2390.0000000000   1.4044934215e+02   0.0000000000e+00   1.4124091347e+02
   2391.0000000000   1.4053937927e+02   0.0000000000e+00   1.4132989502e+02
   2392.0000000000   1.4062867213e+02   0.0000000000e+00   1.4141831157e+02
   2393.0000000000   1.4071734984e+02   0.0000000000e+00   1.4150622982e+02
   2394.0000000000   1.4080549715e+02   0.0000000000e+00   1.4159370070e+02
   2395.0000000000   1.4089317445e+02   0.0000000000e+00   1.4168076440e+02
   2396.0000000000   1.4098042719e+02   0.0000000000e+00   1.4176745338e+02
   2397.0000000000   1.4106729101e+02   0.0000000000e+00   1.4185379447e+02
   2398.0000000000   1.4116237036e+02   0.0000000000e+00   1.4193981018e+02
   2399.0000000000   1.4125208997e+02   0.0000000000e+00   1.4202551973e+02
   2400.0000000000   1.4134066697e+02   0.0000000000e+00   1.4211995727e+02
   2401.0000000000   1.4142851731e+02   0.0000000000e+00   1.4221785489e+02
   2402.0000000000   1.4152438603e+02   0.0000000000e+00   1.4230933866e+02
   2403.0000000000   1.4161476641e+02   0.0000000000e+00   1.4239925242e+02
   2404.0000000000   1.4170391418e+02   0.0000000000e+00   1.4248818789e+02
   2405.0000000000   1.4180084475e+02   0.0000000000e+00   1.4257639986e+02
   2406.0000000000   1.4189214414e+02   0.0000000000e+00   1.4266402936e+02
   2407.0000000000   1.4198211260e+02   0.0000000000e+00   1.4276018324e+02
   2408.0000000000   1.4207121535e+02   0.0000000000e+00   1.4285062304e+02
   2409.0000000000   1.4215965367e+02   0.0000000000e+00   1.4293980712e+02
   2410.0000000000   1.4224754188e+02   0.0000000000e+00   1.4303720675e+02
   2411.0000000000   1.4233495445e+02   0.0000000000e+00   1.4312871165e+02
   2412.0000000000   1.4242194422e+02   0.0000000000e+00   1.4321884061e+02
   2413.0000000000   1.4250855086e+02   0.0000000000e+00   1.4330808081e+02
   2414.0000000000   1.4259480541e+02   0.0000000000e+00   1.4339664252e+02
   2415.0000000000   1.4268073295e+02   0.0000000000e+00   1.4348464488e+02
   2416.0000000000   1.4276635423e+02   0.0000000000e+00   1.4357216539e+02
   2417.0000000000   1.4285168678e+02   0.0000000000e+00   1.4365925892e+02
   2418.0000000000   1.4293674561e+02   0.0000000000e+00   1.4374596661e+02
   2419.0000000000   1.4302154378e+02   0.0000000000e+00   1.4383232061e+02
   2420.0000000000   1.4311466842e+02   0.0000000000e+00   1.4391834682e+02
   2421.0000000000   1.4320253060e+02   0.0000000000e+00   1.4400406664e+02
   2422.0000000000   1.4328933645e+02   0.0000000000e+00   1.4408949809e+02
   2423.0000000000   1.4337549288e+02   0.0000000000e+00   1.4417465661e+02
   2424.0000000000   1.4346116179e+02   0.0000000000e+00   1.4425955558e+02
   2425.0000000000   1.4354642920e+02   0.0000000000e+00   1.4434420674e+02
   2426.0000000000   1.4363134842e+02   0.0000000000e+00   1.4443763810e+02
   2427.0000000000   1.4371595588e+02   0.0000000000e+00   1.4453457658e+02
   2428.0000000000   1.4380027823e+02   0.0000000000e+00   1.4462514385e+02
   2429.0000000000   1.4388433593e+02   0.0000000000e+00   1.4471418004e+02
   2430.0000000000   1.4396814533e+02   0.0000000000e+00   1.4480227362e+02
   2431.0000000000   1.4405171984e+02   0.0000000000e+00   1.4488967660e+02
   2432.0000000000   1.4413507077e+02   0.0000000000e+00   1.4497652755e+02
   2433.0000000000   1.4423535907e+02   0.0000000000e+00   1.4506291356e+02
   2434.0000000000   1.4432539492e+02   0.0000000000e+00   1.4514889423e+02
   2435.0000000000   1.4441357977e+02   0.0000000000e+00   1.4523451292e+02
   2436.0000000000   1.4450071760e+02   0.0000000000e+00   1.4531980256e+02
   2437.0000000000   1.4458712321e+02   0.0000000000e+00   1.4541380669e+02
   2438.0000000000   1.4467296043e+02   0.0000000000e+00   1.4550224632e+02
   2439.0000000000   1.4475832831e+02   0.0000000000e+00   1.4559856969e+02
   2440.0000000000   1.4484329270e+02   0.0000000000e+00   1.4568891067e+02
   2441.0000000000   1.4493647603e+02   0.0000000000e+00   1.4577785750e+02
   2442.0000000000   1.4502431410e+02   0.0000000000e+00   1.4586592351e+02
   2443.0000000000   1.4511103096e+02   0.0000000000e+00   1.4595333012e+02
   2444.0000000000   1.4519704687e+02   0.0000000000e+00   1.4604020129e+02
   2445.0000000000   1.4529110953e+02   0.0000000000e+00   1.4612661645e+02
   2446.0000000000   1.4537971378e+02   0.0000000000e+00   1.4622164854e+02
   2447.0000000000   1.4546711617e+02   0.0000000000e+00   1.4631103845e+02
   2448.0000000000   1.4555375678e+02   0.0000000000e+00   1.4639923099e+02
   2449.0000000000   1.4563982072e+02   0.0000000000e+00   1.4648667045e+02
   2450.0000000000   1.4573398658e+02   9.0175918540e-03   1.4658255730e+02
   2451.0000000000   1.4582272135e+02   1.2752800700e-02   1.4667269193e+02
   2452.0000000000   1.4591026836e+02   1.5618927253e-02   1.4676155162e+02
   2453.0000000000   1.4599706077e+02   1.8035183708e-02   1.4685861791e+02
   2454.0000000000   1.4608327975e+02   2.0163948379e-02   1.4694978647e+02
   2455.0000000000   1.4616902599e+02   2.2088498751e-02   1.4703957978e+02
   2456.0000000000   1.4625436421e+02   2.3858305470e-02   1.4713750496e+02
   2457.0000000000   1.4633933990e+02   2.5505601400e-02   1.4722947384e+02
   2458.0000000000   1.4642398701e+02   2.7052775562e-02   1.4732001991e+02
   2459.0000000000   1.4652548328e+02   2.8516129268e-02   1.4740964057e+02
   2460.0000000000   1.4661665178e+02   2.9907968692e-02   1.4749855354e+02
   2461.0000000000   1.4671447974e+02   3.1237854506e-02   1.4758688357e+02
   2462.0000000000   1.4681475581e+02   3.2513389811e-02   1.4767471245e+02
   2463.0000000000   1.4690839940e+02   3.3740739171e-02   1.4776209845e+02
   2464.0000000000   1.4700017559e+02   3.4924983073e-02   1.4784908542e+02
   2465.0000000000   1.4709931684e+02   3.6070367416e-02   1.4794472529e+02
   2466.0000000000   1.4719252753e+02   3.7180483703e-02   1.4804376339e+02
   2467.0000000000   1.4728418115e+02   3.8258402099e-02   1.4813633596e+02
   2468.0000000000   1.4738336758e+02   3.9306771606e-02   1.4823631238e+02
   2469.0000000000   1.4747672375e+02   4.0327896758e-02   1.4832999078e+02
   2470.0000000000   1.4756858654e+02   4.1323797257e-02   1.4842204440e+02
   2471.0000000000   1.4766802417e+02   4.2296254948e-02   1.4851303773e+02
   2472.0000000000   1.4776165995e+02   4.3246851278e-02   1.4860322592e+02
   2473.0000000000   1.4786239742e+02   4.4176997502e-02   1.4869275676e+02
   2474.0000000000   1.4795712400e+02   4.5087959270e-02   1.4878172728e+02
   2475.0000000000   1.4805025483e+02   4.5980876829e-02   1.4887020634e+02
   2476.0000000000   1.4814231646e+02   4.6856781759e-02   1.4895824550e+02
   2477.0000000000   1.4823354896e+02   4.7716610941e-02   1.4904588490e+02
   2478.0000000000   1.4832409364e+02   4.8561218297e-02   1.4913315672e+02
   2479.0000000000   1.4841404501e+02   4.9391384728e-02   1.4922008742e+02
   2480.0000000000   1.4850347143e+02   5.0207826563e-02   1.4930669915e+02
   2481.0000000000   1.4859242495e+02   5.1011202799e-02   1.4939301078e+02
   2482.0000000000   1.4868094676e+02   5.1802121326e-02   1.4947903857e+02
   2483.0000000000   1.4876907034e+02   5.2581144308e-02   1.4956479670e+02
   2484.0000000000   1.4885682357e+02   5.3348792860e-02   1.4965029769e+02
   2485.0000000000   1.4895280566e+02   5.4105551124e-02   1.4974457024e+02
   2486.0000000000   1.4904343775e+02   5.4851869843e-02   1.4983332434e+02
   2487.0000000000   1.4913293449e+02   5.5588169498e-02   1.4992999984e+02
   2488.0000000000   1.4922171000e+02   5.6314843078e-02   1.5002072412e+02
   2489.0000000000   1.4930993243e+02   5.7032258537e-02   1.5011008029e+02
   2490.0000000000   1.4939769324e+02   5.7740760963e-02   1.5019857764e+02
   2491.0000000000   1.4948505050e+02   6.7458266384e-02   1.5028643426e+02
   2492.0000000000   1.4957204484e+02   7.1885104919e-02   1.5037377144e+02
   2493.0000000000   1.4965870662e+02   7.5434864637e-02   1.5046066641e+02
   2494.0000000000   1.4974505965e+02   7.8527028844e-02   1.5055619028e+02
   2495.0000000000   1.4983112324e+02   8.1324231986e-02   1.5064608241e+02
   2496.0000000000   1.4991691351e+02   9.2927585683e-02   1.5073478632e+02
   2497.0000000000   1.5000244417e+02   9.9086815182e-02   1.5082274521e+02
   2498.0000000000   1.5008772713e+02   1.0424767163e-01   1.5091014101e+02
   2499.0000000000   1.5018134843e+02   1.0885196277e-01   1.5099707332e+02
   2500.0000000000   1.5026971826e+02   1.1307856447e-01   1.5108360543e+02
   2501.0000000000   1.5035704192e+02   1.1702324706e-01   1.5116978147e+02
   2502.0000000000   1.5045230122e+02   1.2074521961e-01   1.5126465180e+02
   2503.0000000000   1.5054205833e+02   1.2428448746e-01   1.5135394190e+02
   2504.0000000000   1.5063059569e+02   1.2766976580e-01   1.5145110311e+02
   2505.0000000000   1.5071836478e+02   1.3092259068e-01   1.5154227153e+02
   2506.0000000000   1.5081413166e+02   1.3405966161e-01   1.5163203705e+02
   2507.0000000000   1.5092155389e+02   1.3709427173e-01   1.5172091433e+02
   2508.0000000000   1.5101769741e+02   1.4003722924e-01   1.5180912577e+02
   2509.0000000000   1.5111140156e+02   1.4289747692e-01   1.5189679619e+02
   2510.0000000000   1.5120365252e+02   1.4568252369e-01   1.5199302330e+02
   2511.0000000000   1.5130344049e+02   1.4839875394e-01   1.5209258062e+02
   2512.0000000000   1.5139739294e+02   1.5105165506e-01   1.5218562286e+02
   2513.0000000000   1.5148984894e+02   1.6266358006e-01   1.5227701445e+02
   2514.0000000000   1.5158987985e+02   1.6893871960e-01   1.5236736242e+02
   2515.0000000000   1.5168411138e+02   1.7429404582e-01   1.5246595084e+02
   2516.0000000000   1.5177687307e+02   1.7915202827e-01   1.5255862986e+02
   2517.0000000000   1.5186865246e+02   1.8367795249e-01   1.5264990924e+02
   2518.0000000000   1.5195966824e+02   1.8795770465e-01   1.5274027554e+02
   2519.0000000000   1.5205004859e+02   1.9204310767e-01   1.5282994091e+02
   2520.0000000000   1.5213987921e+02   1.9596852495e-01   1.5291902701e+02
   2521.0000000000   1.5223779777e+02   1.9975828315e-01   1.5300761388e+02
   2522.0000000000   1.5233025250e+02   2.1244804425e-01   1.5309575872e+02
   2523.0000000000   1.5242147787e+02   2.1975175991e-01   1.5318350470e+02
   2524.0000000000   1.5251190310e+02   2.2609378063e-01   1.5327088577e+02
   2525.0000000000   1.5260170802e+02   2.3190229432e-01   1.5336694699e+02
   2526.0000000000   1.5269099337e+02   2.4636470447e-01   1.5346642874e+02
   2527.0000000000   1.5277982471e+02   2.5527057001e-01   1.5355946353e+02
   2528.0000000000   1.5286824880e+02   2.6308800054e-01   1.5366893553e+02
   2529.0000000000   1.5295630109e+02   2.7027304971e-01   1.5376684066e+02
   2530.0000000000   1.5305258526e+02   2.7701450412e-01   1.5386226371e+02
   2531.0000000000   1.5315210075e+02   2.8341547897e-01   1.5395618695e+02
   2532.0000000000   1.5324546463e+02   2.9855847878e-01   1.5404902674e+02
   2533.0000000000   1.5333728893e+02   3.1720571395e-01   1.5415003077e+02
   2534.0000000000   1.5342814091e+02   3.2950301773e-01   1.5424504475e+02
   2535.0000000000   1.5351826663e+02   3.4030764095e-01   1.5433858239e+02
   2536.0000000000   1.5360780335e+02   3.5022062329e-01   1.5443113625e+02
   2537.0000000000   1.5370541425e+02   3.5950330782e-01   1.5452292464e+02
   2538.0000000000   1.5379756105e+02   3.6830135920e-01   1.5461407490e+02
   2539.0000000000   1.5388848558e+02   3.7670729807e-01   1.5470467214e+02
   2540.0000000000   1.5397862108e+02   3.8478493494e-01   1.5479477800e+02
   2541.0000000000   1.5406814950e+02   3.9258086029e-01   1.5488443960e+02
   2542.0000000000   1.5415717255e+02   4.0914813675e-01   1.5498271191e+02
   2543.0000000000   1.5424575613e+02   4.2021467294e-01   1.5507532547e+02
   2544.0000000000   1.5433394690e+02   4.3923384162e-01   1.5517573662e+02
   2545.0000000000   1.5442177998e+02   4.5234337854e-01   1.5527008620e+02
   2546.0000000000   1.5450928298e+02   4.6413444376e-01   1.5536296849e+02
   2547.0000000000   1.5459647828e+02   4.7512266761e-01   1.5545490217e+02
   2548.0000000000   1.5468338448e+02   4.8553118836e-01   1.5556414854e+02
   2549.0000000000   1.5477001736e+02   4.9548531636e-01   1.5567125344e+02
   2550.0000000000   1.5485639053e+02   5.0506549555e-01   1.5577082666e+02
   2551.0000000000   1.5494251587e+02   5.1432783933e-01   1.5587719628e+02
   2552.0000000000   1.5502840385e+02   5.2331378180e-01   1.5597685024e+02
   2553.0000000000   1.5512263944e+02   5.3205521427e-01   1.5608358265e+02
   2554.0000000000   1.5521163193e+02   5.4057747079e-01   1.5618372259e+02
   2555.0000000000   1.5529958590e+02   5.5791877400e-01   1.5628198248e+02
   2556.0000000000   1.5539548258e+02   5.7881388086e-01   1.5638797866e+02
   2557.0000000000   1.5548588359e+02   5.9339059296e-01   1.5648769445e+02
   2558.0000000000   1.5557507095e+02   6.0649381784e-01   1.5658571389e+02
   2559.0000000000   1.5566349576e+02   6.1871588295e-01   1.5668257204e+02
   2560.0000000000   1.5576849934e+02   6.3932943013e-01   1.5678753332e+02
   2561.0000000000   1.5586298860e+02   6.5417552342e-01   1.5688644563e+02
   2562.0000000000   1.5595542441e+02   6.6775653955e-01   1.5698382291e+02
   2563.0000000000   1.5604665054e+02   6.8055291244e-01   1.5708015824e+02
   2564.0000000000   1.5613701003e+02   6.9277165399e-01   1.5717567098e+02
   2565.0000000000   1.5623526322e+02   7.0453002961e-01   1.5727048994e+02
   2566.0000000000   1.5632792606e+02   7.1590427093e-01   1.5736470195e+02
   2567.0000000000   1.5641927398e+02   7.2694824568e-01   1.5746738814e+02
   2568.0000000000   1.5651833816e+02   7.3770221110e-01   1.5756429757e+02
   2569.0000000000   1.5662029272e+02   7.5721507966e-01   1.5765988285e+02
   2570.0000000000   1.5671584863e+02   7.7121199432e-01   1.5775459559e+02
   2571.0000000000   1.5681825159e+02   7.8412688202e-01   1.5784862544e+02
   2572.0000000000   1.5693166005e+02   7.9639621802e-01   1.5794207903e+02
   2573.0000000000   1.5703334663e+02   8.0819705636e-01   1.5803502609e+02
   2574.0000000000   1.5713226190e+02   8.1962531468e-01   1.5812751665e+02
   2575.0000000000   1.5722946097e+02   8.3975906365e-01   1.5821958886e+02
   2576.0000000000   1.5732540510e+02   8.6335783173e-01   1.5831127312e+02
   2577.0000000000   1.5742893013e+02   8.8056591400e-01   1.5841161200e+02
   2578.0000000000   1.5752660432e+02   8.9623978648e-01   1.5850632658e+02
   2579.0000000000   1.5762274146e+02   9.1098023145e-01   1.5859984821e+02
   2580.0000000000   1.5771782638e+02   9.3406628060e-01   1.5869261184e+02
   2581.0000000000   1.5781207974e+02   9.5134396392e-01   1.5878479372e+02
   2582.0000000000   1.5790563324e+02   9.6731960982e-01   1.5887648948e+02
   2583.0000000000   1.5799857659e+02   9.8247686133e-01   1.5896775970e+02
   2584.0000000000   1.5809097581e+02   9.9702538271e-01   1.5905864665e+02
   2585.0000000000   1.5819145763e+02   1.0110846656e+00   1.5914918188e+02
   2586.0000000000   1.5828646390e+02   1.0247328358e+00   1.5923939007e+02
   2587.0000000000   1.5838022534e+02   1.0380253919e+00   1.5932929123e+02
   2588.0000000000   1.5847316894e+02   1.0600216027e+00   1.5941890206e+02
   2589.0000000000   1.5856547329e+02   1.0764540612e+00   1.5950823676e+02
   2590.0000000000   1.5865723852e+02   1.0917622915e+00   1.5959730766e+02
   2591.0000000000   1.5874852996e+02   1.1154047110e+00   1.5970416076e+02
   2592.0000000000   1.5883939441e+02   1.1332618742e+00   1.5980020575e+02
   2593.0000000000   1.5892986757e+02   1.1498458386e+00   1.5990329545e+02
   2594.0000000000   1.5901997781e+02   1.1746562503e+00   1.5999997615e+02
   2595.0000000000   1.5910974847e+02   1.1935994229e+00   1.6010401062e+02
   2596.0000000000   1.5919919921e+02   1.2112046172e+00   1.6020169120e+02
   2597.0000000000   1.5928834688e+02   1.2279659652e+00   1.6030671614e+02
   2598.0000000000   1.5937720614e+02   1.2440985723e+00   1.6040535801e+02
   2599.0000000000   1.5946578995e+02   1.2597250405e+00   1.6050229193e+02
   2600.0000000000   1.5955410981e+02   1.2749254249e+00   1.6059809008e+02
   2601.0000000000   1.5964217609e+02   1.2897565102e+00   1.6069301587e+02
   2602.0000000000   1.5972999812e+02   1.3132784790e+00   1.6078722448e+02
   2603.0000000000   1.5981758444e+02   1.3312246129e+00   1.6088081933e+02
   2604.0000000000   1.5990494285e+02   1.3480349806e+00   1.6097387462e+02
   2605.0000000000   1.5999208051e+02   1.3641508575e+00   1.6106644642e+02
   2606.0000000000   1.6007900405e+02   1.3797531567e+00   1.6115857866e+02
   2607.0000000000   1.6017429524e+02   1.3949409721e+00   1.6125030674e+02
   2608.0000000000   1.6026436068e+02   1.4097774480e+00   1.6134165986e+02
   2609.0000000000   1.6035340270e+02   1.4243067699e+00   1.6143266253e+02
   2610.0000000000   1.6044182497e+02   1.4385618747e+00   1.6152333565e+02
   2611.0000000000   1.6052978659e+02   1.4525684482e+00   1.6161369726e+02
   2612.0000000000   1.6061737116e+02   1.4663472070e+00   1.6170376311e+02
   2613.0000000000   1.6070462989e+02   1.4799152965e+00   1.6179354708e+02
   2614.0000000000   1.6079159735e+02   1.5023047905e+00   1.6188306153e+02
   2615.0000000000   1.6087829855e+02   1.5192281492e+00   1.6197231749e+02
   2616.0000000000   1.6096475253e+02   1.5351094953e+00   1.6206132493e+02
   2617.0000000000   1.6105097433e+02   1.5593951575e+00   1.6215009288e+02
   2618.0000000000   1.6113697623e+02   1.5779560022e+00   1.6224764716e+02
   2619.0000000000   1.6122276848e+02   1.5952961885e+00   1.6233969533e+02
   2620.0000000000   1.6130835986e+02   1.6118912382e+00   1.6243065764e+02
   2621.0000000000   1.6139375796e+02   1.6279419697e+00   1.6252095968e+02
   2622.0000000000   1.6149612071e+02   1.6435597143e+00   1.6261076978e+02
   2623.0000000000   1.6159683147e+02   1.6588154383e+00   1.6270919433e+02
   2624.0000000000   1.6169069046e+02   1.6737584644e+00   1.6280198796e+02
   2625.0000000000   1.6179127249e+02   1.6884251645e+00   1.6289360103e+02
   2626.0000000000   1.6188569038e+02   1.7028435455e+00   1.6298447966e+02
   2627.0000000000   1.6198703365e+02   1.7170358962e+00   1.6307480676e+02
   2628.0000000000   1.6208227890e+02   1.7310204209e+00   1.6316468192e+02
   2629.0000000000   1.6217588941e+02   1.7538298951e+00   1.6325416796e+02
   2630.0000000000   1.6226841952e+02   1.7711772278e+00   1.6335232587e+02
   2631.0000000000   1.6236012608e+02   1.7874868115e+00   1.6344488763e+02
   2632.0000000000   1.6245116070e+02   1.8031875237e+00   1.6353629113e+02
   2633.0000000000   1.6255877559e+02   1.8184502542e+00   1.6362697519e+02
   2634.0000000000   1.6266442042e+02   1.8333658436e+00   1.6371711827e+02
   2635.0000000000   1.6276294445e+02   1.8570081279e+00   1.6381583469e+02
   2636.0000000000   1.6285938444e+02   1.8751154736e+00   1.6390888541e+02
   2637.0000000000   1.6295448194e+02   1.8921291133e+00   1.6400072589e+02
   2638.0000000000   1.6304857769e+02   1.9175072090e+00   1.6410984162e+02
   2639.0000000000   1.6315044393e+02   1.9461466980e+00   1.6420781903e+02
   2640.0000000000   1.6324660966e+02   1.9682580131e+00   1.6430358721e+02
   2641.0000000000   1.6334993776e+02   1.9977522788e+00   1.6440706740e+02
   2642.0000000000   1.6344729482e+02   2.0209531695e+00   1.6450432987e+02
   2643.0000000000   1.6354308411e+02   2.0425505190e+00   1.6459998818e+02
   2644.0000000000   1.6363782484e+02   2.0721376082e+00   1.6469458660e+02
   2645.0000000000   1.6373175222e+02   2.0956774203e+00   1.6478837289e+02
   2646.0000000000   1.6382500423e+02   2.1177365815e+00   1.6488149232e+02
   2647.0000000000   1.6391767298e+02   2.1388353467e+00   1.6497404140e+02
   2648.0000000000   1.6400982505e+02   2.1592078828e+00   1.6506608932e+02
   2649.0000000000   1.6411008676e+02   2.1789911650e+00   1.6515768827e+02
   2650.0000000000   1.6421347475e+02   2.1982763732e+00   1.6524887915e+02
   2651.0000000000   1.6431919519e+02   2.2171290880e+00   1.6533969489e+02
   2652.0000000000   1.6441827183e+02   2.2355989807e+00   1.6543016263e+02
   2653.0000000000   1.6451547777e+02   2.2537250942e+00   1.6552030514e+02
   2654.0000000000   1.6462004073e+02   2.2715389884e+00   1.6561915944e+02
   2655.0000000000   1.6471865948e+02   2.2890667408e+00   1.6571244230e+02
   2656.0000000000   1.6481570309e+02   2.3063302837e+00   1.6580458163e+02
   2657.0000000000   1.6491168263e+02   2.3233483352e+00   1.6589600952e+02
   2658.0000000000   1.6500683199e+02   2.3401370679e+00   1.6599591738e+02
   2659.0000000000   1.6510986531e+02   2.3657281945e+00   1.6609911634e+02
   2660.0000000000   1.6520727659e+02   2.3858341821e+00   1.6619577840e+02
   2661.0000000000   1.6530333044e+02   2.4138969735e+00   1.6629077666e+02
   2662.0000000000   1.6539847713e+02   2.4450632806e+00   1.6638472271e+02
   2663.0000000000   1.6549291200e+02   2.4696177018e+00   1.6647788547e+02
   2664.0000000000   1.6558674758e+02   2.4924840765e+00   1.6657041638e+02
   2665.0000000000   1.6568005868e+02   2.5143007865e+00   1.6666241261e+02
   2666.0000000000   1.6577289948e+02   2.5443700011e+00   1.6675394185e+02
   2667.0000000000   1.6586531152e+02   2.5685530193e+00   1.6686308922e+02
   2668.0000000000   1.6595732792e+02   2.5913667977e+00   1.6696129319e+02
   2669.0000000000   1.6604897588e+02   2.6133026989e+00   1.6705741089e+02
   2670.0000000000   1.6614027824e+02   2.6345761935e+00   1.6716132324e+02
   2671.0000000000   1.6623125454e+02   2.6643288628e+00   1.6725907577e+02
   2672.0000000000   1.6633049735e+02   2.6883424307e+00   1.6735526588e+02
   2673.0000000000   1.6642442242e+02   2.7110885973e+00   1.6745042682e+02
   2674.0000000000   1.6651723992e+02   2.7330306523e+00   1.6754479856e+02
   2675.0000000000   1.6660936032e+02   2.7633831540e+00   1.6763852071e+02
   2676.0000000000   1.6670952427e+02   2.7879573540e+00   1.6773168558e+02
   2677.0000000000   1.6680422146e+02   2.8112391310e+00   1.6783337676e+02
   2678.0000000000   1.6690628034e+02   2.8427169810e+00   1.6792934406e+02
   2679.0000000000   1.6700253915e+02   2.8682923337e+00   1.6802403974e+02
   2680.0000000000   1.6709737798e+02   2.8924924746e+00   1.6812693208e+02
   2681.0000000000   1.6719129703e+02   2.9248285942e+00   1.6822390944e+02
   2682.0000000000   1.6728451579e+02   2.9512160294e+00   1.6831949024e+02
   2683.0000000000   1.6737715911e+02   2.9761912722e+00   1.6842317943e+02
   2684.0000000000   1.6746930803e+02   3.0002543708e+00   1.6852088778e+02
   2685.0000000000   1.6756101973e+02   3.0236253561e+00   1.6862616598e+02
   2686.0000000000   1.6766091248e+02   3.0464309929e+00   1.6872521153e+02
   2687.0000000000   1.6775542034e+02   3.0687549000e+00   1.6882265576e+02
   2688.0000000000   1.6784876693e+02   3.0996745392e+00   1.6892806069e+02
   2689.0000000000   1.6794994846e+02   3.1249352245e+00   1.6902737109e+02
   2690.0000000000   1.6804553863e+02   3.1489858928e+00   1.6912514244e+02
   2691.0000000000   1.6813982935e+02   3.1722746406e+00   1.6923090552e+02
   2692.0000000000   1.6824185558e+02   3.1949878038e+00   1.6933058996e+02
   2693.0000000000   1.6833821519e+02   3.2172289023e+00   1.6942874311e+02
   2694.0000000000   1.6843321621e+02   3.2390647704e+00   1.6952587351e+02
   2695.0000000000   1.6853590492e+02   3.2605427243e+00   1.6962220798e+02
   2696.0000000000   1.6863288745e+02   3.2907159879e+00   1.6971787887e+02
   2697.0000000000   1.6872847807e+02   3.3153126221e+00   1.6981297442e+02
   2698.0000000000   1.6883172785e+02   3.3387687138e+00   1.6990755843e+02
   2699.0000000000   1.6892924673e+02   3.3615224609e+00   1.7000167954e+02
   2700.0000000000   1.6902535202e+02   3.3927699651e+00   1.7009537630e+02
   2701.0000000000   1.6912052167e+02   3.4183084528e+00   1.7018868015e+02
   2702.0000000000   1.6921496679e+02   3.4516304611e+00   1.7028161729e+02
   2703.0000000000   1.6930880944e+02   3.4788982201e+00   1.7037420996e+02
   2704.0000000000   1.6940213038e+02   3.5047193943e+00   1.7046647734e+02
   2705.0000000000   1.6949498755e+02   3.5296214010e+00   1.7055843612e+02
   2706.0000000000   1.6958742489e+02   3.5538362017e+00   1.7065010103e+02
   2707.0000000000   1.6968805269e+02   3.5774959743e+00   1.7074148514e+02
   2708.0000000000   1.6978329996e+02   3.6006866849e+00   1.7083260017e+02
   2709.0000000000   1.6987738708e+02   3.6234690109e+00   1.7092345669e+02
   2710.0000000000   1.6997930812e+02   3.6458882474e+00   1.7102308187e+02
   2711.0000000000   1.7008421102e+02   3.6769972087e+00   1.7112620208e+02
   2712.0000000000   1.7019993892e+02   3.7025241757e+00   1.7123195622e+02
   2713.0000000000   1.7030394932e+02   3.7269056792e+00   1.7133088422e+02
   2714.0000000000   1.7040523151e+02   3.7505804112e+00   1.7142798778e+02
   2715.0000000000   1.7050484807e+02   3.7737273538e+00   1.7152393807e+02
   2716.0000000000   1.7061183454e+02   3.7964441311e+00   1.7162805369e+02
   2717.0000000000   1.7071284805e+02   3.8187927541e+00   1.7173522272e+02
   2718.0000000000   1.7081224844e+02   3.8408165269e+00   1.7183566770e+02
   2719.0000000000   1.7091054676e+02   3.8625476971e+00   1.7194331446e+02
   2720.0000000000   1.7100797960e+02   3.8840114109e+00   1.7205351773e+02
   2721.0000000000   1.7110468878e+02   3.9052279628e+00   1.7215667892e+02
   2722.0000000000   1.7120077070e+02   3.9262141707e+00   1.7226681437e+02
   2723.0000000000   1.7131344715e+02   3.9469842653e+00   1.7237031454e+02
   2724.0000000000   1.7142414974e+02   3.9675504927e+00   1.7247191544e+02
   2725.0000000000   1.7153629212e+02   3.9879235369e+00   1.7257222666e+02
   2726.0000000000   1.7164988042e+02   4.0081128274e+00   1.7267153703e+02
   2727.0000000000   1.7175624944e+02   4.0371443591e+00   1.7277002035e+02
   2728.0000000000   1.7186890828e+02   4.0607257082e+00   1.7286779418e+02
   2729.0000000000   1.7197500567e+02   4.0832770090e+00   1.7297396159e+02
   2730.0000000000   1.7208767491e+02   4.1052236972e+00   1.7307428775e+02
   2731.0000000000   1.7219393149e+02   4.1267338502e+00   1.7318225505e+02
   2732.0000000000   1.7230684703e+02   4.1659311727e+00   1.7329304207e+02
   2733.0000000000   1.7242197979e+02   4.1942700319e+00   1.7339695913e+02
   2734.0000000000   1.7253020753e+02   4.2206137577e+00   1.7350796880e+02
   2735.0000000000   1.7263629715e+02   4.2458273490e+00   1.7361242713e+02
   2736.0000000000   1.7274091947e+02   4.2702557728e+00   1.7371504691e+02
   2737.0000000000   1.7284439494e+02   4.2940815514e+00   1.7382543898e+02
   2738.0000000000   1.7294691691e+02   4.3264342168e+00   1.7392958045e+02
   2739.0000000000   1.7305719234e+02   4.3530890998e+00   1.7403204965e+02
   2740.0000000000   1.7316171802e+02   4.3785134973e+00   1.7413337681e+02
   2741.0000000000   1.7326476455e+02   4.4031671918e+00   1.7423380476e+02
   2742.0000000000   1.7336678907e+02   4.4362617463e+00   1.7435151322e+02
   2743.0000000000   1.7347656937e+02   4.4636057712e+00   1.7446701777e+02
   2744.0000000000   1.7358920099e+02   4.4896827809e+00   1.7458393422e+02
   2745.0000000000   1.7369536263e+02   4.5149615464e+00   1.7469326945e+02
   2746.0000000000   1.7380828528e+02   4.5396415388e+00   1.7480924229e+02
   2747.0000000000   1.7391496948e+02   4.5638349853e+00   1.7491833698e+02
   2748.0000000000   1.7401988357e+02   4.5876146699e+00   1.7504337681e+02
   2749.0000000000   1.7412358387e+02   4.6110320626e+00   1.7515640400e+02
   2750.0000000000   1.7422632918e+02   4.6341257373e+00   1.7526655624e+02
   2751.0000000000   1.7433684933e+02   4.6569258306e+00   1.7538387948e+02
   2752.0000000000   1.7444164923e+02   4.6794566332e+00   1.7549452843e+02
   2753.0000000000   1.7454500158e+02   4.7017382041e+00   1.7560317818e+02
   2754.0000000000   1.7464736308e+02   4.7328050235e+00   1.7571042005e+02
   2755.0000000000   1.7474893429e+02   4.7583715621e+00   1.7581653903e+02
   2756.0000000000   1.7485840782e+02   4.7828636409e+00   1.7592171066e+02
   2757.0000000000   1.7497083881e+02   4.8067114452e+00   1.7602605654e+02
   2758.0000000000   1.7508545836e+02   4.8300870625e+00   1.7612966702e+02
   2759.0000000000   1.7519330754e+02   4.8530824327e+00   1.7624163001e+02
   2760.0000000000   1.7529917229e+02   4.8757548108e+00   1.7634770206e+02
   2761.0000000000   1.7540371457e+02   4.8981434701e+00   1.7646136070e+02
   2762.0000000000   1.7550724016e+02   4.9202772033e+00   1.7657778195e+02
   2763.0000000000   1.7560992758e+02   4.9421781657e+00   1.7668727501e+02
   2764.0000000000   1.7571189470e+02   4.9638640399e+00   1.7679478465e+02
   2765.0000000000   1.7581322564e+02   4.9943669362e+00   1.7690096728e+02
   2766.0000000000   1.7591398376e+02   5.0284166639e+00   1.7701514078e+02
   2767.0000000000   1.7601421872e+02   5.0561369761e+00   1.7712318025e+02
   2768.0000000000   1.7611397064e+02   5.0823694378e+00   1.7722961488e+02
   2769.0000000000   1.7622184835e+02   5.1167211884e+00   1.7734396452e+02
   2770.0000000000   1.7632428073e+02   5.1451449777e+00   1.7745215447e+02
   2771.0000000000   1.7643406444e+02   5.1721931907e+00   1.7755873087e+02
   2772.0000000000   1.7653801986e+02   5.1983724666e+00   1.7766420265e+02
   2773.0000000000   1.7664909237e+02   5.2239050106e+00   1.7776879791e+02
   2774.0000000000   1.7675417696e+02   5.2579351440e+00   1.7787265071e+02
   2775.0000000000   1.7685768663e+02   5.2862453485e+00   1.7797585127e+02
   2776.0000000000   1.7696014299e+02   5.3133070691e+00   1.7807846544e+02
   2777.0000000000   1.7706178065e+02   5.3395828229e+00   1.7818054400e+02
   2778.0000000000   1.7716273580e+02   5.3742861420e+00   1.7828212757e+02
   2779.0000000000   1.7726309840e+02   5.4032271436e+00   1.7838324966e+02
   2780.0000000000   1.7737150844e+02   5.4308905437e+00   1.7850197365e+02
   2781.0000000000   1.7747441547e+02   5.4577461005e+00   1.7860972378e+02
   2782.0000000000   1.7757605479e+02   5.4930117058e+00   1.7871534767e+02
   2783.0000000000   1.7767685610e+02   5.5315179099e+00   1.7881970225e+02
   2784.0000000000   1.7777699962e+02   5.5724690241e+00   1.7892312871e+02
   2785.0000000000   1.7787658639e+02   5.6064495877e+00   1.7902580834e+02
   2786.0000000000   1.7797568226e+02   5.6384935324e+00   1.7912785338e+02
   2787.0000000000   1.7808290990e+02   5.6692962753e+00   1.7922934039e+02
   2788.0000000000   1.7818470594e+02   5.6991776001e+00   1.7933032516e+02
   2789.0000000000   1.7828529575e+02   5.7283228743e+00   1.7943085043e+02
   2790.0000000000   1.7838510125e+02   5.7568533725e+00   1.7953095017e+02
   2791.0000000000   1.7848429639e+02   5.7848547280e+00   1.7963065214e+02
   2792.0000000000   1.7858297712e+02   5.8123906965e+00   1.7972997959e+02
   2793.0000000000   1.7868120502e+02   5.8395106356e+00   1.7982895233e+02
   2794.0000000000   1.7878759922e+02   5.8662539212e+00   1.7993660512e+02
   2795.0000000000   1.7888859331e+02   5.8926527230e+00   1.8003865304e+02
   2796.0000000000   1.7898841007e+02   5.9187338373e+00   1.8013952274e+02
   2797.0000000000   1.7908746915e+02   5.9445199450e+00   1.8023964539e+02
   2798.0000000000   1.7918594254e+02   5.9700305048e+00   1.8033919415e+02
   2799.0000000000   1.7928392445e+02   5.9952824046e+00   1.8043826208e+02
   2800.0000000000   1.7938147493e+02   6.0202904473e+00   1.8053690763e+02
   2801.0000000000   1.7949578736e+02   6.0450677214e+00   1.8063517123e+02
   2802.0000000000   1.7960827063e+02   6.0696258882e+00   1.8074210049e+02
   2803.0000000000   1.7972231990e+02   6.0939754076e+00   1.8084341875e+02
   2804.0000000000   1.7983792603e+02   6.1181257190e+00   1.8095257579e+02
   2805.0000000000   1.7994641107e+02   6.1420853866e+00   1.8105570652e+02
   2806.0000000000   1.8006127327e+02   6.1658622190e+00   1.8115739995e+02
   2807.0000000000   1.8016965218e+02   6.1984809590e+00   1.8126718773e+02
   2808.0000000000   1.8027609752e+02   6.2346657988e+00   1.8138000947e+02
   2809.0000000000   1.8038121699e+02   6.2645361324e+00   1.8149512065e+02
   2810.0000000000   1.8050245483e+02   6.3019476837e+00   1.8160313378e+02
   2811.0000000000   1.8061279061e+02   6.3331872881e+00   1.8170909965e+02
   2812.0000000000   1.8072073910e+02   6.3629187648e+00   1.8181372457e+02
   2813.0000000000   1.8082718552e+02   6.3916986158e+00   1.8191733570e+02
   2814.0000000000   1.8093250571e+02   6.4197751763e+00   1.8202914125e+02
   2815.0000000000   1.8104548656e+02   6.4472903371e+00   1.8213496638e+02
   2816.0000000000   1.8116124151e+02   6.4743360139e+00   1.8223931295e+02
   2817.0000000000   1.8128761644e+02   6.5009765854e+00   1.8234266623e+02
   2818.0000000000   1.8140208122e+02   6.5272596488e+00   1.8244523978e+02
   2819.0000000000   1.8151363942e+02   6.5532218299e+00   1.8254715779e+02
   2820.0000000000   1.8162336745e+02   6.5879097891e+00   1.8266653835e+02
   2821.0000000000   1.8173173782e+02   6.6170471994e+00   1.8277484165e+02
   2822.0000000000   1.8184759372e+02   6.6450669922e+00   1.8288094034e+02
   2823.0000000000   1.8196608451e+02   6.6724049526e+00   1.8298570946e+02
   2824.0000000000   1.8207792938e+02   6.6992376511e+00   1.8309852133e+02
   2825.0000000000   1.8218781405e+02   6.7256606685e+00   1.8320526763e+02
   2826.0000000000   1.8229636129e+02   6.7697694377e+00   1.8331048196e+02
   2827.0000000000   1.8240386035e+02   6.8030057729e+00   1.8343270163e+02
   2828.0000000000   1.8251048301e+02   6.8342271608e+00   1.8355256758e+02
   2829.0000000000   1.8262492061e+02   6.8733135476e+00   1.8367375416e+02
   2830.0000000000   1.8273365825e+02   6.9153265068e+00   1.8378729990e+02
   2831.0000000000   1.8284095745e+02   6.9505617454e+00   1.8389842481e+02
   2832.0000000000   1.8295584389e+02   6.9839640447e+00   1.8400792496e+02
   2833.0000000000   1.8306491489e+02   7.0252084712e+00   1.8411618293e+02
   2834.0000000000   1.8317248179e+02   7.0602954072e+00   1.8422342697e+02
   2835.0000000000   1.8327902021e+02   7.0938122312e+00   1.8432980947e+02
   2836.0000000000   1.8339331669e+02   7.1262922240e+00   1.8443543969e+02
   2837.0000000000   1.8350189515e+02   7.1579784539e+00   1.8454039997e+02
   2838.0000000000   1.8360903503e+02   7.1980319582e+00   1.8464475464e+02
   2839.0000000000   1.8371519508e+02   7.2322488678e+00   1.8474855546e+02
   2840.0000000000   1.8382915162e+02   7.2651119520e+00   1.8485184497e+02
   2841.0000000000   1.8393742179e+02   7.2970932513e+00   1.8495465885e+02
   2842.0000000000   1.8405285585e+02   7.3374144019e+00   1.8505702743e+02
   2843.0000000000   1.8416230981e+02   7.3718924875e+00   1.8515897687e+02
   2844.0000000000   1.8427017854e+02   7.4050182677e+00   1.8527856514e+02
   2845.0000000000   1.8437697471e+02   7.4372667854e+00   1.8538721233e+02
   2846.0000000000   1.8448292850e+02   7.4688429942e+00   1.8550278046e+02
   2847.0000000000   1.8458817401e+02   7.4998639526e+00   1.8561182386e+02
   2848.0000000000   1.8469280041e+02   7.5304067319e+00   1.8571909492e+02
   2849.0000000000   1.8479687201e+02   7.5605266289e+00   1.8583420994e+02
   2850.0000000000   1.8490901346e+02   7.5902656522e+00   1.8594314207e+02
   2851.0000000000   1.8501566452e+02   7.6286746273e+00   1.8605046312e+02
   2852.0000000000   1.8512962957e+02   7.6614806745e+00   1.8615669646e+02
   2853.0000000000   1.8523773474e+02   7.6931197034e+00   1.8626207841e+02
   2854.0000000000   1.8534435409e+02   7.7240301411e+00   1.8636674769e+02
   2855.0000000000   1.8544998506e+02   7.7543909416e+00   1.8647079704e+02
   2856.0000000000   1.8556342191e+02   7.7842998584e+00   1.8657429349e+02
   2857.0000000000   1.8567119057e+02   7.8138191365e+00   1.8667728812e+02
   2858.0000000000   1.8577756996e+02   7.8429923810e+00   1.8677982139e+02
   2859.0000000000   1.8588301714e+02   7.8718521831e+00   1.8688192624e+02
   2860.0000000000   1.8598773061e+02   7.9094416487e+00   1.8698363011e+02
   2861.0000000000   1.8609182428e+02   7.9414814780e+00   1.8708495630e+02
   2862.0000000000   1.8619537340e+02   7.9724021738e+00   1.8719494246e+02
   2863.0000000000   1.8629843213e+02   8.0026375612e+00   1.8729930612e+02
   2864.0000000000   1.8640961736e+02   8.0323626405e+00   1.8740247600e+02
   2865.0000000000   1.8651536272e+02   8.0616717405e+00   1.8750488505e+02
   2866.0000000000   1.8661989201e+02   8.0996417096e+00   1.8760670793e+02
   2867.0000000000   1.8672362633e+02   8.1320135539e+00   1.8770803905e+02
   2868.0000000000   1.8682673927e+02   8.1722484384e+00   1.8780893798e+02
   2869.0000000000   1.8692932663e+02   8.2064890559e+00   1.8790944617e+02
   2870.0000000000   1.8703145004e+02   8.2393299225e+00   1.8801861208e+02
   2871.0000000000   1.8713315309e+02   8.2803066747e+00   1.8812215984e+02
   2872.0000000000   1.8723446865e+02   8.3243619088e+00   1.8823353989e+02
   2873.0000000000   1.8733542269e+02   8.3707533352e+00   1.8834790533e+02
   2874.0000000000   1.8744461203e+02   8.4100951885e+00   1.8845554573e+02
   2875.0000000000   1.8754845533e+02   8.4564571673e+00   1.8856138892e+02
   2876.0000000000   1.8765116478e+02   8.4962466001e+00   1.8866607652e+02
   2877.0000000000   1.8775315229e+02   8.5342047374e+00   1.8878793101e+02
   2878.0000000000   1.8786315955e+02   8.5709419897e+00   1.8889851605e+02
   2879.0000000000   1.8796767703e+02   8.6067463064e+00   1.8901578148e+02
   2880.0000000000   1.8807095812e+02   8.6417898488e+00   1.8913535729e+02
   2881.0000000000   1.8817344062e+02   8.6761883593e+00   1.8924773623e+02
   2882.0000000000   1.8827530796e+02   8.7190430071e+00   1.8935795951e+02
   2883.0000000000   1.8838523758e+02   8.7561171798e+00   1.8946674120e+02
   2884.0000000000   1.8849827129e+02   8.7918739551e+00   1.8957441880e+02
   2885.0000000000   1.8861362843e+02   8.8267727303e+00   1.8968119264e+02
   2886.0000000000   1.8872233972e+02   8.8610090364e+00   1.8980523155e+02
   2887.0000000000   1.8882918192e+02   8.8946939883e+00   1.8991803145e+02
   2888.0000000000   1.8893480878e+02   8.9279007773e+00   1.9002849123e+02
   2889.0000000000   1.8903951876e+02   8.9606821019e+00   1.9013750588e+02
   2890.0000000000   1.8914348380e+02   8.9930781979e+00   1.9024544567e+02
   2891.0000000000   1.8924681582e+02   9.0251210745e+00   1.9035251462e+02
   2892.0000000000   1.8934959355e+02   9.0748721593e+00   1.9045884307e+02
   2893.0000000000   1.8946045108e+02   9.1137535197e+00   1.9056452222e+02
   2894.0000000000   1.8956583447e+02   9.1506105639e+00   1.9066961989e+02
   2895.0000000000   1.8966997676e+02   9.1862980158e+00   1.9077418878e+02
   2896.0000000000   1.8978188165e+02   9.2211549278e+00   1.9088728876e+02
   2897.0000000000   1.8988812901e+02   9.2553605190e+00   1.9099465468e+02
   2898.0000000000   1.8999301583e+02   9.2890250456e+00   1.9110072907e+02
   2899.0000000000   1.9010558134e+02   9.3222231564e+00   1.9120595611e+02
   2900.0000000000   1.9021242707e+02   9.3550088525e+00   1.9131051975e+02
   2901.0000000000   1.9031786419e+02   9.3964407294e+00   1.9141452218e+02
   2902.0000000000   1.9042236608e+02   9.4322511141e+00   1.9151802956e+02
   2903.0000000000   1.9053471601e+02   9.4668794993e+00   1.9162108901e+02
   2904.0000000000   1.9064143423e+02   9.5007668302e+00   1.9172373626e+02
   2905.0000000000   1.9074679639e+02   9.5340938614e+00   1.9182599969e+02
   2906.0000000000   1.9085125748e+02   9.5669596525e+00   1.9192790257e+02
   2907.0000000000   1.9095501455e+02   9.6084449985e+00   1.9203848207e+02
   2908.0000000000   1.9105818038e+02   9.6442942404e+00   1.9214345501e+02
   2909.0000000000   1.9116082931e+02   9.6789538009e+00   1.9224724931e+02
   2910.0000000000   1.9126301471e+02   9.7218863985e+00   1.9235029711e+02
   2911.0000000000   1.9136477708e+02   9.7589754151e+00   1.9245277228e+02
   2912.0000000000   1.9146614851e+02   9.7947348624e+00   1.9255476849e+02
   2913.0000000000   1.9157573076e+02   9.8386658061e+00   1.9265634457e+02
   2914.0000000000   1.9167994654e+02   9.8766756419e+00   1.9275754133e+02
   2915.0000000000   1.9178301142e+02   9.9132944955e+00   1.9286740661e+02
   2916.0000000000   1.9188534008e+02   9.9490172211e+00   1.9297166398e+02
   2917.0000000000   1.9198710096e+02   9.9840595512e+00   1.9307474576e+02
   2918.0000000000   1.9208838565e+02   1.0018544650e+01   1.9317708695e+02
   2919.0000000000   1.9220640349e+02   1.0052553091e+01   1.9328788095e+02
   2920.0000000000   1.9231399685e+02   1.0086142145e+01   1.9339292267e+02
   2921.0000000000   1.9241959001e+02   1.0128372460e+01   1.9350570265e+02
   2922.0000000000   1.9252400399e+02   1.0164977766e+01   1.9361238142e+02
   2923.0000000000   1.9263614246e+02   1.0200398567e+01   1.9371756518e+02
   2924.0000000000   1.9275115633e+02   1.0235076567e+01   1.9382178007e+02
   2925.0000000000   1.9285975116e+02   1.0269193098e+01   1.9392525695e+02
   2926.0000000000   1.9296659572e+02   1.0311865258e+01   1.9402812704e+02
   2927.0000000000   1.9307229600e+02   1.0348856625e+01   1.9413047550e+02
   2928.0000000000   1.9317712581e+02   1.0384625088e+01   1.9424137989e+02
   2929.0000000000   1.9328124303e+02   1.0419623194e+01   1.9435560249e+02
   2930.0000000000   1.9338475098e+02   1.0454039399e+01   1.9446329133e+02
   2931.0000000000   1.9348772286e+02   1.0487978089e+01   1.9456930672e+02
   2932.0000000000   1.9359021339e+02   1.0521506262e+01   1.9467425310e+02
   2933.0000000000   1.9369226516e+02   1.0554671015e+01   1.9477839527e+02
   2934.0000000000   1.9379391235e+02   1.0587507547e+01   1.9488188232e+02
   2935.0000000000   1.9389518303e+02   1.0620043354e+01   1.9498481004e+02
   2936.0000000000   1.9399610074e+02   1.0652300634e+01   1.9509626302e+02
   2937.0000000000   1.9409668551e+02   1.0684297774e+01   1.9520199088e+02
   2938.0000000000   1.9419695464e+02   1.0716050315e+01   1.9530644527e+02
   2939.0000000000   1.9429692323e+02   1.0747571617e+01   1.9541007602e+02
   2940.0000000000   1.9440518023e+02   1.0778873316e+01   1.9551307059e+02
   2941.0000000000   1.9450813838e+02   1.0809965669e+01   1.9561553325e+02
   2942.0000000000   1.9461000530e+02   1.0840857802e+01   1.9571753131e+02
   2943.0000000000   1.9471118924e+02   1.0880575498e+01   1.9581911241e+02
   2944.0000000000   1.9481185333e+02   1.0914826185e+01   1.9592031240e+02
   2945.0000000000   1.9491208471e+02   1.0948029900e+01   1.9602115945e+02
   2946.0000000000   1.9501193772e+02   1.0980612014e+01   1.9612167645e+02
   2947.0000000000   1.9511144973e+02   1.1012740573e+01   1.9622188244e+02
   2948.0000000000   1.9521064825e+02   1.1044504083e+01   1.9632179361e+02
   2949.0000000000   1.9530955454e+02   1.1075956865e+01   1.9643044151e+02
   2950.0000000000   1.9540818567e+02   1.1107135667e+01   1.9653353838e+02
   2951.0000000000   1.9551513140e+02   1.1147084681e+01   1.9663550831e+02
   2952.0000000000   1.9561680454e+02   1.1181524181e+01   1.9673678015e+02
   2953.0000000000   1.9571741237e+02   1.1214883478e+01   1.9683752495e+02
   2954.0000000000   1.9583451381e+02   1.1256612423e+01   1.9693783385e+02
   2955.0000000000   1.9594107301e+02   1.1301601906e+01   1.9704678107e+02
   2956.0000000000   1.9604557030e+02   1.1340057805e+01   1.9715010544e+02
   2957.0000000000   1.9614885649e+02   1.1376870132e+01   1.9725224869e+02
   2958.0000000000   1.9625127695e+02   1.1412659754e+01   1.9736266954e+02
   2959.0000000000   1.9635301672e+02   1.1456718558e+01   1.9747626547e+02
   2960.0000000000   1.9645419035e+02   1.1494901223e+01   1.9758324751e+02
   2961.0000000000   1.9655487542e+02   1.1531720123e+01   1.9768850976e+02
   2962.0000000000   1.9665512789e+02   1.1567663265e+01   1.9779267647e+02
   2963.0000000000   1.9675498997e+02   1.1602943547e+01   1.9789602475e+02
   2964.0000000000   1.9685449465e+02   1.1637682914e+01   1.9799871168e+02
   2965.0000000000   1.9695366847e+02   1.1671961390e+01   1.9810985601e+02
   2966.0000000000   1.9705253323e+02   1.1705835973e+01   1.9822424598e+02
   2967.0000000000   1.9715110720e+02   1.1739349545e+01   1.9833204705e+02
   2968.0000000000   1.9724940594e+02   1.1772535659e+01   1.9843813186e+02
   2969.0000000000   1.9734744284e+02   1.1805421356e+01   1.9854311386e+02
   2970.0000000000   1.9744522962e+02   1.1838028943e+01   1.9866529985e+02
   2971.0000000000   1.9754277658e+02   1.1870377164e+01   1.9877624420e+02
   2972.0000000000   1.9764009291e+02   1.1902482016e+01   1.9889389106e+02
   2973.0000000000   1.9773718683e+02   1.1943374920e+01   1.9901386675e+02
   2974.0000000000   1.9785979263e+02   1.1978767989e+01   1.9912666164e+02
   2975.0000000000   1.9798427098e+02   1.2013085190e+01   1.9924633294e+02
   2976.0000000000   1.9809602078e+02   1.2046755227e+01   1.9935929366e+02
   2977.0000000000   1.9820463768e+02   1.2088966576e+01   1.9947931141e+02
   2978.0000000000   1.9831138748e+02   1.2125510214e+01   1.9960172282e+02
   2979.0000000000   1.9841682143e+02   1.2160855877e+01   1.9971693684e+02
   2980.0000000000   1.9852124354e+02   1.2195461360e+01   1.9982996482e+02
   2981.0000000000   1.9862484402e+02   1.2238534845e+01   1.9995052749e+02
   2982.0000000000   1.9873632761e+02   1.2275881294e+01   2.0006465913e+02
   2983.0000000000   1.9885933918e+02   1.2320998324e+01   2.0017697354e+02
   2984.0000000000   1.9897094708e+02   1.2360051558e+01   2.0028802527e+02
   2985.0000000000   1.9909714916e+02   1.2397650936e+01   2.0039807490e+02
   2986.0000000000   1.9921174189e+02   1.2434325400e+01   2.0050728058e+02
   2987.0000000000   1.9932354225e+02   1.2470307914e+01   2.0061575092e+02
   2988.0000000000   1.9943358201e+02   1.2514748884e+01   2.0072356617e+02
   2989.0000000000   1.9955089477e+02   1.2553434679e+01   2.0083078853e+02
   2990.0000000000   1.9966214324e+02   1.2590839471e+01   2.0093746792e+02
   2991.0000000000   1.9977169456e+02   1.2627427825e+01   2.0105266298e+02
   2992.0000000000   1.9988006711e+02   1.2663397302e+01   2.0116210822e+02
   2993.0000000000   1.9998750417e+02   1.2707876922e+01   2.0127024636e+02
   2994.0000000000   2.0009415359e+02   1.2746639252e+01   2.0137752203e+02
   2995.0000000000   2.0020011709e+02   1.2784149113e+01   2.0148411983e+02
   2996.0000000000   2.0030546988e+02   1.2820864497e+01   2.0159014266e+02
   2997.0000000000   2.0041027031e+02   1.2856978196e+01   2.0169565742e+02
   2998.0000000000   2.0051456517e+02   1.2892598095e+01   2.0180071199e+02
   2999.0000000000   2.0061839297e+02   1.2927794051e+01   2.0190534285e+02
   3000.0000000000   2.0072178599e+02   1.2962615510e+01   2.0201859666e+02
   3001.0000000000   2.0083334740e+02   1.2997099628e+01   2.0212619740e+02
   3002.0000000000   2.0093950186e+02   1.3031275530e+01   2.0223257860e+02
   3003.0000000000   2.0104446711e+02   1.3074184381e+01   2.0233817685e+02
   3004.0000000000   2.0114866012e+02   1.3111545754e+01   2.0244316976e+02
   3005.0000000000   2.0125225155e+02   1.3156807071e+01   2.0254765403e+02
   3006.0000000000   2.0136391079e+02   1.3196101768e+01   2.0265169116e+02
   3007.0000000000   2.0147009886e+02   1.3234017882e+01   2.0275532421e+02
   3008.0000000000   2.0157505527e+02   1.3271068775e+01   2.0285858540e+02
   3009.0000000000   2.0168778641e+02   1.3307475955e+01   2.0296150000e+02
   3010.0000000000   2.0179487297e+02   1.3343363581e+01   2.0307310616e+02
   3011.0000000000   2.0190061190e+02   1.3378811310e+01   2.0318813866e+02
   3012.0000000000   2.0200546637e+02   1.3413874753e+01   2.0330574307e+02
   3013.0000000000   2.0210963641e+02   1.3448595061e+01   2.0341646464e+02
   3014.0000000000   2.0221323554e+02   1.3492021606e+01   2.0352530945e+02
   3015.0000000000   2.0231633782e+02   1.3538897366e+01   2.0364196992e+02
   3016.0000000000   2.0242757149e+02   1.3579356431e+01   2.0375245017e+02
   3017.0000000000   2.0253337707e+02   1.3618248674e+01   2.0386133660e+02
   3018.0000000000   2.0263798267e+02   1.3665188042e+01   2.0396915992e+02
   3019.0000000000   2.0274181217e+02   1.3706132953e+01   2.0407616023e+02
   3020.0000000000   2.0284504096e+02   1.3745640579e+01   2.0418247809e+02
   3021.0000000000   2.0294776597e+02   1.3784221649e+01   2.0428820695e+02
   3022.0000000000   2.0305004954e+02   1.3822101903e+01   2.0439341394e+02
   3023.0000000000   2.0315193567e+02   1.3859411147e+01   2.0449814983e+02
   3024.0000000000   2.0326203305e+02   1.3896234545e+01   2.0460245452e+02
   3025.0000000000   2.0338391981e+02   1.3950667818e+01   2.0470636026e+02
   3026.0000000000   2.0349461585e+02   1.3994156456e+01   2.0480989375e+02
   3027.0000000000   2.0360293146e+02   1.4044580124e+01   2.0491307745e+02
   3028.0000000000   2.0370983340e+02   1.4088505810e+01   2.0501593062e+02
   3029.0000000000   2.0382429831e+02   1.4130695075e+01   2.0511846992e+02
   3030.0000000000   2.0393294388e+02   1.4171753417e+01   2.0522972756e+02
   3031.0000000000   2.0404010196e+02   1.4211958983e+01   2.0533541649e+02
   3032.0000000000   2.0414626284e+02   1.4260491650e+01   2.0543996154e+02
   3033.0000000000   2.0425164718e+02   1.4303158401e+01   2.0555280989e+02
   3034.0000000000   2.0435638429e+02   1.4344448587e+01   2.0565983333e+02
   3035.0000000000   2.0447771175e+02   1.4393855994e+01   2.0576553695e+02
   3036.0000000000   2.0458849361e+02   1.4437287398e+01   2.0587039726e+02
   3037.0000000000   2.0469717126e+02   1.4479274965e+01   2.0597461604e+02
   3038.0000000000   2.0480457940e+02   1.4520316601e+01   2.0607830557e+02
   3039.0000000000   2.0491105725e+02   1.4560631370e+01   2.0618153775e+02
   3040.0000000000   2.0501678842e+02   1.4600345731e+01   2.0629338043e+02
   3041.0000000000   2.0512188834e+02   1.4639543368e+01   2.0640858849e+02
   3042.0000000000   2.0522643663e+02   1.4678284427e+01   2.0651730414e+02
   3043.0000000000   2.0533049176e+02   1.4716614593e+01   2.0662438302e+02
   3044.0000000000   2.0543409874e+02   1.4754569956e+01   2.0673042577e+02
   3045.0000000000   2.0553729335e+02   1.4792179884e+01   2.0683569402e+02
   3046.0000000000   2.0564010486e+02   1.4838486418e+01   2.0694033420e+02
   3047.0000000000   2.0574255770e+02   1.4879210313e+01   2.0704443985e+02
   3048.0000000000   2.0584467264e+02   1.4918782705e+01   2.0715709360e+02
   3049.0000000000   2.0594646755e+02   1.4957638350e+01   2.0727306099e+02
   3050.0000000000   2.0604795804e+02   1.4995953311e+01   2.0738249221e+02
   3051.0000000000   2.0614915789e+02   1.5033823019e+01   2.0749024912e+02
   3052.0000000000   2.0625865494e+02   1.5080325423e+01   2.0759693723e+02
   3053.0000000000   2.0636286106e+02   1.5121202590e+01   2.0771183975e+02
   3054.0000000000   2.0646598313e+02   1.5160899106e+01   2.0782080640e+02
   3055.0000000000   2.0656842882e+02   1.5199858594e+01   2.0792834677e+02
   3056.0000000000   2.0667893638e+02   1.5238263170e+01   2.0803494739e+02
   3057.0000000000   2.0678399341e+02   1.5276212506e+01   2.0814082054e+02
   3058.0000000000   2.0689642652e+02   1.5313769987e+01   2.0825510566e+02
   3059.0000000000   2.0700307233e+02   1.5359997453e+01   2.0837260062e+02
   3060.0000000000   2.0711688513e+02   1.5400627840e+01   2.0848347621e+02
   3061.0000000000   2.0723334035e+02   1.5440100068e+01   2.0860162602e+02
   3062.0000000000   2.0736040547e+02   1.5478853992e+01   2.0872238349e+02
   3063.0000000000   2.0749275297e+02   1.5517069069e+01   2.0884515297e+02
   3064.0000000000   2.0762936311e+02   1.5554843008e+01   2.0896062280e+02
   3065.0000000000   2.0775251889e+02   1.5592237687e+01   2.0907388911e+02
   3066.0000000000   2.0787188860e+02   1.5629296153e+01   2.0919470573e+02
   3067.0000000000   2.0798884698e+02   1.5666050335e+01   2.0930912109e+02
   3068.0000000000   2.0810403325e+02   1.5702525036e+01   2.0943077251e+02
   3069.0000000000   2.0821781932e+02   1.5738740199e+01   2.0955493415e+02
   3070.0000000000   2.0833044823e+02   1.5774712300e+01   2.0967198002e+02
   3071.0000000000   2.0845924212e+02   1.5810455240e+01   2.0978689985e+02
   3072.0000000000   2.0857712923e+02   1.5845980957e+01   2.0990940004e+02
   3073.0000000000   2.0870117635e+02   1.5881299846e+01   2.1002550491e+02
   3074.0000000000   2.0882723422e+02   1.5916421068e+01   2.1013982103e+02
   3075.0000000000   2.0894627184e+02   1.5951352780e+01   2.1026191514e+02
   3076.0000000000   2.0908024598e+02   1.5986102306e+01   2.1037774371e+02
   3077.0000000000   2.0920264872e+02   1.6029693864e+01   2.1049187494e+02
   3078.0000000000   2.0932220569e+02   1.6067833515e+01   2.1060483410e+02
   3079.0000000000   2.0943991465e+02   1.6104940086e+01   2.1071686173e+02
   3080.0000000000   2.0955622058e+02   1.6141437877e+01   2.1082810161e+02
   3081.0000000000   2.0967138133e+02   1.6186511563e+01   2.1093865170e+02
   3082.0000000000   2.0978556726e+02   1.6225948814e+01   2.1104858413e+02
   3083.0000000000   2.0989890030e+02   1.6273234064e+01   2.1115795478e+02
   3084.0000000000   2.1001147255e+02   1.6314522588e+01   2.1126680853e+02
   3085.0000000000   2.1012335631e+02   1.6354416022e+01   2.1138419998e+02
   3086.0000000000   2.1023461001e+02   1.6393436513e+01   2.1149586034e+02
   3087.0000000000   2.1034528201e+02   1.6431811379e+01   2.1160622958e+02
   3088.0000000000   2.1045541299e+02   1.6478686270e+01   2.1171575008e+02
   3089.0000000000   2.1056503776e+02   1.6519843505e+01   2.1182460451e+02
   3090.0000000000   2.1067418645e+02   1.6559753765e+01   2.1193289415e+02
   3091.0000000000   2.1078288544e+02   1.6598878592e+01   2.1204068453e+02
   3092.0000000000   2.1089115800e+02   1.6637412898e+01   2.1214802233e+02
   3093.0000000000   2.1100760049e+02   1.6675465778e+01   2.1225494301e+02
   3094.0000000000   2.1111863237e+02   1.6713107710e+01   2.1236147475e+02
   3095.0000000000   2.1122846738e+02   1.6750388373e+01   2.1247665833e+02
   3096.0000000000   2.1133751940e+02   1.6787344897e+01   2.1259523090e+02
   3097.0000000000   2.1144595668e+02   1.6824006216e+01   2.1270732261e+02
   3098.0000000000   2.1155387111e+02   1.6869413188e+01   2.1281778064e+02
   3099.0000000000   2.1166132136e+02   1.6918302604e+01   2.1292719957e+02
   3100.0000000000   2.1176834885e+02   1.6960803900e+01   2.1304485426e+02
   3101.0000000000   2.1187498481e+02   1.7001763346e+01   2.1316560555e+02
   3102.0000000000   2.1198982961e+02   1.7041774436e+01   2.1328867555e+02
   3103.0000000000   2.1209930443e+02   1.7081093245e+01   2.1340466013e+02
   3104.0000000000   2.1220762340e+02   1.7128879322e+01   2.1351860084e+02
   3105.0000000000   2.1231519993e+02   1.7170922604e+01   2.1364021613e+02
   3106.0000000000   2.1242220135e+02   1.7211698384e+01   2.1376454745e+02
   3107.0000000000   2.1252871832e+02   1.7260688817e+01   2.1388189663e+02
   3108.0000000000   2.1263480816e+02   1.7303790972e+01   2.1399722000e+02
   3109.0000000000   2.1274051082e+02   1.7354546422e+01   2.1412922206e+02
   3110.0000000000   2.1284585610e+02   1.7399146120e+01   2.1424961407e+02
   3111.0000000000   2.1295086729e+02   1.7442216434e+01   2.1436740633e+02
   3112.0000000000   2.1306413891e+02   1.7484297829e+01   2.1448355973e+02
   3113.0000000000   2.1317208762e+02   1.7525631813e+01   2.1459848710e+02
   3114.0000000000   2.1328749948e+02   1.7575375390e+01   2.1471242166e+02
   3115.0000000000   2.1340576134e+02   1.7619320182e+01   2.1482551473e+02
   3116.0000000000   2.1351763580e+02   1.7670962232e+01   2.1493787312e+02
   3117.0000000000   2.1362780687e+02   1.7716469687e+01   2.1504957663e+02
   3118.0000000000   2.1373688293e+02   1.7760456410e+01   2.1516068735e+02
   3119.0000000000   2.1384513574e+02   1.7821490786e+01   2.1527125511e+02
   3120.0000000000   2.1395271968e+02   1.7871210000e+01   2.1538132086e+02
   3121.0000000000   2.1405973425e+02   1.7918577382e+01   2.1549091890e+02
   3122.0000000000   2.1416624892e+02   1.7964521297e+01   2.1560909605e+02
   3123.0000000000   2.1428089062e+02   1.8009430651e+01   2.1573059512e+02
   3124.0000000000   2.1439009972e+02   1.8053520329e+01   2.1585456900e+02
   3125.0000000000   2.1449810461e+02   1.8096927154e+01   2.1597156961e+02
   3126.0000000000   2.1461390518e+02   1.8139746187e+01   2.1608660902e+02
   3127.0000000000   2.1472407807e+02   1.8191065093e+01   2.1620036751e+02
   3128.0000000000   2.1484149315e+02   1.8236637811e+01   2.1631315408e+02
   3129.0000000000   2.1495301257e+02   1.8280920485e+01   2.1642514625e+02
   3130.0000000000   2.1506303194e+02   1.8333384841e+01   2.1653645959e+02
   3131.0000000000   2.1517206230e+02   1.8379922333e+01   2.1664717547e+02
   3132.0000000000   2.1528033123e+02   1.8425054111e+01   2.1675735452e+02
   3133.0000000000   2.1538796975e+02   1.8469269935e+01   2.1686704380e+02
   3134.0000000000   2.1550363949e+02   1.8521800302e+01   2.1697628099e+02
   3135.0000000000   2.1561380248e+02   1.8577484539e+01   2.1708509706e+02
   3136.0000000000   2.1572270169e+02   1.8635533525e+01   2.1719351798e+02
   3137.0000000000   2.1583934735e+02   1.8686536987e+01   2.1731058349e+02
   3138.0000000000   2.1595032377e+02   1.8735533120e+01   2.1742201275e+02
   3139.0000000000   2.1605993108e+02   1.8783220950e+01   2.1753223583e+02
   3140.0000000000   2.1616863516e+02   1.8829923385e+01   2.1764168675e+02
   3141.0000000000   2.1627663835e+02   1.8875828540e+01   2.1775955870e+02
   3142.0000000000   2.1638405608e+02   1.8921060141e+01   2.1787164687e+02
   3143.0000000000   2.1649096406e+02   1.8965706030e+01   2.1798242478e+02
   3144.0000000000   2.1659741626e+02   1.9027867153e+01   2.1809235365e+02
   3145.0000000000   2.1670345347e+02   1.9078994753e+01   2.1820162722e+02
   3146.0000000000   2.1680910776e+02   1.9127956496e+01   2.1831035331e+02
   3147.0000000000   2.1693155645e+02   1.9175624536e+01   2.1841860129e+02
   3148.0000000000   2.1704362296e+02   1.9222351874e+01   2.1852642003e+02
   3149.0000000000   2.1715371962e+02   1.9268329094e+01   2.1863384606e+02
   3150.0000000000   2.1726265957e+02   1.9313675855e+01   2.1874090799e+02
   3151.0000000000   2.1737934105e+02   1.9358474690e+01   2.1885664653e+02
   3152.0000000000   2.1749033548e+02   1.9402786287e+01   2.1896678090e+02
   3153.0000000000   2.1759994477e+02   1.9446657379e+01   2.1907574065e+02
   3154.0000000000   2.1770863860e+02   1.9490125223e+01   2.1918395902e+02
   3155.0000000000   2.1781662273e+02   1.9542237920e+01   2.1929161061e+02
   3156.0000000000   2.1792401536e+02   1.9588721018e+01   2.1939878955e+02
   3157.0000000000   2.1803089423e+02   1.9634009545e+01   2.1950555497e+02
   3158.0000000000   2.1813731487e+02   1.9678541473e+01   2.1961194780e+02
   3159.0000000000   2.1824331924e+02   1.9722495573e+01   2.1972701594e+02
   3160.0000000000   2.1834894031e+02   1.9774987189e+01   2.1983648292e+02
   3161.0000000000   2.1846278040e+02   1.9821778707e+01   2.1994478098e+02
   3162.0000000000   2.1857126255e+02   1.9867327227e+01   2.2006136259e+02
   3163.0000000000   2.1868717811e+02   1.9912084800e+01   2.2017210344e+02
   3164.0000000000   2.1880591836e+02   1.9956239603e+01   2.2028151155e+02
   3165.0000000000   2.1892682520e+02   2.0008913484e+01   2.2039006560e+02
   3166.0000000000   2.1904098671e+02   2.0055873463e+01   2.2050698667e+02
   3167.0000000000   2.1916178656e+02   2.0110597602e+01   2.2061808839e+02
   3168.0000000000   2.1927629838e+02   2.0159240482e+01   2.2072785699e+02
   3169.0000000000   2.1938902996e+02   2.0206405464e+01   2.2083676274e+02
   3170.0000000000   2.1950913600e+02   2.0252617457e+01   2.2094500593e+02
   3171.0000000000   2.1962328984e+02   2.0307124536e+01   2.2105269925e+02
   3172.0000000000   2.1973585091e+02   2.0355758040e+01   2.2115991571e+02
   3173.0000000000   2.1984732687e+02   2.0403016762e+01   2.2126670693e+02
   3174.0000000000   2.1995795068e+02   2.0449380366e+01   2.2138212914e+02
   3175.0000000000   2.2006786102e+02   2.0495056465e+01   2.2149191255e+02
   3176.0000000000   2.2018572725e+02   2.0540163612e+01   2.2160049482e+02
   3177.0000000000   2.2029801860e+02   2.0584779658e+01   2.2170831528e+02
   3178.0000000000   2.2040898448e+02   2.0628960247e+01   2.2181555325e+02
   3179.0000000000   2.2051906517e+02   2.0672747462e+01   2.2193132413e+02
   3180.0000000000   2.2062844910e+02   2.0716174448e+01   2.2204139006e+02
   3181.0000000000   2.2073724381e+02   2.0759268115e+01   2.2215020764e+02
   3182.0000000000   2.2084552040e+02   2.0802050830e+01   2.2225822832e+02
   3183.0000000000   2.2095333022e+02   2.0844541542e+01   2.2236563960e+02
   3184.0000000000   2.2106928820e+02   2.0886756552e+01   2.2247254500e+02
   3185.0000000000   2.2117982658e+02   2.0928710063e+01   2.2257901075e+02
   3186.0000000000   2.2128916812e+02   2.0970414589e+01   2.2268508329e+02
   3187.0000000000   2.2139773315e+02   2.1011881256e+01   2.2279079722e+02
   3188.0000000000   2.2150569464e+02   2.1062137628e+01   2.2289617947e+02
   3189.0000000000   2.2161314790e+02   2.1115910325e+01   2.2300125178e+02
   3190.0000000000   2.2172015415e+02   2.1163320850e+01   2.2310603210e+02
   3191.0000000000   2.2182675661e+02   2.1218226776e+01   2.2321955316e+02
   3192.0000000000   2.2193298784e+02   2.1266916572e+01   2.2332752800e+02
   3193.0000000000   2.2203887350e+02   2.1314055514e+01   2.2343438124e+02
   3194.0000000000   2.2214443452e+02   2.1369219004e+01   2.2354054206e+02
   3195.0000000000   2.2224968842e+02   2.1418356580e+01   2.2364618171e+02
   3196.0000000000   2.2235465015e+02   2.1466024507e+01   2.2375139142e+02
   3197.0000000000   2.2246790833e+02   2.1512734890e+01   2.2386524545e+02
   3198.0000000000   2.2257587527e+02   2.1558715387e+01   2.2397348261e+02
   3199.0000000000   2.2268275813e+02   2.1604097699e+01   2.2408054456e+02
   3200.0000000000   2.2278896468e+02   2.1648968691e+01   2.2419588993e+02
   3201.0000000000   2.2289465760e+02   2.1693390378e+01   2.2430539853e+02
   3202.0000000000   2.2299992361e+02   2.1746427054e+01   2.2441358121e+02
   3203.0000000000   2.2310481662e+02   2.1802832892e+01   2.2452993626e+02
   3204.0000000000   2.2320937365e+02   2.1852750682e+01   2.2464036860e+02
   3205.0000000000   2.2331362183e+02   2.1901037243e+01   2.2475842372e+02
   3206.0000000000   2.2341758214e+02   2.1948294592e+01   2.2487029451e+02
   3207.0000000000   2.2352127135e+02   2.1994785822e+01   2.2498060820e+02
   3208.0000000000   2.2362470330e+02   2.2049676354e+01   2.2508990554e+02
   3209.0000000000   2.2372788969e+02   2.2098761103e+01   2.2520744557e+02
   3210.0000000000   2.2383084058e+02   2.2146519638e+01   2.2531906752e+02
   3211.0000000000   2.2394214038e+02   2.2202437822e+01   2.2542927596e+02
   3212.0000000000   2.2404819774e+02   2.2252415969e+01   2.2554757251e+02
   3213.0000000000   2.2415321664e+02   2.2300980926e+01   2.2565986810e+02
   3214.0000000000   2.2425760201e+02   2.2348626168e+01   2.2577069715e+02
   3215.0000000000   2.2436151399e+02   2.2395567043e+01   2.2588055869e+02
   3216.0000000000   2.2446503702e+02   2.2441926856e+01   2.2598967230e+02
   3217.0000000000   2.2456822295e+02   2.2496804186e+01   2.2609816457e+02
   3218.0000000000   2.2467968255e+02   2.2545956886e+01   2.2620611908e+02
   3219.0000000000   2.2478584214e+02   2.2593841925e+01   2.2632261331e+02
   3220.0000000000   2.2489091810e+02   2.2640912853e+01   2.2643339265e+02
   3221.0000000000   2.2499532445e+02   2.2687359875e+01   2.2655192371e+02
   3222.0000000000   2.2510780376e+02   2.2733289357e+01   2.2666435470e+02
   3223.0000000000   2.2521484655e+02   2.2778770295e+01   2.2678430294e+02
   3224.0000000000   2.2532928143e+02   2.2823851689e+01   2.2689799128e+02
   3225.0000000000   2.2543794632e+02   2.2877588105e+01   2.2701006231e+02
   3226.0000000000   2.2554522071e+02   2.2925708696e+01   2.2712106591e+02
   3227.0000000000   2.2566017965e+02   2.2981668045e+01   2.2723124966e+02
   3228.0000000000   2.2576944259e+02   2.3031605139e+01   2.2734075718e+02
   3229.0000000000   2.2587733039e+02   2.3080112442e+01   2.2745870079e+02
   3230.0000000000   2.2599289737e+02   2.3136724526e+01   2.2757084810e+02
   3231.0000000000   2.2610275497e+02   2.3187365937e+01   2.2768166333e+02
   3232.0000000000   2.2621979664e+02   2.3236576690e+01   2.2779160556e+02
   3233.0000000000   2.2633090112e+02   2.3284857852e+01   2.2790086932e+02
   3234.0000000000   2.2644047611e+02   2.3332429325e+01   2.2800956446e+02
   3235.0000000000   2.2654904172e+02   2.3388434812e+01   2.2811776282e+02
   3236.0000000000   2.2665683238e+02   2.3438657086e+01   2.2822551575e+02
   3237.0000000000   2.2676398445e+02   2.3496585969e+01   2.2833286220e+02
   3238.0000000000   2.2687058810e+02   2.3548385063e+01   2.2843983300e+02
   3239.0000000000   2.2697670779e+02   2.3598664802e+01   2.2854645327e+02
   3240.0000000000   2.2708239215e+02   2.3647955748e+01   2.2865274403e+02
   3241.0000000000   2.2718767924e+02   2.3696492966e+01   2.2875872317e+02
   3242.0000000000   2.2729259978e+02   2.3744411541e+01   2.2886440614e+02
   3243.0000000000   2.2739717912e+02   2.3800817685e+01   2.2896980649e+02
   3244.0000000000   2.2750143856e+02   2.3860492097e+01   2.2908395377e+02
   3245.0000000000   2.2760539629e+02   2.3913595564e+01   2.2919255870e+02
   3246.0000000000   2.2771764368e+02   2.3964997772e+01   2.2930004421e+02
   3247.0000000000   2.2782459533e+02   2.4015310325e+01   2.2942487338e+02
   3248.0000000000   2.2793046040e+02   2.4064803700e+01   2.2953861659e+02
   3249.0000000000   2.2805279959e+02   2.4113631567e+01   2.2965019096e+02
   3250.0000000000   2.2816457877e+02   2.4161893544e+01   2.2976049109e+02
   3251.0000000000   2.2827427985e+02   2.4209659796e+01   2.2986988014e+02
   3252.0000000000   2.2838275514e+02   2.4266000244e+01   2.2997855277e+02
   3253.0000000000   2.2849035135e+02   2.4316655600e+01   2.3008662956e+02
   3254.0000000000   2.2860583041e+02   2.4366071818e+01   2.3019419224e+02
   3255.0000000000   2.2871570888e+02   2.4414694982e+01   2.3030129983e+02
   3256.0000000000   2.2882426241e+02   2.4462710024e+01   2.3040799690e+02
   3257.0000000000   2.2893194654e+02   2.4510219467e+01   2.3051431833e+02
   3258.0000000000   2.2903895880e+02   2.4557289432e+01   2.3062029221e+02
   3259.0000000000   2.2915398779e+02   2.4603966720e+01   2.3072594166e+02
   3260.0000000000   2.2928923559e+02   2.4650286596e+01   2.3083128607e+02
   3261.0000000000   2.2940815497e+02   2.4696276840e+01   2.3094535956e+02
   3262.0000000000   2.2952377577e+02   2.4741960065e+01   2.3106289402e+02
   3263.0000000000   2.2963748001e+02   2.4787355151e+01   2.3117401524e+02
   3264.0000000000   2.2974983578e+02   2.4832478172e+01   2.3128356674e+02
   3265.0000000000   2.2986114897e+02   2.4877343039e+01   2.3139213990e+02
   3266.0000000000   2.2997160934e+02   2.4921961942e+01   2.3149998917e+02
   3267.0000000000   2.3008992121e+02   2.4966345686e+01   2.3160725521e+02
   3268.0000000000   2.3021115389e+02   2.5010503934e+01   2.3171402694e+02
   3269.0000000000   2.3032597525e+02   2.5054445394e+01   2.3182036558e+02
   3270.0000000000   2.3043903563e+02   2.5098177971e+01   2.3192631584e+02
   3271.0000000000   2.3055093197e+02   2.5159744065e+01   2.3203191193e+02
   3272.0000000000   2.3066193387e+02   2.5210550350e+01   2.3215521605e+02
   3273.0000000000   2.3077219762e+02   2.5259429533e+01   2.3226765021e+02
   3274.0000000000   2.3088182643e+02   2.5307225692e+01   2.3237805926e+02
   3275.0000000000   2.3099089413e+02   2.5354268838e+01   2.3248729705e+02
   3276.0000000000   2.3109945656e+02   2.5400730425e+01   2.3259570159e+02
   3277.0000000000   2.3121613326e+02   2.5446713978e+01   2.3271246855e+02
   3278.0000000000   2.3132736067e+02   2.5492288259e+01   2.3282340703e+02
   3279.0000000000   2.3144594093e+02   2.5537502090e+01   2.3293300383e+02
   3280.0000000000   2.3155869850e+02   2.5582391882e+01   2.3304173098e+02
   3281.0000000000   2.3167000617e+02   2.5626985847e+01   2.3314979075e+02
   3282.0000000000   2.3178036038e+02   2.5671306512e+01   2.3325729765e+02
   3283.0000000000   2.3188997887e+02   2.5724389908e+01   2.3336432628e+02
   3284.0000000000   2.3199898594e+02   2.5780969049e+01   2.3347092964e+02
   3285.0000000000   2.3210746281e+02   2.5831170342e+01   2.3357714755e+02
   3286.0000000000   2.3221546724e+02   2.5888855168e+01   2.3369202881e+02
   3287.0000000000   2.3232304271e+02   2.5940314982e+01   2.3381031622e+02
   3288.0000000000   2.3243022336e+02   2.5999235011e+01   2.3392214396e+02
   3289.0000000000   2.3253703685e+02   2.6051874967e+01   2.3403236212e+02
   3290.0000000000   2.3264350615e+02   2.6102899171e+01   2.3415058497e+02
   3291.0000000000   2.3274965071e+02   2.6152871005e+01   2.3426277125e+02
   3292.0000000000   2.3285548726e+02   2.6211064307e+01   2.3437347851e+02
   3293.0000000000   2.3296103039e+02   2.6263328444e+01   2.3448321785e+02
   3294.0000000000   2.3306629298e+02   2.6323192838e+01   2.3459221537e+02
   3295.0000000000   2.3317128648e+02   2.6376846866e+01   2.3470060122e+02
   3296.0000000000   2.3327602116e+02   2.6428918788e+01   2.3480846092e+02
   3297.0000000000   2.3338050633e+02   2.6497987224e+01   2.3492487291e+02
   3298.0000000000   2.3348475043e+02   2.6555696894e+01   2.3504460058e+02
   3299.0000000000   2.3359733682e+02   2.6611016836e+01   2.3515779302e+02
   3300.0000000000   2.3370467348e+02   2.6673897433e+01   2.3526931157e+02
   3301.0000000000   2.3381096396e+02   2.6730431112e+01   2.3537976159e+02
   3302.0000000000   2.3392518864e+02   2.6785248864e+01   2.3548940874e+02
   3303.0000000000   2.3403390847e+02   2.6838909015e+01   2.3560742043e+02
   3304.0000000000   2.3414140491e+02   2.6891670891e+01   2.3572861077e+02
   3305.0000000000   2.3424812859e+02   2.6943689418e+01   2.3584316065e+02
   3306.0000000000   2.3435426923e+02   2.6995069307e+01   2.3595595270e+02
   3307.0000000000   2.3446850728e+02   2.7045886766e+01   2.3606760731e+02
   3308.0000000000   2.3458588591e+02   2.7096200075e+01   2.3617840116e+02
   3309.0000000000   2.3469704923e+02   2.7146055424e+01   2.3628849243e+02
   3310.0000000000   2.3480662695e+02   2.7195490420e+01   2.3639798413e+02
   3311.0000000000   2.3491519838e+02   2.7244536343e+01   2.3650694898e+02
   3312.0000000000   2.3502301799e+02   2.7293219656e+01   2.3661544132e+02
   3313.0000000000   2.3513880472e+02   2.7341563066e+01   2.3672350342e+02
   3314.0000000000   2.3524905143e+02   2.7389586293e+01   2.3683116918e+02
   3315.0000000000   2.3535801918e+02   2.7446324227e+01   2.3693846651e+02
   3316.0000000000   2.3546615393e+02   2.7497492203e+01   2.3704541878e+02
   3317.0000000000   2.3558222209e+02   2.7547517175e+01   2.3715204593e+02
   3318.0000000000   2.3569273266e+02   2.7596830613e+01   2.3725836517e+02
   3319.0000000000   2.3580195324e+02   2.7645605970e+01   2.3737340914e+02
   3320.0000000000   2.3591033275e+02   2.7693936578e+01   2.3748289113e+02
   3321.0000000000   2.3601806353e+02   2.7741881086e+01   2.3759123627e+02
   3322.0000000000   2.3612525452e+02   2.7789480139e+01   2.3769887435e+02
   3323.0000000000   2.3623197688e+02   2.7836763868e+01   2.3781499491e+02
   3324.0000000000   2.3633828125e+02   2.7883755725e+01   2.3792538992e+02
   3325.0000000000   2.3644420584e+02   2.7930474642e+01   2.3803453008e+02
   3326.0000000000   2.3654978063e+02   2.7976936341e+01   2.3814287410e+02
   3327.0000000000   2.3665502997e+02   2.8023154168e+01   2.3825061343e+02
   3328.0000000000   2.3676854966e+02   2.8078157249e+01   2.3835785384e+02
   3329.0000000000   2.3687675766e+02   2.8127655719e+01   2.3846466284e+02
   3330.0000000000   2.3698386566e+02   2.8185089442e+01   2.3857108756e+02
   3331.0000000000   2.3709028510e+02   2.8236585695e+01   2.3867716298e+02
   3332.0000000000   2.3719618163e+02   2.8286727420e+01   2.3878291623e+02
   3333.0000000000   2.3730164446e+02   2.8336023720e+01   2.3889738667e+02
   3334.0000000000   2.3741530519e+02   2.8393710092e+01   2.3900629226e+02
   3335.0000000000   2.3752360344e+02   2.8454625239e+01   2.3911406138e+02
   3336.0000000000   2.3763934046e+02   2.8508959507e+01   2.3923014372e+02
   3337.0000000000   2.3775791361e+02   2.8561598736e+01   2.3934041291e+02
   3338.0000000000   2.3787009303e+02   2.8613163684e+01   2.3945839295e+02
   3339.0000000000   2.3798056833e+02   2.8663930051e+01   2.3957026130e+02
   3340.0000000000   2.3808995210e+02   2.8714054421e+01   2.3968063369e+02
   3341.0000000000   2.3820709496e+02   2.8763637918e+01   2.3979004208e+02
   3342.0000000000   2.3831855469e+02   2.8812751334e+01   2.3989872103e+02
   3343.0000000000   2.3842862975e+02   2.8861447066e+01   2.4000680424e+02
   3344.0000000000   2.3853778983e+02   2.8909765517e+01   2.4011437852e+02
   3345.0000000000   2.3865481751e+02   2.8957738836e+01   2.4022150499e+02
   3346.0000000000   2.3876623335e+02   2.9014410840e+01   2.4033724673e+02
   3347.0000000000   2.3887631354e+02   2.9065503383e+01   2.4044733900e+02
   3348.0000000000   2.3899408924e+02   2.9115448244e+01   2.4055622328e+02
   3349.0000000000   2.3910615885e+02   2.9164680497e+01   2.4067335946e+02
   3350.0000000000   2.3921683250e+02   2.9213376303e+01   2.4079364681e+02
   3351.0000000000   2.3932658342e+02   2.9261631041e+01   2.4090729835e+02
   3352.0000000000   2.3943561951e+02   2.9309504900e+01   2.4101921016e+02
   3353.0000000000   2.3954406054e+02   2.9384092461e+01   2.4113902599e+02
   3354.0000000000   2.3965198559e+02   2.9442524800e+01   2.4125272476e+02
   3355.0000000000   2.3975945138e+02   2.9507083501e+01   2.4136487845e+02
   3356.0000000000   2.3986650090e+02   2.9564745625e+01   2.4147600892e+02
   3357.0000000000   2.3997316804e+02   2.9620427652e+01   2.4158635052e+02
   3358.0000000000   2.4007948035e+02   2.9674812191e+01   2.4169603990e+02
   3359.0000000000   2.4018546073e+02   2.9728221697e+01   2.4180516775e+02
   3360.0000000000   2.4029112855e+02   2.9789863912e+01   2.4191379916e+02
   3361.0000000000   2.4040507611e+02   2.9845564481e+01   2.4202198339e+02
   3362.0000000000   2.4051371882e+02   2.9899825846e+01   2.4212975913e+02
   3363.0000000000   2.4062126643e+02   2.9953133728e+01   2.4223715769e+02
   3364.0000000000   2.4072812897e+02   3.0014719602e+01   2.4234420497e+02
   3365.0000000000   2.4083447098e+02   3.0088443014e+01   2.4245092277e+02
   3366.0000000000   2.4094038083e+02   3.0159217882e+01   2.4255732978e+02
   3367.0000000000   2.4104591385e+02   3.0222050145e+01   2.4266344215e+02
   3368.0000000000   2.4115968390e+02   3.0282399844e+01   2.4276927406e+02
   3369.0000000000   2.4126812008e+02   3.0350148292e+01   2.4287483800e+02
   3370.0000000000   2.4137544127e+02   3.0429438890e+01   2.4299818034e+02
   3371.0000000000   2.4149063938e+02   3.0496324307e+01   2.4311071113e+02
   3372.0000000000   2.4160885988e+02   3.0560207802e+01   2.4322126601e+02
   3373.0000000000   2.4172079219e+02   3.0622201689e+01   2.4333069164e+02
   3374.0000000000   2.4183108962e+02   3.0682797166e+01   2.4343932028e+02
   3375.0000000000   2.4194034519e+02   3.0742274706e+01   2.4354732536e+02
   3376.0000000000   2.4204882202e+02   3.0809834522e+01   2.4365481218e+02
   3377.0000000000   2.4215666919e+02   3.0871305539e+01   2.4377086865e+02
   3378.0000000000   2.4227255835e+02   3.0931197164e+01   2.4388124502e+02
   3379.0000000000   2.4238295744e+02   3.0990003170e+01   2.4399039227e+02
   3380.0000000000   2.4249211299e+02   3.1047945544e+01   2.4409875895e+02
   3381.0000000000   2.4260046177e+02   3.1105156362e+01   2.4420653099e+02
   3382.0000000000   2.4270818852e+02   3.1161725814e+01   2.4431381105e+02
   3383.0000000000   2.4281539714e+02   3.1217720643e+01   2.4442968241e+02
   3384.0000000000   2.4292215521e+02   3.1273192881e+01   2.4453989119e+02
   3385.0000000000   2.4303708642e+02   3.1328184576e+01   2.4464888507e+02
   3386.0000000000   2.4314662788e+02   3.1382730613e+01   2.4475711003e+02
   3387.0000000000   2.4326358071e+02   3.1445878118e+01   2.4486475003e+02
   3388.0000000000   2.4338334319e+02   3.1503352511e+01   2.4498994138e+02
   3389.0000000000   2.4349668683e+02   3.1559589222e+01   2.4511316622e+02
   3390.0000000000   2.4361687838e+02   3.1615026940e+01   2.4522899631e+02
   3391.0000000000   2.4373093286e+02   3.1669845353e+01   2.4535173459e+02
   3392.0000000000   2.4384332375e+02   3.1733160823e+01   2.4547686879e+02
   3393.0000000000   2.4395460797e+02   3.1790736809e+01   2.4559486227e+02
   3394.0000000000   2.4406504273e+02   3.1847031506e+01   2.4571074716e+02
   3395.0000000000   2.4417477944e+02   3.1902498051e+01   2.4582523369e+02
   3396.0000000000   2.4429249439e+02   3.1957325686e+01   2.4593865714e+02
   3397.0000000000   2.4440466060e+02   3.2020637296e+01   2.4605121621e+02
   3398.0000000000   2.4451552944e+02   3.2078200900e+01   2.4616304317e+02
   3399.0000000000   2.4462554213e+02   3.2143495525e+01   2.4627423266e+02
   3400.0000000000   2.4473488737e+02   3.2202676670e+01   2.4638485583e+02
   3401.0000000000   2.4484367259e+02   3.2260348579e+01   2.4649496817e+02
   3402.0000000000   2.4495196854e+02   3.2317037003e+01   2.4660461419e+02
   3403.0000000000   2.4505982607e+02   3.2381990817e+01   2.4673186560e+02
   3404.0000000000   2.4516728392e+02   3.2441042128e+01   2.4685717053e+02
   3405.0000000000   2.4527437281e+02   3.2498690457e+01   2.4697508151e+02
   3406.0000000000   2.4539826912e+02   3.2555416163e+01   2.4709087248e+02
   3407.0000000000   2.4552037127e+02   3.2620445113e+01   2.4720530676e+02
   3408.0000000000   2.4564406769e+02   3.2688614109e+01   2.4732774781e+02
   3409.0000000000   2.4576076908e+02   3.2750114931e+01   2.4744409289e+02
   3410.0000000000   2.4587539350e+02   3.2809836310e+01   2.4755888260e+02
   3411.0000000000   2.4598866442e+02   3.2877420062e+01   2.4767262516e+02
   3412.0000000000   2.4610949588e+02   3.2938845537e+01   2.4779456637e+02
   3413.0000000000   2.4622448593e+02   3.2998686194e+01   2.4791054028e+02
   3414.0000000000   2.4633796056e+02   3.3057465798e+01   2.4802505004e+02
   3415.0000000000   2.4645040930e+02   3.3115420756e+01   2.4813858008e+02
   3416.0000000000   2.4656205403e+02   3.3172689776e+01   2.4825134266e+02
   3417.0000000000   2.4667302598e+02   3.3229365563e+01   2.4836346065e+02
   3418.0000000000   2.4678341361e+02   3.3285515133e+01   2.4847501585e+02
   3419.0000000000   2.4689328133e+02   3.3341189553e+01   2.4858606749e+02
   3420.0000000000   2.4700267846e+02   3.3396429238e+01   2.4869666088e+02
   3421.0000000000   2.4711164423e+02   3.3460284692e+01   2.4881584968e+02
   3422.0000000000   2.4722021066e+02   3.3527500939e+01   2.4892936345e+02
   3423.0000000000   2.4732840446e+02   3.3588214546e+01   2.4904164023e+02
   3424.0000000000   2.4743624831e+02   3.3647278025e+01   2.4915312034e+02
   3425.0000000000   2.4754376174e+02   3.3705290391e+01   2.4926398442e+02
   3426.0000000000   2.4765096175e+02   3.3762512646e+01   2.4937433173e+02
   3427.0000000000   2.4775786331e+02   3.3819091172e+01   2.4948422588e+02
   3428.0000000000   2.4787305534e+02   3.3875119883e+01   2.4959371171e+02
   3429.0000000000   2.4799152623e+02   3.3930664412e+01   2.4972085815e+02
   3430.0000000000   2.4810388458e+02   3.3985773441e+01   2.4984610938e+02
   3431.0000000000   2.4822331139e+02   3.4040484693e+01   2.4996401369e+02
   3432.0000000000   2.4833676946e+02   3.4094828391e+01   2.5008885848e+02
   3433.0000000000   2.4844869749e+02   3.4148829392e+01   2.5020710320e+02
   3434.0000000000   2.4855962783e+02   3.4202508578e+01   2.5033252107e+02
   3435.0000000000   2.4867837509e+02   3.4255883792e+01   2.5045142534e+02
   3436.0000000000   2.4879147765e+02   3.4317988095e+01   2.5056851610e+02
   3437.0000000000   2.4890322226e+02   3.4374535087e+01   2.5068438224e+02
   3438.0000000000   2.4901407094e+02   3.4438967690e+01   2.5079929910e+02
   3439.0000000000   2.4912422536e+02   3.4497415904e+01   2.5091343084e+02
   3440.0000000000   2.4923380135e+02   3.4563482695e+01   2.5102688783e+02
   3441.0000000000   2.4935145093e+02   3.4623379376e+01   2.5113974990e+02
   3442.0000000000   2.4946362967e+02   3.4681739125e+01   2.5125207770e+02
   3443.0000000000   2.4958315163e+02   3.4739104028e+01   2.5136391901e+02
   3444.0000000000   2.4969684899e+02   3.4795715113e+01   2.5147531254e+02
   3445.0000000000   2.4980909963e+02   3.4851710473e+01   2.5158629030e+02
   3446.0000000000   2.4992897903e+02   3.4916197703e+01   2.5169687928e+02
   3447.0000000000   2.5004310816e+02   3.4974940364e+01   2.5180710256e+02
   3448.0000000000   2.5015580984e+02   3.5032399144e+01   2.5191698012e+02
   3449.0000000000   2.5026756501e+02   3.5098047646e+01   2.5202652944e+02
   3450.0000000000   2.5037858647e+02   3.5157777749e+01   2.5213576596e+02
   3451.0000000000   2.5048899728e+02   3.5216110233e+01   2.5224470344e+02
   3452.0000000000   2.5059887883e+02   3.5273534050e+01   2.5237138938e+02
   3453.0000000000   2.5070828947e+02   3.5339278665e+01   2.5248723498e+02
   3454.0000000000   2.5081727341e+02   3.5399164678e+01   2.5260107694e+02
   3455.0000000000   2.5092586549e+02   3.5457684189e+01   2.5271376289e+02
   3456.0000000000   2.5103409396e+02   3.5515312452e+01   2.5282562605e+02
   3457.0000000000   2.5114198230e+02   3.5572254042e+01   2.5293684075e+02
   3458.0000000000   2.5124955038e+02   3.5628625341e+01   2.5305653071e+02
   3459.0000000000   2.5135681526e+02   3.5693520200e+01   2.5317046708e+02
   3460.0000000000   2.5148094306e+02   3.5761710675e+01   2.5328311414e+02
   3461.0000000000   2.5159474860e+02   3.5823351249e+01   2.5339492949e+02
   3462.0000000000   2.5170663748e+02   3.5883306850e+01   2.5350610552e+02
   3463.0000000000   2.5182599304e+02   3.5942185398e+01   2.5362576730e+02
   3464.0000000000   2.5193953437e+02   3.6000254444e+01   2.5373968431e+02
   3465.0000000000   2.5205162534e+02   3.6057665297e+01   2.5385231890e+02
   3466.0000000000   2.5216276645e+02   3.6114515640e+01   2.5396412707e+02
   3467.0000000000   2.5227318052e+02   3.6170874027e+01   2.5407530001e+02
   3468.0000000000   2.5238299587e+02   3.6226791434e+01   2.5418594429e+02
   3469.0000000000   2.5249229658e+02   3.6291324989e+01   2.5429612869e+02
   3470.0000000000   2.5260114232e+02   3.6350206390e+01   2.5440590179e+02
   3471.0000000000   2.5270957778e+02   3.6407874959e+01   2.5452431759e+02
   3472.0000000000   2.5281763779e+02   3.6464771724e+01   2.5463710467e+02
   3473.0000000000   2.5293392597e+02   3.6521077668e+01   2.5474869942e+02
   3474.0000000000   2.5304486624e+02   3.6576892152e+01   2.5485954020e+02
   3475.0000000000   2.5316325057e+02   3.6632278719e+01   2.5498784080e+02
   3476.0000000000   2.5327589501e+02   3.6687282036e+01   2.5510509851e+02
   3477.0000000000   2.5338716523e+02   3.6741935580e+01   2.5522020156e+02
   3478.0000000000   2.5349755158e+02   3.6796265611e+01   2.5533403134e+02
   3479.0000000000   2.5362441781e+02   3.6850293443e+01   2.5544694456e+02
   3480.0000000000   2.5374068536e+02   3.6904036830e+01   2.5555913265e+02
   3481.0000000000   2.5385482541e+02   3.6957510869e+01   2.5567071462e+02
   3482.0000000000   2.5396768942e+02   3.7010728612e+01   2.5578177157e+02
   3483.0000000000   2.5407962650e+02   3.7063701495e+01   2.5590137994e+02
   3484.0000000000   2.5419082627e+02   3.7116439653e+01   2.5601528447e+02
   3485.0000000000   2.5430998350e+02   3.7168952151e+01   2.5612793365e+02
   3486.0000000000   2.5442358096e+02   3.7230264760e+01   2.5624879276e+02
   3487.0000000000   2.5453587552e+02   3.7286084930e+01   2.5636374774e+02
   3488.0000000000   2.5464731161e+02   3.7340832749e+01   2.5647731502e+02
   3489.0000000000   2.5475807984e+02   3.7394933665e+01   2.5658998024e+02
   3490.0000000000   2.5486828877e+02   3.7448555809e+01   2.5670195273e+02
   3491.0000000000   2.5498658547e+02   3.7501787794e+01   2.5681335103e+02
   3492.0000000000   2.5509942206e+02   3.7554684056e+01   2.5692425232e+02
   3493.0000000000   2.5521103445e+02   3.7607281462e+01   2.5703471130e+02
   3494.0000000000   2.5532185211e+02   3.7659606742e+01   2.5714476906e+02
   3495.0000000000   2.5543205459e+02   3.7720697867e+01   2.5725445778e+02
   3496.0000000000   2.5554174205e+02   3.7785288600e+01   2.5736380346e+02
   3497.0000000000   2.5565955498e+02   3.7843505452e+01   2.5747282762e+02
   3498.0000000000   2.5577194032e+02   3.7900191968e+01   2.5759056603e+02
   3499.0000000000   2.5588312981e+02   3.7955939153e+01   2.5770273431e+02
   3500.0000000000   2.5599354947e+02   3.8011000831e+01   2.5781375932e+02
   3501.0000000000   2.5611195166e+02   3.8065516931e+01   2.5792407221e+02
   3502.0000000000   2.5622483503e+02   3.8119575549e+01   2.5803384593e+02
   3503.0000000000   2.5634503509e+02   3.8173237045e+01   2.5814317326e+02
   3504.0000000000   2.5645939571e+02   3.8226545314e+01   2.5825211221e+02
   3505.0000000000   2.5657230157e+02   3.8288551301e+01   2.5836972037e+02
   3506.0000000000   2.5668425666e+02   3.8344981259e+01   2.5848172725e+02
   3507.0000000000   2.5679548360e+02   3.8400269680e+01   2.5859256894e+02
   3508.0000000000   2.5690610986e+02   3.8454853282e+01   2.5870268296e+02
   3509.0000000000   2.5701621875e+02   3.8508909174e+01   2.5881224680e+02
   3510.0000000000   2.5714302059e+02   3.8562533222e+01   2.5893037407e+02
   3511.0000000000   2.5725936145e+02   3.8615785796e+01   2.5904282525e+02
   3512.0000000000   2.5738224554e+02   3.8668708677e+01   2.5915405542e+02
   3513.0000000000   2.5749889895e+02   3.8730350291e+01   2.5927353225e+02
   3514.0000000000   2.5761385050e+02   3.8786434499e+01   2.5938714197e+02
   3515.0000000000   2.5772767662e+02   3.8850411277e+01   2.5949940028e+02
   3516.0000000000   2.5784064235e+02   3.8917433148e+01   2.5961079159e+02
   3517.0000000000   2.5795290256e+02   3.8977789005e+01   2.5972152375e+02
   3518.0000000000   2.5806455946e+02   3.9045423511e+01   2.5983171377e+02
   3519.0000000000   2.5817568585e+02   3.9106677541e+01   2.5994143728e+02
   3520.0000000000   2.5828633637e+02   3.9166250881e+01   2.6005074750e+02
   3521.0000000000   2.5839655367e+02   3.9224725511e+01   2.6015968412e+02
   3522.0000000000   2.5850637203e+02   3.9291386237e+01   2.6027729555e+02
   3523.0000000000   2.5861581964e+02   3.9352089456e+01   2.6038930657e+02
   3524.0000000000   2.5872492017e+02   3.9420369380e+01   2.6050015084e+02
   3525.0000000000   2.5884226940e+02   3.9482418810e+01   2.6061026463e+02
   3526.0000000000   2.5895428563e+02   3.9551886139e+01   2.6071982492e+02
   3527.0000000000   2.5906518107e+02   3.9615016768e+01   2.6082892759e+02
   3528.0000000000   2.5917536781e+02   3.9676470191e+01   2.6093763314e+02
   3529.0000000000   2.5929358782e+02   3.9736809273e+01   2.6104598358e+02
   3530.0000000000   2.5940633188e+02   3.9796291748e+01   2.6116302759e+02
   3531.0000000000   2.5951785370e+02   3.9855069357e+01   2.6127448932e+02
   3532.0000000000   2.5962859135e+02   3.9922260983e+01   2.6138480148e+02
   3533.0000000000   2.5973872853e+02   3.9983639631e+01   2.6150341686e+02
   3534.0000000000   2.5984836728e+02   4.0043673966e+01   2.6162522897e+02
   3535.0000000000   2.5995757310e+02   4.0102826797e+01   2.6174946361e+02
   3536.0000000000   2.6006639195e+02   4.0161295813e+01   2.6186671288e+02
   3537.0000000000   2.6017485816e+02   4.0228211127e+01   2.6198201279e+02
   3538.0000000000   2.6028299847e+02   4.0289346888e+01   2.6209605853e+02
   3539.0000000000   2.6039083445e+02   4.0349169724e+01   2.6221818624e+02
   3540.0000000000   2.6049838393e+02   4.0408139509e+01   2.6233427965e+02
   3541.0000000000   2.6060566197e+02   4.0466450922e+01   2.6244887158e+02
   3542.0000000000   2.6071268151e+02   4.0524213681e+01   2.6256246515e+02
   3543.0000000000   2.6081945382e+02   4.0581499404e+01   2.6267528483e+02
   3544.0000000000   2.6092598883e+02   4.0638359215e+01   2.6279647932e+02
   3545.0000000000   2.6104944664e+02   4.0694831856e+01   2.6291183606e+02
   3546.0000000000   2.6116263696e+02   4.0750947951e+01   2.6302583148e+02
   3547.0000000000   2.6127396096e+02   4.0806732484e+01   2.6313893279e+02
   3548.0000000000   2.6138422251e+02   4.0862206329e+01   2.6325134028e+02
   3549.0000000000   2.6149373644e+02   4.0917387265e+01   2.6336316802e+02
   3550.0000000000   2.6160266665e+02   4.0972290664e+01   2.6347449106e+02
   3551.0000000000   2.6171111234e+02   4.1026929989e+01   2.6358536323e+02
   3552.0000000000   2.6183629079e+02   4.1081317156e+01   2.6369582545e+02
   3553.0000000000   2.6195105076e+02   4.1135462805e+01   2.6380591010e+02
   3554.0000000000   2.6206382138e+02   4.1189376509e+01   2.6391564360e+02
   3555.0000000000   2.6217542724e+02   4.1243066943e+01   2.6403406559e+02
   3556.0000000000   2.6228619902e+02   4.1296542008e+01   2.6414689482e+02
   3557.0000000000   2.6239631299e+02   4.1358826537e+01   2.6425856079e+02
   3558.0000000000   2.6250587819e+02   4.1415627215e+01   2.6436949682e+02
   3559.0000000000   2.6261496867e+02   4.1471363498e+01   2.6447987776e+02
   3560.0000000000   2.6273221363e+02   4.1526460306e+01   2.6458979800e+02
   3561.0000000000   2.6285263018e+02   4.1590102921e+01   2.6469931695e+02
   3562.0000000000   2.6296684808e+02   4.1648079605e+01   2.6480847587e+02
   3563.0000000000   2.6308806436e+02   4.1704857771e+01   2.6491730530e+02
   3564.0000000000   2.6320325423e+02   4.1760893220e+01   2.6502582902e+02
   3565.0000000000   2.6331686617e+02   4.1816374818e+01   2.6513406619e+02
   3566.0000000000   2.6342944035e+02   4.1871406009e+01   2.6524203270e+02
   3567.0000000000   2.6354122206e+02   4.1926052221e+01   2.6534974198e+02
   3568.0000000000   2.6365235400e+02   4.1980358704e+01   2.6546622323e+02
   3569.0000000000   2.6376293020e+02   4.2034358729e+01   2.6557718660e+02
   3570.0000000000   2.6387301759e+02   4.2088077875e+01   2.6568705436e+02
   3571.0000000000   2.6398266641e+02   4.2141536493e+01   2.6579625374e+02
   3572.0000000000   2.6409191585e+02   4.2194751212e+01   2.6590495434e+02
   3573.0000000000   2.6420079740e+02   4.2247735920e+01   2.6601324601e+02
   3574.0000000000   2.6430933695e+02   4.2300502426e+01   2.6612118419e+02
   3575.0000000000   2.6441755622e+02   4.2353060923e+01   2.6622880665e+02
   3576.0000000000   2.6452547370e+02   4.2405420319e+01   2.6633614083e+02
   3577.0000000000   2.6463310535e+02   4.2457588487e+01   2.6645222536e+02
   3578.0000000000   2.6474046510e+02   4.2509572449e+01   2.6656277696e+02
   3579.0000000000   2.6485614086e+02   4.2588431298e+01   2.6667222258e+02
   3580.0000000000   2.6498369568e+02   4.2660288422e+01   2.6679001046e+02
   3581.0000000000   2.6510871372e+02   4.2724088965e+01   2.6691103039e+02
   3582.0000000000   2.6522639737e+02   4.2785508647e+01   2.6702548745e+02
   3583.0000000000   2.6534190334e+02   4.2845458222e+01   2.6713827107e+02
   3584.0000000000   2.6545602564e+02   4.2904353981e+01   2.6725000172e+02
   3585.0000000000   2.6557770643e+02   4.2962431406e+01   2.6736095338e+02
   3586.0000000000   2.6569355667e+02   4.3019840203e+01   2.6747128051e+02
   3587.0000000000   2.6580790868e+02   4.3085700675e+01   2.6759009960e+02
   3588.0000000000   2.6592125513e+02   4.3145787250e+01   2.6771219698e+02
   3589.0000000000   2.6603381933e+02   4.3204569375e+01   2.6782773640e+02
   3590.0000000000   2.6614573304e+02   4.3262510014e+01   2.6794158902e+02
   3591.0000000000   2.6625708469e+02   4.3319806531e+01   2.6805436695e+02
   3592.0000000000   2.6636793837e+02   4.3385588371e+01   2.6816634061e+02
   3593.0000000000   2.6647834291e+02   4.3445628791e+01   2.6827766325e+02
   3594.0000000000   2.6658833694e+02   4.3504393387e+01   2.6838843383e+02
   3595.0000000000   2.6669795183e+02   4.3562340918e+01   2.6849872175e+02
   3596.0000000000   2.6680721365e+02   4.3619664909e+01   2.6860857847e+02
   3597.0000000000   2.6693329566e+02   4.3676473916e+01   2.6872706136e+02
   3598.0000000000   2.6704901851e+02   4.3732838404e+01   2.6883990219e+02
   3599.0000000000   2.6716279256e+02   4.3788808368e+01   2.6895154022e+02
   3600.0000000000   2.6728400514e+02   4.3862456636e+01   2.6906241631e+02
   3601.0000000000   2.6739937866e+02   4.3925212824e+01   2.6917271122e+02
   3602.0000000000   2.6751327985e+02   4.3985927497e+01   2.6929154160e+02
   3603.0000000000   2.6762621165e+02   4.4045458978e+01   2.6940467070e+02
   3604.0000000000   2.6773839895e+02   4.4113166459e+01   2.6951655614e+02
   3605.0000000000   2.6784997190e+02   4.4174931001e+01   2.6962765022e+02
   3606.0000000000   2.6796101616e+02   4.4235277457e+01   2.6973814122e+02
   3607.0000000000   2.6808016843e+02   4.4294700608e+01   2.6985715091e+02
   3608.0000000000   2.6819387550e+02   4.4362435067e+01   2.6997044615e+02
   3609.0000000000   2.6831494592e+02   4.4424305578e+01   2.7008248719e+02
   3610.0000000000   2.6843020820e+02   4.4493825084e+01   2.7020274587e+02
   3611.0000000000   2.6854403765e+02   4.4557171410e+01   2.7031711195e+02
   3612.0000000000   2.6865693225e+02   4.4618964430e+01   2.7043010407e+02
   3613.0000000000   2.6877768628e+02   4.4679741315e+01   2.7054220916e+02
   3614.0000000000   2.6890140098e+02   4.4739741954e+01   2.7068069001e+02
   3615.0000000000   2.6901875562e+02   4.4808122654e+01   2.7080276560e+02
   3616.0000000000   2.6914297918e+02   4.4870674868e+01   2.7093978831e+02
   3617.0000000000   2.6926106894e+02   4.4931877186e+01   2.7106447048e+02
   3618.0000000000   2.6937748933e+02   4.4992198050e+01   2.7118616682e+02
   3619.0000000000   2.6949279259e+02   4.5060856042e+01   2.7130599757e+02
   3620.0000000000   2.6960723338e+02   4.5132683248e+01   2.7142446165e+02
   3621.0000000000   2.6972953751e+02   4.5197868265e+01   2.7155086119e+02
   3622.0000000000   2.6984620600e+02   4.5261297577e+01   2.7167108021e+02
   3623.0000000000   2.6996150786e+02   4.5323593767e+01   2.7178966071e+02
   3624.0000000000   2.7007589628e+02   4.5385034917e+01   2.7190711688e+02
   3625.0000000000   2.7018956850e+02   4.5445780214e+01   2.7202368403e+02
   3626.0000000000   2.7030263839e+02   4.5505933425e+01   2.7213950319e+02
   3627.0000000000   2.7041518165e+02   4.5574585517e+01   2.7225467064e+02
   3628.0000000000   2.7052725307e+02   4.5637491385e+01   2.7236925737e+02
   3629.0000000000   2.7063889460e+02   4.5699107074e+01   2.7248331833e+02
   3630.0000000000   2.7075871526e+02   4.5759886141e+01   2.7259689760e+02
   3631.0000000000   2.7087314330e+02   4.5820019239e+01   2.7271003144e+02
   3632.0000000000   2.7099497429e+02   4.5879613387e+01   2.7282275032e+02
   3633.0000000000   2.7111102734e+02   4.5938738313e+01   2.7293508019e+02
   3634.0000000000   2.7122567081e+02   4.5997443767e+01   2.7304704352e+02
   3635.0000000000   2.7134797303e+02   4.6055767457e+01   2.7315865993e+02
   3636.0000000000   2.7146454947e+02   4.6113739217e+01   2.7326994673e+02
   3637.0000000000   2.7157971870e+02   4.6171383404e+01   2.7338091932e+02
   3638.0000000000   2.7170253388e+02   4.6228720394e+01   2.7349159147e+02
   3639.0000000000   2.7181960600e+02   4.6285767556e+01   2.7361099323e+02
   3640.0000000000   2.7193525292e+02   4.6342539926e+01   2.7372483589e+02
   3641.0000000000   2.7204995289e+02   4.6399050685e+01   2.7384656059e+02
   3642.0000000000   2.7216391720e+02   4.6464329099e+01   2.7396229597e+02
   3643.0000000000   2.7228584365e+02   4.6524085631e+01   2.7407662634e+02
   3644.0000000000   2.7241078960e+02   4.6582742981e+01   2.7419907974e+02
   3645.0000000000   2.7252941098e+02   4.6640728881e+01   2.7431557541e+02
   3646.0000000000   2.7264634749e+02   4.6698213481e+01   2.7443064901e+02
   3647.0000000000   2.7276218696e+02   4.6755287181e+01   2.7454479797e+02
   3648.0000000000   2.7287719124e+02   4.6812006010e+01   2.7465823915e+02
   3649.0000000000   2.7300866131e+02   4.6868408267e+01   2.7477109609e+02
   3650.0000000000   2.7312949654e+02   4.6933539559e+01   2.7488344934e+02
   3651.0000000000   2.7324815999e+02   4.6993121454e+01   2.7499535596e+02
   3652.0000000000   2.7337407633e+02   4.7051584452e+01   2.7510685868e+02
   3653.0000000000   2.7350257126e+02   4.7118379503e+01   2.7521799085e+02
   3654.0000000000   2.7362443353e+02   4.7188398510e+01   2.7532877932e+02
   3655.0000000000   2.7374437969e+02   4.7251848293e+01   2.7544826383e+02
   3656.0000000000   2.7386304666e+02   4.7313619737e+01   2.7556216302e+02
   3657.0000000000   2.7398072990e+02   4.7374334526e+01   2.7567490613e+02
   3658.0000000000   2.7410617900e+02   4.7434267716e+01   2.7579594377e+02
   3659.0000000000   2.7422591058e+02   4.7493574675e+01   2.7591115046e+02
   3660.0000000000   2.7434420471e+02   4.7552355144e+01   2.7602503350e+02
   3661.0000000000   2.7447009851e+02   4.7610678548e+01   2.7614708875e+02
   3662.0000000000   2.7459019661e+02   4.7677613590e+01   2.7626321948e+02
   3663.0000000000   2.7470881507e+02   4.7738899521e+01   2.7637795248e+02
   3664.0000000000   2.7482643257e+02   4.7798980722e+01   2.7650981503e+02
   3665.0000000000   2.7494326193e+02   4.7858301669e+01   2.7663943823e+02
   3666.0000000000   2.7505942738e+02   4.7917045707e+01   2.7677048755e+02
   3667.0000000000   2.7518358766e+02   4.7975313812e+01   2.7689399366e+02
   3668.0000000000   2.7531077963e+02   4.8042188209e+01   2.7702418730e+02
   3669.0000000000   2.7543164746e+02   4.8112431897e+01   2.7714755847e+02
   3670.0000000000   2.7555082371e+02   4.8176192120e+01   2.7726889772e+02
   3671.0000000000   2.7566889176e+02   4.8238327891e+01   2.7739786533e+02
   3672.0000000000   2.7578611062e+02   4.8299442206e+01   2.7752047187e+02
   3673.0000000000   2.7590262824e+02   4.8359798459e+01   2.7764131935e+02
   3674.0000000000   2.7602711673e+02   4.8428561988e+01   2.7776997294e+02
   3675.0000000000   2.7614604540e+02   4.8491527416e+01   2.7789238850e+02
   3676.0000000000   2.7626366265e+02   4.8562191487e+01   2.7801313391e+02
   3677.0000000000   2.7638040737e+02   4.8626722029e+01   2.7813273412e+02
   3678.0000000000   2.7649646651e+02   4.8689732134e+01   2.7825142933e+02
   3679.0000000000   2.7661194621e+02   4.8751754058e+01   2.7838739810e+02
   3680.0000000000   2.7673549192e+02   4.8813023953e+01   2.7851213799e+02
   3681.0000000000   2.7685355472e+02   4.8873677588e+01   2.7864356482e+02
   3682.0000000000   2.7697036993e+02   4.8942821597e+01   2.7876827237e+02
   3683.0000000000   2.7708636669e+02   4.9006219320e+01   2.7890006064e+02
   3684.0000000000   2.7721030005e+02   4.9068331627e+01   2.7902525187e+02
   3685.0000000000   2.7732867112e+02   4.9129614920e+01   2.7914855129e+02
   3686.0000000000   2.7744574193e+02   4.9190261547e+01   2.7927055199e+02
   3687.0000000000   2.7756195743e+02   4.9250379518e+01   2.7939153321e+02
   3688.0000000000   2.7768608271e+02   4.9310039102e+01   2.7951166282e+02
   3689.0000000000   2.7780462559e+02   4.9369290307e+01   2.7963105478e+02
   3690.0000000000   2.7792185277e+02   4.9428170906e+01   2.7974979228e+02
   3691.0000000000   2.7803821256e+02   4.9486710671e+01   2.7986793920e+02
   3692.0000000000   2.7815389692e+02   4.9544933815e+01   2.7999456390e+02
   3693.0000000000   2.7826901465e+02   4.9602860509e+01   2.8011540791e+02
   3694.0000000000   2.7838363688e+02   4.9660507884e+01   2.8024393677e+02
   3695.0000000000   2.7850639003e+02   4.9717890715e+01   2.8036629913e+02
   3696.0000000000   2.7862371339e+02   4.9775021908e+01   2.8049611363e+02
   3697.0000000000   2.7874840991e+02   4.9831912856e+01   2.8061960485e+02
   3698.0000000000   2.7887587943e+02   4.9888573713e+01   2.8075043499e+02
   3699.0000000000   2.7900547049e+02   4.9945013597e+01   2.8087485608e+02
   3700.0000000000   2.7912827633e+02   5.0010258343e+01   2.8099753111e+02
   3701.0000000000   2.7924910921e+02   5.0070015476e+01   2.8111902503e+02
   3702.0000000000   2.7936864531e+02   5.0128705156e+01   2.8123959700e+02
   3703.0000000000   2.7948719831e+02   5.0186752895e+01   2.8135939990e+02
   3704.0000000000   2.7960495106e+02   5.0253344481e+01   2.8147853602e+02
   3705.0000000000   2.7972202368e+02   5.0323286195e+01   2.8159707929e+02
   3706.0000000000   2.7984707689e+02   5.0386745841e+01   2.8171508601e+02
   3707.0000000000   2.7996657510e+02   5.0448592836e+01   2.8184161831e+02
   3708.0000000000   2.8008476460e+02   5.0509435529e+01   2.8196241248e+02
   3709.0000000000   2.8021065915e+02   5.0569539974e+01   2.8208191200e+02
   3710.0000000000   2.8033084637e+02   5.0629055077e+01   2.8220056171e+02
   3711.0000000000   2.8044962946e+02   5.0688075732e+01   2.8231854601e+02
   3712.0000000000   2.8056747706e+02   5.0746667594e+01   2.8243596741e+02
   3713.0000000000   2.8068459400e+02   5.0822913944e+01   2.8255289231e+02
   3714.0000000000   2.8080109796e+02   5.0888251597e+01   2.8266936799e+02
   3715.0000000000   2.8091706663e+02   5.0951536186e+01   2.8278543034e+02
   3716.0000000000   2.8104113143e+02   5.1022647262e+01   2.8290110782e+02
   3717.0000000000   2.8115973564e+02   5.1087629091e+01   2.8301642382e+02
   3718.0000000000   2.8127710983e+02   5.1151077947e+01   2.8313139797e+02
   3719.0000000000   2.8140225566e+02   5.1213526026e+01   2.8324604713e+02
   3720.0000000000   2.8152175131e+02   5.1284229930e+01   2.8336038601e+02
   3721.0000000000   2.8163989243e+02   5.1349028392e+01   2.8347442756e+02
   3722.0000000000   2.8175714154e+02   5.1412426206e+01   2.8359720095e+02
   3723.0000000000   2.8187369842e+02   5.1474907827e+01   2.8372343421e+02
   3724.0000000000   2.8198967656e+02   5.1536684688e+01   2.8384325010e+02
   3725.0000000000   2.8211372574e+02   5.1597878395e+01   2.8396148975e+02
   3726.0000000000   2.8223229965e+02   5.1667586851e+01   2.8407874266e+02
   3727.0000000000   2.8235821073e+02   5.1740585301e+01   2.8419526177e+02
   3728.0000000000   2.8247828989e+02   5.1807030765e+01   2.8432020418e+02
   3729.0000000000   2.8259691399e+02   5.1880807809e+01   2.8443935790e+02
   3730.0000000000   2.8271458206e+02   5.1948226029e+01   2.8455719671e+02
   3731.0000000000   2.8284008917e+02   5.2013967631e+01   2.8467418400e+02
   3732.0000000000   2.8295996155e+02   5.2078604242e+01   2.8479051590e+02
   3733.0000000000   2.8307847806e+02   5.2151414427e+01   2.8490630242e+02
   3734.0000000000   2.8319609549e+02   5.2218250795e+01   2.8503063234e+02
   3735.0000000000   2.8331301192e+02   5.2283627715e+01   2.8514925602e+02
   3736.0000000000   2.8343791636e+02   5.2348036682e+01   2.8526662448e+02
   3737.0000000000   2.8355728435e+02   5.2411694558e+01   2.8538318646e+02
   3738.0000000000   2.8367536642e+02   5.2483744882e+01   2.8549912817e+02
   3739.0000000000   2.8379260183e+02   5.2549971560e+01   2.8561455263e+02
   3740.0000000000   2.8390917708e+02   5.2614848518e+01   2.8572952600e+02
   3741.0000000000   2.8402519749e+02   5.2678841232e+01   2.8584409482e+02
   3742.0000000000   2.8414930751e+02   5.2742148765e+01   2.8595829395e+02
   3743.0000000000   2.8426795718e+02   5.2804884329e+01   2.8607215069e+02
   3744.0000000000   2.8438538077e+02   5.2867122376e+01   2.8618568711e+02
   3745.0000000000   2.8450200637e+02   5.2937933945e+01   2.8629892153e+02
   3746.0000000000   2.8461801244e+02   5.3012077324e+01   2.8641186947e+02
   3747.0000000000   2.8473349825e+02   5.3088715678e+01   2.8652454430e+02
   3748.0000000000   2.8484852794e+02   5.3167425496e+01   2.8663695771e+02
   3749.0000000000   2.8496314696e+02   5.3238923745e+01   2.8674911999e+02
   3750.0000000000   2.8507738955e+02   5.3308307388e+01   2.8686104034e+02
   3751.0000000000   2.8519128270e+02   5.3376307019e+01   2.8697272704e+02
   3752.0000000000   2.8530484837e+02   5.3443264231e+01   2.8709320516e+02
   3753.0000000000   2.8542668052e+02   5.3509378988e+01   2.8721719915e+02
   3754.0000000000   2.8554319565e+02   5.3574782924e+01   2.8733482859e+02
   3755.0000000000   2.8565860427e+02   5.3639569379e+01   2.8745093178e+02
   3756.0000000000   2.8577331689e+02   5.3703808059e+01   2.8756609564e+02
   3757.0000000000   2.8588749844e+02   5.3767553069e+01   2.8768057079e+02
   3758.0000000000   2.8600123751e+02   5.3839865260e+01   2.8779449460e+02
   3759.0000000000   2.8611458963e+02   5.3906480077e+01   2.8790795311e+02
   3760.0000000000   2.8622759315e+02   5.3971840387e+01   2.8802100501e+02
   3761.0000000000   2.8634885204e+02   5.4045408074e+01   2.8813369280e+02
   3762.0000000000   2.8646478914e+02   5.4113067107e+01   2.8824604872e+02
   3763.0000000000   2.8657961914e+02   5.4179332822e+01   2.8835809803e+02
   3764.0000000000   2.8669375533e+02   5.4253707972e+01   2.8847887874e+02
   3765.0000000000   2.8680736451e+02   5.4322101800e+01   2.8859410769e+02
   3766.0000000000   2.8692053654e+02   5.4389046317e+01   2.8871722996e+02
   3767.0000000000   2.8703332781e+02   5.4455038234e+01   2.8884339448e+02
   3768.0000000000   2.8714577724e+02   5.4529312668e+01   2.8896288745e+02
   3769.0000000000   2.8725791353e+02   5.4597694521e+01   2.8908965146e+02
   3770.0000000000   2.8736975886e+02   5.4664679287e+01   2.8921002574e+02
   3771.0000000000   2.8748990664e+02   5.4730744974e+01   2.8932870876e+02
   3772.0000000000   2.8760477241e+02   5.4796098452e+01   2.8944628145e+02
   3773.0000000000   2.8771856552e+02   5.4860858049e+01   2.8956301013e+02
   3774.0000000000   2.8783169526e+02   5.4925101703e+01   2.8967905044e+02
   3775.0000000000   2.8794432528e+02   5.4988885322e+01   2.8979450508e+02
   3776.0000000000   2.8805654293e+02   5.5061268952e+01   2.8990944709e+02
   3777.0000000000   2.8816840252e+02   5.5127986190e+01   2.9002393116e+02
   3778.0000000000   2.8827994127e+02   5.5202495299e+01   2.9013799978e+02
   3779.0000000000   2.8839118638e+02   5.5270938352e+01   2.9025168697e+02
   3780.0000000000   2.8850215878e+02   5.5337910444e+01   2.9036502059e+02
   3781.0000000000   2.8862145077e+02   5.5403930827e+01   2.9048704148e+02
   3782.0000000000   2.8873547693e+02   5.5469226000e+01   2.9060346938e+02
   3783.0000000000   2.8884844574e+02   5.5542942010e+01   2.9071873453e+02
   3784.0000000000   2.8896076569e+02   5.5610862281e+01   2.9083327086e+02
   3785.0000000000   2.8907259977e+02   5.5677459019e+01   2.9094725369e+02
   3786.0000000000   2.8919261029e+02   5.5743195511e+01   2.9106077773e+02
   3787.0000000000   2.8930725189e+02   5.5808268536e+01   2.9117390268e+02
   3788.0000000000   2.8942933386e+02   5.5881806685e+01   2.9128666993e+02
   3789.0000000000   2.8954568248e+02   5.5958599952e+01   2.9139911018e+02
   3790.0000000000   2.8966066963e+02   5.6028813211e+01   2.9151124728e+02
   3791.0000000000   2.8977478943e+02   5.6097317920e+01   2.9164113561e+02
   3792.0000000000   2.8988825664e+02   5.6173743950e+01   2.9176019110e+02
   3793.0000000000   2.9000119224e+02   5.6253079529e+01   2.9187725379e+02
   3794.0000000000   2.9011367405e+02   5.6325591522e+01   2.9199317366e+02
   3795.0000000000   2.9023433206e+02   5.6396211806e+01   2.9211730316e+02
   3796.0000000000   2.9035818302e+02   5.6465591829e+01   2.9223551777e+02
   3797.0000000000   2.9048443142e+02   5.6534029255e+01   2.9235233769e+02
   3798.0000000000   2.9060409850e+02   5.6601697209e+01   2.9246825373e+02
   3799.0000000000   2.9072195447e+02   5.6668709757e+01   2.9259249715e+02
   3800.0000000000   2.9083864840e+02   5.6735148122e+01   2.9271990734e+02
   3801.0000000000   2.9095447518e+02   5.6801073305e+01   2.9284067713e+02
   3802.0000000000   2.9106960393e+02   5.6866532941e+01   2.9295969541e+02
   3803.0000000000   2.9118414430e+02   5.6931565351e+01   2.9307758598e+02
   3804.0000000000   2.9129817308e+02   5.7005219688e+01   2.9319462743e+02
   3805.0000000000   2.9141174708e+02   5.7073222467e+01   2.9331097900e+02
   3806.0000000000   2.9152491005e+02   5.7140009579e+01   2.9343576180e+02
   3807.0000000000   2.9163769671e+02   5.7206019752e+01   2.9355474879e+02
   3808.0000000000   2.9175013533e+02   5.7271432419e+01   2.9367240758e+02
   3809.0000000000   2.9187082500e+02   5.7345363494e+01   2.9378919951e+02
   3810.0000000000   2.9199476206e+02   5.7422593453e+01   2.9391433824e+02
   3811.0000000000   2.9211256136e+02   5.7493279854e+01   2.9403363468e+02
   3812.0000000000   2.9222883328e+02   5.7562288425e+01   2.9416059226e+02
   3813.0000000000   2.9234414377e+02   5.7630226885e+01   2.9428138205e+02
   3814.0000000000   2.9245873784e+02   5.7706379750e+01   2.9440061898e+02
   3815.0000000000   2.9257275187e+02   5.7776597571e+01   2.9452785414e+02
   3816.0000000000   2.9268627264e+02   5.7845390518e+01   2.9464902465e+02
   3817.0000000000   2.9279936033e+02   5.7913245579e+01   2.9476868035e+02
   3818.0000000000   2.9292063479e+02   5.7989392976e+01   2.9488733018e+02
   3819.0000000000   2.9303653093e+02   5.8059654895e+01   2.9500520046e+02
   3820.0000000000   2.9315127278e+02   5.8137542786e+01   2.9512242262e+02
   3821.0000000000   2.9326528107e+02   5.8227268801e+01   2.9523908385e+02
   3822.0000000000   2.9338730424e+02   5.8313870007e+01   2.9535524688e+02
   3823.0000000000   2.9351241363e+02   5.8392410017e+01   2.9547095929e+02
   3824.0000000000   2.9363126761e+02   5.8468380436e+01   2.9559527624e+02
   3825.0000000000   2.9375707986e+02   5.8542664055e+01   2.9571392824e+02
   3826.0000000000   2.9388541162e+02   5.8615681426e+01   2.9583135397e+02
   3827.0000000000   2.9400711907e+02   5.8687680306e+01   2.9594799407e+02
   3828.0000000000   2.9412694408e+02   5.8758824145e+01   2.9606402936e+02
   3829.0000000000   2.9425410959e+02   5.8829228875e+01   2.9618857673e+02
   3830.0000000000   2.9437531604e+02   5.8907998602e+01   2.9630739979e+02
   3831.0000000000   2.9449493550e+02   5.8980900401e+01   2.9642495656e+02
   3832.0000000000   2.9462205769e+02   5.9061418676e+01   2.9654169983e+02
   3833.0000000000   2.9474331991e+02   5.9135716381e+01   2.9665781835e+02
   3834.0000000000   2.9487163537e+02   5.9208405599e+01   2.9678243443e+02
   3835.0000000000   2.9499389838e+02   5.9280019624e+01   2.9690131543e+02
   3836.0000000000   2.9511452921e+02   5.9350796719e+01   2.9702793970e+02
   3837.0000000000   2.9523405833e+02   5.9420875310e+01   2.9714846202e+02
   3838.0000000000   2.9535272886e+02   5.9490347337e+01   2.9726748592e+02
   3839.0000000000   2.9547068453e+02   5.9577314266e+01   2.9738553643e+02
   3840.0000000000   2.9560517310e+02   5.9653226652e+01   2.9752087930e+02
   3841.0000000000   2.9572906632e+02   5.9726951136e+01   2.9764504596e+02
   3842.0000000000   2.9585081162e+02   5.9799358844e+01   2.9776694853e+02
   3843.0000000000   2.9597124865e+02   5.9870801865e+01   2.9788748593e+02
   3844.0000000000   2.9609072075e+02   5.9941470021e+01   2.9800702813e+02
   3845.0000000000   2.9621799066e+02   6.0011482355e+01   2.9812577698e+02
   3846.0000000000   2.9633957769e+02   6.0089938511e+01   2.9825287736e+02
   3847.0000000000   2.9646833672e+02   6.0162598836e+01   2.9837411716e+02
   3848.0000000000   2.9659112807e+02   6.0233923094e+01   2.9850299171e+02
   3849.0000000000   2.9671235019e+02   6.0304367566e+01   2.9862566966e+02
   3850.0000000000   2.9683251853e+02   6.0374125020e+01   2.9875578345e+02
   3851.0000000000   2.9695186544e+02   6.0452321784e+01   2.9887956750e+02
   3852.0000000000   2.9707052663e+02   6.0524729062e+01   2.9900167346e+02
   3853.0000000000   2.9718859251e+02   6.0604828757e+01   2.9912265848e+02
   3854.0000000000   2.9730612830e+02   6.0687796531e+01   2.9925179361e+02
   3855.0000000000   2.9742318366e+02   6.0763938938e+01   2.9937492741e+02
   3856.0000000000   2.9753979791e+02   6.0838197060e+01   2.9949657203e+02
   3857.0000000000   2.9765600311e+02   6.0911223198e+01   2.9961721775e+02
   3858.0000000000   2.9778897725e+02   6.0983313421e+01   2.9973708087e+02
   3859.0000000000   2.9791154478e+02   6.1063656253e+01   2.9985628712e+02
   3860.0000000000   2.9803211927e+02   6.1138063626e+01   2.9997492041e+02
   3861.0000000000   2.9815151514e+02   6.1220045719e+01   3.0009304154e+02
   3862.0000000000   2.9827005627e+02   6.1295781106e+01   3.0021069702e+02
   3863.0000000000   2.9839649008e+02   6.1387926880e+01   3.0034595904e+02
   3864.0000000000   2.9851732355e+02   6.1477440319e+01   3.0047025794e+02
   3865.0000000000   2.9863682585e+02   6.1559090483e+01   3.0060146325e+02
   3866.0000000000   2.9875544806e+02   6.1638270288e+01   3.0072613501e+02
   3867.0000000000   2.9887338461e+02   6.1715817483e+01   3.0084902994e+02
   3868.0000000000   2.9899074633e+02   6.1792128500e+01   3.0097075012e+02
   3869.0000000000   2.9910760607e+02   6.1867436854e+01   3.0109157130e+02
   3870.0000000000   2.9922401595e+02   6.1941897018e+01   3.0121165406e+02
   3871.0000000000   2.9934859116e+02   6.2024636588e+01   3.0133110420e+02
   3872.0000000000   2.9946776380e+02   6.2110455654e+01   3.0144999698e+02
   3873.0000000000   2.9958575632e+02   6.2189531772e+01   3.0156838887e+02
   3874.0000000000   2.9970298863e+02   6.2266748964e+01   3.0168632398e+02
   3875.0000000000   2.9981963319e+02   6.2342731104e+01   3.0180383777e+02
   3876.0000000000   2.9993578479e+02   6.2417759224e+01   3.0192095947e+02
   3877.0000000000   3.0005150410e+02   6.2491996137e+01   3.0204673122e+02
   3878.0000000000   3.0016683384e+02   6.2565549442e+01   3.0216687401e+02
   3879.0000000000   3.0028180605e+02   6.2638496315e+01   3.0228581928e+02
   3880.0000000000   3.0040502154e+02   6.2719912878e+01   3.0240400212e+02
   3881.0000000000   3.0052290164e+02   6.2795545367e+01   3.0252159893e+02
   3882.0000000000   3.0064823608e+02   6.2869844681e+01   3.0263870551e+02
   3883.0000000000   3.0076783893e+02   6.2943261354e+01   3.0275538255e+02
   3884.0000000000   3.0088607421e+02   6.3025001937e+01   3.0287167245e+02
   3885.0000000000   3.0100343085e+02   6.3100872641e+01   3.0298760683e+02
   3886.0000000000   3.0112869574e+02   6.3184373817e+01   3.0312124563e+02
   3887.0000000000   3.0125696403e+02   6.3261674565e+01   3.0324400894e+02
   3888.0000000000   3.0137890991e+02   6.3337388642e+01   3.0336474009e+02
   3889.0000000000   3.0149918240e+02   6.3430084097e+01   3.0348429172e+02
   3890.0000000000   3.0162694983e+02   6.3511397846e+01   3.0361201849e+02
   3891.0000000000   3.0174887739e+02   6.3590293107e+01   3.0373379781e+02
   3892.0000000000   3.0188646412e+02   6.3676715906e+01   3.0386316911e+02
   3893.0000000000   3.0202158398e+02   6.3756755404e+01   3.0398632471e+02
   3894.0000000000   3.0214925512e+02   6.3835040153e+01   3.0410789285e+02
   3895.0000000000   3.0227460232e+02   6.3912126666e+01   3.0422841574e+02
   3896.0000000000   3.0239841986e+02   6.3988272952e+01   3.0435715391e+02
   3897.0000000000   3.0252108295e+02   6.4072650591e+01   3.0447994801e+02
   3898.0000000000   3.0264281222e+02   6.4151063681e+01   3.0460130396e+02
   3899.0000000000   3.0276375329e+02   6.4228001328e+01   3.0472170698e+02
   3900.0000000000   3.0288400963e+02   6.4303940810e+01   3.0484136911e+02
   3901.0000000000   3.0300365859e+02   6.4379090629e+01   3.0496041248e+02
   3902.0000000000   3.0312276023e+02   6.4453571724e+01   3.0507891787e+02
   3903.0000000000   3.0324136259e+02   6.4536482586e+01   3.0520596095e+02
   3904.0000000000   3.0335950496e+02   6.4613582157e+01   3.0532728586e+02
   3905.0000000000   3.0347722012e+02   6.4689329120e+01   3.0545635836e+02
   3906.0000000000   3.0359453585e+02   6.4764179036e+01   3.0557932607e+02
   3907.0000000000   3.0371147597e+02   6.4838324256e+01   3.0570078830e+02
   3908.0000000000   3.0382806120e+02   6.4911873324e+01   3.0582126758e+02
   3909.0000000000   3.0394430969e+02   6.4984897384e+01   3.0594099302e+02
   3910.0000000000   3.0406023751e+02   6.5057447527e+01   3.0606009518e+02
   3911.0000000000   3.0417585897e+02   6.5129562742e+01   3.0617865915e+02
   3912.0000000000   3.0429118692e+02   6.5201274086e+01   3.0629674527e+02
   3913.0000000000   3.0440623296e+02   6.5281624687e+01   3.0641439878e+02
   3914.0000000000   3.0452100762e+02   6.5356336075e+01   3.0653165508e+02
   3915.0000000000   3.0463552050e+02   6.5429840007e+01   3.0664854271e+02
   3916.0000000000   3.0474978041e+02   6.5502571776e+01   3.0676508531e+02
   3917.0000000000   3.0486379545e+02   6.5574707946e+01   3.0688130279e+02
   3918.0000000000   3.0497757309e+02   6.5646344440e+01   3.0700622984e+02
   3919.0000000000   3.0509969589e+02   6.5717542093e+01   3.0712558131e+02
   3920.0000000000   3.0521657117e+02   6.5788343436e+01   3.0724378357e+02
   3921.0000000000   3.0534097757e+02   6.5858780241e+01   3.0736126738e+02
   3922.0000000000   3.0545972026e+02   6.5928877414e+01   3.0747820551e+02
   3923.0000000000   3.0557715592e+02   6.5998655186e+01   3.0759469056e+02
   3924.0000000000   3.0569376734e+02   6.6068130450e+01   3.0771078047e+02
   3925.0000000000   3.0580976065e+02   6.6137317620e+01   3.0782651522e+02
   3926.0000000000   3.0592525008e+02   6.6206229209e+01   3.0795094188e+02
   3927.0000000000   3.0604888376e+02   6.6283893828e+01   3.0806978331e+02
   3928.0000000000   3.0616711264e+02   6.6356021314e+01   3.0818747115e+02
   3929.0000000000   3.0628417046e+02   6.6436051387e+01   3.0830443979e+02
   3930.0000000000   3.0640048400e+02   6.6510111288e+01   3.0842086445e+02
   3931.0000000000   3.0651622999e+02   6.6582784007e+01   3.0854585705e+02
   3932.0000000000   3.0664008143e+02   6.6663596343e+01   3.0866517673e+02
   3933.0000000000   3.0675850135e+02   6.6738466372e+01   3.0878327759e+02
   3934.0000000000   3.0688430588e+02   6.6811928665e+01   3.0890962646e+02
   3935.0000000000   3.0701290252e+02   6.6884479658e+01   3.0903912654e+02
   3936.0000000000   3.0713506872e+02   6.6956335281e+01   3.0916199300e+02
   3937.0000000000   3.0726407517e+02   6.7027618213e+01   3.0928312313e+02
   3938.0000000000   3.0739551519e+02   6.7107425811e+01   3.0940314363e+02
   3939.0000000000   3.0752026497e+02   6.7181514420e+01   3.0953135118e+02
   3940.0000000000   3.0764307973e+02   6.7254339410e+01   3.0965360447e+02
   3941.0000000000   3.0776461620e+02   6.7326352725e+01   3.0977441929e+02
   3942.0000000000   3.0788518085e+02   6.7397743019e+01   3.0989428658e+02
   3943.0000000000   3.0800495394e+02   6.7468615190e+01   3.1001342179e+02
   3944.0000000000   3.0812405493e+02   6.7539036857e+01   3.1013194913e+02
   3945.0000000000   3.0824256902e+02   6.7609055741e+01   3.1025896820e+02
   3946.0000000000   3.0836056016e+02   6.7678707634e+01   3.1038925541e+02
   3947.0000000000   3.0847807816e+02   6.7748020574e+01   3.1051296859e+02
   3948.0000000000   3.0859516297e+02   6.7817017251e+01   3.1063497524e+02
   3949.0000000000   3.0871184737e+02   6.7885716496e+01   3.1075588535e+02
   3950.0000000000   3.0882815873e+02   6.7954134249e+01   3.1087596808e+02
   3951.0000000000   3.0894412030e+02   6.8022284229e+01   3.1099537606e+02
   3952.0000000000   3.0905975206e+02   6.8090178399e+01   3.1111420802e+02
   3953.0000000000   3.0917507140e+02   6.8157827313e+01   3.1124155096e+02
   3954.0000000000   3.0929009358e+02   6.8225240372e+01   3.1136315657e+02
   3955.0000000000   3.0940483211e+02   6.8301443612e+01   3.1148347827e+02
   3956.0000000000   3.0952787470e+02   6.8372144697e+01   3.1160296741e+02
   3957.0000000000   3.0964563304e+02   6.8450781474e+01   3.1173083036e+02
   3958.0000000000   3.0977088958e+02   6.8523479551e+01   3.1185287255e+02
   3959.0000000000   3.0989045275e+02   6.8594820469e+01   3.1197357561e+02
   3960.0000000000   3.1000868210e+02   6.8665312136e+01   3.1209340727e+02
   3961.0000000000   3.1012606294e+02   6.8735171433e+01   3.1221256656e+02
   3962.0000000000   3.1025137922e+02   6.8804518556e+01   3.1234018320e+02
   3963.0000000000   3.1037114803e+02   6.8873429748e+01   3.1246203019e+02
   3964.0000000000   3.1048964058e+02   6.8950975243e+01   3.1258257267e+02
   3965.0000000000   3.1060730717e+02   6.9022893624e+01   3.1270226891e+02
   3966.0000000000   3.1072434031e+02   6.9102645289e+01   3.1282131200e+02
   3967.0000000000   3.1084084858e+02   6.9176372827e+01   3.1293981013e+02
   3968.0000000000   3.1095690243e+02   6.9248670900e+01   3.1306685107e+02
   3969.0000000000   3.1107255169e+02   6.9320057777e+01   3.1318818465e+02
   3970.0000000000   3.1118783369e+02   6.9390758659e+01   3.1330826167e+02
   3971.0000000000   3.1130277756e+02   6.9460900528e+01   3.1342753085e+02
   3972.0000000000   3.1141740681e+02   6.9530565233e+01   3.1354617852e+02
   3973.0000000000   3.1153174085e+02   6.9608827696e+01   3.1367332548e+02
   3974.0000000000   3.1164579604e+02   6.9681430454e+01   3.1379473814e+02
   3975.0000000000   3.1176816201e+02   6.9752819681e+01   3.1391487661e+02
   3976.0000000000   3.1189382743e+02   6.9823440830e+01   3.1403419524e+02
   3977.0000000000   3.1202197650e+02   6.9893477766e+01   3.1415288397e+02
   3978.0000000000   3.1214361524e+02   6.9972049308e+01   3.1427104839e+02
   3979.0000000000   3.1226350221e+02   7.0044920207e+01   3.1438875658e+02
   3980.0000000000   3.1239942857e+02   7.0116549146e+01   3.1450605651e+02
   3981.0000000000   3.1252448370e+02   7.0187389196e+01   3.1463200177e+02
   3982.0000000000   3.1264722480e+02   7.0257629146e+01   3.1475232057e+02
   3983.0000000000   3.1277712962e+02   7.0327373572e+01   3.1487144902e+02
   3984.0000000000   3.1290098068e+02   7.0405707159e+01   3.1498982527e+02
   3985.0000000000   3.1302318682e+02   7.0478377046e+01   3.1511664533e+02
   3986.0000000000   3.1314428167e+02   7.0549831697e+01   3.1523770631e+02
   3987.0000000000   3.1326451328e+02   7.0620517747e+01   3.1536650062e+02
   3988.0000000000   3.1338402961e+02   7.0690619668e+01   3.1548919038e+02
   3989.0000000000   3.1352008165e+02   7.0760239005e+01   3.1561038312e+02
   3990.0000000000   3.1364554350e+02   7.0829440634e+01   3.1573060615e+02
   3991.0000000000   3.1376886425e+02   7.0898270004e+01   3.1585009134e+02
   3992.0000000000   3.1389088471e+02   7.0966760991e+01   3.1596897077e+02
   3993.0000000000   3.1401194898e+02   7.1034940003e+01   3.1608733034e+02
   3994.0000000000   3.1413224467e+02   7.1102828321e+01   3.1620523066e+02
   3995.0000000000   3.1425189049e+02   7.1170443547e+01   3.1632271697e+02
   3996.0000000000   3.1437096882e+02   7.1237800542e+01   3.1643982446e+02
   3997.0000000000   3.1449811609e+02   7.1313929652e+01   3.1655658135e+02
   3998.0000000000   3.1461978014e+02   7.1384542006e+01   3.1667301085e+02
   3999.0000000000   3.1474019545e+02   7.1463078272e+01   3.1678913245e+02
   4000.0000000000   3.1485979140e+02   7.1544683973e+01   3.1691398033e+02
   4001.0000000000   3.1497874810e+02   7.1619642607e+01   3.1703326889e+02
   4002.0000000000   3.1509716658e+02   7.1701894601e+01   3.1715142397e+02
   4003.0000000000   3.1521511275e+02   7.1777777446e+01   3.1726887589e+02
   4004.0000000000   3.1533263368e+02   7.1861005778e+01   3.1738579692e+02
   4005.0000000000   3.1544976516e+02   7.1937859357e+01   3.1750227922e+02
   4006.0000000000   3.1556653557e+02   7.2013016837e+01   3.1761838030e+02
   4007.0000000000   3.1568296817e+02   7.2087052244e+01   3.1773413970e+02
   4008.0000000000   3.1579908244e+02   7.2160229967e+01   3.1784958649e+02
   4009.0000000000   3.1591489504e+02   7.2232705732e+01   3.1796474311e+02
   4010.0000000000   3.1603042046e+02   7.2313600772e+01   3.1808864515e+02
   4011.0000000000   3.1615424702e+02   7.2397707007e+01   3.1821602502e+02
   4012.0000000000   3.1627278690e+02   7.2475193789e+01   3.1833700853e+02
   4013.0000000000   3.1639024721e+02   7.2550937461e+01   3.1845643894e+02
   4014.0000000000   3.1650703575e+02   7.2625554882e+01   3.1857490717e+02
   4015.0000000000   3.1662331522e+02   7.2699320728e+01   3.1870168472e+02
   4016.0000000000   3.1673917240e+02   7.2772392067e+01   3.1882261172e+02
   4017.0000000000   3.1685466128e+02   7.2844871288e+01   3.1894218980e+02
   4018.0000000000   3.1696981894e+02   7.2916830842e+01   3.1906089878e+02
   4019.0000000000   3.1708467260e+02   7.2988324949e+01   3.1917894524e+02
   4020.0000000000   3.1719924328e+02   7.3068413471e+01   3.1930546367e+02
   4021.0000000000   3.1731354785e+02   7.3142830418e+01   3.1942623009e+02
   4022.0000000000   3.1742760019e+02   7.3216017081e+01   3.1954571150e+02
   4023.0000000000   3.1754141206e+02   7.3288416180e+01   3.1966436729e+02
   4024.0000000000   3.1765499356e+02   7.3360210151e+01   3.1978239113e+02
   4025.0000000000   3.1776835352e+02   7.3440517207e+01   3.1989989145e+02
   4026.0000000000   3.1788149976e+02   7.3515102006e+01   3.2001693841e+02
   4027.0000000000   3.1799443926e+02   7.3588423473e+01   3.2014259924e+02
   4028.0000000000   3.1810717833e+02   7.3660935127e+01   3.2027162876e+02
   4029.0000000000   3.1821972271e+02   7.3741843929e+01   3.2039416943e+02
   4030.0000000000   3.1833207764e+02   7.3825972730e+01   3.2051507728e+02
   4031.0000000000   3.1845282359e+02   7.3903502647e+01   3.2064397098e+02
   4032.0000000000   3.1856836593e+02   7.3988331614e+01   3.2076681265e+02
   4033.0000000000   3.1870005706e+02   7.4066777129e+01   3.2088816242e+02
   4034.0000000000   3.1882110131e+02   7.4143526277e+01   3.2100853348e+02
   4035.0000000000   3.1894005073e+02   7.4219153807e+01   3.2112815359e+02
   4036.0000000000   3.1905778526e+02   7.4302940328e+01   3.2124715428e+02
   4037.0000000000   3.1919181527e+02   7.4380739817e+01   3.2136562217e+02
   4038.0000000000   3.1931513461e+02   7.4457067572e+01   3.2148361908e+02
   4039.0000000000   3.1944483118e+02   7.4541433320e+01   3.2161020914e+02
   4040.0000000000   3.1956818274e+02   7.4619754393e+01   3.2174014640e+02
   4041.0000000000   3.1968975201e+02   7.4696570353e+01   3.2186357360e+02
   4042.0000000000   3.1981871425e+02   7.4772384513e+01   3.2199436512e+02
   4043.0000000000   3.1994175187e+02   7.4847420039e+01   3.2211882297e+02
   4044.0000000000   3.2007180429e+02   7.4921806586e+01   3.2225064118e+02
   4045.0000000000   3.2019578215e+02   7.5004647987e+01   3.2237608682e+02
   4046.0000000000   3.2031811636e+02   7.5081706504e+01   3.2249983050e+02
   4047.0000000000   3.2044792019e+02   7.5157442855e+01   3.2262244103e+02
   4048.0000000000   3.2057184257e+02   7.5232313811e+01   3.2274417935e+02
   4049.0000000000   3.2069422772e+02   7.5315529968e+01   3.2286519893e+02
   4050.0000000000   3.2081557324e+02   7.5392900166e+01   3.2298560195e+02
   4051.0000000000   3.2093610528e+02   7.5477926454e+01   3.2311447938e+02
   4052.0000000000   3.2105595769e+02   7.5556778987e+01   3.2323758671e+02
   4053.0000000000   3.2117522070e+02   7.5634072131e+01   3.2335938080e+02
   4054.0000000000   3.2129396006e+02   7.5719356635e+01   3.2348933361e+02
   4055.0000000000   3.2141222616e+02   7.5798569454e+01   3.2361333661e+02
   4056.0000000000   3.2153005908e+02   7.5876260409e+01   3.2373591080e+02
   4057.0000000000   3.2165606719e+02   7.5952938504e+01   3.2387558094e+02
   4058.0000000000   3.2178525434e+02   7.6028830191e+01   3.2400395975e+02
   4059.0000000000   3.2190824160e+02   7.6104067079e+01   3.2412999529e+02
   4060.0000000000   3.2202964463e+02   7.6178736589e+01   3.2425460570e+02
   4061.0000000000   3.2215003391e+02   7.6252901677e+01   3.2437817270e+02
   4062.0000000000   3.2226965834e+02   7.6326610205e+01   3.2450090590e+02
   4063.0000000000   3.2238865776e+02   7.6399900001e+01   3.2462293822e+02
   4064.0000000000   3.2251569762e+02   7.6481819440e+01   3.2474436168e+02
   4065.0000000000   3.2263724167e+02   7.6558094182e+01   3.2487426161e+02
   4066.0000000000   3.2276610922e+02   7.6633159265e+01   3.2499839011e+02
   4067.0000000000   3.2288913601e+02   7.6707452614e+01   3.2512120186e+02
   4068.0000000000   3.2302785374e+02   7.6781152920e+01   3.2524314980e+02
   4069.0000000000   3.2315556590e+02   7.6854357830e+01   3.2536442444e+02
   4070.0000000000   3.2328088801e+02   7.6927129593e+01   3.2548513284e+02
   4071.0000000000   3.2340474437e+02   7.7008529484e+01   3.2560534495e+02
   4072.0000000000   3.2352752701e+02   7.7084290246e+01   3.2572511078e+02
   4073.0000000000   3.2364945347e+02   7.7158850861e+01   3.2584446836e+02
   4074.0000000000   3.2377923799e+02   7.7232651407e+01   3.2596344786e+02
   4075.0000000000   3.2390337766e+02   7.7305871677e+01   3.2608207397e+02
   4076.0000000000   3.2402614024e+02   7.7378609784e+01   3.2620036740e+02
   4077.0000000000   3.2414797877e+02   7.7450928052e+01   3.2631834584e+02
   4078.0000000000   3.2426909077e+02   7.7522870005e+01   3.2644504225e+02
   4079.0000000000   3.2438959053e+02   7.7594468058e+01   3.2656617013e+02
   4080.0000000000   3.2450955425e+02   7.7674765098e+01   3.2669517234e+02
   4081.0000000000   3.2462903723e+02   7.7749481584e+01   3.2681817884e+02
   4082.0000000000   3.2474808187e+02   7.7823047774e+01   3.2693977496e+02
   4083.0000000000   3.2486672202e+02   7.7895897260e+01   3.2706948957e+02
   4084.0000000000   3.2499356108e+02   7.7968204820e+01   3.2719324255e+02
   4085.0000000000   3.2511502324e+02   7.8040064578e+01   3.2731557007e+02
   4086.0000000000   3.2523532542e+02   7.8111535607e+01   3.2743696999e+02
   4087.0000000000   3.2536345917e+02   7.8182658721e+01   3.2755765949e+02
   4088.0000000000   3.2549457054e+02   7.8253464048e+01   3.2767776237e+02
   4089.0000000000   3.2561935001e+02   7.8323974915e+01   3.2779735941e+02
   4090.0000000000   3.2575102788e+02   7.8394210049e+01   3.2791650783e+02
   4091.0000000000   3.2587659953e+02   7.8464184914e+01   3.2803525050e+02
   4092.0000000000   3.2600052662e+02   7.8542930153e+01   3.2815362089e+02
   4093.0000000000   3.2612335841e+02   7.8625174604e+01   3.2827164593e+02
   4094.0000000000   3.2625392248e+02   7.8701041381e+01   3.2840738302e+02
   4095.0000000000   3.2637876741e+02   7.8775371641e+01   3.2853225090e+02
   4096.0000000000   3.2650218815e+02   7.8848754690e+01   3.2865509213e+02
   4097.0000000000   3.2662465348e+02   7.8921443129e+01   3.2877675900e+02
   4098.0000000000   3.2675494629e+02   7.8993576010e+01   3.2890660597e+02
   4099.0000000000   3.2687958807e+02   7.9065240794e+01   3.2903952798e+02
   4100.0000000000   3.2700285623e+02   7.9136497391e+01   3.2916574689e+02
   4101.0000000000   3.2713378329e+02   7.9207389374e+01   3.2929016831e+02
   4102.0000000000   3.2725896901e+02   7.9277949882e+01   3.2941342643e+02
   4103.0000000000   3.2739130053e+02   7.9348205001e+01   3.2953580665e+02
   4104.0000000000   3.2751765329e+02   7.9418175837e+01   3.2965747286e+02
   4105.0000000000   3.2764243345e+02   7.9487879859e+01   3.2977853189e+02
   4106.0000000000   3.2776616067e+02   7.9557331789e+01   3.2990807673e+02
   4107.0000000000   3.2788906959e+02   7.9626544235e+01   3.3004088116e+02
   4108.0000000000   3.2801129721e+02   7.9695528139e+01   3.3016710208e+02
   4109.0000000000   3.2813293459e+02   7.9773310691e+01   3.3030062446e+02
   4110.0000000000   3.2825404726e+02   7.9845600430e+01   3.3042775844e+02
   4111.0000000000   3.2837468497e+02   7.9925835857e+01   3.3055318684e+02
   4112.0000000000   3.2849488698e+02   8.0000143065e+01   3.3068649949e+02
   4113.0000000000   3.2861468520e+02   8.0073103951e+01   3.3081365793e+02
   4114.0000000000   3.2873410616e+02   8.0145226680e+01   3.3093922857e+02
   4115.0000000000   3.2885317235e+02   8.0216728304e+01   3.3107274975e+02
   4116.0000000000   3.2897190310e+02   8.0296746726e+01   3.3120917416e+02
   4117.0000000000   3.2909031524e+02   8.0380075863e+01   3.3133875331e+02
   4118.0000000000   3.2920842358e+02   8.0465899297e+01   3.3147542978e+02
   4119.0000000000   3.2932624129e+02   8.0544788112e+01   3.3160555218e+02
   4120.0000000000   3.2944378015e+02   8.0621766666e+01   3.3173383056e+02
   4121.0000000000   3.2956105080e+02   8.0697523120e+01   3.3186085734e+02
   4122.0000000000   3.2967806286e+02   8.0781389103e+01   3.3198690955e+02
   4123.0000000000   3.2979482515e+02   8.0859245309e+01   3.3211215256e+02
   4124.0000000000   3.2991134571e+02   8.0935622384e+01   3.3224571537e+02
   4125.0000000000   3.3002763198e+02   8.1011021831e+01   3.3238239644e+02
   4126.0000000000   3.3014369080e+02   8.1094684490e+01   3.3251237077e+02
   4127.0000000000   3.3025952855e+02   8.1172440510e+01   3.3264051966e+02
   4128.0000000000   3.3037515115e+02   8.1248789826e+01   3.3276746437e+02
   4129.0000000000   3.3049056412e+02   8.1324214097e+01   3.3289348351e+02
   4130.0000000000   3.3060577265e+02   8.1398923144e+01   3.3301873771e+02
   4131.0000000000   3.3072078160e+02   8.1473037667e+01   3.3314333260e+02
   4132.0000000000   3.3083559553e+02   8.1546637500e+01   3.3326734358e+02
   4133.0000000000   3.3095021876e+02   8.1619780059e+01   3.3339082758e+02
   4134.0000000000   3.3107323098e+02   8.1701526585e+01   3.3351382935e+02
   4135.0000000000   3.3119961257e+02   8.1777611619e+01   3.3363638517e+02
   4136.0000000000   3.3132854069e+02   8.1852476562e+01   3.3375852517e+02
   4137.0000000000   3.3145959099e+02   8.1926564030e+01   3.3388027482e+02
   4138.0000000000   3.3158391775e+02   8.2009073836e+01   3.3400165601e+02
   4139.0000000000   3.3170635340e+02   8.2085806360e+01   3.3412268780e+02
   4140.0000000000   3.3182758026e+02   8.2161239246e+01   3.3424338695e+02
   4141.0000000000   3.3195648815e+02   8.2235837032e+01   3.3437278593e+02
   4142.0000000000   3.3207965889e+02   8.2309796110e+01   3.3449659810e+02
   4143.0000000000   3.3220140660e+02   8.2383226461e+01   3.3461924876e+02
   4144.0000000000   3.3232221161e+02   8.2465216829e+01   3.3474116802e+02
   4145.0000000000   3.3245086398e+02   8.2550535118e+01   3.3487154577e+02
   4146.0000000000   3.3257388965e+02   8.2629332388e+01   3.3499617442e+02
   4147.0000000000   3.3269556877e+02   8.2706470706e+01   3.3511952510e+02
   4148.0000000000   3.3281635985e+02   8.2782555568e+01   3.3525107459e+02
   4149.0000000000   3.3293646263e+02   8.2857852453e+01   3.3537671485e+02
   4150.0000000000   3.3305599194e+02   8.2932510882e+01   3.3550096543e+02
   4151.0000000000   3.3317502368e+02   8.3024662159e+01   3.3562431355e+02
   4152.0000000000   3.3329361234e+02   8.3105773520e+01   3.3574696919e+02
   4153.0000000000   3.3342037493e+02   8.3184721328e+01   3.3586905109e+02
   4154.0000000000   3.3354174497e+02   8.3262382461e+01   3.3599063632e+02
   4155.0000000000   3.3366194603e+02   8.3348129971e+01   3.3611177934e+02
   4156.0000000000   3.3378139883e+02   8.3427855581e+01   3.3623252090e+02
   4157.0000000000   3.3390027649e+02   8.3506092558e+01   3.3635289282e+02
   4158.0000000000   3.3402724989e+02   8.3583342456e+01   3.3647292074e+02
   4159.0000000000   3.3415735656e+02   8.3659827854e+01   3.3659262583e+02
   4160.0000000000   3.3428123733e+02   8.3735678092e+01   3.3671202593e+02
   4161.0000000000   3.3440352004e+02   8.3810979124e+01   3.3683113635e+02
   4162.0000000000   3.3452478304e+02   8.3885792868e+01   3.3694997037e+02
   4163.0000000000   3.3464528041e+02   8.3960166392e+01   3.3706853965e+02
   4164.0000000000   3.3477373108e+02   8.4052172061e+01   3.3718685458e+02
   4165.0000000000   3.3490520372e+02   8.4133240163e+01   3.3730492443e+02
   4166.0000000000   3.3503036066e+02   8.4212222445e+01   3.3742275757e+02
   4167.0000000000   3.3515384528e+02   8.4289978629e+01   3.3754036162e+02
   4168.0000000000   3.3527624754e+02   8.4366851777e+01   3.3765774352e+02
   4169.0000000000   3.3539783047e+02   8.4443024376e+01   3.3777490966e+02
   4170.0000000000   3.3552732005e+02   8.4518609378e+01   3.3790990111e+02
   4171.0000000000   3.3565121499e+02   8.4593683687e+01   3.3803412338e+02
   4172.0000000000   3.3577378134e+02   8.4668303203e+01   3.3815640815e+02
   4173.0000000000   3.3589546933e+02   8.4742510549e+01   3.3828661616e+02
   4174.0000000000   3.3601647345e+02   8.4816339419e+01   3.3841077664e+02
   4175.0000000000   3.3613690507e+02   8.4907852392e+01   3.3853347360e+02
   4176.0000000000   3.3626541326e+02   8.4988472302e+01   3.3865522912e+02
   4177.0000000000   3.3638845172e+02   8.5067045047e+01   3.3877627375e+02
   4178.0000000000   3.3651025760e+02   8.5144425648e+01   3.3889673903e+02
   4179.0000000000   3.3663126137e+02   8.5220953316e+01   3.3901671035e+02
   4180.0000000000   3.3675164339e+02   8.5296807334e+01   3.3913624772e+02
   4181.0000000000   3.3687150449e+02   8.5381115548e+01   3.3925539563e+02
   4182.0000000000   3.3699091013e+02   8.5459652584e+01   3.3938320604e+02
   4183.0000000000   3.3710990684e+02   8.5536885665e+01   3.3950540633e+02
   4184.0000000000   3.3723710541e+02   8.5613274910e+01   3.3963544972e+02
   4185.0000000000   3.3736751011e+02   8.5689014891e+01   3.3975947404e+02
   4186.0000000000   3.3749174142e+02   8.5764214961e+01   3.3988207070e+02
   4187.0000000000   3.3761441389e+02   8.5838946209e+01   3.4000375569e+02
   4188.0000000000   3.3773609668e+02   8.5913259126e+01   3.4013377021e+02
   4189.0000000000   3.3785703731e+02   8.5987191770e+01   3.4025794010e+02
   4190.0000000000   3.3797737420e+02   8.6060774067e+01   3.4038075968e+02
   4191.0000000000   3.3810577146e+02   8.6134030301e+01   3.4052074004e+02
   4192.0000000000   3.3822869156e+02   8.6206980668e+01   3.4064948567e+02
   4193.0000000000   3.3835037698e+02   8.6279642291e+01   3.4077593898e+02
   4194.0000000000   3.3847126144e+02   8.6352029921e+01   3.4090101385e+02
   4195.0000000000   3.3859152734e+02   8.6424156430e+01   3.4102508856e+02
   4196.0000000000   3.3871127678e+02   8.6496033179e+01   3.4114836987e+02
   4197.0000000000   3.3883057596e+02   8.6567670284e+01   3.4127098815e+02
   4198.0000000000   3.3894947183e+02   8.6648094424e+01   3.4139303327e+02
   4199.0000000000   3.3906799977e+02   8.6723013840e+01   3.4151457095e+02
   4200.0000000000   3.3918618757e+02   8.6796849308e+01   3.4163565147e+02
   4201.0000000000   3.3930405782e+02   8.6870026880e+01   3.4175631458e+02
   4202.0000000000   3.3943020491e+02   8.6951732816e+01   3.4187659250e+02
   4203.0000000000   3.3955104567e+02   8.7027756226e+01   3.4199651195e+02
   4204.0000000000   3.3967079084e+02   8.7102565264e+01   3.4211609545e+02
   4205.0000000000   3.3980700233e+02   8.7176616384e+01   3.4223536227e+02
   4206.0000000000   3.3994122256e+02   8.7259116623e+01   3.4236334667e+02
   4207.0000000000   3.4006833505e+02   8.7335869961e+01   3.4248576327e+02
   4208.0000000000   3.4021054093e+02   8.7411355585e+01   3.4260703827e+02
   4209.0000000000   3.4034138781e+02   8.7486038370e+01   3.4273661995e+02
   4210.0000000000   3.4046961078e+02   8.7569131925e+01   3.4286939860e+02
   4211.0000000000   3.4059620238e+02   8.7646445469e+01   3.4299558010e+02
   4212.0000000000   3.4072159740e+02   8.7722462427e+01   3.4312005489e+02
   4213.0000000000   3.4084604199e+02   8.7797651151e+01   3.4326147965e+02
   4214.0000000000   3.4097827048e+02   8.7872210551e+01   3.4339152952e+02
   4215.0000000000   3.4110479451e+02   8.7946252246e+01   3.4351918665e+02
   4216.0000000000   3.4122989280e+02   8.8019848420e+01   3.4364538947e+02
   4217.0000000000   3.4135402671e+02   8.8093049974e+01   3.4377955006e+02
   4218.0000000000   3.4147740032e+02   8.8165894954e+01   3.4390758647e+02
   4219.0000000000   3.4160013309e+02   8.8247430611e+01   3.4403405053e+02
   4220.0000000000   3.4172230540e+02   8.8323380831e+01   3.4416847498e+02
   4221.0000000000   3.4184397593e+02   8.8407196183e+01   3.4430581023e+02
   4222.0000000000   3.4197376553e+02   8.8485012454e+01   3.4443630682e+02
   4223.0000000000   3.4209811123e+02   8.8561419468e+01   3.4456488942e+02
   4224.0000000000   3.4222981540e+02   8.8636931974e+01   3.4470122409e+02
   4225.0000000000   3.4236427817e+02   8.8711772565e+01   3.4483130758e+02
   4226.0000000000   3.4250084878e+02   8.8786066263e+01   3.4495972645e+02
   4227.0000000000   3.4263062144e+02   8.8859893419e+01   3.4508701459e+02
   4228.0000000000   3.4275840942e+02   8.8933310205e+01   3.4521341645e+02
   4229.0000000000   3.4289346559e+02   8.9006358233e+01   3.4534809485e+02
   4230.0000000000   3.4302250550e+02   8.9079069664e+01   3.4547684788e+02
   4231.0000000000   3.4314991000e+02   8.9151470176e+01   3.4560416030e+02
   4232.0000000000   3.4327619877e+02   8.9223580800e+01   3.4573050615e+02
   4233.0000000000   3.4340161217e+02   8.9295419123e+01   3.4585609139e+02
   4234.0000000000   3.4353486932e+02   8.9367000103e+01   3.4599005252e+02
   4235.0000000000   3.4367104382e+02   8.9438336643e+01   3.4611816880e+02
   4236.0000000000   3.4380080430e+02   8.9509440013e+01   3.4625392861e+02
   4237.0000000000   3.4392880065e+02   8.9580320155e+01   3.4638349536e+02
   4238.0000000000   3.4405562902e+02   8.9660003512e+01   3.4651147999e+02
   4239.0000000000   3.4418155817e+02   8.9743215643e+01   3.4663841400e+02
   4240.0000000000   3.4431531927e+02   8.9820077049e+01   3.4677355122e+02
   4241.0000000000   3.4444341577e+02   8.9895426766e+01   3.4690272807e+02
   4242.0000000000   3.4457011798e+02   8.9969852346e+01   3.4703946542e+02
   4243.0000000000   3.4470445562e+02   9.0061640105e+01   3.4717896453e+02
   4244.0000000000   3.4483302759e+02   9.0142327895e+01   3.4731154993e+02
   4245.0000000000   3.4496014540e+02   9.0220828699e+01   3.4744217587e+02
   4246.0000000000   3.4508628409e+02   9.0298039915e+01   3.4757150469e+02
   4247.0000000000   3.4521165355e+02   9.0374329047e+01   3.4769984030e+02
   4248.0000000000   3.4535352680e+02   9.0458912648e+01   3.4782735993e+02
   4249.0000000000   3.4548478671e+02   9.0537615112e+01   3.4795418058e+02
   4250.0000000000   3.4561388591e+02   9.0614934721e+01   3.4808038576e+02
   4251.0000000000   3.4574166658e+02   9.0691352392e+01   3.4820603835e+02
   4252.0000000000   3.4586847323e+02   9.0767077339e+01   3.4833118758e+02
   4253.0000000000   3.4599449347e+02   9.0851247196e+01   3.4845587315e+02
   4254.0000000000   3.4612842151e+02   9.0929641101e+01   3.4858914546e+02
   4255.0000000000   3.4625674043e+02   9.1006729006e+01   3.4871673211e+02
   4256.0000000000   3.4638370792e+02   9.1110025764e+01   3.4884307002e+02
   4257.0000000000   3.4651834513e+02   9.1214862744e+01   3.4897761642e+02
   4258.0000000000   3.4664724483e+02   9.1305990509e+01   3.4910625161e+02
   4259.0000000000   3.4677471394e+02   9.1393565428e+01   3.4923348801e+02
   4260.0000000000   3.4690122394e+02   9.1487982017e+01   3.4935980842e+02
   4261.0000000000   3.4702698186e+02   9.1575553676e+01   3.4948542011e+02
   4262.0000000000   3.4716925844e+02   9.1661039204e+01   3.4961044023e+02
   4263.0000000000   3.4730093462e+02   9.1745078243e+01   3.4974396255e+02
   4264.0000000000   3.4743046145e+02   9.1827985414e+01   3.4987174114e+02
   4265.0000000000   3.4755867974e+02   9.1909955141e+01   3.4999823002e+02
   4266.0000000000   3.4768593286e+02   9.1991121442e+01   3.5013289792e+02
   4267.0000000000   3.4781240741e+02   9.2071582939e+01   3.5027065078e+02
   4268.0000000000   3.4793822111e+02   9.2151415485e+01   3.5041072435e+02
   4269.0000000000   3.4806345539e+02   9.2230679333e+01   3.5054371893e+02
   4270.0000000000   3.4818817028e+02   9.2318441136e+01   3.5067467742e+02
   4271.0000000000   3.4832098768e+02   9.2400441666e+01   3.5080430086e+02
   4272.0000000000   3.4844834540e+02   9.2481128613e+01   3.5093291286e+02
   4273.0000000000   3.4857447072e+02   9.2560950611e+01   3.5106070160e+02
   4274.0000000000   3.4869978764e+02   9.2640095500e+01   3.5119680810e+02
   4275.0000000000   3.4883304781e+02   9.2718668811e+01   3.5133603737e+02
   4276.0000000000   3.4896074995e+02   9.2796739635e+01   3.5146856798e+02
   4277.0000000000   3.4908715444e+02   9.2874357633e+01   3.5159928312e+02
   4278.0000000000   3.4922128065e+02   9.2960578374e+01   3.5172880491e+02
   4279.0000000000   3.4935829366e+02   9.3041132209e+01   3.5185741226e+02
   4280.0000000000   3.4948889759e+02   9.3120457434e+01   3.5198526569e+02
   4281.0000000000   3.4962633296e+02   9.3217029541e+01   3.5211247054e+02
   4282.0000000000   3.4975760298e+02   9.3311446687e+01   3.5223910176e+02
   4283.0000000000   3.4988717550e+02   9.3407352194e+01   3.5236521577e+02
   4284.0000000000   3.5001560477e+02   9.3495761251e+01   3.5249085678e+02
   4285.0000000000   3.5015172247e+02   9.3590893410e+01   3.5261606053e+02
   4286.0000000000   3.5028208058e+02   9.3679230429e+01   3.5274085657e+02
   4287.0000000000   3.5041955258e+02   9.3765556646e+01   3.5286526986e+02
   4288.0000000000   3.5055101060e+02   9.3850510028e+01   3.5298932177e+02
   4289.0000000000   3.5068086104e+02   9.3943415044e+01   3.5311303088e+02
   4290.0000000000   3.5080962502e+02   9.4039175198e+01   3.5323641346e+02
   4291.0000000000   3.5093753903e+02   9.4137047534e+01   3.5336850157e+02
   4292.0000000000   3.5106474195e+02   9.4227656297e+01   3.5350402573e+02
   4293.0000000000   3.5119132658e+02   9.4316066289e+01   3.5363311088e+02
   4294.0000000000   3.5131736007e+02   9.4402997553e+01   3.5376060007e+02
   4295.0000000000   3.5145146923e+02   9.4488789936e+01   3.5388708446e+02
   4296.0000000000   3.5158009551e+02   9.4573645450e+01   3.5401281850e+02
   4297.0000000000   3.5170746899e+02   9.4657699383e+01   3.5414696059e+02
   4298.0000000000   3.5183401593e+02   9.4741049327e+01   3.5427529992e+02
   4299.0000000000   3.5195991417e+02   9.4823769355e+01   3.5440231131e+02
   4300.0000000000   3.5208526309e+02   9.4905917817e+01   3.5452845910e+02
   4301.0000000000   3.5221012734e+02   9.4987541995e+01   3.5465394026e+02
   4302.0000000000   3.5233455311e+02   9.5068681064e+01   3.5477886555e+02
   4303.0000000000   3.5245857551e+02   9.5158385663e+01   3.5490330685e+02
   4304.0000000000   3.5258222242e+02   9.5242384111e+01   3.5502731511e+02
   4305.0000000000   3.5270551672e+02   9.5325114235e+01   3.5515994622e+02
   4306.0000000000   3.5282847765e+02   9.5407016735e+01   3.5528693022e+02
   4307.0000000000   3.5295969734e+02   9.5488272987e+01   3.5541270474e+02
   4308.0000000000   3.5308559105e+02   9.5568983198e+01   3.5554672673e+02
   4309.0000000000   3.5321894407e+02   9.5649212031e+01   3.5568389327e+02
   4310.0000000000   3.5334656724e+02   9.5729005438e+01   3.5581441564e+02
   4311.0000000000   3.5347282211e+02   9.5808398262e+01   3.5594318863e+02
   4312.0000000000   3.5360677138e+02   9.5887418170e+01   3.5607083733e+02
   4313.0000000000   3.5373502575e+02   9.5966087884e+01   3.5619763986e+02
   4314.0000000000   3.5386189976e+02   9.6044426550e+01   3.5632375427e+02
   4315.0000000000   3.5398786748e+02   9.6122450626e+01   3.5644928274e+02
   4316.0000000000   3.5411313603e+02   9.6200174481e+01   3.5657429686e+02
   4317.0000000000   3.5424639930e+02   9.6277610825e+01   3.5669884975e+02
   4318.0000000000   3.5437413550e+02   9.6354771017e+01   3.5682298241e+02
   4319.0000000000   3.5450059649e+02   9.6431665296e+01   3.5695574516e+02
   4320.0000000000   3.5462622216e+02   9.6508302964e+01   3.5709188241e+02
   4321.0000000000   3.5475119917e+02   9.6584692522e+01   3.5722152982e+02
   4322.0000000000   3.5487563273e+02   9.6660841784e+01   3.5734953888e+02
   4323.0000000000   3.5499959138e+02   9.6736757965e+01   3.5747650755e+02
   4324.0000000000   3.5512312390e+02   9.6812447756e+01   3.5760269573e+02
   4325.0000000000   3.5524626712e+02   9.6896934977e+01   3.5772824873e+02
   4326.0000000000   3.5536905004e+02   9.6975925472e+01   3.5785325940e+02
   4327.0000000000   3.5549149622e+02   9.7053837991e+01   3.5798680997e+02
   4328.0000000000   3.5561362527e+02   9.7131096865e+01   3.5811464816e+02
   4329.0000000000   3.5573545384e+02   9.7207869294e+01   3.5825024167e+02
   4330.0000000000   3.5585699630e+02   9.7284243107e+01   3.5837973907e+02
   4331.0000000000   3.5597826519e+02   9.7369289668e+01   3.5850774008e+02
   4332.0000000000   3.5610784722e+02   9.7457762909e+01   3.5863476727e+02
   4333.0000000000   3.5623215316e+02   9.7539802415e+01   3.5877006716e+02
   4334.0000000000   3.5635538889e+02   9.7629278277e+01   3.5890848765e+02
   4335.0000000000   3.5647796113e+02   9.7712487922e+01   3.5904022682e+02
   4336.0000000000   3.5660860726e+02   9.7794103215e+01   3.5917017712e+02
   4337.0000000000   3.5673381406e+02   9.7874686914e+01   3.5929896497e+02
   4338.0000000000   3.5685783177e+02   9.7954492321e+01   3.5942687102e+02
   4339.0000000000   3.5698967105e+02   9.8033665344e+01   3.5955405618e+02
   4340.0000000000   3.5711591380e+02   9.8121318785e+01   3.5968062539e+02
   4341.0000000000   3.5724085667e+02   9.8203219794e+01   3.5980665283e+02
   4342.0000000000   3.5736496169e+02   9.8283831583e+01   3.5993219391e+02
   4343.0000000000   3.5748842736e+02   9.8363611965e+01   3.6006630935e+02
   4344.0000000000   3.5761994110e+02   9.8442754089e+01   3.6019473377e+02
   4345.0000000000   3.5774597605e+02   9.8530383955e+01   3.6032190890e+02
   4346.0000000000   3.5787078001e+02   9.8612271993e+01   3.6044827782e+02
   4347.0000000000   3.5799478952e+02   9.8692881464e+01   3.6057402322e+02
   4348.0000000000   3.5812676403e+02   9.8772669192e+01   3.6069924592e+02
   4349.0000000000   3.5825320720e+02   9.8869862271e+01   3.6082401073e+02
   4350.0000000000   3.5837838246e+02   9.8955967956e+01   3.6095738100e+02
   4351.0000000000   3.5851131103e+02   9.9039882177e+01   3.6108509119e+02
   4352.0000000000   3.5863858340e+02   9.9122492393e+01   3.6121158171e+02
   4353.0000000000   3.5876450326e+02   9.9204160191e+01   3.6133729382e+02
   4354.0000000000   3.5890668983e+02   9.9294098596e+01   3.6146240832e+02
   4355.0000000000   3.5903814833e+02   9.9378129952e+01   3.6158702416e+02
   4356.0000000000   3.5916738879e+02   9.9460751425e+01   3.6172923959e+02
   4357.0000000000   3.5929528442e+02   9.9551461016e+01   3.6186049879e+02
   4358.0000000000   3.5942219803e+02   9.9636167854e+01   3.6198966133e+02
   4359.0000000000   3.5954832859e+02   9.9719405433e+01   3.6211759138e+02
   4360.0000000000   3.5967380200e+02   9.9801672403e+01   3.6225365214e+02
   4361.0000000000   3.5979870525e+02   9.9883188228e+01   3.6239274508e+02
   4362.0000000000   3.5992310219e+02   9.9964079557e+01   3.6252509716e+02
   4363.0000000000   3.6004704175e+02   1.0004443014e+02   3.6265561804e+02
   4364.0000000000   3.6017056270e+02   1.0013331771e+02   3.6278494516e+02
   4365.0000000000   3.6029369657e+02   1.0021648792e+02   3.6291336661e+02
   4366.0000000000   3.6041646952e+02   1.0029839008e+02   3.6304104851e+02
   4367.0000000000   3.6053890368e+02   1.0038849028e+02   3.6316809958e+02
   4368.0000000000   3.6066101799e+02   1.0047267527e+02   3.6329459685e+02
   4369.0000000000   3.6079140452e+02   1.0055546227e+02   3.6342059788e+02
   4370.0000000000   3.6091647855e+02   1.0063733770e+02   3.6354614746e+02
   4371.0000000000   3.6104044984e+02   1.0071851165e+02   3.6367128150e+02
   4372.0000000000   3.6117230405e+02   1.0079910338e+02   3.6379602952e+02
   4373.0000000000   3.6129860668e+02   1.0088820834e+02   3.6392041620e+02
   4374.0000000000   3.6142364317e+02   1.0097158192e+02   3.6404446258e+02
   4375.0000000000   3.6154786760e+02   1.0105367914e+02   3.6416818679e+02
   4376.0000000000   3.6167147272e+02   1.0113495195e+02   3.6429160464e+02
   4377.0000000000   3.6179456604e+02   1.0121558929e+02   3.6442374766e+02
   4378.0000000000   3.6191721658e+02   1.0129569646e+02   3.6455032827e+02
   4379.0000000000   3.6205662396e+02   1.0137534160e+02   3.6467577087e+02
   4380.0000000000   3.6218562588e+02   1.0145457300e+02   3.6480050467e+02
   4381.0000000000   3.6231264426e+02   1.0153342702e+02   3.6492470112e+02
   4382.0000000000   3.6243849883e+02   1.0161193231e+02   3.6504845178e+02
   4383.0000000000   3.6256351689e+02   1.0169011214e+02   3.6517181369e+02
   4384.0000000000   3.6269644797e+02   1.0176798590e+02   3.6529482607e+02
   4385.0000000000   3.6282380035e+02   1.0184557008e+02   3.6541751775e+02
   4386.0000000000   3.6295841948e+02   1.0192287893e+02   3.6553991101e+02
   4387.0000000000   3.6309573324e+02   1.0199992492e+02   3.6566202372e+02
   4388.0000000000   3.6322653395e+02   1.0207671906e+02   3.6578387063e+02
   4389.0000000000   3.6336410353e+02   1.0215327122e+02   3.6590546420e+02
   4390.0000000000   3.6350404408e+02   1.0222959025e+02   3.6602681516e+02
   4391.0000000000   3.6363723881e+02   1.0230568419e+02   3.6615695046e+02
   4392.0000000000   3.6376844867e+02   1.0239057796e+02   3.6628157843e+02
   4393.0000000000   3.6389833516e+02   1.0246997831e+02   3.6640511977e+02
   4394.0000000000   3.6402720871e+02   1.0254830474e+02   3.6652800038e+02
   4395.0000000000   3.6415525303e+02   1.0263499976e+02   3.6665038871e+02
   4396.0000000000   3.6428259051e+02   1.0271593111e+02   3.6677237362e+02
   4397.0000000000   3.6440930889e+02   1.0280461791e+02   3.6689400968e+02
   4398.0000000000   3.6453547437e+02   1.0288723351e+02   3.6701533386e+02
   4399.0000000000   3.6466113874e+02   1.0296839017e+02   3.6713637296e+02
   4400.0000000000   3.6478634372e+02   1.0304861684e+02   3.6725714738e+02
   4401.0000000000   3.6491112363e+02   1.0312814553e+02   3.6738669086e+02
   4402.0000000000   3.6503550729e+02   1.0320710770e+02   3.6751973418e+02
   4403.0000000000   3.6515951920e+02   1.0328558820e+02   3.6764640169e+02
   4404.0000000000   3.6528318051e+02   1.0336364644e+02   3.6777153526e+02
   4405.0000000000   3.6540650965e+02   1.0344132637e+02   3.6789572461e+02
   4406.0000000000   3.6552952286e+02   1.0351866189e+02   3.6801922252e+02
   4407.0000000000   3.6565223452e+02   1.0359567997e+02   3.6814216807e+02
   4408.0000000000   3.6577465751e+02   1.0368142020e+02   3.6826464865e+02
   4409.0000000000   3.6590537905e+02   1.0376160092e+02   3.6838672402e+02
   4410.0000000000   3.6603081049e+02   1.0384065094e+02   3.6850843756e+02
   4411.0000000000   3.6615515838e+02   1.0391900282e+02   3.6864785734e+02
   4412.0000000000   3.6627883011e+02   1.0400584811e+02   3.6878542686e+02
   4413.0000000000   3.6640198810e+02   1.0408698031e+02   3.6891569357e+02
   4414.0000000000   3.6653329454e+02   1.0416687122e+02   3.6904392638e+02
   4415.0000000000   3.6666777984e+02   1.0425499798e+02   3.6917088373e+02
   4416.0000000000   3.6679607885e+02   1.0433725265e+02   3.6929690686e+02
   4417.0000000000   3.6692281443e+02   1.0441815472e+02   3.6942218866e+02
   4418.0000000000   3.6704856067e+02   1.0449819119e+02   3.6954685240e+02
   4419.0000000000   3.6717356804e+02   1.0457757178e+02   3.6968000093e+02
   4420.0000000000   3.6729797673e+02   1.0465641481e+02   3.6980739661e+02
   4421.0000000000   3.6742187619e+02   1.0473479694e+02   3.6993350027e+02
   4422.0000000000   3.6755390415e+02   1.0483080732e+02   3.7005876852e+02
   4423.0000000000   3.6768050717e+02   1.0491588628e+02   3.7019241154e+02
   4424.0000000000   3.6780591731e+02   1.0499889170e+02   3.7032023753e+02
   4425.0000000000   3.6793056110e+02   1.0508068712e+02   3.7044673017e+02
   4426.0000000000   3.6806319125e+02   1.0517063552e+02   3.7057235870e+02
   4427.0000000000   3.6819030673e+02   1.0525462079e+02   3.7069732325e+02
   4428.0000000000   3.6831616760e+02   1.0534618752e+02   3.7083075436e+02
   4429.0000000000   3.6844979257e+02   1.0543153217e+02   3.7095842562e+02
   4430.0000000000   3.6857777022e+02   1.0552430394e+02   3.7109382018e+02
   4431.0000000000   3.6871297843e+02   1.0561074779e+02   3.7122309661e+02
   4432.0000000000   3.6884228488e+02   1.0569552228e+02   3.7135987905e+02
   4433.0000000000   3.6897008914e+02   1.0577918911e+02   3.7149941264e+02
   4434.0000000000   3.6909690518e+02   1.0586200486e+02   3.7163204328e+02
   4435.0000000000   3.6922296272e+02   1.0594412015e+02   3.7176273654e+02
   4436.0000000000   3.6934839443e+02   1.0602563522e+02   3.7189216094e+02
   4437.0000000000   3.6948186319e+02   1.0610662210e+02   3.7202062377e+02
   4438.0000000000   3.6960983202e+02   1.0618713529e+02   3.7215732160e+02
   4439.0000000000   3.6973654464e+02   1.0626721761e+02   3.7228807226e+02
   4440.0000000000   3.6986243624e+02   1.0634690366e+02   3.7241737276e+02
   4441.0000000000   3.6998769069e+02   1.0642622207e+02   3.7254570497e+02
   4442.0000000000   3.7011241149e+02   1.0651421450e+02   3.7267328007e+02
   4443.0000000000   3.7023666612e+02   1.0660561916e+02   3.7280022045e+02
   4444.0000000000   3.7036050270e+02   1.0669056719e+02   3.7292660768e+02
   4445.0000000000   3.7048395764e+02   1.0677390669e+02   3.7305250086e+02
   4446.0000000000   3.7060705968e+02   1.0685623299e+02   3.7317794519e+02
   4447.0000000000   3.7072983224e+02   1.0693780402e+02   3.7330297662e+02
   4448.0000000000   3.7086087047e+02   1.0701876348e+02   3.7343664217e+02
   4449.0000000000   3.7098659186e+02   1.0710822059e+02   3.7357368406e+02
   4450.0000000000   3.7111120775e+02   1.0719193897e+02   3.7370423659e+02
   4451.0000000000   3.7123512935e+02   1.0727437881e+02   3.7383315035e+02
   4452.0000000000   3.7135852215e+02   1.0735599545e+02   3.7396102275e+02
   4453.0000000000   3.7148147524e+02   1.0743698003e+02   3.7408811341e+02
   4454.0000000000   3.7160404456e+02   1.0752645697e+02   3.7421456750e+02
   4455.0000000000   3.7172626880e+02   1.0761921303e+02   3.7434047787e+02
   4456.0000000000   3.7184817658e+02   1.0770541051e+02   3.7446590921e+02
   4457.0000000000   3.7196979012e+02   1.0779893636e+02   3.7459090936e+02
   4458.0000000000   3.7209112728e+02   1.0788610113e+02   3.7471551526e+02
   4459.0000000000   3.7221220285e+02   1.0798060483e+02   3.7483975644e+02
   4460.0000000000   3.7233302936e+02   1.0806871894e+02   3.7496365710e+02
   4461.0000000000   3.7245361759e+02   1.0815511737e+02   3.7508723753e+02
   4462.0000000000   3.7257397696e+02   1.0824037148e+02   3.7521051502e+02
   4463.0000000000   3.7269411581e+02   1.0832474424e+02   3.7533350453e+02
   4464.0000000000   3.7281404158e+02   1.0840839073e+02   3.7545621913e+02
   4465.0000000000   3.7293376101e+02   1.0849141445e+02   3.7557867040e+02
   4466.0000000000   3.7305328020e+02   1.0857388988e+02   3.7570086868e+02
   4467.0000000000   3.7317260472e+02   1.0865587343e+02   3.7583184084e+02
   4468.0000000000   3.7329173971e+02   1.0873740941e+02   3.7595729532e+02
   4469.0000000000   3.7341068991e+02   1.0882755127e+02   3.7609067066e+02
   4470.0000000000   3.7353803535e+02   1.0892104628e+02   3.7621809313e+02
   4471.0000000000   3.7366018101e+02   1.0901705030e+02   3.7634414485e+02
   4472.0000000000   3.7378990336e+02   1.0910611722e+02   3.7646933427e+02
   4473.0000000000   3.7391400553e+02   1.0919326040e+02   3.7660289636e+02
   4474.0000000000   3.7403684234e+02   1.0927916086e+02   3.7673065181e+02
   4475.0000000000   3.7415889484e+02   1.0936412802e+02   3.7686610817e+02
   4476.0000000000   3.7429751877e+02   1.0945735717e+02   3.7699543771e+02
   4477.0000000000   3.7442562860e+02   1.0954466381e+02   3.7712325504e+02
   4478.0000000000   3.7455168939e+02   1.0963054248e+02   3.7725009247e+02
   4479.0000000000   3.7467654720e+02   1.0971547272e+02   3.7737618552e+02
   4480.0000000000   3.7480054634e+02   1.0979966362e+02   3.7750166896e+02
   4481.0000000000   3.7494102339e+02   1.0988323573e+02   3.7762663071e+02
   4482.0000000000   3.7507947102e+02   1.0997528665e+02   3.7775113289e+02
   4483.0000000000   3.7521933816e+02   1.1006157412e+02   3.7787522190e+02
   4484.0000000000   3.7535207673e+02   1.1014655550e+02   3.7800795139e+02
   4485.0000000000   3.7548263411e+02   1.1023068495e+02   3.7813505029e+02
   4486.0000000000   3.7562033098e+02   1.1031415341e+02   3.7826997322e+02
   4487.0000000000   3.7576049851e+02   1.1039706805e+02   3.7839885927e+02
   4488.0000000000   3.7589394429e+02   1.1048851624e+02   3.7852630103e+02
   4489.0000000000   3.7602540282e+02   1.1057424780e+02   3.7865281557e+02
   4490.0000000000   3.7615552586e+02   1.1065871377e+02   3.7877862744e+02
   4491.0000000000   3.7628462077e+02   1.1075138080e+02   3.7890386338e+02
   4492.0000000000   3.7641287096e+02   1.1083813569e+02   3.7902860520e+02
   4493.0000000000   3.7654039976e+02   1.1092349542e+02   3.7915291039e+02
   4494.0000000000   3.7666729632e+02   1.1100794609e+02   3.7927682168e+02
   4495.0000000000   3.7679362839e+02   1.1109169739e+02   3.7940938985e+02
   4496.0000000000   3.7692802495e+02   1.1117486822e+02   3.7954535908e+02
   4497.0000000000   3.7705693003e+02   1.1125753610e+02   3.7967486456e+02
   4498.0000000000   3.7718457634e+02   1.1133975605e+02   3.7980275711e+02
   4499.0000000000   3.7731139253e+02   1.1143058709e+02   3.7992963395e+02
   4500.0000000000   3.7743755865e+02   1.1151576174e+02   3.8005575424e+02
   4501.0000000000   3.7756317600e+02   1.1159971960e+02   3.8018126256e+02
   4502.0000000000   3.7768831094e+02   1.1169191933e+02   3.8030625104e+02
   4503.0000000000   3.7781301113e+02   1.1177824181e+02   3.8043078365e+02
   4504.0000000000   3.7793731295e+02   1.1187221711e+02   3.8055490742e+02
   4505.0000000000   3.7806124538e+02   1.1196002779e+02   3.8067865856e+02
   4506.0000000000   3.7818483225e+02   1.1204629398e+02   3.8080206582e+02
   4507.0000000000   3.7830809364e+02   1.1214056902e+02   3.8092515267e+02
   4508.0000000000   3.7843104675e+02   1.1223780842e+02   3.8104793867e+02
   4509.0000000000   3.7855370653e+02   1.1232826215e+02   3.8117044043e+02
   4510.0000000000   3.7867608618e+02   1.1241685215e+02   3.8129267222e+02
   4511.0000000000   3.7880677304e+02   1.1250422349e+02   3.8141464651e+02
   4512.0000000000   3.7893217851e+02   1.1259066941e+02   3.8153637426e+02
   4513.0000000000   3.7906508472e+02   1.1267635983e+02   3.8165786522e+02
   4514.0000000000   3.7919229985e+02   1.1276140637e+02   3.8177912813e+02
   4515.0000000000   3.7931818320e+02   1.1284588833e+02   3.8190017088e+02
   4516.0000000000   3.7944321990e+02   1.1292986517e+02   3.8202100061e+02
   4517.0000000000   3.7956761807e+02   1.1301338323e+02   3.8215965906e+02
   4518.0000000000   3.7970006940e+02   1.1309647975e+02   3.8230558745e+02
   4519.0000000000   3.7983562447e+02   1.1317918538e+02   3.8243901796e+02
   4520.0000000000   3.7996493269e+02   1.1326152581e+02   3.8257863833e+02
   4521.0000000000   3.8009262772e+02   1.1334352292e+02   3.8271131653e+02
   4522.0000000000   3.8021929193e+02   1.1343421321e+02   3.8285097917e+02
   4523.0000000000   3.8034518228e+02   1.1351931321e+02   3.8298401514e+02
   4524.0000000000   3.8047044413e+02   1.1360325078e+02   3.8311516740e+02
   4525.0000000000   3.8059517114e+02   1.1368645807e+02   3.8324505135e+02
   4526.0000000000   3.8072800449e+02   1.1376910906e+02   3.8338297723e+02
   4527.0000000000   3.8085539363e+02   1.1385129748e+02   3.8351482105e+02
   4528.0000000000   3.8098157303e+02   1.1393308231e+02   3.8364511478e+02
   4529.0000000000   3.8111554688e+02   1.1401450443e+02   3.8377436340e+02
   4530.0000000000   3.8124389494e+02   1.1409559416e+02   3.8391181188e+02
   4531.0000000000   3.8137091380e+02   1.1417637511e+02   3.8404329451e+02
   4532.0000000000   3.8150564212e+02   1.1425686633e+02   3.8417331514e+02
   4533.0000000000   3.8163468077e+02   1.1433708364e+02   3.8430235900e+02
   4534.0000000000   3.8177091585e+02   1.1443507566e+02   3.8443063916e+02
   4535.0000000000   3.8190122091e+02   1.1452225402e+02   3.8455827924e+02
   4536.0000000000   3.8203857552e+02   1.1460745550e+02   3.8468536170e+02
   4537.0000000000   3.8217847354e+02   1.1469152753e+02   3.8481194629e+02
   4538.0000000000   3.8231174525e+02   1.1477480295e+02   3.8494709640e+02
   4539.0000000000   3.8244312119e+02   1.1485745561e+02   3.8507654847e+02
   4540.0000000000   3.8258181913e+02   1.1494860869e+02   3.8520474563e+02
   4541.0000000000   3.8271453723e+02   1.1504305035e+02   3.8535016726e+02
   4542.0000000000   3.8284564674e+02   1.1513094431e+02   3.8548439704e+02
   4543.0000000000   3.8298423730e+02   1.1522617844e+02   3.8561636324e+02
   4544.0000000000   3.8311694659e+02   1.1531506381e+02   3.8574696981e+02
   4545.0000000000   3.8324811274e+02   1.1540228297e+02   3.8588560553e+02
   4546.0000000000   3.8337822987e+02   1.1548840731e+02   3.8601817197e+02
   4547.0000000000   3.8351609759e+02   1.1557369718e+02   3.8614920903e+02
   4548.0000000000   3.8364824933e+02   1.1565830436e+02   3.8627922290e+02
   4549.0000000000   3.8377897149e+02   1.1574232902e+02   3.8641745718e+02
   4550.0000000000   3.8390872799e+02   1.1582584250e+02   3.8654974385e+02
   4551.0000000000   3.8403772336e+02   1.1590889835e+02   3.8668960183e+02
   4552.0000000000   3.8416607676e+02   1.1599153831e+02   3.8682321393e+02
   4553.0000000000   3.8430244361e+02   1.1607379592e+02   3.8695520430e+02
   4554.0000000000   3.8443328282e+02   1.1616471632e+02   3.8708611376e+02
   4555.0000000000   3.8457141166e+02   1.1625002263e+02   3.8721618541e+02
   4556.0000000000   3.8470366532e+02   1.1634316538e+02   3.8734556078e+02
   4557.0000000000   3.8483442449e+02   1.1643028074e+02   3.8747433380e+02
   4558.0000000000   3.8496419167e+02   1.1651595917e+02   3.8760257200e+02
   4559.0000000000   3.8509318934e+02   1.1660973375e+02   3.8773934420e+02
   4560.0000000000   3.8522154558e+02   1.1670654549e+02   3.8787039086e+02
   4561.0000000000   3.8534934475e+02   1.1679663359e+02   3.8800015814e+02
   4562.0000000000   3.8547664714e+02   1.1688491173e+02   3.8812909256e+02
   4563.0000000000   3.8560349843e+02   1.1697201847e+02   3.8825737963e+02
   4564.0000000000   3.8572993457e+02   1.1705824187e+02   3.8838512252e+02
   4565.0000000000   3.8586456046e+02   1.1714374759e+02   3.8851238799e+02
   4566.0000000000   3.8600237694e+02   1.1722864372e+02   3.8863922353e+02
   4567.0000000000   3.8613400254e+02   1.1732202419e+02   3.8876566505e+02
   4568.0000000000   3.8626405074e+02   1.1740964595e+02   3.8889174095e+02
   4569.0000000000   3.8639309016e+02   1.1749596648e+02   3.8901747444e+02
   4570.0000000000   3.8652136811e+02   1.1758144034e+02   3.8914288499e+02
   4571.0000000000   3.8664902305e+02   1.1766625890e+02   3.8926798921e+02
   4572.0000000000   3.8678471928e+02   1.1775052966e+02   3.8940181912e+02
   4573.0000000000   3.8692349515e+02   1.1783432270e+02   3.8953910502e+02
   4574.0000000000   3.8705599436e+02   1.1791768799e+02   3.8966997151e+02
   4575.0000000000   3.8718684802e+02   1.1800066337e+02   3.8979926120e+02
   4576.0000000000   3.8731663759e+02   1.1809229636e+02   3.8992756480e+02
   4577.0000000000   3.8744561998e+02   1.1817831137e+02   3.9005513627e+02
   4578.0000000000   3.8757394101e+02   1.1826314207e+02   3.9018211596e+02
   4579.0000000000   3.8770169509e+02   1.1834722503e+02   3.9030859253e+02
   4580.0000000000   3.8782894863e+02   1.1843073762e+02   3.9045266224e+02
   4581.0000000000   3.8795575115e+02   1.1852279384e+02   3.9058576981e+02
   4582.0000000000   3.8808214109e+02   1.1861817240e+02   3.9071677599e+02
   4583.0000000000   3.8820814932e+02   1.1871604682e+02   3.9084654627e+02
   4584.0000000000   3.8833380124e+02   1.1880698135e+02   3.9098444502e+02
   4585.0000000000   3.8846769379e+02   1.1889599564e+02   3.9111635714e+02
   4586.0000000000   3.8859624606e+02   1.1899279216e+02   3.9124681042e+02
   4587.0000000000   3.8873224644e+02   1.1909240026e+02   3.9138531950e+02
   4588.0000000000   3.8887108392e+02   1.1918511236e+02   3.9151780323e+02
   4589.0000000000   3.8900352301e+02   1.1927587720e+02   3.9164880107e+02
   4590.0000000000   3.8914282510e+02   1.1936535797e+02   3.9177881547e+02
   4591.0000000000   3.8927600102e+02   1.1945386072e+02   3.9190806840e+02
   4592.0000000000   3.8940752091e+02   1.1954156481e+02   3.9203668816e+02
   4593.0000000000   3.8955509031e+02   1.1962858902e+02   3.9216475962e+02
   4594.0000000000   3.8969176602e+02   1.1971501818e+02   3.9229234368e+02
   4595.0000000000   3.8982609168e+02   1.1980993375e+02   3.9241948648e+02
   4596.0000000000   3.8995896385e+02   1.1989908563e+02   3.9254622438e+02
   4597.0000000000   3.9009076229e+02   1.1998692727e+02   3.9267258688e+02
   4598.0000000000   3.9022169877e+02   1.2008292850e+02   3.9280761606e+02
   4599.0000000000   3.9035190910e+02   1.2017297942e+02   3.9293703267e+02
   4600.0000000000   3.9048148818e+02   1.2026160021e+02   3.9306526780e+02
   4601.0000000000   3.9061050623e+02   1.2034927987e+02   3.9320177371e+02
   4602.0000000000   3.9073901747e+02   1.2044524836e+02   3.9334144400e+02
   4603.0000000000   3.9086706511e+02   1.2053532699e+02   3.9349252251e+02
   4604.0000000000   3.9099468441e+02   1.2062400872e+02   3.9363130206e+02
   4605.0000000000   3.9112190479e+02   1.2071176970e+02   3.9376723280e+02
   4606.0000000000   3.9124875114e+02   1.2079881543e+02   3.9390142998e+02
   4607.0000000000   3.9137524485e+02   1.2088526323e+02   3.9403437545e+02
   4608.0000000000   3.9150998016e+02   1.2097119025e+02   3.9416633710e+02
   4609.0000000000   3.9163937426e+02   1.2105665179e+02   3.9429748483e+02
   4610.0000000000   3.9177621425e+02   1.2114168984e+02   3.9442793563e+02
   4611.0000000000   3.9190731258e+02   1.2122633761e+02   3.9455777484e+02
   4612.0000000000   3.9203703226e+02   1.2131062217e+02   3.9468706740e+02
   4613.0000000000   3.9216586167e+02   1.2139456611e+02   3.9482488194e+02
   4614.0000000000   3.9230258742e+02   1.2148720625e+02   3.9495695968e+02
   4615.0000000000   3.9243372896e+02   1.2157425923e+02   3.9508774783e+02
   4616.0000000000   3.9256355964e+02   1.2166917044e+02   3.9521769408e+02
   4617.0000000000   3.9269253165e+02   1.2175807198e+02   3.9536502020e+02
   4618.0000000000   3.9282941485e+02   1.2184555096e+02   3.9550123039e+02
   4619.0000000000   3.9296072024e+02   1.2193212017e+02   3.9563521889e+02
   4620.0000000000   3.9309071671e+02   1.2201800077e+02   3.9576787236e+02
   4621.0000000000   3.9321985402e+02   1.2210331676e+02   3.9589955213e+02
   4622.0000000000   3.9335690074e+02   1.2218814776e+02   3.9603045374e+02
   4623.0000000000   3.9348836718e+02   1.2227254945e+02   3.9616069983e+02
   4624.0000000000   3.9361852190e+02   1.2236558071e+02   3.9629037473e+02
   4625.0000000000   3.9374781455e+02   1.2245297354e+02   3.9641954022e+02
   4626.0000000000   3.9387643806e+02   1.2253916684e+02   3.9654824364e+02
   4627.0000000000   3.9400450194e+02   1.2263361846e+02   3.9667652256e+02
   4628.0000000000   3.9414065349e+02   1.2272220844e+02   3.9680440759e+02
   4629.0000000000   3.9427134471e+02   1.2280944844e+02   3.9693192425e+02
   4630.0000000000   3.9440081125e+02   1.2289582020e+02   3.9705909417e+02
   4631.0000000000   3.9452948223e+02   1.2298152979e+02   3.9718593596e+02
   4632.0000000000   3.9465753683e+02   1.2306669303e+02   3.9731246584e+02
   4633.0000000000   3.9478507484e+02   1.2315138476e+02   3.9743869807e+02
   4634.0000000000   3.9491216078e+02   1.2323565770e+02   3.9758268052e+02
   4635.0000000000   3.9503884039e+02   1.2331955123e+02   3.9771582461e+02
   4636.0000000000   3.9516514810e+02   1.2340309601e+02   3.9784696717e+02
   4637.0000000000   3.9529111103e+02   1.2348631675e+02   3.9797695593e+02
   4638.0000000000   3.9544247812e+02   1.2356923381e+02   3.9810612411e+02
   4639.0000000000   3.9557847039e+02   1.2365186437e+02   3.9823464604e+02
   4640.0000000000   3.9571169449e+02   1.2373422310e+02   3.9836262783e+02
   4641.0000000000   3.9584335992e+02   1.2381632277e+02   3.9849014056e+02
   4642.0000000000   3.9597394177e+02   1.2389817459e+02   3.9862625274e+02
   4643.0000000000   3.9610368810e+02   1.2397978849e+02   3.9876572030e+02
   4644.0000000000   3.9624132504e+02   1.2406117337e+02   3.9889868652e+02
   4645.0000000000   3.9638192949e+02   1.2414233727e+02   3.9903000803e+02
   4646.0000000000   3.9651617085e+02   1.2422328747e+02   3.9916028632e+02
   4647.0000000000   3.9664869828e+02   1.2430403060e+02   3.9928978380e+02
   4648.0000000000   3.9678010637e+02   1.2438457279e+02   3.9942766513e+02
   4649.0000000000   3.9691066192e+02   1.2446491965e+02   3.9955972447e+02
   4650.0000000000   3.9704051834e+02   1.2454507641e+02   3.9969945824e+02
   4651.0000000000   3.9716977598e+02   1.2462504790e+02   3.9983303405e+02
   4652.0000000000   3.9729850603e+02   1.2470483864e+02   3.9997408242e+02
   4653.0000000000   3.9743533745e+02   1.2478445287e+02   4.0010883556e+02
   4654.0000000000   3.9757528837e+02   1.2486389455e+02   4.0024194287e+02
   4655.0000000000   3.9770899014e+02   1.2494316742e+02   4.0037395929e+02
   4656.0000000000   3.9784106600e+02   1.2502227499e+02   4.0050513627e+02
   4657.0000000000   3.9798924345e+02   1.2510122060e+02   4.0063562042e+02
   4658.0000000000   3.9812657763e+02   1.2518000740e+02   4.0076550882e+02
   4659.0000000000   3.9826160587e+02   1.2526765597e+02   4.0090388855e+02
   4660.0000000000   3.9839521816e+02   1.2534986919e+02   4.0103651205e+02
   4661.0000000000   3.9852778847e+02   1.2544008066e+02   4.0116783375e+02
   4662.0000000000   3.9865952376e+02   1.2552441220e+02   4.0129830604e+02
   4663.0000000000   3.9879055586e+02   1.2560744196e+02   4.0144615391e+02
   4664.0000000000   3.9892097641e+02   1.2569869239e+02   4.0158288377e+02
   4665.0000000000   3.9905085298e+02   1.2579309521e+02   4.0171739143e+02
   4666.0000000000   3.9918023756e+02   1.2588989903e+02   4.0185958223e+02
   4667.0000000000   3.9931774715e+02   1.2597971032e+02   4.0199551829e+02
   4668.0000000000   3.9944981636e+02   1.2607659211e+02   4.0212980900e+02
   4669.0000000000   3.9958067030e+02   1.2616694592e+02   4.0226299661e+02
   4670.0000000000   3.9971930706e+02   1.2625550789e+02   4.0239532811e+02
   4671.0000000000   3.9985230240e+02   1.2634288391e+02   4.0252694871e+02
   4672.0000000000   3.9998395029e+02   1.2642935791e+02   4.0265795534e+02
   4673.0000000000   4.0011471207e+02   1.2652411604e+02   4.0278841787e+02
   4674.0000000000   4.0024478666e+02   1.2662198839e+02   4.0291838934e+02
   4675.0000000000   4.0037428692e+02   1.2671316894e+02   4.0304791157e+02
   4676.0000000000   4.0050328654e+02   1.2680255087e+02   4.0318603605e+02
   4677.0000000000   4.0063183795e+02   1.2689076312e+02   4.0331849096e+02
   4678.0000000000   4.0075998070e+02   1.2697808929e+02   4.0344971336e+02
   4679.0000000000   4.0088774592e+02   1.2706469321e+02   4.0358014286e+02
   4680.0000000000   4.0101515889e+02   1.2715068255e+02   4.0372799472e+02
   4681.0000000000   4.0114224062e+02   1.2723613388e+02   4.0386476781e+02
   4682.0000000000   4.0126900899e+02   1.2732110474e+02   4.0399935196e+02
   4683.0000000000   4.0139547938e+02   1.2741465767e+02   4.0414164773e+02
   4684.0000000000   4.0152166525e+02   1.2750252888e+02   4.0429574852e+02
   4685.0000000000   4.0164757849e+02   1.2758916147e+02   4.0443766055e+02
   4686.0000000000   4.0178180531e+02   1.2768401723e+02   4.0457674999e+02
   4687.0000000000   4.0191075614e+02   1.2777297988e+02   4.0471410000e+02
   4688.0000000000   4.0203863662e+02   1.2786056441e+02   4.0485017865e+02
   4689.0000000000   4.0217442888e+02   1.2794725553e+02   4.0499426539e+02
   4690.0000000000   4.0230469546e+02   1.2803326201e+02   4.0514124525e+02
   4691.0000000000   4.0243371916e+02   1.2811870207e+02   4.0528134785e+02
   4692.0000000000   4.0257052746e+02   1.2820365271e+02   4.0541949124e+02
   4693.0000000000   4.0270171201e+02   1.2828816858e+02   4.0555632262e+02
   4694.0000000000   4.0283157559e+02   1.2837229080e+02   4.0569213958e+02
   4695.0000000000   4.0296058437e+02   1.2845605160e+02   4.0582711706e+02
   4696.0000000000   4.0308893976e+02   1.2853947707e+02   4.0596137173e+02
   4697.0000000000   4.0321675571e+02   1.2862258886e+02   4.0609498768e+02
   4698.0000000000   4.0334410609e+02   1.2870540525e+02   4.0622802881e+02
   4699.0000000000   4.0347104299e+02   1.2878794197e+02   4.0636054554e+02
   4700.0000000000   4.0361475657e+02   1.2887021270e+02   4.0649257881e+02
   4701.0000000000   4.0374807883e+02   1.2895222950e+02   4.0662416264e+02
   4702.0000000000   4.0387942806e+02   1.2903400307e+02   4.0675532576e+02
   4703.0000000000   4.0400962156e+02   1.2911554299e+02   4.0688609286e+02
   4704.0000000000   4.0413898496e+02   1.2919685794e+02   4.0701648537e+02
   4705.0000000000   4.0427626660e+02   1.2927795575e+02   4.0714652210e+02
   4706.0000000000   4.0440797385e+02   1.2935884360e+02   4.0727621972e+02
   4707.0000000000   4.0453837588e+02   1.2943952808e+02   4.0740559312e+02
   4708.0000000000   4.0466792355e+02   1.2954706802e+02   4.0753465567e+02
   4709.0000000000   4.0479681087e+02   1.2963856910e+02   4.0766341948e+02
   4710.0000000000   4.0492514814e+02   1.2973629403e+02   4.0779189555e+02
   4711.0000000000   4.0505300760e+02   1.2982720531e+02   4.0793812913e+02
   4712.0000000000   4.0518044073e+02   1.2991620792e+02   4.0807352950e+02
   4713.0000000000   4.0530748638e+02   1.3000397514e+02   4.0820693177e+02
   4714.0000000000   4.0543417509e+02   1.3009983934e+02   4.0833918224e+02
   4715.0000000000   4.0556910725e+02   1.3018968429e+02   4.0847061298e+02
   4716.0000000000   4.0569870426e+02   1.3027804345e+02   4.0860139733e+02
   4717.0000000000   4.0582718051e+02   1.3036542053e+02   4.0873164059e+02
   4718.0000000000   4.0595494957e+02   1.3045204038e+02   4.0886141317e+02
   4719.0000000000   4.0608217886e+02   1.3053803428e+02   4.0899076542e+02
   4720.0000000000   4.0620895898e+02   1.3063250726e+02   4.0911973520e+02
   4721.0000000000   4.0635249840e+02   1.3072122236e+02   4.0924835206e+02
   4722.0000000000   4.0648563861e+02   1.3080864072e+02   4.0937663979e+02
   4723.0000000000   4.0661680310e+02   1.3089521921e+02   4.0950461802e+02
   4724.0000000000   4.0674681213e+02   1.3099016836e+02   4.0964132084e+02
   4725.0000000000   4.0687599305e+02   1.3107929674e+02   4.0977246242e+02
   4726.0000000000   4.0702167080e+02   1.3116708844e+02   4.0992050352e+02
   4727.0000000000   4.0715675423e+02   1.3125401314e+02   4.1005727418e+02
   4728.0000000000   4.0728970979e+02   1.3134027139e+02   4.1019177294e+02
   4729.0000000000   4.0742138717e+02   1.3142597661e+02   4.1032493008e+02
   4730.0000000000   4.0755213485e+02   1.3151120276e+02   4.1045712756e+02
   4731.0000000000   4.0768214231e+02   1.3159600252e+02   4.1058857122e+02
   4732.0000000000   4.0781152879e+02   1.3168041563e+02   4.1071938880e+02
   4733.0000000000   4.0794895198e+02   1.3176447334e+02   4.1084966699e+02
   4734.0000000000   4.0808087283e+02   1.3184820103e+02   4.1097946835e+02
   4735.0000000000   4.0821153428e+02   1.3194063737e+02   4.1110884010e+02
   4736.0000000000   4.0834137136e+02   1.3202750026e+02   4.1123781917e+02
   4737.0000000000   4.0847056802e+02   1.3211321837e+02   4.1136643528e+02
   4738.0000000000   4.0859922798e+02   1.3219822431e+02   4.1149471284e+02
   4739.0000000000   4.0873599460e+02   1.3228269227e+02   4.1163168992e+02
   4740.0000000000   4.0886731714e+02   1.3236671603e+02   4.1176308395e+02
   4741.0000000000   4.0901458054e+02   1.3245035447e+02   4.1189332328e+02
   4742.0000000000   4.0915101421e+02   1.3253364833e+02   4.1202284023e+02
   4743.0000000000   4.0928519020e+02   1.3261662769e+02   4.1216082632e+02
   4744.0000000000   4.0941800477e+02   1.3269931593e+02   4.1229307516e+02
   4745.0000000000   4.0954983060e+02   1.3278173180e+02   4.1242405872e+02
   4746.0000000000   4.0968944685e+02   1.3286389082e+02   4.1255423676e+02
   4747.0000000000   4.0983195813e+02   1.3294580612e+02   4.1268380161e+02
   4748.0000000000   4.0996805032e+02   1.3302748897e+02   4.1281285973e+02
   4749.0000000000   4.1010238340e+02   1.3310894923e+02   4.1295049683e+02
   4750.0000000000   4.1024413516e+02   1.3320823078e+02   4.1308246054e+02
   4751.0000000000   4.1037997890e+02   1.3330575903e+02   4.1321319956e+02
   4752.0000000000   4.1051426929e+02   1.3339606759e+02   4.1334316057e+02
   4753.0000000000   4.1064750880e+02   1.3348441454e+02   4.1347252801e+02
   4754.0000000000   4.1078850142e+02   1.3357154962e+02   4.1360140334e+02
   4755.0000000000   4.1092378286e+02   1.3365780709e+02   4.1372985131e+02
   4756.0000000000   4.1105764071e+02   1.3374337407e+02   4.1385791723e+02
   4757.0000000000   4.1119053941e+02   1.3382836904e+02   4.1398563487e+02
   4758.0000000000   4.1132268365e+02   1.3392189082e+02   4.1411303049e+02
   4759.0000000000   4.1145419254e+02   1.3400969837e+02   4.1424012525e+02
   4760.0000000000   4.1158514567e+02   1.3409624961e+02   4.1436693665e+02
   4761.0000000000   4.1172417646e+02   1.3418199865e+02   4.1450249704e+02
   4762.0000000000   4.1185773012e+02   1.3426713590e+02   4.1463251910e+02
   4763.0000000000   4.1199861461e+02   1.3435176766e+02   4.1477044476e+02
   4764.0000000000   4.1213365845e+02   1.3443596265e+02   4.1491142052e+02
   4765.0000000000   4.1226723736e+02   1.3451976943e+02   4.1504573074e+02
   4766.0000000000   4.1239984993e+02   1.3461224205e+02   4.1517829894e+02
   4767.0000000000   4.1253171559e+02   1.3469910906e+02   4.1531878077e+02
   4768.0000000000   4.1267153553e+02   1.3478480685e+02   4.1546217808e+02
   4769.0000000000   4.1281436851e+02   1.3486977370e+02   4.1560778276e+02
   4770.0000000000   4.1295087098e+02   1.3495418812e+02   4.1574623070e+02
   4771.0000000000   4.1308568274e+02   1.3504716483e+02   4.1588258866e+02
   4772.0000000000   4.1322796722e+02   1.3513446532e+02   4.1601757434e+02
   4773.0000000000   4.1336438701e+02   1.3522054572e+02   4.1616054096e+02
   4774.0000000000   4.1349928873e+02   1.3530585699e+02   4.1629738552e+02
   4775.0000000000   4.1363316850e+02   1.3539960380e+02   4.1643265142e+02
   4776.0000000000   4.1378340098e+02   1.3548758932e+02   4.1656685031e+02
   4777.0000000000   4.1392291877e+02   1.3557429273e+02   4.1670021371e+02
   4778.0000000000   4.1406020318e+02   1.3566017932e+02   4.1683287860e+02
   4779.0000000000   4.1419611466e+02   1.3574544577e+02   4.1696493737e+02
   4780.0000000000   4.1433101011e+02   1.3583020201e+02   4.1709645735e+02
   4781.0000000000   4.1446508594e+02   1.3593255411e+02   4.1722749018e+02
   4782.0000000000   4.1459846724e+02   1.3603296963e+02   4.1735807694e+02
   4783.0000000000   4.1473124113e+02   1.3612601248e+02   4.1748825118e+02
   4784.0000000000   4.1486347207e+02   1.3621696343e+02   4.1761804089e+02
   4785.0000000000   4.1499520994e+02   1.3630658982e+02   4.1774746985e+02
   4786.0000000000   4.1512649457e+02   1.3639523988e+02   4.1788557607e+02
   4787.0000000000   4.1525735862e+02   1.3649212966e+02   4.1801807738e+02
   4788.0000000000   4.1538782944e+02   1.3658308700e+02   4.1814940274e+02
   4789.0000000000   4.1552650591e+02   1.3668163186e+02   4.1827998522e+02
   4790.0000000000   4.1565980899e+02   1.3677394905e+02   4.1841901722e+02
   4791.0000000000   4.1580052884e+02   1.3688269969e+02   4.1855229317e+02
   4792.0000000000   4.1593548045e+02   1.3697982615e+02   4.1868428596e+02
   4793.0000000000   4.1606902902e+02   1.3707439916e+02   4.1881545621e+02
   4794.0000000000   4.1620166471e+02   1.3716739943e+02   4.1894599707e+02
   4795.0000000000   4.1633360013e+02   1.3725924611e+02   4.1908503343e+02
   4796.0000000000   4.1647353084e+02   1.3735017359e+02   4.1921833420e+02
   4797.0000000000   4.1660793529e+02   1.3744033217e+02   4.1935036103e+02
   4798.0000000000   4.1674106508e+02   1.3752982676e+02   4.1948156922e+02
   4799.0000000000   4.1687335966e+02   1.3761873493e+02   4.1961214931e+02
   4800.0000000000   4.1700500522e+02   1.3770711645e+02   4.1976024242e+02
   4801.0000000000   4.1713610658e+02   1.3779501887e+02   4.1989731686e+02
   4802.0000000000   4.1726673194e+02   1.3788248098e+02   4.2004126489e+02
   4803.0000000000   4.1740550545e+02   1.3796953505e+02   4.2017866097e+02
   4804.0000000000   4.1753886462e+02   1.3805620838e+02   4.2031427131e+02
   4805.0000000000   4.1767103527e+02   1.3816055954e+02   4.2046673961e+02
   4806.0000000000   4.1781101518e+02   1.3825400890e+02   4.2060774610e+02
   4807.0000000000   4.1794537917e+02   1.3834540086e+02   4.2074628107e+02
   4808.0000000000   4.1807842005e+02   1.3843558958e+02   4.2088329090e+02
   4809.0000000000   4.1821917352e+02   1.3852491383e+02   4.2101917715e+02
   4810.0000000000   4.1835423806e+02   1.3861355276e+02   4.2116318148e+02
   4811.0000000000   4.1848792227e+02   1.3871063423e+02   4.2130114767e+02
   4812.0000000000   4.1862069727e+02   1.3881095064e+02   4.2143758941e+02
   4813.0000000000   4.1875276877e+02   1.3890466948e+02   4.2158201779e+02
   4814.0000000000   4.1888425442e+02   1.3899666447e+02   4.2172035250e+02
   4815.0000000000   4.1901523140e+02   1.3908754973e+02   4.2185713572e+02
   4816.0000000000   4.1914575467e+02   1.3917759732e+02   4.2199287336e+02
   4817.0000000000   4.1928444134e+02   1.3926696197e+02   4.2212779101e+02
   4818.0000000000   4.1941772482e+02   1.3935574400e+02   4.2226202055e+02
   4819.0000000000   4.1954982845e+02   1.3944401404e+02   4.2240466782e+02
   4820.0000000000   4.1968117276e+02   1.3953182474e+02   4.2254149694e+02
   4821.0000000000   4.1981193063e+02   1.3961921702e+02   4.2267697026e+02
   4822.0000000000   4.1994219712e+02   1.3970622369e+02   4.2281154605e+02
   4823.0000000000   4.2007203306e+02   1.3979287173e+02   4.2294541867e+02
   4824.0000000000   4.2020148128e+02   1.3987918380e+02   4.2307869815e+02
   4825.0000000000   4.2033914947e+02   1.3996517920e+02   4.2321145678e+02
   4826.0000000000   4.2047146369e+02   1.4005087463e+02   4.2334374648e+02
   4827.0000000000   4.2060264137e+02   1.4013628470e+02   4.2347560687e+02
   4828.0000000000   4.2073309820e+02   1.4022142234e+02   4.2360706946e+02
   4829.0000000000   4.2086300306e+02   1.4030629905e+02   4.2373816012e+02
   4830.0000000000   4.2099244766e+02   1.4039994276e+02   4.2386890057e+02
   4831.0000000000   4.2113006564e+02   1.4048806284e+02   4.2399930940e+02
   4832.0000000000   4.2126229824e+02   1.4057508109e+02   4.2412940277e+02
   4833.0000000000   4.2140194807e+02   1.4067945969e+02   4.2425919489e+02
   4834.0000000000   4.2153583804e+02   1.4078178578e+02   4.2439771595e+02
   4835.0000000000   4.2166833837e+02   1.4087667587e+02   4.2453067730e+02
   4836.0000000000   4.2179994255e+02   1.4096943723e+02   4.2466250243e+02
   4837.0000000000   4.2193086523e+02   1.4106085174e+02   4.2479361982e+02
   4838.0000000000   4.2206980330e+02   1.4115127600e+02   4.2492420032e+02
   4839.0000000000   4.2220323591e+02   1.4124091347e+02   4.2505433499e+02
   4840.0000000000   4.2234399068e+02   1.4132989502e+02   4.2518408047e+02
   4841.0000000000   4.2247890800e+02   1.4141831157e+02   4.2531347562e+02
   4842.0000000000   4.2261237099e+02   1.4150622982e+02   4.2545156659e+02
   4843.0000000000   4.2274488288e+02   1.4159370070e+02   4.2559309306e+02
   4844.0000000000   4.2287666599e+02   1.4168076440e+02   4.2572818604e+02
   4845.0000000000   4.2300784763e+02   1.4176745338e+02   4.2586169263e+02
   4846.0000000000   4.2313851104e+02   1.4185379447e+02   4.2599420677e+02
   4847.0000000000   4.2326871527e+02   1.4193981018e+02   4.2612598475e+02
   4848.0000000000   4.2339850457e+02   1.4202551973e+02   4.2625716859e+02
   4849.0000000000   4.2352791353e+02   1.4211995727e+02   4.2639686584e+02
   4850.0000000000   4.2365696997e+02   1.4221785489e+02   4.2653083851e+02
   4851.0000000000   4.2378569685e+02   1.4230933866e+02   4.2667256283e+02
   4852.0000000000   4.2391411348e+02   1.4239925242e+02   4.2680819271e+02
   4853.0000000000   4.2404223635e+02   1.4248818789e+02   4.2694233125e+02
   4854.0000000000   4.2417007977e+02   1.4257639986e+02   4.2708452081e+02
   4855.0000000000   4.2429765624e+02   1.4266402936e+02   4.2722069176e+02
   4856.0000000000   4.2442497686e+02   1.4276018324e+02   4.2735538858e+02
   4857.0000000000   4.2455205151e+02   1.4285062304e+02   4.2748911578e+02
   4858.0000000000   4.2467888906e+02   1.4293980712e+02   4.2763111356e+02
   4859.0000000000   4.2480549758e+02   1.4303720675e+02   4.2776721021e+02
   4860.0000000000   4.2493188437e+02   1.4312871165e+02   4.2790190351e+02
   4861.0000000000   4.2505805613e+02   1.4321884061e+02   4.2803567299e+02
   4862.0000000000   4.2518401902e+02   1.4330808081e+02   4.2816872655e+02
   4863.0000000000   4.2531835436e+02   1.4339664252e+02   4.2830118316e+02
   4864.0000000000   4.2544746831e+02   1.4348464488e+02   4.2843312114e+02
   4865.0000000000   4.2559271401e+02   1.4357216539e+02   4.2858263176e+02
   4866.0000000000   4.2572729648e+02   1.4365925892e+02   4.2872115759e+02
   4867.0000000000   4.2585976841e+02   1.4374596661e+02   4.2885755876e+02
   4868.0000000000   4.2599101036e+02   1.4383232061e+02   4.2899270091e+02
   4869.0000000000   4.2612138199e+02   1.4391834682e+02   4.2912693148e+02
   4870.0000000000   4.2625107590e+02   1.4400406664e+02   4.2926043622e+02
   4871.0000000000   4.2638021086e+02   1.4408949809e+02   4.2939333056e+02
   4872.0000000000   4.2650886686e+02   1.4417465661e+02   4.2952569338e+02
   4873.0000000000   4.2663710122e+02   1.4425955558e+02   4.2966659970e+02
   4874.0000000000   4.2676495690e+02   1.4434420674e+02   4.2980179341e+02
   4875.0000000000   4.2689246730e+02   1.4443763810e+02   4.2993572250e+02
   4876.0000000000   4.2701965905e+02   1.4453457658e+02   4.3006883440e+02
   4877.0000000000   4.2714655397e+02   1.4462514385e+02   4.3021033253e+02
   4878.0000000000   4.2727317018e+02   1.4471418004e+02   4.3034602006e+02
   4879.0000000000   4.2739952306e+02   1.4480227362e+02   4.3048037683e+02
   4880.0000000000   4.2752562579e+02   1.4488967660e+02   4.3061386913e+02
   4881.0000000000   4.2766006546e+02   1.4497652755e+02   4.3074669478e+02
   4882.0000000000   4.2779782862e+02   1.4506291356e+02   4.3087896498e+02
   4883.0000000000   4.2792952206e+02   1.4514889423e+02   4.3101075188e+02
   4884.0000000000   4.2805974941e+02   1.4523451292e+02   4.3114210662e+02
   4885.0000000000   4.2818907088e+02   1.4531980256e+02   4.3127306769e+02
   4886.0000000000   4.2832630221e+02   1.4541380669e+02   4.3140366530e+02
   4887.0000000000   4.2845797639e+02   1.4550224632e+02   4.3153392391e+02
   4888.0000000000   4.2858837354e+02   1.4559856969e+02   4.3167288147e+02
   4889.0000000000   4.2873510046e+02   1.4568891067e+02   4.3180625524e+02
   4890.0000000000   4.2887973036e+02   1.4577785750e+02   4.3193847335e+02
   4891.0000000000   4.2901716875e+02   1.4586592351e+02   4.3206996796e+02
   4892.0000000000   4.2916105740e+02   1.4595333012e+02   4.3220993046e+02
   4893.0000000000   4.2929855535e+02   1.4604020129e+02   4.3235317192e+02
   4894.0000000000   4.2943421026e+02   1.4612661645e+02   4.3248986427e+02
   4895.0000000000   4.2956862351e+02   1.4622164854e+02   4.3262488053e+02
   4896.0000000000   4.2970208151e+02   1.4631103845e+02   4.3275883218e+02
   4897.0000000000   4.2983475611e+02   1.4639923099e+02   4.3289198808e+02
   4898.0000000000   4.2996676294e+02   1.4648667045e+02   4.3302449959e+02
   4899.0000000000   4.3010676109e+02   1.4658255730e+02   4.3316548143e+02
   4900.0000000000   4.3024979024e+02   1.4667269193e+02   4.3330070126e+02
   4901.0000000000   4.3038649781e+02   1.4676155162e+02   4.3343462227e+02
   4902.0000000000   4.3052151939e+02   1.4685861791e+02   4.3356770209e+02
   4903.0000000000   4.3065544091e+02   1.4694978647e+02   4.3370013361e+02
   4904.0000000000   4.3078852353e+02   1.4703957978e+02   4.3383202501e+02
   4905.0000000000   4.3092091690e+02   1.4713750496e+02   4.3396344648e+02
   4906.0000000000   4.3105271889e+02   1.4722947384e+02   4.3410346544e+02
   4907.0000000000   4.3118399897e+02   1.4732001991e+02   4.3423781940e+02
   4908.0000000000   4.3131480935e+02   1.4740964057e+02   4.3437095112e+02
   4909.0000000000   4.3144519090e+02   1.4749855354e+02   4.3450330369e+02
   4910.0000000000   4.3157517659e+02   1.4758688357e+02   4.3463505932e+02
   4911.0000000000   4.3170479367e+02   1.4767471245e+02   4.3476631809e+02
   4912.0000000000   4.3183406513e+02   1.4776209845e+02   4.3490616153e+02
   4913.0000000000   4.3196301062e+02   1.4784908542e+02   4.3504033449e+02
   4914.0000000000   4.3209164719e+02   1.4794472529e+02   4.3517328377e+02
   4915.0000000000   4.3221998981e+02   1.4804376339e+02   4.3530545477e+02
   4916.0000000000   4.3234805171e+02   1.4813633596e+02   4.3543703105e+02
   4917.0000000000   4.3248442032e+02   1.4823631238e+02   4.3556811346e+02
   4918.0000000000   4.3262408277e+02   1.4832999078e+02   4.3569876636e+02
   4919.0000000000   4.3275764655e+02   1.4842204440e+02   4.3582903480e+02
   4920.0000000000   4.3288971604e+02   1.4851303773e+02   4.3595895237e+02
   4921.0000000000   4.3302085231e+02   1.4860322592e+02   4.3608854527e+02
   4922.0000000000   4.3315987193e+02   1.4869275676e+02   4.3621783463e+02
   4923.0000000000   4.3330188440e+02   1.4878172728e+02   4.3634683793e+02
   4924.0000000000   4.3343757155e+02   1.4887020634e+02   4.3647556998e+02
   4925.0000000000   4.3357158680e+02   1.4895824550e+02   4.3660404349e+02
   4926.0000000000   4.3370452541e+02   1.4904588490e+02   4.3673226954e+02
   4927.0000000000   4.3383665325e+02   1.4913315672e+02   4.3686025791e+02
   4928.0000000000   4.3396812208e+02   1.4922008742e+02   4.3698801732e+02
   4929.0000000000   4.3410760598e+02   1.4930669915e+02   4.3712457318e+02
   4930.0000000000   4.3424157503e+02   1.4939301078e+02   4.3725563259e+02
   4931.0000000000   4.3437427767e+02   1.4947903857e+02   4.3739463290e+02
   4932.0000000000   4.3450615233e+02   1.4956479670e+02   4.3752769925e+02
   4933.0000000000   4.3463738521e+02   1.4965029769e+02   4.3765941276e+02
   4934.0000000000   4.3476808148e+02   1.4974457024e+02   4.3779028095e+02
   4935.0000000000   4.3490688552e+02   1.4983332434e+02   4.3792953792e+02
   4936.0000000000   4.3504024727e+02   1.4992999984e+02   4.3806300356e+02
   4937.0000000000   4.3517240088e+02   1.5002072412e+02   4.3819516711e+02
   4938.0000000000   4.3530377431e+02   1.5011008029e+02   4.3832650011e+02
   4939.0000000000   4.3543454584e+02   1.5019857764e+02   4.3845720323e+02
   4940.0000000000   4.3556481452e+02   1.5028643426e+02   4.3858738899e+02
   4941.0000000000   4.3570321991e+02   1.5037377144e+02   4.3872614756e+02
   4942.0000000000   4.3583620810e+02   1.5046066641e+02   4.3885922994e+02
   4943.0000000000   4.3596801010e+02   1.5055619028e+02   4.3899108738e+02
   4944.0000000000   4.3609905128e+02   1.5064608241e+02   4.3912216853e+02
   4945.0000000000   4.3622950777e+02   1.5073478632e+02   4.3925265934e+02
   4946.0000000000   4.3636805245e+02   1.5082274521e+02   4.3938266245e+02
   4947.0000000000   4.3650114861e+02   1.5091014101e+02   4.3951224353e+02
   4948.0000000000   4.3663303712e+02   1.5099707332e+02   4.3964144863e+02
   4949.0000000000   4.3676414953e+02   1.5108360543e+02   4.3977031205e+02
   4950.0000000000   4.3689466599e+02   1.5116978147e+02   4.3989886050e+02
   4951.0000000000   4.3702468654e+02   1.5126465180e+02   4.4002711548e+02
   4952.0000000000   4.3715427554e+02   1.5135394190e+02   4.4015509473e+02
   4953.0000000000   4.3728347832e+02   1.5145110311e+02   4.4029183078e+02
   4954.0000000000   4.3741232881e+02   1.5154227153e+02   4.4042303648e+02
   4955.0000000000   4.3754085358e+02   1.5163203705e+02   4.4055313621e+02
   4956.0000000000   4.3766907408e+02   1.5172091433e+02   4.4068255897e+02
   4957.0000000000   4.3779700814e+02   1.5180912577e+02   4.4081147578e+02
   4958.0000000000   4.3792467080e+02   1.5189679619e+02   4.4094899525e+02
   4959.0000000000   4.3805207504e+02   1.5199302330e+02   4.4108087387e+02
   4960.0000000000   4.3818780780e+02   1.5209258062e+02   4.4122058109e+02
   4961.0000000000   4.3831827991e+02   1.5218562286e+02   4.4135426430e+02
   4962.0000000000   4.3845627290e+02   1.5227701445e+02   4.4148652080e+02
   4963.0000000000   4.3858859429e+02   1.5236736242e+02   4.4161787026e+02
   4964.0000000000   4.3871960272e+02   1.5246595084e+02   4.4174853861e+02
   4965.0000000000   4.3884978261e+02   1.5255862986e+02   4.4187865315e+02
   4966.0000000000   4.3897934145e+02   1.5264990924e+02   4.4200829583e+02
   4967.0000000000   4.3910839463e+02   1.5274027554e+02   4.4213752391e+02
   4968.0000000000   4.3923701559e+02   1.5282994091e+02   4.4226637976e+02
   4969.0000000000   4.3937383087e+02   1.5291902701e+02   4.4240391366e+02
   4970.0000000000   4.3951385439e+02   1.5300761388e+02   4.4253585166e+02
   4971.0000000000   4.3965628839e+02   1.5309575872e+02   4.4266662829e+02
   4972.0000000000   4.3979215222e+02   1.5318350470e+02   4.4279668048e+02
   4973.0000000000   4.3993479018e+02   1.5327088577e+02   4.4293520320e+02
   4974.0000000000   4.4007125094e+02   1.5336694699e+02   4.4306799267e+02
   4975.0000000000   4.4021460092e+02   1.5346642874e+02   4.4319952289e+02
   4976.0000000000   4.4035180786e+02   1.5355946353e+02   4.4333025518e+02
   4977.0000000000   4.4048733204e+02   1.5366893553e+02   4.4346940068e+02
   4978.0000000000   4.4062172747e+02   1.5376684066e+02   4.4361178440e+02
   4979.0000000000   4.4075525183e+02   1.5386226371e+02   4.4374758854e+02
   4980.0000000000   4.4088805822e+02   1.5395618695e+02   4.4388169379e+02
   4981.0000000000   4.4102024927e+02   1.5404902674e+02   4.4401471758e+02
   4982.0000000000   4.4115189903e+02   1.5415003077e+02   4.4414693338e+02
   4983.0000000000   4.4128306364e+02   1.5424504475e+02   4.4427849626e+02
   4984.0000000000   4.4141378723e+02   1.5433858239e+02   4.4441852387e+02
   4985.0000000000   4.4154410545e+02   1.5443113625e+02   4.4455278628e+02
   4986.0000000000   4.4167404774e+02   1.5452292464e+02   4.4468574864e+02
   4987.0000000000   4.4180363885e+02   1.5461407490e+02   4.4482688778e+02
   4988.0000000000   4.4193289988e+02   1.5470467214e+02   4.4496209795e+02
   4989.0000000000   4.4206184909e+02   1.5479477800e+02   4.4509590175e+02
   4990.0000000000   4.4219050237e+02   1.5488443960e+02   4.4522878952e+02
   4991.0000000000   4.4232744938e+02   1.5498271191e+02   4.4536097423e+02
   4992.0000000000   4.4245910348e+02   1.5507532547e+02   4.4550159488e+02
   4993.0000000000   4.4258967280e+02   1.5517573662e+02   4.4564544857e+02
   4994.0000000000   4.4271956605e+02   1.5527008620e+02   4.4578270520e+02
   4995.0000000000   4.4284894673e+02   1.5536296849e+02   4.4591823988e+02
   4996.0000000000   4.4297790233e+02   1.5545490217e+02   4.4605266764e+02
   4997.0000000000   4.4310648745e+02   1.5556414854e+02   4.4618626115e+02
   4998.0000000000   4.4324331533e+02   1.5567125344e+02   4.4631917555e+02
   4999.0000000000   4.4337481456e+02   1.5577082666e+02   4.4646052904e+02
   5000.0000000000   4.4350520357e+02   1.5587719628e+02   4.4660511005e+02
   5001.0000000000   4.4363489824e+02   1.5597685024e+02   4.4674308466e+02
   5002.0000000000   4.4376406721e+02   1.5608358265e+02   4.4687932636e+02
   5003.0000000000   4.4389280170e+02   1.5618372259e+02   4.4701444954e+02
   5004.0000000000   4.4402973472e+02   1.5628198248e+02   4.4715774441e+02
   5005.0000000000   4.4416130687e+02   1.5638797866e+02   4.4729506630e+02
   5006.0000000000   4.4429174443e+02   1.5648769445e+02   4.4743092945e+02
   5007.0000000000   4.4442146871e+02   1.5658571389e+02   4.4757484186e+02
   5008.0000000000   4.4455065230e+02   1.5668257204e+02   4.4771271911e+02
   5009.0000000000   4.4467938933e+02   1.5678753332e+02   4.4784909917e+02
   5010.0000000000   4.4480773945e+02   1.5688644563e+02   4.4798448394e+02
   5011.0000000000   4.4494431972e+02   1.5698382291e+02   4.4811909537e+02
   5012.0000000000   4.4507556171e+02   1.5708015824e+02   4.4825306209e+02
   5013.0000000000   4.4520568617e+02   1.5717567098e+02   4.4839548703e+02
   5014.0000000000   4.4535226211e+02   1.5727048994e+02   4.4853213170e+02
   5015.0000000000   4.4548826140e+02   1.5736470195e+02   4.4866745613e+02
   5016.0000000000   4.4562217044e+02   1.5746738814e+02   4.4880191653e+02
   5017.0000000000   4.4575484493e+02   1.5756429757e+02   4.4893570540e+02
   5018.0000000000   4.4588663417e+02   1.5765988285e+02   4.4906893109e+02
   5019.0000000000   4.4601772649e+02   1.5775459559e+02   4.4921068195e+02
   5020.0000000000   4.4614823915e+02   1.5784862544e+02   4.4934670858e+02
   5021.0000000000   4.4629540330e+02   1.5794207903e+02   4.4948146263e+02
   5022.0000000000   4.4643207859e+02   1.5803502609e+02   4.4962441130e+02
   5023.0000000000   4.4656670289e+02   1.5812751665e+02   4.4976144180e+02
   5024.0000000000   4.4670010797e+02   1.5821958886e+02   4.4989707148e+02
   5025.0000000000   4.4683263043e+02   1.5831127312e+02   4.5003178673e+02
   5026.0000000000   4.4696445156e+02   1.5841161200e+02   4.5016579749e+02
   5027.0000000000   4.4710426027e+02   1.5850632658e+02   4.5029922289e+02
   5028.0000000000   4.4723853514e+02   1.5859984821e+02   4.5043214060e+02
   5029.0000000000   4.4737152988e+02   1.5869261184e+02   4.5057362340e+02
   5030.0000000000   4.4750368650e+02   1.5878479372e+02   4.5070941286e+02
   5031.0000000000   4.4763519371e+02   1.5887648948e+02   4.5084395489e+02
   5032.0000000000   4.4776615857e+02   1.5896775970e+02   4.5097769509e+02
   5033.0000000000   4.4789665124e+02   1.5905864665e+02   4.5111081776e+02
   5034.0000000000   4.4802672192e+02   1.5914918188e+02   4.5124342472e+02
   5035.0000000000   4.4815640866e+02   1.5923939007e+02   4.5137558138e+02
   5036.0000000000   4.4828574150e+02   1.5932929123e+02   4.5150733387e+02
   5037.0000000000   4.4841474489e+02   1.5941890206e+02   4.5163871683e+02
   5038.0000000000   4.4854343923e+02   1.5950823676e+02   4.5176975745e+02
   5039.0000000000   4.4868041746e+02   1.5959730766e+02   4.5190047781e+02
   5040.0000000000   4.4881209538e+02   1.5970416076e+02   4.5203089629e+02
   5041.0000000000   4.4895983427e+02   1.5980020575e+02   4.5216102852e+02
   5042.0000000000   4.4909684606e+02   1.5990329545e+02   4.5229088800e+02
   5043.0000000000   4.4923168940e+02   1.5999997615e+02   4.5242048654e+02
   5044.0000000000   4.4936524998e+02   1.6010401062e+02   4.5254983460e+02
   5045.0000000000   4.4949789199e+02   1.6020169120e+02   4.5267894154e+02
   5046.0000000000   4.4962981199e+02   1.6030671614e+02   4.5280781577e+02
   5047.0000000000   4.4976113226e+02   1.6040535801e+02   4.5293646494e+02
   5048.0000000000   4.4989193590e+02   1.6050229193e+02   4.5306489601e+02
   5049.0000000000   4.5002228304e+02   1.6059809008e+02   4.5319311540e+02
   5050.0000000000   4.5015221915e+02   1.6069301587e+02   4.5333014659e+02
   5051.0000000000   4.5028177987e+02   1.6078722448e+02   4.5347071267e+02
   5052.0000000000   4.5041956953e+02   1.6088081933e+02   4.5361394963e+02
   5053.0000000000   4.5055201267e+02   1.6097387462e+02   4.5375039476e+02
   5054.0000000000   4.5068332614e+02   1.6106644642e+02   4.5388504736e+02
   5055.0000000000   4.5081392550e+02   1.6115857866e+02   4.5403661166e+02
   5056.0000000000   4.5095255541e+02   1.6125030674e+02   4.5417678675e+02
   5057.0000000000   4.5108570872e+02   1.6134165986e+02   4.5431456789e+02
   5058.0000000000   4.5122621634e+02   1.6143266253e+02   4.5445090110e+02
   5059.0000000000   4.5136091848e+02   1.6152333565e+02   4.5458618535e+02
   5060.0000000000   4.5150277247e+02   1.6161369726e+02   4.5472064133e+02
   5061.0000000000   4.5163868065e+02   1.6170376311e+02   4.5486342672e+02
   5062.0000000000   4.5178163617e+02   1.6179354708e+02   4.5500033832e+02
   5063.0000000000   4.5191856423e+02   1.6188306153e+02   4.5513586024e+02
   5064.0000000000   4.5205389797e+02   1.6197231749e+02   4.5527046572e+02
   5065.0000000000   4.5218817295e+02   1.6206132493e+02   4.5541337731e+02
   5066.0000000000   4.5232163370e+02   1.6215009288e+02   4.5555041271e+02
   5067.0000000000   4.5245442356e+02   1.6224764716e+02   4.5568606308e+02
   5068.0000000000   4.5258663777e+02   1.6233969533e+02   4.5582080367e+02
   5069.0000000000   4.5271834457e+02   1.6243065764e+02   4.5595483952e+02
   5070.0000000000   4.5284959553e+02   1.6252095968e+02   4.5608828770e+02
   5071.0000000000   4.5298043104e+02   1.6261076978e+02   4.5622122520e+02
   5072.0000000000   4.5311088372e+02   1.6270919433e+02   4.5635370719e+02
   5073.0000000000   4.5324098049e+02   1.6280198796e+02   4.5648577555e+02
   5074.0000000000   4.5337931960e+02   1.6289360103e+02   4.5661746334e+02
   5075.0000000000   4.5351232125e+02   1.6298447966e+02   4.5674879747e+02
   5076.0000000000   4.5364419916e+02   1.6307480676e+02   4.5687980039e+02
   5077.0000000000   4.5377536659e+02   1.6316468192e+02   4.5701049111e+02
   5078.0000000000   4.5390599085e+02   1.6325416796e+02   4.5714088604e+02
   5079.0000000000   4.5403616261e+02   1.6335232587e+02   4.5727099947e+02
   5080.0000000000   4.5416593918e+02   1.6344488763e+02   4.5740084403e+02
   5081.0000000000   4.5429536051e+02   1.6353629113e+02   4.5753043090e+02
   5082.0000000000   4.5443303192e+02   1.6362697519e+02   4.5765977016e+02
   5083.0000000000   4.5457395311e+02   1.6371711827e+02   4.5779788845e+02
   5084.0000000000   4.5470874069e+02   1.6381583469e+02   4.5793049404e+02
   5085.0000000000   4.5484200590e+02   1.6390888541e+02   4.5806200773e+02
   5086.0000000000   4.5497431504e+02   1.6400072589e+02   4.5819285565e+02
   5087.0000000000   4.5510591313e+02   1.6410984162e+02   4.5832320651e+02
   5088.0000000000   4.5523693639e+02   1.6420781903e+02   4.5846216704e+02
   5089.0000000000   4.5536747138e+02   1.6430358721e+02   4.5859549220e+02
   5090.0000000000   4.5549757797e+02   1.6440706740e+02   4.5872763259e+02
   5091.0000000000   4.5562730007e+02   1.6450432987e+02   4.5885903454e+02
   5092.0000000000   4.5577382265e+02   1.6459998818e+02   4.5898988116e+02
   5093.0000000000   4.5591854983e+02   1.6469458660e+02   4.5912027221e+02
   5094.0000000000   4.5605629827e+02   1.6478837289e+02   4.5925027062e+02
   5095.0000000000   4.5619208043e+02   1.6488149232e+02   4.5939795511e+02
   5096.0000000000   4.5632661917e+02   1.6497404140e+02   4.5953475777e+02
   5097.0000000000   4.5646024052e+02   1.6506608932e+02   4.5967854749e+02
   5098.0000000000   4.5659312930e+02   1.6515768827e+02   4.5981588238e+02
   5099.0000000000   4.5672540399e+02   1.6524887915e+02   4.5995151665e+02
   5100.0000000000   4.5685714685e+02   1.6533969489e+02   4.6008604956e+02
   5101.0000000000   4.5698841825e+02   1.6543016263e+02   4.6021975394e+02
   5102.0000000000   4.5711926439e+02   1.6552030514e+02   4.6036180510e+02
   5103.0000000000   4.5724972180e+02   1.6561915944e+02   4.6049800602e+02
   5104.0000000000   4.5737982008e+02   1.6571244230e+02   4.6064186018e+02
   5105.0000000000   4.5751815937e+02   1.6580458163e+02   4.6079757589e+02
   5106.0000000000   4.5765116122e+02   1.6589600952e+02   4.6094117053e+02
   5107.0000000000   4.5778304028e+02   1.6599591738e+02   4.6108200635e+02
   5108.0000000000   4.5791421050e+02   1.6609911634e+02   4.6122116067e+02
   5109.0000000000   4.5805341531e+02   1.6619577840e+02   4.6135909626e+02
   5110.0000000000   4.5818714659e+02   1.6629077666e+02   4.6149607055e+02
   5111.0000000000   4.5833681018e+02   1.6638472271e+02   4.6164126493e+02
   5112.0000000000   4.5847564659e+02   1.6647788547e+02   4.6178049272e+02
   5113.0000000000   4.5861223406e+02   1.6657041638e+02   4.6191825028e+02
   5114.0000000000   4.5874747234e+02   1.6666241261e+02   4.6205502029e+02
   5115.0000000000   4.5888173611e+02   1.6675394185e+02   4.6219101527e+02
   5116.0000000000   4.5901522995e+02   1.6686308922e+02   4.6232635907e+02
   5117.0000000000   4.5914808246e+02   1.6696129319e+02   4.6246113472e+02
   5118.0000000000   4.5928038183e+02   1.6705741089e+02   4.6260442025e+02
   5119.0000000000   4.5942076790e+02   1.6716132324e+02   4.6274196215e+02
   5120.0000000000   4.5956426611e+02   1.6725907577e+02   4.6288722838e+02
   5121.0000000000   4.5970151282e+02   1.6735526588e+02   4.6302636860e+02
   5122.0000000000   4.5984571047e+02   1.6745042682e+02   4.6317300161e+02
   5123.0000000000   4.5998383875e+02   1.6754479856e+02   4.6331335170e+02
   5124.0000000000   4.6012034990e+02   1.6763852071e+02   4.6345206283e+02
   5125.0000000000   4.6025578732e+02   1.6773168558e+02   4.6358968620e+02
   5126.0000000000   4.6039039907e+02   1.6783337676e+02   4.6373548819e+02
   5127.0000000000   4.6052433027e+02   1.6792934406e+02   4.6387531359e+02
   5128.0000000000   4.6065767707e+02   1.6802403974e+02   4.6401367151e+02
   5129.0000000000   4.6079908392e+02   1.6812693208e+02   4.6415104976e+02
   5130.0000000000   4.6094357924e+02   1.6822390944e+02   4.6428766255e+02
   5131.0000000000   4.6108180162e+02   1.6831949024e+02   4.6442363389e+02
   5132.0000000000   4.6121837956e+02   1.6842317943e+02   4.6455904623e+02
   5133.0000000000   4.6135389327e+02   1.6852088778e+02   4.6470297671e+02
   5134.0000000000   4.6148859920e+02   1.6862616598e+02   4.6484117082e+02
   5135.0000000000   4.6163121872e+02   1.6872521153e+02   4.6497807795e+02
   5136.0000000000   4.6176824731e+02   1.6882265576e+02   4.6511414678e+02
   5137.0000000000   4.6191252434e+02   1.6892806069e+02   4.6524956434e+02
   5138.0000000000   4.6205089920e+02   1.6902737109e+02   4.6538443489e+02
   5139.0000000000   4.6219633781e+02   1.6912514244e+02   4.6551882602e+02
   5140.0000000000   4.6233575014e+02   1.6923090552e+02   4.6565278579e+02
   5141.0000000000   4.6247356043e+02   1.6933058996e+02   4.6578635058e+02
   5142.0000000000   4.6262745013e+02   1.6942874311e+02   4.6591954916e+02
   5143.0000000000   4.6277903791e+02   1.6952587351e+02   4.6606142262e+02
   5144.0000000000   4.6293183569e+02   1.6962220798e+02   4.6620670825e+02
   5145.0000000000   4.6307733279e+02   1.6971787887e+02   4.6634553617e+02
   5146.0000000000   4.6322907707e+02   1.6981297442e+02   4.6648275347e+02
   5147.0000000000   4.6337423222e+02   1.6990755843e+02   4.6661895454e+02
   5148.0000000000   4.6351736341e+02   1.7000167954e+02   4.6675439639e+02
   5149.0000000000   4.6365908966e+02   1.7009537630e+02   4.6688922196e+02
   5150.0000000000   4.6379971291e+02   1.7018868015e+02   4.6702352214e+02
   5151.0000000000   4.6393941833e+02   1.7028161729e+02   4.6715735990e+02
   5152.0000000000   4.6408690853e+02   1.7037420996e+02   4.6729078157e+02
   5153.0000000000   4.6423725322e+02   1.7046647734e+02   4.6743284035e+02
   5154.0000000000   4.6438112192e+02   1.7055843612e+02   4.6756926460e+02
   5155.0000000000   4.6452316721e+02   1.7065010103e+02   4.6770449080e+02
   5156.0000000000   4.6466398855e+02   1.7074148514e+02   4.6783895749e+02
   5157.0000000000   4.6481243382e+02   1.7083260017e+02   4.6797284350e+02
   5158.0000000000   4.6495506280e+02   1.7092345669e+02   4.6810624631e+02
   5159.0000000000   4.6509617820e+02   1.7102308187e+02   4.6823922778e+02
   5160.0000000000   4.6523625494e+02   1.7112620208e+02   4.6837183113e+02
   5161.0000000000   4.6537550556e+02   1.7123195622e+02   4.6850408849e+02
   5162.0000000000   4.6551405531e+02   1.7133088422e+02   4.6863602497e+02
   5163.0000000000   4.6565198881e+02   1.7142798778e+02   4.6876766081e+02
   5164.0000000000   4.6578936810e+02   1.7152393807e+02   4.6889901282e+02
   5165.0000000000   4.6592624117e+02   1.7162805369e+02   4.6903009523e+02
   5166.0000000000   4.6606264656e+02   1.7173522272e+02   4.6916092032e+02
   5167.0000000000   4.6619861606e+02   1.7183566770e+02   4.6929149879e+02
   5168.0000000000   4.6633417655e+02   1.7194331446e+02   4.6942184014e+02
   5169.0000000000   4.6646935104e+02   1.7205351773e+02   4.6955195283e+02
   5170.0000000000   4.6661273521e+02   1.7215667892e+02   4.6968184448e+02
   5171.0000000000   4.6675074759e+02   1.7226681437e+02   4.6982053962e+02
   5172.0000000000   4.6688760083e+02   1.7237031454e+02   4.6995374457e+02
   5173.0000000000   4.6702370764e+02   1.7247191544e+02   4.7008587845e+02
   5174.0000000000   4.6715923509e+02   1.7257222666e+02   4.7021736581e+02
   5175.0000000000   4.6729427388e+02   1.7267153703e+02   4.7034837400e+02
   5176.0000000000   4.6742888152e+02   1.7277002035e+02   4.7047899090e+02
   5177.0000000000   4.6756309830e+02   1.7286779418e+02   4.7060927030e+02
   5178.0000000000   4.6770552997e+02   1.7297396159e+02   4.7075728365e+02
   5179.0000000000   4.6784260112e+02   1.7307428775e+02   4.7089445717e+02
   5180.0000000000   4.6797852804e+02   1.7318225505e+02   4.7102963734e+02
   5181.0000000000   4.6811372556e+02   1.7329304207e+02   4.7118171345e+02
   5182.0000000000   4.6824836193e+02   1.7339695913e+02   4.7133144065e+02
   5183.0000000000   4.6838252837e+02   1.7350796880e+02   4.7147352274e+02
   5184.0000000000   4.6851628256e+02   1.7361242713e+02   4.7161331943e+02
   5185.0000000000   4.6864966465e+02   1.7371504691e+02   4.7175164698e+02
   5186.0000000000   4.6878270447e+02   1.7382543898e+02   4.7189790354e+02
   5187.0000000000   4.6891542530e+02   1.7392958045e+02   4.7203801003e+02
   5188.0000000000   4.6904784595e+02   1.7403204965e+02   4.7217652377e+02
   5189.0000000000   4.6917998205e+02   1.7413337681e+02   4.7231396501e+02
   5190.0000000000   4.6932042252e+02   1.7423380476e+02   4.7245958843e+02
   5191.0000000000   4.6946415534e+02   1.7435151322e+02   4.7259923468e+02
   5192.0000000000   4.6960178847e+02   1.7446701777e+02   4.7273741192e+02
   5193.0000000000   4.6974650215e+02   1.7458393422e+02   4.7287460838e+02
   5194.0000000000   4.6988525837e+02   1.7469326945e+02   4.7302005680e+02
   5195.0000000000   4.7002249500e+02   1.7480924229e+02   4.7316859993e+02
   5196.0000000000   4.7015874357e+02   1.7491833698e+02   4.7331043459e+02
   5197.0000000000   4.7029424224e+02   1.7504337681e+02   4.7345045385e+02
   5198.0000000000   4.7042912775e+02   1.7515640400e+02   4.7358928562e+02
   5199.0000000000   4.7056348913e+02   1.7526655624e+02   4.7372721237e+02
   5200.0000000000   4.7069738905e+02   1.7538387948e+02   4.7386439695e+02
   5201.0000000000   4.7083087410e+02   1.7549452843e+02   4.7400996383e+02
   5202.0000000000   4.7096398033e+02   1.7560317818e+02   4.7414968902e+02
   5203.0000000000   4.7109673650e+02   1.7571042005e+02   4.7428804298e+02
   5204.0000000000   4.7122916614e+02   1.7581653903e+02   4.7442548962e+02
   5205.0000000000   4.7136986452e+02   1.7592171066e+02   4.7456222737e+02
   5206.0000000000   4.7150524918e+02   1.7602605654e+02   4.7470738688e+02
   5207.0000000000   4.7163953147e+02   1.7612966702e+02   4.7484674270e+02
   5208.0000000000   4.7177312257e+02   1.7624163001e+02   4.7498476181e+02
   5209.0000000000   4.7190618790e+02   1.7634770206e+02   4.7512190436e+02
   5210.0000000000   4.7203881645e+02   1.7646136070e+02   4.7525836527e+02
   5211.0000000000   4.7217106401e+02   1.7657778195e+02   4.7539425451e+02
   5212.0000000000   4.7230296917e+02   1.7668727501e+02   4.7553866151e+02
   5213.0000000000   4.7244313601e+02   1.7679478465e+02   4.7567733761e+02
   5214.0000000000   4.7257798748e+02   1.7690096728e+02   4.7582375266e+02
   5215.0000000000   4.7271173830e+02   1.7701514078e+02   4.7596405670e+02
   5216.0000000000   4.7284480178e+02   1.7712318025e+02   4.7610285058e+02
   5217.0000000000   4.7297734471e+02   1.7722961488e+02   4.7624065784e+02
   5218.0000000000   4.7312660818e+02   1.7734396452e+02   4.7637770829e+02
   5219.0000000000   4.7326545029e+02   1.7745215447e+02   4.7651413296e+02
   5220.0000000000   4.7340230389e+02   1.7755873087e+02   4.7665001736e+02
   5221.0000000000   4.7353799493e+02   1.7766420265e+02   4.7678542208e+02
   5222.0000000000   4.7367285435e+02   1.7776879791e+02   4.7692039260e+02
   5223.0000000000   4.7380705824e+02   1.7787265071e+02   4.7705496452e+02
   5224.0000000000   4.7394071524e+02   1.7797585127e+02   4.7719818415e+02
   5225.0000000000   4.7407389893e+02   1.7807846544e+02   4.7733577528e+02
   5226.0000000000   4.7420666238e+02   1.7818054400e+02   4.7747217127e+02
   5227.0000000000   4.7433904574e+02   1.7828212757e+02   4.7760780852e+02
   5228.0000000000   4.7447108048e+02   1.7838324966e+02   4.7775188198e+02
   5229.0000000000   4.7460279193e+02   1.7850197365e+02   4.7789018807e+02
   5230.0000000000   4.7473420100e+02   1.7860972378e+02   4.7802720125e+02
   5231.0000000000   4.7486532524e+02   1.7871534767e+02   4.7816338340e+02
   5232.0000000000   4.7499617963e+02   1.7881970225e+02   4.7829892871e+02
   5233.0000000000   4.7512677711e+02   1.7892312871e+02   4.7843394532e+02
   5234.0000000000   4.7525712902e+02   1.7902580834e+02   4.7856850280e+02
   5235.0000000000   4.7538724535e+02   1.7912785338e+02   4.7871166770e+02
   5236.0000000000   4.7551713500e+02   1.7922934039e+02   4.7885819422e+02
   5237.0000000000   4.7564680599e+02   1.7933032516e+02   4.7899822426e+02
   5238.0000000000   4.7577626554e+02   1.7943085043e+02   4.7913661338e+02
   5239.0000000000   4.7590552021e+02   1.7953095017e+02   4.7927396225e+02
   5240.0000000000   4.7603457602e+02   1.7963065214e+02   4.7941053268e+02
   5241.0000000000   4.7616343849e+02   1.7972997959e+02   4.7954647126e+02
   5242.0000000000   4.7629211271e+02   1.7982895233e+02   4.7968187177e+02
   5243.0000000000   4.7643775465e+02   1.7993660512e+02   4.7981679948e+02
   5244.0000000000   4.7657317046e+02   1.8003865304e+02   4.7996032014e+02
   5245.0000000000   4.7670675824e+02   1.8013952274e+02   4.8009817090e+02
   5246.0000000000   4.7684789478e+02   1.8023964539e+02   4.8025282979e+02
   5247.0000000000   4.7698329339e+02   1.8033919415e+02   4.8039614026e+02
   5248.0000000000   4.7712588848e+02   1.8043826208e+02   4.8053711145e+02
   5249.0000000000   4.7726257687e+02   1.8053690763e+02   4.8067668222e+02
   5250.0000000000   4.7740634993e+02   1.8063517123e+02   4.8081524156e+02
   5251.0000000000   4.7754413185e+02   1.8074210049e+02   4.8095300118e+02
   5252.0000000000   4.7768035480e+02   1.8084341875e+02   4.8109009377e+02
   5253.0000000000   4.7781555329e+02   1.8095257579e+02   4.8122661022e+02
   5254.0000000000   4.7795854633e+02   1.8105570652e+02   4.8136261670e+02
   5255.0000000000   4.7809587697e+02   1.8115739995e+02   4.8149816358e+02
   5256.0000000000   4.7823183620e+02   1.8126718773e+02   4.8163329053e+02
   5257.0000000000   4.7836688974e+02   1.8138000947e+02   4.8176802967e+02
   5258.0000000000   4.7850124236e+02   1.8149512065e+02   4.8191142512e+02
   5259.0000000000   4.7863501252e+02   1.8160313378e+02   4.8204919926e+02
   5260.0000000000   4.7876827874e+02   1.8170909965e+02   4.8219480210e+02
   5261.0000000000   4.7890109754e+02   1.8181372457e+02   4.8233436941e+02
   5262.0000000000   4.7903351180e+02   1.8191733570e+02   4.8247249134e+02
   5263.0000000000   4.7916555537e+02   1.8202914125e+02   4.8260968318e+02
   5264.0000000000   4.7929725574e+02   1.8213496638e+02   4.8274616815e+02
   5265.0000000000   4.7944578698e+02   1.8223931295e+02   4.8288207201e+02
   5266.0000000000   4.7959254576e+02   1.8234266623e+02   4.8302649342e+02
   5267.0000000000   4.7973234352e+02   1.8244523978e+02   4.8316518936e+02
   5268.0000000000   4.7987876457e+02   1.8254715779e+02   4.8330261547e+02
   5269.0000000000   4.8001892990e+02   1.8266653835e+02   4.8343922386e+02
   5270.0000000000   4.8015736047e+02   1.8277484165e+02   4.8358422090e+02
   5271.0000000000   4.8029463819e+02   1.8288094034e+02   4.8372341160e+02
   5272.0000000000   4.8043103479e+02   1.8298570946e+02   4.8386127699e+02
   5273.0000000000   4.8056671076e+02   1.8309852133e+02   4.8399828410e+02
   5274.0000000000   4.8070177282e+02   1.8320526763e+02   4.8413463122e+02
   5275.0000000000   4.8083629723e+02   1.8331048196e+02   4.8427042977e+02
   5276.0000000000   4.8097034133e+02   1.8343270163e+02   4.8442378723e+02
   5277.0000000000   4.8110394986e+02   1.8355256758e+02   4.8456615482e+02
   5278.0000000000   4.8124573436e+02   1.8367375416e+02   4.8470639758e+02
   5279.0000000000   4.8138212521e+02   1.8378729990e+02   4.8484538407e+02
   5280.0000000000   4.8151734407e+02   1.8389842481e+02   4.8498346343e+02
   5281.0000000000   4.8165181059e+02   1.8400792496e+02   4.8512082241e+02
   5282.0000000000   4.8179427286e+02   1.8411618293e+02   4.8526659466e+02
   5283.0000000000   4.8193980233e+02   1.8422342697e+02   4.8540655937e+02
   5284.0000000000   4.8207905773e+02   1.8432980947e+02   4.8554518740e+02
   5285.0000000000   4.8221667764e+02   1.8443543969e+02   4.8568294185e+02
   5286.0000000000   4.8235324740e+02   1.8454039997e+02   4.8582001974e+02
   5287.0000000000   4.8248902597e+02   1.8464475464e+02   4.8595653247e+02
   5288.0000000000   4.8262416021e+02   1.8474855546e+02   4.8609255283e+02
   5289.0000000000   4.8275874502e+02   1.8485184497e+02   4.8622813277e+02
   5290.0000000000   4.8289284698e+02   1.8495465885e+02   4.8636331160e+02
   5291.0000000000   4.8302651555e+02   1.8505702743e+02   4.8649812030e+02
   5292.0000000000   4.8315978905e+02   1.8515897687e+02   4.8663258409e+02
   5293.0000000000   4.8329269810e+02   1.8527856514e+02   4.8676672397e+02
   5294.0000000000   4.8343384346e+02   1.8538721233e+02   4.8690055777e+02
   5295.0000000000   4.8356964704e+02   1.8550278046e+02   4.8703410088e+02
   5296.0000000000   4.8370432374e+02   1.8561182386e+02   4.8716736671e+02
   5297.0000000000   4.8384686329e+02   1.8571909492e+02   4.8730036712e+02
   5298.0000000000   4.8398383450e+02   1.8583420994e+02   4.8743311266e+02
   5299.0000000000   4.8411952545e+02   1.8594314207e+02   4.8756561282e+02
   5300.0000000000   4.8426296809e+02   1.8605046312e+02   4.8769787616e+02
   5301.0000000000   4.8441790913e+02   1.8615669646e+02   4.8782991047e+02
   5302.0000000000   4.8456145640e+02   1.8626207841e+02   4.8796172290e+02
   5303.0000000000   4.8470247292e+02   1.8636674769e+02   4.8809331998e+02
   5304.0000000000   4.8484195991e+02   1.8647079704e+02   4.8822470777e+02
   5305.0000000000   4.8498034232e+02   1.8657429349e+02   4.8835589187e+02
   5306.0000000000   4.8511785434e+02   1.8667728812e+02   4.8848687749e+02
   5307.0000000000   4.8526321950e+02   1.8677982139e+02   4.8861766949e+02
   5308.0000000000   4.8540294036e+02   1.8688192624e+02   4.8875729000e+02
   5309.0000000000   4.8554128811e+02   1.8698363011e+02   4.8889144333e+02
   5310.0000000000   4.8567871789e+02   1.8708495630e+02   4.8902454678e+02
   5311.0000000000   4.8581542859e+02   1.8719494246e+02   4.8915702334e+02
   5312.0000000000   4.8595153536e+02   1.8729930612e+02   4.8929805657e+02
   5313.0000000000   4.8608711490e+02   1.8740247600e+02   4.8943343315e+02
   5314.0000000000   4.8622222278e+02   1.8750488505e+02   4.8956761906e+02
   5315.0000000000   4.8635690154e+02   1.8760670793e+02   4.8970106879e+02
   5316.0000000000   4.8649118503e+02   1.8770803905e+02   4.8984298760e+02
   5317.0000000000   4.8664225221e+02   1.8780893798e+02   4.8997917786e+02
   5318.0000000000   4.8678292806e+02   1.8790944617e+02   4.9012313489e+02
   5319.0000000000   4.8692162633e+02   1.8801861208e+02   4.9026102223e+02
   5320.0000000000   4.8705916142e+02   1.8812215984e+02   4.9039744798e+02
   5321.0000000000   4.8719585712e+02   1.8823353989e+02   4.9053293939e+02
   5322.0000000000   4.8733188499e+02   1.8834790533e+02   4.9066772794e+02
   5323.0000000000   4.8746735089e+02   1.8845554573e+02   4.9080194505e+02
   5324.0000000000   4.8760232666e+02   1.8856138892e+02   4.9093567585e+02
   5325.0000000000   4.8773686441e+02   1.8866607652e+02   4.9106898006e+02
   5326.0000000000   4.8787100382e+02   1.8878793101e+02   4.9120190202e+02
   5327.0000000000   4.8800477619e+02   1.8889851605e+02   4.9133447596e+02
   5328.0000000000   4.8814678259e+02   1.8901578148e+02   4.9146672918e+02
   5329.0000000000   4.8828344507e+02   1.8913535729e+02   4.9160770155e+02
   5330.0000000000   4.8841897853e+02   1.8924773623e+02   4.9174311166e+02
   5331.0000000000   4.8855379705e+02   1.8935795951e+02   4.9187738852e+02
   5332.0000000000   4.8868806847e+02   1.8946674120e+02   4.9201096486e+02
   5333.0000000000   4.8883045945e+02   1.8957441880e+02   4.9215303237e+02
   5334.0000000000   4.8896742843e+02   1.8968119264e+02   4.9229840225e+02
   5335.0000000000   4.8910321249e+02   1.8980523155e+02   4.9243724643e+02
   5336.0000000000   4.8923824012e+02   1.8991803145e+02   4.9257443780e+02
   5337.0000000000   4.8937268897e+02   1.9002849123e+02   4.9271058768e+02
   5338.0000000000   4.8950665702e+02   1.9013750588e+02   4.9284596464e+02
   5339.0000000000   4.8964020690e+02   1.9024544567e+02   4.9298973739e+02
   5340.0000000000   4.8977338248e+02   1.9035251462e+02   4.9312770273e+02
   5341.0000000000   4.8990621647e+02   1.9045884307e+02   4.9326434127e+02
   5342.0000000000   4.9003873435e+02   1.9056452222e+02   4.9340913935e+02
   5343.0000000000   4.9017095669e+02   1.9066961989e+02   4.9354799740e+02
   5344.0000000000   4.9031147612e+02   1.9077418878e+02   4.9368544214e+02
   5345.0000000000   4.9044670789e+02   1.9088728876e+02   4.9382196679e+02
   5346.0000000000   4.9058086135e+02   1.9099465468e+02   4.9395778631e+02
   5347.0000000000   4.9071434593e+02   1.9110072907e+02   4.9409302357e+02
   5348.0000000000   4.9084732555e+02   1.9120595611e+02   4.9422775908e+02
   5349.0000000000   4.9097988785e+02   1.9131051975e+02   4.9436205016e+02
   5350.0000000000   4.9111208749e+02   1.9141452218e+02   4.9449593998e+02
   5351.0000000000   4.9125253761e+02   1.9151802956e+02   4.9462946237e+02
   5352.0000000000   4.9139624229e+02   1.9162108901e+02   4.9476264464e+02
   5353.0000000000   4.9153382065e+02   1.9172373626e+02   4.9490452699e+02
   5354.0000000000   4.9166988534e+02   1.9182599969e+02   4.9504082848e+02
   5355.0000000000   4.9181357906e+02   1.9192790257e+02   4.9517597871e+02
   5356.0000000000   4.9195154808e+02   1.9203848207e+02   4.9531041102e+02
   5357.0000000000   4.9208812574e+02   1.9214345501e+02   4.9544430019e+02
   5358.0000000000   4.9222379718e+02   1.9224724931e+02   4.9557774044e+02
   5359.0000000000   4.9235877654e+02   1.9235029711e+02   4.9571079102e+02
   5360.0000000000   4.9249318670e+02   1.9245277228e+02   4.9585251056e+02
   5361.0000000000   4.9262710813e+02   1.9255476849e+02   4.9598862940e+02
   5362.0000000000   4.9276059792e+02   1.9265634457e+02   4.9612358438e+02
   5363.0000000000   4.9289369881e+02   1.9275754133e+02   4.9625781362e+02
   5364.0000000000   4.9302644413e+02   1.9286740661e+02   4.9639149513e+02
   5365.0000000000   4.9315886062e+02   1.9297166398e+02   4.9655177816e+02
   5366.0000000000   4.9329097030e+02   1.9307474576e+02   4.9669582359e+02
   5367.0000000000   4.9342279160e+02   1.9317708695e+02   4.9683691345e+02
   5368.0000000000   4.9355434024e+02   1.9328788095e+02   4.9697633649e+02
   5369.0000000000   4.9369420541e+02   1.9339292267e+02   4.9711460393e+02
   5370.0000000000   4.9382879984e+02   1.9350570265e+02   4.9727002007e+02
   5371.0000000000   4.9397090663e+02   1.9361238142e+02   4.9742316687e+02
   5372.0000000000   4.9410733460e+02   1.9371756518e+02   4.9756868103e+02
   5373.0000000000   4.9424244353e+02   1.9382178007e+02   4.9771189290e+02
   5374.0000000000   4.9437671880e+02   1.9392525695e+02   4.9785360531e+02
   5375.0000000000   4.9451036870e+02   1.9402812704e+02   4.9800321046e+02
   5376.0000000000   4.9464350933e+02   1.9413047550e+02   4.9814662706e+02
   5377.0000000000   4.9478479037e+02   1.9424137989e+02   4.9828841214e+02
   5378.0000000000   4.9492066414e+02   1.9435560249e+02   4.9842908672e+02
   5379.0000000000   4.9505536552e+02   1.9446329133e+02   4.9856888916e+02
   5380.0000000000   4.9518932228e+02   1.9456930672e+02   4.9870796162e+02
   5381.0000000000   4.9532271201e+02   1.9467425310e+02   4.9885541820e+02
   5382.0000000000   4.9545563281e+02   1.9477839527e+02   4.9900604718e+02
   5383.0000000000   4.9560529873e+02   1.9488188232e+02   4.9915001631e+02
   5384.0000000000   4.9574455557e+02   1.9498481004e+02   4.9929220148e+02
   5385.0000000000   4.9588183014e+02   1.9509626302e+02   4.9943321982e+02
   5386.0000000000   4.9601794532e+02   1.9520199088e+02   4.9957334670e+02
   5387.0000000000   4.9616180614e+02   1.9530644527e+02   4.9971274013e+02
   5388.0000000000   4.9629998885e+02   1.9541007602e+02   4.9985150355e+02
   5389.0000000000   4.9644537448e+02   1.9551307059e+02   4.9998971055e+02
   5390.0000000000   4.9659341175e+02   1.9561553325e+02   5.0012741651e+02
   5391.0000000000   4.9673490621e+02   1.9571753131e+02   5.0026466483e+02
   5392.0000000000   4.9687457305e+02   1.9581911241e+02   5.0040149062e+02
   5393.0000000000   4.9701304413e+02   1.9592031240e+02   5.0053792296e+02
   5394.0000000000   4.9715918495e+02   1.9602115945e+02   5.0067398639e+02
   5395.0000000000   4.9730814072e+02   1.9612167645e+02   5.0081871955e+02
   5396.0000000000   4.9745062032e+02   1.9622188244e+02   5.0095784076e+02
   5397.0000000000   4.9759129828e+02   1.9632179361e+02   5.0109577937e+02
   5398.0000000000   4.9773078675e+02   1.9643044151e+02   5.0123296884e+02
   5399.0000000000   4.9786936531e+02   1.9653353838e+02   5.0136958428e+02
   5400.0000000000   4.9800719705e+02   1.9663550831e+02   5.0150572041e+02
   5401.0000000000   4.9814438989e+02   1.9673678015e+02   5.0164143708e+02
   5402.0000000000   4.9828102107e+02   1.9683752495e+02   5.0177677598e+02
   5403.0000000000   4.9841714886e+02   1.9693783385e+02   5.0191176811e+02
   5404.0000000000   4.9855281896e+02   1.9704678107e+02   5.0204643775e+02
   5405.0000000000   4.9868806824e+02   1.9715010544e+02   5.0218080451e+02
   5406.0000000000   4.9882292719e+02   1.9725224869e+02   5.0231488474e+02
   5407.0000000000   4.9895742144e+02   1.9736266954e+02   5.0244869237e+02
   5408.0000000000   4.9909157288e+02   1.9747626547e+02   5.0258223941e+02
   5409.0000000000   4.9922540046e+02   1.9758324751e+02   5.0271553646e+02
   5410.0000000000   4.9937607199e+02   1.9768850976e+02   5.0285761048e+02
   5411.0000000000   4.9951640388e+02   1.9779267647e+02   5.0300318753e+02
   5412.0000000000   4.9965480312e+02   1.9789602475e+02   5.0314238854e+02
   5413.0000000000   4.9979207871e+02   1.9799871168e+02   5.0328005297e+02
   5414.0000000000   4.9993712564e+02   1.9810985601e+02   5.0341676876e+02
   5415.0000000000   5.0008508833e+02   1.9822424598e+02   5.0355278744e+02
   5416.0000000000   5.0022666747e+02   1.9833204705e+02   5.0368824716e+02
   5417.0000000000   5.0036652798e+02   1.9843813186e+02   5.0382323467e+02
   5418.0000000000   5.0050527286e+02   1.9854311386e+02   5.0395780929e+02
   5419.0000000000   5.0065174910e+02   1.9866529985e+02   5.0409201411e+02
   5420.0000000000   5.0079251350e+02   1.9877624420e+02   5.0423489945e+02
   5421.0000000000   5.0094044038e+02   1.9889389106e+02   5.0439022628e+02
   5422.0000000000   5.0108240112e+02   1.9901386675e+02   5.0453382878e+02
   5423.0000000000   5.0123137635e+02   1.9912666164e+02   5.0467496999e+02
   5424.0000000000   5.0138286206e+02   1.9924633294e+02   5.0483270043e+02
   5425.0000000000   5.0152769091e+02   1.9935929366e+02   5.0497884063e+02
   5426.0000000000   5.0167059577e+02   1.9947931141e+02   5.0512244402e+02
   5427.0000000000   5.0181222095e+02   1.9960172282e+02   5.0527350726e+02
   5428.0000000000   5.0195286569e+02   1.9971693684e+02   5.0541815043e+02
   5429.0000000000   5.0209270600e+02   1.9982996482e+02   5.0556102197e+02
   5430.0000000000   5.0223185884e+02   1.9995052749e+02   5.0570269174e+02
   5431.0000000000   5.0237040799e+02   2.0006465913e+02   5.0585244451e+02
   5432.0000000000   5.0251699230e+02   2.0017697354e+02   5.0599614071e+02
   5433.0000000000   5.0265806220e+02   2.0028802527e+02   5.0613830224e+02
   5434.0000000000   5.0279785466e+02   2.0039807490e+02   5.0628844494e+02
   5435.0000000000   5.0293680132e+02   2.0050728058e+02   5.0643249154e+02
   5436.0000000000   5.0307508433e+02   2.0061575092e+02   5.0657498631e+02
   5437.0000000000   5.0321280654e+02   2.0072356617e+02   5.0672545425e+02
   5438.0000000000   5.0335003546e+02   2.0083078853e+02   5.0686982210e+02
   5439.0000000000   5.0348681962e+02   2.0093746792e+02   5.0701263590e+02
   5440.0000000000   5.0362319608e+02   2.0105266298e+02   5.0716342136e+02
   5441.0000000000   5.0375919437e+02   2.0116210822e+02   5.0730810548e+02
   5442.0000000000   5.0389483877e+02   2.0127024636e+02   5.0745123430e+02
   5443.0000000000   5.0403872533e+02   2.0137752203e+02   5.0759331588e+02
   5444.0000000000   5.0417727246e+02   2.0148411983e+02   5.0774359465e+02
   5445.0000000000   5.0433184363e+02   2.0159014266e+02   5.0788790326e+02
   5446.0000000000   5.0447565270e+02   2.0169565742e+02   5.0803074373e+02
   5447.0000000000   5.0461726001e+02   2.0180071199e+02   5.0817259961e+02
   5448.0000000000   5.0476612842e+02   2.0190534285e+02   5.0831368256e+02
   5449.0000000000   5.0491760001e+02   2.0201859666e+02   5.0845411504e+02
   5450.0000000000   5.0507104610e+02   2.0212619740e+02   5.0859397856e+02
   5451.0000000000   5.0522616232e+02   2.0223257860e+02   5.0873333221e+02
   5452.0000000000   5.0537418381e+02   2.0233817685e+02   5.0887222121e+02
   5453.0000000000   5.0552000097e+02   2.0244316976e+02   5.0901068162e+02
   5454.0000000000   5.0566433952e+02   2.0254765403e+02   5.0914874301e+02
   5455.0000000000   5.0580754730e+02   2.0265169116e+02   5.0928643017e+02
   5456.0000000000   5.0596698325e+02   2.0275532421e+02   5.0942376430e+02
   5457.0000000000   5.0611558807e+02   2.0285858540e+02   5.0956076375e+02
   5458.0000000000   5.0626185546e+02   2.0296150000e+02   5.0970646222e+02
   5459.0000000000   5.0641523356e+02   2.0307310616e+02   5.0984657398e+02
   5460.0000000000   5.0656249087e+02   2.0318813866e+02   5.0998552507e+02
   5461.0000000000   5.0670803005e+02   2.0330574307e+02   5.1013276377e+02
   5462.0000000000   5.0685238270e+02   2.0341646464e+02   5.1027416284e+02
   5463.0000000000   5.0699579706e+02   2.0352530945e+02   5.1041422833e+02
   5464.0000000000   5.0714699819e+02   2.0364196992e+02   5.1057147277e+02
   5465.0000000000   5.0729248884e+02   2.0375245017e+02   5.1071749877e+02
   5466.0000000000   5.0744511640e+02   2.0386133660e+02   5.1086124597e+02
   5467.0000000000   5.0759173811e+02   2.0396915992e+02   5.1100362535e+02
   5468.0000000000   5.0773675151e+02   2.0407616023e+02   5.1115403016e+02
   5469.0000000000   5.0788067230e+02   2.0418247809e+02   5.1129836483e+02
   5470.0000000000   5.0802373364e+02   2.0428820695e+02   5.1144117104e+02
   5471.0000000000   5.0816607240e+02   2.0439341394e+02   5.1158295611e+02
   5472.0000000000   5.0830778027e+02   2.0449814983e+02   5.1172394672e+02
   5473.0000000000   5.0844892380e+02   2.0460245452e+02   5.1186427519e+02
   5474.0000000000   5.0858955396e+02   2.0470636026e+02   5.1201304728e+02
   5475.0000000000   5.0872971136e+02   2.0480989375e+02   5.1215602662e+02
   5476.0000000000   5.0886942929e+02   2.0491307745e+02   5.1230669247e+02
   5477.0000000000   5.0901731128e+02   2.0501593062e+02   5.1245120229e+02
   5478.0000000000   5.0915978203e+02   2.0511846992e+02   5.1259416281e+02
   5479.0000000000   5.0930105914e+02   2.0522972756e+02   5.1274511994e+02
   5480.0000000000   5.0944155934e+02   2.0533541649e+02   5.1289000739e+02
   5481.0000000000   5.0958145305e+02   2.0543996154e+02   5.1303337276e+02
   5482.0000000000   5.0972083373e+02   2.0555280989e+02   5.1317572344e+02
   5483.0000000000   5.0985976126e+02   2.0565983333e+02   5.1332630228e+02
   5484.0000000000   5.0999827793e+02   2.0576553695e+02   5.1347995762e+02
   5485.0000000000   5.1013641561e+02   2.0587039726e+02   5.1362688949e+02
   5486.0000000000   5.1028277512e+02   2.0597461604e+02   5.1378101041e+02
   5487.0000000000   5.1042377795e+02   2.0607830557e+02   5.1393766697e+02
   5488.0000000000   5.1057221404e+02   2.0618153775e+02   5.1408725563e+02
   5489.0000000000   5.1072347341e+02   2.0629338043e+02   5.1423477210e+02
   5490.0000000000   5.1087689694e+02   2.0640858849e+02   5.1438090505e+02
   5491.0000000000   5.1103214744e+02   2.0651730414e+02   5.1453499386e+02
   5492.0000000000   5.1118043313e+02   2.0662438302e+02   5.1468292849e+02
   5493.0000000000   5.1132662316e+02   2.0673042577e+02   5.1482924871e+02
   5494.0000000000   5.1147142649e+02   2.0683569402e+02   5.1497446442e+02
   5495.0000000000   5.1162375322e+02   2.0694033420e+02   5.1512782409e+02
   5496.0000000000   5.1177020114e+02   2.0704443985e+02   5.1528418230e+02
   5497.0000000000   5.1191509734e+02   2.0715709360e+02   5.1544276279e+02
   5498.0000000000   5.1205893288e+02   2.0727306099e+02   5.1559416609e+02
   5499.0000000000   5.1220193124e+02   2.0738249221e+02   5.1574343955e+02
   5500.0000000000   5.1235280086e+02   2.0749024912e+02   5.1589129001e+02
   5501.0000000000   5.1249803252e+02   2.0759693723e+02   5.1604706471e+02
   5502.0000000000   5.1265046455e+02   2.0771183975e+02   5.1619665761e+02
   5503.0000000000   5.1279694704e+02   2.0782080640e+02   5.1634461084e+02
   5504.0000000000   5.1294187170e+02   2.0792834677e+02   5.1649143596e+02
   5505.0000000000   5.1308574938e+02   2.0803494739e+02   5.1663736506e+02
   5506.0000000000   5.1322880918e+02   2.0814082054e+02   5.1680057136e+02
   5507.0000000000   5.1337118441e+02   2.0825510566e+02   5.1695254861e+02
   5508.0000000000   5.1352153933e+02   2.0837260062e+02   5.1710219224e+02
   5509.0000000000   5.1366633865e+02   2.0848347621e+02   5.1725039390e+02
   5510.0000000000   5.1380982799e+02   2.0860162602e+02   5.1739752105e+02
   5511.0000000000   5.1396102010e+02   2.0872238349e+02   5.1754377540e+02
   5512.0000000000   5.1410650167e+02   2.0884515297e+02   5.1768928551e+02
   5513.0000000000   5.1425057506e+02   2.0896062280e+02   5.1783414117e+02
   5514.0000000000   5.1441085949e+02   2.0907388911e+02   5.1798742673e+02
   5515.0000000000   5.1456893662e+02   2.0919470573e+02   5.1813489410e+02
   5516.0000000000   5.1471971859e+02   2.0930912109e+02   5.1828099827e+02
   5517.0000000000   5.1486827708e+02   2.0943077251e+02   5.1842619282e+02
   5518.0000000000   5.1501537513e+02   2.0955493415e+02   5.1857968666e+02
   5519.0000000000   5.1516994340e+02   2.0967198002e+02   5.1872728784e+02
   5520.0000000000   5.1531858950e+02   2.0978689985e+02   5.1887348061e+02
   5521.0000000000   5.1546564606e+02   2.0990940004e+02   5.1902775286e+02
   5522.0000000000   5.1561160781e+02   2.1002550491e+02   5.1917600605e+02
   5523.0000000000   5.1575670090e+02   2.1013982103e+02   5.1932276800e+02
   5524.0000000000   5.1590106024e+02   2.1026191514e+02   5.1947755071e+02
   5525.0000000000   5.1604477750e+02   2.1037774371e+02   5.1962627052e+02
   5526.0000000000   5.1619649554e+02   2.1049187494e+02   5.1977346511e+02
   5527.0000000000   5.1634266715e+02   2.1060483410e+02   5.1991963574e+02
   5528.0000000000   5.1648753085e+02   2.1071686173e+02   5.2006500375e+02
   5529.0000000000   5.1663151942e+02   2.1082810161e+02   5.2020969723e+02
   5530.0000000000   5.1677481592e+02   2.1093865170e+02   5.2035380111e+02
   5531.0000000000   5.1691752399e+02   2.1104858413e+02   5.2050639419e+02
   5532.0000000000   5.1705971181e+02   2.1115795478e+02   5.2065322309e+02
   5533.0000000000   5.1720142855e+02   2.1126680853e+02   5.2079873805e+02
   5534.0000000000   5.1734271186e+02   2.1138419998e+02   5.2094338842e+02
   5535.0000000000   5.1748359184e+02   2.1149586034e+02   5.2108736178e+02
   5536.0000000000   5.1762409328e+02   2.1160622958e+02   5.2123076288e+02
   5537.0000000000   5.1776423713e+02   2.1171575008e+02   5.2137365972e+02
   5538.0000000000   5.1791261701e+02   2.1182460451e+02   5.2152511836e+02
   5539.0000000000   5.1805564950e+02   2.1193289415e+02   5.2167087559e+02
   5540.0000000000   5.1819754548e+02   2.1204068453e+02   5.2181537383e+02
   5541.0000000000   5.1833871597e+02   2.1214802233e+02   5.2195905615e+02
   5542.0000000000   5.1848790214e+02   2.1225494301e+02   5.2210210492e+02
   5543.0000000000   5.1863159415e+02   2.1236147475e+02   5.2224462058e+02
   5544.0000000000   5.1877404523e+02   2.1247665833e+02   5.2238666748e+02
   5545.0000000000   5.1891569312e+02   2.1259523090e+02   5.2252829097e+02
   5546.0000000000   5.1907387254e+02   2.1270732261e+02   5.2266952514e+02
   5547.0000000000   5.1922148713e+02   2.1281778064e+02   5.2281039677e+02
   5548.0000000000   5.1936699631e+02   2.1292719957e+02   5.2295092765e+02
   5549.0000000000   5.1951981898e+02   2.1304485426e+02   5.2309113602e+02
   5550.0000000000   5.1966669918e+02   2.1316560555e+02   5.2323103739e+02
   5551.0000000000   5.1981201912e+02   2.1328867555e+02   5.2337064525e+02
   5552.0000000000   5.1995629320e+02   2.1340466013e+02   5.2350997142e+02
   5553.0000000000   5.2009975507e+02   2.1351860084e+02   5.2364902643e+02
   5554.0000000000   5.2024254172e+02   2.1364021613e+02   5.2378781973e+02
   5555.0000000000   5.2038474428e+02   2.1376454745e+02   5.2393537746e+02
   5556.0000000000   5.2052642823e+02   2.1388189663e+02   5.2407740743e+02
   5557.0000000000   5.2066764314e+02   2.1399722000e+02   5.2421833008e+02
   5558.0000000000   5.2080842800e+02   2.1412922206e+02   5.2435857118e+02
   5559.0000000000   5.2094881435e+02   2.1424961407e+02   5.2450731682e+02
   5560.0000000000   5.2109740394e+02   2.1436740633e+02   5.2467740871e+02
   5561.0000000000   5.2124061970e+02   2.1448355973e+02   5.2483041500e+02
   5562.0000000000   5.2138267750e+02   2.1459848710e+02   5.2500708475e+02
   5563.0000000000   5.2152399238e+02   2.1471242166e+02   5.2516596508e+02
   5564.0000000000   5.2166473312e+02   2.1482551473e+02   5.2532088697e+02
   5565.0000000000   5.2180499164e+02   2.1493787312e+02   5.2547342382e+02
   5566.0000000000   5.2194482636e+02   2.1504957663e+02   5.2562425685e+02
   5567.0000000000   5.2208427816e+02   2.1516068735e+02   5.2577376630e+02
   5568.0000000000   5.2222337758e+02   2.1527125511e+02   5.2592219372e+02
   5569.0000000000   5.2236214854e+02   2.1538132086e+02   5.2606970547e+02
   5570.0000000000   5.2250061049e+02   2.1549091890e+02   5.2621642261e+02
   5571.0000000000   5.2263877959e+02   2.1560909605e+02   5.2636243697e+02
   5572.0000000000   5.2278524528e+02   2.1573059512e+02   5.2650782044e+02
   5573.0000000000   5.2292642036e+02   2.1585456900e+02   5.2665263070e+02
   5574.0000000000   5.2307508797e+02   2.1597156961e+02   5.2679691503e+02
   5575.0000000000   5.2322663258e+02   2.1608660902e+02   5.2694071284e+02
   5576.0000000000   5.2337181485e+02   2.1620036751e+02   5.2708405747e+02
   5577.0000000000   5.2351531722e+02   2.1631315408e+02   5.2722697745e+02
   5578.0000000000   5.2365774669e+02   2.1642514625e+02   5.2736949752e+02
   5579.0000000000   5.2379937383e+02   2.1653645959e+02   5.2751163928e+02
   5580.0000000000   5.2394035200e+02   2.1664717547e+02   5.2765342178e+02
   5581.0000000000   5.2408077977e+02   2.1675735452e+02   5.2779486195e+02
   5582.0000000000   5.2422072578e+02   2.1686704380e+02   5.2793597492e+02
   5583.0000000000   5.2436024060e+02   2.1697628099e+02   5.2807677429e+02
   5584.0000000000   5.2449936303e+02   2.1708509706e+02   5.2821727239e+02
   5585.0000000000   5.2463812382e+02   2.1719351798e+02   5.2835748041e+02
   5586.0000000000   5.2477654799e+02   2.1731058349e+02   5.2849740857e+02
   5587.0000000000   5.2491465632e+02   2.1742201275e+02   5.2863706626e+02
   5588.0000000000   5.2506104200e+02   2.1753223583e+02   5.2878547970e+02
   5589.0000000000   5.2520212097e+02   2.1764168675e+02   5.2892835690e+02
   5590.0000000000   5.2534210331e+02   2.1775955870e+02   5.2907011854e+02
   5591.0000000000   5.2548139918e+02   2.1787164687e+02   5.2921119072e+02
   5592.0000000000   5.2562017317e+02   2.1798242478e+02   5.2935174223e+02
   5593.0000000000   5.2575851358e+02   2.1809235365e+02   5.2950087993e+02
   5594.0000000000   5.2589647566e+02   2.1820162722e+02   5.2964435894e+02
   5595.0000000000   5.2604267310e+02   2.1831035331e+02   5.2978663006e+02
   5596.0000000000   5.2619211048e+02   2.1841860129e+02   5.2992813988e+02
   5597.0000000000   5.2633540739e+02   2.1852642003e+02   5.3006907174e+02
   5598.0000000000   5.2647717691e+02   2.1863384606e+02   5.3020952568e+02
   5599.0000000000   5.2661798650e+02   2.1874090799e+02   5.3034956490e+02
   5600.0000000000   5.2675808190e+02   2.1885664653e+02   5.3048923324e+02
   5601.0000000000   5.2690617541e+02   2.1896678090e+02   5.3062856301e+02
   5602.0000000000   5.2705733035e+02   2.1907574065e+02   5.3076757920e+02
   5603.0000000000   5.2720220457e+02   2.1918395902e+02   5.3091531937e+02
   5604.0000000000   5.2735401335e+02   2.1929161061e+02   5.3106651756e+02
   5605.0000000000   5.2749974433e+02   2.1939878955e+02   5.3121130089e+02
   5606.0000000000   5.2765243039e+02   2.1950555497e+02   5.3135451367e+02
   5607.0000000000   5.2779901903e+02   2.1961194780e+02   5.3150576533e+02
   5608.0000000000   5.2796110864e+02   2.1972701594e+02   5.3166002815e+02
   5609.0000000000   5.2811204602e+02   2.1983648292e+02   5.3180755621e+02
   5610.0000000000   5.2826047655e+02   2.1994478098e+02   5.3195327089e+02
   5611.0000000000   5.2841592161e+02   2.2006136259e+02   5.3209781490e+02
   5612.0000000000   5.2857376571e+02   2.2017210344e+02   5.3224147849e+02
   5613.0000000000   5.2872483649e+02   2.2028151155e+02   5.3238442843e+02
   5614.0000000000   5.2887387775e+02   2.2039006560e+02   5.3253579087e+02
   5615.0000000000   5.2902154637e+02   2.2050698667e+02   5.3268134223e+02
   5616.0000000000   5.2916815284e+02   2.2061808839e+02   5.3283457015e+02
   5617.0000000000   5.2931388278e+02   2.2072785699e+02   5.3298163771e+02
   5618.0000000000   5.2945886115e+02   2.2083676274e+02   5.3313617314e+02
   5619.0000000000   5.2961175407e+02   2.2094500593e+02   5.3328440745e+02
   5620.0000000000   5.2976760693e+02   2.2105269925e+02   5.3343098956e+02
   5621.0000000000   5.2991707195e+02   2.2115991571e+02   5.3357647427e+02
   5622.0000000000   5.3006478883e+02   2.2126670693e+02   5.3372111306e+02
   5623.0000000000   5.3021134716e+02   2.2138212914e+02   5.3387407033e+02
   5624.0000000000   5.3035701129e+02   2.2149191255e+02   5.3402114339e+02
   5625.0000000000   5.3050193379e+02   2.2160049482e+02   5.3416681527e+02
   5626.0000000000   5.3064621511e+02   2.2170831528e+02   5.3431155787e+02
   5627.0000000000   5.3078992712e+02   2.2181555325e+02   5.3447361010e+02
   5628.0000000000   5.3094169981e+02   2.2193132413e+02   5.3462448871e+02
   5629.0000000000   5.3108797692e+02   2.2204139006e+02   5.3477309741e+02
   5630.0000000000   5.3124156586e+02   2.2215020764e+02   5.3492033015e+02
   5631.0000000000   5.3138929514e+02   2.2225822832e+02   5.3506655399e+02
   5632.0000000000   5.3154411633e+02   2.2236563960e+02   5.3521196904e+02
   5633.0000000000   5.3169292930e+02   2.2247254500e+02   5.3535670167e+02
   5634.0000000000   5.3185730218e+02   2.2257901075e+02   5.3550083926e+02
   5635.0000000000   5.3201056145e+02   2.2268508329e+02   5.3565346370e+02
   5636.0000000000   5.3216133828e+02   2.2279079722e+02   5.3580032449e+02
   5637.0000000000   5.3231056828e+02   2.2289617947e+02   5.3595489187e+02
   5638.0000000000   5.3245865197e+02   2.2300125178e+02   5.3610331724e+02
   5639.0000000000   5.3261438919e+02   2.2310603210e+02   5.3626823827e+02
   5640.0000000000   5.3276432480e+02   2.2321955316e+02   5.3642158026e+02
   5641.0000000000   5.3292133202e+02   2.2332752800e+02   5.3657240127e+02
   5642.0000000000   5.3307228489e+02   2.2343438124e+02   5.3672167230e+02
   5643.0000000000   5.3323016799e+02   2.2354054206e+02   5.3686980499e+02
   5644.0000000000   5.3338190593e+02   2.2364618171e+02   5.3701702778e+02
   5645.0000000000   5.3353193467e+02   2.2375139142e+02   5.3716348624e+02
   5646.0000000000   5.3368936965e+02   2.2386524545e+02   5.3732731666e+02
   5647.0000000000   5.3384086104e+02   2.2397348261e+02   5.3748901113e+02
   5648.0000000000   5.3399075405e+02   2.2408054456e+02   5.3764315348e+02
   5649.0000000000   5.3413954727e+02   2.2419588993e+02   5.3780405849e+02
   5650.0000000000   5.3428746784e+02   2.2430539853e+02   5.3795820718e+02
   5651.0000000000   5.3443465072e+02   2.2441358121e+02   5.3811037257e+02
   5652.0000000000   5.3458118728e+02   2.2452993626e+02   5.3826118216e+02
   5653.0000000000   5.3472714445e+02   2.2464036860e+02   5.3842896983e+02
   5654.0000000000   5.3487257381e+02   2.2475842372e+02   5.3858531533e+02
   5655.0000000000   5.3501751667e+02   2.2487029451e+02   5.3874818439e+02
   5656.0000000000   5.3516200697e+02   2.2498060820e+02   5.3890420371e+02
   5657.0000000000   5.3531464889e+02   2.2508990554e+02   5.3906719626e+02
   5658.0000000000   5.3546186768e+02   2.2520744557e+02   5.3922350101e+02
   5659.0000000000   5.3560788148e+02   2.2531906752e+02   5.3937783580e+02
   5660.0000000000   5.3575310748e+02   2.2542927596e+02   5.3953080345e+02
   5661.0000000000   5.3589771650e+02   2.2554757251e+02   5.3968269089e+02
   5662.0000000000   5.3604180240e+02   2.2565986810e+02   5.3983367220e+02
   5663.0000000000   5.3618542538e+02   2.2577069715e+02   5.3998386638e+02
   5664.0000000000   5.3633720367e+02   2.2588055869e+02   5.4013336086e+02
   5665.0000000000   5.3649214592e+02   2.2598967230e+02   5.4028222302e+02
   5666.0000000000   5.3664087546e+02   2.2609816457e+02   5.4043952425e+02
   5667.0000000000   5.3678800879e+02   2.2620611908e+02   5.4059100863e+02
   5668.0000000000   5.3693411651e+02   2.2632261331e+02   5.4074112636e+02
   5669.0000000000   5.3707944727e+02   2.2643339265e+02   5.4089032801e+02
   5670.0000000000   5.3722414045e+02   2.2655192371e+02   5.4103880302e+02
   5671.0000000000   5.3736828533e+02   2.2666435470e+02   5.4119567585e+02
   5672.0000000000   5.3752051985e+02   2.2678430294e+02   5.4134671681e+02
   5673.0000000000   5.3767586666e+02   2.2689799128e+02   5.4149638991e+02
   5674.0000000000   5.3782495935e+02   2.2701006231e+02   5.4164515330e+02
   5675.0000000000   5.3797242215e+02   2.2712106591e+02   5.4179320057e+02
   5676.0000000000   5.3811883159e+02   2.2723124966e+02   5.4194064082e+02
   5677.0000000000   5.3826444100e+02   2.2734075718e+02   5.4208754539e+02
   5678.0000000000   5.3840939344e+02   2.2745870079e+02   5.4223396541e+02
   5679.0000000000   5.3856235682e+02   2.2757084810e+02   5.4237993977e+02
   5680.0000000000   5.3870979676e+02   2.2768166333e+02   5.4252549942e+02
   5681.0000000000   5.3885595841e+02   2.2779160556e+02   5.4267066977e+02
   5682.0000000000   5.3900127779e+02   2.2790086932e+02   5.4281547219e+02
   5683.0000000000   5.3915451489e+02   2.2800956446e+02   5.4295992502e+02
   5684.0000000000   5.3930217443e+02   2.2811776282e+02   5.4310404423e+02
   5685.0000000000   5.3944852115e+02   2.2822551575e+02   5.4324784390e+02
   5686.0000000000   5.3959400203e+02   2.2833286220e+02   5.4339133660e+02
   5687.0000000000   5.3973880809e+02   2.2843983300e+02   5.4354355122e+02
   5688.0000000000   5.3988304744e+02   2.2854645327e+02   5.4369921559e+02
   5689.0000000000   5.4002679072e+02   2.2865274403e+02   5.4384845239e+02
   5690.0000000000   5.4017008829e+02   2.2875872317e+02   5.4399610268e+02
   5691.0000000000   5.4031297824e+02   2.2886440614e+02   5.4415177354e+02
   5692.0000000000   5.4045549060e+02   2.2896980649e+02   5.4430141795e+02
   5693.0000000000   5.4059764980e+02   2.2908395377e+02   5.4444958874e+02
   5694.0000000000   5.4074805187e+02   2.2919255870e+02   5.4459679316e+02
   5695.0000000000   5.4090169062e+02   2.2930004421e+02   5.4474325413e+02
   5696.0000000000   5.4104917891e+02   2.2942487338e+02   5.4488909918e+02
   5697.0000000000   5.4120370113e+02   2.2953861659e+02   5.4503441160e+02
   5698.0000000000   5.4135222280e+02   2.2965019096e+02   5.4518826802e+02
   5699.0000000000   5.4150776053e+02   2.2976049109e+02   5.4535444785e+02
   5700.0000000000   5.4165724940e+02   2.2986988014e+02   5.4550879893e+02
   5701.0000000000   5.4180512696e+02   2.2997855277e+02   5.4566059480e+02
   5702.0000000000   5.4195193071e+02   2.3008662956e+02   5.4581085911e+02
   5703.0000000000   5.4209790596e+02   2.3019419224e+02   5.4596001915e+02
   5704.0000000000   5.4225177189e+02   2.3030129983e+02   5.4610830735e+02
   5705.0000000000   5.4240002453e+02   2.3040799690e+02   5.4625586914e+02
   5706.0000000000   5.4254692894e+02   2.3051431833e+02   5.4640280386e+02
   5707.0000000000   5.4269293509e+02   2.3062029221e+02   5.4654918365e+02
   5708.0000000000   5.4283823753e+02   2.3072594166e+02   5.4669506333e+02
   5709.0000000000   5.4298294785e+02   2.3083128607e+02   5.4684048596e+02
   5710.0000000000   5.4312713980e+02   2.3094535956e+02   5.4698548635e+02
   5711.0000000000   5.4327944209e+02   2.3106289402e+02   5.4713009324e+02
   5712.0000000000   5.4342629607e+02   2.3117401524e+02   5.4727433080e+02
   5713.0000000000   5.4358050646e+02   2.3128356674e+02   5.4741821967e+02
   5714.0000000000   5.4373747465e+02   2.3139213990e+02   5.4756177769e+02
   5715.0000000000   5.4388797484e+02   2.3149998917e+02   5.4771403808e+02
   5716.0000000000   5.4403670056e+02   2.3160725521e+02   5.4786071465e+02
   5717.0000000000   5.4418426804e+02   2.3171402694e+02   5.4800623297e+02
   5718.0000000000   5.4433095567e+02   2.3182036558e+02   5.4815102328e+02
   5719.0000000000   5.4447692342e+02   2.3192631584e+02   5.4829525790e+02
   5720.0000000000   5.4462227563e+02   2.3203191193e+02   5.4843902917e+02
   5721.0000000000   5.4476708592e+02   2.3215521605e+02   5.4858239480e+02
   5722.0000000000   5.4491140921e+02   2.3226765021e+02   5.4872539461e+02
   5723.0000000000   5.4505528819e+02   2.3237805926e+02   5.4887707556e+02
   5724.0000000000   5.4519875702e+02   2.3248729705e+02   5.4902316046e+02
   5725.0000000000   5.4534184379e+02   2.3259570159e+02   5.4916808090e+02
   5726.0000000000   5.4548457202e+02   2.3271246855e+02   5.4931227127e+02
   5727.0000000000   5.4563553737e+02   2.3282340703e+02   5.4945590676e+02
   5728.0000000000   5.4578115804e+02   2.3293300383e+02   5.4959908173e+02
   5729.0000000000   5.4592564614e+02   2.3304173098e+02   5.4974185533e+02
   5730.0000000000   5.4606941368e+02   2.3314979075e+02   5.4989328597e+02
   5731.0000000000   5.4621262697e+02   2.3325729765e+02   5.5003910374e+02
   5732.0000000000   5.4636395147e+02   2.3336432628e+02   5.5018374521e+02
   5733.0000000000   5.4650984477e+02   2.3347092964e+02   5.5032764821e+02
   5734.0000000000   5.4666311887e+02   2.3357714755e+02   5.5047099046e+02
   5735.0000000000   5.4681060263e+02   2.3369202881e+02   5.5061386819e+02
   5736.0000000000   5.4695667030e+02   2.3381031622e+02   5.5075634198e+02
   5737.0000000000   5.4710181821e+02   2.3392214396e+02   5.5089845372e+02
   5738.0000000000   5.4725483882e+02   2.3403236212e+02   5.5104023436e+02
   5739.0000000000   5.4740225589e+02   2.3415058497e+02   5.5118170780e+02
   5740.0000000000   5.4754834607e+02   2.3426277125e+02   5.5133191080e+02
   5741.0000000000   5.4770213970e+02   2.3437347851e+02   5.5147655915e+02
   5742.0000000000   5.4785023386e+02   2.3448321785e+02   5.5162007942e+02
   5743.0000000000   5.4799693723e+02   2.3459221537e+02   5.5177191981e+02
   5744.0000000000   5.4814272158e+02   2.3470060122e+02   5.5191795260e+02
   5745.0000000000   5.4828779344e+02   2.3480846092e+02   5.5206268308e+02
   5746.0000000000   5.4843227130e+02   2.3492487291e+02   5.5221560527e+02
   5747.0000000000   5.4858480873e+02   2.3504460058e+02   5.5237163836e+02
   5748.0000000000   5.4873186229e+02   2.3515779302e+02   5.5252100764e+02
   5749.0000000000   5.4887767103e+02   2.3526931157e+02   5.5266861713e+02
   5750.0000000000   5.4902266672e+02   2.3537976159e+02   5.5282411582e+02
   5751.0000000000   5.4916703057e+02   2.3548940874e+02   5.5297348616e+02
   5752.0000000000   5.4931086401e+02   2.3560742043e+02   5.5312130261e+02
   5753.0000000000   5.4945423291e+02   2.3572861077e+02   5.5327710632e+02
   5754.0000000000   5.4959718408e+02   2.3584316065e+02   5.5343585044e+02
   5755.0000000000   5.4973975286e+02   2.3595595270e+02   5.5358778575e+02
   5756.0000000000   5.4989054275e+02   2.3606760731e+02   5.5373783603e+02
   5757.0000000000   5.5003597732e+02   2.3617840116e+02   5.5388664835e+02
   5758.0000000000   5.5018027249e+02   2.3628849243e+02   5.5404353545e+02
   5759.0000000000   5.5032384303e+02   2.3639798413e+02   5.5420338656e+02
   5760.0000000000   5.5046685726e+02   2.3650694898e+02   5.5435642808e+02
   5761.0000000000   5.5060940656e+02   2.3661544132e+02   5.5450757307e+02
   5762.0000000000   5.5075154876e+02   2.3672350342e+02   5.5465746363e+02
   5763.0000000000   5.5089332412e+02   2.3683116918e+02   5.5480639264e+02
   5764.0000000000   5.5103476260e+02   2.3693846651e+02   5.5495453083e+02
   5765.0000000000   5.5117588756e+02   2.3704541878e+02   5.5510199116e+02
   5766.0000000000   5.5132529350e+02   2.3715204593e+02   5.5524885445e+02
   5767.0000000000   5.5147797258e+02   2.3725836517e+02   5.5539518172e+02
   5768.0000000000   5.5162453598e+02   2.3737340914e+02   5.5554102082e+02
   5769.0000000000   5.5177816643e+02   2.3748289113e+02   5.5568641041e+02
   5770.0000000000   5.5192582796e+02   2.3759123627e+02   5.5583138245e+02
   5771.0000000000   5.5207196005e+02   2.3769887435e+02   5.5598498143e+02
   5772.0000000000   5.5221709556e+02   2.3781499491e+02   5.5614194796e+02
   5773.0000000000   5.5236147379e+02   2.3792538992e+02   5.5629241528e+02
   5774.0000000000   5.5250523238e+02   2.3803453008e+02   5.5644123333e+02
   5775.0000000000   5.5264846113e+02   2.3814287410e+02   5.5658899908e+02
   5776.0000000000   5.5279122339e+02   2.3825061343e+02   5.5673597190e+02
   5777.0000000000   5.5293356629e+02   2.3835785384e+02   5.5688229683e+02
   5778.0000000000   5.5307552637e+02   2.3846466284e+02   5.5702806665e+02
   5779.0000000000   5.5321713281e+02   2.3857108756e+02   5.5717334607e+02
   5780.0000000000   5.5335840947e+02   2.3867716298e+02   5.5731818295e+02
   5781.0000000000   5.5349937630e+02   2.3878291623e+02   5.5746261431e+02
   5782.0000000000   5.5364005023e+02   2.3889738667e+02   5.5760666976e+02
   5783.0000000000   5.5378044583e+02   2.3900629226e+02   5.5775037363e+02
   5784.0000000000   5.5392057580e+02   2.3911406138e+02   5.5789374631e+02
   5785.0000000000   5.5406902695e+02   2.3923014372e+02   5.5803680519e+02
   5786.0000000000   5.5421221009e+02   2.3934041291e+02   5.5817956537e+02
   5787.0000000000   5.5435433111e+02   2.3945839295e+02   5.5832204005e+02
   5788.0000000000   5.5449579670e+02   2.3957026130e+02   5.5847325852e+02
   5789.0000000000   5.5463676855e+02   2.3968063369e+02   5.5861893126e+02
   5790.0000000000   5.5477733249e+02   2.3979004208e+02   5.5876348099e+02
   5791.0000000000   5.5491754165e+02   2.3989872103e+02   5.5891635303e+02
   5792.0000000000   5.5506600793e+02   2.4000680424e+02   5.5907243516e+02
   5793.0000000000   5.5520915869e+02   2.4011437852e+02   5.5922193112e+02
   5794.0000000000   5.5535121123e+02   2.4022150499e+02   5.5936972946e+02
   5795.0000000000   5.5550115606e+02   2.4033724673e+02   5.5951645007e+02
   5796.0000000000   5.5564556175e+02   2.4044733900e+02   5.5966236664e+02
   5797.0000000000   5.5579729129e+02   2.4055622328e+02   5.5980763346e+02
   5798.0000000000   5.5595177647e+02   2.4067335946e+02   5.5995234947e+02
   5799.0000000000   5.5609980856e+02   2.4079364681e+02   5.6009658344e+02
   5800.0000000000   5.5624609103e+02   2.4090729835e+02   5.6024038598e+02
   5801.0000000000   5.5639124604e+02   2.4101921016e+02   5.6038379595e+02
   5802.0000000000   5.5653555544e+02   2.4113902599e+02   5.6052684414e+02
   5803.0000000000   5.5667918117e+02   2.4125272476e+02   5.6066955559e+02
   5804.0000000000   5.5683080416e+02   2.4136487845e+02   5.6082096870e+02
   5805.0000000000   5.5698547489e+02   2.4147600892e+02   5.6096680109e+02
   5806.0000000000   5.5713384608e+02   2.4158635052e+02   5.6111148114e+02
   5807.0000000000   5.5728055571e+02   2.4169603990e+02   5.6125544119e+02
   5808.0000000000   5.5742619049e+02   2.4180516775e+02   5.6139885512e+02
   5809.0000000000   5.5757958708e+02   2.4191379916e+02   5.6154181642e+02
   5810.0000000000   5.5772729538e+02   2.4202198339e+02   5.6168438368e+02
   5811.0000000000   5.5787360933e+02   2.4212975913e+02   5.6182659735e+02
   5812.0000000000   5.5801899605e+02   2.4223715769e+02   5.6196848726e+02
   5813.0000000000   5.5816366104e+02   2.4234420497e+02   5.6212811168e+02
   5814.0000000000   5.5830772322e+02   2.4245092277e+02   5.6227688920e+02
   5815.0000000000   5.5845126153e+02   2.4255732978e+02   5.6242366169e+02
   5816.0000000000   5.5859433280e+02   2.4266344215e+02   5.6256928048e+02
   5817.0000000000   5.5874555590e+02   2.4276927406e+02   5.6271408140e+02
   5818.0000000000   5.5889136592e+02   2.4287483800e+02   5.6285824067e+02
   5819.0000000000   5.5903598768e+02   2.4299818034e+02   5.6300186574e+02
   5820.0000000000   5.5917984305e+02   2.4311071113e+02   5.6314502867e+02
   5821.0000000000   5.5932310609e+02   2.4322126601e+02   5.6328778109e+02
   5822.0000000000   5.5946587290e+02   2.4333069164e+02   5.6343016180e+02
   5823.0000000000   5.5960820526e+02   2.4343932028e+02   5.6357220104e+02
   5824.0000000000   5.5975014678e+02   2.4354732536e+02   5.6371392315e+02
   5825.0000000000   5.5990030590e+02   2.4365481218e+02   5.6385534810e+02
   5826.0000000000   5.6004510929e+02   2.4377086865e+02   5.6399649268e+02
   5827.0000000000   5.6018877496e+02   2.4388124502e+02   5.6413737116e+02
   5828.0000000000   5.6033171906e+02   2.4399039227e+02   5.6427799589e+02
   5829.0000000000   5.6047411093e+02   2.4409875895e+02   5.6442739526e+02
   5830.0000000000   5.6061604266e+02   2.4420653099e+02   5.6457127884e+02
   5831.0000000000   5.6075757258e+02   2.4431381105e+02   5.6471406842e+02
   5832.0000000000   5.6089874135e+02   2.4442968241e+02   5.6485619085e+02
   5833.0000000000   5.6103957923e+02   2.4453989119e+02   5.6499781540e+02
   5834.0000000000   5.6118868540e+02   2.4464888507e+02   5.6513903165e+02
   5835.0000000000   5.6133247978e+02   2.4475711003e+02   5.6528891238e+02
   5836.0000000000   5.6147517514e+02   2.4486475003e+02   5.6543319516e+02
   5837.0000000000   5.6161718351e+02   2.4498994138e+02   5.6557632054e+02
   5838.0000000000   5.6177582210e+02   2.4511316622e+02   5.6572774616e+02
   5839.0000000000   5.6192398193e+02   2.4522899631e+02   5.6587335094e+02
   5840.0000000000   5.6207011295e+02   2.4535173459e+02   5.6601764494e+02
   5841.0000000000   5.6221505111e+02   2.4547686879e+02   5.6617012574e+02
   5842.0000000000   5.6235913371e+02   2.4559486227e+02   5.6632571518e+02
   5843.0000000000   5.6250254113e+02   2.4571074716e+02   5.6647464059e+02
   5844.0000000000   5.6264538512e+02   2.4582523369e+02   5.6663082518e+02
   5845.0000000000   5.6279631716e+02   2.4593865714e+02   5.6678060159e+02
   5846.0000000000   5.6295036860e+02   2.4605121621e+02   5.6692866657e+02
   5847.0000000000   5.6310675449e+02   2.4616304317e+02   5.6707560126e+02
   5848.0000000000   5.6326507958e+02   2.4627423266e+02   5.6722167299e+02
   5849.0000000000   5.6341652113e+02   2.4638485583e+02   5.6736703871e+02
   5850.0000000000   5.6356593007e+02   2.4649496817e+02   5.6752082008e+02
   5851.0000000000   5.6371400396e+02   2.4660461419e+02   5.6766879147e+02
   5852.0000000000   5.6386106964e+02   2.4673186560e+02   5.6781542207e+02
   5853.0000000000   5.6400731875e+02   2.4685717053e+02   5.6796117471e+02
   5854.0000000000   5.6415287752e+02   2.4697508151e+02   5.6810624680e+02
   5855.0000000000   5.6429783550e+02   2.4709087248e+02   5.6825976798e+02
   5856.0000000000   5.6444225951e+02   2.4720530676e+02   5.6840751179e+02
   5857.0000000000   5.6458620139e+02   2.4732774781e+02   5.6856296182e+02
   5858.0000000000   5.6472970251e+02   2.4744409289e+02   5.6871227729e+02
   5859.0000000000   5.6487279672e+02   2.4755888260e+02   5.6886006548e+02
   5860.0000000000   5.6501551220e+02   2.4767262516e+02   5.6900685466e+02
   5861.0000000000   5.6515787282e+02   2.4779456637e+02   5.6915287815e+02
   5862.0000000000   5.6529989907e+02   2.4791054028e+02   5.6929826972e+02
   5863.0000000000   5.6544160871e+02   2.4802505004e+02   5.6944311696e+02
   5864.0000000000   5.6558301734e+02   2.4813858008e+02   5.6958748213e+02
   5865.0000000000   5.6572413874e+02   2.4825134266e+02   5.6973141205e+02
   5866.0000000000   5.6586498520e+02   2.4836346065e+02   5.6987494334e+02
   5867.0000000000   5.6600556774e+02   2.4847501585e+02   5.7002712317e+02
   5868.0000000000   5.6615447194e+02   2.4858606749e+02   5.7017367601e+02
   5869.0000000000   5.6629810772e+02   2.4869666088e+02   5.7031903577e+02
   5870.0000000000   5.6644068033e+02   2.4881584968e+02   5.7047265688e+02
   5871.0000000000   5.6658259599e+02   2.4892936345e+02   5.7062041705e+02
   5872.0000000000   5.6672401606e+02   2.4904164023e+02   5.7077584388e+02
   5873.0000000000   5.6687360181e+02   2.4915312034e+02   5.7092511796e+02
   5874.0000000000   5.6701780710e+02   2.4926398442e+02   5.7107285781e+02
   5875.0000000000   5.6716944076e+02   2.4937433173e+02   5.7121959786e+02
   5876.0000000000   5.6731532879e+02   2.4948422588e+02   5.7137459250e+02
   5877.0000000000   5.6745984294e+02   2.4959371171e+02   5.7152367742e+02
   5878.0000000000   5.6760347729e+02   2.4972085815e+02   5.7167135456e+02
   5879.0000000000   5.6775502230e+02   2.4984610938e+02   5.7181810587e+02
   5880.0000000000   5.6790957555e+02   2.4996401369e+02   5.7196414069e+02
   5881.0000000000   5.6805781291e+02   2.5008885848e+02   5.7210957889e+02
   5882.0000000000   5.6820438461e+02   2.5020710320e+02   5.7225449936e+02
   5883.0000000000   5.6834988415e+02   2.5033252107e+02   5.7239895855e+02
   5884.0000000000   5.6849457637e+02   2.5045142534e+02   5.7254299917e+02
   5885.0000000000   5.6863861241e+02   2.5056851610e+02   5.7269567247e+02
   5886.0000000000   5.6878209037e+02   2.5068438224e+02   5.7284270581e+02
   5887.0000000000   5.6892507920e+02   2.5079929910e+02   5.7298853517e+02
   5888.0000000000   5.6906763016e+02   2.5091343084e+02   5.7313359899e+02
   5889.0000000000   5.6920978294e+02   2.5102688783e+02   5.7328709375e+02
   5890.0000000000   5.6935156921e+02   2.5113974990e+02   5.7343481713e+02
   5891.0000000000   5.6950159051e+02   2.5125207770e+02   5.7358124454e+02
   5892.0000000000   5.6964626935e+02   2.5136391901e+02   5.7372683868e+02
   5893.0000000000   5.6978982110e+02   2.5147531254e+02   5.7387179437e+02
   5894.0000000000   5.6993266020e+02   2.5158629030e+02   5.7401622026e+02
   5895.0000000000   5.7007495482e+02   2.5169687928e+02   5.7416018635e+02
   5896.0000000000   5.7021679624e+02   2.5180710256e+02   5.7430374194e+02
   5897.0000000000   5.7035824222e+02   2.5191698012e+02   5.7445594150e+02
   5898.0000000000   5.7050790864e+02   2.5202652944e+02   5.7461153144e+02
   5899.0000000000   5.7065222629e+02   2.5213576596e+02   5.7476064833e+02
   5900.0000000000   5.7079541549e+02   2.5224470344e+02   5.7490814393e+02
   5901.0000000000   5.7093789374e+02   2.5237138938e+02   5.7505461608e+02
   5902.0000000000   5.7108840669e+02   2.5248723498e+02   5.7520032439e+02
   5903.0000000000   5.7123344765e+02   2.5260107694e+02   5.7534541377e+02
   5904.0000000000   5.7137727204e+02   2.5271376289e+02   5.7548997663e+02
   5905.0000000000   5.7152031916e+02   2.5282562605e+02   5.7563407710e+02
   5906.0000000000   5.7166277351e+02   2.5293684075e+02   5.7577776242e+02
   5907.0000000000   5.7181331328e+02   2.5305653071e+02   5.7592106891e+02
   5908.0000000000   5.7197555645e+02   2.5317046708e+02   5.7606402545e+02
   5909.0000000000   5.7212654795e+02   2.5328311414e+02   5.7620665562e+02
   5910.0000000000   5.7227511482e+02   2.5339492949e+02   5.7635799668e+02
   5911.0000000000   5.7242223556e+02   2.5350610552e+02   5.7650376535e+02
   5912.0000000000   5.7256831970e+02   2.5362576730e+02   5.7664838930e+02
   5913.0000000000   5.7271359041e+02   2.5373968431e+02   5.7679230028e+02
   5914.0000000000   5.7285818735e+02   2.5385231890e+02   5.7693567171e+02
   5915.0000000000   5.7300220588e+02   2.5396412707e+02   5.7707859670e+02
   5916.0000000000   5.7314571517e+02   2.5407530001e+02   5.7723015112e+02
   5917.0000000000   5.7328876768e+02   2.5418594429e+02   5.7738509277e+02
   5918.0000000000   5.7343140453e+02   2.5429612869e+02   5.7753356460e+02
   5919.0000000000   5.7357365886e+02   2.5440590179e+02   5.7768943961e+02
   5920.0000000000   5.7371555798e+02   2.5452431759e+02   5.7783901779e+02
   5921.0000000000   5.7385712475e+02   2.5463710467e+02   5.7798697324e+02
   5922.0000000000   5.7399837866e+02   2.5474869942e+02   5.7813387071e+02
   5923.0000000000   5.7413933651e+02   2.5485954020e+02   5.7827996526e+02
   5924.0000000000   5.7428001292e+02   2.5498784080e+02   5.7842540434e+02
   5925.0000000000   5.7442042079e+02   2.5510509851e+02   5.7857028457e+02
   5926.0000000000   5.7456057156e+02   2.5522020156e+02   5.7871467432e+02
   5927.0000000000   5.7470047545e+02   2.5533403134e+02   5.7885862461e+02
   5928.0000000000   5.7484014168e+02   2.5544694456e+02   5.7900217505e+02
   5929.0000000000   5.7497957858e+02   2.5555913265e+02   5.7914535731e+02
   5930.0000000000   5.7511879376e+02   2.5567071462e+02   5.7929721494e+02
   5931.0000000000   5.7525779415e+02   2.5578177157e+02   5.7945248722e+02
   5932.0000000000   5.7539658615e+02   2.5590137994e+02   5.7960130588e+02
   5933.0000000000   5.7554375128e+02   2.5601528447e+02   5.7974851926e+02
   5934.0000000000   5.7568569588e+02   2.5612793365e+02   5.7989472274e+02
   5935.0000000000   5.7583519763e+02   2.5624879276e+02   5.8004919168e+02
   5936.0000000000   5.7597906083e+02   2.5636374774e+02   5.8019776963e+02
   5937.0000000000   5.7613879256e+02   2.5647731502e+02   5.8034496120e+02
   5938.0000000000   5.7628767659e+02   2.5658998024e+02   5.8049124889e+02
   5939.0000000000   5.7643431227e+02   2.5670195273e+02   5.8065487679e+02
   5940.0000000000   5.7658818608e+02   2.5681335103e+02   5.8080736400e+02
   5941.0000000000   5.7673607953e+02   2.5692425232e+02   5.8095761499e+02
   5942.0000000000   5.7688239745e+02   2.5703471130e+02   5.8110652360e+02
   5943.0000000000   5.7703624430e+02   2.5714476906e+02   5.8126347388e+02
   5944.0000000000   5.7718426423e+02   2.5725445778e+02   5.8141436513e+02
   5945.0000000000   5.7733079774e+02   2.5736380346e+02   5.8156373600e+02
   5946.0000000000   5.7747633917e+02   2.5747282762e+02   5.8173012721e+02
   5947.0000000000   5.7762968721e+02   2.5759056603e+02   5.8188516442e+02
   5948.0000000000   5.7779452502e+02   2.5770273431e+02   5.8203780592e+02
   5949.0000000000   5.7795651455e+02   2.5781375932e+02   5.8218897793e+02
   5950.0000000000   5.7811948823e+02   2.5792407221e+02   5.8234808620e+02
   5951.0000000000   5.7827504381e+02   2.5803384593e+02   5.8250104559e+02
   5952.0000000000   5.7842820295e+02   2.5814317326e+02   5.8265240651e+02
   5953.0000000000   5.7857975496e+02   2.5825211221e+02   5.8280268369e+02
   5954.0000000000   5.7873008374e+02   2.5836972037e+02   5.8296112772e+02
   5955.0000000000   5.7887941966e+02   2.5848172725e+02   5.8311357638e+02
   5956.0000000000   5.7903649259e+02   2.5859256894e+02   5.8327355344e+02
   5957.0000000000   5.7919638968e+02   2.5870268296e+02   5.8342724585e+02
   5958.0000000000   5.7934979209e+02   2.5881224680e+02   5.8357928125e+02
   5959.0000000000   5.7950993611e+02   2.5893037407e+02   5.8373020351e+02
   5960.0000000000   5.7966382785e+02   2.5904282525e+02   5.8388025836e+02
   5961.0000000000   5.7981594067e+02   2.5915405542e+02   5.8403860719e+02
   5962.0000000000   5.7996683519e+02   2.5927353225e+02   5.8419104596e+02
   5963.0000000000   5.8012534945e+02   2.5938714197e+02   5.8434205729e+02
   5964.0000000000   5.8027804147e+02   2.5949940028e+02   5.8449211318e+02
   5965.0000000000   5.8043779029e+02   2.5961079159e+02   5.8464141784e+02
   5966.0000000000   5.8060004874e+02   2.5972152375e+02   5.8479008866e+02
   5967.0000000000   5.8075562870e+02   2.5983171377e+02   5.8493820353e+02
   5968.0000000000   5.8090925243e+02   2.5994143728e+02   5.8508581884e+02
   5969.0000000000   5.8106155882e+02   2.6005074750e+02   5.8523297777e+02
   5970.0000000000   5.8122999576e+02   2.6015968412e+02   5.8537971476e+02
   5971.0000000000   5.8138754008e+02   2.6027729555e+02   5.8552605811e+02
   5972.0000000000   5.8154270266e+02   2.6038930657e+02   5.8567203159e+02
   5973.0000000000   5.8169636516e+02   2.6050015084e+02   5.8581765554e+02
   5974.0000000000   5.8184890051e+02   2.6061026463e+02   5.8596294761e+02
   5975.0000000000   5.8200051771e+02   2.6071982492e+02   5.8610792331e+02
   5976.0000000000   5.8215135198e+02   2.6082892759e+02   5.8625259640e+02
   5977.0000000000   5.8231007444e+02   2.6093763314e+02   5.8640599677e+02
   5978.0000000000   5.8246315751e+02   2.6104598358e+02   5.8655383554e+02
   5979.0000000000   5.8261485405e+02   2.6116302759e+02   5.8670053607e+02
   5980.0000000000   5.8276560777e+02   2.6127448932e+02   5.8684652675e+02
   5981.0000000000   5.8291561030e+02   2.6138480148e+02   5.8701001355e+02
   5982.0000000000   5.8306497216e+02   2.6150341686e+02   5.8716248755e+02
   5983.0000000000   5.8321376721e+02   2.6162522897e+02   5.8731283199e+02
   5984.0000000000   5.8336204933e+02   2.6174946361e+02   5.8746192416e+02
   5985.0000000000   5.8350986018e+02   2.6186671288e+02   5.8761011740e+02
   5986.0000000000   5.8365723330e+02   2.6198201279e+02   5.8775760033e+02
   5987.0000000000   5.8380419647e+02   2.6209605853e+02   5.8790448962e+02
   5988.0000000000   5.8395077322e+02   2.6221818624e+02   5.8805988194e+02
   5989.0000000000   5.8409698386e+02   2.6233427965e+02   5.8820953449e+02
   5990.0000000000   5.8424284610e+02   2.6244887158e+02   5.8835790383e+02
   5991.0000000000   5.8438837564e+02   2.6256246515e+02   5.8850544311e+02
   5992.0000000000   5.8453358648e+02   2.6267528483e+02   5.8865234212e+02
   5993.0000000000   5.8467849119e+02   2.6279647932e+02   5.8879870673e+02
   5994.0000000000   5.8482310120e+02   2.6291183606e+02   5.8894460545e+02
   5995.0000000000   5.8496742688e+02   2.6302583148e+02   5.8909008677e+02
   5996.0000000000   5.8511147776e+02   2.6313893279e+02   5.8923518715e+02
   5997.0000000000   5.8525526261e+02   2.6325134028e+02   5.8937993523e+02
   5998.0000000000   5.8539878952e+02   2.6336316802e+02   5.8952435424e+02
   5999.0000000000   5.8555064162e+02   2.6347449106e+02   5.8968649865e+02
   6000.0000000000   5.8569722680e+02   2.6358536323e+02   5.8983778489e+02
   6001.0000000000   5.8585132419e+02   2.6369582545e+02   5.8998705365e+02
   6002.0000000000   5.8599973947e+02   2.6380591010e+02   5.9013515565e+02
   6003.0000000000   5.8614682977e+02   2.6391564360e+02   5.9029144412e+02
   6004.0000000000   5.8629307836e+02   2.6403406559e+02   5.9044179530e+02
   6005.0000000000   5.8643869177e+02   2.6414689482e+02   5.9059073014e+02
   6006.0000000000   5.8659236028e+02   2.6425856079e+02   5.9073874018e+02
   6007.0000000000   5.8674055767e+02   2.6436949682e+02   5.9088603973e+02
   6008.0000000000   5.8688753138e+02   2.6447987776e+02   5.9103275124e+02
   6009.0000000000   5.8703371718e+02   2.6458979800e+02   5.9117895483e+02
   6010.0000000000   5.8717929795e+02   2.6469931695e+02   5.9132470742e+02
   6011.0000000000   5.8733295117e+02   2.6480847587e+02   5.9147005178e+02
   6012.0000000000   5.8748971888e+02   2.6491730530e+02   5.9161502137e+02
   6013.0000000000   5.8764024504e+02   2.6502582902e+02   5.9175964314e+02
   6014.0000000000   5.8778915974e+02   2.6513406619e+02   5.9190393937e+02
   6015.0000000000   5.8793704291e+02   2.6524203270e+02   5.9205694640e+02
   6016.0000000000   5.8808414977e+02   2.6534974198e+02   5.9220438029e+02
   6017.0000000000   5.8823920006e+02   2.6546622323e+02   5.9235968584e+02
   6018.0000000000   5.8838868742e+02   2.6557718660e+02   5.9250899448e+02
   6019.0000000000   5.8853687373e+02   2.6568705436e+02   5.9266591026e+02
   6020.0000000000   5.8868420567e+02   2.6579625374e+02   5.9282566294e+02
   6021.0000000000   5.8883087476e+02   2.6590495434e+02   5.9297858635e+02
   6022.0000000000   5.8897698978e+02   2.6601324601e+02   5.9313865397e+02
   6023.0000000000   5.8912262197e+02   2.6612118419e+02   5.9330124400e+02
   6024.0000000000   5.8926782219e+02   2.6622880665e+02   5.9346578811e+02
   6025.0000000000   5.8941262892e+02   2.6633614083e+02   5.9362299230e+02
   6026.0000000000   5.8955707244e+02   2.6645222536e+02   5.9377796459e+02
   6027.0000000000   5.8970117736e+02   2.6656277696e+02   5.9393144955e+02
   6028.0000000000   5.8984496414e+02   2.6667222258e+02   5.9408380151e+02
   6029.0000000000   5.8998845013e+02   2.6679001046e+02   5.9423523123e+02
   6030.0000000000   5.9013165024e+02   2.6691103039e+02   5.9440391447e+02
   6031.0000000000   5.9027457750e+02   2.6702548745e+02   5.9456135198e+02
   6032.0000000000   5.9042581900e+02   2.6713827107e+02   5.9471644615e+02
   6033.0000000000   5.9057178583e+02   2.6725000172e+02   5.9487009457e+02
   6034.0000000000   5.9071668414e+02   2.6736095338e+02   5.9502266947e+02
   6035.0000000000   5.9086092085e+02   2.6747128051e+02   5.9517437639e+02
   6036.0000000000   5.9100465790e+02   2.6759009960e+02   5.9532534683e+02
   6037.0000000000   5.9114798135e+02   2.6771219698e+02   5.9547567292e+02
   6038.0000000000   5.9129094454e+02   2.6782773640e+02   5.9562542318e+02
   6039.0000000000   5.9143358395e+02   2.6794158902e+02   5.9577465089e+02
   6040.0000000000   5.9157592624e+02   2.6805436695e+02   5.9592339876e+02
   6041.0000000000   5.9171799193e+02   2.6816634061e+02   5.9607170196e+02
   6042.0000000000   5.9185979739e+02   2.6827766325e+02   5.9621959000e+02
   6043.0000000000   5.9200135607e+02   2.6838843383e+02   5.9636708803e+02
   6044.0000000000   5.9214267932e+02   2.6849872175e+02   5.9651421780e+02
   6045.0000000000   5.9228377684e+02   2.6860857847e+02   5.9666099831e+02
   6046.0000000000   5.9243323273e+02   2.6872706136e+02   5.9680744632e+02
   6047.0000000000   5.9258603098e+02   2.6883990219e+02   5.9695357677e+02
   6048.0000000000   5.9273277613e+02   2.6895154022e+02   5.9709940301e+02
   6049.0000000000   5.9288664549e+02   2.6906241631e+02   5.9724493712e+02
   6050.0000000000   5.9304317411e+02   2.6917271122e+02   5.9739019005e+02
   6051.0000000000   5.9319319847e+02   2.6929154160e+02   5.9753517176e+02
   6052.0000000000   5.9334144507e+02   2.6940467070e+02   5.9767989140e+02
   6053.0000000000   5.9349712455e+02   2.6951655614e+02   5.9782435738e+02
   6054.0000000000   5.9364692729e+02   2.6962765022e+02   5.9796857746e+02
   6055.0000000000   5.9379521701e+02   2.6973814122e+02   5.9811255884e+02
   6056.0000000000   5.9395107633e+02   2.6985715091e+02   5.9825630820e+02
   6057.0000000000   5.9410113653e+02   2.6997044615e+02   5.9839983177e+02
   6058.0000000000   5.9425830559e+02   2.7008248719e+02   5.9854313538e+02
   6059.0000000000   5.9440947327e+02   2.7020274587e+02   5.9868622449e+02
   6060.0000000000   5.9455905586e+02   2.7031711195e+02   5.9883812181e+02
   6061.0000000000   5.9470758029e+02   2.7043010407e+02   5.9898453221e+02
   6062.0000000000   5.9486386214e+02   2.7054220916e+02   5.9913889111e+02
   6063.0000000000   5.9501444323e+02   2.7068069001e+02   5.9928732208e+02
   6064.0000000000   5.9516361453e+02   2.7080276560e+02   5.9944342243e+02
   6065.0000000000   5.9531184238e+02   2.7093978831e+02   5.9959339857e+02
   6066.0000000000   5.9546790818e+02   2.7106447048e+02   5.9975089689e+02
   6067.0000000000   5.9561833246e+02   2.7118616682e+02   5.9990215563e+02
   6068.0000000000   5.9576739202e+02   2.7130599757e+02   6.0005182565e+02
   6069.0000000000   5.9592411895e+02   2.7142446165e+02   6.0020046116e+02
   6070.0000000000   5.9608368835e+02   2.7155086119e+02   6.0035732931e+02
   6071.0000000000   5.9623681240e+02   2.7167108021e+02   6.0051729200e+02
   6072.0000000000   5.9638816247e+02   2.7178966071e+02   6.0067055708e+02
   6073.0000000000   5.9653834625e+02   2.7190711688e+02   6.0082202399e+02
   6074.0000000000   5.9668763901e+02   2.7202368403e+02   6.0097232425e+02
   6075.0000000000   5.9683620006e+02   2.7213950319e+02   6.0112174223e+02
   6076.0000000000   5.9698413412e+02   2.7225467064e+02   6.0127044161e+02
   6077.0000000000   5.9713151573e+02   2.7236925737e+02   6.0141852941e+02
   6078.0000000000   5.9727840092e+02   2.7248331833e+02   6.0156608136e+02
   6079.0000000000   5.9742483354e+02   2.7259689760e+02   6.0172217161e+02
   6080.0000000000   5.9757084890e+02   2.7271003144e+02   6.0188156177e+02
   6081.0000000000   5.9771647618e+02   2.7282275032e+02   6.0204341797e+02
   6082.0000000000   5.9787031554e+02   2.7293508019e+02   6.0219830165e+02
   6083.0000000000   5.9801878884e+02   2.7304704352e+02   6.0235123186e+02
   6084.0000000000   5.9816611123e+02   2.7315865993e+02   6.0250289401e+02
   6085.0000000000   5.9832127290e+02   2.7326994673e+02   6.0265360088e+02
   6086.0000000000   5.9847084322e+02   2.7338091932e+02   6.0280353286e+02
   6087.0000000000   5.9861911091e+02   2.7349159147e+02   6.0295280758e+02
   6088.0000000000   5.9876653291e+02   2.7361099323e+02   6.0310150796e+02
   6089.0000000000   5.9891330446e+02   2.7372483589e+02   6.0324969574e+02
   6090.0000000000   5.9905953527e+02   2.7384656059e+02   6.0339741875e+02
   6091.0000000000   5.9920529634e+02   2.7396229597e+02   6.0354471519e+02
   6092.0000000000   5.9935063773e+02   2.7407662634e+02   6.0370063395e+02
   6093.0000000000   5.9949559696e+02   2.7419907974e+02   6.0385090118e+02
   6094.0000000000   5.9964020335e+02   2.7431557541e+02   6.0399995235e+02
   6095.0000000000   5.9978448059e+02   2.7443064901e+02   6.0414822576e+02
   6096.0000000000   5.9993702389e+02   2.7454479797e+02   6.0430491799e+02
   6097.0000000000   6.0008425075e+02   2.7465823915e+02   6.0445582698e+02
   6098.0000000000   6.0023037239e+02   2.7477109609e+02   6.0462346362e+02
   6099.0000000000   6.0037579991e+02   2.7488344934e+02   6.0477969102e+02
   6100.0000000000   6.0052927430e+02   2.7499535596e+02   6.0493353096e+02
   6101.0000000000   6.0067728537e+02   2.7510685868e+02   6.0508593092e+02
   6102.0000000000   6.0083266156e+02   2.7521799085e+02   6.0523728600e+02
   6103.0000000000   6.0098224098e+02   2.7532877932e+02   6.0538781245e+02
   6104.0000000000   6.0113897916e+02   2.7544826383e+02   6.0553764641e+02
   6105.0000000000   6.0128977694e+02   2.7556216302e+02   6.0568688150e+02
   6106.0000000000   6.0143905056e+02   2.7567490613e+02   6.0584460365e+02
   6107.0000000000   6.0158732322e+02   2.7579594377e+02   6.0599656503e+02
   6108.0000000000   6.0173483011e+02   2.7591115046e+02   6.0614722009e+02
   6109.0000000000   6.0188170728e+02   2.7602503350e+02   6.0629702142e+02
   6110.0000000000   6.0202804412e+02   2.7614708875e+02   6.0644615900e+02
   6111.0000000000   6.0218247979e+02   2.7626321948e+02   6.0659473940e+02
   6112.0000000000   6.0233146278e+02   2.7637795248e+02   6.0674283199e+02
   6113.0000000000   6.0247922723e+02   2.7650981503e+02   6.0689048628e+02
   6114.0000000000   6.0262620162e+02   2.7663943823e+02   6.0703773975e+02
   6115.0000000000   6.0277256491e+02   2.7677048755e+02   6.0718462207e+02
   6116.0000000000   6.0292699249e+02   2.7689399366e+02   6.0734017503e+02
   6117.0000000000   6.0307594982e+02   2.7702418730e+02   6.0749913650e+02
   6118.0000000000   6.0322367969e+02   2.7714755847e+02   6.0765163707e+02
   6119.0000000000   6.0337061529e+02   2.7726889772e+02   6.0780252420e+02
   6120.0000000000   6.0352551384e+02   2.7739786533e+02   6.0795239256e+02
   6121.0000000000   6.0367487750e+02   2.7752047187e+02   6.0811051701e+02
   6122.0000000000   6.0383154435e+02   2.7764131935e+02   6.0826274070e+02
   6123.0000000000   6.0399951148e+02   2.7776997294e+02   6.0841356797e+02
   6124.0000000000   6.0415596687e+02   2.7789238850e+02   6.0858151630e+02
   6125.0000000000   6.0431838532e+02   2.7801313391e+02   6.0874721215e+02
   6126.0000000000   6.0448276426e+02   2.7813273412e+02   6.0891431869e+02
   6127.0000000000   6.0464871431e+02   2.7825142933e+02   6.0907386554e+02
   6128.0000000000   6.0481604997e+02   2.7838739810e+02   6.0923106541e+02
   6129.0000000000   6.0497607590e+02   2.7851213799e+02   6.0939572579e+02
   6130.0000000000   6.0514230305e+02   2.7864356482e+02   6.0955392408e+02
   6131.0000000000   6.0530188918e+02   2.7876827237e+02   6.0971931490e+02
   6132.0000000000   6.0546797741e+02   2.7890006064e+02   6.0988718352e+02
   6133.0000000000   6.0562759214e+02   2.7902525187e+02   6.1004791144e+02
   6134.0000000000   6.0578523704e+02   2.7914855129e+02   6.1020649368e+02
   6135.0000000000   6.0594150033e+02   2.7927055199e+02   6.1036362288e+02
   6136.0000000000   6.0609666731e+02   2.7939153321e+02   6.1052864379e+02
   6137.0000000000   6.0625091375e+02   2.7951166282e+02   6.1069646946e+02
   6138.0000000000   6.0640436120e+02   2.7963105478e+02   6.1085734485e+02
   6139.0000000000   6.0655709973e+02   2.7974979228e+02   6.1101619785e+02
   6140.0000000000   6.0670919919e+02   2.7986793920e+02   6.1117368276e+02
   6141.0000000000   6.0686929116e+02   2.7999456390e+02   6.1133010264e+02
   6142.0000000000   6.0704954941e+02   2.8011540791e+02   6.1148563688e+02
   6143.0000000000   6.0721341208e+02   2.8024393677e+02   6.1164942346e+02
   6144.0000000000   6.0737390163e+02   2.8036629913e+02   6.1180724968e+02
   6145.0000000000   6.0753239672e+02   2.8049611363e+02   6.1196359553e+02
   6146.0000000000   6.0770661569e+02   2.8061960485e+02   6.1211893309e+02
   6147.0000000000   6.0786966663e+02   2.8075043499e+02   6.1227346784e+02
   6148.0000000000   6.0803871017e+02   2.8087485608e+02   6.1243633662e+02
   6149.0000000000   6.0820107496e+02   2.8099753111e+02   6.1260233700e+02
   6150.0000000000   6.0836136168e+02   2.8111902503e+02   6.1276164079e+02
   6151.0000000000   6.0853735082e+02   2.8123959700e+02   6.1292814337e+02
   6152.0000000000   6.0871072519e+02   2.8135939990e+02   6.1308816277e+02
   6153.0000000000   6.0887646628e+02   2.8147853602e+02   6.1324638812e+02
   6154.0000000000   6.0903969625e+02   2.8159707929e+02   6.1340339692e+02
   6155.0000000000   6.0920121647e+02   2.8171508601e+02   6.1355945524e+02
   6156.0000000000   6.0936141202e+02   2.8184161831e+02   6.1371472020e+02
   6157.0000000000   6.0952051380e+02   2.8196241248e+02   6.1386929688e+02
   6158.0000000000   6.0967867727e+02   2.8208191200e+02   6.1403227883e+02
   6159.0000000000   6.0983601504e+02   2.8220056171e+02   6.1418942390e+02
   6160.0000000000   6.0999261282e+02   2.8231854601e+02   6.1434519111e+02
   6161.0000000000   6.1015711394e+02   2.8243596741e+02   6.1450003692e+02
   6162.0000000000   6.1031597427e+02   2.8255289231e+02   6.1465415473e+02
   6163.0000000000   6.1047343643e+02   2.8266936799e+02   6.1481667171e+02
   6164.0000000000   6.1062993764e+02   2.8278543034e+02   6.1498237760e+02
   6165.0000000000   6.1078566539e+02   2.8290110782e+02   6.1514143774e+02
   6166.0000000000   6.1094072755e+02   2.8301642382e+02   6.1529872442e+02
   6167.0000000000   6.1109519633e+02   2.8313139797e+02   6.1545485105e+02
   6168.0000000000   6.1124912467e+02   2.8324604713e+02   6.1561008947e+02
   6169.0000000000   6.1140255370e+02   2.8336038601e+02   6.1577361211e+02
   6170.0000000000   6.1155551677e+02   2.8347442756e+02   6.1593121970e+02
   6171.0000000000   6.1170804169e+02   2.8359720095e+02   6.1608739671e+02
   6172.0000000000   6.1186015222e+02   2.8372343421e+02   6.1625163326e+02
   6173.0000000000   6.1201186893e+02   2.8384325010e+02   6.1640983340e+02
   6174.0000000000   6.1216320994e+02   2.8396148975e+02   6.1656652730e+02
   6175.0000000000   6.1232276701e+02   2.8407874266e+02   6.1672221142e+02
   6176.0000000000   6.1247695548e+02   2.8419526177e+02   6.1687710383e+02
   6177.0000000000   6.1262998542e+02   2.8432020418e+02   6.1704034788e+02
   6178.0000000000   6.1278226741e+02   2.8443935790e+02   6.1719772690e+02
   6179.0000000000   6.1293396677e+02   2.8455719671e+02   6.1735371409e+02
   6180.0000000000   6.1308517272e+02   2.8467418400e+02   6.1750877432e+02
   6181.0000000000   6.1323594156e+02   2.8479051590e+02   6.1766310612e+02
   6182.0000000000   6.1339488817e+02   2.8490630242e+02   6.1781682230e+02
   6183.0000000000   6.1354844272e+02   2.8503063234e+02   6.1796999703e+02
   6184.0000000000   6.1370082518e+02   2.8514925602e+02   6.1812268358e+02
   6185.0000000000   6.1386102852e+02   2.8526662448e+02   6.1827492252e+02
   6186.0000000000   6.1402419934e+02   2.8538318646e+02   6.1842674608e+02
   6187.0000000000   6.1418102812e+02   2.8549912817e+02   6.1857818069e+02
   6188.0000000000   6.1433616924e+02   2.8561455263e+02   6.1872924848e+02
   6189.0000000000   6.1449021677e+02   2.8572952600e+02   6.1887996841e+02
   6190.0000000000   6.1464343487e+02   2.8584409482e+02   6.1903937450e+02
   6191.0000000000   6.1479597363e+02   2.8595829395e+02   6.1919318123e+02
   6192.0000000000   6.1494793006e+02   2.8607215069e+02   6.1935483233e+02
   6193.0000000000   6.1509937216e+02   2.8618568711e+02   6.1951045853e+02
   6194.0000000000   6.1525035041e+02   2.8629892153e+02   6.1966464589e+02
   6195.0000000000   6.1540090384e+02   2.8641186947e+02   6.1981790635e+02
   6196.0000000000   6.1555106364e+02   2.8652454430e+02   6.1997046038e+02
   6197.0000000000   6.1570085537e+02   2.8663695771e+02   6.2012243142e+02
   6198.0000000000   6.1585030043e+02   2.8674911999e+02   6.2027389866e+02
   6199.0000000000   6.1599941703e+02   2.8686104034e+02   6.2043393501e+02
   6200.0000000000   6.1614822089e+02   2.8697272704e+02   6.2058828151e+02
   6201.0000000000   6.1631387703e+02   2.8709320516e+02   6.2074138320e+02
   6202.0000000000   6.1646919937e+02   2.8721719915e+02   6.2090270232e+02
   6203.0000000000   6.1663116836e+02   2.8733482859e+02   6.2105812219e+02
   6204.0000000000   6.1679556761e+02   2.8745093178e+02   6.2122117453e+02
   6205.0000000000   6.1695331263e+02   2.8756609564e+02   6.2137804306e+02
   6206.0000000000   6.1710916554e+02   2.8768057079e+02   6.2153334872e+02
   6207.0000000000   6.1726378085e+02   2.8779449460e+02   6.2168762783e+02
   6208.0000000000   6.1741746027e+02   2.8790795311e+02   6.2184111868e+02
   6209.0000000000   6.1757037889e+02   2.8802100501e+02   6.2200297579e+02
   6210.0000000000   6.1772265121e+02   2.8813369280e+02   6.2215898880e+02
   6211.0000000000   6.1788293363e+02   2.8824604872e+02   6.2231363463e+02
   6212.0000000000   6.1803768709e+02   2.8835809803e+02   6.2247639777e+02
   6213.0000000000   6.1819115499e+02   2.8847887874e+02   6.2263317783e+02
   6214.0000000000   6.1834377299e+02   2.8859410769e+02   6.2278850136e+02
   6215.0000000000   6.1849572570e+02   2.8871722996e+02   6.2294286174e+02
   6216.0000000000   6.1864711746e+02   2.8884339448e+02   6.2309647435e+02
   6217.0000000000   6.1879801661e+02   2.8896288745e+02   6.2324946261e+02
   6218.0000000000   6.1894847208e+02   2.8908965146e+02   6.2341994286e+02
   6219.0000000000   6.1909852106e+02   2.8921002574e+02   6.2357937314e+02
   6220.0000000000   6.1924819300e+02   2.8932870876e+02   6.2373662394e+02
   6221.0000000000   6.1940608760e+02   2.8944628145e+02   6.2389256823e+02
   6222.0000000000   6.1955862589e+02   2.8956301013e+02   6.2404755882e+02
   6223.0000000000   6.1971859766e+02   2.8967905044e+02   6.2420178556e+02
   6224.0000000000   6.1987281732e+02   2.8979450508e+02   6.2435536714e+02
   6225.0000000000   6.2002564933e+02   2.8990944709e+02   6.2450838502e+02
   6226.0000000000   6.2017758309e+02   2.9002393116e+02   6.2466991636e+02
   6227.0000000000   6.2033740601e+02   2.9013799978e+02   6.2482570685e+02
   6228.0000000000   6.2049163811e+02   2.9025168697e+02   6.2498020599e+02
   6229.0000000000   6.2065312878e+02   2.9036502059e+02   6.2513386251e+02
   6230.0000000000   6.2080873143e+02   2.9048704148e+02   6.2528686339e+02
   6231.0000000000   6.2096283750e+02   2.9060346938e+02   6.2543931277e+02
   6232.0000000000   6.2111595596e+02   2.9071873453e+02   6.2560029566e+02
   6233.0000000000   6.2126831322e+02   2.9083327086e+02   6.2575555997e+02
   6234.0000000000   6.2142003965e+02   2.9094725369e+02   6.2590955517e+02
   6235.0000000000   6.2157122087e+02   2.9106077773e+02   6.2606272904e+02
   6236.0000000000   6.2172191780e+02   2.9117390268e+02   6.2621526722e+02
   6237.0000000000   6.2188075186e+02   2.9128666993e+02   6.2636727248e+02
   6238.0000000000   6.2203415979e+02   2.9139911018e+02   6.2651881086e+02
   6239.0000000000   6.2218636749e+02   2.9151124728e+02   6.2666992899e+02
   6240.0000000000   6.2233779752e+02   2.9164113561e+02   6.2682066187e+02
   6241.0000000000   6.2248862442e+02   2.9176019110e+02   6.2697103698e+02
   6242.0000000000   6.2263894460e+02   2.9187725379e+02   6.2712107664e+02
   6243.0000000000   6.2278882004e+02   2.9199317366e+02   6.2727079946e+02
   6244.0000000000   6.2293829448e+02   2.9211730316e+02   6.2742923883e+02
   6245.0000000000   6.2308740083e+02   2.9223551777e+02   6.2758210844e+02
   6246.0000000000   6.2324474057e+02   2.9235233769e+02   6.2774285116e+02
   6247.0000000000   6.2340531125e+02   2.9246825373e+02   6.2789759683e+02
   6248.0000000000   6.2355972829e+02   2.9259249715e+02   6.2805994819e+02
   6249.0000000000   6.2371260228e+02   2.9271990734e+02   6.2821611631e+02
   6250.0000000000   6.2386449922e+02   2.9284067713e+02   6.2837073411e+02
   6251.0000000000   6.2402423968e+02   2.9295969541e+02   6.2852434340e+02
   6252.0000000000   6.2417836082e+02   2.9307758598e+02   6.2867718493e+02
   6253.0000000000   6.2433114631e+02   2.9319462743e+02   6.2882939653e+02
   6254.0000000000   6.2448305486e+02   2.9331097900e+02   6.2898106794e+02
   6255.0000000000   6.2464286067e+02   2.9343576180e+02   6.2915029762e+02
   6256.0000000000   6.2479707775e+02   2.9355474879e+02   6.2930853276e+02
   6257.0000000000   6.2494997710e+02   2.9367240758e+02   6.2946463654e+02
   6258.0000000000   6.2510201008e+02   2.9378919951e+02   6.2961947661e+02
   6259.0000000000   6.2525337078e+02   2.9391433824e+02   6.2977340174e+02
   6260.0000000000   6.2540416949e+02   2.9403363468e+02   6.2992659853e+02
   6261.0000000000   6.2555447844e+02   2.9416059226e+02   6.3007918298e+02
   6262.0000000000   6.2570434913e+02   2.9428138205e+02   6.3023123430e+02
   6263.0000000000   6.2585382044e+02   2.9440061898e+02   6.3038281010e+02
   6264.0000000000   6.2600292301e+02   2.9452785414e+02   6.3053395432e+02
   6265.0000000000   6.2615168165e+02   2.9464902465e+02   6.3068470165e+02
   6266.0000000000   6.2630869265e+02   2.9476868035e+02   6.3083508027e+02
   6267.0000000000   6.2646895001e+02   2.9488733018e+02   6.3098511356e+02
   6268.0000000000   6.2662306665e+02   2.9500520046e+02   6.3113482125e+02
   6269.0000000000   6.2677565136e+02   2.9512242262e+02   6.3128422032e+02
   6270.0000000000   6.2692726876e+02   2.9523908385e+02   6.3143332547e+02
   6271.0000000000   6.2707816276e+02   2.9535524688e+02   6.3158214963e+02
   6272.0000000000   6.2722846882e+02   2.9547095929e+02   6.3173070429e+02
   6273.0000000000   6.2738684859e+02   2.9559527624e+02   6.3188801728e+02
   6274.0000000000   6.2753976246e+02   2.9571392824e+02   6.3203979785e+02
   6275.0000000000   6.2769145114e+02   2.9583135397e+02   6.3219948526e+02
   6276.0000000000   6.2784234686e+02   2.9594799407e+02   6.3236222395e+02
   6277.0000000000   6.2799263069e+02   2.9606402936e+02   6.3251829662e+02
   6278.0000000000   6.2814240357e+02   2.9618857673e+02   6.3268164307e+02
   6279.0000000000   6.2829173069e+02   2.9630739979e+02   6.3283860033e+02
   6280.0000000000   6.2844065811e+02   2.9642495656e+02   6.3299386508e+02
   6281.0000000000   6.2858922040e+02   2.9654169983e+02   6.3315703439e+02
   6282.0000000000   6.2873744463e+02   2.9665781835e+02   6.3331407345e+02
   6283.0000000000   6.2888535275e+02   2.9678243443e+02   6.3346955026e+02
   6284.0000000000   6.2904153857e+02   2.9690131543e+02   6.3362398596e+02
   6285.0000000000   6.2919241839e+02   2.9702793970e+02   6.3377761531e+02
   6286.0000000000   6.2934220247e+02   2.9714846202e+02   6.3393057577e+02
   6287.0000000000   6.2949130103e+02   2.9726748592e+02   6.3408295888e+02
   6288.0000000000   6.2963987869e+02   2.9738553643e+02   6.3423483053e+02
   6289.0000000000   6.2978802373e+02   2.9752087930e+02   6.3438624070e+02
   6290.0000000000   6.2994436698e+02   2.9764504596e+02   6.3453722869e+02
   6291.0000000000   6.3009534736e+02   2.9776694853e+02   6.3468782635e+02
   6292.0000000000   6.3024518986e+02   2.9788748593e+02   6.3483806004e+02
   6293.0000000000   6.3039431480e+02   2.9800702813e+02   6.3498795194e+02
   6294.0000000000   6.3056004522e+02   2.9812577698e+02   6.3513752108e+02
   6295.0000000000   6.3071527640e+02   2.9825287736e+02   6.3528678389e+02
   6296.0000000000   6.3086846147e+02   2.9837411716e+02   6.3543575480e+02
   6297.0000000000   6.3102043877e+02   2.9850299171e+02   6.3558444654e+02
   6298.0000000000   6.3117154751e+02   2.9862566966e+02   6.3573287045e+02
   6299.0000000000   6.3132196956e+02   2.9875578345e+02   6.3588103672e+02
   6300.0000000000   6.3147181784e+02   2.9887956750e+02   6.3602895456e+02
   6301.0000000000   6.3162974481e+02   2.9900167346e+02   6.3617663230e+02
   6302.0000000000   6.3179935825e+02   2.9912265848e+02   6.3633309517e+02
   6303.0000000000   6.3195769912e+02   2.9925179361e+02   6.3648405020e+02
   6304.0000000000   6.3211359320e+02   2.9937492741e+02   6.3663391713e+02
   6305.0000000000   6.3226801898e+02   2.9949657203e+02   6.3678312112e+02
   6306.0000000000   6.3242138657e+02   2.9961721775e+02   6.3693183010e+02
   6307.0000000000   6.3258249558e+02   2.9973708087e+02   6.3708013249e+02
   6308.0000000000   6.3273788748e+02   2.9985628712e+02   6.3722808256e+02
   6309.0000000000   6.3289185553e+02   2.9997492041e+02   6.3737571706e+02
   6310.0000000000   6.3304486848e+02   3.0009304154e+02   6.3752306259e+02
   6311.0000000000   6.3319713402e+02   3.0021069702e+02   6.3767013945e+02
   6312.0000000000   6.3334877325e+02   3.0034595904e+02   6.3782598127e+02
   6313.0000000000   6.3349986709e+02   3.0047025794e+02   6.3798531879e+02
   6314.0000000000   6.3365047415e+02   3.0060146325e+02   6.3813827629e+02
   6315.0000000000   6.3380921484e+02   3.0072613501e+02   6.3829871323e+02
   6316.0000000000   6.3397110121e+02   3.0084902994e+02   6.3845291933e+02
   6317.0000000000   6.3412676016e+02   3.0097075012e+02   6.3860556068e+02
   6318.0000000000   6.3428081155e+02   3.0109157130e+02   6.3876621317e+02
   6319.0000000000   6.3443382904e+02   3.0121165406e+02   6.3893886178e+02
   6320.0000000000   6.3458606393e+02   3.0133110420e+02   6.3909946292e+02
   6321.0000000000   6.3474623355e+02   3.0144999698e+02   6.3925735527e+02
   6322.0000000000   6.3490083006e+02   3.0156838887e+02   6.3941360480e+02
   6323.0000000000   6.3506269013e+02   3.0168632398e+02   6.3956866778e+02
   6324.0000000000   6.3522723653e+02   3.0180383777e+02   6.3974083259e+02
   6325.0000000000   6.3539383416e+02   3.0192095947e+02   6.3991067757e+02
   6326.0000000000   6.3555358840e+02   3.0204673122e+02   6.4007284024e+02
   6327.0000000000   6.3571989639e+02   3.0216687401e+02   6.4023265336e+02
   6328.0000000000   6.3587984243e+02   3.0228581928e+02   6.4039994026e+02
   6329.0000000000   6.3604651857e+02   3.0240400212e+02   6.4056979610e+02
   6330.0000000000   6.3620691192e+02   3.0252159893e+02   6.4073255566e+02
   6331.0000000000   6.3636549786e+02   3.0263870551e+02   6.4089319774e+02
   6332.0000000000   6.3652284251e+02   3.0275538255e+02   6.4106142564e+02
   6333.0000000000   6.3668778920e+02   3.0287167245e+02   6.4123228067e+02
   6334.0000000000   6.3684690025e+02   3.0298760683e+02   6.4139606968e+02
   6335.0000000000   6.3700448238e+02   3.0312124563e+02   6.4155775559e+02
   6336.0000000000   6.3716101441e+02   3.0324400894e+02   6.4172703213e+02
   6337.0000000000   6.3732528785e+02   3.0336474009e+02   6.4188991703e+02
   6338.0000000000   6.3748383157e+02   3.0348429172e+02   6.4205101328e+02
   6339.0000000000   6.3764950504e+02   3.0361201849e+02   6.4221086798e+02
   6340.0000000000   6.3780917156e+02   3.0373379781e+02   6.4236973644e+02
   6341.0000000000   6.3796723192e+02   3.0386316911e+02   6.4252777296e+02
   6342.0000000000   6.3812420358e+02   3.0398632471e+02   6.4268508326e+02
   6343.0000000000   6.3828032063e+02   3.0410789285e+02   6.4284174542e+02
   6344.0000000000   6.3844429603e+02   3.0422841574e+02   6.4299781996e+02
   6345.0000000000   6.3860262251e+02   3.0435715391e+02   6.4315335544e+02
   6346.0000000000   6.3875956363e+02   3.0447994801e+02   6.4330839191e+02
   6347.0000000000   6.3891556893e+02   3.0460130396e+02   6.4346296298e+02
   6348.0000000000   6.3907083327e+02   3.0472170698e+02   6.4363513260e+02
   6349.0000000000   6.3922546891e+02   3.0484136911e+02   6.4379632569e+02
   6350.0000000000   6.3937955058e+02   3.0496041248e+02   6.4395539062e+02
   6351.0000000000   6.3953313248e+02   3.0507891787e+02   6.4411318505e+02
   6352.0000000000   6.3969483192e+02   3.0520596095e+02   6.4427005088e+02
   6353.0000000000   6.3985108309e+02   3.0532728586e+02   6.4443518764e+02
   6354.0000000000   6.4000611043e+02   3.0545635836e+02   6.4459440815e+02
   6355.0000000000   6.4016891139e+02   3.0557932607e+02   6.4475220277e+02
   6356.0000000000   6.4032606109e+02   3.0570078830e+02   6.4490904699e+02
   6357.0000000000   6.4048185300e+02   3.0582126758e+02   6.4507416390e+02
   6358.0000000000   6.4063674804e+02   3.0594099302e+02   6.4523337110e+02
   6359.0000000000   6.4079094479e+02   3.0606009518e+02   6.4539115941e+02
   6360.0000000000   6.4095313150e+02   3.0617865915e+02   6.4554800376e+02
   6361.0000000000   6.4110978255e+02   3.0629674527e+02   6.4570410894e+02
   6362.0000000000   6.4126514726e+02   3.0641439878e+02   6.4585959187e+02
   6363.0000000000   6.4141966375e+02   3.0653165508e+02   6.4601452950e+02
   6364.0000000000   6.4157351756e+02   3.0664854271e+02   6.4616897709e+02
   6365.0000000000   6.4173538877e+02   3.0676508531e+02   6.4632297665e+02
   6366.0000000000   6.4189174638e+02   3.0688130279e+02   6.4647656150e+02
   6367.0000000000   6.4204683594e+02   3.0700622984e+02   6.4662975883e+02
   6368.0000000000   6.4220966851e+02   3.0712558131e+02   6.4678259145e+02
   6369.0000000000   6.4236682842e+02   3.0724378357e+02   6.4693507876e+02
   6370.0000000000   6.4252261555e+02   3.0736126738e+02   6.4708723758e+02
   6371.0000000000   6.4267749542e+02   3.0747820551e+02   6.4724810025e+02
   6372.0000000000   6.4283166998e+02   3.0759469056e+02   6.4740337987e+02
   6373.0000000000   6.4298525430e+02   3.0771078047e+02   6.4755750143e+02
   6374.0000000000   6.4313832377e+02   3.0782651522e+02   6.4771089466e+02
   6375.0000000000   6.4329093211e+02   3.0795094188e+02   6.4786373150e+02
   6376.0000000000   6.4344311986e+02   3.0806978331e+02   6.4801610395e+02
   6377.0000000000   6.4360349456e+02   3.0818747115e+02   6.4816806949e+02
   6378.0000000000   6.4375848301e+02   3.0830443979e+02   6.4831966771e+02
   6379.0000000000   6.4391230374e+02   3.0842086445e+02   6.4847092784e+02
   6380.0000000000   6.4406537368e+02   3.0854585705e+02   6.4862187251e+02
   6381.0000000000   6.4422643862e+02   3.0866517673e+02   6.4878153753e+02
   6382.0000000000   6.4438199238e+02   3.0878327759e+02   6.4894465562e+02
   6383.0000000000   6.4453629112e+02   3.0890962646e+02   6.4910135288e+02
   6384.0000000000   6.4468977499e+02   3.0903912654e+02   6.4925647286e+02
   6385.0000000000   6.4485120502e+02   3.0916199300e+02   6.4941060682e+02
   6386.0000000000   6.4500708559e+02   3.0928312313e+02   6.4956400901e+02
   6387.0000000000   6.4516168044e+02   3.0940314363e+02   6.4971681986e+02
   6388.0000000000   6.4531543533e+02   3.0953135118e+02   6.4986912805e+02
   6389.0000000000   6.4547711555e+02   3.0965360447e+02   6.5003001212e+02
   6390.0000000000   6.4564180441e+02   3.0977441929e+02   6.5018521661e+02
   6391.0000000000   6.4580016917e+02   3.0989428658e+02   6.5033918881e+02
   6392.0000000000   6.4595685465e+02   3.1001342179e+02   6.5049237477e+02
   6393.0000000000   6.4612960217e+02   3.1013194913e+02   6.5064495866e+02
   6394.0000000000   6.4630005174e+02   3.1025896820e+02   6.5080605946e+02
   6395.0000000000   6.4646314796e+02   3.1038925541e+02   6.5096144198e+02
   6396.0000000000   6.4662398237e+02   3.1051296859e+02   6.5111556489e+02
   6397.0000000000   6.4678333093e+02   3.1063497524e+02   6.5126888124e+02
   6398.0000000000   6.4694155744e+02   3.1075588535e+02   6.5142157979e+02
   6399.0000000000   6.4710745041e+02   3.1087596808e+02   6.5158278267e+02
   6400.0000000000   6.4728470208e+02   3.1099537606e+02   6.5175629215e+02
   6401.0000000000   6.4745041049e+02   3.1111420802e+02   6.5191796866e+02
   6402.0000000000   6.4761344245e+02   3.1124155096e+02   6.5207709315e+02
   6403.0000000000   6.4778338284e+02   3.1136315657e+02   6.5223469386e+02
   6404.0000000000   6.4794706656e+02   3.1148347827e+02   6.5239120089e+02
   6405.0000000000   6.4810893363e+02   3.1160296741e+02   6.5254684855e+02
   6406.0000000000   6.4826953883e+02   3.1173083036e+02   6.5271080103e+02
   6407.0000000000   6.4843772139e+02   3.1185287255e+02   6.5286885844e+02
   6408.0000000000   6.4860004228e+02   3.1197357561e+02   6.5302550668e+02
   6409.0000000000   6.4876080810e+02   3.1209340727e+02   6.5318122000e+02
   6410.0000000000   6.4892049807e+02   3.1221256656e+02   6.5334522156e+02
   6411.0000000000   6.4907932872e+02   3.1234018320e+02   6.5351234707e+02
   6412.0000000000   6.4924600445e+02   3.1246203019e+02   6.5369082318e+02
   6413.0000000000   6.4940701378e+02   3.1258257267e+02   6.5385693873e+02
   6414.0000000000   6.4956661833e+02   3.1270226891e+02   6.5402014479e+02
   6415.0000000000   6.4972526691e+02   3.1282131200e+02   6.5418155940e+02
   6416.0000000000   6.4988315430e+02   3.1293981013e+02   6.5435068539e+02
   6417.0000000000   6.5004896872e+02   3.1306685107e+02   6.5451349416e+02
   6418.0000000000   6.5020918628e+02   3.1318818465e+02   6.5469260742e+02
   6419.0000000000   6.5037663443e+02   3.1330826167e+02   6.5485996455e+02
   6420.0000000000   6.5053815503e+02   3.1342753085e+02   6.5502464271e+02
   6421.0000000000   6.5069813350e+02   3.1354617852e+02   6.5519664871e+02
   6422.0000000000   6.5086565143e+02   3.1367332548e+02   6.5536211021e+02
   6423.0000000000   6.5102733493e+02   3.1379473814e+02   6.5552568259e+02
   6424.0000000000   6.5118751130e+02   3.1391487661e+02   6.5569695986e+02
   6425.0000000000   6.5134666539e+02   3.1403419524e+02   6.5586191537e+02
   6426.0000000000   6.5150501351e+02   3.1415288397e+02   6.5602512859e+02
   6427.0000000000   6.5166268190e+02   3.1427104839e+02   6.5618713268e+02
   6428.0000000000   6.5181975480e+02   3.1438875658e+02   6.5634817396e+02
   6429.0000000000   6.5198486884e+02   3.1450605651e+02   6.5650840058e+02
   6430.0000000000   6.5215304715e+02   3.1463200177e+02   6.5666791388e+02
   6431.0000000000   6.5231492470e+02   3.1475232057e+02   6.5682678867e+02
   6432.0000000000   6.5247512747e+02   3.1487144902e+02   6.5698508297e+02
   6433.0000000000   6.5263423397e+02   3.1498982527e+02   6.5714284342e+02
   6434.0000000000   6.5279249948e+02   3.1511664533e+02   6.5730010851e+02
   6435.0000000000   6.5295006899e+02   3.1523770631e+02   6.5745691063e+02
   6436.0000000000   6.5311561225e+02   3.1536650062e+02   6.5761327750e+02
   6437.0000000000   6.5327559666e+02   3.1548919038e+02   6.5778726835e+02
   6438.0000000000   6.5343426899e+02   3.1561038312e+02   6.5795932188e+02
   6439.0000000000   6.5359206682e+02   3.1573060615e+02   6.5812398338e+02
   6440.0000000000   6.5374917596e+02   3.1585009134e+02   6.5828652122e+02
   6441.0000000000   6.5390570160e+02   3.1596897077e+02   6.5847474709e+02
   6442.0000000000   6.5406171273e+02   3.1608733034e+02   6.5864610351e+02
   6443.0000000000   6.5422583449e+02   3.1620523066e+02   6.5881402490e+02
   6444.0000000000   6.5438450546e+02   3.1632271697e+02   6.5898891165e+02
   6445.0000000000   6.5454195258e+02   3.1643982446e+02   6.5916605583e+02
   6446.0000000000   6.5469859908e+02   3.1655658135e+02   6.5933588506e+02
   6447.0000000000   6.5485462000e+02   3.1667301085e+02   6.5950342997e+02
   6448.0000000000   6.5501868779e+02   3.1678913245e+02   6.5966940840e+02
   6449.0000000000   6.5517726571e+02   3.1691398033e+02   6.5983416553e+02
   6450.0000000000   6.5533459491e+02   3.1703326889e+02   6.5999791000e+02
   6451.0000000000   6.5549110734e+02   3.1715142397e+02   6.6016078337e+02
   6452.0000000000   6.5564698366e+02   3.1726887589e+02   6.6032288873e+02
   6453.0000000000   6.5581090013e+02   3.1738579692e+02   6.6048430482e+02
   6454.0000000000   6.5596932263e+02   3.1750227922e+02   6.6064509397e+02
   6455.0000000000   6.5612649414e+02   3.1761838030e+02   6.6080530684e+02
   6456.0000000000   6.5628284792e+02   3.1773413970e+02   6.6096498548e+02
   6457.0000000000   6.5643856561e+02   3.1784958649e+02   6.6113318301e+02
   6458.0000000000   6.5659374854e+02   3.1796474311e+02   6.6129562991e+02
   6459.0000000000   6.5674846221e+02   3.1808864515e+02   6.6145676585e+02
   6460.0000000000   6.5691132862e+02   3.1821602502e+02   6.6161703321e+02
   6461.0000000000   6.5706878352e+02   3.1833700853e+02   6.6177661480e+02
   6462.0000000000   6.5722505134e+02   3.1845643894e+02   6.6193561213e+02
   6463.0000000000   6.5738055302e+02   3.1857490717e+02   6.6209409103e+02
   6464.0000000000   6.5754403716e+02   3.1870168472e+02   6.6225209849e+02
   6465.0000000000   6.5771057525e+02   3.1882261172e+02   6.6240967033e+02
   6466.0000000000   6.5787082584e+02   3.1894218980e+02   6.6256683505e+02
   6467.0000000000   6.5802942719e+02   3.1906089878e+02   6.6272361619e+02
   6468.0000000000   6.5818696426e+02   3.1917894524e+02   6.6288003362e+02
   6469.0000000000   6.5834369561e+02   3.1930546367e+02   6.6303610446e+02
   6470.0000000000   6.5849976772e+02   3.1942623009e+02   6.6319184372e+02
   6471.0000000000   6.5865527513e+02   3.1954571150e+02   6.6334726467e+02
   6472.0000000000   6.5881028407e+02   3.1966436729e+02   6.6350237923e+02
   6473.0000000000   6.5896484372e+02   3.1978239113e+02   6.6365719813e+02
   6474.0000000000   6.5911899210e+02   3.1989989145e+02   6.6381173116e+02
   6475.0000000000   6.5927275962e+02   3.2001693841e+02   6.6396598726e+02
   6476.0000000000   6.5942617120e+02   3.2014259924e+02   6.6411997467e+02
   6477.0000000000   6.5957924768e+02   3.2027162876e+02   6.6428271859e+02
   6478.0000000000   6.5973200683e+02   3.2039416943e+02   6.6443992612e+02
   6479.0000000000   6.5988446396e+02   3.2051507728e+02   6.6459601715e+02
   6480.0000000000   6.6003663246e+02   3.2064397098e+02   6.6475141704e+02
   6481.0000000000   6.6018852417e+02   3.2076681265e+02   6.6490629395e+02
   6482.0000000000   6.6034014961e+02   3.2088816242e+02   6.6506975418e+02
   6483.0000000000   6.6049151825e+02   3.2100853348e+02   6.6522755233e+02
   6484.0000000000   6.6064263865e+02   3.2112815359e+02   6.6538413879e+02
   6485.0000000000   6.6079351860e+02   3.2124715428e+02   6.6553995972e+02
   6486.0000000000   6.6094416521e+02   3.2136562217e+02   6.6569519814e+02
   6487.0000000000   6.6109458503e+02   3.2148361908e+02   6.6585897136e+02
   6488.0000000000   6.6124478412e+02   3.2161020914e+02   6.6602605994e+02
   6489.0000000000   6.6139476808e+02   3.2174014640e+02   6.6618662079e+02
   6490.0000000000   6.6154454212e+02   3.2186357360e+02   6.6634551854e+02
   6491.0000000000   6.6170268675e+02   3.2199436512e+02   6.6650335958e+02
   6492.0000000000   6.6185560742e+02   3.2211882297e+02   6.6666942697e+02
   6493.0000000000   6.6200750540e+02   3.2225064118e+02   6.6683858735e+02
   6494.0000000000   6.6215878341e+02   3.2237608682e+02   6.6701006702e+02
   6495.0000000000   6.6230959966e+02   3.2249983050e+02   6.6717446483e+02
   6496.0000000000   6.6246003696e+02   3.2262244103e+02   6.6733682453e+02
   6497.0000000000   6.6262729702e+02   3.2274417935e+02   6.6749784850e+02
   6498.0000000000   6.6279279114e+02   3.2286519893e+02   6.6765786170e+02
   6499.0000000000   6.6295991420e+02   3.2298560195e+02   6.6781705337e+02
   6500.0000000000   6.6312007985e+02   3.2311447938e+02   6.6797554784e+02
   6501.0000000000   6.6327820712e+02   3.2323758671e+02   6.6814245072e+02
   6502.0000000000   6.6343501925e+02   3.2335938080e+02   6.6830352776e+02
   6503.0000000000   6.6360800500e+02   3.2348933361e+02   6.6846324321e+02
   6504.0000000000   6.6377016202e+02   3.2361333661e+02   6.6862205703e+02
   6505.0000000000   6.6393001177e+02   3.2373591080e+02   6.6878016492e+02
   6506.0000000000   6.6408844084e+02   3.2387558094e+02   6.6893767795e+02
   6507.0000000000   6.6424582386e+02   3.2400395975e+02   6.6909466916e+02
   6508.0000000000   6.6441094527e+02   3.2412999529e+02   6.6926020860e+02
   6509.0000000000   6.6457033983e+02   3.2425460570e+02   6.6942003630e+02
   6510.0000000000   6.6472829803e+02   3.2437817270e+02   6.6957859731e+02
   6511.0000000000   6.6488528770e+02   3.2450090590e+02   6.6973633681e+02
   6512.0000000000   6.6504151652e+02   3.2462293822e+02   6.6989343895e+02
   6513.0000000000   6.6519710607e+02   3.2474436168e+02   6.7005000560e+02
   6514.0000000000   6.6535213792e+02   3.2487426161e+02   6.7020610231e+02
   6515.0000000000   6.6550667139e+02   3.2499839011e+02   6.7036177541e+02
   6516.0000000000   6.6566075202e+02   3.2512120186e+02   6.7051705978e+02
   6517.0000000000   6.6581441604e+02   3.2524314980e+02   6.7067198289e+02
   6518.0000000000   6.6597626876e+02   3.2536442444e+02   6.7082656708e+02
   6519.0000000000   6.6616703840e+02   3.2548513284e+02   6.7098083101e+02
   6520.0000000000   6.6633654659e+02   3.2560534495e+02   6.7113479060e+02
   6521.0000000000   6.6650199823e+02   3.2572511078e+02   6.7129747718e+02
   6522.0000000000   6.6666515827e+02   3.2584446836e+02   6.7145460288e+02
   6523.0000000000   6.6682673762e+02   3.2596344786e+02   6.7161059168e+02
   6524.0000000000   6.6698711256e+02   3.2608207397e+02   6.7177489000e+02
   6525.0000000000   6.6714651307e+02   3.2620036740e+02   6.7193336889e+02
   6526.0000000000   6.6730509312e+02   3.2631834584e+02   6.7209053278e+02
   6527.0000000000   6.6746296250e+02   3.2644504225e+02   6.7224685755e+02
   6528.0000000000   6.6762020322e+02   3.2656617013e+02   6.7240254441e+02
   6529.0000000000   6.6777687881e+02   3.2669517234e+02   6.7255770513e+02
   6530.0000000000   6.6793303986e+02   3.2681817884e+02   6.7271241113e+02
   6531.0000000000   6.6808872762e+02   3.2693977496e+02   6.7286671221e+02
   6532.0000000000   6.6824397636e+02   3.2706948957e+02   6.7302064523e+02
   6533.0000000000   6.6840739064e+02   3.2719324255e+02   6.7318325629e+02
   6534.0000000000   6.6856539609e+02   3.2731557007e+02   6.7334928579e+02
   6535.0000000000   6.6872221115e+02   3.2743696999e+02   6.7350886577e+02
   6536.0000000000   6.6888682887e+02   3.2755765949e+02   6.7366684443e+02
   6537.0000000000   6.6904582108e+02   3.2767776237e+02   6.7382381676e+02
   6538.0000000000   6.6920347870e+02   3.2779735941e+02   6.7398003999e+02
   6539.0000000000   6.6936026062e+02   3.2791650783e+02   6.7413565705e+02
   6540.0000000000   6.6951636377e+02   3.2803525050e+02   6.7429075865e+02
   6541.0000000000   6.6967189941e+02   3.2815362089e+02   6.7444540745e+02
   6542.0000000000   6.6983551552e+02   3.2827164593e+02   6.7459964942e+02
   6543.0000000000   6.6999366431e+02   3.2840738302e+02   6.7477155493e+02
   6544.0000000000   6.7015058139e+02   3.2853225090e+02   6.7493255192e+02
   6545.0000000000   6.7030669577e+02   3.2865509213e+02   6.7509148968e+02
   6546.0000000000   6.7046218647e+02   3.2877675900e+02   6.7524922551e+02
   6547.0000000000   6.7061715315e+02   3.2890660597e+02   6.7540610013e+02
   6548.0000000000   6.7077166020e+02   3.2903952798e+02   6.7556229382e+02
   6549.0000000000   6.7092575323e+02   3.2916574689e+02   6.7571791747e+02
   6550.0000000000   6.7107946662e+02   3.2929016831e+02   6.7588206366e+02
   6551.0000000000   6.7123282741e+02   3.2941342643e+02   6.7604048652e+02
   6552.0000000000   6.7139443325e+02   3.2953580665e+02   6.7619764031e+02
   6553.0000000000   6.7155070339e+02   3.2965747286e+02   6.7636299401e+02
   6554.0000000000   6.7171442607e+02   3.2977853189e+02   6.7652243597e+02
   6555.0000000000   6.7187241437e+02   3.2990807673e+02   6.7668048426e+02
   6556.0000000000   6.7202903156e+02   3.3004088116e+02   6.7683762561e+02
   6557.0000000000   6.7219334163e+02   3.3016710208e+02   6.7700308769e+02
   6558.0000000000   6.7235195632e+02   3.3030062446e+02   6.7716268960e+02
   6559.0000000000   6.7250919096e+02   3.3042775844e+02   6.7732092214e+02
   6560.0000000000   6.7266552023e+02   3.3055318684e+02   6.7747825946e+02
   6561.0000000000   6.7282115174e+02   3.3068649949e+02   6.7763490517e+02
   6562.0000000000   6.7298477978e+02   3.3081365793e+02   6.7779097479e+02
   6563.0000000000   6.7314288281e+02   3.3093922857e+02   6.7794654384e+02
   6564.0000000000   6.7329971295e+02   3.3107274975e+02   6.7810166605e+02
   6565.0000000000   6.7345571024e+02   3.3120917416e+02   6.7826539955e+02
   6566.0000000000   6.7361106147e+02   3.3133875331e+02   6.7843249383e+02
   6567.0000000000   6.7376587193e+02   3.3147542978e+02   6.7859308801e+02
   6568.0000000000   6.7392878584e+02   3.3160555218e+02   6.7875203603e+02
   6569.0000000000   6.7408625291e+02   3.3173383056e+02   6.7890993760e+02
   6570.0000000000   6.7424250696e+02   3.3186085734e+02   6.7906705395e+02
   6571.0000000000   6.7439797566e+02   3.3198690955e+02   6.7923254896e+02
   6572.0000000000   6.7455283696e+02   3.3211215256e+02   6.7939221630e+02
   6573.0000000000   6.7470718964e+02   3.3224571537e+02   6.7955053448e+02
   6574.0000000000   6.7486109736e+02   3.3238239644e+02   6.7971698849e+02
   6575.0000000000   6.7501460508e+02   3.3251237077e+02   6.7987747789e+02
   6576.0000000000   6.7516774658e+02   3.3264051966e+02   6.8003652892e+02
   6577.0000000000   6.7532054839e+02   3.3276746437e+02   6.8019463449e+02
   6578.0000000000   6.7547303202e+02   3.3289348351e+02   6.8035200951e+02
   6579.0000000000   6.7562521538e+02   3.3301873771e+02   6.8050877687e+02
   6580.0000000000   6.7577711368e+02   3.3314333260e+02   6.8067403481e+02
   6581.0000000000   6.7592874004e+02   3.3326734358e+02   6.8083354090e+02
   6582.0000000000   6.7608010592e+02   3.3339082758e+02   6.8099175183e+02
   6583.0000000000   6.7623122147e+02   3.3351382935e+02   6.8114912093e+02
   6584.0000000000   6.7638209575e+02   3.3363638517e+02   6.8130583822e+02
   6585.0000000000   6.7653273689e+02   3.3375852517e+02   6.8146200987e+02
   6586.0000000000   6.7668315230e+02   3.3388027482e+02   6.8161770474e+02
   6587.0000000000   6.7683334869e+02   3.3400165601e+02   6.8177297169e+02
   6588.0000000000   6.7698333226e+02   3.3412268780e+02   6.8192784759e+02
   6589.0000000000   6.7713310868e+02   3.3424338695e+02   6.8208236145e+02
   6590.0000000000   6.7728268323e+02   3.3437278593e+02   6.8223653687e+02
   6591.0000000000   6.7743206081e+02   3.3449659810e+02   6.8239039353e+02
   6592.0000000000   6.7758124596e+02   3.3461924876e+02   6.8254394814e+02
   6593.0000000000   6.7773024297e+02   3.3474116802e+02   6.8269721514e+02
   6594.0000000000   6.7787905583e+02   3.3487154577e+02   6.8285922472e+02
   6595.0000000000   6.7802768831e+02   3.3499617442e+02   6.8302470568e+02
   6596.0000000000   6.7817614396e+02   3.3511952510e+02   6.8318378129e+02
   6597.0000000000   6.7834157740e+02   3.3525107459e+02   6.8334129301e+02
   6598.0000000000   6.7850536920e+02   3.3537671485e+02   6.8349783056e+02
   6599.0000000000   6.7866231726e+02   3.3550096543e+02   6.8365364697e+02
   6600.0000000000   6.7881741879e+02   3.3562431355e+02   6.8380888177e+02
   6601.0000000000   6.7897138401e+02   3.3574696919e+02   6.8396362288e+02
   6602.0000000000   6.7912452835e+02   3.3586905109e+02   6.8411793071e+02
   6603.0000000000   6.7928560320e+02   3.3599063632e+02   6.8427184926e+02
   6604.0000000000   6.7944969583e+02   3.3611177934e+02   6.8442541215e+02
   6605.0000000000   6.7960747962e+02   3.3623252090e+02   6.8457864587e+02
   6606.0000000000   6.7976360474e+02   3.3635289282e+02   6.8474058956e+02
   6607.0000000000   6.7991866526e+02   3.3647292074e+02   6.8489696108e+02
   6608.0000000000   6.8007292671e+02   3.3659262583e+02   6.8506120643e+02
   6609.0000000000   6.8023511647e+02   3.3671202593e+02   6.8521945782e+02
   6610.0000000000   6.8039173393e+02   3.3683113635e+02   6.8537630220e+02
   6611.0000000000   6.8054704538e+02   3.3694997037e+02   6.8553225199e+02
   6612.0000000000   6.8071865217e+02   3.3706853965e+02   6.8568752785e+02
   6613.0000000000   6.8088812589e+02   3.3718685458e+02   6.8584225320e+02
   6614.0000000000   6.8105037228e+02   3.3730492443e+02   6.8599650701e+02
   6615.0000000000   6.8121045857e+02   3.3742275757e+02   6.8615034431e+02
   6616.0000000000   6.8137772008e+02   3.3754036162e+02   6.8630380571e+02
   6617.0000000000   6.8153890998e+02   3.3765774352e+02   6.8645692251e+02
   6618.0000000000   6.8169842968e+02   3.3777490966e+02   6.8660971965e+02
   6619.0000000000   6.8185681144e+02   3.3790990111e+02   6.8676221750e+02
   6620.0000000000   6.8201430387e+02   3.3803412338e+02   6.8691443307e+02
   6621.0000000000   6.8217105620e+02   3.3815640815e+02   6.8706638083e+02
   6622.0000000000   6.8232716959e+02   3.3828661616e+02   6.8721807322e+02
   6623.0000000000   6.8248271782e+02   3.3841077664e+02   6.8736952113e+02
   6624.0000000000   6.8263775733e+02   3.3853347360e+02   6.8752073414e+02
   6625.0000000000   6.8280090853e+02   3.3865522912e+02   6.8767172079e+02
   6626.0000000000   6.8296718434e+02   3.3877627375e+02   6.8783150634e+02
   6627.0000000000   6.8312721293e+02   3.3889673903e+02   6.8798579774e+02
   6628.0000000000   6.8328561557e+02   3.3901671035e+02   6.8813901458e+02
   6629.0000000000   6.8344296727e+02   3.3913624772e+02   6.8830059943e+02
   6630.0000000000   6.8359952069e+02   3.3925539563e+02   6.8845641998e+02
   6631.0000000000   6.8375541875e+02   3.3938320604e+02   6.8861097771e+02
   6632.0000000000   6.8391932951e+02   3.3950540633e+02   6.8876474583e+02
   6633.0000000000   6.8407771894e+02   3.3963544972e+02   6.8891792316e+02
   6634.0000000000   6.8424340823e+02   3.3975947404e+02   6.8907963691e+02
   6635.0000000000   6.8440323477e+02   3.3988207070e+02   6.8924467415e+02
   6636.0000000000   6.8456158042e+02   3.4000375569e+02   6.8941221380e+02
   6637.0000000000   6.8471894814e+02   3.4013377021e+02   6.8958184120e+02
   6638.0000000000   6.8488413619e+02   3.4025794010e+02   6.8974427826e+02
   6639.0000000000   6.8504367337e+02   3.4038075968e+02   6.8990462452e+02
   6640.0000000000   6.8520184074e+02   3.4052074004e+02   6.9006361174e+02
   6641.0000000000   6.8535909689e+02   3.4064948567e+02   6.9022158173e+02
   6642.0000000000   6.8551564145e+02   3.4077593898e+02   6.9037873413e+02
   6643.0000000000   6.8567158912e+02   3.4090101385e+02   6.9053519986e+02
   6644.0000000000   6.8583559133e+02   3.4102508856e+02   6.9069107132e+02
   6645.0000000000   6.8599410349e+02   3.4114836987e+02   6.9085543472e+02
   6646.0000000000   6.8615136405e+02   3.4127098815e+02   6.9101404303e+02
   6647.0000000000   6.8630780450e+02   3.4139303327e+02   6.9117135161e+02
   6648.0000000000   6.8646360607e+02   3.4151457095e+02   6.9133683148e+02
   6649.0000000000   6.8661887029e+02   3.4163565147e+02   6.9149637340e+02
   6650.0000000000   6.8677366325e+02   3.4175631458e+02   6.9166351544e+02
   6651.0000000000   6.8692803200e+02   3.4187659250e+02   6.9182444673e+02
   6652.0000000000   6.8708201220e+02   3.4199651195e+02   6.9198379282e+02
   6653.0000000000   6.8723563202e+02   3.4211609545e+02   6.9214209400e+02
   6654.0000000000   6.8738891447e+02   3.4223536227e+02   6.9229959197e+02
   6655.0000000000   6.8755045441e+02   3.4236334667e+02   6.9245642662e+02
   6656.0000000000   6.8770666915e+02   3.4248576327e+02   6.9261269012e+02
   6657.0000000000   6.8786176989e+02   3.4260703827e+02   6.9277746591e+02
   6658.0000000000   6.8801616778e+02   3.4273661995e+02   6.9293650364e+02
   6659.0000000000   6.8817002829e+02   3.4286939860e+02   6.9309425553e+02
   6660.0000000000   6.8832344050e+02   3.4299558010e+02   6.9325117225e+02
   6661.0000000000   6.8847646040e+02   3.4312005489e+02   6.9340744218e+02
   6662.0000000000   6.8862912672e+02   3.4326147965e+02   6.9356317051e+02
   6663.0000000000   6.8878146815e+02   3.4339152952e+02   6.9371842549e+02
   6664.0000000000   6.8893350700e+02   3.4351918665e+02   6.9387325562e+02
   6665.0000000000   6.8908526121e+02   3.4364538947e+02   6.9402769754e+02
   6666.0000000000   6.8923674567e+02   3.4377955006e+02   6.9419079776e+02
   6667.0000000000   6.8939654863e+02   3.4390758647e+02   6.9434827988e+02
   6668.0000000000   6.8955108186e+02   3.4403405053e+02   6.9450457688e+02
   6669.0000000000   6.8970455188e+02   3.4416847498e+02   6.9466012471e+02
   6670.0000000000   6.8985736581e+02   3.4430581023e+02   6.9481510024e+02
   6671.0000000000   6.9000968562e+02   3.4443630682e+02   6.9496959943e+02
   6672.0000000000   6.9017017297e+02   3.4456488942e+02   6.9513270057e+02
   6673.0000000000   6.9033385761e+02   3.4470122409e+02   6.9529014593e+02
   6674.0000000000   6.9049137377e+02   3.4483130758e+02   6.9545539784e+02
   6675.0000000000   6.9065591928e+02   3.4495972645e+02   6.9561460000e+02
   6676.0000000000   6.9081446843e+02   3.4508701459e+02   6.9578136544e+02
   6677.0000000000   6.9097146805e+02   3.4521341645e+02   6.9594191307e+02
   6678.0000000000   6.9112745633e+02   3.4534809485e+02   6.9610088193e+02
   6679.0000000000   6.9128267655e+02   3.4547684788e+02   6.9625881873e+02
   6680.0000000000   6.9143726940e+02   3.4560416030e+02   6.9641596816e+02
   6681.0000000000   6.9159990264e+02   3.4573050615e+02   6.9657247132e+02
   6682.0000000000   6.9175704234e+02   3.4585609139e+02   6.9672842064e+02
   6683.0000000000   6.9191293410e+02   3.4599005252e+02   6.9688388168e+02
   6684.0000000000   6.9206801427e+02   3.4611816880e+02   6.9703890351e+02
   6685.0000000000   6.9222246737e+02   3.4625392861e+02   6.9719352435e+02
   6686.0000000000   6.9237639725e+02   3.4638349536e+02   6.9734777487e+02
   6687.0000000000   6.9252987149e+02   3.4651147999e+02   6.9750168027e+02
   6688.0000000000   6.9268293819e+02   3.4663841400e+02   6.9765526171e+02
   6689.0000000000   6.9284420925e+02   3.4677355122e+02   6.9781755476e+02
   6690.0000000000   6.9300011410e+02   3.4690272807e+02   6.9797427501e+02
   6691.0000000000   6.9315487289e+02   3.4703946542e+02   6.9812984932e+02
   6692.0000000000   6.9330890353e+02   3.4717896453e+02   6.9829372647e+02
   6693.0000000000   6.9346237677e+02   3.4731154993e+02   6.9845177953e+02
   6694.0000000000   6.9361538582e+02   3.4744217587e+02   6.9860851463e+02
   6695.0000000000   6.9377656559e+02   3.4757150469e+02   6.9876440907e+02
   6696.0000000000   6.9393235839e+02   3.4769984030e+02   6.9891966529e+02
   6697.0000000000   6.9408699209e+02   3.4782735993e+02   6.9907439611e+02
   6698.0000000000   6.9424088945e+02   3.4795418058e+02   6.9923769145e+02
   6699.0000000000   6.9439422434e+02   3.4808038576e+02   6.9939530192e+02
   6700.0000000000   6.9454709210e+02   3.4820603835e+02   6.9956971353e+02
   6701.0000000000   6.9469955342e+02   3.4833118758e+02   6.9973277464e+02
   6702.0000000000   6.9485165074e+02   3.4845587315e+02   6.9989349753e+02
   6703.0000000000   6.9500341561e+02   3.4858914546e+02   7.0005282306e+02
   6704.0000000000   6.9515487260e+02   3.4871673211e+02   7.0021114153e+02
   6705.0000000000   6.9531461716e+02   3.4884307002e+02   7.0037768305e+02
   6706.0000000000   6.9546906653e+02   3.4897761642e+02   7.0053828086e+02
   6707.0000000000   6.9563100718e+02   3.4910625161e+02   7.0069743946e+02
   6708.0000000000   6.9579582614e+02   3.4923348801e+02   7.0085564438e+02
   6709.0000000000   6.9595428609e+02   3.4935980842e+02   7.0102212600e+02
   6710.0000000000   6.9611107099e+02   3.4948542011e+02   7.0118270726e+02
   6711.0000000000   6.9626678910e+02   3.4961044023e+02   7.0134188297e+02
   6712.0000000000   6.9642171197e+02   3.4974396255e+02   7.0150013100e+02
   6713.0000000000   6.9657599373e+02   3.4987174114e+02   7.0166667593e+02
   6714.0000000000   6.9673830921e+02   3.4999823002e+02   7.0182733630e+02
   6715.0000000000   6.9689512845e+02   3.5013289792e+02   7.0198660357e+02
   6716.0000000000   6.9705069937e+02   3.5027065078e+02   7.0214495304e+02
   6717.0000000000   6.9720545976e+02   3.5041072435e+02   7.0230258968e+02
   6718.0000000000   6.9735959504e+02   3.5054371893e+02   7.0245963047e+02
   6719.0000000000   6.9751320959e+02   3.5067467742e+02   7.0262516989e+02
   6720.0000000000   6.9766637139e+02   3.5080430086e+02   7.0278496307e+02
   6721.0000000000   6.9783627998e+02   3.5093291286e+02   7.0294346510e+02
   6722.0000000000   6.9799577354e+02   3.5106070160e+02   7.0310112824e+02
   6723.0000000000   6.9816185033e+02   3.5119680810e+02   7.0325814176e+02
   6724.0000000000   6.9833030739e+02   3.5133603737e+02   7.0341461137e+02
   6725.0000000000   6.9849207069e+02   3.5146856798e+02   7.0357060559e+02
   6726.0000000000   6.9865191059e+02   3.5159928312e+02   7.0372617307e+02
   6727.0000000000   6.9881048829e+02   3.5172880491e+02   7.0388135056e+02
   6728.0000000000   6.9897668655e+02   3.5185741226e+02   7.0403616701e+02
   6729.0000000000   6.9914566142e+02   3.5198526569e+02   7.0419064601e+02
   6730.0000000000   6.9930812906e+02   3.5211247054e+02   7.0434480723e+02
   6731.0000000000   6.9946876901e+02   3.5223910176e+02   7.0449866741e+02
   6732.0000000000   6.9962819707e+02   3.5236521577e+02   7.0465224102e+02
   6733.0000000000   6.9978669551e+02   3.5249085678e+02   7.0481455833e+02
   6734.0000000000   6.9994442948e+02   3.5261606053e+02   7.0497133059e+02
   6735.0000000000   7.0010150853e+02   3.5274085657e+02   7.0512698111e+02
   6736.0000000000   7.0026658680e+02   3.5286526986e+02   7.0528193812e+02
   6737.0000000000   7.0042612450e+02   3.5298932177e+02   7.0543637219e+02
   6738.0000000000   7.0058436516e+02   3.5311303088e+02   7.0559037403e+02
   6739.0000000000   7.0074174508e+02   3.5323641346e+02   7.0575301756e+02
   6740.0000000000   7.0089844974e+02   3.5336850157e+02   7.0591905891e+02
   6741.0000000000   7.0105458451e+02   3.5350402573e+02   7.0607863962e+02
   6742.0000000000   7.0121879441e+02   3.5363311088e+02   7.0623661390e+02
   6743.0000000000   7.0137753032e+02   3.5376060007e+02   7.0639358069e+02
   6744.0000000000   7.0154360307e+02   3.5388708446e+02   7.0654979992e+02
   6745.0000000000   7.0170384264e+02   3.5401281850e+02   7.0670541632e+02
   6746.0000000000   7.0186262546e+02   3.5414696059e+02   7.0686052193e+02
   6747.0000000000   7.0202045038e+02   3.5427529992e+02   7.0701518033e+02
   6748.0000000000   7.0217753684e+02   3.5440231131e+02   7.0716943815e+02
   6749.0000000000   7.0233401031e+02   3.5452845910e+02   7.0732333107e+02
   6750.0000000000   7.0248995283e+02   3.5465394026e+02   7.0747688732e+02
   6751.0000000000   7.0264542273e+02   3.5477886555e+02   7.0763012985e+02
   6752.0000000000   7.0280046391e+02   3.5490330685e+02   7.0778307771e+02
   6753.0000000000   7.0295511078e+02   3.5502731511e+02   7.0793574701e+02
   6754.0000000000   7.0310939121e+02   3.5515994622e+02   7.0809716915e+02
   6755.0000000000   7.0327190390e+02   3.5528693022e+02   7.0825305615e+02
   6756.0000000000   7.0342906927e+02   3.5541270474e+02   7.0841684947e+02
   6757.0000000000   7.0358510109e+02   3.5554672673e+02   7.0857467768e+02
   6758.0000000000   7.0374041262e+02   3.5568389327e+02   7.0873112483e+02
   6759.0000000000   7.0389517116e+02   3.5581441564e+02   7.0888670095e+02
   6760.0000000000   7.0404946731e+02   3.5594318863e+02   7.0904162472e+02
   6761.0000000000   7.0420335838e+02   3.5607083733e+02   7.0920503547e+02
   6762.0000000000   7.0435688424e+02   3.5619763986e+02   7.0936271079e+02
   6763.0000000000   7.0451007460e+02   3.5632375427e+02   7.0951911779e+02
   6764.0000000000   7.0466295262e+02   3.5644928274e+02   7.0967471524e+02
   6765.0000000000   7.0481553705e+02   3.5657429686e+02   7.0983871348e+02
   6766.0000000000   7.0496784347e+02   3.5669884975e+02   7.0999691995e+02
   6767.0000000000   7.0511988511e+02   3.5682298241e+02   7.1015381707e+02
   6768.0000000000   7.0527167341e+02   3.5695574516e+02   7.1030987265e+02
   6769.0000000000   7.0543179405e+02   3.5709188241e+02   7.1046528536e+02
   6770.0000000000   7.0558665681e+02   3.5722152982e+02   7.1062016670e+02
   6771.0000000000   7.0574046665e+02   3.5734953888e+02   7.1077458886e+02
   6772.0000000000   7.0589362945e+02   3.5747650755e+02   7.1092860280e+02
   6773.0000000000   7.0605488181e+02   3.5760269573e+02   7.1108224665e+02
   6774.0000000000   7.0621070982e+02   3.5772824873e+02   7.1123555018e+02
   6775.0000000000   7.0636536304e+02   3.5785325940e+02   7.1140657256e+02
   6776.0000000000   7.0652785154e+02   3.5798680997e+02   7.1156673364e+02
   6777.0000000000   7.0669333228e+02   3.5811464816e+02   7.1173389428e+02
   6778.0000000000   7.0685250227e+02   3.5825024167e+02   7.1189460719e+02
   6779.0000000000   7.0702717132e+02   3.5837973907e+02   7.1205362282e+02
   6780.0000000000   7.0719073793e+02   3.5850774008e+02   7.1221153776e+02
   6781.0000000000   7.0735186189e+02   3.5863476727e+02   7.1238665816e+02
   6782.0000000000   7.0751149157e+02   3.5877006716e+02   7.1255054037e+02
   6783.0000000000   7.0767003333e+02   3.5890848765e+02   7.1272113058e+02
   6784.0000000000   7.0782771372e+02   3.5904022682e+02   7.1288503906e+02
   6785.0000000000   7.0798467721e+02   3.5917017712e+02   7.1304705726e+02
   6786.0000000000   7.0814102387e+02   3.5929896497e+02   7.1320781221e+02
   6787.0000000000   7.0829682711e+02   3.5942687102e+02   7.1336759810e+02
   6788.0000000000   7.0845214302e+02   3.5955405618e+02   7.1352658954e+02
   6789.0000000000   7.0860701586e+02   3.5968062539e+02   7.1368490315e+02
   6790.0000000000   7.0876148144e+02   3.5980665283e+02   7.1384262270e+02
   6791.0000000000   7.0892414498e+02   3.5993219391e+02   7.1399981145e+02
   6792.0000000000   7.0908143219e+02   3.6006630935e+02   7.1415651898e+02
   6793.0000000000   7.0923756127e+02   3.6019473377e+02   7.1431278519e+02
   6794.0000000000   7.0940152476e+02   3.6032190890e+02   7.1446864297e+02
   6795.0000000000   7.0955989390e+02   3.6044827782e+02   7.1463313749e+02
   6796.0000000000   7.0971695889e+02   3.6057402322e+02   7.1479199226e+02
   6797.0000000000   7.0988175351e+02   3.6069924592e+02   7.1494964081e+02
   6798.0000000000   7.1004087482e+02   3.6082401073e+02   7.1510652002e+02
   6799.0000000000   7.1019863031e+02   3.6095738100e+02   7.1526280779e+02
   6800.0000000000   7.1035549024e+02   3.6108509119e+02   7.1542761877e+02
   6801.0000000000   7.1052023523e+02   3.6121158171e+02   7.1558671476e+02
   6802.0000000000   7.1067938325e+02   3.6133729382e+02   7.1574455239e+02
   6803.0000000000   7.1083720800e+02   3.6146240832e+02   7.1590158326e+02
   6804.0000000000   7.1099416270e+02   3.6158702416e+02   7.1605799518e+02
   6805.0000000000   7.1115044288e+02   3.6172923959e+02   7.1623192724e+02
   6806.0000000000   7.1131473558e+02   3.6186049879e+02   7.1639484616e+02
   6807.0000000000   7.1147351481e+02   3.6198966133e+02   7.1656464301e+02
   6808.0000000000   7.1163102978e+02   3.6211759138e+02   7.1672789131e+02
   6809.0000000000   7.1178771870e+02   3.6225365214e+02   7.1688935654e+02
   6810.0000000000   7.1194376712e+02   3.6239274508e+02   7.1704964663e+02
   6811.0000000000   7.1211643079e+02   3.6252509716e+02   7.1721805889e+02
   6812.0000000000   7.1227857955e+02   3.6265561804e+02   7.1738045667e+02
   6813.0000000000   7.1244723153e+02   3.6278494516e+02   7.1754136093e+02
   6814.0000000000   7.1260962158e+02   3.6291336661e+02   7.1770126743e+02
   6815.0000000000   7.1277886005e+02   3.6304104851e+02   7.1786039589e+02
   6816.0000000000   7.1294192838e+02   3.6316809958e+02   7.1802789183e+02
   6817.0000000000   7.1310329166e+02   3.6329459685e+02   7.1819855813e+02
   6818.0000000000   7.1326350569e+02   3.6342059788e+02   7.1836256974e+02
   6819.0000000000   7.1342282888e+02   3.6354614746e+02   7.1853382377e+02
   6820.0000000000   7.1358141463e+02   3.6367128150e+02   7.1869863906e+02
   6821.0000000000   7.1373936577e+02   3.6379602952e+02   7.1887072249e+02
   6822.0000000000   7.1389675651e+02   3.6392041620e+02   7.1903635134e+02
   6823.0000000000   7.1406221883e+02   3.6404446258e+02   7.1920922203e+02
   6824.0000000000   7.1422219798e+02   3.6416818679e+02   7.1938462775e+02
   6825.0000000000   7.1438092686e+02   3.6429160464e+02   7.1955294846e+02
   6826.0000000000   7.1453883387e+02   3.6442374766e+02   7.1971917494e+02
   6827.0000000000   7.1469609849e+02   3.6455032827e+02   7.1988399509e+02
   6828.0000000000   7.1485282135e+02   3.6467577087e+02   7.2004773153e+02
   6829.0000000000   7.1500906806e+02   3.6480050467e+02   7.2021057562e+02
   6830.0000000000   7.1517346115e+02   3.6492470112e+02   7.2037265537e+02
   6831.0000000000   7.1533243717e+02   3.6504845178e+02   7.2053406303e+02
   6832.0000000000   7.1549022140e+02   3.6517181369e+02   7.2069486853e+02
   6833.0000000000   7.1565581133e+02   3.6529482607e+02   7.2085512690e+02
   6834.0000000000   7.1581578171e+02   3.6541751775e+02   7.2101488267e+02
   6835.0000000000   7.1597442539e+02   3.6553991101e+02   7.2117417268e+02
   6836.0000000000   7.1613220252e+02   3.6566202372e+02   7.2133302796e+02
   6837.0000000000   7.1628931088e+02   3.6578387063e+02   7.2149147506e+02
   6838.0000000000   7.1644586226e+02   3.6590546420e+02   7.2164953696e+02
   6839.0000000000   7.1660192930e+02   3.6602681516e+02   7.2180723376e+02
   6840.0000000000   7.1675756351e+02   3.6615695046e+02   7.2196458322e+02
   6841.0000000000   7.1691280355e+02   3.6628157843e+02   7.2212160114e+02
   6842.0000000000   7.1706767975e+02   3.6640511977e+02   7.2228731931e+02
   6843.0000000000   7.1722221665e+02   3.6652800038e+02   7.2244745052e+02
   6844.0000000000   7.1737643458e+02   3.6665038871e+02   7.2260641968e+02
   6845.0000000000   7.1753035078e+02   3.6677237362e+02   7.2276465657e+02
   6846.0000000000   7.1769255568e+02   3.6689400968e+02   7.2292233327e+02
   6847.0000000000   7.1784946308e+02   3.6701533386e+02   7.2307954195e+02
   6848.0000000000   7.1801385699e+02   3.6713637296e+02   7.2323634032e+02
   6849.0000000000   7.1817254710e+02   3.6725714738e+02   7.2339276823e+02
   6850.0000000000   7.1832989393e+02   3.6738669086e+02   7.2354885513e+02
   6851.0000000000   7.1848638356e+02   3.6751973418e+02   7.2370462395e+02
   6852.0000000000   7.1864222496e+02   3.6764640169e+02   7.2386009313e+02
   6853.0000000000   7.1879753481e+02   3.6777153526e+02   7.2402429562e+02
   6854.0000000000   7.1895238776e+02   3.6789572461e+02   7.2418294446e+02
   6855.0000000000   7.1910683579e+02   3.6801922252e+02   7.2434046422e+02
   6856.0000000000   7.1927806854e+02   3.6814216807e+02   7.2449728401e+02
   6857.0000000000   7.1943891740e+02   3.6826464865e+02   7.2465357500e+02
   6858.0000000000   7.1960637562e+02   3.6838672402e+02   7.2482746354e+02
   6859.0000000000   7.1976766076e+02   3.6850843756e+02   7.2500844148e+02
   6860.0000000000   7.1992729487e+02   3.6864785734e+02   7.2517677424e+02
   6861.0000000000   7.2009442440e+02   3.6878542686e+02   7.2534215521e+02
   6862.0000000000   7.2025571066e+02   3.6891569357e+02   7.2550576941e+02
   6863.0000000000   7.2041550159e+02   3.6904392638e+02   7.2567714316e+02
   6864.0000000000   7.2057429471e+02   3.6917088373e+02   7.2584225633e+02
   6865.0000000000   7.2073231431e+02   3.6929690686e+02   7.2600569769e+02
   6866.0000000000   7.2088969171e+02   3.6942218866e+02   7.2616800605e+02
   6867.0000000000   7.2104651434e+02   3.6954685240e+02   7.2633844777e+02
   6868.0000000000   7.2120284515e+02   3.6968000093e+02   7.2650287134e+02
   6869.0000000000   7.2136730749e+02   3.6980739661e+02   7.2666579035e+02
   6870.0000000000   7.2152633981e+02   3.6993350027e+02   7.2682769700e+02
   6871.0000000000   7.2168416953e+02   3.7005876852e+02   7.2698880939e+02
   6872.0000000000   7.2184122052e+02   3.7019241154e+02   7.2714925489e+02
   6873.0000000000   7.2199766847e+02   3.7032023753e+02   7.2730911884e+02
   6874.0000000000   7.2216218639e+02   3.7044673017e+02   7.2746846321e+02
   6875.0000000000   7.2232123799e+02   3.7057235870e+02   7.2762733551e+02
   6876.0000000000   7.2247906476e+02   3.7069732325e+02   7.2778577358e+02
   6877.0000000000   7.2263609887e+02   3.7083075436e+02   7.2795282595e+02
   6878.0000000000   7.2279252117e+02   3.7095842562e+02   7.2811421856e+02
   6879.0000000000   7.2294843233e+02   3.7109382018e+02   7.2827438674e+02
   6880.0000000000   7.2310389736e+02   3.7122309661e+02   7.2843376875e+02
   6881.0000000000   7.2326753782e+02   3.7135987905e+02   7.2859254357e+02
   6882.0000000000   7.2342578910e+02   3.7149941264e+02   7.2875080914e+02
   6883.0000000000   7.2358287529e+02   3.7163204328e+02   7.2890862798e+02
   6884.0000000000   7.2373921701e+02   3.7176273654e+02   7.2906604401e+02
   6885.0000000000   7.2390356258e+02   3.7189216094e+02   7.2922309019e+02
   6886.0000000000   7.2406240758e+02   3.7202062377e+02   7.2937979237e+02
   6887.0000000000   7.2422000942e+02   3.7215732160e+02   7.2954518922e+02
   6888.0000000000   7.2437680908e+02   3.7228807226e+02   7.2970499831e+02
   6889.0000000000   7.2453299260e+02   3.7241737276e+02   7.2986364794e+02
   6890.0000000000   7.2468866389e+02   3.7254570497e+02   7.3002157028e+02
   6891.0000000000   7.2484388996e+02   3.7267328007e+02   7.3017893913e+02
   6892.0000000000   7.2500729370e+02   3.7280022045e+02   7.3033584787e+02
   6893.0000000000   7.2516531134e+02   3.7292660768e+02   7.3049235508e+02
   6894.0000000000   7.2533074314e+02   3.7305250086e+02   7.3064850117e+02
   6895.0000000000   7.2549041094e+02   3.7317794519e+02   7.3080431601e+02
   6896.0000000000   7.2564868463e+02   3.7330297662e+02   7.3095982273e+02
   6897.0000000000   7.2580605768e+02   3.7343664217e+02   7.3111503992e+02
   6898.0000000000   7.2596274493e+02   3.7357368406e+02   7.3126998297e+02
   6899.0000000000   7.2611886791e+02   3.7370423659e+02   7.3142466486e+02
   6900.0000000000   7.2627450521e+02   3.7383315035e+02   7.3157909679e+02
   6901.0000000000   7.2642971214e+02   3.7396102275e+02   7.3174230613e+02
   6902.0000000000   7.2658452988e+02   3.7408811341e+02   7.3190000155e+02
   6903.0000000000   7.2673899043e+02   3.7421456750e+02   7.3206562168e+02
   6904.0000000000   7.2689311946e+02   3.7434047787e+02   7.3224332791e+02
   6905.0000000000   7.2704693808e+02   3.7446590921e+02   7.3240910230e+02
   6906.0000000000   7.2720046401e+02   3.7459090936e+02   7.3257227974e+02
   6907.0000000000   7.2736228802e+02   3.7471551526e+02   7.3273391583e+02
   6908.0000000000   7.2752739971e+02   3.7483975644e+02   7.3289445577e+02
   6909.0000000000   7.2768640843e+02   3.7496365710e+02   7.3305414253e+02
   6910.0000000000   7.2784392000e+02   3.7508723753e+02   7.3321312787e+02
   6911.0000000000   7.2800049655e+02   3.7521051502e+02   7.3337151492e+02
   6912.0000000000   7.2815637987e+02   3.7533350453e+02   7.3352937808e+02
   6913.0000000000   7.2831170355e+02   3.7545621913e+02   7.3369579097e+02
   6914.0000000000   7.2846655202e+02   3.7557867040e+02   7.3385649728e+02
   6915.0000000000   7.2862098338e+02   3.7570086868e+02   7.3402496285e+02
   6916.0000000000   7.2878361572e+02   3.7583184084e+02   7.3418733552e+02
   6917.0000000000   7.2894088235e+02   3.7595729532e+02   7.3434821479e+02
   6918.0000000000   7.2909700592e+02   3.7609067066e+02   7.3451714094e+02
   6919.0000000000   7.2926098157e+02   3.7621809313e+02   7.3468004313e+02
   6920.0000000000   7.2943653318e+02   3.7634414485e+02   7.3484146518e+02
   6921.0000000000   7.2960075335e+02   3.7646933427e+02   7.3500191133e+02
   6922.0000000000   7.2976249438e+02   3.7660289636e+02   7.3516160413e+02
   6923.0000000000   7.2992274963e+02   3.7673065181e+02   7.3532067190e+02
   6924.0000000000   7.3008193806e+02   3.7686610817e+02   7.3547919930e+02
   6925.0000000000   7.3024028918e+02   3.7699543771e+02   7.3563724685e+02
   6926.0000000000   7.3040652272e+02   3.7712325504e+02   7.3580387790e+02
   6927.0000000000   7.3056713819e+02   3.7725009247e+02   7.3596482842e+02
   6928.0000000000   7.3072640419e+02   3.7737618552e+02   7.3612454082e+02
   6929.0000000000   7.3088477370e+02   3.7750166896e+02   7.3628345842e+02
   6930.0000000000   7.3104244375e+02   3.7762663071e+02   7.3644176397e+02
   6931.0000000000   7.3119952786e+02   3.7775113289e+02   7.3659955818e+02
   6932.0000000000   7.3135610131e+02   3.7787522190e+02   7.3675690568e+02
   6933.0000000000   7.3151221844e+02   3.7800795139e+02   7.3691385202e+02
   6934.0000000000   7.3166792067e+02   3.7813505029e+02   7.3707944895e+02
   6935.0000000000   7.3182324085e+02   3.7826997322e+02   7.3723942334e+02
   6936.0000000000   7.3197820580e+02   3.7839885927e+02   7.3740722785e+02
   6937.0000000000   7.3213283790e+02   3.7852630103e+02   7.3756899986e+02
   6938.0000000000   7.3228715616e+02   3.7865281557e+02   7.3772933046e+02
   6939.0000000000   7.3244117700e+02   3.7877862744e+02   7.3788873545e+02
   6940.0000000000   7.3260349034e+02   3.7890386338e+02   7.3804743832e+02
   6941.0000000000   7.3276050969e+02   3.7902860520e+02   7.3820556491e+02
   6942.0000000000   7.3291644328e+02   3.7915291039e+02   7.3837221385e+02
   6943.0000000000   7.3307169982e+02   3.7927682168e+02   7.3853314202e+02
   6944.0000000000   7.3322644280e+02   3.7940938985e+02   7.3869280491e+02
   6945.0000000000   7.3338933530e+02   3.7954535908e+02   7.3885165447e+02
   6946.0000000000   7.3354683275e+02   3.7967486456e+02   7.3900987928e+02
   6947.0000000000   7.3370316969e+02   3.7980275711e+02   7.3916758412e+02
   6948.0000000000   7.3385877243e+02   3.7992963395e+02   7.3932483652e+02
   6949.0000000000   7.3401381675e+02   3.8005575424e+02   7.3948168412e+02
   6950.0000000000   7.3417697462e+02   3.8018126256e+02   7.3965619779e+02
   6951.0000000000   7.3433470813e+02   3.8030625104e+02   7.3981980554e+02
   6952.0000000000   7.3449125687e+02   3.8043078365e+02   7.3998135661e+02
   6953.0000000000   7.3464705110e+02   3.8055490742e+02   7.4014170818e+02
   6954.0000000000   7.3480226972e+02   3.8067865856e+02   7.4030120089e+02
   6955.0000000000   7.3495701157e+02   3.8080206582e+02   7.4046001496e+02
   6956.0000000000   7.3511133988e+02   3.8092515267e+02   7.4061826123e+02
   6957.0000000000   7.3528245019e+02   3.8104793867e+02   7.4077601467e+02
   6958.0000000000   7.3544317723e+02   3.8117044043e+02   7.4093332942e+02
   6959.0000000000   7.3560194065e+02   3.8129267222e+02   7.4109024646e+02
   6960.0000000000   7.3576813404e+02   3.8141464651e+02   7.4124679798e+02
   6961.0000000000   7.3592848415e+02   3.8153637426e+02   7.4140301003e+02
   6962.0000000000   7.3608736069e+02   3.8165786522e+02   7.4155890410e+02
   6963.0000000000   7.3624526873e+02   3.8177912813e+02   7.4171449834e+02
   6964.0000000000   7.3640243466e+02   3.8190017088e+02   7.4186980827e+02
   6965.0000000000   7.3656756527e+02   3.8202100061e+02   7.4203386495e+02
   6966.0000000000   7.3672714784e+02   3.8215965906e+02   7.4219238020e+02
   6967.0000000000   7.3688544090e+02   3.8230558745e+02   7.4234977779e+02
   6968.0000000000   7.3704288932e+02   3.8243901796e+02   7.4250648628e+02
   6969.0000000000   7.3720825924e+02   3.8257863833e+02   7.4266267645e+02
   6970.0000000000   7.3736805976e+02   3.8271131653e+02   7.4281843920e+02
   6971.0000000000   7.3752655883e+02   3.8285097917e+02   7.4297383093e+02
   6972.0000000000   7.3768420582e+02   3.8298401514e+02   7.4313790782e+02
   6973.0000000000   7.3784119352e+02   3.8311516740e+02   7.4329639814e+02
   6974.0000000000   7.3799763140e+02   3.8324505135e+02   7.4345373690e+02
   6975.0000000000   7.3815359111e+02   3.8338297723e+02   7.4361036062e+02
   6976.0000000000   7.3830912376e+02   3.8351482105e+02   7.4376644591e+02
   6977.0000000000   7.3846426800e+02   3.8364511478e+02   7.4393110560e+02
   6978.0000000000   7.3861905426e+02   3.8377436340e+02   7.4409009944e+02
   6979.0000000000   7.3877350727e+02   3.8391181188e+02   7.4424788186e+02
   6980.0000000000   7.3892764758e+02   3.8404329451e+02   7.4440490232e+02
   6981.0000000000   7.3909006825e+02   3.8417331514e+02   7.4456134650e+02
   6982.0000000000   7.3924718516e+02   3.8430235900e+02   7.4471731627e+02
   6983.0000000000   7.3940320839e+02   3.8443063916e+02   7.4487287636e+02
   6984.0000000000   7.3955854812e+02   3.8455827924e+02   7.4503708941e+02
   6985.0000000000   7.3973052029e+02   3.8468536170e+02   7.4520470635e+02
   6986.0000000000   7.3989201504e+02   3.8481194629e+02   7.4536586630e+02
   6987.0000000000   7.4005148171e+02   3.8494709640e+02   7.4552542240e+02
   6988.0000000000   7.4020975581e+02   3.8507654847e+02   7.4568397321e+02
   6989.0000000000   7.4036717436e+02   3.8520474563e+02   7.4584177860e+02
   6990.0000000000   7.4053249319e+02   3.8535016726e+02   7.4599898347e+02
   6991.0000000000   7.4069222480e+02   3.8548439704e+02   7.4615568003e+02
   6992.0000000000   7.4085064196e+02   3.8561636324e+02   7.4631193213e+02
   6993.0000000000   7.4101677379e+02   3.8574696981e+02   7.4646778663e+02
   6994.0000000000   7.4118579275e+02   3.8588560553e+02   7.4662327942e+02
   6995.0000000000   7.4134840850e+02   3.8601817197e+02   7.4679647414e+02
   6996.0000000000   7.4150929006e+02   3.8614920903e+02   7.4695879395e+02
   6997.0000000000   7.4166904287e+02   3.8627922290e+02   7.4712810226e+02
   6998.0000000000   7.4182794010e+02   3.8641745718e+02   7.4729997134e+02
   6999.0000000000   7.4198613908e+02   3.8654974385e+02   7.4747387079e+02
   7000.0000000000   7.4214374269e+02   3.8668960183e+02   7.4764051180e+02
   7001.0000000000   7.4230939942e+02   3.8682321393e+02   7.4781401641e+02
   7002.0000000000   7.4246956459e+02   3.8695520430e+02   7.4798082339e+02
   7003.0000000000   7.4263705321e+02   3.8708611376e+02   7.4814569435e+02
   7004.0000000000   7.4280727442e+02   3.8721618541e+02   7.4830925366e+02
   7005.0000000000   7.4297958408e+02   3.8734556078e+02   7.4847179924e+02
   7006.0000000000   7.4314508128e+02   3.8747433380e+02   7.4863351066e+02
   7007.0000000000   7.4331715869e+02   3.8760257200e+02   7.4879450932e+02
   7008.0000000000   7.4349147291e+02   3.8773934420e+02   7.4895488319e+02
   7009.0000000000   7.4365893873e+02   3.8787039086e+02   7.4911469915e+02
   7010.0000000000   7.4383291302e+02   3.8800015814e+02   7.4929204501e+02
   7011.0000000000   7.4400047217e+02   3.8812909256e+02   7.4945836334e+02
   7012.0000000000   7.4416613380e+02   3.8825737963e+02   7.4962251586e+02
   7013.0000000000   7.4433906364e+02   3.8838512252e+02   7.4979438805e+02
   7014.0000000000   7.4450594541e+02   3.8851238799e+02   7.4996002982e+02
   7015.0000000000   7.4467114791e+02   3.8863922353e+02   7.5012404269e+02
   7016.0000000000   7.4483518703e+02   3.8876566505e+02   7.5028696370e+02
   7017.0000000000   7.4499830294e+02   3.8889174095e+02   7.5045805389e+02
   7018.0000000000   7.4516064065e+02   3.8901747444e+02   7.5062315608e+02
   7019.0000000000   7.4532229948e+02   3.8914288499e+02   7.5079579640e+02
   7020.0000000000   7.4550050390e+02   3.8926798921e+02   7.5096216276e+02
   7021.0000000000   7.4566811243e+02   3.8940181912e+02   7.5112688302e+02
   7022.0000000000   7.4583356454e+02   3.8953910502e+02   7.5129951851e+02
   7023.0000000000   7.4599769501e+02   3.8966997151e+02   7.5146601459e+02
   7024.0000000000   7.4616941972e+02   3.8979926120e+02   7.5163994553e+02
   7025.0000000000   7.4633532477e+02   3.8992756480e+02   7.5180752599e+02
   7026.0000000000   7.4649972443e+02   3.9005513627e+02   7.5198241804e+02
   7027.0000000000   7.4666309896e+02   3.9018211596e+02   7.5215087652e+02
   7028.0000000000   7.4682566325e+02   3.9030859253e+02   7.5231756794e+02
   7029.0000000000   7.4698754343e+02   3.9045266224e+02   7.5248306068e+02
   7030.0000000000   7.4714882423e+02   3.9058576981e+02   7.5264761701e+02
   7031.0000000000   7.4730956736e+02   3.9071677599e+02   7.5281139248e+02
   7032.0000000000   7.4746982026e+02   3.9084654627e+02   7.5297449172e+02
   7033.0000000000   7.4762962081e+02   3.9098444502e+02   7.5313699063e+02
   7034.0000000000   7.4778900011e+02   3.9111635714e+02   7.5330796478e+02
   7035.0000000000   7.4794798431e+02   3.9124681042e+02   7.5347316015e+02
   7036.0000000000   7.4810659574e+02   3.9138531950e+02   7.5363702751e+02
   7037.0000000000   7.4826485377e+02   3.9151780323e+02   7.5380001728e+02
   7038.0000000000   7.4842277539e+02   3.9164880107e+02   7.5396231831e+02
   7039.0000000000   7.4859752691e+02   3.9177881547e+02   7.5412403667e+02
   7040.0000000000   7.4876192357e+02   3.9190806840e+02   7.5428524166e+02
   7041.0000000000   7.4892437146e+02   3.9203668816e+02   7.5444598297e+02
   7042.0000000000   7.4909425453e+02   3.9216475962e+02   7.5460629849e+02
   7043.0000000000   7.4926686814e+02   3.9229234368e+02   7.5477523599e+02
   7044.0000000000   7.4943297772e+02   3.9241948648e+02   7.5493852028e+02
   7045.0000000000   7.4959728145e+02   3.9254622438e+02   7.5510058555e+02
   7046.0000000000   7.4976040152e+02   3.9267258688e+02   7.5526186893e+02
   7047.0000000000   7.4992262133e+02   3.9280761606e+02   7.5542254839e+02
   7048.0000000000   7.5008410485e+02   3.9293703267e+02   7.5559173857e+02
   7049.0000000000   7.5025353507e+02   3.9306526780e+02   7.5575520122e+02
   7050.0000000000   7.5042596449e+02   3.9320177371e+02   7.5591739288e+02
   7051.0000000000   7.5059204775e+02   3.9334144400e+02   7.5607876513e+02
   7052.0000000000   7.5075642461e+02   3.9349252251e+02   7.5623950570e+02
   7053.0000000000   7.5091968348e+02   3.9363130206e+02   7.5639971850e+02
   7054.0000000000   7.5108208697e+02   3.9376723280e+02   7.5655947021e+02
   7055.0000000000   7.5125236122e+02   3.9390142998e+02   7.5671880773e+02
   7056.0000000000   7.5141700547e+02   3.9403437545e+02   7.5687776617e+02
   7057.0000000000   7.5158886210e+02   3.9416633710e+02   7.5703637301e+02
   7058.0000000000   7.5176335866e+02   3.9429748483e+02   7.5719465051e+02
   7059.0000000000   7.5193128836e+02   3.9442793563e+02   7.5736163475e+02
   7060.0000000000   7.5209735906e+02   3.9455777484e+02   7.5752304144e+02
   7061.0000000000   7.5226219815e+02   3.9468706740e+02   7.5768329741e+02
   7062.0000000000   7.5242609288e+02   3.9482488194e+02   7.5784283371e+02
   7063.0000000000   7.5258921044e+02   3.9495695968e+02   7.5800182320e+02
   7064.0000000000   7.5275166109e+02   3.9508774783e+02   7.5816035850e+02
   7065.0000000000   7.5291352344e+02   3.9521769408e+02   7.5831849753e+02
   7066.0000000000   7.5307485665e+02   3.9536502020e+02   7.5849431535e+02
   7067.0000000000   7.5323570700e+02   3.9550123039e+02   7.5865924139e+02
   7068.0000000000   7.5339611181e+02   3.9563521889e+02   7.5884016016e+02
   7069.0000000000   7.5355610189e+02   3.9576787236e+02   7.5901834595e+02
   7070.0000000000   7.5371570317e+02   3.9589955213e+02   7.5920670038e+02
   7071.0000000000   7.5388351345e+02   3.9603045374e+02   7.5939107210e+02
   7072.0000000000   7.5404595282e+02   3.9616069983e+02   7.5956684157e+02
   7073.0000000000   7.5420723508e+02   3.9629037473e+02   7.5973966347e+02
   7074.0000000000   7.5436777379e+02   3.9641954022e+02   7.5991051721e+02
   7075.0000000000   7.5452773662e+02   3.9654824364e+02   7.6007988581e+02
   7076.0000000000   7.5468721469e+02   3.9667652256e+02   7.6024805993e+02
   7077.0000000000   7.5484626582e+02   3.9680440759e+02   7.6042425138e+02
   7078.0000000000   7.5500493047e+02   3.9693192425e+02   7.6059429898e+02
   7079.0000000000   7.5516323887e+02   3.9705909417e+02   7.6076271998e+02
   7080.0000000000   7.5532979039e+02   3.9718593596e+02   7.6093001425e+02
   7081.0000000000   7.5549958083e+02   3.9731246584e+02   7.6109640850e+02
   7082.0000000000   7.5566322418e+02   3.9743869807e+02   7.6126203844e+02
   7083.0000000000   7.5582532985e+02   3.9758268052e+02   7.6142699709e+02
   7084.0000000000   7.5598646288e+02   3.9771582461e+02   7.6159135341e+02
   7085.0000000000   7.5614686740e+02   3.9784696717e+02   7.6175516115e+02
   7086.0000000000   7.5630667899e+02   3.9797695593e+02   7.6192748130e+02
   7087.0000000000   7.5646598377e+02   3.9810612411e+02   7.6209404982e+02
   7088.0000000000   7.5662484132e+02   3.9823464604e+02   7.6226832799e+02
   7089.0000000000   7.5680044665e+02   3.9836262783e+02   7.6244547866e+02
   7090.0000000000   7.5697421074e+02   3.9849014056e+02   7.6261580019e+02
   7091.0000000000   7.5714095517e+02   3.9862625274e+02   7.6278422824e+02
   7092.0000000000   7.5730569608e+02   3.9876572030e+02   7.6295141148e+02
   7093.0000000000   7.5746915913e+02   3.9889868652e+02   7.6311764354e+02
   7094.0000000000   7.5763167261e+02   3.9903000803e+02   7.6328309368e+02
   7095.0000000000   7.5779342311e+02   3.9916028632e+02   7.6344787269e+02
   7096.0000000000   7.5795453064e+02   3.9928978380e+02   7.6362107674e+02
   7097.0000000000   7.5811507873e+02   3.9942766513e+02   7.6378846471e+02
   7098.0000000000   7.5827512883e+02   3.9955972447e+02   7.6395449587e+02
   7099.0000000000   7.5843472811e+02   3.9969945824e+02   7.6411962643e+02
   7100.0000000000   7.5859391391e+02   3.9983303405e+02   7.6428404932e+02
   7101.0000000000   7.5875271660e+02   3.9997408242e+02   7.6444787354e+02
   7102.0000000000   7.5891116136e+02   4.0010883556e+02   7.6461117054e+02
   7103.0000000000   7.5908642072e+02   4.0024194287e+02   7.6477399164e+02
   7104.0000000000   7.5925989030e+02   4.0037395929e+02   7.6493637596e+02
   7105.0000000000   7.5942638078e+02   4.0050513627e+02   7.6509835464e+02
   7106.0000000000   7.5959090036e+02   4.0063562042e+02   7.6525995321e+02
   7107.0000000000   7.5975416879e+02   4.0076550882e+02   7.6542119317e+02
   7108.0000000000   7.5992508547e+02   4.0090388855e+02   7.6558209291e+02
   7109.0000000000   7.6009023439e+02   4.0103651205e+02   7.6574266843e+02
   7110.0000000000   7.6025392981e+02   4.0116783375e+02   7.6591195141e+02
   7111.0000000000   7.6041665170e+02   4.0129830604e+02   7.6607565441e+02
   7112.0000000000   7.6057861420e+02   4.0144615391e+02   7.6623820198e+02
   7113.0000000000   7.6074851783e+02   4.0158288377e+02   7.6640904107e+02
   7114.0000000000   7.6091284667e+02   4.0171739143e+02   7.6657404336e+02
   7115.0000000000   7.6107585775e+02   4.0185958223e+02   7.6673771387e+02
   7116.0000000000   7.6123799537e+02   4.0199551829e+02   7.6690052907e+02
   7117.0000000000   7.6139945002e+02   4.0212980900e+02   7.6706269077e+02
   7118.0000000000   7.6156033021e+02   4.0226299661e+02   7.6722431130e+02
   7119.0000000000   7.6172070736e+02   4.0239532811e+02   7.6738546264e+02
   7120.0000000000   7.6188920840e+02   4.0252694871e+02   7.6754619511e+02
   7121.0000000000   7.6205227322e+02   4.0265795534e+02   7.6770654610e+02
   7122.0000000000   7.6222270540e+02   4.0278841787e+02   7.6786654460e+02
   7123.0000000000   7.6238732976e+02   4.0291838934e+02   7.6802621388e+02
   7124.0000000000   7.6255909446e+02   4.0304791157e+02   7.6818557310e+02
   7125.0000000000   7.6273347191e+02   4.0318603605e+02   7.6834463840e+02
   7126.0000000000   7.6290127700e+02   4.0331849096e+02   7.6851244116e+02
   7127.0000000000   7.6306722890e+02   4.0344971336e+02   7.6867469342e+02
   7128.0000000000   7.6323196107e+02   4.0358014286e+02   7.6883581902e+02
   7129.0000000000   7.6339576405e+02   4.0372799472e+02   7.6899624655e+02
   7130.0000000000   7.6356738239e+02   4.0386476781e+02   7.6915614680e+02
   7131.0000000000   7.6373332804e+02   4.0399935196e+02   7.6931561064e+02
   7132.0000000000   7.6389787685e+02   4.0414164773e+02   7.6947469446e+02
   7133.0000000000   7.6406148655e+02   4.0429574852e+02   7.6963343682e+02
   7134.0000000000   7.6422435757e+02   4.0443766055e+02   7.6979186594e+02
   7135.0000000000   7.6438660599e+02   4.0457674999e+02   7.6995000350e+02
   7136.0000000000   7.6454830922e+02   4.0471410000e+02   7.7011688441e+02
   7137.0000000000   7.6470952330e+02   4.0485017865e+02   7.7027822292e+02
   7138.0000000000   7.6487029118e+02   4.0499426539e+02   7.7043844429e+02
   7139.0000000000   7.6503064702e+02   4.0514124525e+02   7.7059797800e+02
   7140.0000000000   7.6519061882e+02   4.0528134785e+02   7.7076601294e+02
   7141.0000000000   7.6535880566e+02   4.0541949124e+02   7.7092834030e+02
   7142.0000000000   7.6552162844e+02   4.0555632262e+02   7.7109844748e+02
   7143.0000000000   7.6568330146e+02   4.0569213958e+02   7.7126249227e+02
   7144.0000000000   7.6584423853e+02   4.0582711706e+02   7.7142507848e+02
   7145.0000000000   7.6601318309e+02   4.0596137173e+02   7.7158673016e+02
   7146.0000000000   7.6617662720e+02   4.0609498768e+02   7.7174767628e+02
   7147.0000000000   7.6633882562e+02   4.0622802881e+02   7.7190804637e+02
   7148.0000000000   7.6650021742e+02   4.0636054554e+02   7.7206792404e+02
   7149.0000000000   7.6666098714e+02   4.0649257881e+02   7.7222736786e+02
