E_cm1  rho_reactant_cm  rho_MECP_shifted_LZ  rho_MECP_internal_WC
      1.0000000000   8.5756291897e-03   0.0000000000e+00   9.0173244561e-03
      2.0000000000   1.2127771106e-02   0.0000000000e+00   1.2752422542e-02
      3.0000000000   1.4853425463e-02   0.0000000000e+00   1.5618464106e-02
      4.0000000000   1.7151258379e-02   0.0000000000e+00   1.8034648912e-02
      5.0000000000   1.9175689818e-02   0.0000000000e+00   2.0163350459e-02
      6.0000000000   2.1005915738e-02   0.0000000000e+00   2.2087843763e-02
      7.0000000000   2.2688982172e-02   0.0000000000e+00   2.3857598002e-02
      8.0000000000   2.4255542212e-02   0.0000000000e+00   2.5504845084e-02
      9.0000000000   2.5726887569e-02   0.0000000000e+00   2.7051973368e-02
     10.0000000000   2.7118520608e-02   0.0000000000e+00   2.8515283682e-02
     11.0000000000   2.8442144363e-02   0.0000000000e+00   2.9907081834e-02
     12.0000000000   2.9706850927e-02   0.0000000000e+00   3.1236928213e-02
     13.0000000000   3.0919870763e-02   0.0000000000e+00   3.2512425694e-02
     14.0000000000   3.2087066304e-02   0.0000000000e+00   3.3739738660e-02
     15.0000000000   3.3213269035e-02   0.0000000000e+00   3.4923947446e-02
     16.0000000000   3.4302516759e-02   0.0000000000e+00   3.6069297824e-02
     17.0000000000   3.5358224955e-02   0.0000000000e+00   3.7179381193e-02
     18.0000000000   3.6383313318e-02   0.0000000000e+00   3.8257267626e-02
     19.0000000000   3.7380301015e-02   0.0000000000e+00   3.9305606045e-02
     20.0000000000   3.8351379636e-02   0.0000000000e+00   4.0326700918e-02
     21.0000000000   3.9298469894e-02   0.0000000000e+00   4.1322571886e-02
     22.0000000000   4.0223266302e-02   0.0000000000e+00   4.2295000740e-02
     23.0000000000   4.1127272800e-02   0.0000000000e+00   4.3245568883e-02
     24.0000000000   4.2011831476e-02   0.0000000000e+00   4.4175687525e-02
     25.0000000000   4.2878145948e-02   0.0000000000e+00   4.5086622281e-02
     26.0000000000   4.3727300580e-02   0.0000000000e+00   4.5979513362e-02
     27.0000000000   4.4560276390e-02   0.0000000000e+00   4.6855392319e-02
     28.0000000000   4.5377964344e-02   0.0000000000e+00   4.7715196004e-02
     29.0000000000   4.6181176511e-02   0.0000000000e+00   4.8559778316e-02
     30.0000000000   4.6970655520e-02   0.0000000000e+00   4.9389920130e-02
     31.0000000000   4.7747082591e-02   0.0000000000e+00   5.0206337755e-02
     32.0000000000   4.8511084424e-02   0.0000000000e+00   5.1009690169e-02
     33.0000000000   4.9263239114e-02   0.0000000000e+00   5.1800585242e-02
     34.0000000000   5.0004081273e-02   0.0000000000e+00   5.2579585124e-02
     35.0000000000   5.9309735666e-02   0.0000000000e+00   5.3347210912e-02
     36.0000000000   6.3581546244e-02   0.0000000000e+00   5.4103946737e-02
     37.0000000000   6.7016941372e-02   0.0000000000e+00   5.4850243325e-02
     38.0000000000   7.0014987041e-02   0.0000000000e+00   5.5586521147e-02
     39.0000000000   7.2730476943e-02   0.0000000000e+00   5.6313173179e-02
     40.0000000000   7.5242956955e-02   0.0000000000e+00   5.7030567364e-02
     41.0000000000   7.7599801288e-02   0.0000000000e+00   5.7739048782e-02
     42.0000000000   7.9831971316e-02   0.0000000000e+00   5.8438941593e-02
     43.0000000000   8.1961048788e-02   0.0000000000e+00   5.9130550775e-02
     44.0000000000   8.4002809335e-02   0.0000000000e+00   5.9814163668e-02
     45.0000000000   8.5969213817e-02   0.0000000000e+00   6.0490051377e-02
     46.0000000000   8.7869597904e-02   0.0000000000e+00   7.0175794482e-02
     47.0000000000   8.9711422468e-02   0.0000000000e+00   7.4572084433e-02
     48.0000000000   9.1500768157e-02   0.0000000000e+00   7.8092320532e-02
     49.0000000000   9.3242673363e-02   0.0000000000e+00   8.1155920105e-02
     50.0000000000   9.4941372288e-02   0.0000000000e+00   8.3925463170e-02
     51.0000000000   1.0517609623e-01   0.0000000000e+00   8.6484420983e-02
     52.0000000000   1.1035082595e-01   0.0000000000e+00   9.7899773846e-02
     53.0000000000   1.1466524935e-01   0.0000000000e+00   1.0390438057e-01
     54.0000000000   1.1852038523e-01   0.0000000000e+00   1.0893396876e-01
     55.0000000000   1.3064835712e-01   0.0000000000e+00   1.1342420058e-01
     56.0000000000   1.3753108575e-01   0.0000000000e+00   1.1754990961e-01
     57.0000000000   1.4341426100e-01   0.0000000000e+00   1.2140407867e-01
     58.0000000000   1.4872867822e-01   0.0000000000e+00   1.2504392078e-01
     59.0000000000   1.5365138102e-01   0.0000000000e+00   1.2850796715e-01
     60.0000000000   1.5827827500e-01   0.0000000000e+00   1.3182381571e-01
     61.0000000000   1.6266920802e-01   0.0000000000e+00   1.3501213692e-01
     62.0000000000   1.7544055844e-01   0.0000000000e+00   1.3808894680e-01
     63.0000000000   1.8302265246e-01   0.0000000000e+00   1.4106698985e-01
     64.0000000000   1.8963470141e-01   0.0000000000e+00   1.5297395184e-01
     65.0000000000   1.9569268725e-01   0.0000000000e+00   1.5951885609e-01
     66.0000000000   2.0136488281e-01   0.0000000000e+00   1.6512207363e-01
     67.0000000000   2.0674180073e-01   0.0000000000e+00   1.7020892921e-01
     68.0000000000   2.1187989298e-01   0.0000000000e+00   1.7494706292e-01
     69.0000000000   2.1681774480e-01   0.0000000000e+00   1.7942432142e-01
     70.0000000000   2.3015904975e-01   0.0000000000e+00   1.8369417551e-01
     71.0000000000   2.3832603842e-01   0.0000000000e+00   1.8779238578e-01
     72.0000000000   2.4553250474e-01   0.0000000000e+00   1.9174447283e-01
     73.0000000000   2.5219067816e-01   0.0000000000e+00   1.9556953435e-01
     74.0000000000   2.5846616457e-01   0.0000000000e+00   1.9928238704e-01
     75.0000000000   2.6444754432e-01   0.0000000000e+00   2.0289485640e-01
     76.0000000000   2.7018984922e-01   0.0000000000e+00   2.1543392228e-01
     77.0000000000   2.7573061012e-01   0.0000000000e+00   2.2260806570e-01
     78.0000000000   2.8109710335e-01   0.0000000000e+00   2.2883724236e-01
     79.0000000000   2.8631008533e-01   0.0000000000e+00   2.3454646075e-01
     80.0000000000   2.9138590773e-01   0.0000000000e+00   2.4892044717e-01
     81.0000000000   2.9633780396e-01   0.0000000000e+00   2.5774732090e-01
     82.0000000000   3.0117671639e-01   0.0000000000e+00   2.6549359510e-01
     83.0000000000   3.1448748188e-01   0.0000000000e+00   2.7261414175e-01
     84.0000000000   3.2267884505e-01   0.0000000000e+00   2.7929679791e-01
     85.0000000000   3.2995459942e-01   0.0000000000e+00   2.8564390438e-01
     86.0000000000   3.3671934383e-01   0.0000000000e+00   2.9171973527e-01
     87.0000000000   3.4313272568e-01   0.0000000000e+00   3.0658567686e-01
     88.0000000000   3.4927858290e-01   0.0000000000e+00   3.1597423947e-01
     89.0000000000   3.5520811195e-01   0.0000000000e+00   3.2432295341e-01
     90.0000000000   3.6095569940e-01   0.0000000000e+00   3.3207014611e-01
     91.0000000000   3.7512164277e-01   0.0000000000e+00   3.3939360280e-01
     92.0000000000   3.8412539662e-01   0.0000000000e+00   3.5540660186e-01
     93.0000000000   3.9217846472e-01   0.0000000000e+00   3.6586967283e-01
     94.0000000000   3.9969117216e-01   0.0000000000e+00   3.7523722667e-01
     95.0000000000   4.0682753019e-01   0.0000000000e+00   3.8395859458e-01
     96.0000000000   4.1367477571e-01   0.0000000000e+00   3.9221917611e-01
     97.0000000000   4.2028680258e-01   0.0000000000e+00   4.0012044682e-01
     98.0000000000   4.3527580242e-01   0.0000000000e+00   4.0772664469e-01
     99.0000000000   4.5364473675e-01   0.0000000000e+00   4.1508223917e-01
    100.0000000000   4.6601153550e-01   0.0000000000e+00   4.2221993326e-01
    101.0000000000   4.8556323473e-01   0.0000000000e+00   4.2916484563e-01
    102.0000000000   4.9926651074e-01   0.0000000000e+00   4.4495423528e-01
    103.0000000000   5.1156246607e-01   0.0000000000e+00   4.6432210388e-01
    104.0000000000   5.2298482195e-01   0.0000000000e+00   4.7739555242e-01
    105.0000000000   5.4234884545e-01   0.0000000000e+00   4.8901833873e-01
    106.0000000000   5.5619305735e-01   0.0000000000e+00   4.9978178944e-01
    107.0000000000   5.6880397180e-01   0.0000000000e+00   5.0994000433e-01
    108.0000000000   5.8064311609e-01   0.0000000000e+00   5.1963312397e-01
    109.0000000000   5.9191144363e-01   0.0000000000e+00   5.3796670327e-01
    110.0000000000   6.1129958508e-01   0.0000000000e+00   5.5070161926e-01
    111.0000000000   6.2528385200e-01   0.0000000000e+00   5.7131225547e-01
    112.0000000000   6.3811493195e-01   0.0000000000e+00   5.8595155113e-01
    113.0000000000   6.6738309894e-01   0.0000000000e+00   6.0823848107e-01
    114.0000000000   6.8607606366e-01   0.0000000000e+00   6.2439699068e-01
    115.0000000000   7.0269237599e-01   0.0000000000e+00   6.3906938483e-01
    116.0000000000   7.1809727351e-01   0.0000000000e+00   6.5280484835e-01
    117.0000000000   7.3264772464e-01   0.0000000000e+00   6.6584991477e-01
    118.0000000000   7.4653827324e-01   0.0000000000e+00   6.7834697782e-01
    119.0000000000   7.5989130884e-01   0.0000000000e+00   6.9038940855e-01
    120.0000000000   7.8136660427e-01   0.0000000000e+00   7.0204338424e-01
    121.0000000000   7.9742649687e-01   0.0000000000e+00   7.1335835790e-01
    122.0000000000   8.1231487760e-01   0.0000000000e+00   7.2437273534e-01
    123.0000000000   8.3504302670e-01   0.0000000000e+00   7.4413455511e-01
    124.0000000000   8.5219618513e-01   0.0000000000e+00   7.5836940356e-01
    125.0000000000   8.6807529085e-01   0.0000000000e+00   7.7151141180e-01
    126.0000000000   8.9172248552e-01   0.0000000000e+00   7.8399753084e-01
    127.0000000000   9.0974146263e-01   0.0000000000e+00   7.9600536345e-01
    128.0000000000   9.2644501728e-01   0.0000000000e+00   8.1664872012e-01
    129.0000000000   9.4230771224e-01   0.0000000000e+00   8.3168908934e-01
    130.0000000000   9.5753806762e-01   0.0000000000e+00   8.4558209063e-01
    131.0000000000   9.7225607684e-01   0.0000000000e+00   8.5877840181e-01
    132.0000000000   9.9511644579e-01   0.0000000000e+00   8.7146483600e-01
    133.0000000000   1.0125766291e+00   0.0000000000e+00   8.8374430368e-01
    134.0000000000   1.0288763862e+00   0.0000000000e+00   9.0469979422e-01
    135.0000000000   1.0444480023e+00   0.0000000000e+00   9.2007762665e-01
    136.0000000000   1.0594731223e+00   0.0000000000e+00   9.3432503604e-01
    137.0000000000   1.0740535017e+00   0.0000000000e+00   9.4788765809e-01
    138.0000000000   1.0882552263e+00   0.0000000000e+00   9.6996639385e-01
    139.0000000000   1.1107008907e+00   0.0000000000e+00   9.8636241375e-01
    140.0000000000   1.1278268206e+00   0.0000000000e+00   1.0015530065e+00
    141.0000000000   1.1438579236e+00   0.0000000000e+00   1.0250194343e+00
    142.0000000000   1.1592155432e+00   0.0000000000e+00   1.0426577310e+00
    143.0000000000   1.1740729755e+00   0.0000000000e+00   1.0589901161e+00
    144.0000000000   1.1885254297e+00   0.0000000000e+00   1.0745059385e+00
    145.0000000000   1.2026337461e+00   0.0000000000e+00   1.0894168282e+00
    146.0000000000   1.2164406101e+00   0.0000000000e+00   1.1038427532e+00
    147.0000000000   1.2299779209e+00   0.0000000000e+00   1.1178617032e+00
    148.0000000000   1.2432706149e+00   0.0000000000e+00   1.1315287985e+00
    149.0000000000   1.2563388507e+00   0.0000000000e+00   1.1448852582e+00
    150.0000000000   1.2691993494e+00   0.0000000000e+00   1.1579631865e+00
    151.0000000000   1.2818662644e+00   0.0000000000e+00   1.1707883683e+00
    152.0000000000   1.3029274027e+00   0.0000000000e+00   1.1923993414e+00
    153.0000000000   1.3187942662e+00   0.0000000000e+00   1.2085143465e+00
    154.0000000000   1.3336732173e+00   0.0000000000e+00   1.2325790381e+00
    155.0000000000   1.3479712554e+00   0.0000000000e+00   1.2507261542e+00
    156.0000000000   1.3618502770e+00   0.0000000000e+00   1.2675426666e+00
    157.0000000000   1.3753962331e+00   0.0000000000e+00   1.2835411242e+00
    158.0000000000   1.3886623093e+00   0.0000000000e+00   1.2989423244e+00
    159.0000000000   1.4016847690e+00   0.0000000000e+00   1.3228871165e+00
    160.0000000000   1.4144900543e+00   0.0000000000e+00   1.3411550318e+00
    161.0000000000   1.4270984159e+00   0.0000000000e+00   1.3582143204e+00
    162.0000000000   1.4395259509e+00   0.0000000000e+00   1.3745248404e+00
    163.0000000000   1.4517858314e+00   0.0000000000e+00   1.3902802837e+00
    164.0000000000   1.4724647173e+00   0.0000000000e+00   1.4055888484e+00
    165.0000000000   1.4879729038e+00   0.0000000000e+00   1.4205203532e+00
    166.0000000000   1.5110911751e+00   0.0000000000e+00   1.4351239932e+00
    167.0000000000   1.5286262383e+00   0.0000000000e+00   1.4494365404e+00
    168.0000000000   1.5449358633e+00   0.0000000000e+00   1.4634866666e+00
    169.0000000000   1.5605035979e+00   0.0000000000e+00   1.4772974468e+00
    170.0000000000   1.5755360396e+00   0.0000000000e+00   1.4908879134e+00
    171.0000000000   1.5901477000e+00   0.0000000000e+00   1.5042740750e+00
    172.0000000000   1.6044111790e+00   0.0000000000e+00   1.5174696135e+00
    173.0000000000   1.6183765486e+00   0.0000000000e+00   1.5395037031e+00
    174.0000000000   1.6406560482e+00   0.0000000000e+00   1.5560871714e+00
    175.0000000000   1.6576785074e+00   0.0000000000e+00   1.5716423654e+00
    176.0000000000   1.6822386069e+00   0.0000000000e+00   1.5865966671e+00
    177.0000000000   1.7011537615e+00   0.0000000000e+00   1.6011197982e+00
    178.0000000000   1.7187901785e+00   0.0000000000e+00   1.6153016744e+00
    179.0000000000   1.7356381787e+00   0.0000000000e+00   1.6291978007e+00
    180.0000000000   1.7519098833e+00   0.0000000000e+00   1.6428459219e+00
    181.0000000000   1.7762999997e+00   0.0000000000e+00   1.6652908094e+00
    182.0000000000   1.7952858310e+00   0.0000000000e+00   1.6822538736e+00
    183.0000000000   1.8131176774e+00   0.0000000000e+00   1.6981648994e+00
    184.0000000000   1.8388091984e+00   0.0000000000e+00   1.7224739697e+00
    185.0000000000   1.8589460116e+00   0.0000000000e+00   1.7410552310e+00
    186.0000000000   1.8778284162e+00   0.0000000000e+00   1.7584147651e+00
    187.0000000000   1.8959217789e+00   0.0000000000e+00   1.7750295706e+00
    188.0000000000   1.9134275301e+00   0.0000000000e+00   1.7911015464e+00
    189.0000000000   1.9304600012e+00   0.0000000000e+00   1.8067428121e+00
    190.0000000000   1.9556692532e+00   0.0000000000e+00   1.8220249065e+00
    191.0000000000   1.9755088488e+00   0.0000000000e+00   1.8460148877e+00
    192.0000000000   1.9942152323e+00   0.0000000000e+00   1.8734671906e+00
    193.0000000000   2.0207934563e+00   0.0000000000e+00   1.8945236383e+00
    194.0000000000   2.0418235519e+00   0.0000000000e+00   1.9140390156e+00
    195.0000000000   2.0701777047e+00   0.0000000000e+00   1.9326131731e+00
    196.0000000000   2.0927195998e+00   0.0000000000e+00   1.9505069742e+00
    197.0000000000   2.1224215103e+00   0.0000000000e+00   1.9768833713e+00
    198.0000000000   2.1461960615e+00   0.0000000000e+00   1.9975355814e+00
    199.0000000000   2.1684682179e+00   0.0000000000e+00   2.0169410167e+00
    200.0000000000   2.1897678964e+00   0.0000000000e+00   2.0355660203e+00
    201.0000000000   2.2103355719e+00   0.0000000000e+00   2.0536090672e+00
    202.0000000000   2.2388871817e+00   0.0000000000e+00   2.0711819964e+00
    203.0000000000   2.2619164785e+00   0.0000000000e+00   2.0883574674e+00
    204.0000000000   2.2922624863e+00   0.0000000000e+00   2.1142042612e+00
    205.0000000000   2.3167747745e+00   0.0000000000e+00   2.1434787532e+00
    206.0000000000   2.3398439055e+00   0.0000000000e+00   2.1663247360e+00
    207.0000000000   2.3619792722e+00   0.0000000000e+00   2.1875989008e+00
    208.0000000000   2.3834083243e+00   0.0000000000e+00   2.2079028990e+00
    209.0000000000   2.4128383510e+00   0.0000000000e+00   2.2274992730e+00
    210.0000000000   2.4367571626e+00   0.0000000000e+00   2.2465352043e+00
    211.0000000000   2.4594239603e+00   0.0000000000e+00   2.2651048931e+00
    212.0000000000   2.4812844082e+00   0.0000000000e+00   2.2832739000e+00
    213.0000000000   2.5025298560e+00   0.0000000000e+00   2.3010905806e+00
    214.0000000000   2.5232693883e+00   0.0000000000e+00   2.3185921522e+00
    215.0000000000   2.5435748053e+00   0.0000000000e+00   2.3358082061e+00
    216.0000000000   2.5634976443e+00   0.0000000000e+00   2.3527628801e+00
    217.0000000000   2.5830770841e+00   0.0000000000e+00   2.3694762735e+00
    218.0000000000   2.6023441422e+00   0.0000000000e+00   2.3949827335e+00
    219.0000000000   2.6298997524e+00   0.0000000000e+00   2.4149973313e+00
    220.0000000000   2.6521659245e+00   0.0000000000e+00   2.4339459481e+00
    221.0000000000   2.6733576200e+00   0.0000000000e+00   2.4522589479e+00
    222.0000000000   2.6938890046e+00   0.0000000000e+00   2.4791259212e+00
    223.0000000000   2.7139280365e+00   0.0000000000e+00   2.5003394266e+00
    224.0000000000   2.7335658593e+00   0.0000000000e+00   2.5203700459e+00
    225.0000000000   2.7700114136e+00   0.0000000000e+00   2.5486937202e+00
    226.0000000000   2.7961066598e+00   0.0000000000e+00   2.5712021949e+00
    227.0000000000   2.8202755031e+00   0.0000000000e+00   2.6014315119e+00
    228.0000000000   2.8433386003e+00   0.0000000000e+00   2.6345859006e+00
    229.0000000000   2.8656236345e+00   0.0000000000e+00   2.6609881972e+00
    230.0000000000   2.8873046371e+00   0.0000000000e+00   2.6946060336e+00
    231.0000000000   2.9084889591e+00   0.0000000000e+00   2.7217977013e+00
    232.0000000000   2.9292493408e+00   0.0000000000e+00   2.7472756714e+00
    233.0000000000   2.9496383637e+00   0.0000000000e+00   2.7716318480e+00
    234.0000000000   2.9696958763e+00   0.0000000000e+00   2.7951413245e+00
    235.0000000000   2.9894531835e+00   0.0000000000e+00   2.8179668415e+00
    236.0000000000   3.0089355822e+00   0.0000000000e+00   2.8402169541e+00
    237.0000000000   3.0281639836e+00   0.0000000000e+00   2.8619695808e+00
    238.0000000000   3.0471559981e+00   0.0000000000e+00   2.8923008385e+00
    239.0000000000   3.0745023165e+00   0.0000000000e+00   2.9169571846e+00
    240.0000000000   3.0966168738e+00   0.0000000000e+00   2.9403888122e+00
    241.0000000000   3.1177081057e+00   0.0000000000e+00   2.9630453801e+00
    242.0000000000   3.1381847957e+00   0.0000000000e+00   2.9851147757e+00
    243.0000000000   3.1582103896e+00   0.0000000000e+00   3.0067019680e+00
    244.0000000000   3.1864478238e+00   0.0000000000e+00   3.0278751064e+00
    245.0000000000   3.2179279937e+00   0.0000000000e+00   3.0486826832e+00
    246.0000000000   3.2432861097e+00   0.0000000000e+00   3.0781786982e+00
    247.0000000000   3.2671452319e+00   0.0000000000e+00   3.1020925586e+00
    248.0000000000   3.2900795546e+00   0.0000000000e+00   3.1248610343e+00
    249.0000000000   3.3209151968e+00   0.0000000000e+00   3.1469230289e+00
    250.0000000000   3.3461931637e+00   0.0000000000e+00   3.1684576812e+00
    251.0000000000   3.3787754619e+00   0.0000000000e+00   3.1895627501e+00
    252.0000000000   3.4055235938e+00   0.0000000000e+00   3.2103003745e+00
    253.0000000000   3.4394101084e+00   0.0000000000e+00   3.2307139853e+00
    254.0000000000   3.4673486254e+00   0.0000000000e+00   3.2508359573e+00
    255.0000000000   3.4937652322e+00   0.0000000000e+00   3.2797088887e+00
    256.0000000000   3.5191908976e+00   0.0000000000e+00   3.3120709739e+00
    257.0000000000   3.5438670215e+00   0.0000000000e+00   3.3380527744e+00
    258.0000000000   3.5679347051e+00   0.0000000000e+00   3.3625010116e+00
    259.0000000000   3.5914874917e+00   0.0000000000e+00   3.3950269461e+00
    260.0000000000   3.6145923503e+00   0.0000000000e+00   3.4215874719e+00
    261.0000000000   3.6372997900e+00   0.0000000000e+00   3.4467380394e+00
    262.0000000000   3.6596493754e+00   0.0000000000e+00   3.4709880541e+00
    263.0000000000   3.6816730029e+00   0.0000000000e+00   3.4945621561e+00
    264.0000000000   3.7119726060e+00   0.0000000000e+00   3.5175892335e+00
    265.0000000000   3.7369711628e+00   0.0000000000e+00   3.5401536696e+00
    266.0000000000   3.7608845154e+00   0.0000000000e+00   3.5623153401e+00
    267.0000000000   3.7841276049e+00   0.0000000000e+00   3.5841191137e+00
    268.0000000000   3.8068690628e+00   0.0000000000e+00   3.6146172967e+00
    269.0000000000   3.8292006117e+00   0.0000000000e+00   3.6395384476e+00
    270.0000000000   3.8511804305e+00   0.0000000000e+00   3.6633188663e+00
    271.0000000000   3.8728491375e+00   0.0000000000e+00   3.6863971553e+00
    272.0000000000   3.9028126315e+00   0.0000000000e+00   3.7089522243e+00
    273.0000000000   3.9274954328e+00   0.0000000000e+00   3.7310816312e+00
    274.0000000000   3.9596892814e+00   0.0000000000e+00   3.7528473222e+00
    275.0000000000   3.9862095971e+00   0.0000000000e+00   3.7833098609e+00
    276.0000000000   4.0114212580e+00   0.0000000000e+00   3.8082018775e+00
    277.0000000000   4.0358137326e+00   0.0000000000e+00   3.8319616206e+00
    278.0000000000   4.0681742641e+00   0.0000000000e+00   3.8550285162e+00
    279.0000000000   4.0950225598e+00   0.0000000000e+00   3.8775816862e+00
    280.0000000000   4.1206319702e+00   0.0000000000e+00   3.8997185669e+00
    281.0000000000   4.1454545305e+00   0.0000000000e+00   3.9215008036e+00
    282.0000000000   4.1696841944e+00   0.0000000000e+00   3.9519885673e+00
    283.0000000000   4.1934307166e+00   0.0000000000e+00   3.9769140558e+00
    284.0000000000   4.2167655457e+00   0.0000000000e+00   4.0007150745e+00
    285.0000000000   4.2397393280e+00   0.0000000000e+00   4.0238306125e+00
    286.0000000000   4.2623900787e+00   0.0000000000e+00   4.0464393707e+00
    287.0000000000   4.2847475299e+00   0.0000000000e+00   4.0686383852e+00
    288.0000000000   4.3068356658e+00   0.0000000000e+00   4.0904889241e+00
    289.0000000000   4.3286743067e+00   0.0000000000e+00   4.1120334805e+00
    290.0000000000   4.3502801524e+00   0.0000000000e+00   4.1333034729e+00
    291.0000000000   4.3716674982e+00   0.0000000000e+00   4.1543232290e+00
    292.0000000000   4.4014243733e+00   0.0000000000e+00   4.1751122512e+00
    293.0000000000   4.4259625388e+00   0.0000000000e+00   4.1956866002e+00
    294.0000000000   4.4494886282e+00   0.0000000000e+00   4.2160597883e+00
    295.0000000000   4.4724099113e+00   0.0000000000e+00   4.2362433831e+00
    296.0000000000   4.5034641772e+00   0.0000000000e+00   4.2562474297e+00
    297.0000000000   4.5291385130e+00   0.0000000000e+00   4.2760807569e+00
    298.0000000000   4.5536833453e+00   0.0000000000e+00   4.2957512036e+00
    299.0000000000   4.5775338330e+00   0.0000000000e+00   4.3152657905e+00
    300.0000000000   4.6008710569e+00   0.0000000000e+00   4.3346308535e+00
    301.0000000000   4.6237946717e+00   0.0000000000e+00   4.3538521478e+00
    302.0000000000   4.6463680198e+00   0.0000000000e+00   4.3729349320e+00
    303.0000000000   4.6772107460e+00   0.0000000000e+00   4.4009013599e+00
    304.0000000000   4.7027562394e+00   0.0000000000e+00   4.4234563360e+00
    305.0000000000   4.7272265904e+00   0.0000000000e+00   4.4540344821e+00
    306.0000000000   4.7510404941e+00   0.0000000000e+00   4.4787592848e+00
    307.0000000000   4.7829444147e+00   0.0000000000e+00   4.5112271922e+00
    308.0000000000   4.8094321730e+00   0.0000000000e+00   4.5376444787e+00
    309.0000000000   4.8347595197e+00   0.0000000000e+00   4.5626393006e+00
    310.0000000000   4.8593658898e+00   0.0000000000e+00   4.5867493223e+00
    311.0000000000   4.8834358450e+00   0.0000000000e+00   4.6102115639e+00
    312.0000000000   4.9070719081e+00   0.0000000000e+00   4.6331604687e+00
    313.0000000000   4.9389154374e+00   0.0000000000e+00   4.6556826958e+00
    314.0000000000   4.9654133379e+00   0.0000000000e+00   4.6778387060e+00
    315.0000000000   4.9907968137e+00   0.0000000000e+00   4.6996730464e+00
    316.0000000000   5.0154910721e+00   0.0000000000e+00   4.7212198840e+00
    317.0000000000   5.0396718081e+00   0.0000000000e+00   4.7515235740e+00
    318.0000000000   5.0634357105e+00   0.0000000000e+00   4.7853238094e+00
    319.0000000000   5.0868445040e+00   0.0000000000e+00   4.8127523468e+00
    320.0000000000   5.1099413658e+00   0.0000000000e+00   4.8386568189e+00
    321.0000000000   5.1327584232e+00   0.0000000000e+00   4.8726491527e+00
    322.0000000000   5.1553206638e+00   0.0000000000e+00   4.9006867049e+00
    323.0000000000   5.1776481775e+00   0.0000000000e+00   4.9273252233e+00
    324.0000000000   5.1997575372e+00   0.0000000000e+00   4.9530742778e+00
    325.0000000000   5.2216626964e+00   0.0000000000e+00   4.9781585675e+00
    326.0000000000   5.2433756001e+00   0.0000000000e+00   5.0117242801e+00
    327.0000000000   5.2649066156e+00   0.0000000000e+00   5.0395561581e+00
    328.0000000000   5.2948404749e+00   0.0000000000e+00   5.0661271057e+00
    329.0000000000   5.3195861328e+00   0.0000000000e+00   5.0919010105e+00
    330.0000000000   5.3433478069e+00   0.0000000000e+00   5.1170750176e+00
    331.0000000000   5.3665306662e+00   0.0000000000e+00   5.1417602782e+00
    332.0000000000   5.4064462850e+00   0.0000000000e+00   5.1660291422e+00
    333.0000000000   5.4359810037e+00   0.0000000000e+00   5.1989503078e+00
    334.0000000000   5.4635807966e+00   0.0000000000e+00   5.2352802049e+00
    335.0000000000   5.4900781878e+00   0.0000000000e+00   5.2651627633e+00
    336.0000000000   5.5158075055e+00   0.0000000000e+00   5.2934548609e+00
    337.0000000000   5.5495221682e+00   0.0000000000e+00   5.3207583636e+00
    338.0000000000   5.5863081108e+00   0.0000000000e+00   5.3563533671e+00
    339.0000000000   5.6168370030e+00   0.0000000000e+00   5.3860877368e+00
    340.0000000000   5.6457574988e+00   0.0000000000e+00   5.4144690779e+00
    341.0000000000   5.6736625324e+00   0.0000000000e+00   5.4419823828e+00
    342.0000000000   5.7008167644e+00   0.0000000000e+00   5.4688386073e+00
    343.0000000000   5.7273713073e+00   0.0000000000e+00   5.4951584639e+00
    344.0000000000   5.7534242410e+00   0.0000000000e+00   5.5210212263e+00
    345.0000000000   5.7790445276e+00   0.0000000000e+00   5.5555007941e+00
    346.0000000000   5.8042833953e+00   0.0000000000e+00   5.5843403027e+00
    347.0000000000   5.8291804574e+00   0.0000000000e+00   5.6119864360e+00
    348.0000000000   5.8623429285e+00   0.0000000000e+00   5.6388855056e+00
    349.0000000000   5.8901974924e+00   0.0000000000e+00   5.6652223338e+00
    350.0000000000   5.9169626403e+00   0.0000000000e+00   5.6910991330e+00
    351.0000000000   5.9430552323e+00   0.0000000000e+00   5.7165815940e+00
    352.0000000000   5.9772209311e+00   0.0000000000e+00   5.7417160217e+00
    353.0000000000   6.0145290007e+00   0.0000000000e+00   5.7665371464e+00
    354.0000000000   6.0456362570e+00   0.0000000000e+00   5.7910721932e+00
    355.0000000000   6.0751795338e+00   0.0000000000e+00   5.8153432155e+00
    356.0000000000   6.1037425822e+00   0.0000000000e+00   5.8393685331e+00
    357.0000000000   6.1315829330e+00   0.0000000000e+00   5.8631636687e+00
    358.0000000000   6.1674217565e+00   0.0000000000e+00   5.8957593126e+00
    359.0000000000   6.1977536243e+00   0.0000000000e+00   5.9228675740e+00
    360.0000000000   6.2268410040e+00   0.0000000000e+00   5.9489119080e+00
    361.0000000000   6.2551309853e+00   0.0000000000e+00   5.9833379958e+00
    362.0000000000   6.2913909612e+00   0.0000000000e+00   6.0120168778e+00
    363.0000000000   6.3221307461e+00   0.0000000000e+00   6.0394524254e+00
    364.0000000000   6.3516186671e+00   0.0000000000e+00   6.0661200594e+00
    365.0000000000   6.3803042800e+00   0.0000000000e+00   6.0922205569e+00
    366.0000000000   6.4083804482e+00   0.0000000000e+00   6.1178652495e+00
    367.0000000000   6.4359566138e+00   0.0000000000e+00   6.1521424596e+00
    368.0000000000   6.4716799808e+00   0.0000000000e+00   6.1898193391e+00
    369.0000000000   6.5020024508e+00   0.0000000000e+00   6.2210459532e+00
    370.0000000000   6.5311595418e+00   0.0000000000e+00   6.2506827669e+00
    371.0000000000   6.5595802188e+00   0.0000000000e+00   6.2793337421e+00
    372.0000000000   6.5874434752e+00   0.0000000000e+00   6.3072628403e+00
    373.0000000000   6.6148489155e+00   0.0000000000e+00   6.3346181046e+00
    374.0000000000   6.6418608574e+00   0.0000000000e+00   6.3614942410e+00
    375.0000000000   6.6685247972e+00   0.0000000000e+00   6.3879570860e+00
    376.0000000000   6.6948749464e+00   0.0000000000e+00   6.4140551221e+00
    377.0000000000   6.7295138037e+00   0.0000000000e+00   6.4398255975e+00
    378.0000000000   6.7588640488e+00   0.0000000000e+00   6.4743153975e+00
    379.0000000000   6.7957164362e+00   0.0000000000e+00   6.5032490411e+00
    380.0000000000   6.8268858873e+00   0.0000000000e+00   6.5310597074e+00
    381.0000000000   6.8567370662e+00   0.0000000000e+00   6.5581835172e+00
    382.0000000000   6.8857593965e+00   0.0000000000e+00   6.5938146853e+00
    383.0000000000   6.9313158056e+00   0.0000000000e+00   6.6327668669e+00
    384.0000000000   6.9663269978e+00   0.0000000000e+00   6.6652142136e+00
    385.0000000000   7.0078390991e+00   0.0000000000e+00   6.6960311247e+00
    386.0000000000   7.0431038576e+00   0.0000000000e+00   6.7258303083e+00
    387.0000000000   7.0766668170e+00   0.0000000000e+00   6.7548815770e+00
    388.0000000000   7.1091157650e+00   0.0000000000e+00   6.7833370941e+00
    389.0000000000   7.1492994132e+00   0.0000000000e+00   6.8112945920e+00
    390.0000000000   7.1923549321e+00   0.0000000000e+00   6.8388222102e+00
    391.0000000000   7.2289867136e+00   0.0000000000e+00   6.8659702362e+00
    392.0000000000   7.2638664591e+00   0.0000000000e+00   6.8927773679e+00
    393.0000000000   7.2976043744e+00   0.0000000000e+00   6.9192743560e+00
    394.0000000000   7.3390542526e+00   0.0000000000e+00   6.9545035884e+00
    395.0000000000   7.3747789781e+00   0.0000000000e+00   6.9841863663e+00
    396.0000000000   7.4262338766e+00   0.0000000000e+00   7.0217708291e+00
    397.0000000000   7.4666959001e+00   0.0000000000e+00   7.0533917717e+00
    398.0000000000   7.5047711455e+00   0.0000000000e+00   7.0836378959e+00
    399.0000000000   7.5413813269e+00   0.0000000000e+00   7.1130232282e+00
    400.0000000000   7.5769187809e+00   0.0000000000e+00   7.1417698441e+00
    401.0000000000   7.6116026388e+00   0.0000000000e+00   7.1790197120e+00
    402.0000000000   7.6455735806e+00   0.0000000000e+00   7.2195706784e+00
    403.0000000000   7.6789300094e+00   0.0000000000e+00   7.2535923276e+00
    404.0000000000   7.7203205118e+00   0.0000000000e+00   7.2859584852e+00
    405.0000000000   7.7562023871e+00   0.0000000000e+00   7.3172827682e+00
    406.0000000000   7.7908176686e+00   0.0000000000e+00   7.3478364117e+00
    407.0000000000   7.8246018735e+00   0.0000000000e+00   7.3867904454e+00
    408.0000000000   7.8663158136e+00   0.0000000000e+00   7.4199445491e+00
    409.0000000000   7.9024656705e+00   0.0000000000e+00   7.4607987490e+00
    410.0000000000   7.9373179418e+00   0.0000000000e+00   7.4955242486e+00
    411.0000000000   7.9713214822e+00   0.0000000000e+00   7.5287364320e+00
    412.0000000000   8.0046691703e+00   0.0000000000e+00   7.5609695512e+00
    413.0000000000   8.0374709197e+00   0.0000000000e+00   7.6014787584e+00
    414.0000000000   8.0697990666e+00   0.0000000000e+00   7.6361016904e+00
    415.0000000000   8.1102811991e+00   0.0000000000e+00   7.6693417661e+00
    416.0000000000   8.1453577666e+00   0.0000000000e+00   7.7016825380e+00
    417.0000000000   8.1878328017e+00   0.0000000000e+00   7.7333348428e+00
    418.0000000000   8.2245315571e+00   0.0000000000e+00   7.7644199235e+00
    419.0000000000   8.2598269919e+00   0.0000000000e+00   7.7950178966e+00
    420.0000000000   8.2942153580e+00   0.0000000000e+00   7.8251863180e+00
    421.0000000000   8.3279140597e+00   0.0000000000e+00   7.8549688985e+00
    422.0000000000   8.3610469315e+00   0.0000000000e+00   7.8934174959e+00
    423.0000000000   8.3936947101e+00   0.0000000000e+00   7.9352779827e+00
    424.0000000000   8.4259146408e+00   0.0000000000e+00   7.9706873686e+00
    425.0000000000   8.4577497112e+00   0.0000000000e+00   8.0044978521e+00
    426.0000000000   8.4892335800e+00   0.0000000000e+00   8.0373080675e+00
    427.0000000000   8.5203934488e+00   0.0000000000e+00   8.0693785249e+00
    428.0000000000   8.5512518526e+00   0.0000000000e+00   8.1008550500e+00
    429.0000000000   8.5904034638e+00   0.0000000000e+00   8.1318309621e+00
    430.0000000000   8.6242655212e+00   0.0000000000e+00   8.1623712801e+00
    431.0000000000   8.6570492615e+00   0.0000000000e+00   8.1925240637e+00
    432.0000000000   8.6891658856e+00   0.0000000000e+00   8.2313437389e+00
    433.0000000000   8.7207809560e+00   0.0000000000e+00   8.2645603630e+00
    434.0000000000   8.7519836565e+00   0.0000000000e+00   8.2966113588e+00
    435.0000000000   8.7828300506e+00   0.0000000000e+00   8.3369535379e+00
    436.0000000000   8.8133589846e+00   0.0000000000e+00   8.3714669877e+00
    437.0000000000   8.8435992361e+00   0.0000000000e+00   8.4046630569e+00
    438.0000000000   8.8821488098e+00   0.0000000000e+00   8.4370234365e+00
    439.0000000000   8.9154266316e+00   0.0000000000e+00   8.4687542273e+00
    440.0000000000   8.9476446628e+00   0.0000000000e+00   8.4999713308e+00
    441.0000000000   8.9792142548e+00   0.0000000000e+00   8.5307497060e+00
    442.0000000000   9.0103007751e+00   0.0000000000e+00   8.5611421937e+00
    443.0000000000   9.0409930066e+00   0.0000000000e+00   8.5911882905e+00
    444.0000000000   9.0713464918e+00   0.0000000000e+00   8.6299361221e+00
    445.0000000000   9.1013994905e+00   0.0000000000e+00   8.6721282656e+00
    446.0000000000   9.1311801625e+00   0.0000000000e+00   8.7078988208e+00
    447.0000000000   9.1607102578e+00   0.0000000000e+00   8.7420974121e+00
    448.0000000000   9.1900071977e+00   0.0000000000e+00   8.7753203905e+00
    449.0000000000   9.2276609669e+00   0.0000000000e+00   8.8078262348e+00
    450.0000000000   9.2686601765e+00   0.0000000000e+00   8.8487762825e+00
    451.0000000000   9.3036130939e+00   0.0000000000e+00   8.8839626787e+00
    452.0000000000   9.3542756906e+00   0.0000000000e+00   8.9178621544e+00
    453.0000000000   9.3940108017e+00   0.0000000000e+00   8.9509406552e+00
    454.0000000000   9.4400287887e+00   0.0000000000e+00   8.9924137933e+00
    455.0000000000   9.4796605125e+00   0.0000000000e+00   9.0280938253e+00
    456.0000000000   9.5174953170e+00   0.0000000000e+00   9.0714839896e+00
    457.0000000000   9.5541475043e+00   0.0000000000e+00   9.1087555637e+00
    458.0000000000   9.5899072458e+00   0.0000000000e+00   9.1445229304e+00
    459.0000000000   9.6249467394e+00   0.0000000000e+00   9.1883363484e+00
    460.0000000000   9.6593805727e+00   0.0000000000e+00   9.2351500785e+00
    461.0000000000   9.6932906018e+00   0.0000000000e+00   9.2752136738e+00
    462.0000000000   9.7267382384e+00   0.0000000000e+00   9.3134486234e+00
    463.0000000000   9.7597712573e+00   0.0000000000e+00   9.3504998520e+00
    464.0000000000   9.7924278831e+00   0.0000000000e+00   9.3866605916e+00
    465.0000000000   9.8247393947e+00   0.0000000000e+00   9.4221007830e+00
    466.0000000000   9.8653074931e+00   0.0000000000e+00   9.4569321000e+00
    467.0000000000   9.9005551318e+00   0.0000000000e+00   9.4912338959e+00
    468.0000000000   9.9346982396e+00   0.0000000000e+00   9.5250656646e+00
    469.0000000000   9.9681519027e+00   0.0000000000e+00   9.5584737906e+00
    470.0000000000   1.0001084926e+01   0.0000000000e+00   9.5914955335e+00
    471.0000000000   1.0033589215e+01   0.0000000000e+00   9.6241615351e+00
    472.0000000000   1.0065723134e+01   0.0000000000e+00   9.6564974786e+00
    473.0000000000   1.0097527483e+01   0.0000000000e+00   9.6885252313e+00
    474.0000000000   1.0129032706e+01   0.0000000000e+00   9.7202636584e+00
    475.0000000000   1.0160262607e+01   0.0000000000e+00   9.7607465431e+00
    476.0000000000   1.0191236455e+01   0.0000000000e+00   9.7956888333e+00
    477.0000000000   1.0221970272e+01   0.0000000000e+00   9.8295165782e+00
    478.0000000000   1.0261053288e+01   0.0000000000e+00   9.8626605038e+00
    479.0000000000   1.0294898131e+01   0.0000000000e+00   9.8952933661e+00
    480.0000000000   1.0327712079e+01   0.0000000000e+00   9.9275078470e+00
    481.0000000000   1.0359902897e+01   0.0000000000e+00   9.9593619834e+00
    482.0000000000   1.0391633137e+01   0.0000000000e+00   9.9908958472e+00
    483.0000000000   1.0422989325e+01   0.0000000000e+00   1.0022139031e+01
    484.0000000000   1.0454025155e+01   0.0000000000e+00   1.0053114484e+01
    485.0000000000   1.0484777353e+01   0.0000000000e+00   1.0083840664e+01
    486.0000000000   1.0515272783e+01   0.0000000000e+00   1.0114332847e+01
    487.0000000000   1.0562683345e+01   0.0000000000e+00   1.0144603963e+01
    488.0000000000   1.0599827268e+01   0.0000000000e+00   1.0174665150e+01
    489.0000000000   1.0635112071e+01   0.0000000000e+00   1.0204526148e+01
    490.0000000000   1.0677922071e+01   0.0000000000e+00   1.0234195577e+01
    491.0000000000   1.0714976717e+01   0.0000000000e+00   1.0272698468e+01
    492.0000000000   1.0759215485e+01   0.0000000000e+00   1.0305742222e+01
    493.0000000000   1.0806115094e+01   0.0000000000e+00   1.0337746324e+01
    494.0000000000   1.0846495785e+01   0.0000000000e+00   1.0369135746e+01
    495.0000000000   1.0885080959e+01   0.0000000000e+00   1.0400078172e+01
    496.0000000000   1.0922507151e+01   0.0000000000e+00   1.0430661781e+01
    497.0000000000   1.0967642586e+01   0.0000000000e+00   1.0460940594e+01
    498.0000000000   1.1007058381e+01   0.0000000000e+00   1.0490951081e+01
    499.0000000000   1.1045063363e+01   0.0000000000e+00   1.0520719594e+01
    500.0000000000   1.1082135429e+01   0.0000000000e+00   1.0550266149e+01
    501.0000000000   1.1118488139e+01   0.0000000000e+00   1.0579606545e+01
    502.0000000000   1.1162822182e+01   0.0000000000e+00   1.0608753634e+01
    503.0000000000   1.1201622118e+01   0.0000000000e+00   1.0637718130e+01
    504.0000000000   1.1239145547e+01   0.0000000000e+00   1.0666509144e+01
    505.0000000000   1.1284413007e+01   0.0000000000e+00   1.0704151874e+01
    506.0000000000   1.1324016427e+01   0.0000000000e+00   1.0736353672e+01
    507.0000000000   1.1362261825e+01   0.0000000000e+00   1.0767533828e+01
    508.0000000000   1.1399619731e+01   0.0000000000e+00   1.0798117021e+01
    509.0000000000   1.1436296228e+01   0.0000000000e+00   1.0846305226e+01
    510.0000000000   1.1472409850e+01   0.0000000000e+00   1.0883587123e+01
    511.0000000000   1.1508038831e+01   0.0000000000e+00   1.0927859971e+01
    512.0000000000   1.1543239301e+01   0.0000000000e+00   1.0965698654e+01
    513.0000000000   1.1578053845e+01   0.0000000000e+00   1.1001866997e+01
    514.0000000000   1.1612516087e+01   0.0000000000e+00   1.1036970326e+01
    515.0000000000   1.1646653384e+01   0.0000000000e+00   1.1071285314e+01
    516.0000000000   1.1680488509e+01   0.0000000000e+00   1.1104972126e+01
    517.0000000000   1.1714040779e+01   0.0000000000e+00   1.1138135304e+01
    518.0000000000   1.1747326821e+01   0.0000000000e+00   1.1179865708e+01
    519.0000000000   1.1780361133e+01   0.0000000000e+00   1.1215918268e+01
    520.0000000000   1.1813156483e+01   0.0000000000e+00   1.1250748095e+01
    521.0000000000   1.1845724223e+01   0.0000000000e+00   1.1284807652e+01
    522.0000000000   1.1886650152e+01   0.0000000000e+00   1.1318286327e+01
    523.0000000000   1.1922344326e+01   0.0000000000e+00   1.1351289765e+01
    524.0000000000   1.1957012068e+01   0.0000000000e+00   1.1383886267e+01
    525.0000000000   1.1991059636e+01   0.0000000000e+00   1.1416124137e+01
    526.0000000000   1.2024648411e+01   0.0000000000e+00   1.1448039644e+01
    527.0000000000   1.2066439624e+01   0.0000000000e+00   1.1479661204e+01
    528.0000000000   1.2111462754e+01   0.0000000000e+00   1.1511011791e+01
    529.0000000000   1.2150351828e+01   0.0000000000e+00   1.1551127763e+01
    530.0000000000   1.2187728912e+01   0.0000000000e+00   1.1585725639e+01
    531.0000000000   1.2224167360e+01   0.0000000000e+00   1.1619232376e+01
    532.0000000000   1.2259916953e+01   0.0000000000e+00   1.1652079153e+01
    533.0000000000   1.2295117208e+01   0.0000000000e+00   1.1684438868e+01
    534.0000000000   1.2329856988e+01   0.0000000000e+00   1.1716404124e+01
    535.0000000000   1.2364197807e+01   0.0000000000e+00   1.1748032732e+01
    536.0000000000   1.2398184791e+01   0.0000000000e+00   1.1788381755e+01
    537.0000000000   1.2431852494e+01   0.0000000000e+00   1.1823180830e+01
    538.0000000000   1.2465228263e+01   0.0000000000e+00   1.1856865622e+01
    539.0000000000   1.2498334319e+01   0.0000000000e+00   1.1889873304e+01
    540.0000000000   1.2531189105e+01   0.0000000000e+00   1.1922381023e+01
    541.0000000000   1.2563808203e+01   0.0000000000e+00   1.1963501791e+01
    542.0000000000   1.2596204971e+01   0.0000000000e+00   1.1998996149e+01
    543.0000000000   1.2636966642e+01   0.0000000000e+00   1.2042336048e+01
    544.0000000000   1.2672504282e+01   0.0000000000e+00   1.2079671634e+01
    545.0000000000   1.2707023917e+01   0.0000000000e+00   1.2115601958e+01
    546.0000000000   1.2740932278e+01   0.0000000000e+00   1.2150648258e+01
    547.0000000000   1.2782966673e+01   0.0000000000e+00   1.2185037772e+01
    548.0000000000   1.2819613756e+01   0.0000000000e+00   1.2218898914e+01
    549.0000000000   1.2855123567e+01   0.0000000000e+00   1.2252314558e+01
    550.0000000000   1.2889930912e+01   0.0000000000e+00   1.2294360104e+01
    551.0000000000   1.2924216554e+01   0.0000000000e+00   1.2330779061e+01
    552.0000000000   1.2966655486e+01   0.0000000000e+00   1.2366017874e+01
    553.0000000000   1.3003711670e+01   0.0000000000e+00   1.2400522279e+01
    554.0000000000   1.3039625880e+01   0.0000000000e+00   1.2452510995e+01
    555.0000000000   1.3083404698e+01   0.0000000000e+00   1.2493486297e+01
    556.0000000000   1.3130203945e+01   0.0000000000e+00   1.2532339348e+01
    557.0000000000   1.3170720545e+01   0.0000000000e+00   1.2569953989e+01
    558.0000000000   1.3209613457e+01   0.0000000000e+00   1.2606688855e+01
    559.0000000000   1.3247480005e+01   0.0000000000e+00   1.2642736907e+01
    560.0000000000   1.3284586661e+01   0.0000000000e+00   1.2678218364e+01
    561.0000000000   1.3329660783e+01   0.0000000000e+00   1.2713215276e+01
    562.0000000000   1.3377777018e+01   0.0000000000e+00   1.2765821897e+01
    563.0000000000   1.3419602001e+01   0.0000000000e+00   1.2807484440e+01
    564.0000000000   1.3459782302e+01   0.0000000000e+00   1.2856082224e+01
    565.0000000000   1.3498910260e+01   0.0000000000e+00   1.2898182928e+01
    566.0000000000   1.3537250716e+01   0.0000000000e+00   1.2938548286e+01
    567.0000000000   1.3574955371e+01   0.0000000000e+00   1.2977784086e+01
    568.0000000000   1.3620698733e+01   0.0000000000e+00   1.3016168747e+01
    569.0000000000   1.3660951543e+01   0.0000000000e+00   1.3053864800e+01
    570.0000000000   1.3699962958e+01   0.0000000000e+00   1.3090979424e+01
    571.0000000000   1.3738172184e+01   0.0000000000e+00   1.3127588860e+01
    572.0000000000   1.3775766130e+01   0.0000000000e+00   1.3163750261e+01
    573.0000000000   1.3812850660e+01   0.0000000000e+00   1.3208525469e+01
    574.0000000000   1.3849495140e+01   0.0000000000e+00   1.3256667974e+01
    575.0000000000   1.3885749203e+01   0.0000000000e+00   1.3298320725e+01
    576.0000000000   1.3921650499e+01   0.0000000000e+00   1.3338340643e+01
    577.0000000000   1.3965804416e+01   0.0000000000e+00   1.3377330173e+01
    578.0000000000   1.4004636092e+01   0.0000000000e+00   1.3415552943e+01
    579.0000000000   1.4042362759e+01   0.0000000000e+00   1.3453157366e+01
    580.0000000000   1.4087975906e+01   0.0000000000e+00   1.3490238926e+01
    581.0000000000   1.4128045669e+01   0.0000000000e+00   1.3526864471e+01
    582.0000000000   1.4166861201e+01   0.0000000000e+00   1.3563083624e+01
    583.0000000000   1.4204879645e+01   0.0000000000e+00   1.3598934826e+01
    584.0000000000   1.4250871886e+01   0.0000000000e+00   1.3634448845e+01
    585.0000000000   1.4291348429e+01   0.0000000000e+00   1.3669650946e+01
    586.0000000000   1.4330577073e+01   0.0000000000e+00   1.3704562299e+01
    587.0000000000   1.4369006339e+01   0.0000000000e+00   1.3739200948e+01
    588.0000000000   1.4406827879e+01   0.0000000000e+00   1.3773582486e+01
    589.0000000000   1.4444149906e+01   0.0000000000e+00   1.3807720546e+01
    590.0000000000   1.4481042823e+01   0.0000000000e+00   1.3841627170e+01
    591.0000000000   1.4534707824e+01   0.0000000000e+00   1.3884330410e+01
    592.0000000000   1.4577984210e+01   0.0000000000e+00   1.3921540343e+01
    593.0000000000   1.4619295394e+01   0.0000000000e+00   1.3957678839e+01
    594.0000000000   1.4659462486e+01   0.0000000000e+00   1.3993173006e+01
    595.0000000000   1.4698814030e+01   0.0000000000e+00   1.4028192439e+01
    596.0000000000   1.4737525057e+01   0.0000000000e+00   1.4071844368e+01
    597.0000000000   1.4784279571e+01   0.0000000000e+00   1.4109884822e+01
    598.0000000000   1.4825552184e+01   0.0000000000e+00   1.4146764859e+01
    599.0000000000   1.4865593401e+01   0.0000000000e+00   1.4182931314e+01
    600.0000000000   1.4904842590e+01   0.0000000000e+00   1.4218567752e+01
    601.0000000000   1.4943486258e+01   0.0000000000e+00   1.4253774320e+01
    602.0000000000   1.4990205243e+01   0.0000000000e+00   1.4288614325e+01
    603.0000000000   1.5031469038e+01   0.0000000000e+00   1.4323131619e+01
    604.0000000000   1.5071523499e+01   0.0000000000e+00   1.4366375857e+01
    605.0000000000   1.5119379822e+01   0.0000000000e+00   1.4413089758e+01
    606.0000000000   1.5161622360e+01   0.0000000000e+00   1.4453406861e+01
    607.0000000000   1.5202550907e+01   0.0000000000e+00   1.4492175876e+01
    608.0000000000   1.5242630808e+01   0.0000000000e+00   1.4529992071e+01
    609.0000000000   1.5282063781e+01   0.0000000000e+00   1.4567112780e+01
    610.0000000000   1.5320964650e+01   0.0000000000e+00   1.4612698189e+01
    611.0000000000   1.5359408469e+01   0.0000000000e+00   1.4652539317e+01
    612.0000000000   1.5406024247e+01   0.0000000000e+00   1.4691111807e+01
    613.0000000000   1.5455828695e+01   0.0000000000e+00   1.4737897899e+01
    614.0000000000   1.5499451229e+01   0.0000000000e+00   1.4787812672e+01
    615.0000000000   1.5541513032e+01   0.0000000000e+00   1.4831080629e+01
    616.0000000000   1.5582588336e+01   0.0000000000e+00   1.4872606013e+01
    617.0000000000   1.5622928629e+01   0.0000000000e+00   1.4913021207e+01
    618.0000000000   1.5662675490e+01   0.0000000000e+00   1.4952609929e+01
    619.0000000000   1.5701919958e+01   0.0000000000e+00   1.4991534659e+01
    620.0000000000   1.5740725709e+01   0.0000000000e+00   1.5029901060e+01
    621.0000000000   1.5779139951e+01   0.0000000000e+00   1.5067783542e+01
    622.0000000000   1.5817199208e+01   0.0000000000e+00   1.5105237451e+01
    623.0000000000   1.5854932677e+01   0.0000000000e+00   1.5142305646e+01
    624.0000000000   1.5892364302e+01   0.0000000000e+00   1.5179022346e+01
    625.0000000000   1.5929514127e+01   0.0000000000e+00   1.5215415545e+01
    626.0000000000   1.5974974847e+01   0.0000000000e+00   1.5251508598e+01
    627.0000000000   1.6023737711e+01   0.0000000000e+00   1.5287321306e+01
    628.0000000000   1.6066413483e+01   0.0000000000e+00   1.5322870690e+01
    629.0000000000   1.6107609195e+01   0.0000000000e+00   1.5358171551e+01
    630.0000000000   1.6147888061e+01   0.0000000000e+00   1.5393236889e+01
    631.0000000000   1.6187492781e+01   0.0000000000e+00   1.5428078223e+01
    632.0000000000   1.6226557810e+01   0.0000000000e+00   1.5462705837e+01
    633.0000000000   1.6273743939e+01   0.0000000000e+00   1.5506146300e+01
    634.0000000000   1.6315510815e+01   0.0000000000e+00   1.5544108422e+01
    635.0000000000   1.6356098494e+01   0.0000000000e+00   1.5581012975e+01
    636.0000000000   1.6395938621e+01   0.0000000000e+00   1.5626303429e+01
    637.0000000000   1.6435211755e+01   0.0000000000e+00   1.5665848982e+01
    638.0000000000   1.6474018381e+01   0.0000000000e+00   1.5704151955e+01
    639.0000000000   1.6512423264e+01   0.0000000000e+00   1.5741686449e+01
    640.0000000000   1.6550472077e+01   0.0000000000e+00   1.5778652114e+01
    641.0000000000   1.6588199034e+01   0.0000000000e+00   1.5815159308e+01
    642.0000000000   1.6625630901e+01   0.0000000000e+00   1.5860295507e+01
    643.0000000000   1.6662789304e+01   0.0000000000e+00   1.5899809803e+01
    644.0000000000   1.6699692158e+01   0.0000000000e+00   1.5938151163e+01
    645.0000000000   1.6736354609e+01   0.0000000000e+00   1.5975766314e+01
    646.0000000000   1.6772789664e+01   0.0000000000e+00   1.6012839512e+01
    647.0000000000   1.6809008651e+01   0.0000000000e+00   1.6049471898e+01
    648.0000000000   1.6845021544e+01   0.0000000000e+00   1.6085727840e+01
    649.0000000000   1.6880837212e+01   0.0000000000e+00   1.6121652218e+01
    650.0000000000   1.6916463606e+01   0.0000000000e+00   1.6157278318e+01
    651.0000000000   1.6951907908e+01   0.0000000000e+00   1.6192631945e+01
    652.0000000000   1.6987176643e+01   0.0000000000e+00   1.6236751115e+01
    653.0000000000   1.7022275778e+01   0.0000000000e+00   1.6275353298e+01
    654.0000000000   1.7057210791e+01   0.0000000000e+00   1.6312865962e+01
    655.0000000000   1.7091986740e+01   0.0000000000e+00   1.6349720525e+01
    656.0000000000   1.7143759567e+01   0.0000000000e+00   1.6386089944e+01
    657.0000000000   1.7185335395e+01   0.0000000000e+00   1.6422066775e+01
    658.0000000000   1.7225112287e+01   0.0000000000e+00   1.6457708706e+01
    659.0000000000   1.7263891379e+01   0.0000000000e+00   1.6493055313e+01
    660.0000000000   1.7310560709e+01   0.0000000000e+00   1.6528135597e+01
    661.0000000000   1.7360258538e+01   0.0000000000e+00   1.6562971849e+01
    662.0000000000   1.7403680008e+01   0.0000000000e+00   1.6597581840e+01
    663.0000000000   1.7454060713e+01   0.0000000000e+00   1.6631980136e+01
    664.0000000000   1.7506975668e+01   0.0000000000e+00   1.6675196275e+01
    665.0000000000   1.7553290067e+01   0.0000000000e+00   1.6721958460e+01
    666.0000000000   1.7597751779e+01   0.0000000000e+00   1.6762389348e+01
    667.0000000000   1.7641012205e+01   0.0000000000e+00   1.6810346567e+01
    668.0000000000   1.7683373688e+01   0.0000000000e+00   1.6852119176e+01
    669.0000000000   1.7725013204e+01   0.0000000000e+00   1.6892372296e+01
    670.0000000000   1.7766047437e+01   0.0000000000e+00   1.6940680878e+01
    671.0000000000   1.7806559231e+01   0.0000000000e+00   1.6992011936e+01
    672.0000000000   1.7846610477e+01   0.0000000000e+00   1.7036621705e+01
    673.0000000000   1.7894824807e+01   0.0000000000e+00   1.7079435051e+01
    674.0000000000   1.7946217054e+01   0.0000000000e+00   1.7121098390e+01
    675.0000000000   1.7999992026e+01   0.0000000000e+00   1.7170922664e+01
    676.0000000000   1.8047172321e+01   0.0000000000e+00   1.7214777987e+01
    677.0000000000   1.8092530039e+01   0.0000000000e+00   1.7257188531e+01
    678.0000000000   1.8153867578e+01   0.0000000000e+00   1.7298651945e+01
    679.0000000000   1.8204283703e+01   0.0000000000e+00   1.7339389063e+01
    680.0000000000   1.8252343598e+01   0.0000000000e+00   1.7388545770e+01
    681.0000000000   1.8298956199e+01   0.0000000000e+00   1.7440925446e+01
    682.0000000000   1.8361660265e+01   0.0000000000e+00   1.7486703461e+01
    683.0000000000   1.8422050121e+01   0.0000000000e+00   1.7530759156e+01
    684.0000000000   1.8475060084e+01   0.0000000000e+00   1.7582728524e+01
    685.0000000000   1.8525782010e+01   0.0000000000e+00   1.7637605123e+01
    686.0000000000   1.8574995632e+01   0.0000000000e+00   1.7685660337e+01
    687.0000000000   1.8623069510e+01   0.0000000000e+00   1.7740846708e+01
    688.0000000000   1.8670221331e+01   0.0000000000e+00   1.7798536331e+01
    689.0000000000   1.8716595691e+01   0.0000000000e+00   1.7849142897e+01
    690.0000000000   1.8770871629e+01   0.0000000000e+00   1.7906691242e+01
    691.0000000000   1.8819527860e+01   0.0000000000e+00   1.7957579160e+01
    692.0000000000   1.8866822199e+01   0.0000000000e+00   1.8006548129e+01
    693.0000000000   1.8913202212e+01   0.0000000000e+00   1.8054212315e+01
    694.0000000000   1.8958862540e+01   0.0000000000e+00   1.8100864461e+01
    695.0000000000   1.9012491704e+01   0.0000000000e+00   1.8146681661e+01
    696.0000000000   1.9060566291e+01   0.0000000000e+00   1.8191784379e+01
    697.0000000000   1.9107338646e+01   0.0000000000e+00   1.8236260579e+01
    698.0000000000   1.9153250228e+01   0.0000000000e+00   1.8280177640e+01
    699.0000000000   1.9198489865e+01   0.0000000000e+00   1.8323588996e+01
    700.0000000000   1.9243165213e+01   0.0000000000e+00   1.8375555480e+01
    701.0000000000   1.9287347371e+01   0.0000000000e+00   1.8421813711e+01
    702.0000000000   1.9331087667e+01   0.0000000000e+00   1.8466807443e+01
    703.0000000000   1.9383001034e+01   0.0000000000e+00   1.8510982095e+01
    704.0000000000   1.9429519727e+01   0.0000000000e+00   1.8554522788e+01
    705.0000000000   1.9474866558e+01   0.0000000000e+00   1.8606550054e+01
    706.0000000000   1.9528037562e+01   0.0000000000e+00   1.8652831434e+01
    707.0000000000   1.9575606687e+01   0.0000000000e+00   1.8697828023e+01
    708.0000000000   1.9621866352e+01   0.0000000000e+00   1.8741995484e+01
    709.0000000000   1.9667276557e+01   0.0000000000e+00   1.8785525188e+01
    710.0000000000   1.9712035083e+01   0.0000000000e+00   1.8828524231e+01
    711.0000000000   1.9764829445e+01   0.0000000000e+00   1.8871062136e+01
    712.0000000000   1.9812133372e+01   0.0000000000e+00   1.8931222993e+01
    713.0000000000   1.9858195583e+01   0.0000000000e+00   1.8980445079e+01
    714.0000000000   1.9903453684e+01   0.0000000000e+00   1.9027584257e+01
    715.0000000000   1.9948092686e+01   0.0000000000e+00   1.9082520336e+01
    716.0000000000   2.0000792230e+01   0.0000000000e+00   1.9131298656e+01
    717.0000000000   2.0048020882e+01   0.0000000000e+00   1.9178516121e+01
    718.0000000000   2.0094023799e+01   0.0000000000e+00   1.9224705757e+01
    719.0000000000   2.0139236033e+01   0.0000000000e+00   1.9270107472e+01
    720.0000000000   2.0183840691e+01   0.0000000000e+00   1.9314860912e+01
    721.0000000000   2.0227940323e+01   0.0000000000e+00   1.9368075856e+01
    722.0000000000   2.0271601459e+01   0.0000000000e+00   1.9415518966e+01
    723.0000000000   2.0314871331e+01   0.0000000000e+00   1.9461653431e+01
    724.0000000000   2.0366361188e+01   0.0000000000e+00   1.9506937733e+01
    725.0000000000   2.0412499961e+01   0.0000000000e+00   1.9551566022e+01
    726.0000000000   2.0457507463e+01   0.0000000000e+00   1.9595647882e+01
    727.0000000000   2.0501801375e+01   0.0000000000e+00   1.9639254979e+01
    728.0000000000   2.0545552288e+01   0.0000000000e+00   1.9682438567e+01
    729.0000000000   2.0588853369e+01   0.0000000000e+00   1.9725237546e+01
    730.0000000000   2.0640339522e+01   0.0000000000e+00   1.9767682711e+01
    731.0000000000   2.0686453108e+01   0.0000000000e+00   1.9809799213e+01
    732.0000000000   2.0731422088e+01   0.0000000000e+00   1.9851608087e+01
    733.0000000000   2.0775669339e+01   0.0000000000e+00   1.9893127265e+01
    734.0000000000   2.0819368882e+01   0.0000000000e+00   1.9943389591e+01
    735.0000000000   2.0871191840e+01   0.0000000000e+00   1.9988109115e+01
    736.0000000000   2.0917599983e+01   0.0000000000e+00   2.0040728378e+01
    737.0000000000   2.0962832919e+01   0.0000000000e+00   2.0087377794e+01
    738.0000000000   2.1007321075e+01   0.0000000000e+00   2.0132642603e+01
    739.0000000000   2.1051243652e+01   0.0000000000e+00   2.0177034066e+01
    740.0000000000   2.1094699850e+01   0.0000000000e+00   2.0220772044e+01
    741.0000000000   2.1137753294e+01   0.0000000000e+00   2.0263979389e+01
    742.0000000000   2.1180448674e+01   0.0000000000e+00   2.0306734725e+01
    743.0000000000   2.1222819366e+01   0.0000000000e+00   2.0349092841e+01
    744.0000000000   2.1264891423e+01   0.0000000000e+00   2.0391094240e+01
    745.0000000000   2.1306685870e+01   0.0000000000e+00   2.0432770190e+01
    746.0000000000   2.1356795746e+01   0.0000000000e+00   2.0474145653e+01
    747.0000000000   2.1401636650e+01   0.0000000000e+00   2.0515241087e+01
    748.0000000000   2.1445418228e+01   0.0000000000e+00   2.0556073621e+01
    749.0000000000   2.1488550169e+01   0.0000000000e+00   2.0596657850e+01
    750.0000000000   2.1531196610e+01   0.0000000000e+00   2.0637006395e+01
    751.0000000000   2.1573445400e+01   0.0000000000e+00   2.0677130306e+01
    752.0000000000   2.1615351356e+01   0.0000000000e+00   2.0717039360e+01
    753.0000000000   2.1665527789e+01   0.0000000000e+00   2.0756742288e+01
    754.0000000000   2.1710403277e+01   0.0000000000e+00   2.0796246949e+01
    755.0000000000   2.1754196181e+01   0.0000000000e+00   2.0835560466e+01
    756.0000000000   2.1797322268e+01   0.0000000000e+00   2.0883706661e+01
    757.0000000000   2.1848525665e+01   0.0000000000e+00   2.0926391938e+01
    758.0000000000   2.1902873943e+01   0.0000000000e+00   2.0968034957e+01
    759.0000000000   2.1951022207e+01   0.0000000000e+00   2.1009059999e+01
    760.0000000000   2.1997605641e+01   0.0000000000e+00   2.1049634155e+01
    761.0000000000   2.2043206442e+01   0.0000000000e+00   2.1098862428e+01
    762.0000000000   2.2088080699e+01   0.0000000000e+00   2.1142498852e+01
    763.0000000000   2.2132372629e+01   0.0000000000e+00   2.1194010015e+01
    764.0000000000   2.2176174707e+01   0.0000000000e+00   2.1239541588e+01
    765.0000000000   2.2236702557e+01   0.0000000000e+00   2.1283688841e+01
    766.0000000000   2.2286805368e+01   0.0000000000e+00   2.1345004444e+01
    767.0000000000   2.2334913574e+01   0.0000000000e+00   2.1395113763e+01
    768.0000000000   2.2381853418e+01   0.0000000000e+00   2.1442969160e+01
    769.0000000000   2.2436532904e+01   0.0000000000e+00   2.1489489823e+01
    770.0000000000   2.2485530866e+01   0.0000000000e+00   2.1535056749e+01
    771.0000000000   2.2533154937e+01   0.0000000000e+00   2.1579877941e+01
    772.0000000000   2.2579879278e+01   0.0000000000e+00   2.1624084191e+01
    773.0000000000   2.2625913215e+01   0.0000000000e+00   2.1667765238e+01
    774.0000000000   2.2671377767e+01   0.0000000000e+00   2.1710986433e+01
    775.0000000000   2.2716352970e+01   0.0000000000e+00   2.1753797474e+01
    776.0000000000   2.2760896223e+01   0.0000000000e+00   2.1814272078e+01
    777.0000000000   2.2805050980e+01   0.0000000000e+00   2.1863842661e+01
    778.0000000000   2.2857427070e+01   0.0000000000e+00   2.1911361540e+01
    779.0000000000   2.2913028722e+01   0.0000000000e+00   2.1966706222e+01
    780.0000000000   2.2962476799e+01   0.0000000000e+00   2.2015920441e+01
    781.0000000000   2.3010386372e+01   0.0000000000e+00   2.2063599894e+01
    782.0000000000   2.3057327163e+01   0.0000000000e+00   2.2119293962e+01
    783.0000000000   2.3103547234e+01   0.0000000000e+00   2.2168942174e+01
    784.0000000000   2.3149185501e+01   0.0000000000e+00   2.2217096608e+01
    785.0000000000   2.3202906522e+01   0.0000000000e+00   2.2264268235e+01
    786.0000000000   2.3251173150e+01   0.0000000000e+00   2.2310684995e+01
    787.0000000000   2.3306803823e+01   0.0000000000e+00   2.2365496890e+01
    788.0000000000   2.3365209083e+01   0.0000000000e+00   2.2423509847e+01
    789.0000000000   2.3417169453e+01   0.0000000000e+00   2.2474900914e+01
    790.0000000000   2.3467382906e+01   0.0000000000e+00   2.2524550593e+01
    791.0000000000   2.3516468902e+01   0.0000000000e+00   2.2582095728e+01
    792.0000000000   2.3581859418e+01   0.0000000000e+00   2.2633513207e+01
    793.0000000000   2.3636517949e+01   0.0000000000e+00   2.2683374494e+01
    794.0000000000   2.3688944100e+01   0.0000000000e+00   2.2732202076e+01
    795.0000000000   2.3740009797e+01   0.0000000000e+00   2.2780231459e+01
    796.0000000000   2.3798655147e+01   0.0000000000e+00   2.2827600681e+01
    797.0000000000   2.3851482611e+01   0.0000000000e+00   2.2874401922e+01
    798.0000000000   2.3902817848e+01   0.0000000000e+00   2.2920701770e+01
    799.0000000000   2.3953149175e+01   0.0000000000e+00   2.2966550926e+01
    800.0000000000   2.4011272925e+01   0.0000000000e+00   2.3011989476e+01
    801.0000000000   2.4063720330e+01   0.0000000000e+00   2.3057050034e+01
    802.0000000000   2.4114776198e+01   0.0000000000e+00   2.3110777052e+01
    803.0000000000   2.4164903160e+01   0.0000000000e+00   2.3158893948e+01
    804.0000000000   2.4214304709e+01   0.0000000000e+00   2.3214850956e+01
    805.0000000000   2.4263099093e+01   0.0000000000e+00   2.3264784895e+01
    806.0000000000   2.4311365309e+01   0.0000000000e+00   2.3313286403e+01
    807.0000000000   2.4367736341e+01   0.0000000000e+00   2.3360871341e+01
    808.0000000000   2.4418657065e+01   0.0000000000e+00   2.3407763516e+01
    809.0000000000   2.4468359559e+01   0.0000000000e+00   2.3454089205e+01
    810.0000000000   2.4517271267e+01   0.0000000000e+00   2.3499930016e+01
    811.0000000000   2.4565570752e+01   0.0000000000e+00   2.3545343358e+01
    812.0000000000   2.4613357816e+01   0.0000000000e+00   2.3590372046e+01
    813.0000000000   2.4660697343e+01   0.0000000000e+00   2.3635049400e+01
    814.0000000000   2.4716211247e+01   0.0000000000e+00   2.3688419534e+01
    815.0000000000   2.4774911158e+01   0.0000000000e+00   2.3736204994e+01
    816.0000000000   2.4827422802e+01   0.0000000000e+00   2.3782837548e+01
    817.0000000000   2.4878364638e+01   0.0000000000e+00   2.3837769643e+01
    818.0000000000   2.4928308878e+01   0.0000000000e+00   2.3886877922e+01
    819.0000000000   2.4977505499e+01   0.0000000000e+00   2.3934670970e+01
    820.0000000000   2.5034670580e+01   0.0000000000e+00   2.3981628223e+01
    821.0000000000   2.5086295205e+01   0.0000000000e+00   2.4027953923e+01
    822.0000000000   2.5136639429e+01   0.0000000000e+00   2.4073762420e+01
    823.0000000000   2.5186148674e+01   0.0000000000e+00   2.4119127366e+01
    824.0000000000   2.5235013566e+01   0.0000000000e+00   2.4164100493e+01
    825.0000000000   2.5283342283e+01   0.0000000000e+00   2.4217737673e+01
    826.0000000000   2.5331205679e+01   0.0000000000e+00   2.4265769341e+01
    827.0000000000   2.5378654380e+01   0.0000000000e+00   2.4321650090e+01
    828.0000000000   2.5425726725e+01   0.0000000000e+00   2.4371519438e+01
    829.0000000000   2.5481028601e+01   0.0000000000e+00   2.4419969647e+01
    830.0000000000   2.5530985524e+01   0.0000000000e+00   2.4467517503e+01
    831.0000000000   2.5579815034e+01   0.0000000000e+00   2.4523404593e+01
    832.0000000000   2.5627933248e+01   0.0000000000e+00   2.4573457782e+01
    833.0000000000   2.5675509647e+01   0.0000000000e+00   2.4622171771e+01
    834.0000000000   2.5731212225e+01   0.0000000000e+00   2.4670022955e+01
    835.0000000000   2.5781500545e+01   0.0000000000e+00   2.4717216207e+01
    836.0000000000   2.5839188265e+01   0.0000000000e+00   2.4763867752e+01
    837.0000000000   2.5891105554e+01   0.0000000000e+00   2.4810053439e+01
    838.0000000000   2.5941627776e+01   0.0000000000e+00   2.4855827162e+01
    839.0000000000   2.5991252186e+01   0.0000000000e+00   2.4901229469e+01
    840.0000000000   2.6040196382e+01   0.0000000000e+00   2.4946292142e+01
    841.0000000000   2.6088583918e+01   0.0000000000e+00   2.4991040870e+01
    842.0000000000   2.6136494980e+01   0.0000000000e+00   2.5035496926e+01
    843.0000000000   2.6183986103e+01   0.0000000000e+00   2.5088695589e+01
    844.0000000000   2.6231099487e+01   0.0000000000e+00   2.5136352704e+01
    845.0000000000   2.6277867965e+01   0.0000000000e+00   2.5182894819e+01
    846.0000000000   2.6324317908e+01   0.0000000000e+00   2.5237770213e+01
    847.0000000000   2.6370471030e+01   0.0000000000e+00   2.5286852134e+01
    848.0000000000   2.6416345578e+01   0.0000000000e+00   2.5334646353e+01
    849.0000000000   2.6461957139e+01   0.0000000000e+00   2.5381629939e+01
    850.0000000000   2.6507319216e+01   0.0000000000e+00   2.5428005117e+01
    851.0000000000   2.6552443643e+01   0.0000000000e+00   2.5473884494e+01
    852.0000000000   2.6597340899e+01   0.0000000000e+00   2.5519340208e+01
    853.0000000000   2.6642020342e+01   0.0000000000e+00   2.5564422657e+01
    854.0000000000   2.6686490392e+01   0.0000000000e+00   2.5609169208e+01
    855.0000000000   2.6730758680e+01   0.0000000000e+00   2.5653608792e+01
    856.0000000000   2.6774832160e+01   0.0000000000e+00   2.5697764561e+01
    857.0000000000   2.6827292831e+01   0.0000000000e+00   2.5741655528e+01
    858.0000000000   2.6883123071e+01   0.0000000000e+00   2.5785297637e+01
    859.0000000000   2.6932926185e+01   0.0000000000e+00   2.5837721814e+01
    860.0000000000   2.6981302872e+01   0.0000000000e+00   2.5884640280e+01
    861.0000000000   2.7028810902e+01   0.0000000000e+00   2.5930476516e+01
    862.0000000000   2.7075688270e+01   0.0000000000e+00   2.5975658848e+01
    863.0000000000   2.7122065322e+01   0.0000000000e+00   2.6029375124e+01
    864.0000000000   2.7168023610e+01   0.0000000000e+00   2.6077416403e+01
    865.0000000000   2.7213618711e+01   0.0000000000e+00   2.6124251973e+01
    866.0000000000   2.7258890845e+01   0.0000000000e+00   2.6170339324e+01
    867.0000000000   2.7303870461e+01   0.0000000000e+00   2.6215868775e+01
    868.0000000000   2.7348581428e+01   0.0000000000e+00   2.6269962342e+01
    869.0000000000   2.7401618616e+01   0.0000000000e+00   2.6327404306e+01
    870.0000000000   2.7449398777e+01   0.0000000000e+00   2.6387371799e+01
    871.0000000000   2.7496132252e+01   0.0000000000e+00   2.6449449051e+01
    872.0000000000   2.7542229101e+01   0.0000000000e+00   2.6504357551e+01
    873.0000000000   2.7587853607e+01   0.0000000000e+00   2.6557196292e+01
    874.0000000000   2.7633093612e+01   0.0000000000e+00   2.6608696776e+01
    875.0000000000   2.7686579440e+01   0.0000000000e+00   2.6659200729e+01
    876.0000000000   2.7743325089e+01   0.0000000000e+00   2.6708907757e+01
    877.0000000000   2.7793955882e+01   0.0000000000e+00   2.6757948827e+01
    878.0000000000   2.7860239820e+01   0.0000000000e+00   2.6806416417e+01
    879.0000000000   2.7915548540e+01   0.0000000000e+00   2.6854379260e+01
    880.0000000000   2.7968523410e+01   0.0000000000e+00   2.6901890421e+01
    881.0000000000   2.8020099529e+01   0.0000000000e+00   2.6948992094e+01
    882.0000000000   2.8070673274e+01   0.0000000000e+00   2.6995718628e+01
    883.0000000000   2.8120463508e+01   0.0000000000e+00   2.7042098529e+01
    884.0000000000   2.8169608601e+01   0.0000000000e+00   2.7088155839e+01
    885.0000000000   2.8218203705e+01   0.0000000000e+00   2.7133911112e+01
    886.0000000000   2.8266318148e+01   0.0000000000e+00   2.7179382126e+01
    887.0000000000   2.8322580256e+01   0.0000000000e+00   2.7233601743e+01
    888.0000000000   2.8373432293e+01   0.0000000000e+00   2.7282284110e+01
    889.0000000000   2.8423104603e+01   0.0000000000e+00   2.7329854566e+01
    890.0000000000   2.8472023291e+01   0.0000000000e+00   2.7385760530e+01
    891.0000000000   2.8520365753e+01   0.0000000000e+00   2.7435874630e+01
    892.0000000000   2.8568230706e+01   0.0000000000e+00   2.7484702193e+01
    893.0000000000   2.8615681997e+01   0.0000000000e+00   2.7532719972e+01
    894.0000000000   2.8662764892e+01   0.0000000000e+00   2.7580129962e+01
    895.0000000000   2.8709513517e+01   0.0000000000e+00   2.7627044615e+01
    896.0000000000   2.8764530370e+01   0.0000000000e+00   2.7673535958e+01
    897.0000000000   2.8822813806e+01   0.0000000000e+00   2.7719654317e+01
    898.0000000000   2.8874979910e+01   0.0000000000e+00   2.7765437014e+01
    899.0000000000   2.8925639805e+01   0.0000000000e+00   2.7819930279e+01
    900.0000000000   2.8983935545e+01   0.0000000000e+00   2.7868857700e+01
    901.0000000000   2.9036513285e+01   0.0000000000e+00   2.7925668785e+01
    902.0000000000   2.9087706562e+01   0.0000000000e+00   2.7976499132e+01
    903.0000000000   2.9146576544e+01   0.0000000000e+00   2.8025937899e+01
    904.0000000000   2.9216889983e+01   0.0000000000e+00   2.8074499346e+01
    905.0000000000   2.9275769090e+01   0.0000000000e+00   2.8122405644e+01
    906.0000000000   2.9340663196e+01   0.0000000000e+00   2.8178798769e+01
    907.0000000000   2.9398982588e+01   0.0000000000e+00   2.8238476520e+01
    908.0000000000   2.9472506878e+01   0.0000000000e+00   2.8300625727e+01
    909.0000000000   2.9534675795e+01   0.0000000000e+00   2.8355820569e+01
    910.0000000000   2.9602765407e+01   0.0000000000e+00   2.8409087728e+01
    911.0000000000   2.9672733846e+01   0.0000000000e+00   2.8461117531e+01
    912.0000000000   2.9735611881e+01   0.0000000000e+00   2.8521243277e+01
    913.0000000000   2.9804818711e+01   0.0000000000e+00   2.8584365146e+01
    914.0000000000   2.9867470169e+01   0.0000000000e+00   2.8640715664e+01
    915.0000000000   2.9936686959e+01   0.0000000000e+00   2.8704228227e+01
    916.0000000000   2.9999480298e+01   0.0000000000e+00   2.8761247006e+01
    917.0000000000   3.0068921227e+01   0.0000000000e+00   2.8825496153e+01
    918.0000000000   3.0131993429e+01   0.0000000000e+00   2.8892283614e+01
    919.0000000000   3.0201751154e+01   0.0000000000e+00   2.8970032915e+01
    920.0000000000   3.0265167161e+01   0.0000000000e+00   2.9035141169e+01
    921.0000000000   3.0326712623e+01   0.0000000000e+00   2.9097126388e+01
    922.0000000000   3.0386954155e+01   0.0000000000e+00   2.9157152274e+01
    923.0000000000   3.0446162113e+01   0.0000000000e+00   2.9233771547e+01
    924.0000000000   3.0513077240e+01   0.0000000000e+00   2.9298681126e+01
    925.0000000000   3.0574214217e+01   0.0000000000e+00   2.9360899635e+01
    926.0000000000   3.0633854321e+01   0.0000000000e+00   2.9421400707e+01
    927.0000000000   3.0692461697e+01   0.0000000000e+00   2.9480609521e+01
    928.0000000000   3.0750243395e+01   0.0000000000e+00   2.9538770232e+01
    929.0000000000   3.0815897640e+01   0.0000000000e+00   2.9596043593e+01
    930.0000000000   3.0875908867e+01   0.0000000000e+00   2.9652544491e+01
    931.0000000000   3.0934535925e+01   0.0000000000e+00   2.9708359639e+01
    932.0000000000   3.1000801417e+01   0.0000000000e+00   2.9763557075e+01
    933.0000000000   3.1061299797e+01   0.0000000000e+00   2.9818191763e+01
    934.0000000000   3.1120339856e+01   0.0000000000e+00   2.9872309117e+01
    935.0000000000   3.1178395010e+01   0.0000000000e+00   2.9925947348e+01
    936.0000000000   3.1235674254e+01   0.0000000000e+00   2.9979139086e+01
    937.0000000000   3.1292299003e+01   0.0000000000e+00   3.0031912544e+01
    938.0000000000   3.1348350303e+01   0.0000000000e+00   3.0093309696e+01
    939.0000000000   3.1412462642e+01   0.0000000000e+00   3.0149052727e+01
    940.0000000000   3.1471082118e+01   0.0000000000e+00   3.0203574125e+01
    941.0000000000   3.1528441877e+01   0.0000000000e+00   3.0257310375e+01
    942.0000000000   3.1584970357e+01   0.0000000000e+00   3.0310439416e+01
    943.0000000000   3.1640847061e+01   0.0000000000e+00   3.0363058616e+01
    944.0000000000   3.1696172703e+01   0.0000000000e+00   3.0415230267e+01
    945.0000000000   3.1751013058e+01   0.0000000000e+00   3.0466998319e+01
    946.0000000000   3.1805415279e+01   0.0000000000e+00   3.0518395915e+01
    947.0000000000   3.1867990966e+01   0.0000000000e+00   3.0569449263e+01
    948.0000000000   3.1925169677e+01   0.0000000000e+00   3.0620179822e+01
    949.0000000000   3.1981172018e+01   0.0000000000e+00   3.0688640291e+01
    950.0000000000   3.2036416577e+01   0.0000000000e+00   3.0746247062e+01
    951.0000000000   3.2091074906e+01   0.0000000000e+00   3.0801839997e+01
    952.0000000000   3.2145241163e+01   0.0000000000e+00   3.0856269454e+01
    953.0000000000   3.2198975626e+01   0.0000000000e+00   3.0909870868e+01
    954.0000000000   3.2252320768e+01   0.0000000000e+00   3.0971837753e+01
    955.0000000000   3.2313884161e+01   0.0000000000e+00   3.1027978258e+01
    956.0000000000   3.2370091860e+01   0.0000000000e+00   3.1082778029e+01
    957.0000000000   3.2425161400e+01   0.0000000000e+00   3.1145725735e+01
    958.0000000000   3.2488084280e+01   0.0000000000e+00   3.1202723611e+01
    959.0000000000   3.2545430522e+01   0.0000000000e+00   3.1258299034e+01
    960.0000000000   3.2601489121e+01   0.0000000000e+00   3.1312945681e+01
    961.0000000000   3.2656717078e+01   0.0000000000e+00   3.1366878866e+01
    962.0000000000   3.2719885157e+01   0.0000000000e+00   3.1420221738e+01
    963.0000000000   3.2777503788e+01   0.0000000000e+00   3.1482072404e+01
    964.0000000000   3.2833840735e+01   0.0000000000e+00   3.1538188909e+01
    965.0000000000   3.2889344527e+01   0.0000000000e+00   3.1593027870e+01
    966.0000000000   3.2944206863e+01   0.0000000000e+00   3.1647042616e+01
    967.0000000000   3.2998536039e+01   0.0000000000e+00   3.1700423158e+01
    968.0000000000   3.3052402574e+01   0.0000000000e+00   3.1753275699e+01
    969.0000000000   3.3105856547e+01   0.0000000000e+00   3.1805669095e+01
    970.0000000000   3.3158935660e+01   0.0000000000e+00   3.1866669555e+01
    971.0000000000   3.3211669516e+01   0.0000000000e+00   3.1922014410e+01
    972.0000000000   3.3264082102e+01   0.0000000000e+00   3.1976145887e+01
    973.0000000000   3.3333344601e+01   0.0000000000e+00   3.2029506826e+01
    974.0000000000   3.3392275657e+01   0.0000000000e+00   3.2082279315e+01
    975.0000000000   3.3449283798e+01   0.0000000000e+00   3.2134563393e+01
    976.0000000000   3.3505179032e+01   0.0000000000e+00   3.2186423017e+01
    977.0000000000   3.3560281384e+01   0.0000000000e+00   3.2237903099e+01
    978.0000000000   3.3614759210e+01   0.0000000000e+00   3.2298054573e+01
    979.0000000000   3.3668715556e+01   0.0000000000e+00   3.2352604212e+01
    980.0000000000   3.3730795459e+01   0.0000000000e+00   3.2405986518e+01
    981.0000000000   3.3787449765e+01   0.0000000000e+00   3.2458638434e+01
    982.0000000000   3.3842913236e+01   0.0000000000e+00   3.2519754724e+01
    983.0000000000   3.3897614166e+01   0.0000000000e+00   3.2584149448e+01
    984.0000000000   3.3960306540e+01   0.0000000000e+00   3.2641997080e+01
    985.0000000000   3.4026065869e+01   0.0000000000e+00   3.2707189630e+01
    986.0000000000   3.4085553782e+01   0.0000000000e+00   3.2766040523e+01
    987.0000000000   3.4143410914e+01   0.0000000000e+00   3.2832250328e+01
    988.0000000000   3.4200224080e+01   0.0000000000e+00   3.2892091118e+01
    989.0000000000   3.4256253331e+01   0.0000000000e+00   3.2950236436e+01
    990.0000000000   3.4311646317e+01   0.0000000000e+00   3.3007257170e+01
    991.0000000000   3.4366498523e+01   0.0000000000e+00   3.3063415725e+01
    992.0000000000   3.4420876965e+01   0.0000000000e+00   3.3118866590e+01
    993.0000000000   3.4474831423e+01   0.0000000000e+00   3.3173712660e+01
    994.0000000000   3.4536976072e+01   0.0000000000e+00   3.3228027822e+01
    995.0000000000   3.4610893866e+01   0.0000000000e+00   3.3281867913e+01
    996.0000000000   3.4673608826e+01   0.0000000000e+00   3.3335276735e+01
    997.0000000000   3.4733934743e+01   0.0000000000e+00   3.3397306964e+01
    998.0000000000   3.4792841340e+01   0.0000000000e+00   3.3453688226e+01
    999.0000000000   3.4850732152e+01   0.0000000000e+00   3.3508858222e+01
   1000.0000000000   3.4907826151e+01   0.0000000000e+00   3.3572274414e+01
   1001.0000000000   3.4964260018e+01   0.0000000000e+00   3.3629817726e+01
   1002.0000000000   3.5020126970e+01   0.0000000000e+00   3.3686000424e+01
   1003.0000000000   3.5084070247e+01   0.0000000000e+00   3.3741305140e+01
   1004.0000000000   3.5142542042e+01   0.0000000000e+00   3.3795938901e+01
   1005.0000000000   3.5199779666e+01   0.0000000000e+00   3.3850018505e+01
   1006.0000000000   3.5256214338e+01   0.0000000000e+00   3.3903619767e+01
   1007.0000000000   3.5312027353e+01   0.0000000000e+00   3.3956796338e+01
   1008.0000000000   3.5375896133e+01   0.0000000000e+00   3.4009588482e+01
   1009.0000000000   3.5451439160e+01   0.0000000000e+00   3.4071045044e+01
   1010.0000000000   3.5515702541e+01   0.0000000000e+00   3.4126891956e+01
   1011.0000000000   3.5577514827e+01   0.0000000000e+00   3.4181563508e+01
   1012.0000000000   3.5646431788e+01   0.0000000000e+00   3.4244514080e+01
   1013.0000000000   3.5709265526e+01   0.0000000000e+00   3.4301621839e+01
   1014.0000000000   3.5770437865e+01   0.0000000000e+00   3.4357396596e+01
   1015.0000000000   3.5830488746e+01   0.0000000000e+00   3.4412318794e+01
   1016.0000000000   3.5889669495e+01   0.0000000000e+00   3.4466593513e+01
   1017.0000000000   3.5948129938e+01   0.0000000000e+00   3.4529353134e+01
   1018.0000000000   3.6005970945e+01   0.0000000000e+00   3.4595389690e+01
   1019.0000000000   3.6071841232e+01   0.0000000000e+00   3.4654869055e+01
   1020.0000000000   3.6132197342e+01   0.0000000000e+00   3.4712662605e+01
   1021.0000000000   3.6191280219e+01   0.0000000000e+00   3.4778399625e+01
   1022.0000000000   3.6249524197e+01   0.0000000000e+00   3.4838050670e+01
   1023.0000000000   3.6307113284e+01   0.0000000000e+00   3.4896181841e+01
   1024.0000000000   3.6364151656e+01   0.0000000000e+00   3.4953311050e+01
   1025.0000000000   3.6420707765e+01   0.0000000000e+00   3.5009669860e+01
   1026.0000000000   3.6476830834e+01   0.0000000000e+00   3.5065392895e+01
   1027.0000000000   3.6532558434e+01   0.0000000000e+00   3.5120569354e+01
   1028.0000000000   3.6587920473e+01   0.0000000000e+00   3.5184280540e+01
   1029.0000000000   3.6642941504e+01   0.0000000000e+00   3.5242275297e+01
   1030.0000000000   3.6697642158e+01   0.0000000000e+00   3.5299004843e+01
   1031.0000000000   3.6752040098e+01   0.0000000000e+00   3.5354919178e+01
   1032.0000000000   3.6806150668e+01   0.0000000000e+00   3.5410206183e+01
   1033.0000000000   3.6859987363e+01   0.0000000000e+00   3.5464970652e+01
   1034.0000000000   3.6913562167e+01   0.0000000000e+00   3.5519280491e+01
   1035.0000000000   3.6966885823e+01   0.0000000000e+00   3.5582201252e+01
   1036.0000000000   3.7019968024e+01   0.0000000000e+00   3.5639469804e+01
   1037.0000000000   3.7072817577e+01   0.0000000000e+00   3.5695528041e+01
   1038.0000000000   3.7125442529e+01   0.0000000000e+00   3.5750818560e+01
   1039.0000000000   3.7186425897e+01   0.0000000000e+00   3.5805523270e+01
   1040.0000000000   3.7242175378e+01   0.0000000000e+00   3.5859742073e+01
   1041.0000000000   3.7305469908e+01   0.0000000000e+00   3.5913538815e+01
   1042.0000000000   3.7363114900e+01   0.0000000000e+00   3.5966958322e+01
   1043.0000000000   3.7428042868e+01   0.0000000000e+00   3.6020034131e+01
   1044.0000000000   3.7487137669e+01   0.0000000000e+00   3.6072792505e+01
   1045.0000000000   3.7544802560e+01   0.0000000000e+00   3.6125254718e+01
   1046.0000000000   3.7601550562e+01   0.0000000000e+00   3.6177438464e+01
   1047.0000000000   3.7657608676e+01   0.0000000000e+00   3.6229358762e+01
   1048.0000000000   3.7713106262e+01   0.0000000000e+00   3.6281028576e+01
   1049.0000000000   3.7768127153e+01   0.0000000000e+00   3.6332459252e+01
   1050.0000000000   3.7822730189e+01   0.0000000000e+00   3.6383660829e+01
   1051.0000000000   3.7876959010e+01   0.0000000000e+00   3.6434642279e+01
   1052.0000000000   3.7930847319e+01   0.0000000000e+00   3.6485411685e+01
   1053.0000000000   3.7984421971e+01   0.0000000000e+00   3.6535976380e+01
   1054.0000000000   3.8046280539e+01   0.0000000000e+00   3.6595360385e+01
   1055.0000000000   3.8102842200e+01   0.0000000000e+00   3.6649270296e+01
   1056.0000000000   3.8166895099e+01   0.0000000000e+00   3.6702124951e+01
   1057.0000000000   3.8225252130e+01   0.0000000000e+00   3.6754348802e+01
   1058.0000000000   3.8282276338e+01   0.0000000000e+00   3.6815126431e+01
   1059.0000000000   3.8347031441e+01   0.0000000000e+00   3.6870246119e+01
   1060.0000000000   3.8406128878e+01   0.0000000000e+00   3.6924174771e+01
   1061.0000000000   3.8463883633e+01   0.0000000000e+00   3.6977367824e+01
   1062.0000000000   3.8520770051e+01   0.0000000000e+00   3.7030013808e+01
   1063.0000000000   3.8576995368e+01   0.0000000000e+00   3.7082215856e+01
   1064.0000000000   3.8632677858e+01   0.0000000000e+00   3.7134039105e+01
   1065.0000000000   3.8687894743e+01   0.0000000000e+00   3.7185528536e+01
   1066.0000000000   3.8742700754e+01   0.0000000000e+00   3.7236717163e+01
   1067.0000000000   3.8797136902e+01   0.0000000000e+00   3.7287630329e+01
   1068.0000000000   3.8851235176e+01   0.0000000000e+00   3.7338288161e+01
   1069.0000000000   3.8905021308e+01   0.0000000000e+00   3.7388707079e+01
   1070.0000000000   3.8958516499e+01   0.0000000000e+00   3.7438900775e+01
   1071.0000000000   3.9020314190e+01   0.0000000000e+00   3.7488880875e+01
   1072.0000000000   3.9076830469e+01   0.0000000000e+00   3.7556692044e+01
   1073.0000000000   3.9132275494e+01   0.0000000000e+00   3.7613743928e+01
   1074.0000000000   3.9195635078e+01   0.0000000000e+00   3.7668870586e+01
   1075.0000000000   3.9253474704e+01   0.0000000000e+00   3.7722917295e+01
   1076.0000000000   3.9310079644e+01   0.0000000000e+00   3.7776214983e+01
   1077.0000000000   3.9374479396e+01   0.0000000000e+00   3.7828935792e+01
   1078.0000000000   3.9441842918e+01   0.0000000000e+00   3.7881183757e+01
   1079.0000000000   3.9502875291e+01   0.0000000000e+00   3.7933028011e+01
   1080.0000000000   3.9562240866e+01   0.0000000000e+00   3.7984517628e+01
   1081.0000000000   3.9620540723e+01   0.0000000000e+00   3.8053723838e+01
   1082.0000000000   3.9678044068e+01   0.0000000000e+00   3.8112075846e+01
   1083.0000000000   3.9743480325e+01   0.0000000000e+00   3.8168422559e+01
   1084.0000000000   3.9803350129e+01   0.0000000000e+00   3.8223620808e+01
   1085.0000000000   3.9870496161e+01   0.0000000000e+00   3.8278010695e+01
   1086.0000000000   3.9931769948e+01   0.0000000000e+00   3.8340789107e+01
   1087.0000000000   3.9991563068e+01   0.0000000000e+00   3.8397766611e+01
   1088.0000000000   4.0050385386e+01   0.0000000000e+00   3.8453430570e+01
   1089.0000000000   4.0108464508e+01   0.0000000000e+00   3.8508253514e+01
   1090.0000000000   4.0165932064e+01   0.0000000000e+00   3.8562438010e+01
   1091.0000000000   4.0222874844e+01   0.0000000000e+00   3.8616098735e+01
   1092.0000000000   4.0279354855e+01   0.0000000000e+00   3.8669310403e+01
   1093.0000000000   4.0343994502e+01   0.0000000000e+00   3.8722126002e+01
   1094.0000000000   4.0403231368e+01   0.0000000000e+00   3.8774585317e+01
   1095.0000000000   4.0461292113e+01   0.0000000000e+00   3.8826719454e+01
   1096.0000000000   4.0518599939e+01   0.0000000000e+00   3.8878553493e+01
   1097.0000000000   4.0575329948e+01   0.0000000000e+00   3.8930108136e+01
   1098.0000000000   4.0631579035e+01   0.0000000000e+00   3.8981400807e+01
   1099.0000000000   4.0687409594e+01   0.0000000000e+00   3.9032446398e+01
   1100.0000000000   4.0742865730e+01   0.0000000000e+00   3.9092275131e+01
   1101.0000000000   4.0797980637e+01   0.0000000000e+00   3.9146598749e+01
   1102.0000000000   4.0852780435e+01   0.0000000000e+00   3.9199840407e+01
   1103.0000000000   4.0915861996e+01   0.0000000000e+00   3.9252428207e+01
   1104.0000000000   4.0973643920e+01   0.0000000000e+00   3.9313549841e+01
   1105.0000000000   4.1030338283e+01   0.0000000000e+00   3.9368996260e+01
   1106.0000000000   4.1086356782e+01   0.0000000000e+00   3.9423236670e+01
   1107.0000000000   4.1141865249e+01   0.0000000000e+00   3.9485745830e+01
   1108.0000000000   4.1196952988e+01   0.0000000000e+00   3.9551431785e+01
   1109.0000000000   4.1251676075e+01   0.0000000000e+00   3.9610512811e+01
   1110.0000000000   4.1314648928e+01   0.0000000000e+00   3.9667887754e+01
   1111.0000000000   4.1372301099e+01   0.0000000000e+00   3.9724184345e+01
   1112.0000000000   4.1437427452e+01   0.0000000000e+00   3.9779682294e+01
   1113.0000000000   4.1496845412e+01   0.0000000000e+00   3.9834540612e+01
   1114.0000000000   4.1554921179e+01   0.0000000000e+00   3.9888861950e+01
   1115.0000000000   4.1612145111e+01   0.0000000000e+00   3.9942718083e+01
   1116.0000000000   4.1668729424e+01   0.0000000000e+00   3.9996162045e+01
   1117.0000000000   4.1724793356e+01   0.0000000000e+00   4.0049234655e+01
   1118.0000000000   4.1780413543e+01   0.0000000000e+00   4.0110985646e+01
   1119.0000000000   4.1835643551e+01   0.0000000000e+00   4.0167141849e+01
   1120.0000000000   4.1890523049e+01   0.0000000000e+00   4.0222138342e+01
   1121.0000000000   4.1953658317e+01   0.0000000000e+00   4.0285430155e+01
   1122.0000000000   4.2011474705e+01   0.0000000000e+00   4.0342895958e+01
   1123.0000000000   4.2068189251e+01   0.0000000000e+00   4.0408063263e+01
   1124.0000000000   4.2132793004e+01   0.0000000000e+00   4.0476130547e+01
   1125.0000000000   4.2191855518e+01   0.0000000000e+00   4.0537416674e+01
   1126.0000000000   4.2249665289e+01   0.0000000000e+00   4.0596869157e+01
   1127.0000000000   4.2306678771e+01   0.0000000000e+00   4.0655143847e+01
   1128.0000000000   4.2363090520e+01   0.0000000000e+00   4.0721555938e+01
   1129.0000000000   4.2427585099e+01   0.0000000000e+00   4.0781977548e+01
   1130.0000000000   4.2486633524e+01   0.0000000000e+00   4.0840933822e+01
   1131.0000000000   4.2544482007e+01   0.0000000000e+00   4.0898922890e+01
   1132.0000000000   4.2601565835e+01   0.0000000000e+00   4.0956165835e+01
   1133.0000000000   4.2658067867e+01   0.0000000000e+00   4.1012791361e+01
   1134.0000000000   4.2714090110e+01   0.0000000000e+00   4.1077902496e+01
   1135.0000000000   4.2769698376e+01   0.0000000000e+00   4.1137261530e+01
   1136.0000000000   4.2833514705e+01   0.0000000000e+00   4.1195328692e+01
   1137.0000000000   4.2891974729e+01   0.0000000000e+00   4.1252560376e+01
   1138.0000000000   4.2949302601e+01   0.0000000000e+00   4.1309149200e+01
   1139.0000000000   4.3005918900e+01   0.0000000000e+00   4.1365203580e+01
   1140.0000000000   4.3061996174e+01   0.0000000000e+00   4.1429811585e+01
   1141.0000000000   4.3117628919e+01   0.0000000000e+00   4.1488724163e+01
   1142.0000000000   4.3172877305e+01   0.0000000000e+00   4.1546392748e+01
   1143.0000000000   4.3227783394e+01   0.0000000000e+00   4.1603266783e+01
   1144.0000000000   4.3282378509e+01   0.0000000000e+00   4.1659533301e+01
   1145.0000000000   4.3336687061e+01   0.0000000000e+00   4.1724313494e+01
   1146.0000000000   4.3390728728e+01   0.0000000000e+00   4.1792392128e+01
   1147.0000000000   4.3453095424e+01   0.0000000000e+00   4.1853930191e+01
   1148.0000000000   4.3518777421e+01   0.0000000000e+00   4.1922813008e+01
   1149.0000000000   4.3578384428e+01   0.0000000000e+00   4.1985350607e+01
   1150.0000000000   4.3636522409e+01   0.0000000000e+00   4.2046224553e+01
   1151.0000000000   4.3693753533e+01   0.0000000000e+00   4.2106005732e+01
   1152.0000000000   4.3750319497e+01   0.0000000000e+00   4.2164954311e+01
   1153.0000000000   4.3806353800e+01   0.0000000000e+00   4.2223222074e+01
   1154.0000000000   4.3870516330e+01   0.0000000000e+00   4.2280909325e+01
   1155.0000000000   4.3929265889e+01   0.0000000000e+00   4.2338087644e+01
   1156.0000000000   4.3986841735e+01   0.0000000000e+00   4.2394810869e+01
   1157.0000000000   4.4043674769e+01   0.0000000000e+00   4.2451121086e+01
   1158.0000000000   4.4099944851e+01   0.0000000000e+00   4.2507052177e+01
   1159.0000000000   4.4155751810e+01   0.0000000000e+00   4.2562632062e+01
   1160.0000000000   4.4228311058e+01   0.0000000000e+00   4.2617884189e+01
   1161.0000000000   4.4290469457e+01   0.0000000000e+00   4.2672828559e+01
   1162.0000000000   4.4350654683e+01   0.0000000000e+00   4.2727482459e+01
   1163.0000000000   4.4409690324e+01   0.0000000000e+00   4.2781860999e+01
   1164.0000000000   4.4476481998e+01   0.0000000000e+00   4.2835977513e+01
   1165.0000000000   4.4537606449e+01   0.0000000000e+00   4.2889843870e+01
   1166.0000000000   4.4597369489e+01   0.0000000000e+00   4.2943470709e+01
   1167.0000000000   4.4664819330e+01   0.0000000000e+00   4.2996867633e+01
   1168.0000000000   4.4735140437e+01   0.0000000000e+00   4.3050043357e+01
   1169.0000000000   4.4799050514e+01   0.0000000000e+00   4.3103005834e+01
   1170.0000000000   4.4861224211e+01   0.0000000000e+00   4.3155762355e+01
   1171.0000000000   4.4922271086e+01   0.0000000000e+00   4.3208319631e+01
   1172.0000000000   4.4982467385e+01   0.0000000000e+00   4.3260683866e+01
   1173.0000000000   4.5041972820e+01   0.0000000000e+00   4.3312860811e+01
   1174.0000000000   4.5100892151e+01   0.0000000000e+00   4.3373873144e+01
   1175.0000000000   4.5167875342e+01   0.0000000000e+00   4.3429426311e+01
   1176.0000000000   4.5229378945e+01   0.0000000000e+00   4.3483938153e+01
   1177.0000000000   4.5289643318e+01   0.0000000000e+00   4.3537832258e+01
   1178.0000000000   4.5349101928e+01   0.0000000000e+00   4.3591275122e+01
   1179.0000000000   4.5407937793e+01   0.0000000000e+00   4.3644353906e+01
   1180.0000000000   4.5466254062e+01   0.0000000000e+00   4.3697121750e+01
   1181.0000000000   4.5524118162e+01   0.0000000000e+00   4.3749614357e+01
   1182.0000000000   4.5598729577e+01   0.0000000000e+00   4.3810874731e+01
   1183.0000000000   4.5662926687e+01   0.0000000000e+00   4.3866622748e+01
   1184.0000000000   4.5725132486e+01   0.0000000000e+00   4.3921286854e+01
   1185.0000000000   4.5786167986e+01   0.0000000000e+00   4.3975298639e+01
   1186.0000000000   4.5846361836e+01   0.0000000000e+00   4.4037848103e+01
   1187.0000000000   4.5914464933e+01   0.0000000000e+00   4.4094727710e+01
   1188.0000000000   4.5985562485e+01   0.0000000000e+00   4.4150407645e+01
   1189.0000000000   4.6050326469e+01   0.0000000000e+00   4.4205345943e+01
   1190.0000000000   4.6113406451e+01   0.0000000000e+00   4.4259733219e+01
   1191.0000000000   4.6175396625e+01   0.0000000000e+00   4.4313674286e+01
   1192.0000000000   4.6236563101e+01   0.0000000000e+00   4.4376252975e+01
   1193.0000000000   4.6305634166e+01   0.0000000000e+00   4.4433215835e+01
   1194.0000000000   4.6369110357e+01   0.0000000000e+00   4.4489009973e+01
   1195.0000000000   4.6431259208e+01   0.0000000000e+00   4.4553098014e+01
   1196.0000000000   4.6492532151e+01   0.0000000000e+00   4.4611363538e+01
   1197.0000000000   4.6553124717e+01   0.0000000000e+00   4.4668319931e+01
   1198.0000000000   4.6613149129e+01   0.0000000000e+00   4.4724449987e+01
   1199.0000000000   4.6672679619e+01   0.0000000000e+00   4.4779960295e+01
   1200.0000000000   4.6731769660e+01   0.0000000000e+00   4.4834966834e+01
   1201.0000000000   4.6790460006e+01   0.0000000000e+00   4.4889544366e+01
   1202.0000000000   4.6848782985e+01   0.0000000000e+00   4.4943745350e+01
   1203.0000000000   4.6915340639e+01   0.0000000000e+00   4.5006626104e+01
   1204.0000000000   4.6976555933e+01   0.0000000000e+00   4.5063917294e+01
   1205.0000000000   4.7036644665e+01   0.0000000000e+00   4.5129073585e+01
   1206.0000000000   4.7096021738e+01   0.0000000000e+00   4.5188234449e+01
   1207.0000000000   4.7154855773e+01   0.0000000000e+00   4.5255009334e+01
   1208.0000000000   4.7213238516e+01   0.0000000000e+00   4.5324632595e+01
   1209.0000000000   4.7271228196e+01   0.0000000000e+00   4.5396459179e+01
   1210.0000000000   4.7337441143e+01   0.0000000000e+00   4.5461148024e+01
   1211.0000000000   4.7398308618e+01   0.0000000000e+00   4.5523775085e+01
   1212.0000000000   4.7458051384e+01   0.0000000000e+00   4.5585062060e+01
   1213.0000000000   4.7517087367e+01   0.0000000000e+00   4.5645346214e+01
   1214.0000000000   4.7575587016e+01   0.0000000000e+00   4.5704825107e+01
   1215.0000000000   4.7633643161e+01   0.0000000000e+00   4.5763628840e+01
   1216.0000000000   4.7691314637e+01   0.0000000000e+00   4.5821849628e+01
   1217.0000000000   4.7757218064e+01   0.0000000000e+00   4.5879556256e+01
   1218.0000000000   4.7817784790e+01   0.0000000000e+00   4.5936802007e+01
   1219.0000000000   4.7877235530e+01   0.0000000000e+00   4.6002646696e+01
   1220.0000000000   4.7935988071e+01   0.0000000000e+00   4.6071842780e+01
   1221.0000000000   4.7994212670e+01   0.0000000000e+00   4.6134532726e+01
   1222.0000000000   4.8052001924e+01   0.0000000000e+00   4.6195573285e+01
   1223.0000000000   4.8117990049e+01   0.0000000000e+00   4.6255566907e+01
   1224.0000000000   4.8178618658e+01   0.0000000000e+00   4.6314777329e+01
   1225.0000000000   4.8246690578e+01   0.0000000000e+00   4.6382370443e+01
   1226.0000000000   4.8309028813e+01   0.0000000000e+00   4.6444142365e+01
   1227.0000000000   4.8370003642e+01   0.0000000000e+00   4.6513590630e+01
   1228.0000000000   4.8430108515e+01   0.0000000000e+00   4.6576884699e+01
   1229.0000000000   4.8489558053e+01   0.0000000000e+00   4.6638638740e+01
   1230.0000000000   4.8557049040e+01   0.0000000000e+00   4.6699386171e+01
   1231.0000000000   4.8619060548e+01   0.0000000000e+00   4.6759364264e+01
   1232.0000000000   4.8679844423e+01   0.0000000000e+00   4.6818709848e+01
   1233.0000000000   4.8748415699e+01   0.0000000000e+00   4.6877512967e+01
   1234.0000000000   4.8811361234e+01   0.0000000000e+00   4.6935837877e+01
   1235.0000000000   4.8872982463e+01   0.0000000000e+00   4.6993733029e+01
   1236.0000000000   4.8933745799e+01   0.0000000000e+00   4.7060253760e+01
   1237.0000000000   4.9002429278e+01   0.0000000000e+00   4.7121131259e+01
   1238.0000000000   4.9065549027e+01   0.0000000000e+00   4.7189821471e+01
   1239.0000000000   4.9127377339e+01   0.0000000000e+00   4.7252465516e+01
   1240.0000000000   4.9188366373e+01   0.0000000000e+00   4.7313657337e+01
   1241.0000000000   4.9248710769e+01   0.0000000000e+00   4.7373915379e+01
   1242.0000000000   4.9308521216e+01   0.0000000000e+00   4.7433465504e+01
   1243.0000000000   4.9376445823e+01   0.0000000000e+00   4.7492435636e+01
   1244.0000000000   4.9438937164e+01   0.0000000000e+00   4.7550908724e+01
   1245.0000000000   4.9500231267e+01   0.0000000000e+00   4.7608943277e+01
   1246.0000000000   4.9560757498e+01   0.0000000000e+00   4.7666583019e+01
   1247.0000000000   4.9620695170e+01   0.0000000000e+00   4.7723862032e+01
   1248.0000000000   4.9680144147e+01   0.0000000000e+00   4.7780807745e+01
   1249.0000000000   4.9739168968e+01   0.0000000000e+00   4.7837442792e+01
   1250.0000000000   4.9797815316e+01   0.0000000000e+00   4.7893786230e+01
   1251.0000000000   4.9864693198e+01   0.0000000000e+00   4.7949854374e+01
   1252.0000000000   4.9926230514e+01   0.0000000000e+00   4.8005661381e+01
   1253.0000000000   4.9986646194e+01   0.0000000000e+00   4.8061219679e+01
   1254.0000000000   5.0054932786e+01   0.0000000000e+00   4.8116540287e+01
   1255.0000000000   5.0117661081e+01   0.0000000000e+00   4.8171633056e+01
   1256.0000000000   5.0179120633e+01   0.0000000000e+00   4.8226506862e+01
   1257.0000000000   5.0248344452e+01   0.0000000000e+00   4.8281169752e+01
   1258.0000000000   5.0311928802e+01   0.0000000000e+00   4.8335629063e+01
   1259.0000000000   5.0374180363e+01   0.0000000000e+00   4.8389891520e+01
   1260.0000000000   5.0435568608e+01   0.0000000000e+00   4.8443963314e+01
   1261.0000000000   5.0504873419e+01   0.0000000000e+00   4.8506867495e+01
   1262.0000000000   5.0568612067e+01   0.0000000000e+00   4.8564309825e+01
   1263.0000000000   5.0631057564e+01   0.0000000000e+00   4.8620708420e+01
   1264.0000000000   5.0692662528e+01   0.0000000000e+00   4.8685504424e+01
   1265.0000000000   5.0762197521e+01   0.0000000000e+00   4.8744564987e+01
   1266.0000000000   5.0834749936e+01   0.0000000000e+00   4.8811407941e+01
   1267.0000000000   5.0900990257e+01   0.0000000000e+00   4.8872206230e+01
   1268.0000000000   5.0965565917e+01   0.0000000000e+00   4.8931571239e+01
   1269.0000000000   5.1029069080e+01   0.0000000000e+00   4.8999048565e+01
   1270.0000000000   5.1091764090e+01   0.0000000000e+00   4.9060570034e+01
   1271.0000000000   5.1153802099e+01   0.0000000000e+00   4.9120679693e+01
   1272.0000000000   5.1215281485e+01   0.0000000000e+00   4.9188898399e+01
   1273.0000000000   5.1276271689e+01   0.0000000000e+00   4.9251147885e+01
   1274.0000000000   5.1336824538e+01   0.0000000000e+00   4.9311968099e+01
   1275.0000000000   5.1396980323e+01   0.0000000000e+00   4.9371861177e+01
   1276.0000000000   5.1456771351e+01   0.0000000000e+00   4.9440065615e+01
   1277.0000000000   5.1524799802e+01   0.0000000000e+00   4.9502409154e+01
   1278.0000000000   5.1596064440e+01   0.0000000000e+00   4.9563388700e+01
   1279.0000000000   5.1661182100e+01   0.0000000000e+00   4.9632500497e+01
   1280.0000000000   5.1741916070e+01   0.0000000000e+00   4.9695652333e+01
   1281.0000000000   5.1811635495e+01   0.0000000000e+00   4.9766393175e+01
   1282.0000000000   5.1878980596e+01   0.0000000000e+00   4.9830920521e+01
   1283.0000000000   5.1953461793e+01   0.0000000000e+00   4.9893865558e+01
   1284.0000000000   5.2021876562e+01   0.0000000000e+00   4.9973807478e+01
   1285.0000000000   5.2088641311e+01   0.0000000000e+00   5.0051409444e+01
   1286.0000000000   5.2171445084e+01   0.0000000000e+00   5.0121340579e+01
   1287.0000000000   5.2243340095e+01   0.0000000000e+00   5.0188946564e+01
   1288.0000000000   5.2312869805e+01   0.0000000000e+00   5.0255038686e+01
   1289.0000000000   5.2380932265e+01   0.0000000000e+00   5.0329014019e+01
   1290.0000000000   5.2447909328e+01   0.0000000000e+00   5.0396795103e+01
   1291.0000000000   5.2514014997e+01   0.0000000000e+00   5.0462941256e+01
   1292.0000000000   5.2579387259e+01   0.0000000000e+00   5.0527975318e+01
   1293.0000000000   5.2644123026e+01   0.0000000000e+00   5.0592137078e+01
   1294.0000000000   5.2708294397e+01   0.0000000000e+00   5.0664587222e+01
   1295.0000000000   5.2771957272e+01   0.0000000000e+00   5.0731123700e+01
   1296.0000000000   5.2835156368e+01   0.0000000000e+00   5.0796231215e+01
   1297.0000000000   5.2897928334e+01   0.0000000000e+00   5.0860384132e+01
   1298.0000000000   5.2960303801e+01   0.0000000000e+00   5.0923788893e+01
   1299.0000000000   5.3022308783e+01   0.0000000000e+00   5.0986564917e+01
   1300.0000000000   5.3083965674e+01   0.0000000000e+00   5.1048791931e+01
   1301.0000000000   5.3145293969e+01   0.0000000000e+00   5.1110527920e+01
   1302.0000000000   5.3206310807e+01   0.0000000000e+00   5.1171817485e+01
   1303.0000000000   5.3267031387e+01   0.0000000000e+00   5.1232696308e+01
   1304.0000000000   5.3327469285e+01   0.0000000000e+00   5.1302211091e+01
   1305.0000000000   5.3387636712e+01   0.0000000000e+00   5.1366087010e+01
   1306.0000000000   5.3447544711e+01   0.0000000000e+00   5.1428758408e+01
   1307.0000000000   5.3507203327e+01   0.0000000000e+00   5.1490662870e+01
   1308.0000000000   5.3566621738e+01   0.0000000000e+00   5.1551978916e+01
   1309.0000000000   5.3625808364e+01   0.0000000000e+00   5.1612804145e+01
   1310.0000000000   5.3684770965e+01   0.0000000000e+00   5.1673200832e+01
   1311.0000000000   5.3752092344e+01   0.0000000000e+00   5.1733212742e+01
   1312.0000000000   5.3822755669e+01   0.0000000000e+00   5.1792872713e+01
   1313.0000000000   5.3895940646e+01   0.0000000000e+00   5.1852206569e+01
   1314.0000000000   5.3962649603e+01   0.0000000000e+00   5.1911235333e+01
   1315.0000000000   5.4027638032e+01   0.0000000000e+00   5.1969976583e+01
   1316.0000000000   5.4091543287e+01   0.0000000000e+00   5.2028445321e+01
   1317.0000000000   5.4154650795e+01   0.0000000000e+00   5.2086654568e+01
   1318.0000000000   5.4217121940e+01   0.0000000000e+00   5.2144615778e+01
   1319.0000000000   5.4279059953e+01   0.0000000000e+00   5.2202339137e+01
   1320.0000000000   5.4349111915e+01   0.0000000000e+00   5.2259833789e+01
   1321.0000000000   5.4422306631e+01   0.0000000000e+00   5.2317108010e+01
   1322.0000000000   5.4489281884e+01   0.0000000000e+00   5.2383186660e+01
   1323.0000000000   5.4554664787e+01   0.0000000000e+00   5.2443777096e+01
   1324.0000000000   5.4619033867e+01   0.0000000000e+00   5.2503298847e+01
   1325.0000000000   5.4691219396e+01   0.0000000000e+00   5.2562176998e+01
   1326.0000000000   5.4766341823e+01   0.0000000000e+00   5.2620579388e+01
   1327.0000000000   5.4843667473e+01   0.0000000000e+00   5.2687611711e+01
   1328.0000000000   5.4914257919e+01   0.0000000000e+00   5.2749028648e+01
   1329.0000000000   5.4982911486e+01   0.0000000000e+00   5.2818297394e+01
   1330.0000000000   5.5050297777e+01   0.0000000000e+00   5.2890581512e+01
   1331.0000000000   5.5116727264e+01   0.0000000000e+00   5.2956177256e+01
   1332.0000000000   5.5182381260e+01   0.0000000000e+00   5.3020016316e+01
   1333.0000000000   5.5247379171e+01   0.0000000000e+00   5.3082742839e+01
   1334.0000000000   5.5311805796e+01   0.0000000000e+00   5.3153662989e+01
   1335.0000000000   5.5375724591e+01   0.0000000000e+00   5.3227659029e+01
   1336.0000000000   5.5439184905e+01   0.0000000000e+00   5.3294950696e+01
   1337.0000000000   5.5502226263e+01   0.0000000000e+00   5.3360444427e+01
   1338.0000000000   5.5564881077e+01   0.0000000000e+00   5.3424776397e+01
   1339.0000000000   5.5627176436e+01   0.0000000000e+00   5.3506268824e+01
   1340.0000000000   5.5689135340e+01   0.0000000000e+00   5.3576488556e+01
   1341.0000000000   5.5750777579e+01   0.0000000000e+00   5.3653387926e+01
   1342.0000000000   5.5812120377e+01   0.0000000000e+00   5.3723582758e+01
   1343.0000000000   5.5873178872e+01   0.0000000000e+00   5.3791868503e+01
   1344.0000000000   5.5933966482e+01   0.0000000000e+00   5.3858875639e+01
   1345.0000000000   5.6003070823e+01   0.0000000000e+00   5.3933918626e+01
   1346.0000000000   5.6075479185e+01   0.0000000000e+00   5.4002875030e+01
   1347.0000000000   5.6141799201e+01   0.0000000000e+00   5.4070276826e+01
   1348.0000000000   5.6215211031e+01   0.0000000000e+00   5.4136628902e+01
   1349.0000000000   5.6291252378e+01   0.0000000000e+00   5.4211175907e+01
   1350.0000000000   5.6360762178e+01   0.0000000000e+00   5.4288769932e+01
   1351.0000000000   5.6428469194e+01   0.0000000000e+00   5.4359615313e+01
   1352.0000000000   5.6495010551e+01   0.0000000000e+00   5.4428610715e+01
   1353.0000000000   5.6560677696e+01   0.0000000000e+00   5.4496388741e+01
   1354.0000000000   5.6625639143e+01   0.0000000000e+00   5.4563235780e+01
   1355.0000000000   5.6698580541e+01   0.0000000000e+00   5.4629317995e+01
   1356.0000000000   5.6791707189e+01   0.0000000000e+00   5.4694745084e+01
   1357.0000000000   5.6868476349e+01   0.0000000000e+00   5.4759595519e+01
   1358.0000000000   5.6941922212e+01   0.0000000000e+00   5.4823928588e+01
   1359.0000000000   5.7013430670e+01   0.0000000000e+00   5.4887790896e+01
   1360.0000000000   5.7083573134e+01   0.0000000000e+00   5.4960237508e+01
   1361.0000000000   5.7152658347e+01   0.0000000000e+00   5.5027000162e+01
   1362.0000000000   5.7229454134e+01   0.0000000000e+00   5.5101535775e+01
   1363.0000000000   5.7317643404e+01   0.0000000000e+00   5.5169986655e+01
   1364.0000000000   5.7394319515e+01   0.0000000000e+00   5.5236948026e+01
   1365.0000000000   5.7476922322e+01   0.0000000000e+00   5.5302939637e+01
   1366.0000000000   5.7561436118e+01   0.0000000000e+00   5.5377205964e+01
   1367.0000000000   5.7638891883e+01   0.0000000000e+00   5.5445576631e+01
   1368.0000000000   5.7714127764e+01   0.0000000000e+00   5.5521566285e+01
   1369.0000000000   5.7787852593e+01   0.0000000000e+00   5.5600371553e+01
   1370.0000000000   5.7860408926e+01   0.0000000000e+00   5.5672313243e+01
   1371.0000000000   5.7932003758e+01   0.0000000000e+00   5.5742342113e+01
   1372.0000000000   5.8002777220e+01   0.0000000000e+00   5.5811117611e+01
   1373.0000000000   5.8072831083e+01   0.0000000000e+00   5.5887958498e+01
   1374.0000000000   5.8142242903e+01   0.0000000000e+00   5.5958740289e+01
   1375.0000000000   5.8211073908e+01   0.0000000000e+00   5.6037008619e+01
   1376.0000000000   5.8279373755e+01   0.0000000000e+00   5.6108965000e+01
   1377.0000000000   5.8347183589e+01   0.0000000000e+00   5.6179246393e+01
   1378.0000000000   5.8414538097e+01   0.0000000000e+00   5.6266437849e+01
   1379.0000000000   5.8498618204e+01   0.0000000000e+00   5.6342190656e+01
   1380.0000000000   5.8572251361e+01   0.0000000000e+00   5.6424495733e+01
   1381.0000000000   5.8643854036e+01   0.0000000000e+00   5.6499990444e+01
   1382.0000000000   5.8714243391e+01   0.0000000000e+00   5.6573483979e+01
   1383.0000000000   5.8783745909e+01   0.0000000000e+00   5.6645616446e+01
   1384.0000000000   5.8852535784e+01   0.0000000000e+00   5.6716692210e+01
   1385.0000000000   5.8920721354e+01   0.0000000000e+00   5.6786894099e+01
   1386.0000000000   5.8988376833e+01   0.0000000000e+00   5.6856345605e+01
   1387.0000000000   5.9055556564e+01   0.0000000000e+00   5.6925136372e+01
   1388.0000000000   5.9122302306e+01   0.0000000000e+00   5.6993334763e+01
   1389.0000000000   5.9188647350e+01   0.0000000000e+00   5.7060994820e+01
   1390.0000000000   5.9263194619e+01   0.0000000000e+00   5.7128160454e+01
   1391.0000000000   5.9332367888e+01   0.0000000000e+00   5.7194868129e+01
   1392.0000000000   5.9400383708e+01   0.0000000000e+00   5.7261148658e+01
   1393.0000000000   5.9467657689e+01   0.0000000000e+00   5.7327028466e+01
   1394.0000000000   5.9534359127e+01   0.0000000000e+00   5.7392530490e+01
   1395.0000000000   5.9600580408e+01   0.0000000000e+00   5.7457674851e+01
   1396.0000000000   5.9666380384e+01   0.0000000000e+00   5.7522479359e+01
   1397.0000000000   5.9740375982e+01   0.0000000000e+00   5.7586959902e+01
   1398.0000000000   5.9808999043e+01   0.0000000000e+00   5.7651130756e+01
   1399.0000000000   5.9876470892e+01   0.0000000000e+00   5.7724022144e+01
   1400.0000000000   5.9943210000e+01   0.0000000000e+00   5.7791346241e+01
   1401.0000000000   6.0017962976e+01   0.0000000000e+00   5.7857526926e+01
   1402.0000000000   6.0104375305e+01   0.0000000000e+00   5.7922993221e+01
   1403.0000000000   6.0188080716e+01   0.0000000000e+00   5.7996933875e+01
   1404.0000000000   6.0264314235e+01   0.0000000000e+00   5.8074158299e+01
   1405.0000000000   6.0346831177e+01   0.0000000000e+00   5.8144837342e+01
   1406.0000000000   6.0422843300e+01   0.0000000000e+00   5.8222860149e+01
   1407.0000000000   6.0496927025e+01   0.0000000000e+00   5.8294537869e+01
   1408.0000000000   6.0578276856e+01   0.0000000000e+00   5.8364551922e+01
   1409.0000000000   6.0670742818e+01   0.0000000000e+00   5.8433472470e+01
   1410.0000000000   6.0751503555e+01   0.0000000000e+00   5.8510576029e+01
   1411.0000000000   6.0829473251e+01   0.0000000000e+00   5.8590731104e+01
   1412.0000000000   6.0914267227e+01   0.0000000000e+00   5.8673167902e+01
   1413.0000000000   6.0992741134e+01   0.0000000000e+00   5.8748489831e+01
   1414.0000000000   6.1069349844e+01   0.0000000000e+00   5.8821744561e+01
   1415.0000000000   6.1153234729e+01   0.0000000000e+00   5.8911672843e+01
   1416.0000000000   6.1239644241e+01   0.0000000000e+00   5.8990003824e+01
   1417.0000000000   6.1319342868e+01   0.0000000000e+00   5.9065756072e+01
   1418.0000000000   6.1405616649e+01   0.0000000000e+00   5.9139894927e+01
   1419.0000000000   6.1485504274e+01   0.0000000000e+00   5.9212835530e+01
   1420.0000000000   6.1563501880e+01   0.0000000000e+00   5.9284812249e+01
   1421.0000000000   6.1648762404e+01   0.0000000000e+00   5.9364994213e+01
   1422.0000000000   6.1727961824e+01   0.0000000000e+00   5.9439188782e+01
   1423.0000000000   6.1805464239e+01   0.0000000000e+00   5.9520906109e+01
   1424.0000000000   6.1881782732e+01   0.0000000000e+00   5.9614362310e+01
   1425.0000000000   6.1965731559e+01   0.0000000000e+00   5.9695583298e+01
   1426.0000000000   6.2052431481e+01   0.0000000000e+00   5.9773938438e+01
   1427.0000000000   6.2132579462e+01   0.0000000000e+00   5.9850511867e+01
   1428.0000000000   6.2210844555e+01   0.0000000000e+00   5.9925772624e+01
   1429.0000000000   6.2287836957e+01   0.0000000000e+00   6.0009001213e+01
   1430.0000000000   6.2363836315e+01   0.0000000000e+00   6.0086067123e+01
   1431.0000000000   6.2439006949e+01   0.0000000000e+00   6.0161501640e+01
   1432.0000000000   6.2522034328e+01   0.0000000000e+00   6.0235811415e+01
   1433.0000000000   6.2599398847e+01   0.0000000000e+00   6.0309226349e+01
   1434.0000000000   6.2675358258e+01   0.0000000000e+00   6.0381883560e+01
   1435.0000000000   6.2750359483e+01   0.0000000000e+00   6.0453876540e+01
   1436.0000000000   6.2824596405e+01   0.0000000000e+00   6.0534291572e+01
   1437.0000000000   6.2898181233e+01   0.0000000000e+00   6.0608882651e+01
   1438.0000000000   6.2971189127e+01   0.0000000000e+00   6.0682106045e+01
   1439.0000000000   6.3043675041e+01   0.0000000000e+00   6.0754416581e+01
   1440.0000000000   6.3115681525e+01   0.0000000000e+00   6.0835024018e+01
   1441.0000000000   6.3187242870e+01   0.0000000000e+00   6.0918755189e+01
   1442.0000000000   6.3258387533e+01   0.0000000000e+00   6.0995795593e+01
   1443.0000000000   6.3329139656e+01   0.0000000000e+00   6.1071029525e+01
   1444.0000000000   6.3399520077e+01   0.0000000000e+00   6.1145078420e+01
   1445.0000000000   6.3469547038e+01   0.0000000000e+00   6.1218219854e+01
   1446.0000000000   6.3539236686e+01   0.0000000000e+00   6.1290612949e+01
   1447.0000000000   6.3617179081e+01   0.0000000000e+00   6.1362361719e+01
   1448.0000000000   6.3689788106e+01   0.0000000000e+00   6.1433540005e+01
   1449.0000000000   6.3761272552e+01   0.0000000000e+00   6.1504203297e+01
   1450.0000000000   6.3832041845e+01   0.0000000000e+00   6.1574395063e+01
   1451.0000000000   6.3902260273e+01   0.0000000000e+00   6.1644150445e+01
   1452.0000000000   6.3980591755e+01   0.0000000000e+00   6.1713498561e+01
   1453.0000000000   6.4053492634e+01   0.0000000000e+00   6.1782464024e+01
   1454.0000000000   6.4125198376e+01   0.0000000000e+00   6.1851067977e+01
   1455.0000000000   6.4196136218e+01   0.0000000000e+00   6.1919328827e+01
   1456.0000000000   6.4266482887e+01   0.0000000000e+00   6.1987262781e+01
   1457.0000000000   6.4344911287e+01   0.0000000000e+00   6.2054884249e+01
   1458.0000000000   6.4417884428e+01   0.0000000000e+00   6.2122206149e+01
   1459.0000000000   6.4489642835e+01   0.0000000000e+00   6.2189240145e+01
   1460.0000000000   6.4577768909e+01   0.0000000000e+00   6.2255996836e+01
   1461.0000000000   6.4655244204e+01   0.0000000000e+00   6.2331503232e+01
   1462.0000000000   6.4747713682e+01   0.0000000000e+00   6.2401468676e+01
   1463.0000000000   6.4828840520e+01   0.0000000000e+00   6.2479331865e+01
   1464.0000000000   6.4907372662e+01   0.0000000000e+00   6.2551220046e+01
   1465.0000000000   6.4984299598e+01   0.0000000000e+00   6.2621715823e+01
   1466.0000000000   6.5060050688e+01   0.0000000000e+00   6.2700345580e+01
   1467.0000000000   6.5134867015e+01   0.0000000000e+00   6.2782045090e+01
   1468.0000000000   6.5208903018e+01   0.0000000000e+00   6.2857049255e+01
   1469.0000000000   6.5282266066e+01   0.0000000000e+00   6.2930267732e+01
   1470.0000000000   6.5363610765e+01   0.0000000000e+00   6.3002335743e+01
   1471.0000000000   6.5439398544e+01   0.0000000000e+00   6.3073538462e+01
   1472.0000000000   6.5513874315e+01   0.0000000000e+00   6.3153056392e+01
   1473.0000000000   6.5587475631e+01   0.0000000000e+00   6.3235713251e+01
   1474.0000000000   6.5660389124e+01   0.0000000000e+00   6.3311697119e+01
   1475.0000000000   6.5732721138e+01   0.0000000000e+00   6.3385895653e+01
   1476.0000000000   6.5813117553e+01   0.0000000000e+00   6.3458933175e+01
   1477.0000000000   6.5896605617e+01   0.0000000000e+00   6.3531089427e+01
   1478.0000000000   6.5973822071e+01   0.0000000000e+00   6.3602525033e+01
   1479.0000000000   6.6049393592e+01   0.0000000000e+00   6.3673344952e+01
   1480.0000000000   6.6123898771e+01   0.0000000000e+00   6.3752640861e+01
   1481.0000000000   6.6197592691e+01   0.0000000000e+00   6.3826168878e+01
   1482.0000000000   6.6270619990e+01   0.0000000000e+00   6.3898385567e+01
   1483.0000000000   6.6343074363e+01   0.0000000000e+00   6.3969745009e+01
   1484.0000000000   6.6415021829e+01   0.0000000000e+00   6.4040438296e+01
   1485.0000000000   6.6486511696e+01   0.0000000000e+00   6.4110572820e+01
   1486.0000000000   6.6557582384e+01   0.0000000000e+00   6.4180218622e+01
   1487.0000000000   6.6628264817e+01   0.0000000000e+00   6.4249425725e+01
   1488.0000000000   6.6698584522e+01   0.0000000000e+00   6.4318232076e+01
   1489.0000000000   6.6768563007e+01   0.0000000000e+00   6.4386667718e+01
   1490.0000000000   6.6838218692e+01   0.0000000000e+00   6.4454757202e+01
   1491.0000000000   6.6916143207e+01   0.0000000000e+00   6.4522521075e+01
   1492.0000000000   6.6988751492e+01   0.0000000000e+00   6.4589976869e+01
   1493.0000000000   6.7060253025e+01   0.0000000000e+00   6.4657139771e+01
   1494.0000000000   6.7131057636e+01   0.0000000000e+00   6.4724023106e+01
   1495.0000000000   6.7209905445e+01   0.0000000000e+00   6.4790638688e+01
   1496.0000000000   6.7283285670e+01   0.0000000000e+00   6.4856997086e+01
   1497.0000000000   6.7355450702e+01   0.0000000000e+00   6.4923107828e+01
   1498.0000000000   6.7426837515e+01   0.0000000000e+00   6.4988979564e+01
   1499.0000000000   6.7497628878e+01   0.0000000000e+00   6.5054620189e+01
   1500.0000000000   6.7567926023e+01   0.0000000000e+00   6.5120036948e+01
   1501.0000000000   6.7637793768e+01   0.0000000000e+00   6.5185236523e+01
   1502.0000000000   6.7707277517e+01   0.0000000000e+00   6.5250225099e+01
   1503.0000000000   6.7776411084e+01   0.0000000000e+00   6.5324025749e+01
   1504.0000000000   6.7845220795e+01   0.0000000000e+00   6.5392344281e+01
   1505.0000000000   6.7922303481e+01   0.0000000000e+00   6.5459598879e+01
   1506.0000000000   6.7994077553e+01   0.0000000000e+00   6.5526213445e+01
   1507.0000000000   6.8064754810e+01   0.0000000000e+00   6.5592354776e+01
   1508.0000000000   6.8134746633e+01   0.0000000000e+00   6.5658110315e+01
   1509.0000000000   6.8204218522e+01   0.0000000000e+00   6.5723533473e+01
   1510.0000000000   6.8273259445e+01   0.0000000000e+00   6.5788660209e+01
   1511.0000000000   6.8341925156e+01   0.0000000000e+00   6.5862533775e+01
   1512.0000000000   6.8410254136e+01   0.0000000000e+00   6.5930874284e+01
   1513.0000000000   6.8486850397e+01   0.0000000000e+00   6.6007127734e+01
   1514.0000000000   6.8558136791e+01   0.0000000000e+00   6.6077426387e+01
   1515.0000000000   6.8636903580e+01   0.0000000000e+00   6.6146356301e+01
   1516.0000000000   6.8709964874e+01   0.0000000000e+00   6.6214428901e+01
   1517.0000000000   6.8781684390e+01   0.0000000000e+00   6.6281863775e+01
   1518.0000000000   6.8852550561e+01   0.0000000000e+00   6.6348783232e+01
   1519.0000000000   6.8922774085e+01   0.0000000000e+00   6.6415265171e+01
   1520.0000000000   6.8992472968e+01   0.0000000000e+00   6.6481363553e+01
   1521.0000000000   6.9061722835e+01   0.0000000000e+00   6.6556135308e+01
   1522.0000000000   6.9130576407e+01   0.0000000000e+00   6.6625311233e+01
   1523.0000000000   6.9199072643e+01   0.0000000000e+00   6.6693328526e+01
   1524.0000000000   6.9267241592e+01   0.0000000000e+00   6.6760625920e+01
   1525.0000000000   6.9335107203e+01   0.0000000000e+00   6.6836399332e+01
   1526.0000000000   6.9402689067e+01   0.0000000000e+00   6.6915463521e+01
   1527.0000000000   6.9470003552e+01   0.0000000000e+00   6.6987993339e+01
   1528.0000000000   6.9537064574e+01   0.0000000000e+00   6.7058863608e+01
   1529.0000000000   6.9612459768e+01   0.0000000000e+00   6.7128687273e+01
   1530.0000000000   6.9691176134e+01   0.0000000000e+00   6.7197734251e+01
   1531.0000000000   6.9772396441e+01   0.0000000000e+00   6.7284191369e+01
   1532.0000000000   6.9847125491e+01   0.0000000000e+00   6.7359557211e+01
   1533.0000000000   6.9920120780e+01   0.0000000000e+00   6.7432726170e+01
   1534.0000000000   6.9992021297e+01   0.0000000000e+00   6.7504586817e+01
   1535.0000000000   7.0063113809e+01   0.0000000000e+00   6.7575502468e+01
   1536.0000000000   7.0133560803e+01   0.0000000000e+00   6.7645670287e+01
   1537.0000000000   7.0212042043e+01   0.0000000000e+00   6.7715214131e+01
   1538.0000000000   7.0293606247e+01   0.0000000000e+00   6.7784219177e+01
   1539.0000000000   7.0368904210e+01   0.0000000000e+00   6.7852747708e+01
   1540.0000000000   7.0442572009e+01   0.0000000000e+00   6.7920847339e+01
   1541.0000000000   7.0515194603e+01   0.0000000000e+00   6.7988555716e+01
   1542.0000000000   7.0587031400e+01   0.0000000000e+00   6.8055903392e+01
   1543.0000000000   7.0658229959e+01   0.0000000000e+00   6.8122915695e+01
   1544.0000000000   7.0728885909e+01   0.0000000000e+00   6.8189613990e+01
   1545.0000000000   7.0799066504e+01   0.0000000000e+00   6.8256016558e+01
   1546.0000000000   7.0868821775e+01   0.0000000000e+00   6.8322139240e+01
   1547.0000000000   7.0938190502e+01   0.0000000000e+00   6.8387995902e+01
   1548.0000000000   7.1007203695e+01   0.0000000000e+00   6.8453598798e+01
   1549.0000000000   7.1075886775e+01   0.0000000000e+00   6.8518958844e+01
   1550.0000000000   7.1144260991e+01   0.0000000000e+00   6.8584085830e+01
   1551.0000000000   7.1220920035e+01   0.0000000000e+00   6.8667023245e+01
   1552.0000000000   7.1292280352e+01   0.0000000000e+00   6.8748197337e+01
   1553.0000000000   7.1362552508e+01   0.0000000000e+00   6.8822142219e+01
   1554.0000000000   7.1432147114e+01   0.0000000000e+00   6.8894116175e+01
   1555.0000000000   7.1501229201e+01   0.0000000000e+00   6.8964869331e+01
   1556.0000000000   7.1578463093e+01   0.0000000000e+00   6.9034736325e+01
   1557.0000000000   7.1658880907e+01   0.0000000000e+00   6.9103904669e+01
   1558.0000000000   7.1733118941e+01   0.0000000000e+00   6.9181510549e+01
   1559.0000000000   7.1805801227e+01   0.0000000000e+00   6.9253336024e+01
   1560.0000000000   7.1877502835e+01   0.0000000000e+00   6.9323853559e+01
   1561.0000000000   7.1948475048e+01   0.0000000000e+00   6.9393527307e+01
   1562.0000000000   7.2018858709e+01   0.0000000000e+00   6.9462554866e+01
   1563.0000000000   7.2097319487e+01   0.0000000000e+00   6.9531047860e+01
   1564.0000000000   7.2178896454e+01   0.0000000000e+00   6.9608096397e+01
   1565.0000000000   7.2254233555e+01   0.0000000000e+00   6.9679452683e+01
   1566.0000000000   7.2327961853e+01   0.0000000000e+00   6.9749568885e+01
   1567.0000000000   7.2400662541e+01   0.0000000000e+00   6.9818894815e+01
   1568.0000000000   7.2472592143e+01   0.0000000000e+00   6.9887617628e+01
   1569.0000000000   7.2552471599e+01   0.0000000000e+00   6.9955841139e+01
   1570.0000000000   7.2626795645e+01   0.0000000000e+00   7.0023632172e+01
   1571.0000000000   7.2699827109e+01   0.0000000000e+00   7.0091037850e+01
   1572.0000000000   7.2772013531e+01   0.0000000000e+00   7.0158093504e+01
   1573.0000000000   7.2843547167e+01   0.0000000000e+00   7.0224826810e+01
   1574.0000000000   7.2931688699e+01   0.0000000000e+00   7.0300277487e+01
   1575.0000000000   7.3009311709e+01   0.0000000000e+00   7.0379181892e+01
   1576.0000000000   7.3093437183e+01   0.0000000000e+00   7.0451669374e+01
   1577.0000000000   7.3171302229e+01   0.0000000000e+00   7.0522585833e+01
   1578.0000000000   7.3247443359e+01   0.0000000000e+00   7.0592524640e+01
   1579.0000000000   7.3322442564e+01   0.0000000000e+00   7.0661741839e+01
   1580.0000000000   7.3396569105e+01   0.0000000000e+00   7.0730379428e+01
   1581.0000000000   7.3478556706e+01   0.0000000000e+00   7.0798527410e+01
   1582.0000000000   7.3554911023e+01   0.0000000000e+00   7.0884282556e+01
   1583.0000000000   7.3638479547e+01   0.0000000000e+00   7.0959091275e+01
   1584.0000000000   7.3724693787e+01   0.0000000000e+00   7.1031814749e+01
   1585.0000000000   7.3812925707e+01   0.0000000000e+00   7.1103318976e+01
   1586.0000000000   7.3894286489e+01   0.0000000000e+00   7.1173951153e+01
   1587.0000000000   7.3973602450e+01   0.0000000000e+00   7.1252913822e+01
   1588.0000000000   7.4051561019e+01   0.0000000000e+00   7.1326022173e+01
   1589.0000000000   7.4128485025e+01   0.0000000000e+00   7.1397767417e+01
   1590.0000000000   7.4204564897e+01   0.0000000000e+00   7.1477642671e+01
   1591.0000000000   7.4279927071e+01   0.0000000000e+00   7.1551553753e+01
   1592.0000000000   7.4363237597e+01   0.0000000000e+00   7.1624030952e+01
   1593.0000000000   7.4440965431e+01   0.0000000000e+00   7.1695570323e+01
   1594.0000000000   7.4517360788e+01   0.0000000000e+00   7.1766389132e+01
   1595.0000000000   7.4592865160e+01   0.0000000000e+00   7.1845629460e+01
   1596.0000000000   7.4667668230e+01   0.0000000000e+00   7.1928091189e+01
   1597.0000000000   7.4741878775e+01   0.0000000000e+00   7.2003946632e+01
   1598.0000000000   7.4815569041e+01   0.0000000000e+00   7.2078072512e+01
   1599.0000000000   7.4897367060e+01   0.0000000000e+00   7.2151085279e+01
   1600.0000000000   7.4973713983e+01   0.0000000000e+00   7.2223258839e+01
   1601.0000000000   7.5048839031e+01   0.0000000000e+00   7.2294749369e+01
   1602.0000000000   7.5123167424e+01   0.0000000000e+00   7.2365658372e+01
   1603.0000000000   7.5196875963e+01   0.0000000000e+00   7.2436057456e+01
   1604.0000000000   7.5270063043e+01   0.0000000000e+00   7.2524034720e+01
   1605.0000000000   7.5342792415e+01   0.0000000000e+00   7.2601032639e+01
   1606.0000000000   7.5415109436e+01   0.0000000000e+00   7.2675910917e+01
   1607.0000000000   7.5487048467e+01   0.0000000000e+00   7.2758552716e+01
   1608.0000000000   7.5558636724e+01   0.0000000000e+00   7.2835006253e+01
   1609.0000000000   7.5629896482e+01   0.0000000000e+00   7.2909870871e+01
   1610.0000000000   7.5700846436e+01   0.0000000000e+00   7.2983681665e+01
   1611.0000000000   7.5771502586e+01   0.0000000000e+00   7.3056680298e+01
   1612.0000000000   7.5841878841e+01   0.0000000000e+00   7.3129007905e+01
   1613.0000000000   7.5911987449e+01   0.0000000000e+00   7.3200758208e+01
   1614.0000000000   7.5990414939e+01   0.0000000000e+00   7.3271998499e+01
   1615.0000000000   7.6063571980e+01   0.0000000000e+00   7.3342779720e+01
   1616.0000000000   7.6135664426e+01   0.0000000000e+00   7.3413141947e+01
   1617.0000000000   7.6207099005e+01   0.0000000000e+00   7.3483117634e+01
   1618.0000000000   7.6278037523e+01   0.0000000000e+00   7.3552733675e+01
   1619.0000000000   7.6348565973e+01   0.0000000000e+00   7.3622012771e+01
   1620.0000000000   7.6418737684e+01   0.0000000000e+00   7.3690974379e+01
   1621.0000000000   7.6488589142e+01   0.0000000000e+00   7.3759635388e+01
   1622.0000000000   7.6558147073e+01   0.0000000000e+00   7.3837027941e+01
   1623.0000000000   7.6627432057e+01   0.0000000000e+00   7.3908865615e+01
   1624.0000000000   7.6696460555e+01   0.0000000000e+00   7.3979573301e+01
   1625.0000000000   7.6765246132e+01   0.0000000000e+00   7.4049580740e+01
   1626.0000000000   7.6833800231e+01   0.0000000000e+00   7.4119059844e+01
   1627.0000000000   7.6910708320e+01   0.0000000000e+00   7.4197119895e+01
   1628.0000000000   7.6982379877e+01   0.0000000000e+00   7.4269518752e+01
   1629.0000000000   7.7053019506e+01   0.0000000000e+00   7.4349726435e+01
   1630.0000000000   7.7140183935e+01   0.0000000000e+00   7.4423891713e+01
   1631.0000000000   7.7216835490e+01   0.0000000000e+00   7.4496612660e+01
   1632.0000000000   7.7291452957e+01   0.0000000000e+00   7.4568409847e+01
   1633.0000000000   7.7364885832e+01   0.0000000000e+00   7.4648527398e+01
   1634.0000000000   7.7446053955e+01   0.0000000000e+00   7.4722793916e+01
   1635.0000000000   7.7521542264e+01   0.0000000000e+00   7.4795705319e+01
   1636.0000000000   7.7595661420e+01   0.0000000000e+00   7.4867738859e+01
   1637.0000000000   7.7668886896e+01   0.0000000000e+00   7.4939100032e+01
   1638.0000000000   7.7741428351e+01   0.0000000000e+00   7.5018922834e+01
   1639.0000000000   7.7813406566e+01   0.0000000000e+00   7.5092983892e+01
   1640.0000000000   7.7893476646e+01   0.0000000000e+00   7.5165750514e+01
   1641.0000000000   7.7968096132e+01   0.0000000000e+00   7.5237682629e+01
   1642.0000000000   7.8041504649e+01   0.0000000000e+00   7.5308974525e+01
   1643.0000000000   7.8114134198e+01   0.0000000000e+00   7.5379735270e+01
   1644.0000000000   7.8186166049e+01   0.0000000000e+00   7.5450035680e+01
   1645.0000000000   7.8257701527e+01   0.0000000000e+00   7.5519926000e+01
   1646.0000000000   7.8328806269e+01   0.0000000000e+00   7.5589444061e+01
   1647.0000000000   7.8399526784e+01   0.0000000000e+00   7.5658619575e+01
   1648.0000000000   7.8469898068e+01   0.0000000000e+00   7.5727476629e+01
   1649.0000000000   7.8539947604e+01   0.0000000000e+00   7.5796035231e+01
   1650.0000000000   7.8609697667e+01   0.0000000000e+00   7.5873329650e+01
   1651.0000000000   7.8679166759e+01   0.0000000000e+00   7.5945074916e+01
   1652.0000000000   7.8748370548e+01   0.0000000000e+00   7.6015696908e+01
   1653.0000000000   7.8817322517e+01   0.0000000000e+00   7.6094643355e+01
   1654.0000000000   7.8903185671e+01   0.0000000000e+00   7.6167787045e+01
   1655.0000000000   7.8978772133e+01   0.0000000000e+00   7.6239633363e+01
   1656.0000000000   7.9052485111e+01   0.0000000000e+00   7.6310659055e+01
   1657.0000000000   7.9133705826e+01   0.0000000000e+00   7.6381066067e+01
   1658.0000000000   7.9209151459e+01   0.0000000000e+00   7.6450966773e+01
   1659.0000000000   7.9291759809e+01   0.0000000000e+00   7.6520433105e+01
   1660.0000000000   7.9368430711e+01   0.0000000000e+00   7.6589515288e+01
   1661.0000000000   7.9443582577e+01   0.0000000000e+00   7.6667267861e+01
   1662.0000000000   7.9517741098e+01   0.0000000000e+00   7.6757454723e+01
   1663.0000000000   7.9591143604e+01   0.0000000000e+00   7.6835912980e+01
   1664.0000000000   7.9672503492e+01   0.0000000000e+00   7.6911907085e+01
   1665.0000000000   7.9748312380e+01   0.0000000000e+00   7.6986453667e+01
   1666.0000000000   7.9822831822e+01   0.0000000000e+00   7.7059974276e+01
   1667.0000000000   7.9896508899e+01   0.0000000000e+00   7.7141713958e+01
   1668.0000000000   7.9978111392e+01   0.0000000000e+00   7.7217514588e+01
   1669.0000000000   8.0054149664e+01   0.0000000000e+00   7.7291885262e+01
   1670.0000000000   8.0128892644e+01   0.0000000000e+00   7.7365314363e+01
   1671.0000000000   8.0211366109e+01   0.0000000000e+00   7.7438016469e+01
   1672.0000000000   8.0288164375e+01   0.0000000000e+00   7.7510115641e+01
   1673.0000000000   8.0363594410e+01   0.0000000000e+00   7.7581694103e+01
   1674.0000000000   8.0446702574e+01   0.0000000000e+00   7.7652810986e+01
   1675.0000000000   8.0524095635e+01   0.0000000000e+00   7.7723511185e+01
   1676.0000000000   8.0600088720e+01   0.0000000000e+00   7.7793830119e+01
   1677.0000000000   8.0675158219e+01   0.0000000000e+00   7.7863796558e+01
   1678.0000000000   8.0749514129e+01   0.0000000000e+00   7.7933434399e+01
   1679.0000000000   8.0823277671e+01   0.0000000000e+00   7.8002763853e+01
   1680.0000000000   8.0896528965e+01   0.0000000000e+00   7.8071802269e+01
   1681.0000000000   8.0977901122e+01   0.0000000000e+00   7.8140564727e+01
   1682.0000000000   8.1053838594e+01   0.0000000000e+00   7.8209064472e+01
   1683.0000000000   8.1128572727e+01   0.0000000000e+00   7.8277313244e+01
   1684.0000000000   8.1202530081e+01   0.0000000000e+00   7.8354338858e+01
   1685.0000000000   8.1275888258e+01   0.0000000000e+00   7.8434868524e+01
   1686.0000000000   8.1357321702e+01   0.0000000000e+00   7.8518041731e+01
   1687.0000000000   8.1433295207e+01   0.0000000000e+00   7.8594399074e+01
   1688.0000000000   8.1508051102e+01   0.0000000000e+00   7.8668942411e+01
   1689.0000000000   8.1582022252e+01   0.0000000000e+00   7.8742343129e+01
   1690.0000000000   8.1655390042e+01   0.0000000000e+00   7.8814902379e+01
   1691.0000000000   8.1728255623e+01   0.0000000000e+00   7.8886790724e+01
   1692.0000000000   8.1800684375e+01   0.0000000000e+00   7.8967134770e+01
   1693.0000000000   8.1872722559e+01   0.0000000000e+00   7.9041710727e+01
   1694.0000000000   8.1952980594e+01   0.0000000000e+00   7.9114987285e+01
   1695.0000000000   8.2027886695e+01   0.0000000000e+00   7.9187426051e+01
   1696.0000000000   8.2101660038e+01   0.0000000000e+00   7.9268240179e+01
   1697.0000000000   8.2174717744e+01   0.0000000000e+00   7.9343240473e+01
   1698.0000000000   8.2247229898e+01   0.0000000000e+00   7.9416911964e+01
   1699.0000000000   8.2319289205e+01   0.0000000000e+00   7.9489724923e+01
   1700.0000000000   8.2390954522e+01   0.0000000000e+00   7.9561880206e+01
   1701.0000000000   8.2462266939e+01   0.0000000000e+00   7.9633491309e+01
   1702.0000000000   8.2533257058e+01   0.0000000000e+00   7.9704632181e+01
   1703.0000000000   8.2612524387e+01   0.0000000000e+00   7.9775355368e+01
   1704.0000000000   8.2695064728e+01   0.0000000000e+00   7.9845700435e+01
   1705.0000000000   8.2771491968e+01   0.0000000000e+00   7.9915698437e+01
   1706.0000000000   8.2846415339e+01   0.0000000000e+00   7.9985374519e+01
   1707.0000000000   8.2920399619e+01   0.0000000000e+00   8.0054749536e+01
   1708.0000000000   8.2993688650e+01   0.0000000000e+00   8.0123841120e+01
   1709.0000000000   8.3066417716e+01   0.0000000000e+00   8.0192664414e+01
   1710.0000000000   8.3138672593e+01   0.0000000000e+00   8.0261232595e+01
   1711.0000000000   8.3210512505e+01   0.0000000000e+00   8.0329557252e+01
   1712.0000000000   8.3281980846e+01   0.0000000000e+00   8.0397648680e+01
   1713.0000000000   8.3353110850e+01   0.0000000000e+00   8.0465516093e+01
   1714.0000000000   8.3432504478e+01   0.0000000000e+00   8.0533167799e+01
   1715.0000000000   8.3515159671e+01   0.0000000000e+00   8.0600611337e+01
   1716.0000000000   8.3600267768e+01   0.0000000000e+00   8.0667853585e+01
   1717.0000000000   8.3678840412e+01   0.0000000000e+00   8.0752935500e+01
   1718.0000000000   8.3764216300e+01   0.0000000000e+00   8.0827263788e+01
   1719.0000000000   8.3843439899e+01   0.0000000000e+00   8.0899670160e+01
   1720.0000000000   8.3920998821e+01   0.0000000000e+00   8.0970998004e+01
   1721.0000000000   8.3997457470e+01   0.0000000000e+00   8.1041576709e+01
   1722.0000000000   8.4073077182e+01   0.0000000000e+00   8.1120594488e+01
   1723.0000000000   8.4148011753e+01   0.0000000000e+00   8.1193854792e+01
   1724.0000000000   8.4222363225e+01   0.0000000000e+00   8.1265839073e+01
   1725.0000000000   8.4296204483e+01   0.0000000000e+00   8.1346032225e+01
   1726.0000000000   8.4369590298e+01   0.0000000000e+00   8.1420333064e+01
   1727.0000000000   8.4442563385e+01   0.0000000000e+00   8.1493265852e+01
   1728.0000000000   8.4515158031e+01   0.0000000000e+00   8.1574338743e+01
   1729.0000000000   8.4587402390e+01   0.0000000000e+00   8.1649464881e+01
   1730.0000000000   8.4667895648e+01   0.0000000000e+00   8.1723178169e+01
   1731.0000000000   8.4743058707e+01   0.0000000000e+00   8.1795976349e+01
   1732.0000000000   8.4817105801e+01   0.0000000000e+00   8.1868077313e+01
   1733.0000000000   8.4890450605e+01   0.0000000000e+00   8.1939605848e+01
   1734.0000000000   8.4963260739e+01   0.0000000000e+00   8.2010643739e+01
   1735.0000000000   8.5035627103e+01   0.0000000000e+00   8.2090266490e+01
   1736.0000000000   8.5107607204e+01   0.0000000000e+00   8.2164218275e+01
   1737.0000000000   8.5179241107e+01   0.0000000000e+00   8.2236946458e+01
   1738.0000000000   8.5259134253e+01   0.0000000000e+00   8.2326932437e+01
   1739.0000000000   8.5333710777e+01   0.0000000000e+00   8.2405762209e+01
   1740.0000000000   8.5415762102e+01   0.0000000000e+00   8.2491381817e+01
   1741.0000000000   8.5492103379e+01   0.0000000000e+00   8.2579413212e+01
   1742.0000000000   8.5567099264e+01   0.0000000000e+00   8.2669358423e+01
   1743.0000000000   8.5641239040e+01   0.0000000000e+00   8.2751951548e+01
   1744.0000000000   8.5714734167e+01   0.0000000000e+00   8.2832313463e+01
   1745.0000000000   8.5787703341e+01   0.0000000000e+00   8.2911195490e+01
   1746.0000000000   8.5860222810e+01   0.0000000000e+00   8.2988955785e+01
   1747.0000000000   8.5932345861e+01   0.0000000000e+00   8.3065807388e+01
   1748.0000000000   8.6004111962e+01   0.0000000000e+00   8.3141892300e+01
   1749.0000000000   8.6084127253e+01   0.0000000000e+00   8.3217312156e+01
   1750.0000000000   8.6158816982e+01   0.0000000000e+00   8.3292143379e+01
   1751.0000000000   8.6232398121e+01   0.0000000000e+00   8.3366445557e+01
   1752.0000000000   8.6313861675e+01   0.0000000000e+00   8.3440266481e+01
   1753.0000000000   8.6389777175e+01   0.0000000000e+00   8.3513645339e+01
   1754.0000000000   8.6464433103e+01   0.0000000000e+00   8.3586614863e+01
   1755.0000000000   8.6546861542e+01   0.0000000000e+00   8.3659202810e+01
   1756.0000000000   8.6632233568e+01   0.0000000000e+00   8.3731433020e+01
   1757.0000000000   8.6711256010e+01   0.0000000000e+00   8.3803326202e+01
   1758.0000000000   8.6788594684e+01   0.0000000000e+00   8.3874900512e+01
   1759.0000000000   8.6864851908e+01   0.0000000000e+00   8.3946172008e+01
   1760.0000000000   8.6940297943e+01   0.0000000000e+00   8.4017154993e+01
   1761.0000000000   8.7015087492e+01   0.0000000000e+00   8.4087862296e+01
   1762.0000000000   8.7089321090e+01   0.0000000000e+00   8.4158305489e+01
   1763.0000000000   8.7163069476e+01   0.0000000000e+00   8.4228495066e+01
   1764.0000000000   8.7236385227e+01   0.0000000000e+00   8.4298440590e+01
   1765.0000000000   8.7317884659e+01   0.0000000000e+00   8.4368150816e+01
   1766.0000000000   8.7394001130e+01   0.0000000000e+00   8.4437633788e+01
   1767.0000000000   8.7468958195e+01   0.0000000000e+00   8.4506896926e+01
   1768.0000000000   8.7543176678e+01   0.0000000000e+00   8.4575947098e+01
   1769.0000000000   8.7616829784e+01   0.0000000000e+00   8.4644790679e+01
   1770.0000000000   8.7690012866e+01   0.0000000000e+00   8.4713433606e+01
   1771.0000000000   8.7762787025e+01   0.0000000000e+00   8.4781881420e+01
   1772.0000000000   8.7835195265e+01   0.0000000000e+00   8.4859156634e+01
   1773.0000000000   8.7924421090e+01   0.0000000000e+00   8.4939981888e+01
   1774.0000000000   8.8003291558e+01   0.0000000000e+00   8.5014475375e+01
   1775.0000000000   8.8080221179e+01   0.0000000000e+00   8.5087473776e+01
   1776.0000000000   8.8164599981e+01   0.0000000000e+00   8.5159562732e+01
   1777.0000000000   8.8243152175e+01   0.0000000000e+00   8.5230991741e+01
   1778.0000000000   8.8320245658e+01   0.0000000000e+00   8.5301897191e+01
   1779.0000000000   8.8396384121e+01   0.0000000000e+00   8.5372364241e+01
   1780.0000000000   8.8471792960e+01   0.0000000000e+00   8.5451468123e+01
   1781.0000000000   8.8546602586e+01   0.0000000000e+00   8.5524951100e+01
   1782.0000000000   8.8620898816e+01   0.0000000000e+00   8.5597257931e+01
   1783.0000000000   8.8694742747e+01   0.0000000000e+00   8.5668832524e+01
   1784.0000000000   8.8768180272e+01   0.0000000000e+00   8.5739857131e+01
   1785.0000000000   8.8841247236e+01   0.0000000000e+00   8.5810431394e+01
   1786.0000000000   8.8913972483e+01   0.0000000000e+00   8.5889635839e+01
   1787.0000000000   8.8986379780e+01   0.0000000000e+00   8.5963214856e+01
   1788.0000000000   8.9058489086e+01   0.0000000000e+00   8.6044631454e+01
   1789.0000000000   8.9130317427e+01   0.0000000000e+00   8.6120030443e+01
   1790.0000000000   8.9210455157e+01   0.0000000000e+00   8.6194007501e+01
   1791.0000000000   8.9293891663e+01   0.0000000000e+00   8.6267081652e+01
   1792.0000000000   8.9371236197e+01   0.0000000000e+00   8.6339478622e+01
   1793.0000000000   8.9455670178e+01   0.0000000000e+00   8.6411325772e+01
   1794.0000000000   8.9534156661e+01   0.0000000000e+00   8.6482705221e+01
   1795.0000000000   8.9611134468e+01   0.0000000000e+00   8.6553674500e+01
   1796.0000000000   8.9687135961e+01   0.0000000000e+00   8.6624276266e+01
   1797.0000000000   8.9762400069e+01   0.0000000000e+00   8.6694543499e+01
   1798.0000000000   8.9837064182e+01   0.0000000000e+00   8.6773519839e+01
   1799.0000000000   8.9919793527e+01   0.0000000000e+00   8.6846927270e+01
   1800.0000000000   8.9997052175e+01   0.0000000000e+00   8.6919196943e+01
   1801.0000000000   9.0073084161e+01   0.0000000000e+00   8.6990763326e+01
   1802.0000000000   9.0148324585e+01   0.0000000000e+00   8.7070819268e+01
   1803.0000000000   9.0222956970e+01   0.0000000000e+00   8.7145159951e+01
   1804.0000000000   9.0305659962e+01   0.0000000000e+00   8.7218258104e+01
   1805.0000000000   9.0391477011e+01   0.0000000000e+00   8.7290574125e+01
   1806.0000000000   9.0471053538e+01   0.0000000000e+00   8.7362300800e+01
   1807.0000000000   9.0557596665e+01   0.0000000000e+00   8.7433544945e+01
   1808.0000000000   9.0646664154e+01   0.0000000000e+00   8.7504374899e+01
   1809.0000000000   9.0729110353e+01   0.0000000000e+00   8.7574838445e+01
   1810.0000000000   9.0809676157e+01   0.0000000000e+00   8.7644971065e+01
   1811.0000000000   9.0897584068e+01   0.0000000000e+00   8.7723817605e+01
   1812.0000000000   9.0979534376e+01   0.0000000000e+00   8.7806117902e+01
   1813.0000000000   9.1059899189e+01   0.0000000000e+00   8.7882003719e+01
   1814.0000000000   9.1139192716e+01   0.0000000000e+00   8.7965339987e+01
   1815.0000000000   9.1226227212e+01   0.0000000000e+00   8.8042421737e+01
   1816.0000000000   9.1316119991e+01   0.0000000000e+00   8.8126936379e+01
   1817.0000000000   9.1399563950e+01   0.0000000000e+00   8.8205146177e+01
   1818.0000000000   9.1481223863e+01   0.0000000000e+00   8.8281717117e+01
   1819.0000000000   9.1570281297e+01   0.0000000000e+00   8.8366231423e+01
   1820.0000000000   9.1653412647e+01   0.0000000000e+00   8.8444647098e+01
   1821.0000000000   9.1734975280e+01   0.0000000000e+00   8.8521527788e+01
   1822.0000000000   9.1824049585e+01   0.0000000000e+00   8.8597392215e+01
   1823.0000000000   9.1907266844e+01   0.0000000000e+00   8.8672473761e+01
   1824.0000000000   9.1988960686e+01   0.0000000000e+00   8.8755926376e+01
   1825.0000000000   9.2069621961e+01   0.0000000000e+00   8.8842558930e+01
   1826.0000000000   9.2158047910e+01   0.0000000000e+00   8.8922550705e+01
   1827.0000000000   9.2240770168e+01   0.0000000000e+00   8.9000783926e+01
   1828.0000000000   9.2322073821e+01   0.0000000000e+00   8.9077879465e+01
   1829.0000000000   9.2410997398e+01   0.0000000000e+00   8.9154114824e+01
   1830.0000000000   9.2494145565e+01   0.0000000000e+00   8.9238666473e+01
   1831.0000000000   9.2575833894e+01   0.0000000000e+00   8.9317338833e+01
   1832.0000000000   9.2656540392e+01   0.0000000000e+00   8.9394618759e+01
   1833.0000000000   9.2736477196e+01   0.0000000000e+00   8.9489015312e+01
   1834.0000000000   9.2832919127e+01   0.0000000000e+00   8.9572134843e+01
   1835.0000000000   9.2918750449e+01   0.0000000000e+00   8.9652921621e+01
   1836.0000000000   9.3002424969e+01   0.0000000000e+00   8.9741309399e+01
   1837.0000000000   9.3093361450e+01   0.0000000000e+00   8.9832396920e+01
   1838.0000000000   9.3178306085e+01   0.0000000000e+00   8.9925524537e+01
   1839.0000000000   9.3261644162e+01   0.0000000000e+00   9.0011358013e+01
   1840.0000000000   9.3343893502e+01   0.0000000000e+00   9.0104001664e+01
   1841.0000000000   9.3425291221e+01   0.0000000000e+00   9.0189888792e+01
   1842.0000000000   9.3514553247e+01   0.0000000000e+00   9.0273780052e+01
   1843.0000000000   9.3598174745e+01   0.0000000000e+00   9.0356301306e+01
   1844.0000000000   9.3680421142e+01   0.0000000000e+00   9.0446770385e+01
   1845.0000000000   9.3761743409e+01   0.0000000000e+00   9.0540087643e+01
   1846.0000000000   9.3842337471e+01   0.0000000000e+00   9.0635508559e+01
   1847.0000000000   9.3922316402e+01   0.0000000000e+00   9.0732674373e+01
   1848.0000000000   9.4010331149e+01   0.0000000000e+00   9.0822350150e+01
   1849.0000000000   9.4101412893e+01   0.0000000000e+00   9.0909669373e+01
   1850.0000000000   9.4186201512e+01   0.0000000000e+00   9.0995391558e+01
   1851.0000000000   9.4269326239e+01   0.0000000000e+00   9.1079881659e+01
   1852.0000000000   9.4351367790e+01   0.0000000000e+00   9.1163358855e+01
   1853.0000000000   9.4432583042e+01   0.0000000000e+00   9.1245970833e+01
   1854.0000000000   9.4513118168e+01   0.0000000000e+00   9.1327824516e+01
   1855.0000000000   9.4593068194e+01   0.0000000000e+00   9.1409001237e+01
   1856.0000000000   9.4672500305e+01   0.0000000000e+00   9.1489565147e+01
   1857.0000000000   9.4751464834e+01   0.0000000000e+00   9.1569568261e+01
   1858.0000000000   9.4838576744e+01   0.0000000000e+00   9.1649053689e+01
   1859.0000000000   9.4920268658e+01   0.0000000000e+00   9.1728057793e+01
   1860.0000000000   9.5000763840e+01   0.0000000000e+00   9.1806611702e+01
   1861.0000000000   9.5080483125e+01   0.0000000000e+00   9.1884742387e+01
   1862.0000000000   9.5159599959e+01   0.0000000000e+00   9.1962473465e+01
   1863.0000000000   9.5246785713e+01   0.0000000000e+00   9.2039825804e+01
   1864.0000000000   9.5328502878e+01   0.0000000000e+00   9.2116817988e+01
   1865.0000000000   9.5408992042e+01   0.0000000000e+00   9.2193466680e+01
   1866.0000000000   9.5497260380e+01   0.0000000000e+00   9.2269786914e+01
   1867.0000000000   9.5579889155e+01   0.0000000000e+00   9.2345792328e+01
   1868.0000000000   9.5661175763e+01   0.0000000000e+00   9.2421495354e+01
   1869.0000000000   9.5741583685e+01   0.0000000000e+00   9.2496907376e+01
   1870.0000000000   9.5821313184e+01   0.0000000000e+00   9.2572038858e+01
   1871.0000000000   9.5909053582e+01   0.0000000000e+00   9.2646899458e+01
   1872.0000000000   9.5991279937e+01   0.0000000000e+00   9.2721498116e+01
   1873.0000000000   9.6072241957e+01   0.0000000000e+00   9.2795843134e+01
   1874.0000000000   9.6152377992e+01   0.0000000000e+00   9.2869942244e+01
   1875.0000000000   9.6231873617e+01   0.0000000000e+00   9.2952819992e+01
   1876.0000000000   9.6310833272e+01   0.0000000000e+00   9.3030183585e+01
   1877.0000000000   9.6397900595e+01   0.0000000000e+00   9.3106452535e+01
   1878.0000000000   9.6479524880e+01   0.0000000000e+00   9.3182052003e+01
   1879.0000000000   9.6559939705e+01   0.0000000000e+00   9.3266167306e+01
   1880.0000000000   9.6639572572e+01   0.0000000000e+00   9.3344587467e+01
   1881.0000000000   9.6727177000e+01   0.0000000000e+00   9.3421780140e+01
   1882.0000000000   9.6809252644e+01   0.0000000000e+00   9.3498201503e+01
   1883.0000000000   9.6890060195e+01   0.0000000000e+00   9.3583058147e+01
   1884.0000000000   9.6970043356e+01   0.0000000000e+00   9.3662154372e+01
   1885.0000000000   9.7049390430e+01   0.0000000000e+00   9.3739969195e+01
   1886.0000000000   9.7128207256e+01   0.0000000000e+00   9.3816967483e+01
   1887.0000000000   9.7206562539e+01   0.0000000000e+00   9.3893345297e+01
   1888.0000000000   9.7284504985e+01   0.0000000000e+00   9.3978229233e+01
   1889.0000000000   9.7362071247e+01   0.0000000000e+00   9.4066407294e+01
   1890.0000000000   9.7439290104e+01   0.0000000000e+00   9.4148042367e+01
   1891.0000000000   9.7516184895e+01   0.0000000000e+00   9.4228003497e+01
   1892.0000000000   9.7592775021e+01   0.0000000000e+00   9.4306900760e+01
   1893.0000000000   9.7677652560e+01   0.0000000000e+00   9.4385002687e+01
   1894.0000000000   9.7757232574e+01   0.0000000000e+00   9.4462460867e+01
   1895.0000000000   9.7835724444e+01   0.0000000000e+00   9.4539372847e+01
   1896.0000000000   9.7913537770e+01   0.0000000000e+00   9.4615806794e+01
   1897.0000000000   9.7990836726e+01   0.0000000000e+00   9.4700830469e+01
   1898.0000000000   9.8076284904e+01   0.0000000000e+00   9.4789200565e+01
   1899.0000000000   9.8164913803e+01   0.0000000000e+00   9.4871061709e+01
   1900.0000000000   9.8247359197e+01   0.0000000000e+00   9.4951271613e+01
   1901.0000000000   9.8328244672e+01   0.0000000000e+00   9.5030432993e+01
   1902.0000000000   9.8408144925e+01   0.0000000000e+00   9.5108809437e+01
   1903.0000000000   9.8487310921e+01   0.0000000000e+00   9.5186549128e+01
   1904.0000000000   9.8565883241e+01   0.0000000000e+00   9.5263747218e+01
   1905.0000000000   9.8661102961e+01   0.0000000000e+00   9.5340470170e+01
   1906.0000000000   9.8745834226e+01   0.0000000000e+00   9.5416767190e+01
   1907.0000000000   9.8828516947e+01   0.0000000000e+00   9.5492676304e+01
   1908.0000000000   9.8909983730e+01   0.0000000000e+00   9.5577245196e+01
   1909.0000000000   9.8999147055e+01   0.0000000000e+00   9.5656199183e+01
   1910.0000000000   9.9082589029e+01   0.0000000000e+00   9.5733972234e+01
   1911.0000000000   9.9173195385e+01   0.0000000000e+00   9.5820018565e+01
   1912.0000000000   9.9266418719e+01   0.0000000000e+00   9.5900216264e+01
   1913.0000000000   9.9361643402e+01   0.0000000000e+00   9.5988092431e+01
   1914.0000000000   9.9449988250e+01   0.0000000000e+00   9.6069827944e+01
   1915.0000000000   9.9536284424e+01   0.0000000000e+00   9.6150041051e+01
   1916.0000000000   9.9629798111e+01   0.0000000000e+00   9.6229266006e+01
   1917.0000000000   9.9717255065e+01   0.0000000000e+00   9.6307739439e+01
   1918.0000000000   9.9803044039e+01   0.0000000000e+00   9.6385596875e+01
   1919.0000000000   9.9887690986e+01   0.0000000000e+00   9.6462926777e+01
   1920.0000000000   9.9971441272e+01   0.0000000000e+00   9.6539791753e+01
   1921.0000000000   1.0005444246e+02   0.0000000000e+00   9.6616238627e+01
   1922.0000000000   1.0013679496e+02   0.0000000000e+00   9.6692303867e+01
   1923.0000000000   1.0022714791e+02   0.0000000000e+00   9.6768016763e+01
   1924.0000000000   1.0031195870e+02   0.0000000000e+00   9.6843401417e+01
   1925.0000000000   1.0039546933e+02   0.0000000000e+00   9.6927495384e+01
   1926.0000000000   1.0047811522e+02   0.0000000000e+00   9.7006016373e+01
   1927.0000000000   1.0056008149e+02   0.0000000000e+00   9.7083392475e+01
   1928.0000000000   1.0064147337e+02   0.0000000000e+00   9.7160055948e+01
   1929.0000000000   1.0072236030e+02   0.0000000000e+00   9.7236180700e+01
   1930.0000000000   1.0080279243e+02   0.0000000000e+00   9.7311860289e+01
   1931.0000000000   1.0088280820e+02   0.0000000000e+00   9.7396170742e+01
   1932.0000000000   1.0097101394e+02   0.0000000000e+00   9.7474853089e+01
   1933.0000000000   1.0105383581e+02   0.0000000000e+00   9.7552350481e+01
   1934.0000000000   1.0113549212e+02   0.0000000000e+00   9.7629105360e+01
   1935.0000000000   1.0121639982e+02   0.0000000000e+00   9.7705298783e+01
   1936.0000000000   1.0129672925e+02   0.0000000000e+00   9.7781029470e+01
   1937.0000000000   1.0137657361e+02   0.0000000000e+00   9.7856359945e+01
   1938.0000000000   1.0145599242e+02   0.0000000000e+00   9.7931333671e+01
   1939.0000000000   1.0153502753e+02   0.0000000000e+00   9.8015000166e+01
   1940.0000000000   1.0161371034e+02   0.0000000000e+00   9.8093084849e+01
   1941.0000000000   1.0169206553e+02   0.0000000000e+00   9.8170020931e+01
   1942.0000000000   1.0177011321e+02   0.0000000000e+00   9.8246244144e+01
   1943.0000000000   1.0184787020e+02   0.0000000000e+00   9.8321930789e+01
   1944.0000000000   1.0192535083e+02   0.0000000000e+00   9.8397176082e+01
   1945.0000000000   1.0201114320e+02   0.0000000000e+00   9.8472039880e+01
   1946.0000000000   1.0210881040e+02   0.0000000000e+00   9.8546563560e+01
   1947.0000000000   1.0219536096e+02   0.0000000000e+00   9.8620777645e+01
   1948.0000000000   1.0227959630e+02   0.0000000000e+00   9.8694705736e+01
   1949.0000000000   1.0236247609e+02   0.0000000000e+00   9.8768366742e+01
   1950.0000000000   1.0244439561e+02   0.0000000000e+00   9.8841776231e+01
   1951.0000000000   1.0252556691e+02   0.0000000000e+00   9.8914947310e+01
   1952.0000000000   1.0260612086e+02   0.0000000000e+00   9.8987891209e+01
   1953.0000000000   1.0268614569e+02   0.0000000000e+00   9.9060617691e+01
   1954.0000000000   1.0276570476e+02   0.0000000000e+00   9.9133135353e+01
   1955.0000000000   1.0284484568e+02   0.0000000000e+00   9.9214469165e+01
   1956.0000000000   1.0292360554e+02   0.0000000000e+00   9.9290326437e+01
   1957.0000000000   1.0300201406e+02   0.0000000000e+00   9.9365126546e+01
   1958.0000000000   1.0308009563e+02   0.0000000000e+00   9.9439294342e+01
   1959.0000000000   1.0315787062e+02   0.0000000000e+00   9.9512997375e+01
   1960.0000000000   1.0324393199e+02   0.0000000000e+00   9.9586323686e+01
   1961.0000000000   1.0332469555e+02   0.0000000000e+00   9.9659327153e+01
   1962.0000000000   1.0340437130e+02   0.0000000000e+00   9.9732044103e+01
   1963.0000000000   1.0348336936e+02   0.0000000000e+00   9.9813518068e+01
   1964.0000000000   1.0356185434e+02   0.0000000000e+00   9.9889469371e+01
   1965.0000000000   1.0363991456e+02   0.0000000000e+00   9.9973344167e+01
   1966.0000000000   1.0372618091e+02   0.0000000000e+00   1.0005127482e+02
   1967.0000000000   1.0380709241e+02   0.0000000000e+00   1.0012784745e+02
   1968.0000000000   1.0389544978e+02   0.0000000000e+00   1.0020357353e+02
   1969.0000000000   1.0398664997e+02   0.0000000000e+00   1.0028768996e+02
   1970.0000000000   1.0407146274e+02   0.0000000000e+00   1.0036601948e+02
   1971.0000000000   1.0415457739e+02   0.0000000000e+00   1.0046108778e+02
   1972.0000000000   1.0423660623e+02   0.0000000000e+00   1.0054476885e+02
   1973.0000000000   1.0431782400e+02   0.0000000000e+00   1.0062609096e+02
   1974.0000000000   1.0439838740e+02   0.0000000000e+00   1.0071502336e+02
   1975.0000000000   1.0447839772e+02   0.0000000000e+00   1.0079766466e+02
   1976.0000000000   1.0455792581e+02   0.0000000000e+00   1.0087864625e+02
   1977.0000000000   1.0463702408e+02   0.0000000000e+00   1.0096754210e+02
   1978.0000000000   1.0472430850e+02   0.0000000000e+00   1.0105030939e+02
   1979.0000000000   1.0481478764e+02   0.0000000000e+00   1.0113151330e+02
   1980.0000000000   1.0489908551e+02   0.0000000000e+00   1.0121167477e+02
   1981.0000000000   1.0499039511e+02   0.0000000000e+00   1.0129102949e+02
   1982.0000000000   1.0507568879e+02   0.0000000000e+00   1.0137873356e+02
   1983.0000000000   1.0515941291e+02   0.0000000000e+00   1.0146959784e+02
   1984.0000000000   1.0524210606e+02   0.0000000000e+00   1.0155380334e+02
   1985.0000000000   1.0532401238e+02   0.0000000000e+00   1.0163623385e+02
   1986.0000000000   1.0540527364e+02   0.0000000000e+00   1.0171751160e+02
   1987.0000000000   1.0548598317e+02   0.0000000000e+00   1.0179791529e+02
   1988.0000000000   1.0557478301e+02   0.0000000000e+00   1.0187760514e+02
   1989.0000000000   1.0566669949e+02   0.0000000000e+00   1.0195668605e+02
   1990.0000000000   1.0576094497e+02   0.0000000000e+00   1.0204424986e+02
   1991.0000000000   1.0584854724e+02   0.0000000000e+00   1.0212605298e+02
   1992.0000000000   1.0593428208e+02   0.0000000000e+00   1.0220655232e+02
   1993.0000000000   1.0601880335e+02   0.0000000000e+00   1.0228620231e+02
   1994.0000000000   1.0610241008e+02   0.0000000000e+00   1.0237421174e+02
   1995.0000000000   1.0618527503e+02   0.0000000000e+00   1.0245638881e+02
   1996.0000000000   1.0626751107e+02   0.0000000000e+00   1.0253721705e+02
   1997.0000000000   1.0634919787e+02   0.0000000000e+00   1.0261716599e+02
   1998.0000000000   1.0643039481e+02   0.0000000000e+00   1.0269643622e+02
   1999.0000000000   1.0651114797e+02   0.0000000000e+00   1.0277514130e+02
   2000.0000000000   1.0659149416e+02   0.0000000000e+00   1.0286237278e+02
   2001.0000000000   1.0667146357e+02   0.0000000000e+00   1.0294388408e+02
   2002.0000000000   1.0675108142e+02   0.0000000000e+00   1.0302412845e+02
   2003.0000000000   1.0683036914e+02   0.0000000000e+00   1.0310355671e+02
   2004.0000000000   1.0690934517e+02   0.0000000000e+00   1.0319137429e+02
   2005.0000000000   1.0698802559e+02   0.0000000000e+00   1.0327338638e+02
   2006.0000000000   1.0707500017e+02   0.0000000000e+00   1.0335407387e+02
   2007.0000000000   1.0715668235e+02   0.0000000000e+00   1.0343390393e+02
   2008.0000000000   1.0723728037e+02   0.0000000000e+00   1.0351307508e+02
   2009.0000000000   1.0731720299e+02   0.0000000000e+00   1.0360071639e+02
   2010.0000000000   1.0739661381e+02   0.0000000000e+00   1.0368260093e+02
   2011.0000000000   1.0747560036e+02   0.0000000000e+00   1.0377221072e+02
   2012.0000000000   1.0755421734e+02   0.0000000000e+00   1.0385570422e+02
   2013.0000000000   1.0763250241e+02   0.0000000000e+00   1.0393768748e+02
   2014.0000000000   1.0771048337e+02   0.0000000000e+00   1.0401868769e+02
   2015.0000000000   1.0778818170e+02   0.0000000000e+00   1.0409893725e+02
   2016.0000000000   1.0787419034e+02   0.0000000000e+00   1.0417856911e+02
   2017.0000000000   1.0797207571e+02   0.0000000000e+00   1.0426668744e+02
   2018.0000000000   1.0805884869e+02   0.0000000000e+00   1.0434905434e+02
   2019.0000000000   1.0814331235e+02   0.0000000000e+00   1.0443012923e+02
   2020.0000000000   1.0822642758e+02   0.0000000000e+00   1.0451036747e+02
   2021.0000000000   1.0831716612e+02   0.0000000000e+00   1.0458996059e+02
   2022.0000000000   1.0841071713e+02   0.0000000000e+00   1.0466901595e+02
   2023.0000000000   1.0849780979e+02   0.0000000000e+00   1.0475662066e+02
   2024.0000000000   1.0859170390e+02   0.0000000000e+00   1.0483852476e+02
   2025.0000000000   1.0867941696e+02   0.0000000000e+00   1.0491917888e+02
   2026.0000000000   1.0876542730e+02   0.0000000000e+00   1.0499903177e+02
   2027.0000000000   1.0885029695e+02   0.0000000000e+00   1.0507826981e+02
   2028.0000000000   1.0893428775e+02   0.0000000000e+00   1.0515699633e+02
   2029.0000000000   1.0902613079e+02   0.0000000000e+00   1.0523527783e+02
   2030.0000000000   1.0911233113e+02   0.0000000000e+00   1.0531316123e+02
   2031.0000000000   1.0919716084e+02   0.0000000000e+00   1.0539068181e+02
   2032.0000000000   1.0928965113e+02   0.0000000000e+00   1.0546786722e+02
   2033.0000000000   1.0937640201e+02   0.0000000000e+00   1.0555375726e+02
   2034.0000000000   1.0947030143e+02   0.0000000000e+00   1.0563407107e+02
   2035.0000000000   1.0955822582e+02   0.0000000000e+00   1.0572225500e+02
   2036.0000000000   1.0964458234e+02   0.0000000000e+00   1.0580444242e+02
   2037.0000000000   1.0973846716e+02   0.0000000000e+00   1.0588522083e+02
   2038.0000000000   1.0982651664e+02   0.0000000000e+00   1.0596510331e+02
   2039.0000000000   1.0991306547e+02   0.0000000000e+00   1.0604431118e+02
   2040.0000000000   1.0999860399e+02   0.0000000000e+00   1.0613198577e+02
   2041.0000000000   1.1008335265e+02   0.0000000000e+00   1.0622292443e+02
   2042.0000000000   1.1016744084e+02   0.0000000000e+00   1.0630729636e+02
   2043.0000000000   1.1025095523e+02   0.0000000000e+00   1.0639899240e+02
   2044.0000000000   1.1035110995e+02   0.0000000000e+00   1.0648432639e+02
   2045.0000000000   1.1044075486e+02   0.0000000000e+00   1.0656798254e+02
   2046.0000000000   1.1052832214e+02   0.0000000000e+00   1.0665053365e+02
   2047.0000000000   1.1062321596e+02   0.0000000000e+00   1.0673224124e+02
   2048.0000000000   1.1071217211e+02   0.0000000000e+00   1.0681325806e+02
   2049.0000000000   1.1079956814e+02   0.0000000000e+00   1.0689368513e+02
   2050.0000000000   1.1088591592e+02   0.0000000000e+00   1.0697359452e+02
   2051.0000000000   1.1098002349e+02   0.0000000000e+00   1.0705304044e+02
   2052.0000000000   1.1106842824e+02   0.0000000000e+00   1.0714108255e+02
   2053.0000000000   1.1115541829e+02   0.0000000000e+00   1.0722345533e+02
   2054.0000000000   1.1124145811e+02   0.0000000000e+00   1.0731361733e+02
   2055.0000000000   1.1132675219e+02   0.0000000000e+00   1.0739771170e+02
   2056.0000000000   1.1141141929e+02   0.0000000000e+00   1.0748935135e+02
   2057.0000000000   1.1149553867e+02   0.0000000000e+00   1.0757475648e+02
   2058.0000000000   1.1157916778e+02   0.0000000000e+00   1.0765856722e+02
   2059.0000000000   1.1166235061e+02   0.0000000000e+00   1.0775034891e+02
   2060.0000000000   1.1174512222e+02   0.0000000000e+00   1.0783604805e+02
   2061.0000000000   1.1182751132e+02   0.0000000000e+00   1.0792022023e+02
   2062.0000000000   1.1190954200e+02   0.0000000000e+00   1.0801239568e+02
   2063.0000000000   1.1199123478e+02   0.0000000000e+00   1.0809850401e+02
   2064.0000000000   1.1207260747e+02   0.0000000000e+00   1.0819210917e+02
   2065.0000000000   1.1215367564e+02   0.0000000000e+00   1.0827941955e+02
   2066.0000000000   1.1223445307e+02   0.0000000000e+00   1.0836507458e+02
   2067.0000000000   1.1232352772e+02   0.0000000000e+00   1.0844962525e+02
   2068.0000000000   1.1241588716e+02   0.0000000000e+00   1.0853332168e+02
   2069.0000000000   1.1250213931e+02   0.0000000000e+00   1.0862532780e+02
   2070.0000000000   1.1258688896e+02   0.0000000000e+00   1.0871144175e+02
   2071.0000000000   1.1267927319e+02   0.0000000000e+00   1.0879614709e+02
   2072.0000000000   1.1276593417e+02   0.0000000000e+00   1.0887991649e+02
   2073.0000000000   1.1285120224e+02   0.0000000000e+00   1.0896295449e+02
   2074.0000000000   1.1293556034e+02   0.0000000000e+00   1.0904537865e+02
   2075.0000000000   1.1301922095e+02   0.0000000000e+00   1.0912726687e+02
   2076.0000000000   1.1310230576e+02   0.0000000000e+00   1.0920867545e+02
   2077.0000000000   1.1319346999e+02   0.0000000000e+00   1.0928964744e+02
   2078.0000000000   1.1327917097e+02   0.0000000000e+00   1.0937021709e+02
   2079.0000000000   1.1337222365e+02   0.0000000000e+00   1.0945041248e+02
   2080.0000000000   1.1345946062e+02   0.0000000000e+00   1.0953025716e+02
   2081.0000000000   1.1354525986e+02   0.0000000000e+00   1.0960977121e+02
   2082.0000000000   1.1363869680e+02   0.0000000000e+00   1.0968897204e+02
   2083.0000000000   1.1373496784e+02   0.0000000000e+00   1.0976787492e+02
   2084.0000000000   1.1382479649e+02   0.0000000000e+00   1.0984649334e+02
   2085.0000000000   1.1392143604e+02   0.0000000000e+00   1.0993385670e+02
   2086.0000000000   1.1401189858e+02   0.0000000000e+00   1.1001567631e+02
   2087.0000000000   1.1410065834e+02   0.0000000000e+00   1.1009637517e+02
   2088.0000000000   1.1418827429e+02   0.0000000000e+00   1.1017638143e+02
   2089.0000000000   1.1427500601e+02   0.0000000000e+00   1.1025586566e+02
   2090.0000000000   1.1436100732e+02   0.0000000000e+00   1.1033491869e+02
   2091.0000000000   1.1444638118e+02   0.0000000000e+00   1.1041359694e+02
   2092.0000000000   1.1453120179e+02   0.0000000000e+00   1.1050095642e+02
   2093.0000000000   1.1461552545e+02   0.0000000000e+00   1.1058272597e+02
   2094.0000000000   1.1469939642e+02   0.0000000000e+00   1.1066334066e+02
   2095.0000000000   1.1478285055e+02   0.0000000000e+00   1.1074323723e+02
   2096.0000000000   1.1486591749e+02   0.0000000000e+00   1.1082259254e+02
   2097.0000000000   1.1494862222e+02   0.0000000000e+00   1.1090150207e+02
   2098.0000000000   1.1503098611e+02   0.0000000000e+00   1.1098904313e+02
   2099.0000000000   1.1511302768e+02   0.0000000000e+00   1.1107095759e+02
   2100.0000000000   1.1519476313e+02   0.0000000000e+00   1.1115168915e+02
   2101.0000000000   1.1527620678e+02   0.0000000000e+00   1.1123168059e+02
   2102.0000000000   1.1535737138e+02   0.0000000000e+00   1.1131111314e+02
   2103.0000000000   1.1543826839e+02   0.0000000000e+00   1.1139008562e+02
   2104.0000000000   1.1551890816e+02   0.0000000000e+00   1.1147767790e+02
   2105.0000000000   1.1559930006e+02   0.0000000000e+00   1.1156865118e+02
   2106.0000000000   1.1567945267e+02   0.0000000000e+00   1.1166216855e+02
   2107.0000000000   1.1576794949e+02   0.0000000000e+00   1.1174878770e+02
   2108.0000000000   1.1585119863e+02   0.0000000000e+00   1.1184254066e+02
   2109.0000000000   1.1593340380e+02   0.0000000000e+00   1.1192980915e+02
   2110.0000000000   1.1601496986e+02   0.0000000000e+00   1.1201531528e+02
   2111.0000000000   1.1610463265e+02   0.0000000000e+00   1.1209965504e+02
   2112.0000000000   1.1618887764e+02   0.0000000000e+00   1.1218310519e+02
   2113.0000000000   1.1627195393e+02   0.0000000000e+00   1.1226582895e+02
   2114.0000000000   1.1635429557e+02   0.0000000000e+00   1.1234793482e+02
   2115.0000000000   1.1644465836e+02   0.0000000000e+00   1.1243851772e+02
   2116.0000000000   1.1652954209e+02   0.0000000000e+00   1.1253235379e+02
   2117.0000000000   1.1661320648e+02   0.0000000000e+00   1.1261960219e+02
   2118.0000000000   1.1670466931e+02   0.0000000000e+00   1.1270513185e+02
   2119.0000000000   1.1679051798e+02   0.0000000000e+00   1.1278955439e+02
   2120.0000000000   1.1688362905e+02   0.0000000000e+00   1.1287314057e+02
   2121.0000000000   1.1697086888e+02   0.0000000000e+00   1.1295604447e+02
   2122.0000000000   1.1705663574e+02   0.0000000000e+00   1.1303836619e+02
   2123.0000000000   1.1714144234e+02   0.0000000000e+00   1.1312017632e+02
   2124.0000000000   1.1722551723e+02   0.0000000000e+00   1.1320152761e+02
   2125.0000000000   1.1730899198e+02   0.0000000000e+00   1.1328246113e+02
   2126.0000000000   1.1739195281e+02   0.0000000000e+00   1.1336300988e+02
   2127.0000000000   1.1747446089e+02   0.0000000000e+00   1.1344320102e+02
   2128.0000000000   1.1755656205e+02   0.0000000000e+00   1.1352305738e+02
   2129.0000000000   1.1764686764e+02   0.0000000000e+00   1.1360259843e+02
   2130.0000000000   1.1773180720e+02   0.0000000000e+00   1.1368184102e+02
   2131.0000000000   1.1783275259e+02   0.0000000000e+00   1.1376079991e+02
   2132.0000000000   1.1792292401e+02   0.0000000000e+00   1.1383948812e+02
   2133.0000000000   1.1801088674e+02   0.0000000000e+00   1.1391791725e+02
   2134.0000000000   1.1809753185e+02   0.0000000000e+00   1.1399609774e+02
   2135.0000000000   1.1818322794e+02   0.0000000000e+00   1.1410109097e+02
   2136.0000000000   1.1827675087e+02   0.0000000000e+00   1.1419000685e+02
   2137.0000000000   1.1836462690e+02   0.0000000000e+00   1.1427609270e+02
   2138.0000000000   1.1845113877e+02   0.0000000000e+00   1.1436061330e+02
   2139.0000000000   1.1853674750e+02   0.0000000000e+00   1.1444406239e+02
   2140.0000000000   1.1862165493e+02   0.0000000000e+00   1.1452669589e+02
   2141.0000000000   1.1871455321e+02   0.0000000000e+00   1.1460866791e+02
   2142.0000000000   1.1880192045e+02   0.0000000000e+00   1.1469008042e+02
   2143.0000000000   1.1888800924e+02   0.0000000000e+00   1.1478904019e+02
   2144.0000000000   1.1898183617e+02   0.0000000000e+00   1.1487700163e+02
   2145.0000000000   1.1906998997e+02   0.0000000000e+00   1.1496283235e+02
   2146.0000000000   1.1915677405e+02   0.0000000000e+00   1.1504740353e+02
   2147.0000000000   1.1924265679e+02   0.0000000000e+00   1.1513106656e+02
   2148.0000000000   1.1933641811e+02   0.0000000000e+00   1.1521401015e+02
   2149.0000000000   1.1942457593e+02   0.0000000000e+00   1.1529635192e+02
   2150.0000000000   1.1951140419e+02   0.0000000000e+00   1.1537817234e+02
   2151.0000000000   1.1959735663e+02   0.0000000000e+00   1.1545953009e+02
   2152.0000000000   1.1968262929e+02   0.0000000000e+00   1.1554046993e+02
   2153.0000000000   1.1976733423e+02   0.0000000000e+00   1.1562102724e+02
   2154.0000000000   1.1986012076e+02   0.0000000000e+00   1.1571024807e+02
   2155.0000000000   1.1995601825e+02   0.0000000000e+00   1.1579385671e+02
   2156.0000000000   1.2004566465e+02   0.0000000000e+00   1.1588530380e+02
   2157.0000000000   1.2013368733e+02   0.0000000000e+00   1.1597072624e+02
   2158.0000000000   1.2022066517e+02   0.0000000000e+00   1.1605471457e+02
   2159.0000000000   1.2030685330e+02   0.0000000000e+00   1.1613778441e+02
   2160.0000000000   1.2039239627e+02   0.0000000000e+00   1.1622015925e+02
   2161.0000000000   1.2047738752e+02   0.0000000000e+00   1.1630196500e+02
   2162.0000000000   1.2056189279e+02   0.0000000000e+00   1.1640131752e+02
   2163.0000000000   1.2064596104e+02   0.0000000000e+00   1.1648967471e+02
   2164.0000000000   1.2072963029e+02   0.0000000000e+00   1.1657590529e+02
   2165.0000000000   1.2081293109e+02   0.0000000000e+00   1.1666088059e+02
   2166.0000000000   1.2090446417e+02   0.0000000000e+00   1.1675396906e+02
   2167.0000000000   1.2099065150e+02   0.0000000000e+00   1.1684105938e+02
   2168.0000000000   1.2108428374e+02   0.0000000000e+00   1.1692668190e+02
   2169.0000000000   1.2117217601e+02   0.0000000000e+00   1.1701133583e+02
   2170.0000000000   1.2126726902e+02   0.0000000000e+00   1.1709524178e+02
   2171.0000000000   1.2135645359e+02   0.0000000000e+00   1.1717852744e+02
   2172.0000000000   1.2144413896e+02   0.0000000000e+00   1.1727029465e+02
   2173.0000000000   1.2153084335e+02   0.0000000000e+00   1.1735630454e+02
   2174.0000000000   1.2161679827e+02   0.0000000000e+00   1.1744101628e+02
   2175.0000000000   1.2170213706e+02   0.0000000000e+00   1.1752488529e+02
   2176.0000000000   1.2178694707e+02   0.0000000000e+00   1.1760810334e+02
   2177.0000000000   1.2187129025e+02   0.0000000000e+00   1.1769077811e+02
   2178.0000000000   1.2195521304e+02   0.0000000000e+00   1.1777297969e+02
   2179.0000000000   1.2203875163e+02   0.0000000000e+00   1.1785475801e+02
   2180.0000000000   1.2212193513e+02   0.0000000000e+00   1.1793615087e+02
   2181.0000000000   1.2220478752e+02   0.0000000000e+00   1.1801718806e+02
   2182.0000000000   1.2228732893e+02   0.0000000000e+00   1.1809789390e+02
   2183.0000000000   1.2236957657e+02   0.0000000000e+00   1.1817828866e+02
   2184.0000000000   1.2245154532e+02   0.0000000000e+00   1.1825838958e+02
   2185.0000000000   1.2253324820e+02   0.0000000000e+00   1.1833821158e+02
   2186.0000000000   1.2262327237e+02   0.0000000000e+00   1.1841776769e+02
   2187.0000000000   1.2270802897e+02   0.0000000000e+00   1.1849706944e+02
   2188.0000000000   1.2279172425e+02   0.0000000000e+00   1.1857612714e+02
   2189.0000000000   1.2287476522e+02   0.0000000000e+00   1.1865495002e+02
   2190.0000000000   1.2296588953e+02   0.0000000000e+00   1.1873354648e+02
   2191.0000000000   1.2305158422e+02   0.0000000000e+00   1.1882094148e+02
   2192.0000000000   1.2313609972e+02   0.0000000000e+00   1.1890284246e+02
   2193.0000000000   1.2321987125e+02   0.0000000000e+00   1.1898366903e+02
   2194.0000000000   1.2330308000e+02   0.0000000000e+00   1.1907286364e+02
   2195.0000000000   1.2338582574e+02   0.0000000000e+00   1.1915629465e+02
   2196.0000000000   1.2346817198e+02   0.0000000000e+00   1.1923846361e+02
   2197.0000000000   1.2355016289e+02   0.0000000000e+00   1.1931984400e+02
   2198.0000000000   1.2363183116e+02   0.0000000000e+00   1.1940063491e+02
   2199.0000000000   1.2371320209e+02   0.0000000000e+00   1.1948094620e+02
   2200.0000000000   1.2379429590e+02   0.0000000000e+00   1.1956986494e+02
   2201.0000000000   1.2387512921e+02   0.0000000000e+00   1.1965313985e+02
   2202.0000000000   1.2395571597e+02   0.0000000000e+00   1.1973521959e+02
   2203.0000000000   1.2403606811e+02   0.0000000000e+00   1.1981655059e+02
   2204.0000000000   1.2411619596e+02   0.0000000000e+00   1.1989731689e+02
   2205.0000000000   1.2420468422e+02   0.0000000000e+00   1.1997761942e+02
   2206.0000000000   1.2428794180e+02   0.0000000000e+00   1.2005752235e+02
   2207.0000000000   1.2437017290e+02   0.0000000000e+00   1.2013707043e+02
   2208.0000000000   1.2445178269e+02   0.0000000000e+00   1.2022531413e+02
   2209.0000000000   1.2453293148e+02   0.0000000000e+00   1.2030797958e+02
   2210.0000000000   1.2461370386e+02   0.0000000000e+00   1.2038950057e+02
   2211.0000000000   1.2469415182e+02   0.0000000000e+00   1.2047031322e+02
   2212.0000000000   1.2477431059e+02   0.0000000000e+00   1.2055059414e+02
   2213.0000000000   1.2485420570e+02   0.0000000000e+00   1.2063043878e+02
   2214.0000000000   1.2493385661e+02   0.0000000000e+00   1.2071892447e+02
   2215.0000000000   1.2501327870e+02   0.0000000000e+00   1.2080179313e+02
   2216.0000000000   1.2509248452e+02   0.0000000000e+00   1.2089250584e+02
   2217.0000000000   1.2517148456e+02   0.0000000000e+00   1.2097720589e+02
   2218.0000000000   1.2525028774e+02   0.0000000000e+00   1.2106048773e+02
   2219.0000000000   1.2533747741e+02   0.0000000000e+00   1.2114286937e+02
   2220.0000000000   1.2541946124e+02   0.0000000000e+00   1.2122457573e+02
   2221.0000000000   1.2550044224e+02   0.0000000000e+00   1.2130573350e+02
   2222.0000000000   1.2558082447e+02   0.0000000000e+00   1.2138642423e+02
   2223.0000000000   1.2566076724e+02   0.0000000000e+00   1.2146670500e+02
   2224.0000000000   1.2574892980e+02   0.0000000000e+00   1.2154661806e+02
   2225.0000000000   1.2583176415e+02   0.0000000000e+00   1.2163521338e+02
   2226.0000000000   1.2591350170e+02   0.0000000000e+00   1.2171821744e+02
   2227.0000000000   1.2599456587e+02   0.0000000000e+00   1.2180006471e+02
   2228.0000000000   1.2607512983e+02   0.0000000000e+00   1.2188119215e+02
   2229.0000000000   1.2615528750e+02   0.0000000000e+00   1.2196177722e+02
   2230.0000000000   1.2623509784e+02   0.0000000000e+00   1.2204191619e+02
   2231.0000000000   1.2631460140e+02   0.0000000000e+00   1.2212166986e+02
   2232.0000000000   1.2639382785e+02   0.0000000000e+00   1.2220108042e+02
   2233.0000000000   1.2647279989e+02   0.0000000000e+00   1.2228017913e+02
   2234.0000000000   1.2655153554e+02   0.0000000000e+00   1.2235899021e+02
   2235.0000000000   1.2663004942e+02   0.0000000000e+00   1.2243753313e+02
   2236.0000000000   1.2671692937e+02   0.0000000000e+00   1.2252484127e+02
   2237.0000000000   1.2679858659e+02   0.0000000000e+00   1.2260662861e+02
   2238.0000000000   1.2688780260e+02   0.0000000000e+00   1.2268731992e+02
   2239.0000000000   1.2697138468e+02   0.0000000000e+00   1.2276734447e+02
   2240.0000000000   1.2705369107e+02   0.0000000000e+00   1.2284687353e+02
   2241.0000000000   1.2716093258e+02   0.0000000000e+00   1.2292599826e+02
   2242.0000000000   1.2725251876e+02   0.0000000000e+00   1.2301379252e+02
   2243.0000000000   1.2734973100e+02   0.0000000000e+00   1.2309599540e+02
   2244.0000000000   1.2744023899e+02   0.0000000000e+00   1.2317704826e+02
   2245.0000000000   1.2752875322e+02   0.0000000000e+00   1.2326640924e+02
   2246.0000000000   1.2761594670e+02   0.0000000000e+00   1.2335897569e+02
   2247.0000000000   1.2770214306e+02   0.0000000000e+00   1.2344495857e+02
   2248.0000000000   1.2779611122e+02   0.0000000000e+00   1.2353826883e+02
   2249.0000000000   1.2788438094e+02   0.0000000000e+00   1.2362523079e+02
   2250.0000000000   1.2797124124e+02   0.0000000000e+00   1.2371053437e+02
   2251.0000000000   1.2805715972e+02   0.0000000000e+00   1.2379475548e+02
   2252.0000000000   1.2814234430e+02   0.0000000000e+00   1.2387815728e+02
   2253.0000000000   1.2822691684e+02   0.0000000000e+00   1.2396089332e+02
   2254.0000000000   1.2831095921e+02   0.0000000000e+00   1.2404306486e+02
   2255.0000000000   1.2839453098e+02   0.0000000000e+00   1.2412474389e+02
   2256.0000000000   1.2847767784e+02   0.0000000000e+00   1.2421500166e+02
   2257.0000000000   1.2856901177e+02   0.0000000000e+00   1.2429958052e+02
   2258.0000000000   1.2865496337e+02   0.0000000000e+00   1.2438292721e+02
   2259.0000000000   1.2874833008e+02   0.0000000000e+00   1.2446548840e+02
   2260.0000000000   1.2884450817e+02   0.0000000000e+00   1.2454744943e+02
   2261.0000000000   1.2893426806e+02   0.0000000000e+00   1.2462891301e+02
   2262.0000000000   1.2902230043e+02   0.0000000000e+00   1.2470994534e+02
   2263.0000000000   1.2910921929e+02   0.0000000000e+00   1.2479059317e+02
   2264.0000000000   1.2919530122e+02   0.0000000000e+00   1.2487089165e+02
   2265.0000000000   1.2928928042e+02   0.0000000000e+00   1.2495086835e+02
   2266.0000000000   1.2938623647e+02   0.0000000000e+00   1.2503054566e+02
   2267.0000000000   1.2948541551e+02   0.0000000000e+00   1.2511895949e+02
   2268.0000000000   1.2957786809e+02   0.0000000000e+00   1.2520182608e+02
   2269.0000000000   1.2967696182e+02   0.0000000000e+00   1.2528357218e+02
   2270.0000000000   1.2976976332e+02   0.0000000000e+00   1.2536462883e+02
   2271.0000000000   1.2986077771e+02   0.0000000000e+00   1.2544516889e+02
   2272.0000000000   1.2995915911e+02   0.0000000000e+00   1.2552528493e+02
   2273.0000000000   1.3005158130e+02   0.0000000000e+00   1.2560503479e+02
   2274.0000000000   1.3014240473e+02   0.0000000000e+00   1.2568445826e+02
   2275.0000000000   1.3023213825e+02   0.0000000000e+00   1.2576358458e+02
   2276.0000000000   1.3032101612e+02   0.0000000000e+00   1.2584243635e+02
   2277.0000000000   1.3040917831e+02   0.0000000000e+00   1.2593004896e+02
   2278.0000000000   1.3049671980e+02   0.0000000000e+00   1.2601213774e+02
   2279.0000000000   1.3058371012e+02   0.0000000000e+00   1.2609312839e+02
   2280.0000000000   1.3067020276e+02   0.0000000000e+00   1.2618246818e+02
   2281.0000000000   1.3075624036e+02   0.0000000000e+00   1.2627504662e+02
   2282.0000000000   1.3084185785e+02   0.0000000000e+00   1.2636106883e+02
   2283.0000000000   1.3093566007e+02   0.0000000000e+00   1.2644542399e+02
   2284.0000000000   1.3102407274e+02   0.0000000000e+00   1.2652873250e+02
   2285.0000000000   1.3111131427e+02   0.0000000000e+00   1.2661126835e+02
   2286.0000000000   1.3119780198e+02   0.0000000000e+00   1.2669318603e+02
   2287.0000000000   1.3128370676e+02   0.0000000000e+00   1.2677458453e+02
   2288.0000000000   1.3136912239e+02   0.0000000000e+00   1.2685553262e+02
   2289.0000000000   1.3145410900e+02   0.0000000000e+00   1.2694509816e+02
   2290.0000000000   1.3153870900e+02   0.0000000000e+00   1.2702902033e+02
   2291.0000000000   1.3162295437e+02   0.0000000000e+00   1.2711174292e+02
   2292.0000000000   1.3170687030e+02   0.0000000000e+00   1.2720272731e+02
   2293.0000000000   1.3179047739e+02   0.0000000000e+00   1.2729687425e+02
   2294.0000000000   1.3188236851e+02   0.0000000000e+00   1.2738439798e+02
   2295.0000000000   1.3197753495e+02   0.0000000000e+00   1.2747019520e+02
   2296.0000000000   1.3206658741e+02   0.0000000000e+00   1.2757292721e+02
   2297.0000000000   1.3215413286e+02   0.0000000000e+00   1.2766427420e+02
   2298.0000000000   1.3224073444e+02   0.0000000000e+00   1.2775322151e+02
   2299.0000000000   1.3232663481e+02   0.0000000000e+00   1.2784071040e+02
   2300.0000000000   1.3241196839e+02   0.0000000000e+00   1.2792713775e+02
   2301.0000000000   1.3249682035e+02   0.0000000000e+00   1.2801272358e+02
   2302.0000000000   1.3258124947e+02   0.0000000000e+00   1.2809760813e+02
   2303.0000000000   1.3266529883e+02   0.0000000000e+00   1.2818188877e+02
   2304.0000000000   1.3274900148e+02   0.0000000000e+00   1.2826563715e+02
   2305.0000000000   1.3283238363e+02   0.0000000000e+00   1.2834890826e+02
   2306.0000000000   1.3291546663e+02   0.0000000000e+00   1.2843174571e+02
   2307.0000000000   1.3300684394e+02   0.0000000000e+00   1.2851418490e+02
   2308.0000000000   1.3309293155e+02   0.0000000000e+00   1.2859625523e+02
   2309.0000000000   1.3317793950e+02   0.0000000000e+00   1.2867798147e+02
   2310.0000000000   1.3326227783e+02   0.0000000000e+00   1.2875938480e+02
   2311.0000000000   1.3334611099e+02   0.0000000000e+00   1.2884048358e+02
   2312.0000000000   1.3342952713e+02   0.0000000000e+00   1.2892129384e+02
   2313.0000000000   1.3351258133e+02   0.0000000000e+00   1.2900182974e+02
   2314.0000000000   1.3359531152e+02   0.0000000000e+00   1.2908210387e+02
   2315.0000000000   1.3367774560e+02   0.0000000000e+00   1.2916212749e+02
   2316.0000000000   1.3375990514e+02   0.0000000000e+00   1.2924191078e+02
   2317.0000000000   1.3384180743e+02   0.0000000000e+00   1.2932146294e+02
   2318.0000000000   1.3392346670e+02   0.0000000000e+00   1.2940079235e+02
   2319.0000000000   1.3402204624e+02   0.0000000000e+00   1.2947990670e+02
   2320.0000000000   1.3411035813e+02   0.0000000000e+00   1.2955881302e+02
   2321.0000000000   1.3419680538e+02   0.0000000000e+00   1.2963751783e+02
   2322.0000000000   1.3429076888e+02   0.0000000000e+00   1.2971602714e+02
   2323.0000000000   1.3437896544e+02   0.0000000000e+00   1.2979434654e+02
   2324.0000000000   1.3446575685e+02   0.0000000000e+00   1.2987248123e+02
   2325.0000000000   1.3455164164e+02   0.0000000000e+00   1.2995043608e+02
   2326.0000000000   1.3463684082e+02   0.0000000000e+00   1.3003723296e+02
   2327.0000000000   1.3473005666e+02   0.0000000000e+00   1.3011857659e+02
   2328.0000000000   1.3481777258e+02   0.0000000000e+00   1.3020790147e+02
   2329.0000000000   1.3492139505e+02   0.0000000000e+00   1.3029133106e+02
   2330.0000000000   1.3501416785e+02   0.0000000000e+00   1.3037344446e+02
   2331.0000000000   1.3510467299e+02   0.0000000000e+00   1.3046376485e+02
   2332.0000000000   1.3519381382e+02   0.0000000000e+00   1.3054820775e+02
   2333.0000000000   1.3528196816e+02   0.0000000000e+00   1.3063130485e+02
   2334.0000000000   1.3537791902e+02   0.0000000000e+00   1.3072256745e+02
   2335.0000000000   1.3547677383e+02   0.0000000000e+00   1.3080790965e+02
   2336.0000000000   1.3556922064e+02   0.0000000000e+00   1.3089186521e+02
   2337.0000000000   1.3565992106e+02   0.0000000000e+00   1.3098394851e+02
   2338.0000000000   1.3574947850e+02   0.0000000000e+00   1.3107909423e+02
   2339.0000000000   1.3583816630e+02   0.0000000000e+00   1.3116753966e+02
   2340.0000000000   1.3592614287e+02   0.0000000000e+00   1.3125419783e+02
   2341.0000000000   1.3601351252e+02   0.0000000000e+00   1.3133970737e+02
   2342.0000000000   1.3610034960e+02   0.0000000000e+00   1.3144239123e+02
   2343.0000000000   1.3618671002e+02   0.0000000000e+00   1.3153381620e+02
   2344.0000000000   1.3627263753e+02   0.0000000000e+00   1.3162291692e+02
   2345.0000000000   1.3635816738e+02   0.0000000000e+00   1.3171060822e+02
   2346.0000000000   1.3644332863e+02   0.0000000000e+00   1.3180628912e+02
   2347.0000000000   1.3652814570e+02   0.0000000000e+00   1.3190488805e+02
   2348.0000000000   1.3661263944e+02   0.0000000000e+00   1.3199665282e+02
   2349.0000000000   1.3669682787e+02   0.0000000000e+00   1.3208650907e+02
   2350.0000000000   1.3679787799e+02   0.0000000000e+00   1.3217510717e+02
   2351.0000000000   1.3688860545e+02   0.0000000000e+00   1.3226274572e+02
   2352.0000000000   1.3697741661e+02   0.0000000000e+00   1.3235861686e+02
   2353.0000000000   1.3707369551e+02   0.0000000000e+00   1.3244853703e+02
   2354.0000000000   1.3716416184e+02   0.0000000000e+00   1.3253700253e+02
   2355.0000000000   1.3725318006e+02   0.0000000000e+00   1.3262449535e+02
   2356.0000000000   1.3734125118e+02   0.0000000000e+00   1.3271122713e+02
   2357.0000000000   1.3742859847e+02   0.0000000000e+00   1.3279732091e+02
   2358.0000000000   1.3751535067e+02   0.0000000000e+00   1.3288285902e+02
   2359.0000000000   1.3760159225e+02   0.0000000000e+00   1.3296790132e+02
   2360.0000000000   1.3768738319e+02   0.0000000000e+00   1.3306151111e+02
   2361.0000000000   1.3778134415e+02   0.0000000000e+00   1.3314942553e+02
   2362.0000000000   1.3786991109e+02   0.0000000000e+00   1.3323608787e+02
   2363.0000000000   1.3797446054e+02   0.0000000000e+00   1.3333095995e+02
   2364.0000000000   1.3806821618e+02   0.0000000000e+00   1.3341992615e+02
   2365.0000000000   1.3815974598e+02   0.0000000000e+00   1.3350750159e+02
   2366.0000000000   1.3824994315e+02   0.0000000000e+00   1.3359417130e+02
   2367.0000000000   1.3833917800e+02   0.0000000000e+00   1.3368014432e+02
   2368.0000000000   1.3842765221e+02   0.0000000000e+00   1.3376553922e+02
   2369.0000000000   1.3851549233e+02   0.0000000000e+00   1.3385043334e+02
   2370.0000000000   1.3861136076e+02   0.0000000000e+00   1.3393488167e+02
   2371.0000000000   1.3870172161e+02   0.0000000000e+00   1.3401892566e+02
   2372.0000000000   1.3879082006e+02   0.0000000000e+00   1.3411161524e+02
   2373.0000000000   1.3887909277e+02   0.0000000000e+00   1.3419867727e+02
   2374.0000000000   1.3897530056e+02   0.0000000000e+00   1.3428454692e+02
   2375.0000000000   1.3907452462e+02   0.0000000000e+00   1.3436966200e+02
   2376.0000000000   1.3916743134e+02   0.0000000000e+00   1.3445420095e+02
   2377.0000000000   1.3925866540e+02   0.0000000000e+00   1.3453826103e+02
   2378.0000000000   1.3934881708e+02   0.0000000000e+00   1.3462190409e+02
   2379.0000000000   1.3943814944e+02   0.0000000000e+00   1.3470517336e+02
   2380.0000000000   1.3952681274e+02   0.0000000000e+00   1.3478810111e+02
   2381.0000000000   1.3961490475e+02   0.0000000000e+00   1.3487071257e+02
   2382.0000000000   1.3971107012e+02   0.0000000000e+00   1.3495302820e+02
   2383.0000000000   1.3980176131e+02   0.0000000000e+00   1.3504408230e+02
   2384.0000000000   1.3989121544e+02   0.0000000000e+00   1.3512958977e+02
   2385.0000000000   1.3997986342e+02   0.0000000000e+00   1.3521397625e+02
   2386.0000000000   1.4007646182e+02   0.0000000000e+00   1.3529767187e+02
   2387.0000000000   1.4016751298e+02   0.0000000000e+00   1.3538084869e+02
   2388.0000000000   1.4026585559e+02   0.0000000000e+00   1.3546359864e+02
   2389.0000000000   1.4035833629e+02   0.0000000000e+00   1.3554597901e+02
   2390.0000000000   1.4044934215e+02   0.0000000000e+00   1.3563704646e+02
   2391.0000000000   1.4053937927e+02   0.0000000000e+00   1.3572253032e+02
   2392.0000000000   1.4062867213e+02   0.0000000000e+00   1.3580686602e+02
   2393.0000000000   1.4071734984e+02   0.0000000000e+00   1.3589049058e+02
   2394.0000000000   1.4080549715e+02   0.0000000000e+00   1.3597358104e+02
   2395.0000000000   1.4089317445e+02   0.0000000000e+00   1.3605623304e+02
   2396.0000000000   1.4098042719e+02   0.0000000000e+00   1.3613850665e+02
   2397.0000000000   1.4106729101e+02   0.0000000000e+00   1.3622946067e+02
   2398.0000000000   1.4116237036e+02   0.0000000000e+00   1.3632384342e+02
   2399.0000000000   1.4125208997e+02   0.0000000000e+00   1.3641179208e+02
   2400.0000000000   1.4134066697e+02   0.0000000000e+00   1.3649815790e+02
   2401.0000000000   1.4142851731e+02   0.0000000000e+00   1.3658353793e+02
   2402.0000000000   1.4152438603e+02   0.0000000000e+00   1.3666819085e+02
   2403.0000000000   1.4161476641e+02   0.0000000000e+00   1.3675226055e+02
   2404.0000000000   1.4170391418e+02   0.0000000000e+00   1.3683583842e+02
   2405.0000000000   1.4180084475e+02   0.0000000000e+00   1.3692800491e+02
   2406.0000000000   1.4189214414e+02   0.0000000000e+00   1.3701450672e+02
   2407.0000000000   1.4198211260e+02   0.0000000000e+00   1.3709979242e+02
   2408.0000000000   1.4207121535e+02   0.0000000000e+00   1.3718430920e+02
   2409.0000000000   1.4215965367e+02   0.0000000000e+00   1.3726824219e+02
   2410.0000000000   1.4224754188e+02   0.0000000000e+00   1.3736071086e+02
   2411.0000000000   1.4233495445e+02   0.0000000000e+00   1.3744748108e+02
   2412.0000000000   1.4242194422e+02   0.0000000000e+00   1.3753301192e+02
   2413.0000000000   1.4250855086e+02   0.0000000000e+00   1.3761775685e+02
   2414.0000000000   1.4259480541e+02   0.0000000000e+00   1.3771092231e+02
   2415.0000000000   1.4268073295e+02   0.0000000000e+00   1.3779831356e+02
   2416.0000000000   1.4276635423e+02   0.0000000000e+00   1.3789342838e+02
   2417.0000000000   1.4285168678e+02   0.0000000000e+00   1.3798243371e+02
   2418.0000000000   1.4293674561e+02   0.0000000000e+00   1.3807895769e+02
   2419.0000000000   1.4302154378e+02   0.0000000000e+00   1.3816923078e+02
   2420.0000000000   1.4311466842e+02   0.0000000000e+00   1.3825790015e+02
   2421.0000000000   1.4320253060e+02   0.0000000000e+00   1.3834551886e+02
   2422.0000000000   1.4328933645e+02   0.0000000000e+00   1.3843233659e+02
   2423.0000000000   1.4337549288e+02   0.0000000000e+00   1.3851849840e+02
   2424.0000000000   1.4346116179e+02   0.0000000000e+00   1.3860409996e+02
   2425.0000000000   1.4354642920e+02   0.0000000000e+00   1.3868920952e+02
   2426.0000000000   1.4363134842e+02   0.0000000000e+00   1.3877387834e+02
   2427.0000000000   1.4371595588e+02   0.0000000000e+00   1.3885814651e+02
   2428.0000000000   1.4380027823e+02   0.0000000000e+00   1.3894204627e+02
   2429.0000000000   1.4388433593e+02   0.0000000000e+00   1.3903462152e+02
   2430.0000000000   1.4396814533e+02   0.0000000000e+00   1.3912159499e+02
   2431.0000000000   1.4405171984e+02   0.0000000000e+00   1.3920739886e+02
   2432.0000000000   1.4413507077e+02   0.0000000000e+00   1.3929246874e+02
   2433.0000000000   1.4423535907e+02   0.0000000000e+00   1.3937698133e+02
   2434.0000000000   1.4432539492e+02   0.0000000000e+00   1.3946103255e+02
   2435.0000000000   1.4441357977e+02   0.0000000000e+00   1.3954468311e+02
   2436.0000000000   1.4450071760e+02   0.0000000000e+00   1.3962797531e+02
   2437.0000000000   1.4458712321e+02   0.0000000000e+00   1.3971995793e+02
   2438.0000000000   1.4467296043e+02   0.0000000000e+00   1.3980635597e+02
   2439.0000000000   1.4475832831e+02   0.0000000000e+00   1.3989160239e+02
   2440.0000000000   1.4484329270e+02   0.0000000000e+00   1.3998515018e+02
   2441.0000000000   1.4493647603e+02   0.0000000000e+00   1.4007287607e+02
   2442.0000000000   1.4502431410e+02   0.0000000000e+00   1.4015928852e+02
   2443.0000000000   1.4511103096e+02   0.0000000000e+00   1.4024486670e+02
   2444.0000000000   1.4519704687e+02   0.0000000000e+00   1.4032981449e+02
   2445.0000000000   1.4529110953e+02   0.0000000000e+00   1.4041424585e+02
   2446.0000000000   1.4537971378e+02   0.0000000000e+00   1.4049823401e+02
   2447.0000000000   1.4546711617e+02   0.0000000000e+00   1.4058183028e+02
   2448.0000000000   1.4555375678e+02   0.0000000000e+00   1.4066507278e+02
   2449.0000000000   1.4563982072e+02   0.0000000000e+00   1.4075700842e+02
   2450.0000000000   1.4573398658e+02   0.0000000000e+00   1.4084336135e+02
   2451.0000000000   1.4582272135e+02   0.0000000000e+00   1.4092856421e+02
   2452.0000000000   1.4591026836e+02   0.0000000000e+00   1.4102206987e+02
   2453.0000000000   1.4599706077e+02   0.0000000000e+00   1.4111877245e+02
   2454.0000000000   1.4608327975e+02   0.0000000000e+00   1.4120888091e+02
   2455.0000000000   1.4616902599e+02   0.0000000000e+00   1.4129728767e+02
   2456.0000000000   1.4625436421e+02   0.0000000000e+00   1.4138461590e+02
   2457.0000000000   1.4633933990e+02   0.0000000000e+00   1.4147114201e+02
   2458.0000000000   1.4642398701e+02   0.0000000000e+00   1.4155702256e+02
   2459.0000000000   1.4652548328e+02   0.0000000000e+00   1.4164235838e+02
   2460.0000000000   1.4661665178e+02   0.0000000000e+00   1.4172721985e+02
   2461.0000000000   1.4671447974e+02   0.0000000000e+00   1.4181165897e+02
   2462.0000000000   1.4681475581e+02   0.0000000000e+00   1.4189571574e+02
   2463.0000000000   1.4690839940e+02   0.0000000000e+00   1.4197942195e+02
   2464.0000000000   1.4700017559e+02   0.0000000000e+00   1.4206280352e+02
   2465.0000000000   1.4709931684e+02   0.0000000000e+00   1.4214588198e+02
   2466.0000000000   1.4719252753e+02   0.0000000000e+00   1.4222867556e+02
   2467.0000000000   1.4728418115e+02   0.0000000000e+00   1.4231119992e+02
   2468.0000000000   1.4738336758e+02   0.0000000000e+00   1.4239346863e+02
   2469.0000000000   1.4747672375e+02   0.0000000000e+00   1.4247549362e+02
   2470.0000000000   1.4756858654e+02   0.0000000000e+00   1.4255728547e+02
   2471.0000000000   1.4766802417e+02   0.0000000000e+00   1.4263885361e+02
   2472.0000000000   1.4776165995e+02   0.0000000000e+00   1.4272922385e+02
   2473.0000000000   1.4786239742e+02   0.0000000000e+00   1.4281410433e+02
   2474.0000000000   1.4795712400e+02   0.0000000000e+00   1.4289791519e+02
   2475.0000000000   1.4805025483e+02   0.0000000000e+00   1.4299009936e+02
   2476.0000000000   1.4814231646e+02   0.0000000000e+00   1.4307652554e+02
   2477.0000000000   1.4823354896e+02   0.0000000000e+00   1.4316169559e+02
   2478.0000000000   1.4832409364e+02   0.0000000000e+00   1.4324608322e+02
   2479.0000000000   1.4841404501e+02   0.0000000000e+00   1.4332988768e+02
   2480.0000000000   1.4850347143e+02   0.0000000000e+00   1.4342223633e+02
   2481.0000000000   1.4859242495e+02   0.0000000000e+00   1.4350889945e+02
   2482.0000000000   1.4868094676e+02   0.0000000000e+00   1.4359433856e+02
   2483.0000000000   1.4876907034e+02   0.0000000000e+00   1.4367900842e+02
   2484.0000000000   1.4885682357e+02   0.0000000000e+00   1.4376309866e+02
   2485.0000000000   1.4895280566e+02   0.0000000000e+00   1.4384671424e+02
   2486.0000000000   1.4904343775e+02   0.0000000000e+00   1.4392992228e+02
   2487.0000000000   1.4913293449e+02   9.0173244561e-03   1.4402178706e+02
   2488.0000000000   1.4922171000e+02   1.2752422542e-02   1.4410804388e+02
   2489.0000000000   1.4930993243e+02   1.5618464106e-02   1.4419313296e+02
   2490.0000000000   1.4939769324e+02   1.8034648912e-02   1.4427749516e+02
   2491.0000000000   1.4948505050e+02   2.0163350459e-02   1.4436131067e+02
   2492.0000000000   1.4957204484e+02   2.2087843763e-02   1.4444467769e+02
   2493.0000000000   1.4965870662e+02   2.3857598002e-02   1.4453667578e+02
   2494.0000000000   1.4974505965e+02   2.5504845084e-02   1.4462304862e+02
   2495.0000000000   1.4983112324e+02   2.7051973368e-02   1.4470824145e+02
   2496.0000000000   1.4991691351e+02   2.8515283682e-02   1.4479269828e+02
   2497.0000000000   1.5000244417e+02   2.9907081834e-02   1.4487660142e+02
   2498.0000000000   1.5008772713e+02   3.1236928213e-02   1.4496906787e+02
   2499.0000000000   1.5018134843e+02   3.2512425694e-02   1.4505586135e+02
   2500.0000000000   1.5026971826e+02   3.3739738660e-02   1.4515947371e+02
   2501.0000000000   1.5035704192e+02   3.4923947446e-02   1.4525175768e+02
   2502.0000000000   1.5045230122e+02   3.6069297824e-02   1.4534172728e+02
   2503.0000000000   1.5054205833e+02   3.7179381193e-02   1.4543032447e+02
   2504.0000000000   1.5063059569e+02   3.8257267626e-02   1.4551794016e+02
   2505.0000000000   1.5071836478e+02   3.9305606045e-02   1.4560478718e+02
   2506.0000000000   1.5081413166e+02   4.0326700918e-02   1.4569099885e+02
   2507.0000000000   1.5092155389e+02   4.1322571886e-02   1.4577666637e+02
   2508.0000000000   1.5101769741e+02   4.2295000740e-02   1.4587087328e+02
   2509.0000000000   1.5111140156e+02   4.3245568883e-02   1.4595937029e+02
   2510.0000000000   1.5120365252e+02   4.4175687525e-02   1.4604661004e+02
   2511.0000000000   1.5130344049e+02   4.5086622281e-02   1.4613304355e+02
   2512.0000000000   1.5139739294e+02   4.5979513362e-02   1.4621885940e+02
   2513.0000000000   1.5148984894e+02   4.6855392319e-02   1.4630416286e+02
   2514.0000000000   1.5158987985e+02   4.7715196004e-02   1.4638902210e+02
   2515.0000000000   1.5168411138e+02   4.8559778316e-02   1.4647348550e+02
   2516.0000000000   1.5177687307e+02   4.9389920130e-02   1.4655758950e+02
   2517.0000000000   1.5186865246e+02   5.0206337755e-02   1.4664136278e+02
   2518.0000000000   1.5195966824e+02   5.1009690169e-02   1.4672482864e+02
   2519.0000000000   1.5205004859e+02   5.1800585242e-02   1.4680800645e+02
   2520.0000000000   1.5213987921e+02   5.2579585124e-02   1.4689091265e+02
   2521.0000000000   1.5223779777e+02   5.3347210912e-02   1.4698257873e+02
   2522.0000000000   1.5233025250e+02   5.4103946737e-02   1.4707773482e+02
   2523.0000000000   1.5242147787e+02   5.4850243325e-02   1.4716650545e+02
   2524.0000000000   1.5251190310e+02   5.5586521147e-02   1.4725373270e+02
   2525.0000000000   1.5260170802e+02   5.6313173179e-02   1.4734000683e+02
   2526.0000000000   1.5269099337e+02   5.7030567364e-02   1.4742558138e+02
   2527.0000000000   1.5277982471e+02   5.7739048782e-02   1.4751059623e+02
   2528.0000000000   1.5286824880e+02   5.8438941593e-02   1.4760415694e+02
   2529.0000000000   1.5295630109e+02   5.9130550775e-02   1.4769202458e+02
   2530.0000000000   1.5305258526e+02   5.9814163668e-02   1.4777865654e+02
   2531.0000000000   1.5315210075e+02   6.0490051377e-02   1.4787352307e+02
   2532.0000000000   1.5324546463e+02   7.0175794482e-02   1.4796251361e+02
   2533.0000000000   1.5333728893e+02   7.4572084433e-02   1.4805014620e+02
   2534.0000000000   1.5342814091e+02   7.8092320532e-02   1.4813690743e+02
   2535.0000000000   1.5351826663e+02   8.1155920105e-02   1.4822300702e+02
   2536.0000000000   1.5360780335e+02   8.3925463170e-02   1.4830856361e+02
   2537.0000000000   1.5370541425e+02   8.6484420983e-02   1.4839365425e+02
   2538.0000000000   1.5379756105e+02   9.7899773846e-02   1.4848735069e+02
   2539.0000000000   1.5388848558e+02   1.0390438057e-01   1.4857539411e+02
   2540.0000000000   1.5397862108e+02   1.0893396876e-01   1.4866222946e+02
   2541.0000000000   1.5406814950e+02   1.1342420058e-01   1.4875731881e+02
   2542.0000000000   1.5415717255e+02   1.1754990961e-01   1.4884654604e+02
   2543.0000000000   1.5424575613e+02   1.2140407867e-01   1.4894344262e+02
   2544.0000000000   1.5433394690e+02   1.2504392078e-01   1.4904321014e+02
   2545.0000000000   1.5442177998e+02   1.2850796715e-01   1.4913616991e+02
   2546.0000000000   1.5450928298e+02   1.3182381571e-01   1.4922727143e+02
   2547.0000000000   1.5459647828e+02   1.3501213692e-01   1.4931717221e+02
   2548.0000000000   1.5468338448e+02   1.3808894680e-01   1.4941518880e+02
   2549.0000000000   1.5477001736e+02   1.4106698985e-01   1.4950719447e+02
   2550.0000000000   1.5485639053e+02   1.5297395184e-01   1.4959771537e+02
   2551.0000000000   1.5494251587e+02   1.5951885609e-01   1.4969626779e+02
   2552.0000000000   1.5502840385e+02   1.6512207363e-01   1.4978877402e+02
   2553.0000000000   1.5512263944e+02   1.7020892921e-01   1.4987977659e+02
   2554.0000000000   1.5521163193e+02   1.7494706292e-01   1.4996978096e+02
   2555.0000000000   1.5529958590e+02   1.7942432142e-01   1.5005901188e+02
   2556.0000000000   1.5539548258e+02   1.8369417551e-01   1.5014760014e+02
   2557.0000000000   1.5548588359e+02   1.8779238578e-01   1.5024465013e+02
   2558.0000000000   1.5557507095e+02   1.9174447283e-01   1.5033592518e+02
   2559.0000000000   1.5566349576e+02   1.9556953435e-01   1.5042588631e+02
   2560.0000000000   1.5576849934e+02   1.9928238704e-01   1.5052400795e+02
   2561.0000000000   1.5586298860e+02   2.0289485640e-01   1.5062520109e+02
   2562.0000000000   1.5595542441e+02   2.1543392228e-01   1.5071968835e+02
   2563.0000000000   1.5604665054e+02   2.2260806570e-01   1.5081237334e+02
   2564.0000000000   1.5613701003e+02   2.2883724236e-01   1.5090388862e+02
   2565.0000000000   1.5623526322e+02   2.3454646075e-01   1.5099451855e+02
   2566.0000000000   1.5632792606e+02   2.4892044717e-01   1.5108442653e+02
   2567.0000000000   1.5641927398e+02   2.5774732090e-01   1.5119175399e+02
   2568.0000000000   1.5651833816e+02   2.6549359510e-01   1.5128797739e+02
   2569.0000000000   1.5662029272e+02   2.7261414175e-01   1.5139099696e+02
   2570.0000000000   1.5671584863e+02   2.7929679791e-01   1.5148739564e+02
   2571.0000000000   1.5681825159e+02   2.8564390438e-01   1.5158194677e+02
   2572.0000000000   1.5693166005e+02   2.9171973527e-01   1.5167526525e+02
   2573.0000000000   1.5703334663e+02   3.0658567686e-01   1.5176763690e+02
   2574.0000000000   1.5713226190e+02   3.1597423947e-01   1.5185923034e+02
   2575.0000000000   1.5722946097e+02   3.2432295341e-01   1.5195015789e+02
   2576.0000000000   1.5732540510e+02   3.3207014611e-01   1.5204951751e+02
   2577.0000000000   1.5742893013e+02   3.3939360280e-01   1.5215208794e+02
   2578.0000000000   1.5752660432e+02   3.5540660186e-01   1.5224803065e+02
   2579.0000000000   1.5762274146e+02   3.6586967283e-01   1.5234221668e+02
   2580.0000000000   1.5771782638e+02   3.7523722667e-01   1.5243525955e+02
   2581.0000000000   1.5781207974e+02   3.8395859458e-01   1.5252743185e+02
   2582.0000000000   1.5790563324e+02   3.9221917611e-01   1.5261888931e+02
   2583.0000000000   1.5799857659e+02   4.0012044682e-01   1.5270973358e+02
   2584.0000000000   1.5809097581e+02   4.0772664469e-01   1.5280003671e+02
   2585.0000000000   1.5819145763e+02   4.1508223917e-01   1.5289887015e+02
   2586.0000000000   1.5828646390e+02   4.2221993326e-01   1.5299197667e+02
   2587.0000000000   1.5838022534e+02   4.2916484563e-01   1.5309282098e+02
   2588.0000000000   1.5847316894e+02   4.4495423528e-01   1.5318755102e+02
   2589.0000000000   1.5856547329e+02   4.6432210388e-01   1.5328076620e+02
   2590.0000000000   1.5865723852e+02   4.7739555242e-01   1.5337298948e+02
   2591.0000000000   1.5874852996e+02   4.8901833873e-01   1.5346445049e+02
   2592.0000000000   1.5883939441e+02   4.9978178944e-01   1.5355528035e+02
   2593.0000000000   1.5892986757e+02   5.0994000433e-01   1.5364556480e+02
   2594.0000000000   1.5901997781e+02   5.1963312397e-01   1.5373536475e+02
   2595.0000000000   1.5910974847e+02   5.3796670327e-01   1.5382472608e+02
   2596.0000000000   1.5919919921e+02   5.5070161926e-01   1.5391368476e+02
   2597.0000000000   1.5928834688e+02   5.7131225547e-01   1.5400226992e+02
   2598.0000000000   1.5937720614e+02   5.8595155113e-01   1.5409050575e+02
   2599.0000000000   1.5946578995e+02   6.0823848107e-01   1.5417841268e+02
   2600.0000000000   1.5955410981e+02   6.2439699068e-01   1.5426600832e+02
   2601.0000000000   1.5964217609e+02   6.3906938483e-01   1.5435330800e+02
   2602.0000000000   1.5972999812e+02   6.5280484835e-01   1.5444934253e+02
   2603.0000000000   1.5981758444e+02   6.6584991477e-01   1.5453982440e+02
   2604.0000000000   1.5990494285e+02   6.7834697782e-01   1.5462917754e+02
   2605.0000000000   1.5999208051e+02   6.9038940855e-01   1.5471783089e+02
   2606.0000000000   1.6007900405e+02   7.0204338424e-01   1.5480595569e+02
   2607.0000000000   1.6017429524e+02   7.1335835790e-01   1.5491167793e+02
   2608.0000000000   1.6026436068e+02   7.2437273534e-01   1.5500645544e+02
   2609.0000000000   1.6035340270e+02   7.4413455511e-01   1.5509915362e+02
   2610.0000000000   1.6044182497e+02   7.5836940356e-01   1.5519965695e+02
   2611.0000000000   1.6052978659e+02   7.7151141180e-01   1.5529401283e+02
   2612.0000000000   1.6061737116e+02   7.8399753084e-01   1.5539583611e+02
   2613.0000000000   1.6070462989e+02   7.9600536345e-01   1.5549136010e+02
   2614.0000000000   1.6079159735e+02   8.1664872012e-01   1.5558523723e+02
   2615.0000000000   1.6087829855e+02   8.3168908934e-01   1.5567802547e+02
   2616.0000000000   1.6096475253e+02   8.4558209063e-01   1.5576997862e+02
   2617.0000000000   1.6105097433e+02   8.5877840181e-01   1.5586124508e+02
   2618.0000000000   1.6113697623e+02   8.7146483600e-01   1.5595192326e+02
   2619.0000000000   1.6122276848e+02   8.8374430368e-01   1.5604208359e+02
   2620.0000000000   1.6130835986e+02   9.0469979422e-01   1.5613177918e+02
   2621.0000000000   1.6139375796e+02   9.2007762665e-01   1.5622105165e+02
   2622.0000000000   1.6149612071e+02   9.3432503604e-01   1.5630993452e+02
   2623.0000000000   1.6159683147e+02   9.4788765809e-01   1.5639845548e+02
   2624.0000000000   1.6169069046e+02   9.6996639385e-01   1.5648663777e+02
   2625.0000000000   1.6179127249e+02   9.8636241375e-01   1.5657450124e+02
   2626.0000000000   1.6188569038e+02   1.0015530065e+00   1.5666206303e+02
   2627.0000000000   1.6198703365e+02   1.0250194343e+00   1.5674933813e+02
   2628.0000000000   1.6208227890e+02   1.0426577310e+00   1.5683633979e+02
   2629.0000000000   1.6217588941e+02   1.0589901161e+00   1.5692307978e+02
   2630.0000000000   1.6226841952e+02   1.0745059385e+00   1.5700956867e+02
   2631.0000000000   1.6236012608e+02   1.0894168282e+00   1.5709581597e+02
   2632.0000000000   1.6245116070e+02   1.1038427532e+00   1.5718183035e+02
   2633.0000000000   1.6255877559e+02   1.1178617032e+00   1.5726761970e+02
   2634.0000000000   1.6266442042e+02   1.1315287985e+00   1.5735319126e+02
   2635.0000000000   1.6276294445e+02   1.1448852582e+00   1.5743855170e+02
   2636.0000000000   1.6285938444e+02   1.1579631865e+00   1.5752370718e+02
   2637.0000000000   1.6295448194e+02   1.1707883683e+00   1.5760866342e+02
   2638.0000000000   1.6304857769e+02   1.1923993414e+00   1.5769342575e+02
   2639.0000000000   1.6315044393e+02   1.2085143465e+00   1.5777799913e+02
   2640.0000000000   1.6324660966e+02   1.2325790381e+00   1.5786238821e+02
   2641.0000000000   1.6334993776e+02   1.2507261542e+00   1.5794659738e+02
   2642.0000000000   1.6344729482e+02   1.2675426666e+00   1.5803063073e+02
   2643.0000000000   1.6354308411e+02   1.2835411242e+00   1.5812350946e+02
   2644.0000000000   1.6363782484e+02   1.2989423244e+00   1.5821093770e+02
   2645.0000000000   1.6373175222e+02   1.3228871165e+00   1.5830634939e+02
   2646.0000000000   1.6382500423e+02   1.3411550318e+00   1.5839586749e+02
   2647.0000000000   1.6391767298e+02   1.3582143204e+00   1.5848407066e+02
   2648.0000000000   1.6400982505e+02   1.3745248404e+00   1.5857146435e+02
   2649.0000000000   1.6411008676e+02   1.3902802837e+00   1.5865826324e+02
   2650.0000000000   1.6421347475e+02   1.4055888484e+00   1.5874458555e+02
   2651.0000000000   1.6431919519e+02   1.4205203532e+00   1.5883050571e+02
   2652.0000000000   1.6441827183e+02   1.4351239932e+00   1.5891607473e+02
   2653.0000000000   1.6451547777e+02   1.4494365404e+00   1.5901034701e+02
   2654.0000000000   1.6462004073e+02   1.4634866666e+00   1.5909905113e+02
   2655.0000000000   1.6471865948e+02   1.4772974468e+00   1.5918662236e+02
   2656.0000000000   1.6481570309e+02   1.4908879134e+00   1.5927349771e+02
   2657.0000000000   1.6491168263e+02   1.5042740750e+00   1.5935985427e+02
   2658.0000000000   1.6500683199e+02   1.5174696135e+00   1.5945480499e+02
   2659.0000000000   1.6510986531e+02   1.5395037031e+00   1.5955312766e+02
   2660.0000000000   1.6520727659e+02   1.5560871714e+00   1.5964497726e+02
   2661.0000000000   1.6530333044e+02   1.5716423654e+00   1.5973521653e+02
   2662.0000000000   1.6539847713e+02   1.5865966671e+00   1.5982445040e+02
   2663.0000000000   1.6549291200e+02   1.6011197982e+00   1.5991294315e+02
   2664.0000000000   1.6558674758e+02   1.6153016744e+00   1.6000084272e+02
   2665.0000000000   1.6568005868e+02   1.6291978007e+00   1.6008824357e+02
   2666.0000000000   1.6577289948e+02   1.6428459219e+00   1.6017521114e+02
   2667.0000000000   1.6586531152e+02   1.6652908094e+00   1.6027081081e+02
   2668.0000000000   1.6595732792e+02   1.6822538736e+00   1.6036077984e+02
   2669.0000000000   1.6604897588e+02   1.6981648994e+00   1.6044956049e+02
   2670.0000000000   1.6614027824e+02   1.7224739697e+00   1.6054661292e+02
   2671.0000000000   1.6623125454e+02   1.7410552310e+00   1.6063781953e+02
   2672.0000000000   1.6633049735e+02   1.7584147651e+00   1.6072769327e+02
   2673.0000000000   1.6642442242e+02   1.7750295706e+00   1.6082573426e+02
   2674.0000000000   1.6651723992e+02   1.7911015464e+00   1.6091784978e+02
   2675.0000000000   1.6660936032e+02   1.8067428121e+00   1.6100856937e+02
   2676.0000000000   1.6670952427e+02   1.8220249065e+00   1.6109838749e+02
   2677.0000000000   1.6680422146e+02   1.8460148877e+00   1.6118751946e+02
   2678.0000000000   1.6690628034e+02   1.8734671906e+00   1.6129412273e+02
   2679.0000000000   1.6700253915e+02   1.8945236383e+00   1.6139869574e+02
   2680.0000000000   1.6709737798e+02   1.9140390156e+00   1.6149582218e+02
   2681.0000000000   1.6719129703e+02   1.9326131731e+00   1.6159981365e+02
   2682.0000000000   1.6728451579e+02   1.9505069742e+00   1.6169714791e+02
   2683.0000000000   1.6737715911e+02   1.9768833713e+00   1.6179259390e+02
   2684.0000000000   1.6746930803e+02   1.9975355814e+00   1.6188677520e+02
   2685.0000000000   1.6756101973e+02   2.0169410167e+00   1.6197998671e+02
   2686.0000000000   1.6766091248e+02   2.0355660203e+00   1.6207240464e+02
   2687.0000000000   1.6775542034e+02   2.0536090672e+00   1.6216414719e+02
   2688.0000000000   1.6784876693e+02   2.0711819964e+00   1.6225529955e+02
   2689.0000000000   1.6794994846e+02   2.0883574674e+00   1.6235494349e+02
   2690.0000000000   1.6804553863e+02   2.1142042612e+00   1.6244883002e+02
   2691.0000000000   1.6813982935e+02   2.1434787532e+00   1.6254141303e+02
   2692.0000000000   1.6824185558e+02   2.1663247360e+00   1.6263314530e+02
   2693.0000000000   1.6833821519e+02   2.1875989008e+00   1.6272421735e+02
   2694.0000000000   1.6843321621e+02   2.2079028990e+00   1.6281473643e+02
   2695.0000000000   1.6853590492e+02   2.2274992730e+00   1.6290477268e+02
   2696.0000000000   1.6863288745e+02   2.2465352043e+00   1.6299437632e+02
   2697.0000000000   1.6872847807e+02   2.2651048931e+00   1.6309260291e+02
   2698.0000000000   1.6883172785e+02   2.2832739000e+00   1.6318518323e+02
   2699.0000000000   1.6892924673e+02   2.3010905806e+00   1.6328557264e+02
   2700.0000000000   1.6902535202e+02   2.3185921522e+00   1.6337991161e+02
   2701.0000000000   1.6912052167e+02   2.3358082061e+00   1.6347279349e+02
   2702.0000000000   1.6921496679e+02   2.3527628801e+00   1.6357375351e+02
   2703.0000000000   1.6930880944e+02   2.3694762735e+00   1.6366871751e+02
   2704.0000000000   1.6940213038e+02   2.3949827335e+00   1.6378026081e+02
   2705.0000000000   1.6949498755e+02   2.4149973313e+00   1.6388028610e+02
   2706.0000000000   1.6958742489e+02   2.4339459481e+00   1.6397784030e+02
   2707.0000000000   1.6968805269e+02   2.4522589479e+00   1.6407388856e+02
   2708.0000000000   1.6978329996e+02   2.4791259212e+00   1.6416883893e+02
   2709.0000000000   1.6987738708e+02   2.5003394266e+00   1.6426291744e+02
   2710.0000000000   1.6997930812e+02   2.5203700459e+00   1.6435626788e+02
   2711.0000000000   1.7008421102e+02   2.5486937202e+00   1.6444898993e+02
   2712.0000000000   1.7019993892e+02   2.5712021949e+00   1.6454115686e+02
   2713.0000000000   1.7030394932e+02   2.6014315119e+00   1.6463282488e+02
   2714.0000000000   1.7040523151e+02   2.6345859006e+00   1.6472403853e+02
   2715.0000000000   1.7050484807e+02   2.6609881972e+00   1.6482385137e+02
   2716.0000000000   1.7061183454e+02   2.6946060336e+00   1.6491799391e+02
   2717.0000000000   1.7071284805e+02   2.7217977013e+00   1.6501992203e+02
   2718.0000000000   1.7081224844e+02   2.7472756714e+00   1.6511577712e+02
   2719.0000000000   1.7091054676e+02   2.7716318480e+00   1.6521015358e+02
   2720.0000000000   1.7100797960e+02   2.7951413245e+00   1.6531258772e+02
   2721.0000000000   1.7110468878e+02   2.8179668415e+00   1.6540900643e+02
   2722.0000000000   1.7120077070e+02   2.8402169541e+00   1.6550395140e+02
   2723.0000000000   1.7131344715e+02   2.8619695808e+00   1.6559792537e+02
   2724.0000000000   1.7142414974e+02   2.8923008385e+00   1.6570918443e+02
   2725.0000000000   1.7153629212e+02   2.9169571846e+00   1.6580925701e+02
   2726.0000000000   1.7164988042e+02   2.9403888122e+00   1.6590705353e+02
   2727.0000000000   1.7175624944e+02   2.9630453801e+00   1.6600347254e+02
   2728.0000000000   1.7186890828e+02   2.9851147757e+00   1.6609888427e+02
   2729.0000000000   1.7197500567e+02   3.0067019680e+00   1.6619349107e+02
   2730.0000000000   1.7208767491e+02   3.0278751064e+00   1.6628742091e+02
   2731.0000000000   1.7219393149e+02   3.0486826832e+00   1.6638977969e+02
   2732.0000000000   1.7230684703e+02   3.0781786982e+00   1.6648633303e+02
   2733.0000000000   1.7242197979e+02   3.1020925586e+00   1.6658154425e+02
   2734.0000000000   1.7253020753e+02   3.1248610343e+00   1.6668488973e+02
   2735.0000000000   1.7263629715e+02   3.1469230289e+00   1.6678226487e+02
   2736.0000000000   1.7274091947e+02   3.1684576812e+00   1.6688721057e+02
   2737.0000000000   1.7284439494e+02   3.1895627501e+00   1.6699493629e+02
   2738.0000000000   1.7294691691e+02   3.2103003745e+00   1.6710478739e+02
   2739.0000000000   1.7305719234e+02   3.2307139853e+00   1.6720741959e+02
   2740.0000000000   1.7316171802e+02   3.2508359573e+00   1.6730790858e+02
   2741.0000000000   1.7326476455e+02   3.2797088887e+00   1.6740697722e+02
   2742.0000000000   1.7336678907e+02   3.3120709739e+00   1.6750496462e+02
   2743.0000000000   1.7347656937e+02   3.3380527744e+00   1.6760207050e+02
   2744.0000000000   1.7358920099e+02   3.3625010116e+00   1.6770744460e+02
   2745.0000000000   1.7369536263e+02   3.3950269461e+00   1.6780688188e+02
   2746.0000000000   1.7380828528e+02   3.4215874719e+00   1.6791388390e+02
   2747.0000000000   1.7391496948e+02   3.4467380394e+00   1.6801462576e+02
   2748.0000000000   1.7401988357e+02   3.4709880541e+00   1.6811372761e+02
   2749.0000000000   1.7412358387e+02   3.4945621561e+00   1.6821172860e+02
   2750.0000000000   1.7422632918e+02   3.5175892335e+00   1.6831788864e+02
   2751.0000000000   1.7433684933e+02   3.5401536696e+00   1.6841804988e+02
   2752.0000000000   1.7444164923e+02   3.5623153401e+00   1.6851671992e+02
   2753.0000000000   1.7454500158e+02   3.5841191137e+00   1.6862340353e+02
   2754.0000000000   1.7464736308e+02   3.6146172967e+00   1.6872401559e+02
   2755.0000000000   1.7474893429e+02   3.6395384476e+00   1.6883211114e+02
   2756.0000000000   1.7485840782e+02   3.6633188663e+00   1.6894291034e+02
   2757.0000000000   1.7497083881e+02   3.6863971553e+00   1.6905576689e+02
   2758.0000000000   1.7508545836e+02   3.7089522243e+00   1.6916134323e+02
   2759.0000000000   1.7519330754e+02   3.7310816312e+00   1.6927373786e+02
   2760.0000000000   1.7529917229e+02   3.7528473222e+00   1.6937937868e+02
   2761.0000000000   1.7540371457e+02   3.7833098609e+00   1.6948302187e+02
   2762.0000000000   1.7550724016e+02   3.8082018775e+00   1.6958528972e+02
   2763.0000000000   1.7560992758e+02   3.8319616206e+00   1.6968647991e+02
   2764.0000000000   1.7571189470e+02   3.8550285162e+00   1.6978677280e+02
   2765.0000000000   1.7581322564e+02   3.8775816862e+00   1.6988629118e+02
   2766.0000000000   1.7591398376e+02   3.8997185669e+00   1.6998512475e+02
   2767.0000000000   1.7601421872e+02   3.9215008036e+00   1.7009235964e+02
   2768.0000000000   1.7611397064e+02   3.9519885673e+00   1.7021178557e+02
   2769.0000000000   1.7622184835e+02   3.9769140558e+00   1.7032827846e+02
   2770.0000000000   1.7632428073e+02   4.0007150745e+00   1.7043682140e+02
   2771.0000000000   1.7643406444e+02   4.0238306125e+00   1.7054285977e+02
   2772.0000000000   1.7653801986e+02   4.0464393707e+00   1.7064724779e+02
   2773.0000000000   1.7664909237e+02   4.0686383852e+00   1.7075038734e+02
   2774.0000000000   1.7675417696e+02   4.0904889241e+00   1.7085251352e+02
   2775.0000000000   1.7685768663e+02   4.1120334805e+00   1.7095378094e+02
   2776.0000000000   1.7696014299e+02   4.1333034729e+00   1.7105429925e+02
   2777.0000000000   1.7706178065e+02   4.1543232290e+00   1.7115415044e+02
   2778.0000000000   1.7716273580e+02   4.1751122512e+00   1.7125339829e+02
   2779.0000000000   1.7726309840e+02   4.1956866002e+00   1.7135209392e+02
   2780.0000000000   1.7737150844e+02   4.2160597883e+00   1.7145027933e+02
   2781.0000000000   1.7747441547e+02   4.2362433831e+00   1.7154798968e+02
   2782.0000000000   1.7757605479e+02   4.2562474297e+00   1.7164525490e+02
   2783.0000000000   1.7767685610e+02   4.2760807569e+00   1.7174210081e+02
   2784.0000000000   1.7777699962e+02   4.2957512036e+00   1.7183854994e+02
   2785.0000000000   1.7787658639e+02   4.3152657905e+00   1.7193462216e+02
   2786.0000000000   1.7797568226e+02   4.3346308535e+00   1.7203033513e+02
   2787.0000000000   1.7808290990e+02   4.3538521478e+00   1.7212570466e+02
   2788.0000000000   1.7818470594e+02   4.3729349320e+00   1.7222074501e+02
   2789.0000000000   1.7828529575e+02   4.4009013599e+00   1.7231546912e+02
   2790.0000000000   1.7838510125e+02   4.4234563360e+00   1.7240988877e+02
   2791.0000000000   1.7848429639e+02   4.4540344821e+00   1.7250401478e+02
   2792.0000000000   1.7858297712e+02   4.4787592848e+00   1.7259785707e+02
   2793.0000000000   1.7868120502e+02   4.5112271922e+00   1.7269142484e+02
   2794.0000000000   1.7878759922e+02   4.5376444787e+00   1.7278472658e+02
   2795.0000000000   1.7888859331e+02   4.5626393006e+00   1.7287777021e+02
   2796.0000000000   1.7898841007e+02   4.5867493223e+00   1.7298859775e+02
   2797.0000000000   1.7908746915e+02   4.6102115639e+00   1.7309763433e+02
   2798.0000000000   1.7918594254e+02   4.6331604687e+00   1.7319941320e+02
   2799.0000000000   1.7928392445e+02   4.6556826958e+00   1.7329919200e+02
   2800.0000000000   1.7938147493e+02   4.6778387060e+00   1.7339772042e+02
   2801.0000000000   1.7949578736e+02   4.6996730464e+00   1.7349533277e+02
   2802.0000000000   1.7960827063e+02   4.7212198840e+00   1.7359221637e+02
   2803.0000000000   1.7972231990e+02   4.7515235740e+00   1.7368849000e+02
   2804.0000000000   1.7983792603e+02   4.7853238094e+00   1.7378423524e+02
   2805.0000000000   1.7994641107e+02   4.8127523468e+00   1.7387951146e+02
   2806.0000000000   1.8006127327e+02   4.8386568189e+00   1.7400141567e+02
   2807.0000000000   1.8016965218e+02   4.8726491527e+00   1.7410708462e+02
   2808.0000000000   1.8027609752e+02   4.9006867049e+00   1.7421880368e+02
   2809.0000000000   1.8038121699e+02   4.9273252233e+00   1.7432355442e+02
   2810.0000000000   1.8050245483e+02   4.9530742778e+00   1.7443527424e+02
   2811.0000000000   1.8061279061e+02   4.9781585675e+00   1.7454936680e+02
   2812.0000000000   1.8072073910e+02   5.0117242801e+00   1.7466528842e+02
   2813.0000000000   1.8082718552e+02   5.0395561581e+00   1.7477376467e+02
   2814.0000000000   1.8093250571e+02   5.0661271057e+00   1.7487991819e+02
   2815.0000000000   1.8104548656e+02   5.0919010105e+00   1.7498450505e+02
   2816.0000000000   1.8116124151e+02   5.1170750176e+00   1.7508788869e+02
   2817.0000000000   1.8128761644e+02   5.1417602782e+00   1.7519028725e+02
   2818.0000000000   1.8140208122e+02   5.1660291422e+00   1.7529184740e+02
   2819.0000000000   1.8151363942e+02   5.1989503078e+00   1.7539267492e+02
   2820.0000000000   1.8162336745e+02   5.2352802049e+00   1.7550186725e+02
   2821.0000000000   1.8173173782e+02   5.2651627633e+00   1.7562322236e+02
   2822.0000000000   1.8184759372e+02   5.2934548609e+00   1.7573260501e+02
   2823.0000000000   1.8196608451e+02   5.3207583636e+00   1.7583930253e+02
   2824.0000000000   1.8207792938e+02   5.3563533671e+00   1.7595336810e+02
   2825.0000000000   1.8218781405e+02   5.3860877368e+00   1.7606094005e+02
   2826.0000000000   1.8229636129e+02   5.4144690779e+00   1.7616667331e+02
   2827.0000000000   1.8240386035e+02   5.4419823828e+00   1.7627114070e+02
   2828.0000000000   1.8251048301e+02   5.4688386073e+00   1.7637461119e+02
   2829.0000000000   1.8262492061e+02   5.4951584639e+00   1.7648626398e+02
   2830.0000000000   1.8273365825e+02   5.5210212263e+00   1.7660092687e+02
   2831.0000000000   1.8284095745e+02   5.5555007941e+00   1.7670879394e+02
   2832.0000000000   1.8295584389e+02   5.5843403027e+00   1.7681475942e+02
   2833.0000000000   1.8306491489e+02   5.6119864360e+00   1.7691945412e+02
   2834.0000000000   1.8317248179e+02   5.6388855056e+00   1.7702316397e+02
   2835.0000000000   1.8327902021e+02   5.6652223338e+00   1.7712605538e+02
   2836.0000000000   1.8339331669e+02   5.6910991330e+00   1.7722823868e+02
   2837.0000000000   1.8350189515e+02   5.7165815940e+00   1.7732979315e+02
   2838.0000000000   1.8360903503e+02   5.7417160217e+00   1.7743077902e+02
   2839.0000000000   1.8371519508e+02   5.7665371464e+00   1.7753124386e+02
   2840.0000000000   1.8382915162e+02   5.7910721932e+00   1.7763122641e+02
   2841.0000000000   1.8393742179e+02   5.8153432155e+00   1.7773977626e+02
   2842.0000000000   1.8405285585e+02   5.8393685331e+00   1.7784262125e+02
   2843.0000000000   1.8416230981e+02   5.8631636687e+00   1.7794419815e+02
   2844.0000000000   1.8427017854e+02   5.8957593126e+00   1.7804494676e+02
   2845.0000000000   1.8437697471e+02   5.9228675740e+00   1.7815406493e+02
   2846.0000000000   1.8448292850e+02   5.9489119080e+00   1.7826636987e+02
   2847.0000000000   1.8458817401e+02   5.9833379958e+00   1.7839007382e+02
   2848.0000000000   1.8469280041e+02   6.0120168778e+00   1.7850145536e+02
   2849.0000000000   1.8479687201e+02   6.0394524254e+00   1.7860995666e+02
   2850.0000000000   1.8490901346e+02   6.0661200594e+00   1.7871668895e+02
   2851.0000000000   1.8501566452e+02   6.0922205569e+00   1.7882213196e+02
   2852.0000000000   1.8512962957e+02   6.1178652495e+00   1.7892655269e+02
   2853.0000000000   1.8523773474e+02   6.1521424596e+00   1.7903012079e+02
   2854.0000000000   1.8534435409e+02   6.1898193391e+00   1.7913295346e+02
   2855.0000000000   1.8544998506e+02   6.2210459532e+00   1.7923513648e+02
   2856.0000000000   1.8556342191e+02   6.2506827669e+00   1.7933673544e+02
   2857.0000000000   1.8567119057e+02   6.2793337421e+00   1.7944681943e+02
   2858.0000000000   1.8577756996e+02   6.3072628403e+00   1.7955113089e+02
   2859.0000000000   1.8588301714e+02   6.3346181046e+00   1.7965411776e+02
   2860.0000000000   1.8598773061e+02   6.3614942410e+00   1.7975622854e+02
   2861.0000000000   1.8609182428e+02   6.3879570860e+00   1.7986666800e+02
   2862.0000000000   1.8619537340e+02   6.4140551221e+00   1.7997124157e+02
   2863.0000000000   1.8629843213e+02   6.4398255975e+00   1.8007443091e+02
   2864.0000000000   1.8640961736e+02   6.4743153975e+00   1.8017670427e+02
   2865.0000000000   1.8651536272e+02   6.5032490411e+00   1.8027826139e+02
   2866.0000000000   1.8661989201e+02   6.5310597074e+00   1.8037921530e+02
   2867.0000000000   1.8672362633e+02   6.5581835172e+00   1.8047963992e+02
   2868.0000000000   1.8682673927e+02   6.5938146853e+00   1.8057958811e+02
   2869.0000000000   1.8692932663e+02   6.6327668669e+00   1.8068811727e+02
   2870.0000000000   1.8703145004e+02   6.6652142136e+00   1.8079095957e+02
   2871.0000000000   1.8713315309e+02   6.6960311247e+00   1.8090157145e+02
   2872.0000000000   1.8723446865e+02   6.7258303083e+00   1.8100609426e+02
   2873.0000000000   1.8733542269e+02   6.7548815770e+00   1.8110912207e+02
   2874.0000000000   1.8744461203e+02   6.7833370941e+00   1.8121117342e+02
   2875.0000000000   1.8754845533e+02   6.8112945920e+00   1.8131247428e+02
   2876.0000000000   1.8765116478e+02   6.8388222102e+00   1.8141315269e+02
   2877.0000000000   1.8775315229e+02   6.8659702362e+00   1.8151329173e+02
   2878.0000000000   1.8786315955e+02   6.8927773679e+00   1.8161295008e+02
   2879.0000000000   1.8796767703e+02   6.9192743560e+00   1.8171217165e+02
   2880.0000000000   1.8807095812e+02   6.9545035884e+00   1.8182000808e+02
   2881.0000000000   1.8817344062e+02   6.9841863663e+00   1.8192218746e+02
   2882.0000000000   1.8827530796e+02   7.0217708291e+00   1.8203216318e+02
   2883.0000000000   1.8838523758e+02   7.0533917717e+00   1.8213607422e+02
   2884.0000000000   1.8849827129e+02   7.0836378959e+00   1.8223851272e+02
   2885.0000000000   1.8861362843e+02   7.1130232282e+00   1.8233999559e+02
   2886.0000000000   1.8872233972e+02   7.1417698441e+00   1.8244074742e+02
   2887.0000000000   1.8882918192e+02   7.1790197120e+00   1.8254991236e+02
   2888.0000000000   1.8893480878e+02   7.2195706784e+00   1.8265327288e+02
   2889.0000000000   1.8903951876e+02   7.2535923276e+00   1.8275529987e+02
   2890.0000000000   1.8914348380e+02   7.2859584852e+00   1.8285645560e+02
   2891.0000000000   1.8924681582e+02   7.3172827682e+00   1.8295693596e+02
   2892.0000000000   1.8934959355e+02   7.3478364117e+00   1.8305685117e+02
   2893.0000000000   1.8946045108e+02   7.3867904454e+00   1.8315627294e+02
   2894.0000000000   1.8956583447e+02   7.4199445491e+00   1.8325525224e+02
   2895.0000000000   1.8966997676e+02   7.4607987490e+00   1.8335382749e+02
   2896.0000000000   1.8978188165e+02   7.4955242486e+00   1.8345202893e+02
   2897.0000000000   1.8988812901e+02   7.5287364320e+00   1.8354988112e+02
   2898.0000000000   1.8999301583e+02   7.5609695512e+00   1.8364740449e+02
   2899.0000000000   1.9010558134e+02   7.6014787584e+00   1.8374461639e+02
   2900.0000000000   1.9021242707e+02   7.6361016904e+00   1.8384153180e+02
   2901.0000000000   1.9031786419e+02   7.6693417661e+00   1.8393816378e+02
   2902.0000000000   1.9042236608e+02   7.7016825380e+00   1.8403452389e+02
   2903.0000000000   1.9053471601e+02   7.7333348428e+00   1.8413062246e+02
   2904.0000000000   1.9064143423e+02   7.7644199235e+00   1.8422646874e+02
   2905.0000000000   1.9074679639e+02   7.7950178966e+00   1.8432207115e+02
   2906.0000000000   1.9085125748e+02   7.8251863180e+00   1.8441743734e+02
   2907.0000000000   1.9095501455e+02   7.8549688985e+00   1.8451257433e+02
   2908.0000000000   1.9105818038e+02   7.8934174959e+00   1.8461650593e+02
   2909.0000000000   1.9116082931e+02   7.9352779827e+00   1.8471493856e+02
   2910.0000000000   1.9126301471e+02   7.9706873686e+00   1.8481229096e+02
   2911.0000000000   1.9136477708e+02   8.0044978521e+00   1.8490898750e+02
   2912.0000000000   1.9146614851e+02   8.0373080675e+00   1.8500519542e+02
   2913.0000000000   1.9157573076e+02   8.0693785249e+00   1.8510100252e+02
   2914.0000000000   1.9167994654e+02   8.1008550500e+00   1.8519646257e+02
   2915.0000000000   1.9178301142e+02   8.1318309621e+00   1.8529161183e+02
   2916.0000000000   1.9188534008e+02   8.1623712801e+00   1.8538647651e+02
   2917.0000000000   1.9198710096e+02   8.1925240637e+00   1.8548107651e+02
   2918.0000000000   1.9208838565e+02   8.2313437389e+00   1.8557542757e+02
   2919.0000000000   1.9220640349e+02   8.2645603630e+00   1.8566954252e+02
   2920.0000000000   1.9231399685e+02   8.2966113588e+00   1.8576343206e+02
   2921.0000000000   1.9241959001e+02   8.3369535379e+00   1.8585710532e+02
   2922.0000000000   1.9252400399e+02   8.3714669877e+00   1.8595958754e+02
   2923.0000000000   1.9263614246e+02   8.4046630569e+00   1.8605658613e+02
   2924.0000000000   1.9275115633e+02   8.4370234365e+00   1.8615252043e+02
   2925.0000000000   1.9285975116e+02   8.4687542273e+00   1.8625683254e+02
   2926.0000000000   1.9296659572e+02   8.4999713308e+00   1.8636440764e+02
   2927.0000000000   1.9307229600e+02   8.5307497060e+00   1.8646544723e+02
   2928.0000000000   1.9317712581e+02   8.5611421937e+00   1.8656483737e+02
   2929.0000000000   1.9328124303e+02   8.5911882905e+00   1.8667221313e+02
   2930.0000000000   1.9338475098e+02   8.6299361221e+00   1.8677354661e+02
   2931.0000000000   1.9348772286e+02   8.6721282656e+00   1.8687340342e+02
   2932.0000000000   1.9359021339e+02   8.7078988208e+00   1.8699033462e+02
   2933.0000000000   1.9369226516e+02   8.7420974121e+00   1.8710498795e+02
   2934.0000000000   1.9379391235e+02   8.7753203905e+00   1.8721202262e+02
   2935.0000000000   1.9389518303e+02   8.8078262348e+00   1.8731677709e+02
   2936.0000000000   1.9399610074e+02   8.8487762825e+00   1.8742005702e+02
   2937.0000000000   1.9409668551e+02   8.8839626787e+00   1.8752223756e+02
   2938.0000000000   1.9419695464e+02   8.9178621544e+00   1.8762353687e+02
   2939.0000000000   1.9429692323e+02   8.9509406552e+00   1.8772409770e+02
   2940.0000000000   1.9440518023e+02   8.9924137933e+00   1.8782402070e+02
   2941.0000000000   1.9450813838e+02   9.0280938253e+00   1.8792338060e+02
   2942.0000000000   1.9461000530e+02   9.0714839896e+00   1.8802223510e+02
   2943.0000000000   1.9471118924e+02   9.1087555637e+00   1.8812063006e+02
   2944.0000000000   1.9481185333e+02   9.1445229304e+00   1.8822762014e+02
   2945.0000000000   1.9491208471e+02   9.1883363484e+00   1.8832893676e+02
   2946.0000000000   1.9501193772e+02   9.2351500785e+00   1.8843803655e+02
   2947.0000000000   1.9511144973e+02   9.2752136738e+00   1.8855007879e+02
   2948.0000000000   1.9521064825e+02   9.3134486234e+00   1.8866437612e+02
   2949.0000000000   1.9530955454e+02   9.3504998520e+00   1.8878057882e+02
   2950.0000000000   1.9540818567e+02   9.3866605916e+00   1.8888944640e+02
   2951.0000000000   1.9551513140e+02   9.4221007830e+00   1.8899610232e+02
   2952.0000000000   1.9561680454e+02   9.4569321000e+00   1.8910129508e+02
   2953.0000000000   1.9571741237e+02   9.4912338959e+00   1.8921439628e+02
   2954.0000000000   1.9583451381e+02   9.5250656646e+00   1.8932131567e+02
   2955.0000000000   1.9594107301e+02   9.5584737906e+00   1.8942660509e+02
   2956.0000000000   1.9604557030e+02   9.5914955335e+00   1.8953078257e+02
   2957.0000000000   1.9614885649e+02   9.6241615351e+00   1.8963408454e+02
   2958.0000000000   1.9625127695e+02   9.6564974786e+00   1.8973665188e+02
   2959.0000000000   1.9635301672e+02   9.6885252313e+00   1.8984759752e+02
   2960.0000000000   1.9645419035e+02   9.7202636584e+00   1.8995269192e+02
   2961.0000000000   1.9655487542e+02   9.7607465431e+00   1.9006541952e+02
   2962.0000000000   1.9665512789e+02   9.7956888333e+00   1.9017194305e+02
   2963.0000000000   1.9675498997e+02   9.8295165782e+00   1.9027687334e+02
   2964.0000000000   1.9685449465e+02   9.8626605038e+00   1.9038975976e+02
   2965.0000000000   1.9695366847e+02   9.8952933661e+00   1.9049653974e+02
   2966.0000000000   1.9705253323e+02   9.9275078470e+00   1.9060176366e+02
   2967.0000000000   1.9715110720e+02   9.9593619834e+00   1.9070594153e+02
   2968.0000000000   1.9724940594e+02   9.9908958472e+00   1.9080930094e+02
   2969.0000000000   1.9734744284e+02   1.0022139031e+01   1.9091197469e+02
   2970.0000000000   1.9744522962e+02   1.0053114484e+01   1.9101405140e+02
   2971.0000000000   1.9754277658e+02   1.0083840664e+01   1.9111559519e+02
   2972.0000000000   1.9764009291e+02   1.0114332847e+01   1.9121665502e+02
   2973.0000000000   1.9773718683e+02   1.0144603963e+01   1.9132628709e+02
   2974.0000000000   1.9785979263e+02   1.0174665150e+01   1.9143022360e+02
   2975.0000000000   1.9798427098e+02   1.0204526148e+01   1.9153290430e+02
   2976.0000000000   1.9809602078e+02   1.0234195577e+01   1.9164378829e+02
   2977.0000000000   1.9820463768e+02   1.0272698468e+01   1.9175777524e+02
   2978.0000000000   1.9831138748e+02   1.0305742222e+01   1.9186507911e+02
   2979.0000000000   1.9841682143e+02   1.0337746324e+01   1.9197961412e+02
   2980.0000000000   1.9852124354e+02   1.0369135746e+01   1.9208770796e+02
   2981.0000000000   1.9862484402e+02   1.0400078172e+01   1.9219405391e+02
   2982.0000000000   1.9873632761e+02   1.0430661781e+01   1.9229923109e+02
   2983.0000000000   1.9885933918e+02   1.0460940594e+01   1.9240350581e+02
   2984.0000000000   1.9897094708e+02   1.0490951081e+01   1.9250703458e+02
   2985.0000000000   1.9909714916e+02   1.0520719594e+01   1.9260992149e+02
   2986.0000000000   1.9921174189e+02   1.0550266149e+01   1.9271224120e+02
   2987.0000000000   1.9932354225e+02   1.0579606545e+01   1.9281405017e+02
   2988.0000000000   1.9943358201e+02   1.0608753634e+01   1.9292441001e+02
   2989.0000000000   1.9955089477e+02   1.0637718130e+01   1.9302905700e+02
   2990.0000000000   1.9966214324e+02   1.0666509144e+01   1.9313243392e+02
   2991.0000000000   1.9977169456e+02   1.0704151874e+01   1.9324400227e+02
   2992.0000000000   1.9988006711e+02   1.0736353672e+01   1.9334964623e+02
   2993.0000000000   1.9998750417e+02   1.0767533828e+01   1.9345388076e+02
   2994.0000000000   2.0009415359e+02   1.0798117021e+01   1.9355719079e+02
   2995.0000000000   2.0020011709e+02   1.0846305226e+01   1.9365978528e+02
   2996.0000000000   2.0030546988e+02   1.0883587123e+01   1.9376178273e+02
   2997.0000000000   2.0041027031e+02   1.0927859971e+01   1.9386326044e+02
   2998.0000000000   2.0051456517e+02   1.0965698654e+01   1.9396427340e+02
   2999.0000000000   2.0061839297e+02   1.1001866997e+01   1.9406486303e+02
   3000.0000000000   2.0072178599e+02   1.1036970326e+01   1.9417407926e+02
   3001.0000000000   2.0083334740e+02   1.1071285314e+01   1.9427764899e+02
   3002.0000000000   2.0093950186e+02   1.1104972126e+01   1.9438000739e+02
   3003.0000000000   2.0104446711e+02   1.1138135304e+01   1.9448159233e+02
   3004.0000000000   2.0114866012e+02   1.1179865708e+01   1.9458258229e+02
   3005.0000000000   2.0125225155e+02   1.1215918268e+01   1.9469209192e+02
   3006.0000000000   2.0136391079e+02   1.1250748095e+01   1.9479588357e+02
   3007.0000000000   2.0147009886e+02   1.1284807652e+01   1.9489841372e+02
   3008.0000000000   2.0157505527e+02   1.1318286327e+01   1.9500013392e+02
   3009.0000000000   2.0168778641e+02   1.1351289765e+01   1.9510123186e+02
   3010.0000000000   2.0179487297e+02   1.1383886267e+01   1.9521082867e+02
   3011.0000000000   2.0190061190e+02   1.1416124137e+01   1.9531469135e+02
   3012.0000000000   2.0200546637e+02   1.1448039644e+01   1.9541727986e+02
   3013.0000000000   2.0210963641e+02   1.1479661204e+01   1.9551904834e+02
   3014.0000000000   2.0221323554e+02   1.1511011791e+01   1.9562018650e+02
   3015.0000000000   2.0231633782e+02   1.1551127763e+01   1.9572079971e+02
   3016.0000000000   2.0242757149e+02   1.1585725639e+01   1.9582095578e+02
   3017.0000000000   2.0253337707e+02   1.1619232376e+01   1.9592070246e+02
   3018.0000000000   2.0263798267e+02   1.1652079153e+01   1.9602909285e+02
   3019.0000000000   2.0274181217e+02   1.1684438868e+01   1.9613185537e+02
   3020.0000000000   2.0284504096e+02   1.1716404124e+01   1.9623342583e+02
   3021.0000000000   2.0294776597e+02   1.1748032732e+01   1.9633424219e+02
   3022.0000000000   2.0305004954e+02   1.1788381755e+01   1.9644350007e+02
   3023.0000000000   2.0315193567e+02   1.1823180830e+01   1.9654699686e+02
   3024.0000000000   2.0326203305e+02   1.1856865622e+01   1.9664920714e+02
   3025.0000000000   2.0338391981e+02   1.1889873304e+01   1.9675961021e+02
   3026.0000000000   2.0349461585e+02   1.1922381023e+01   1.9686410068e+02
   3027.0000000000   2.0360293146e+02   1.1963501791e+01   1.9696719974e+02
   3028.0000000000   2.0370983340e+02   1.1998996149e+01   1.9706939603e+02
   3029.0000000000   2.0382429831e+02   1.2042336048e+01   1.9717090067e+02
   3030.0000000000   2.0393294388e+02   1.2079671634e+01   1.9727183333e+02
   3031.0000000000   2.0404010196e+02   1.2115601958e+01   1.9737227183e+02
   3032.0000000000   2.0414626284e+02   1.2150648258e+01   1.9747227124e+02
   3033.0000000000   2.0425164718e+02   1.2185037772e+01   1.9757187280e+02
   3034.0000000000   2.0435638429e+02   1.2218898914e+01   1.9768012606e+02
   3035.0000000000   2.0447771175e+02   1.2252314558e+01   1.9778275743e+02
   3036.0000000000   2.0458849361e+02   1.2294360104e+01   1.9788420151e+02
   3037.0000000000   2.0469717126e+02   1.2330779061e+01   1.9798489554e+02
   3038.0000000000   2.0480457940e+02   1.2366017874e+01   1.9808501735e+02
   3039.0000000000   2.0491105725e+02   1.2400522279e+01   1.9818466363e+02
   3040.0000000000   2.0501678842e+02   1.2452510995e+01   1.9829291294e+02
   3041.0000000000   2.0512188834e+02   1.2493486297e+01   1.9840452571e+02
   3042.0000000000   2.0522643663e+02   1.2532339348e+01   1.9850964729e+02
   3043.0000000000   2.0533049176e+02   1.2569953989e+01   1.9861313475e+02
   3044.0000000000   2.0543409874e+02   1.2606688855e+01   1.9871558959e+02
   3045.0000000000   2.0553729335e+02   1.2642736907e+01   1.9881727396e+02
   3046.0000000000   2.0564010486e+02   1.2678218364e+01   1.9891833459e+02
   3047.0000000000   2.0574255770e+02   1.2713215276e+01   1.9901886522e+02
   3048.0000000000   2.0584467264e+02   1.2765821897e+01   1.9911893098e+02
   3049.0000000000   2.0594646755e+02   1.2807484440e+01   1.9922759717e+02
   3050.0000000000   2.0604795804e+02   1.2856082224e+01   1.9933060115e+02
   3051.0000000000   2.0614915789e+02   1.2898182928e+01   1.9943238540e+02
   3052.0000000000   2.0625865494e+02   1.2938548286e+01   1.9954241040e+02
   3053.0000000000   2.0636286106e+02   1.2977784086e+01   1.9964655891e+02
   3054.0000000000   2.0646598313e+02   1.3016168747e+01   1.9974934429e+02
   3055.0000000000   2.0656842882e+02   1.3053864800e+01   1.9985124977e+02
   3056.0000000000   2.0667893638e+02   1.3090979424e+01   1.9995248264e+02
   3057.0000000000   2.0678399341e+02   1.3127588860e+01   2.0005315974e+02
   3058.0000000000   2.0689642652e+02   1.3163750261e+01   2.0015335676e+02
   3059.0000000000   2.0700307233e+02   1.3208525469e+01   2.0026214446e+02
   3060.0000000000   2.0711688513e+02   1.3256667974e+01   2.0036526327e+02
   3061.0000000000   2.0723334035e+02   1.3298320725e+01   2.0048519221e+02
   3062.0000000000   2.0736040547e+02   1.3338340643e+01   2.0060279382e+02
   3063.0000000000   2.0749275297e+02   1.3377330173e+01   2.0073081267e+02
   3064.0000000000   2.0762936311e+02   1.3415552943e+01   2.0084600199e+02
   3065.0000000000   2.0775251889e+02   1.3453157366e+01   2.0095799649e+02
   3066.0000000000   2.0787188860e+02   1.3490238926e+01   2.0107702607e+02
   3067.0000000000   2.0798884698e+02   1.3526864471e+01   2.0119834925e+02
   3068.0000000000   2.0810403325e+02   1.3563083624e+01   2.0131238656e+02
   3069.0000000000   2.0821781932e+02   1.3598934826e+01   2.0143318501e+02
   3070.0000000000   2.0833044823e+02   1.3634448845e+01   2.0154716378e+02
   3071.0000000000   2.0845924212e+02   1.3669650946e+01   2.0166809973e+02
   3072.0000000000   2.0857712923e+02   1.3704562299e+01   2.0179133950e+02
   3073.0000000000   2.0870117635e+02   1.3739200948e+01   2.0190730146e+02
   3074.0000000000   2.0882723422e+02   1.3773582486e+01   2.0202100485e+02
   3075.0000000000   2.0894627184e+02   1.3807720546e+01   2.0214217716e+02
   3076.0000000000   2.0908024598e+02   1.3841627170e+01   2.0225685918e+02
   3077.0000000000   2.0920264872e+02   1.3884330410e+01   2.0236966989e+02
   3078.0000000000   2.0932220569e+02   1.3921540343e+01   2.0248116846e+02
   3079.0000000000   2.0943991465e+02   1.3957678839e+01   2.0259161953e+02
   3080.0000000000   2.0955622058e+02   1.3993173006e+01   2.0271020214e+02
   3081.0000000000   2.0967138133e+02   1.4028192439e+01   2.0282272852e+02
   3082.0000000000   2.0978556726e+02   1.4071844368e+01   2.0293369489e+02
   3083.0000000000   2.0989890030e+02   1.4109884822e+01   2.0304358518e+02
   3084.0000000000   2.1001147255e+02   1.4146764859e+01   2.0316163122e+02
   3085.0000000000   2.1012335631e+02   1.4182931314e+01   2.0327365984e+02
   3086.0000000000   2.1023461001e+02   1.4218567752e+01   2.0338416998e+02
   3087.0000000000   2.1034528201e+02   1.4253774320e+01   2.0349364415e+02
   3088.0000000000   2.1045541299e+02   1.4288614325e+01   2.0360229406e+02
   3089.0000000000   2.1056503776e+02   1.4323131619e+01   2.0371024287e+02
   3090.0000000000   2.1067418645e+02   1.4366375857e+01   2.0381757325e+02
   3091.0000000000   2.1078288544e+02   1.4413089758e+01   2.0392434558e+02
   3092.0000000000   2.1089115800e+02   1.4453406861e+01   2.0403060657e+02
   3093.0000000000   2.1100760049e+02   1.4492175876e+01   2.0413639375e+02
   3094.0000000000   2.1111863237e+02   1.4529992071e+01   2.0424173821e+02
   3095.0000000000   2.1122846738e+02   1.4567112780e+01   2.0434666624e+02
   3096.0000000000   2.1133751940e+02   1.4612698189e+01   2.0445120048e+02
   3097.0000000000   2.1144595668e+02   1.4652539317e+01   2.0455536069e+02
   3098.0000000000   2.1155387111e+02   1.4691111807e+01   2.0466818166e+02
   3099.0000000000   2.1166132136e+02   1.4737897899e+01   2.0477537939e+02
   3100.0000000000   2.1176834885e+02   1.4787812672e+01   2.0488138102e+02
   3101.0000000000   2.1187498481e+02   1.4831080629e+01   2.0498661842e+02
   3102.0000000000   2.1198982961e+02   1.4872606013e+01   2.0510930011e+02
   3103.0000000000   2.1209930443e+02   1.4913021207e+01   2.0522092081e+02
   3104.0000000000   2.1220762340e+02   1.4952609929e+01   2.0533938335e+02
   3105.0000000000   2.1231519993e+02   1.4991534659e+01   2.0545126774e+02
   3106.0000000000   2.1242220135e+02   1.5029901060e+01   2.0556134260e+02
   3107.0000000000   2.1252871832e+02   1.5067783542e+01   2.0567021767e+02
   3108.0000000000   2.1263480816e+02   1.5105237451e+01   2.0577817377e+02
   3109.0000000000   2.1274051082e+02   1.5142305646e+01   2.0588537493e+02
   3110.0000000000   2.1284585610e+02   1.5179022346e+01   2.0599192930e+02
   3111.0000000000   2.1295086729e+02   1.5215415545e+01   2.0609791380e+02
   3112.0000000000   2.1306413891e+02   1.5251508598e+01   2.0621240343e+02
   3113.0000000000   2.1317208762e+02   1.5287321306e+01   2.0632114358e+02
   3114.0000000000   2.1328749948e+02   1.5322870690e+01   2.0642858351e+02
   3115.0000000000   2.1340576134e+02   1.5358171551e+01   2.0654418942e+02
   3116.0000000000   2.1351763580e+02   1.5393236889e+01   2.0666286637e+02
   3117.0000000000   2.1362780687e+02   1.5428078223e+01   2.0677483245e+02
   3118.0000000000   2.1373688293e+02   1.5462705837e+01   2.0688498787e+02
   3119.0000000000   2.1384513574e+02   1.5506146300e+01   2.0699396244e+02
   3120.0000000000   2.1395271968e+02   1.5544108422e+01   2.0710203838e+02
   3121.0000000000   2.1405973425e+02   1.5581012975e+01   2.0720937734e+02
   3122.0000000000   2.1416624892e+02   1.5626303429e+01   2.0731608466e+02
   3123.0000000000   2.1428089062e+02   1.5665848982e+01   2.0742223476e+02
   3124.0000000000   2.1439009972e+02   1.5704151955e+01   2.0752788325e+02
   3125.0000000000   2.1449810461e+02   1.5741686449e+01   2.0763307341e+02
   3126.0000000000   2.1461390518e+02   1.5778652114e+01   2.0773784000e+02
   3127.0000000000   2.1472407807e+02   1.5815159308e+01   2.0785122899e+02
   3128.0000000000   2.1484149315e+02   1.5860295507e+01   2.0795896488e+02
   3129.0000000000   2.1495301257e+02   1.5899809803e+01   2.0806548135e+02
   3130.0000000000   2.1506303194e+02   1.5938151163e+01   2.0817121540e+02
   3131.0000000000   2.1517206230e+02   1.5975766314e+01   2.0827634496e+02
   3132.0000000000   2.1528033123e+02   1.6012839512e+01   2.0838096709e+02
   3133.0000000000   2.1538796975e+02   1.6049471898e+01   2.0848514355e+02
   3134.0000000000   2.1550363949e+02   1.6085727840e+01   2.0858891761e+02
   3135.0000000000   2.1561380248e+02   1.6121652218e+01   2.0869232168e+02
   3136.0000000000   2.1572270169e+02   1.6157278318e+01   2.0879538117e+02
   3137.0000000000   2.1583934735e+02   1.6192631945e+01   2.0889811671e+02
   3138.0000000000   2.1595032377e+02   1.6236751115e+01   2.0900054554e+02
   3139.0000000000   2.1605993108e+02   1.6275353298e+01   2.0910268235e+02
   3140.0000000000   2.1616863516e+02   1.6312865962e+01   2.0920453986e+02
   3141.0000000000   2.1627663835e+02   1.6349720525e+01   2.0930612926e+02
   3142.0000000000   2.1638405608e+02   1.6386089944e+01   2.0940746051e+02
   3143.0000000000   2.1649096406e+02   1.6422066775e+01   2.0950854254e+02
   3144.0000000000   2.1659741626e+02   1.6457708706e+01   2.0960938342e+02
   3145.0000000000   2.1670345347e+02   1.6493055313e+01   2.0970999053e+02
   3146.0000000000   2.1680910776e+02   1.6528135597e+01   2.0981037061e+02
   3147.0000000000   2.1693155645e+02   1.6562971849e+01   2.0991954722e+02
   3148.0000000000   2.1704362296e+02   1.6597581840e+01   2.1002322657e+02
   3149.0000000000   2.1715371962e+02   1.6631980136e+01   2.1012582720e+02
   3150.0000000000   2.1726265957e+02   1.6675196275e+01   2.1024580795e+02
   3151.0000000000   2.1737934105e+02   1.6721958460e+01   2.1036375411e+02
   3152.0000000000   2.1749033548e+02   1.6762389348e+01   2.1047428014e+02
   3153.0000000000   2.1759994477e+02   1.6810346567e+01   2.1058269123e+02
   3154.0000000000   2.1770863860e+02   1.6852119176e+01   2.1068976747e+02
   3155.0000000000   2.1781662273e+02   1.6892372296e+01   2.1079586388e+02
   3156.0000000000   2.1792401536e+02   1.6940680878e+01   2.1090118248e+02
   3157.0000000000   2.1803089423e+02   1.6992011936e+01   2.1100585287e+02
   3158.0000000000   2.1813731487e+02   1.7036621705e+01   2.1110996477e+02
   3159.0000000000   2.1824331924e+02   1.7079435051e+01   2.1121358382e+02
   3160.0000000000   2.1834894031e+02   1.7121098390e+01   2.1131675999e+02
   3161.0000000000   2.1846278040e+02   1.7170922664e+01   2.1141953255e+02
   3162.0000000000   2.1857126255e+02   1.7214777987e+01   2.1153095050e+02
   3163.0000000000   2.1868717811e+02   1.7257188531e+01   2.1165477498e+02
   3164.0000000000   2.1880591836e+02   1.7298651945e+01   2.1176684192e+02
   3165.0000000000   2.1892682520e+02   1.7339389063e+01   2.1187641541e+02
   3166.0000000000   2.1904098671e+02   1.7388545770e+01   2.1198451221e+02
   3167.0000000000   2.1916178656e+02   1.7440925446e+01   2.1209155428e+02
   3168.0000000000   2.1927629838e+02   1.7486703461e+01   2.1219776987e+02
   3169.0000000000   2.1938902996e+02   1.7530759156e+01   2.1230330102e+02
   3170.0000000000   2.1950913600e+02   1.7582728524e+01   2.1240824429e+02
   3171.0000000000   2.1962328984e+02   1.7637605123e+01   2.1251266949e+02
   3172.0000000000   2.1973585091e+02   1.7685660337e+01   2.1261662944e+02
   3173.0000000000   2.1984732687e+02   1.7740846708e+01   2.1272918283e+02
   3174.0000000000   2.1995795068e+02   1.7798536331e+01   2.1283606344e+02
   3175.0000000000   2.2006786102e+02   1.7849142897e+01   2.1294171185e+02
   3176.0000000000   2.2018572725e+02   1.7906691242e+01   2.1304657027e+02
   3177.0000000000   2.2029801860e+02   1.7957579160e+01   2.1315082066e+02
   3178.0000000000   2.2040898448e+02   1.8006548129e+01   2.1325456321e+02
   3179.0000000000   2.2051906517e+02   1.8054212315e+01   2.1336687944e+02
   3180.0000000000   2.2062844910e+02   1.8100864461e+01   2.1347351505e+02
   3181.0000000000   2.2073724381e+02   1.8146681661e+01   2.1357891713e+02
   3182.0000000000   2.2084552040e+02   1.8191784379e+01   2.1368353153e+02
   3183.0000000000   2.2095333022e+02   1.8236260579e+01   2.1378754226e+02
   3184.0000000000   2.2106928820e+02   1.8280177640e+01   2.1389105060e+02
   3185.0000000000   2.2117982658e+02   1.8323588996e+01   2.1399412134e+02
   3186.0000000000   2.2128916812e+02   1.8375555480e+01   2.1409679993e+02
   3187.0000000000   2.2139773315e+02   1.8421813711e+01   2.1419912035e+02
   3188.0000000000   2.2150569464e+02   1.8466807443e+01   2.1430110913e+02
   3189.0000000000   2.2161314790e+02   1.8510982095e+01   2.1441180508e+02
   3190.0000000000   2.2172015415e+02   1.8554522788e+01   2.1452594377e+02
   3191.0000000000   2.2182675661e+02   1.8606550054e+01   2.1463365392e+02
   3192.0000000000   2.2193298784e+02   1.8652831434e+01   2.1474879821e+02
   3193.0000000000   2.2203887350e+02   1.8697828023e+01   2.1485767000e+02
   3194.0000000000   2.2214443452e+02   1.8741995484e+01   2.1496493815e+02
   3195.0000000000   2.2224968842e+02   1.8785525188e+01   2.1507116354e+02
   3196.0000000000   2.2235465015e+02   1.8828524231e+01   2.1517659827e+02
   3197.0000000000   2.2246790833e+02   1.8871062136e+01   2.1528138753e+02
   3198.0000000000   2.2257587527e+02   1.8931222993e+01   2.1538562613e+02
   3199.0000000000   2.2268275813e+02   1.8980445079e+01   2.1548938098e+02
   3200.0000000000   2.2278896468e+02   1.9027584257e+01   2.1559270195e+02
   3201.0000000000   2.2289465760e+02   1.9082520336e+01   2.1569562770e+02
   3202.0000000000   2.2299992361e+02   1.9131298656e+01   2.1579818912e+02
   3203.0000000000   2.2310481662e+02   1.9178516121e+01   2.1590041152e+02
   3204.0000000000   2.2320937365e+02   1.9224705757e+01   2.1600231602e+02
   3205.0000000000   2.2331362183e+02   1.9270107472e+01   2.1610392059e+02
   3206.0000000000   2.2341758214e+02   1.9314860912e+01   2.1620524067e+02
   3207.0000000000   2.2352127135e+02   1.9368075856e+01   2.1631530706e+02
   3208.0000000000   2.2362470330e+02   1.9415518966e+01   2.1642884938e+02
   3209.0000000000   2.2372788969e+02   1.9461653431e+01   2.1653599178e+02
   3210.0000000000   2.2383084058e+02   1.9506937733e+01   2.1664157606e+02
   3211.0000000000   2.2394214038e+02   1.9551566022e+01   2.1674619228e+02
   3212.0000000000   2.2404819774e+02   1.9595647882e+01   2.1685911113e+02
   3213.0000000000   2.2415321664e+02   1.9639254979e+01   2.1696617283e+02
   3214.0000000000   2.2425760201e+02   1.9682438567e+01   2.1708991335e+02
   3215.0000000000   2.2436151399e+02   1.9725237546e+01   2.1720221333e+02
   3216.0000000000   2.2446503702e+02   1.9767682711e+01   2.1731210567e+02
   3217.0000000000   2.2456822295e+02   1.9809799213e+01   2.1742054573e+02
   3218.0000000000   2.2467968255e+02   1.9851608087e+01   2.1752793434e+02
   3219.0000000000   2.2478584214e+02   1.9893127265e+01   2.1763449186e+02
   3220.0000000000   2.2489091810e+02   1.9943389591e+01   2.1774035756e+02
   3221.0000000000   2.2499532445e+02   1.9988109115e+01   2.1784562732e+02
   3222.0000000000   2.2510780376e+02   2.0040728378e+01   2.1795037123e+02
   3223.0000000000   2.2521484655e+02   2.0087377794e+01   2.1805464274e+02
   3224.0000000000   2.2532928143e+02   2.0132642603e+01   2.1815848402e+02
   3225.0000000000   2.2543794632e+02   2.0177034066e+01   2.1826192916e+02
   3226.0000000000   2.2554522071e+02   2.0220772044e+01   2.1836500636e+02
   3227.0000000000   2.2566017965e+02   2.0263979389e+01   2.1846773931e+02
   3228.0000000000   2.2576944259e+02   2.0306734725e+01   2.1857014824e+02
   3229.0000000000   2.2587733039e+02   2.0349092841e+01   2.1867225062e+02
   3230.0000000000   2.2599289737e+02   2.0391094240e+01   2.1877406171e+02
   3231.0000000000   2.2610275497e+02   2.0432770190e+01   2.1887559496e+02
   3232.0000000000   2.2621979664e+02   2.0474145653e+01   2.1897686232e+02
   3233.0000000000   2.2633090112e+02   2.0515241087e+01   2.1907787450e+02
   3234.0000000000   2.2644047611e+02   2.0556073621e+01   2.1917864113e+02
   3235.0000000000   2.2654904172e+02   2.0596657850e+01   2.1927917097e+02
   3236.0000000000   2.2665683238e+02   2.0637006395e+01   2.1937947197e+02
   3237.0000000000   2.2676398445e+02   2.0677130306e+01   2.1947955143e+02
   3238.0000000000   2.2687058810e+02   2.0717039360e+01   2.1957941604e+02
   3239.0000000000   2.2697670779e+02   2.0756742288e+01   2.1967907200e+02
   3240.0000000000   2.2708239215e+02   2.0796246949e+01   2.1977852504e+02
   3241.0000000000   2.2718767924e+02   2.0835560466e+01   2.1987778049e+02
   3242.0000000000   2.2729259978e+02   2.0883706661e+01   2.1999487796e+02
   3243.0000000000   2.2739717912e+02   2.0926391938e+01   2.2011925765e+02
   3244.0000000000   2.2750143856e+02   2.0968034957e+01   2.2023115114e+02
   3245.0000000000   2.2760539629e+02   2.1009059999e+01   2.2034022728e+02
   3246.0000000000   2.2771764368e+02   2.1049634155e+01   2.2044765306e+02
   3247.0000000000   2.2782459533e+02   2.1098862428e+01   2.2055392342e+02
   3248.0000000000   2.2793046040e+02   2.1142498852e+01   2.2065930728e+02
   3249.0000000000   2.2805279959e+02   2.1194010015e+01   2.2077298864e+02
   3250.0000000000   2.2816457877e+02   2.1239541588e+01   2.2088078028e+02
   3251.0000000000   2.2827427985e+02   2.1283688841e+01   2.2098717569e+02
   3252.0000000000   2.2838275514e+02   2.1345004444e+01   2.2110167142e+02
   3253.0000000000   2.2849035135e+02   2.1395113763e+01   2.2121919400e+02
   3254.0000000000   2.2860583041e+02   2.1442969160e+01   2.2133899456e+02
   3255.0000000000   2.2871570888e+02   2.1489489823e+01   2.2145168533e+02
   3256.0000000000   2.2882426241e+02   2.1535056749e+01   2.2156231814e+02
   3257.0000000000   2.2893194654e+02   2.1579877941e+01   2.2167160110e+02
   3258.0000000000   2.2903895880e+02   2.1624084191e+01   2.2178888079e+02
   3259.0000000000   2.2915398779e+02   2.1667765238e+01   2.2190906765e+02
   3260.0000000000   2.2928923559e+02   2.1710986433e+01   2.2202240238e+02
   3261.0000000000   2.2940815497e+02   2.1753797474e+01   2.2213380768e+02
   3262.0000000000   2.2952377577e+02   2.1814272078e+01   2.2224393278e+02
   3263.0000000000   2.2963748001e+02   2.1863842661e+01   2.2235307596e+02
   3264.0000000000   2.2974983578e+02   2.1911361540e+01   2.2246141211e+02
   3265.0000000000   2.2986114897e+02   2.1966706222e+01   2.2257807483e+02
   3266.0000000000   2.2997160934e+02   2.2015920441e+01   2.2268884806e+02
   3267.0000000000   2.3008992121e+02   2.2063599894e+01   2.2279820814e+02
   3268.0000000000   2.3021115389e+02   2.2119293962e+01   2.2290662397e+02
   3269.0000000000   2.3032597525e+02   2.2168942174e+01   2.2301429809e+02
   3270.0000000000   2.3043903563e+02   2.2217096608e+01   2.2312134702e+02
   3271.0000000000   2.3055093197e+02   2.2264268235e+01   2.2322784824e+02
   3272.0000000000   2.3066193387e+02   2.2310684995e+01   2.2333385794e+02
   3273.0000000000   2.3077219762e+02   2.2365496890e+01   2.2343941923e+02
   3274.0000000000   2.3088182643e+02   2.2423509847e+01   2.2354456657e+02
   3275.0000000000   2.3099089413e+02   2.2474900914e+01   2.2364932828e+02
   3276.0000000000   2.3109945656e+02   2.2524550593e+01   2.2376274551e+02
   3277.0000000000   2.3121613326e+02   2.2582095728e+01   2.2387053911e+02
   3278.0000000000   2.3132736067e+02   2.2633513207e+01   2.2397713993e+02
   3279.0000000000   2.3144594093e+02   2.2683374494e+01   2.2408298272e+02
   3280.0000000000   2.3155869850e+02   2.2732202076e+01   2.2418824364e+02
   3281.0000000000   2.3167000617e+02   2.2780231459e+01   2.2429301829e+02
   3282.0000000000   2.3178036038e+02   2.2827600681e+01   2.2439736723e+02
   3283.0000000000   2.3188997887e+02   2.2874401922e+01   2.2450133275e+02
   3284.0000000000   2.3199898594e+02   2.2920701770e+01   2.2460494641e+02
   3285.0000000000   2.3210746281e+02   2.2966550926e+01   2.2470823290e+02
   3286.0000000000   2.3221546724e+02   2.3011989476e+01   2.2481121225e+02
   3287.0000000000   2.3232304271e+02   2.3057050034e+01   2.2491390116e+02
   3288.0000000000   2.3243022336e+02   2.3110777052e+01   2.2501631383e+02
   3289.0000000000   2.3253703685e+02   2.3158893948e+01   2.2511846257e+02
   3290.0000000000   2.3264350615e+02   2.3214850956e+01   2.2522035819e+02
   3291.0000000000   2.3274965071e+02   2.3264784895e+01   2.2532201031e+02
   3292.0000000000   2.3285548726e+02   2.3313286403e+01   2.2542342753e+02
   3293.0000000000   2.3296103039e+02   2.3360871341e+01   2.2552461765e+02
   3294.0000000000   2.3306629298e+02   2.3407763516e+01   2.2562558777e+02
   3295.0000000000   2.3317128648e+02   2.3454089205e+01   2.2572634438e+02
   3296.0000000000   2.3327602116e+02   2.3499930016e+01   2.2582689348e+02
   3297.0000000000   2.3338050633e+02   2.3545343358e+01   2.2592724062e+02
   3298.0000000000   2.3348475043e+02   2.3590372046e+01   2.2602739093e+02
   3299.0000000000   2.3359733682e+02   2.3635049400e+01   2.2612734922e+02
   3300.0000000000   2.3370467348e+02   2.3688419534e+01   2.2623613732e+02
   3301.0000000000   2.3381096396e+02   2.3736204994e+01   2.2633945988e+02
   3302.0000000000   2.3392518864e+02   2.3782837548e+01   2.2644173404e+02
   3303.0000000000   2.3403390847e+02   2.3837769643e+01   2.2654338276e+02
   3304.0000000000   2.3414140491e+02   2.3886877922e+01   2.2664457193e+02
   3305.0000000000   2.3424812859e+02   2.3934670970e+01   2.2674538819e+02
   3306.0000000000   2.3435426923e+02   2.3981628223e+01   2.2685490151e+02
   3307.0000000000   2.3446850728e+02   2.4027953923e+01   2.2695884760e+02
   3308.0000000000   2.3458588591e+02   2.4073762420e+01   2.2706166491e+02
   3309.0000000000   2.3469704923e+02   2.4119127366e+01   2.2716379167e+02
   3310.0000000000   2.3480662695e+02   2.4164100493e+01   2.2726540520e+02
   3311.0000000000   2.3491519838e+02   2.4217737673e+01   2.2736660085e+02
   3312.0000000000   2.3502301799e+02   2.4265769341e+01   2.2747645541e+02
   3313.0000000000   2.3513880472e+02   2.4321650090e+01   2.2758071005e+02
   3314.0000000000   2.3524905143e+02   2.4371519438e+01   2.2768380761e+02
   3315.0000000000   2.3535801918e+02   2.4419969647e+01   2.2778618997e+02
   3316.0000000000   2.3546615393e+02   2.4467517503e+01   2.2789705478e+02
   3317.0000000000   2.3558222209e+02   2.4523404593e+01   2.2800220037e+02
   3318.0000000000   2.3569273266e+02   2.4573457782e+01   2.2810610152e+02
   3319.0000000000   2.3580195324e+02   2.4622171771e+01   2.2820921997e+02
   3320.0000000000   2.3591033275e+02   2.4670022955e+01   2.2831174935e+02
   3321.0000000000   2.3601806353e+02   2.4717216207e+01   2.2842281431e+02
   3322.0000000000   2.3612525452e+02   2.4763867752e+01   2.2852818389e+02
   3323.0000000000   2.3623197688e+02   2.4810053439e+01   2.2864133646e+02
   3324.0000000000   2.3633828125e+02   2.4855827162e+01   2.2875744446e+02
   3325.0000000000   2.3644420584e+02   2.4901229469e+01   2.2886681129e+02
   3326.0000000000   2.3654978063e+02   2.4946292142e+01   2.2897437448e+02
   3327.0000000000   2.3665502997e+02   2.4991040870e+01   2.2908078302e+02
   3328.0000000000   2.3676854966e+02   2.5035496926e+01   2.2918632979e+02
   3329.0000000000   2.3687675766e+02   2.5088695589e+01   2.2929118268e+02
   3330.0000000000   2.3698386566e+02   2.5136352704e+01   2.2939545070e+02
   3331.0000000000   2.3709028510e+02   2.5182894819e+01   2.2949921038e+02
   3332.0000000000   2.3719618163e+02   2.5237770213e+01   2.2960251845e+02
   3333.0000000000   2.3730164446e+02   2.5286852134e+01   2.2971443598e+02
   3334.0000000000   2.3741530519e+02   2.5334646353e+01   2.2982069823e+02
   3335.0000000000   2.3752360344e+02   2.5381629939e+01   2.2992574671e+02
   3336.0000000000   2.3763934046e+02   2.5428005117e+01   2.3003002419e+02
   3337.0000000000   2.3775791361e+02   2.5473884494e+01   2.3013371295e+02
   3338.0000000000   2.3787009303e+02   2.5519340208e+01   2.3023691334e+02
   3339.0000000000   2.3798056833e+02   2.5564422657e+01   2.3033968961e+02
   3340.0000000000   2.3808995210e+02   2.5609169208e+01   2.3044208693e+02
   3341.0000000000   2.3820709496e+02   2.5653608792e+01   2.3054413914e+02
   3342.0000000000   2.3831855469e+02   2.5697764561e+01   2.3064587273e+02
   3343.0000000000   2.3842862975e+02   2.5741655528e+01   2.3074730915e+02
   3344.0000000000   2.3853778983e+02   2.5785297637e+01   2.3084846621e+02
   3345.0000000000   2.3865481751e+02   2.5837721814e+01   2.3094935898e+02
   3346.0000000000   2.3876623335e+02   2.5884640280e+01   2.3105901780e+02
   3347.0000000000   2.3887631354e+02   2.5930476516e+01   2.3117217177e+02
   3348.0000000000   2.3899408924e+02   2.5975658848e+01   2.3128796184e+02
   3349.0000000000   2.3910615885e+02   2.6029375124e+01   2.3139692973e+02
   3350.0000000000   2.3921683250e+02   2.6077416403e+01   2.3150407818e+02
   3351.0000000000   2.3932658342e+02   2.6124251973e+01   2.3161007929e+02
   3352.0000000000   2.3943561951e+02   2.6170339324e+01   2.3172425207e+02
   3353.0000000000   2.3954406054e+02   2.6215868775e+01   2.3183246797e+02
   3354.0000000000   2.3965198559e+02   2.6269962342e+01   2.3194826711e+02
   3355.0000000000   2.3975945138e+02   2.6327404306e+01   2.3205784516e+02
   3356.0000000000   2.3986650090e+02   2.6387371799e+01   2.3216583339e+02
   3357.0000000000   2.3997316804e+02   2.6449449051e+01   2.3227277686e+02
   3358.0000000000   2.4007948035e+02   2.6504357551e+01   2.3237892098e+02
   3359.0000000000   2.4018546073e+02   2.6557196292e+01   2.3248440843e+02
   3360.0000000000   2.4029112855e+02   2.6608696776e+01   2.3258933353e+02
   3361.0000000000   2.4040507611e+02   2.6659200729e+01   2.3269376369e+02
   3362.0000000000   2.4051371882e+02   2.6708907757e+01   2.3279774972e+02
   3363.0000000000   2.4062126643e+02   2.6757948827e+01   2.3291034874e+02
   3364.0000000000   2.4072812897e+02   2.6806416417e+01   2.3301729329e+02
   3365.0000000000   2.4083447098e+02   2.6854379260e+01   2.3312302299e+02
   3366.0000000000   2.4094038083e+02   2.6901890421e+01   2.3322797929e+02
   3367.0000000000   2.4104591385e+02   2.6948992094e+01   2.3335037818e+02
   3368.0000000000   2.4115968390e+02   2.6995718628e+01   2.3346172024e+02
   3369.0000000000   2.4126812008e+02   2.7042098529e+01   2.3357089559e+02
   3370.0000000000   2.4137544127e+02   2.7088155839e+01   2.3369682216e+02
   3371.0000000000   2.4149063938e+02   2.7133911112e+01   2.3382027654e+02
   3372.0000000000   2.4160885988e+02   2.7179382126e+01   2.3393597844e+02
   3373.0000000000   2.4172079219e+02   2.7233601743e+01   2.3404929975e+02
   3374.0000000000   2.4183108962e+02   2.7282284110e+01   2.3416106667e+02
   3375.0000000000   2.4194034519e+02   2.7329854566e+01   2.3427166801e+02
   3376.0000000000   2.4204882202e+02   2.7385760530e+01   2.3438133162e+02
   3377.0000000000   2.4215666919e+02   2.7435874630e+01   2.3449020745e+02
   3378.0000000000   2.4227255835e+02   2.7484702193e+01   2.3459840171e+02
   3379.0000000000   2.4238295744e+02   2.7532719972e+01   2.3470599358e+02
   3380.0000000000   2.4249211299e+02   2.7580129962e+01   2.3481304442e+02
   3381.0000000000   2.4260046177e+02   2.7627044615e+01   2.3491960313e+02
   3382.0000000000   2.4270818852e+02   2.7673535958e+01   2.3502570968e+02
   3383.0000000000   2.4281539714e+02   2.7719654317e+01   2.3513139729e+02
   3384.0000000000   2.4292215521e+02   2.7765437014e+01   2.3524571140e+02
   3385.0000000000   2.4303708642e+02   2.7819930279e+01   2.3535437655e+02
   3386.0000000000   2.4314662788e+02   2.7868857700e+01   2.3546182679e+02
   3387.0000000000   2.4326358071e+02   2.7925668785e+01   2.3556849959e+02
   3388.0000000000   2.4338334319e+02   2.7976499132e+01   2.3567457349e+02
   3389.0000000000   2.4349668683e+02   2.8025937899e+01   2.3578014611e+02
   3390.0000000000   2.4361687838e+02   2.8074499346e+01   2.3588527981e+02
   3391.0000000000   2.4373093286e+02   2.8122405644e+01   2.3599903576e+02
   3392.0000000000   2.4384332375e+02   2.8178798769e+01   2.3610714731e+02
   3393.0000000000   2.4395460797e+02   2.8238476520e+01   2.3621405352e+02
   3394.0000000000   2.4406504273e+02   2.8300625727e+01   2.3632019467e+02
   3395.0000000000   2.4417477944e+02   2.8355820569e+01   2.3642575075e+02
   3396.0000000000   2.4429249439e+02   2.8409087728e+01   2.3653082007e+02
   3397.0000000000   2.4440466060e+02   2.8461117531e+01   2.3663546516e+02
   3398.0000000000   2.4451552944e+02   2.8521243277e+01   2.3673972970e+02
   3399.0000000000   2.4462554213e+02   2.8584365146e+01   2.3684364628e+02
   3400.0000000000   2.4473488737e+02   2.8640715664e+01   2.3696527500e+02
   3401.0000000000   2.4484367259e+02   2.8704228227e+01   2.3707603733e+02
   3402.0000000000   2.4495196854e+02   2.8761247006e+01   2.3718477670e+02
   3403.0000000000   2.4505982607e+02   2.8825496153e+01   2.3729234599e+02
   3404.0000000000   2.4516728392e+02   2.8892283614e+01   2.3740809979e+02
   3405.0000000000   2.4527437281e+02   2.8970032915e+01   2.3751791605e+02
   3406.0000000000   2.4539826912e+02   2.9035141169e+01   2.3762631654e+02
   3407.0000000000   2.4552037127e+02   2.9097126388e+01   2.3773379361e+02
   3408.0000000000   2.4564406769e+02   2.9157152274e+01   2.3784056220e+02
   3409.0000000000   2.4576076908e+02   2.9233771547e+01   2.3794674528e+02
   3410.0000000000   2.4587539350e+02   2.9298681126e+01   2.3805242341e+02
   3411.0000000000   2.4598866442e+02   2.9360899635e+01   2.3815765388e+02
   3412.0000000000   2.4610949588e+02   2.9421400707e+01   2.3826247979e+02
   3413.0000000000   2.4622448593e+02   2.9480609521e+01   2.3836693486e+02
   3414.0000000000   2.4633796056e+02   2.9538770232e+01   2.3847104628e+02
   3415.0000000000   2.4645040930e+02   2.9596043593e+01   2.3857483655e+02
   3416.0000000000   2.4656205403e+02   2.9652544491e+01   2.3867832458e+02
   3417.0000000000   2.4667302598e+02   2.9708359639e+01   2.3878152658e+02
   3418.0000000000   2.4678341361e+02   2.9763557075e+01   2.3889347392e+02
   3419.0000000000   2.4689328133e+02   2.9818191763e+01   2.3899987937e+02
   3420.0000000000   2.4700267846e+02   2.9872309117e+01   2.3911418432e+02
   3421.0000000000   2.4711164423e+02   2.9925947348e+01   2.3922251818e+02
   3422.0000000000   2.4722021066e+02   2.9979139086e+01   2.3932946524e+02
   3423.0000000000   2.4732840446e+02   3.0031912544e+01   2.3945357057e+02
   3424.0000000000   2.4743624831e+02   3.0093309696e+01   2.3956645414e+02
   3425.0000000000   2.4754376174e+02   3.0149052727e+01   2.3967706440e+02
   3426.0000000000   2.4765096175e+02   3.0203574125e+01   2.3978631771e+02
   3427.0000000000   2.4775786331e+02   3.0257310375e+01   2.3989459296e+02
   3428.0000000000   2.4787305534e+02   3.0310439416e+01   2.4000209661e+02
   3429.0000000000   2.4799152623e+02   3.0363058616e+01   2.4010895832e+02
   3430.0000000000   2.4810388458e+02   3.0415230267e+01   2.4021526698e+02
   3431.0000000000   2.4822331139e+02   3.0466998319e+01   2.4032108734e+02
   3432.0000000000   2.4833676946e+02   3.0518395915e+01   2.4043548599e+02
   3433.0000000000   2.4844869749e+02   3.0569449263e+01   2.4055321947e+02
   3434.0000000000   2.4855962783e+02   3.0620179822e+01   2.4068246736e+02
   3435.0000000000   2.4867837509e+02   3.0688640291e+01   2.4079948881e+02
   3436.0000000000   2.4879147765e+02   3.0746247062e+01   2.4091371345e+02
   3437.0000000000   2.4890322226e+02   3.0801839997e+01   2.4103526120e+02
   3438.0000000000   2.4901407094e+02   3.0856269454e+01   2.4115030601e+02
   3439.0000000000   2.4912422536e+02   3.0909870868e+01   2.4126352329e+02
   3440.0000000000   2.4923380135e+02   3.0971837753e+01   2.4137549813e+02
   3441.0000000000   2.4935145093e+02   3.1027978258e+01   2.4148650702e+02
   3442.0000000000   2.4946362967e+02   3.1082778029e+01   2.4159671645e+02
   3443.0000000000   2.4958315163e+02   3.1145725735e+01   2.4171525652e+02
   3444.0000000000   2.4969684899e+02   3.1202723611e+01   2.4182790973e+02
   3445.0000000000   2.4980909963e+02   3.1258299034e+01   2.4193915185e+02
   3446.0000000000   2.4992897903e+02   3.1312945681e+01   2.4204945154e+02
   3447.0000000000   2.5004310816e+02   3.1366878866e+01   2.4215901131e+02
   3448.0000000000   2.5015580984e+02   3.1420221738e+01   2.4226794770e+02
   3449.0000000000   2.5026756501e+02   3.1482072404e+01   2.4238535555e+02
   3450.0000000000   2.5037858647e+02   3.1538188909e+01   2.4249699153e+02
   3451.0000000000   2.5048899728e+02   3.1593027870e+01   2.4260731196e+02
   3452.0000000000   2.5059887883e+02   3.1647042616e+01   2.4271677051e+02
   3453.0000000000   2.5070828947e+02   3.1700423158e+01   2.4282555788e+02
   3454.0000000000   2.5081727341e+02   3.1753275699e+01   2.4293378120e+02
   3455.0000000000   2.5092586549e+02   3.1805669095e+01   2.4304151030e+02
   3456.0000000000   2.5103409396e+02   3.1866669555e+01   2.4315781243e+02
   3457.0000000000   2.5114198230e+02   3.1922014410e+01   2.4326842595e+02
   3458.0000000000   2.5124955038e+02   3.1976145887e+01   2.4337779410e+02
   3459.0000000000   2.5135681526e+02   3.2029506826e+01   2.4348636068e+02
   3460.0000000000   2.5148094306e+02   3.2082279315e+01   2.4359430871e+02
   3461.0000000000   2.5159474860e+02   3.2134563393e+01   2.4370173909e+02
   3462.0000000000   2.5170663748e+02   3.2186423017e+01   2.4380871661e+02
   3463.0000000000   2.5182599304e+02   3.2237903099e+01   2.4391528695e+02
   3464.0000000000   2.5193953437e+02   3.2298054573e+01   2.4402148444e+02
   3465.0000000000   2.5205162534e+02   3.2352604212e+01   2.4412733608e+02
   3466.0000000000   2.5216276645e+02   3.2405986518e+01   2.4423286383e+02
   3467.0000000000   2.5227318052e+02   3.2458638434e+01   2.4433808602e+02
   3468.0000000000   2.5238299587e+02   3.2519754724e+01   2.4444301828e+02
   3469.0000000000   2.5249229658e+02   3.2584149448e+01   2.4455669145e+02
   3470.0000000000   2.5260114232e+02   3.2641997080e+01   2.4466481784e+02
   3471.0000000000   2.5270957778e+02   3.2707189630e+01   2.4477182117e+02
   3472.0000000000   2.5281763779e+02   3.2766040523e+01   2.4487813006e+02
   3473.0000000000   2.5293392597e+02   3.2832250328e+01   2.4498391540e+02
   3474.0000000000   2.5304486624e+02   3.2892091118e+01   2.4508926821e+02
   3475.0000000000   2.5316325057e+02   3.2950236436e+01   2.4520326237e+02
   3476.0000000000   2.5327589501e+02   3.3007257170e+01   2.4532065440e+02
   3477.0000000000   2.5338716523e+02   3.3063415725e+01   2.4543158630e+02
   3478.0000000000   2.5349755158e+02   3.3118866590e+01   2.4554091235e+02
   3479.0000000000   2.5362441781e+02   3.3173712660e+01   2.4565824892e+02
   3480.0000000000   2.5374068536e+02   3.3228027822e+01   2.4576955652e+02
   3481.0000000000   2.5385482541e+02   3.3281867913e+01   2.4587939322e+02
   3482.0000000000   2.5396768942e+02   3.3335276735e+01   2.4599728768e+02
   3483.0000000000   2.5407962650e+02   3.3397306964e+01   2.4611818376e+02
   3484.0000000000   2.5419082627e+02   3.3453688226e+01   2.4624134240e+02
   3485.0000000000   2.5430998350e+02   3.3508858222e+01   2.4635738170e+02
   3486.0000000000   2.5442358096e+02   3.3572274414e+01   2.4647135695e+02
   3487.0000000000   2.5453587552e+02   3.3629817726e+01   2.4658397844e+02
   3488.0000000000   2.5464731161e+02   3.3686000424e+01   2.4669557673e+02
   3489.0000000000   2.5475807984e+02   3.3741305140e+01   2.4680634531e+02
   3490.0000000000   2.5486828877e+02   3.3795938901e+01   2.4691641171e+02
   3491.0000000000   2.5498658547e+02   3.3850018505e+01   2.4702586655e+02
   3492.0000000000   2.5509942206e+02   3.3903619767e+01   2.4713477762e+02
   3493.0000000000   2.5521103445e+02   3.3956796338e+01   2.4724319759e+02
   3494.0000000000   2.5532185211e+02   3.4009588482e+01   2.4735116863e+02
   3495.0000000000   2.5543205459e+02   3.4071045044e+01   2.4745872526e+02
   3496.0000000000   2.5554174205e+02   3.4126891956e+01   2.4756589629e+02
   3497.0000000000   2.5565955498e+02   3.4181563508e+01   2.4768172350e+02
   3498.0000000000   2.5577194032e+02   3.4244514080e+01   2.4779192833e+02
   3499.0000000000   2.5588312981e+02   3.4301621839e+01   2.4790094221e+02
   3500.0000000000   2.5599354947e+02   3.4357396596e+01   2.4800920036e+02
   3501.0000000000   2.5611195166e+02   3.4412318794e+01   2.4811687934e+02
   3502.0000000000   2.5622483503e+02   3.4466593513e+01   2.4822407507e+02
   3503.0000000000   2.5634503509e+02   3.4529353134e+01   2.4833084839e+02
   3504.0000000000   2.5645939571e+02   3.4595389690e+01   2.4843724181e+02
   3505.0000000000   2.5657230157e+02   3.4654869055e+01   2.4854328703e+02
   3506.0000000000   2.5668425666e+02   3.4712662605e+01   2.4864900888e+02
   3507.0000000000   2.5679548360e+02   3.4778399625e+01   2.4875442748e+02
   3508.0000000000   2.5690610986e+02   3.4838050670e+01   2.4885955957e+02
   3509.0000000000   2.5701621875e+02   3.4896181841e+01   2.4896441941e+02
   3510.0000000000   2.5714302059e+02   3.4953311050e+01   2.4906901932e+02
   3511.0000000000   2.5725936145e+02   3.5009669860e+01   2.4917337013e+02
   3512.0000000000   2.5738224554e+02   3.5065392895e+01   2.4927748141e+02
   3513.0000000000   2.5749889895e+02   3.5120569354e+01   2.4938136178e+02
   3514.0000000000   2.5761385050e+02   3.5184280540e+01   2.4948501899e+02
   3515.0000000000   2.5772767662e+02   3.5242275297e+01   2.4958846011e+02
   3516.0000000000   2.5784064235e+02   3.5299004843e+01   2.4969169160e+02
   3517.0000000000   2.5795290256e+02   3.5354919178e+01   2.4979471940e+02
   3518.0000000000   2.5806455946e+02   3.5410206183e+01   2.4989754900e+02
   3519.0000000000   2.5817568585e+02   3.5464970652e+01   2.5000018552e+02
   3520.0000000000   2.5828633637e+02   3.5519280491e+01   2.5011165102e+02
   3521.0000000000   2.5839655367e+02   3.5582201252e+01   2.5021765038e+02
   3522.0000000000   2.5850637203e+02   3.5639469804e+01   2.5032260095e+02
   3523.0000000000   2.5861581964e+02   3.5695528041e+01   2.5042692584e+02
   3524.0000000000   2.5872492017e+02   3.5750818560e+01   2.5053079111e+02
   3525.0000000000   2.5884226940e+02   3.5805523270e+01   2.5064330084e+02
   3526.0000000000   2.5895428563e+02   3.5859742073e+01   2.5075020825e+02
   3527.0000000000   2.5906518107e+02   3.5913538815e+01   2.5085596186e+02
   3528.0000000000   2.5917536781e+02   3.5966958322e+01   2.5096100625e+02
   3529.0000000000   2.5929358782e+02   3.6020034131e+01   2.5107454024e+02
   3530.0000000000   2.5940633188e+02   3.6072792505e+01   2.5118236256e+02
   3531.0000000000   2.5951785370e+02   3.6125254718e+01   2.5128894799e+02
   3532.0000000000   2.5962859135e+02   3.6177438464e+01   2.5139475802e+02
   3533.0000000000   2.5973872853e+02   3.6229358762e+01   2.5149998593e+02
   3534.0000000000   2.5984836728e+02   3.6281028576e+01   2.5160473866e+02
   3535.0000000000   2.5995757310e+02   3.6332459252e+01   2.5171810170e+02
   3536.0000000000   2.6006639195e+02   3.6383660829e+01   2.5182582298e+02
   3537.0000000000   2.6017485816e+02   3.6434642279e+01   2.5193235074e+02
   3538.0000000000   2.6028299847e+02   3.6485411685e+01   2.5203813121e+02
   3539.0000000000   2.6039083445e+02   3.6535976380e+01   2.5214334833e+02
   3540.0000000000   2.6049838393e+02   3.6595360385e+01   2.5224810299e+02
   3541.0000000000   2.6060566197e+02   3.6649270296e+01   2.5235245936e+02
   3542.0000000000   2.6071268151e+02   3.6702124951e+01   2.5245646217e+02
   3543.0000000000   2.6081945382e+02   3.6754348802e+01   2.5256014455e+02
   3544.0000000000   2.6092598883e+02   3.6815126431e+01   2.5267254953e+02
   3545.0000000000   2.6104944664e+02   3.6870246119e+01   2.5278841544e+02
   3546.0000000000   2.6116263696e+02   3.6924174771e+01   2.5289787281e+02
   3547.0000000000   2.6127396096e+02   3.6977367824e+01   2.5300576821e+02
   3548.0000000000   2.6138422251e+02   3.7030013808e+01   2.5311269532e+02
   3549.0000000000   2.6149373644e+02   3.7082215856e+01   2.5321891028e+02
   3550.0000000000   2.6160266665e+02   3.7134039105e+01   2.5332455501e+02
   3551.0000000000   2.6171111234e+02   3.7185528536e+01   2.5343873668e+02
   3552.0000000000   2.6183629079e+02   3.7236717163e+01   2.5354721760e+02
   3553.0000000000   2.6195105076e+02   3.7287630329e+01   2.5365445617e+02
   3554.0000000000   2.6206382138e+02   3.7338288161e+01   2.5376090609e+02
   3555.0000000000   2.6217542724e+02   3.7388707079e+01   2.5386675700e+02
   3556.0000000000   2.6228619902e+02   3.7438900775e+01   2.5397211426e+02
   3557.0000000000   2.6239631299e+02   3.7488880875e+01   2.5409508030e+02
   3558.0000000000   2.6250587819e+02   3.7556692044e+01   2.5421612101e+02
   3559.0000000000   2.6261496867e+02   3.7613743928e+01   2.5432979879e+02
   3560.0000000000   2.6273221363e+02   3.7668870586e+01   2.5445041030e+02
   3561.0000000000   2.6285263018e+02   3.7722917295e+01   2.5456442229e+02
   3562.0000000000   2.6296684808e+02   3.7776214983e+01   2.5467659531e+02
   3563.0000000000   2.6308806436e+02   3.7828935792e+01   2.5478754632e+02
   3564.0000000000   2.6320325423e+02   3.7881183757e+01   2.5489756492e+02
   3565.0000000000   2.6331686617e+02   3.7933028011e+01   2.5500682293e+02
   3566.0000000000   2.6342944035e+02   3.7984517628e+01   2.5511543494e+02
   3567.0000000000   2.6354122206e+02   3.8053723838e+01   2.5522348306e+02
   3568.0000000000   2.6365235400e+02   3.8112075846e+01   2.5533102911e+02
   3569.0000000000   2.6376293020e+02   3.8168422559e+01   2.5543812139e+02
   3570.0000000000   2.6387301759e+02   3.8223620808e+01   2.5554479864e+02
   3571.0000000000   2.6398266641e+02   3.8278010695e+01   2.5566011005e+02
   3572.0000000000   2.6409191585e+02   3.8340789107e+01   2.5576978269e+02
   3573.0000000000   2.6420079740e+02   3.8397766611e+01   2.5587825233e+02
   3574.0000000000   2.6430933695e+02   3.8453430570e+01   2.5598595762e+02
   3575.0000000000   2.6441755622e+02   3.8508253514e+01   2.5610209517e+02
   3576.0000000000   2.6452547370e+02   3.8562438010e+01   2.5621246355e+02
   3577.0000000000   2.6463310535e+02   3.8616098735e+01   2.5632153856e+02
   3578.0000000000   2.6474046510e+02   3.8669310403e+01   2.5642978335e+02
   3579.0000000000   2.6485614086e+02   3.8722126002e+01   2.5653739322e+02
   3580.0000000000   2.6498369568e+02   3.8774585317e+01   2.5664447726e+02
   3581.0000000000   2.6510871372e+02   3.8826719454e+01   2.5675110588e+02
   3582.0000000000   2.6522639737e+02   3.8878553493e+01   2.5685732877e+02
   3583.0000000000   2.6534190334e+02   3.8930108136e+01   2.5696318313e+02
   3584.0000000000   2.6545602564e+02   3.8981400807e+01   2.5707771542e+02
   3585.0000000000   2.6557770643e+02   3.9032446398e+01   2.5718664960e+02
   3586.0000000000   2.6569355667e+02   3.9092275131e+01   2.5729441834e+02
   3587.0000000000   2.6580790868e+02   3.9146598749e+01   2.5740145734e+02
   3588.0000000000   2.6592125513e+02   3.9199840407e+01   2.5750794313e+02
   3589.0000000000   2.6603381933e+02   3.9252428207e+01   2.5761397133e+02
   3590.0000000000   2.6614573304e+02   3.9313549841e+01   2.5771960228e+02
   3591.0000000000   2.6625708469e+02   3.9368996260e+01   2.5782487789e+02
   3592.0000000000   2.6636793837e+02   3.9423236670e+01   2.5792982921e+02
   3593.0000000000   2.6647834291e+02   3.9485745830e+01   2.5803448039e+02
   3594.0000000000   2.6658833694e+02   3.9551431785e+01   2.5813885086e+02
   3595.0000000000   2.6669795183e+02   3.9610512811e+01   2.5824295669e+02
   3596.0000000000   2.6680721365e+02   3.9667887754e+01   2.5835582878e+02
   3597.0000000000   2.6693329566e+02   3.9724184345e+01   2.5846317929e+02
   3598.0000000000   2.6704901851e+02   3.9779682294e+01   2.5856943156e+02
   3599.0000000000   2.6716279256e+02   3.9834540612e+01   2.5867501381e+02
   3600.0000000000   2.6728400514e+02   3.9888861950e+01   2.5878009644e+02
   3601.0000000000   2.6739937866e+02   3.9942718083e+01   2.5888476994e+02
   3602.0000000000   2.6751327985e+02   3.9996162045e+01   2.5898909032e+02
   3603.0000000000   2.6762621165e+02   4.0049234655e+01   2.5910211311e+02
   3604.0000000000   2.6773839895e+02   4.0110985646e+01   2.5920956662e+02
   3605.0000000000   2.6784997190e+02   4.0167141849e+01   2.5931588537e+02
   3606.0000000000   2.6796101616e+02   4.0222138342e+01   2.5942150553e+02
   3607.0000000000   2.6808016843e+02   4.0285430155e+01   2.5952660338e+02
   3608.0000000000   2.6819387550e+02   4.0342895958e+01   2.5964029117e+02
   3609.0000000000   2.6831494592e+02   4.0408063263e+01   2.5974832878e+02
   3610.0000000000   2.6843020820e+02   4.0476130547e+01   2.5985517023e+02
   3611.0000000000   2.6854403765e+02   4.0537416674e+01   2.5996126472e+02
   3612.0000000000   2.6865693225e+02   4.0596869157e+01   2.6006679767e+02
   3613.0000000000   2.6877768628e+02   4.0655143847e+01   2.6017187071e+02
   3614.0000000000   2.6890140098e+02   4.0721555938e+01   2.6027654835e+02
   3615.0000000000   2.6901875562e+02   4.0781977548e+01   2.6038989275e+02
   3616.0000000000   2.6914297918e+02   4.0840933822e+01   2.6049763747e+02
   3617.0000000000   2.6926106894e+02   4.0898922890e+01   2.6060422129e+02
   3618.0000000000   2.6937748933e+02   4.0956165835e+01   2.6071008385e+02
   3619.0000000000   2.6949279259e+02   4.1012791361e+01   2.6081540432e+02
   3620.0000000000   2.6960723338e+02   4.1077902496e+01   2.6092929735e+02
   3621.0000000000   2.6972953751e+02   4.1137261530e+01   2.6104654217e+02
   3622.0000000000   2.6984620600e+02   4.1195328692e+01   2.6116631233e+02
   3623.0000000000   2.6996150786e+02   4.1252560376e+01   2.6128818944e+02
   3624.0000000000   2.7007589628e+02   4.1309149200e+01   2.6141191033e+02
   3625.0000000000   2.7018956850e+02   4.1365203580e+01   2.6152827295e+02
   3626.0000000000   2.7030263839e+02   4.1429811585e+01   2.6164242079e+02
   3627.0000000000   2.7041518165e+02   4.1488724163e+01   2.6176413117e+02
   3628.0000000000   2.7052725307e+02   4.1546392748e+01   2.6187946575e+02
   3629.0000000000   2.7063889460e+02   4.1603266783e+01   2.6199305134e+02
   3630.0000000000   2.7075871526e+02   4.1659533301e+01   2.6210544856e+02
   3631.0000000000   2.7087314330e+02   4.1724313494e+01   2.6221692031e+02
   3632.0000000000   2.7099497429e+02   4.1792392128e+01   2.6233664228e+02
   3633.0000000000   2.7111102734e+02   4.1853930191e+01   2.6245042256e+02
   3634.0000000000   2.7122567081e+02   4.1922813008e+01   2.6257177025e+02
   3635.0000000000   2.7134797303e+02   4.1985350607e+01   2.6268686522e+02
   3636.0000000000   2.7146454947e+02   4.2046224553e+01   2.6280033074e+02
   3637.0000000000   2.7157971870e+02   4.2106005732e+01   2.6291270811e+02
   3638.0000000000   2.7170253388e+02   4.2164954311e+01   2.6303325874e+02
   3639.0000000000   2.7181960600e+02   4.2223222074e+01   2.6314782582e+02
   3640.0000000000   2.7193525292e+02   4.2280909325e+01   2.6326091769e+02
   3641.0000000000   2.7204995289e+02   4.2338087644e+01   2.6337302227e+02
   3642.0000000000   2.7216391720e+02   4.2394810869e+01   2.6348435429e+02
   3643.0000000000   2.7228584365e+02   4.2451121086e+01   2.6359503849e+02
   3644.0000000000   2.7241078960e+02   4.2507052177e+01   2.6370515809e+02
   3645.0000000000   2.7252941098e+02   4.2562632062e+01   2.6381477349e+02
   3646.0000000000   2.7264634749e+02   4.2617884189e+01   2.6392393093e+02
   3647.0000000000   2.7276218696e+02   4.2672828559e+01   2.6403266726e+02
   3648.0000000000   2.7287719124e+02   4.2727482459e+01   2.6415003000e+02
   3649.0000000000   2.7300866131e+02   4.2781860999e+01   2.6427076225e+02
   3650.0000000000   2.7312949654e+02   4.2835977513e+01   2.6438499920e+02
   3651.0000000000   2.7324815999e+02   4.2889843870e+01   2.6449759190e+02
   3652.0000000000   2.7337407633e+02   4.2943470709e+01   2.6460913828e+02
   3653.0000000000   2.7350257126e+02   4.2996867633e+01   2.6471989844e+02
   3654.0000000000   2.7362443353e+02   4.3050043357e+01   2.6483001800e+02
   3655.0000000000   2.7374437969e+02   4.3103005834e+01   2.6494860757e+02
   3656.0000000000   2.7386304666e+02   4.3155762355e+01   2.6506143270e+02
   3657.0000000000   2.7398072990e+02   4.3208319631e+01   2.6517295475e+02
   3658.0000000000   2.7410617900e+02   4.3260683866e+01   2.6528363023e+02
   3659.0000000000   2.7422591058e+02   4.3312860811e+01   2.6540266868e+02
   3660.0000000000   2.7434420471e+02   4.3373873144e+01   2.6551587836e+02
   3661.0000000000   2.7447009851e+02   4.3429426311e+01   2.6562774247e+02
   3662.0000000000   2.7459019661e+02   4.3483938153e+01   2.6573873002e+02
   3663.0000000000   2.7470881507e+02   4.3537832258e+01   2.6584904096e+02
   3664.0000000000   2.7482643257e+02   4.3591275122e+01   2.6595878821e+02
   3665.0000000000   2.7494326193e+02   4.3644353906e+01   2.6606804535e+02
   3666.0000000000   2.7505942738e+02   4.3697121750e+01   2.6619489936e+02
   3667.0000000000   2.7518358766e+02   4.3749614357e+01   2.6631980795e+02
   3668.0000000000   2.7531077963e+02   4.3810874731e+01   2.6643732898e+02
   3669.0000000000   2.7543164746e+02   4.3866622748e+01   2.6655273924e+02
   3670.0000000000   2.7555082371e+02   4.3921286854e+01   2.6666680368e+02
   3671.0000000000   2.7566889176e+02   4.3975298639e+01   2.6678888634e+02
   3672.0000000000   2.7578611062e+02   4.4037848103e+01   2.6690488526e+02
   3673.0000000000   2.7590262824e+02   4.4094727710e+01   2.6702835825e+02
   3674.0000000000   2.7602711673e+02   4.4150407645e+01   2.6714551381e+02
   3675.0000000000   2.7614604540e+02   4.4205345943e+01   2.6726099303e+02
   3676.0000000000   2.7626366265e+02   4.4259733219e+01   2.6738436608e+02
   3677.0000000000   2.7638040737e+02   4.4313674286e+01   2.6750158526e+02
   3678.0000000000   2.7649646651e+02   4.4376252975e+01   2.6761721182e+02
   3679.0000000000   2.7661194621e+02   4.4433215835e+01   2.6773176389e+02
   3680.0000000000   2.7673549192e+02   4.4489009973e+01   2.6785449260e+02
   3681.0000000000   2.7685355472e+02   4.4553098014e+01   2.6797123600e+02
   3682.0000000000   2.7697036993e+02   4.4611363538e+01   2.6808649965e+02
   3683.0000000000   2.7708636669e+02   4.4668319931e+01   2.6820076986e+02
   3684.0000000000   2.7721030005e+02   4.4724449987e+01   2.6831426037e+02
   3685.0000000000   2.7732867112e+02   4.4779960295e+01   2.6842709527e+02
   3686.0000000000   2.7744574193e+02   4.4834966834e+01   2.6853935740e+02
   3687.0000000000   2.7756195743e+02   4.4889544366e+01   2.6866012416e+02
   3688.0000000000   2.7768608271e+02   4.4943745350e+01   2.6877514208e+02
   3689.0000000000   2.7780462559e+02   4.5006626104e+01   2.6889787836e+02
   3690.0000000000   2.7792185277e+02   4.5063917294e+01   2.6901448278e+02
   3691.0000000000   2.7803821256e+02   4.5129073585e+01   2.6913857346e+02
   3692.0000000000   2.7815389692e+02   4.5188234449e+01   2.6925637488e+02
   3693.0000000000   2.7826901465e+02   4.5255009334e+01   2.6938154807e+02
   3694.0000000000   2.7838363688e+02   4.5324632595e+01   2.6950034455e+02
   3695.0000000000   2.7850639003e+02   4.5396459179e+01   2.6961742618e+02
   3696.0000000000   2.7862371339e+02   4.5461148024e+01   2.6973335692e+02
   3697.0000000000   2.7874840991e+02   4.5523775085e+01   2.6984839493e+02
   3698.0000000000   2.7887587943e+02   4.5585062060e+01   2.6996269209e+02
   3699.0000000000   2.7900547049e+02   4.5645346214e+01   2.7007634976e+02
   3700.0000000000   2.7912827633e+02   4.5704825107e+01   2.7018944096e+02
   3701.0000000000   2.7924910921e+02   4.5763628840e+01   2.7030202111e+02
   3702.0000000000   2.7936864531e+02   4.5821849628e+01   2.7042315127e+02
   3703.0000000000   2.7948719831e+02   4.5879556256e+01   2.7053856733e+02
   3704.0000000000   2.7960495106e+02   4.5936802007e+01   2.7065271192e+02
   3705.0000000000   2.7972202368e+02   4.6002646696e+01   2.7076602912e+02
   3706.0000000000   2.7984707689e+02   4.6071842780e+01   2.7087870267e+02
   3707.0000000000   2.7996657510e+02   4.6134532726e+01   2.7099985175e+02
   3708.0000000000   2.8008476460e+02   4.6195573285e+01   2.7112425991e+02
   3709.0000000000   2.8021065915e+02   4.6255566907e+01   2.7124208748e+02
   3710.0000000000   2.8033084637e+02   4.6314777329e+01   2.7135820215e+02
   3711.0000000000   2.8044962946e+02   4.6382370443e+01   2.7147321344e+02
   3712.0000000000   2.8056747706e+02   4.6444142365e+01   2.7159640717e+02
   3713.0000000000   2.8068459400e+02   4.6513590630e+01   2.7171363572e+02
   3714.0000000000   2.8080109796e+02   4.6576884699e+01   2.7182941036e+02
   3715.0000000000   2.8091706663e+02   4.6638638740e+01   2.7194421917e+02
   3716.0000000000   2.8104113143e+02   4.6699386171e+01   2.7205827575e+02
   3717.0000000000   2.8115973564e+02   4.6759364264e+01   2.7218072048e+02
   3718.0000000000   2.8127710983e+02   4.6818709848e+01   2.7229733518e+02
   3719.0000000000   2.8140225566e+02   4.6877512967e+01   2.7241259149e+02
   3720.0000000000   2.8152175131e+02   4.6935837877e+01   2.7252695303e+02
   3721.0000000000   2.8163989243e+02   4.6993733029e+01   2.7264061728e+02
   3722.0000000000   2.8175714154e+02   4.7060253760e+01   2.7275369612e+02
   3723.0000000000   2.8187369842e+02   4.7121131259e+01   2.7286626288e+02
   3724.0000000000   2.8198967656e+02   4.7189821471e+01   2.7298738734e+02
   3725.0000000000   2.8211372574e+02   4.7252465516e+01   2.7310280981e+02
   3726.0000000000   2.8223229965e+02   4.7313657337e+01   2.7321697501e+02
   3727.0000000000   2.8235821073e+02   4.7373915379e+01   2.7333032790e+02
   3728.0000000000   2.8247828989e+02   4.7433465504e+01   2.7344305240e+02
   3729.0000000000   2.8259691399e+02   4.7492435636e+01   2.7355525015e+02
   3730.0000000000   2.8271458206e+02   4.7550908724e+01   2.7366698651e+02
   3731.0000000000   2.8284008917e+02   4.7608943277e+01   2.7377830764e+02
   3732.0000000000   2.8295996155e+02   4.7666583019e+01   2.7388924828e+02
   3733.0000000000   2.8307847806e+02   4.7723862032e+01   2.7399983575e+02
   3734.0000000000   2.8319609549e+02   4.7780807745e+01   2.7411009229e+02
   3735.0000000000   2.8331301192e+02   4.7837442792e+01   2.7422003648e+02
   3736.0000000000   2.8343791636e+02   4.7893786230e+01   2.7432968414e+02
   3737.0000000000   2.8355728435e+02   4.7949854374e+01   2.7443904898e+02
   3738.0000000000   2.8367536642e+02   4.8005661381e+01   2.7454814301e+02
   3739.0000000000   2.8379260183e+02   4.8061219679e+01   2.7465697691e+02
   3740.0000000000   2.8390917708e+02   4.8116540287e+01   2.7476556024e+02
   3741.0000000000   2.8402519749e+02   4.8171633056e+01   2.7488291896e+02
   3742.0000000000   2.8414930751e+02   4.8226506862e+01   2.7499476137e+02
   3743.0000000000   2.8426795718e+02   4.8281169752e+01   2.7510550781e+02
   3744.0000000000   2.8438538077e+02   4.8335629063e+01   2.7521558408e+02
   3745.0000000000   2.8450200637e+02   4.8389891520e+01   2.7532515867e+02
   3746.0000000000   2.8461801244e+02   4.8443963314e+01   2.7543432049e+02
   3747.0000000000   2.8473349825e+02   4.8506867495e+01   2.7554312430e+02
   3748.0000000000   2.8484852794e+02   4.8564309825e+01   2.7565160723e+02
   3749.0000000000   2.8496314696e+02   4.8620708420e+01   2.7576881363e+02
   3750.0000000000   2.8507738955e+02   4.8685504424e+01   2.7588046457e+02
   3751.0000000000   2.8519128270e+02   4.8744564987e+01   2.7600000694e+02
   3752.0000000000   2.8530484837e+02   4.8811407941e+01   2.7611357381e+02
   3753.0000000000   2.8542668052e+02   4.8872206230e+01   2.7622575197e+02
   3754.0000000000   2.8554319565e+02   4.8931571239e+01   2.7633705353e+02
   3755.0000000000   2.8565860427e+02   4.8999048565e+01   2.7644769870e+02
   3756.0000000000   2.8577331689e+02   4.9060570034e+01   2.7655781036e+02
   3757.0000000000   2.8588749844e+02   4.9120679693e+01   2.7666746695e+02
   3758.0000000000   2.8600123751e+02   4.9188898399e+01   2.7678574023e+02
   3759.0000000000   2.8611458963e+02   4.9251147885e+01   2.7689837074e+02
   3760.0000000000   2.8622759315e+02   4.9311968099e+01   2.7700980240e+02
   3761.0000000000   2.8634885204e+02   4.9371861177e+01   2.7712949618e+02
   3762.0000000000   2.8646478914e+02   4.9440065615e+01   2.7724333479e+02
   3763.0000000000   2.8657961914e+02   4.9502409154e+01   2.7735583126e+02
   3764.0000000000   2.8669375533e+02   4.9563388700e+01   2.7746746827e+02
   3765.0000000000   2.8680736451e+02   4.9632500497e+01   2.7757845252e+02
   3766.0000000000   2.8692053654e+02   4.9695652333e+01   2.7769791750e+02
   3767.0000000000   2.8703332781e+02   4.9766393175e+01   2.7781163867e+02
   3768.0000000000   2.8714577724e+02   4.9830920521e+01   2.7792408197e+02
   3769.0000000000   2.8725791353e+02   4.9893865558e+01   2.7803570592e+02
   3770.0000000000   2.8736975886e+02   4.9973807478e+01   2.7814670345e+02
   3771.0000000000   2.8748990664e+02   5.0051409444e+01   2.7825718233e+02
   3772.0000000000   2.8760477241e+02   5.0121340579e+01   2.7836721222e+02
   3773.0000000000   2.8771856552e+02   5.0188946564e+01   2.7847684226e+02
   3774.0000000000   2.8783169526e+02   5.0255038686e+01   2.7858610927e+02
   3775.0000000000   2.8794432528e+02   5.0329014019e+01   2.7870405938e+02
   3776.0000000000   2.8805654293e+02   5.0396795103e+01   2.7881641627e+02
   3777.0000000000   2.8816840252e+02   5.0462941256e+01   2.7892761234e+02
   3778.0000000000   2.8827994127e+02   5.0527975318e+01   2.7904710034e+02
   3779.0000000000   2.8839118638e+02   5.0592137078e+01   2.7916075699e+02
   3780.0000000000   2.8850215878e+02   5.0664587222e+01   2.7927309085e+02
   3781.0000000000   2.8862145077e+02   5.0731123700e+01   2.7938458120e+02
   3782.0000000000   2.8873547693e+02   5.0796231215e+01   2.7949543208e+02
   3783.0000000000   2.8884844574e+02   5.0860384132e+01   2.7961477493e+02
   3784.0000000000   2.8896076569e+02   5.0923788893e+01   2.7972838356e+02
   3785.0000000000   2.8907259977e+02   5.0986564917e+01   2.7984072259e+02
   3786.0000000000   2.8919261029e+02   5.1048791931e+01   2.7995224948e+02
   3787.0000000000   2.8930725189e+02   5.1110527920e+01   2.8006315627e+02
   3788.0000000000   2.8942933386e+02   5.1171817485e+01   2.8017355003e+02
   3789.0000000000   2.8954568248e+02   5.1232696308e+01   2.8028349980e+02
   3790.0000000000   2.8966066963e+02   5.1302211091e+01   2.8039305424e+02
   3791.0000000000   2.8977478943e+02   5.1366087010e+01   2.8051126708e+02
   3792.0000000000   2.8988825664e+02   5.1428758408e+01   2.8062386720e+02
   3793.0000000000   2.9000119224e+02   5.1490662870e+01   2.8073529071e+02
   3794.0000000000   2.9011367405e+02   5.1551978916e+01   2.8085499311e+02
   3795.0000000000   2.9023433206e+02   5.1612804145e+01   2.8096885321e+02
   3796.0000000000   2.9035818302e+02   5.1673200832e+01   2.8109039852e+02
   3797.0000000000   2.9048443142e+02   5.1733212742e+01   2.8120581006e+02
   3798.0000000000   2.9060409850e+02   5.1792872713e+01   2.8131970611e+02
   3799.0000000000   2.9072195447e+02   5.1852206569e+01   2.8143262083e+02
   3800.0000000000   2.9083864840e+02   5.1911235333e+01   2.8154479069e+02
   3801.0000000000   2.9095447518e+02   5.1969976583e+01   2.8166536834e+02
   3802.0000000000   2.9106960393e+02   5.2028445321e+01   2.8178915978e+02
   3803.0000000000   2.9118414430e+02   5.2086654568e+01   2.8190634100e+02
   3804.0000000000   2.9129817308e+02   5.2144615778e+01   2.8203080826e+02
   3805.0000000000   2.9141174708e+02   5.2202339137e+01   2.8214887978e+02
   3806.0000000000   2.9152491005e+02   5.2259833789e+01   2.8226524340e+02
   3807.0000000000   2.9163769671e+02   5.2317108010e+01   2.8238949223e+02
   3808.0000000000   2.9175013533e+02   5.2383186660e+01   2.8250759077e+02
   3809.0000000000   2.9187082500e+02   5.2443777096e+01   2.8262410708e+02
   3810.0000000000   2.9199476206e+02   5.2503298847e+01   2.8273956318e+02
   3811.0000000000   2.9211256136e+02   5.2562176998e+01   2.8285419512e+02
   3812.0000000000   2.9222883328e+02   5.2620579388e+01   2.8296814171e+02
   3813.0000000000   2.9234414377e+02   5.2687611711e+01   2.8308149593e+02
   3814.0000000000   2.9245873784e+02   5.2749028648e+01   2.8319432511e+02
   3815.0000000000   2.9257275187e+02   5.2818297394e+01   2.8331569789e+02
   3816.0000000000   2.9268627264e+02   5.2890581512e+01   2.8343135533e+02
   3817.0000000000   2.9279936033e+02   5.2956177256e+01   2.8354574365e+02
   3818.0000000000   2.9292063479e+02   5.3020016316e+01   2.8365930953e+02
   3819.0000000000   2.9303653093e+02   5.3082742839e+01   2.8377223860e+02
   3820.0000000000   2.9315127278e+02   5.3153662989e+01   2.8388463411e+02
   3821.0000000000   2.9326528107e+02   5.3227659029e+01   2.8400558022e+02
   3822.0000000000   2.9338730424e+02   5.3294950696e+01   2.8412082486e+02
   3823.0000000000   2.9351241363e+02   5.3360444427e+01   2.8423481710e+02
   3824.0000000000   2.9363126761e+02   5.3424776397e+01   2.8434800450e+02
   3825.0000000000   2.9375707986e+02   5.3506268824e+01   2.8446057260e+02
   3826.0000000000   2.9388541162e+02   5.3576488556e+01   2.8459065869e+02
   3827.0000000000   2.9400711907e+02   5.3653387926e+01   2.8470972967e+02
   3828.0000000000   2.9412694408e+02   5.3723582758e+01   2.8482665843e+02
   3829.0000000000   2.9425410959e+02   5.3791868503e+01   2.8494231834e+02
   3830.0000000000   2.9437531604e+02   5.3858875639e+01   2.8505706159e+02
   3831.0000000000   2.9449493550e+02   5.3933918626e+01   2.8517107701e+02
   3832.0000000000   2.9462205769e+02   5.4002875030e+01   2.8528448211e+02
   3833.0000000000   2.9474331991e+02   5.4070276826e+01   2.8539735713e+02
   3834.0000000000   2.9487163537e+02   5.4136628902e+01   2.8550976045e+02
   3835.0000000000   2.9499389838e+02   5.4211175907e+01   2.8563075394e+02
   3836.0000000000   2.9511452921e+02   5.4288769932e+01   2.8574607322e+02
   3837.0000000000   2.9523405833e+02   5.4359615313e+01   2.8586016000e+02
   3838.0000000000   2.9535272886e+02   5.4428610715e+01   2.8597345719e+02
   3839.0000000000   2.9547068453e+02   5.4496388741e+01   2.8608614720e+02
   3840.0000000000   2.9560517310e+02   5.4563235780e+01   2.8619833051e+02
   3841.0000000000   2.9572906632e+02   5.4629317995e+01   2.8631908885e+02
   3842.0000000000   2.9585081162e+02   5.4694745084e+01   2.8643416803e+02
   3843.0000000000   2.9597124865e+02   5.4759595519e+01   2.8654801528e+02
   3844.0000000000   2.9609072075e+02   5.4823928588e+01   2.8666107649e+02
   3845.0000000000   2.9621799066e+02   5.4887790896e+01   2.8677353575e+02
   3846.0000000000   2.9633957769e+02   5.4960237508e+01   2.8688549437e+02
   3847.0000000000   2.9646833672e+02   5.5027000162e+01   2.8699701721e+02
   3848.0000000000   2.9659112807e+02   5.5101535775e+01   2.8710814974e+02
   3849.0000000000   2.9671235019e+02   5.5169986655e+01   2.8721892598e+02
   3850.0000000000   2.9683251853e+02   5.5236948026e+01   2.8733838984e+02
   3851.0000000000   2.9695186544e+02   5.5302939637e+01   2.8746128060e+02
   3852.0000000000   2.9707052663e+02   5.5377205964e+01   2.8757772972e+02
   3853.0000000000   2.9718859251e+02   5.5445576631e+01   2.8770160201e+02
   3854.0000000000   2.9730612830e+02   5.5521566285e+01   2.8781919253e+02
   3855.0000000000   2.9742318366e+02   5.5600371553e+01   2.8793517147e+02
   3856.0000000000   2.9753979791e+02   5.5672313243e+01   2.8805010083e+02
   3857.0000000000   2.9765600311e+02   5.5742342113e+01   2.8816423366e+02
   3858.0000000000   2.9778897725e+02   5.5811117611e+01   2.8827771594e+02
   3859.0000000000   2.9791154478e+02   5.5887958498e+01   2.8839064312e+02
   3860.0000000000   2.9803211927e+02   5.5958740289e+01   2.8850308271e+02
   3861.0000000000   2.9815151514e+02   5.6037008619e+01   2.8861508510e+02
   3862.0000000000   2.9827005627e+02   5.6108965000e+01   2.8873570671e+02
   3863.0000000000   2.9839649008e+02   5.6179246393e+01   2.8885067927e+02
   3864.0000000000   2.9851732355e+02   5.6266437849e+01   2.8896444160e+02
   3865.0000000000   2.9863682585e+02   5.6342190656e+01   2.8908645169e+02
   3866.0000000000   2.9875544806e+02   5.6424495733e+01   2.8920259058e+02
   3867.0000000000   2.9887338461e+02   5.6499990444e+01   2.8931737043e+02
   3868.0000000000   2.9899074633e+02   5.6573483979e+01   2.8943127360e+02
   3869.0000000000   2.9910760607e+02   5.6645616446e+01   2.8954450678e+02
   3870.0000000000   2.9922401595e+02   5.6716692210e+01   2.8965718633e+02
   3871.0000000000   2.9934859116e+02   5.6786894099e+01   2.8976938763e+02
   3872.0000000000   2.9946776380e+02   5.6856345605e+01   2.8988116388e+02
   3873.0000000000   2.9958575632e+02   5.6925136372e+01   2.8999255489e+02
   3874.0000000000   2.9970298863e+02   5.6993334763e+01   2.9010359172e+02
   3875.0000000000   2.9981963319e+02   5.7060994820e+01   2.9022331674e+02
   3876.0000000000   2.9993578479e+02   5.7128160454e+01   2.9034646841e+02
   3877.0000000000   3.0005150410e+02   5.7194868129e+01   2.9048121245e+02
   3878.0000000000   3.0016683384e+02   5.7261148658e+01   2.9061281439e+02
   3879.0000000000   3.0028180605e+02   5.7327028466e+01   2.9073639558e+02
   3880.0000000000   3.0040502154e+02   5.7392530490e+01   2.9086648198e+02
   3881.0000000000   3.0052290164e+02   5.7457674851e+01   2.9098966084e+02
   3882.0000000000   3.0064823608e+02   5.7522479359e+01   2.9111076503e+02
   3883.0000000000   3.0076783893e+02   5.7586959902e+01   2.9123947607e+02
   3884.0000000000   3.0088607421e+02   5.7651130756e+01   2.9136181682e+02
   3885.0000000000   3.0100343085e+02   5.7724022144e+01   2.9148239611e+02
   3886.0000000000   3.0112869574e+02   5.7791346241e+01   2.9160176567e+02
   3887.0000000000   3.0125696403e+02   5.7857526926e+01   2.9172018392e+02
   3888.0000000000   3.0137890991e+02   5.7922993221e+01   2.9183780699e+02
   3889.0000000000   3.0149918240e+02   5.7996933875e+01   2.9195474159e+02
   3890.0000000000   3.0162694983e+02   5.8074158299e+01   2.9207106610e+02
   3891.0000000000   3.0174887739e+02   5.8144837342e+01   2.9218684092e+02
   3892.0000000000   3.0188646412e+02   5.8222860149e+01   2.9230211420e+02
   3893.0000000000   3.0202158398e+02   5.8294537869e+01   2.9241692535e+02
   3894.0000000000   3.0214925512e+02   5.8364551922e+01   2.9253130726e+02
   3895.0000000000   3.0227460232e+02   5.8433472470e+01   2.9265430514e+02
   3896.0000000000   3.0239841986e+02   5.8510576029e+01   2.9277164345e+02
   3897.0000000000   3.0252108295e+02   5.8590731104e+01   2.9288775624e+02
   3898.0000000000   3.0264281222e+02   5.8673167902e+01   2.9300308105e+02
   3899.0000000000   3.0276375329e+02   5.8748489831e+01   2.9311779650e+02
   3900.0000000000   3.0288400963e+02   5.8821744561e+01   2.9323200036e+02
   3901.0000000000   3.0300365859e+02   5.8911672843e+01   2.9334575514e+02
   3902.0000000000   3.0312276023e+02   5.8990003824e+01   2.9345910484e+02
   3903.0000000000   3.0324136259e+02   5.9065756072e+01   2.9357208255e+02
   3904.0000000000   3.0335950496e+02   5.9139894927e+01   2.9368471434e+02
   3905.0000000000   3.0347722012e+02   5.9212835530e+01   2.9379702146e+02
   3906.0000000000   3.0359453585e+02   5.9284812249e+01   2.9390902172e+02
   3907.0000000000   3.0371147597e+02   5.9364994213e+01   2.9402073033e+02
   3908.0000000000   3.0382806120e+02   5.9439188782e+01   2.9413216052e+02
   3909.0000000000   3.0394430969e+02   5.9520906109e+01   2.9425234125e+02
   3910.0000000000   3.0406023751e+02   5.9614362310e+01   2.9437600067e+02
   3911.0000000000   3.0417585897e+02   5.9695583298e+01   2.9449326169e+02
   3912.0000000000   3.0429118692e+02   5.9773938438e+01   2.9460896511e+02
   3913.0000000000   3.0440623296e+02   5.9850511867e+01   2.9472370020e+02
   3914.0000000000   3.0452100762e+02   5.9925772624e+01   2.9483771964e+02
   3915.0000000000   3.0463552050e+02   6.0009001213e+01   2.9495116267e+02
   3916.0000000000   3.0474978041e+02   6.0086067123e+01   2.9506411699e+02
   3917.0000000000   3.0486379545e+02   6.0161501640e+01   2.9517664280e+02
   3918.0000000000   3.0497757309e+02   6.0235811415e+01   2.9528878399e+02
   3919.0000000000   3.0509969589e+02   6.0309226349e+01   2.9540057404e+02
   3920.0000000000   3.0521657117e+02   6.0381883560e+01   2.9551203938e+02
   3921.0000000000   3.0534097757e+02   6.0453876540e+01   2.9562320145e+02
   3922.0000000000   3.0545972026e+02   6.0534291572e+01   2.9573407809e+02
   3923.0000000000   3.0557715592e+02   6.0608882651e+01   2.9584468434e+02
   3924.0000000000   3.0569376734e+02   6.0682106045e+01   2.9595503317e+02
   3925.0000000000   3.0580976065e+02   6.0754416581e+01   2.9607415317e+02
   3926.0000000000   3.0592525008e+02   6.0835024018e+01   2.9618775471e+02
   3927.0000000000   3.0604888376e+02   6.0918755189e+01   2.9630025979e+02
   3928.0000000000   3.0616711264e+02   6.0995795593e+01   2.9642111284e+02
   3929.0000000000   3.0628417046e+02   6.1071029525e+01   2.9654520118e+02
   3930.0000000000   3.0640048400e+02   6.1145078420e+01   2.9666272819e+02
   3931.0000000000   3.0651622999e+02   6.1218219854e+01   2.9677858166e+02
   3932.0000000000   3.0664008143e+02   6.1290612949e+01   2.9689338087e+02
   3933.0000000000   3.0675850135e+02   6.1362361719e+01   2.9701641624e+02
   3934.0000000000   3.0688430588e+02   6.1433540005e+01   2.9713354195e+02
   3935.0000000000   3.0701290252e+02   6.1504203297e+01   2.9724926954e+02
   3936.0000000000   3.0713506872e+02   6.1574395063e+01   2.9736408648e+02
   3937.0000000000   3.0726407517e+02   6.1644150445e+01   2.9748722259e+02
   3938.0000000000   3.0739551519e+02   6.1713498561e+01   2.9760449995e+02
   3939.0000000000   3.0752026497e+02   6.1782464024e+01   2.9772041153e+02
   3940.0000000000   3.0764307973e+02   6.1851067977e+01   2.9783543340e+02
   3941.0000000000   3.0776461620e+02   6.1919328827e+01   2.9795878801e+02
   3942.0000000000   3.0788518085e+02   6.1987262781e+01   2.9808530991e+02
   3943.0000000000   3.0800495394e+02   6.2054884249e+01   2.9820518922e+02
   3944.0000000000   3.0812405493e+02   6.2122206149e+01   2.9832331283e+02
   3945.0000000000   3.0824256902e+02   6.2189240145e+01   2.9844030348e+02
   3946.0000000000   3.0836056016e+02   6.2255996836e+01   2.9855643915e+02
   3947.0000000000   3.0847807816e+02   6.2331503232e+01   2.9867187879e+02
   3948.0000000000   3.0859516297e+02   6.2401468676e+01   2.9879574314e+02
   3949.0000000000   3.0871184737e+02   6.2479331865e+01   2.9891380561e+02
   3950.0000000000   3.0882815873e+02   6.2551220046e+01   2.9903053381e+02
   3951.0000000000   3.0894412030e+02   6.2621715823e+01   2.9914638923e+02
   3952.0000000000   3.0905975206e+02   6.2700345580e+01   2.9926156812e+02
   3953.0000000000   3.0917507140e+02   6.2782045090e+01   2.9937618158e+02
   3954.0000000000   3.0929009358e+02   6.2857049255e+01   2.9949931970e+02
   3955.0000000000   3.0940483211e+02   6.2930267732e+01   2.9961673499e+02
   3956.0000000000   3.0952787470e+02   6.3002335743e+01   2.9973288010e+02
   3957.0000000000   3.0964563304e+02   6.3073538462e+01   2.9984820546e+02
   3958.0000000000   3.0977088958e+02   6.3153056392e+01   2.9996289888e+02
   3959.0000000000   3.0989045275e+02   6.3235713251e+01   3.0007706489e+02
   3960.0000000000   3.1000868210e+02   6.3311697119e+01   3.0019077103e+02
   3961.0000000000   3.1012606294e+02   6.3385895653e+01   3.0030406513e+02
   3962.0000000000   3.1025137922e+02   6.3458933175e+01   3.0041698320e+02
   3963.0000000000   3.1037114803e+02   6.3531089427e+01   3.0053857091e+02
   3964.0000000000   3.1048964058e+02   6.3602525033e+01   3.0066356909e+02
   3965.0000000000   3.1060730717e+02   6.3673344952e+01   3.0078211055e+02
   3966.0000000000   3.1072434031e+02   6.3752640861e+01   3.0090806130e+02
   3967.0000000000   3.1084084858e+02   6.3826168878e+01   3.0102771747e+02
   3968.0000000000   3.1095690243e+02   6.3898385567e+01   3.0114575021e+02
   3969.0000000000   3.1107255169e+02   6.3969745009e+01   3.0126272237e+02
   3970.0000000000   3.1118783369e+02   6.4040438296e+01   3.0137888777e+02
   3971.0000000000   3.1130277756e+02   6.4110572820e+01   3.0149439306e+02
   3972.0000000000   3.1141740681e+02   6.4180218622e+01   3.0160933434e+02
   3973.0000000000   3.1153174085e+02   6.4249425725e+01   3.0172377970e+02
   3974.0000000000   3.1164579604e+02   6.4318232076e+01   3.0183778002e+02
   3975.0000000000   3.1176816201e+02   6.4386667718e+01   3.0195137487e+02
   3976.0000000000   3.1189382743e+02   6.4454757202e+01   3.0206459598e+02
   3977.0000000000   3.1202197650e+02   6.4522521075e+01   3.0217746939e+02
   3978.0000000000   3.1214361524e+02   6.4589976869e+01   3.0229001692e+02
   3979.0000000000   3.1226350221e+02   6.4657139771e+01   3.0241127446e+02
   3980.0000000000   3.1239942857e+02   6.4724023106e+01   3.0252695847e+02
   3981.0000000000   3.1252448370e+02   6.4790638688e+01   3.0264149610e+02
   3982.0000000000   3.1264722480e+02   6.4856997086e+01   3.0275531889e+02
   3983.0000000000   3.1277712962e+02   6.4923107828e+01   3.0286860016e+02
   3984.0000000000   3.1290098068e+02   6.4988979564e+01   3.0298143303e+02
   3985.0000000000   3.1302318682e+02   6.5054620189e+01   3.0309387584e+02
   3986.0000000000   3.1314428167e+02   6.5120036948e+01   3.0320596886e+02
   3987.0000000000   3.1326451328e+02   6.5185236523e+01   3.0332675915e+02
   3988.0000000000   3.1338402961e+02   6.5250225099e+01   3.0345098754e+02
   3989.0000000000   3.1352008165e+02   6.5324025749e+01   3.0356878616e+02
   3990.0000000000   3.1364554350e+02   6.5392344281e+01   3.0368500268e+02
   3991.0000000000   3.1376886425e+02   6.5459598879e+01   3.0380023160e+02
   3992.0000000000   3.1389088471e+02   6.5526213445e+01   3.0391472971e+02
   3993.0000000000   3.1401194898e+02   6.5592354776e+01   3.0402863947e+02
   3994.0000000000   3.1413224467e+02   6.5658110315e+01   3.0414205117e+02
   3995.0000000000   3.1425189049e+02   6.5723533473e+01   3.0425502710e+02
   3996.0000000000   3.1437096882e+02   6.5788660209e+01   3.0436761286e+02
   3997.0000000000   3.1449811609e+02   6.5862533775e+01   3.0447984334e+02
   3998.0000000000   3.1461978014e+02   6.5930874284e+01   3.0459174612e+02
   3999.0000000000   3.1474019545e+02   6.6007127734e+01   3.0470334366e+02
   4000.0000000000   3.1485979140e+02   6.6077426387e+01   3.0482367189e+02
   4001.0000000000   3.1497874810e+02   6.6146356301e+01   3.0493844702e+02
   4002.0000000000   3.1509716658e+02   6.6214428901e+01   3.0505209575e+02
   4003.0000000000   3.1521511275e+02   6.6281863775e+01   3.0516504905e+02
   4004.0000000000   3.1533263368e+02   6.6348783232e+01   3.0528649695e+02
   4005.0000000000   3.1544976516e+02   6.6415265171e+01   3.0541124968e+02
   4006.0000000000   3.1556653557e+02   6.6481363553e+01   3.0552947855e+02
   4007.0000000000   3.1568296817e+02   6.6556135308e+01   3.0564605556e+02
   4008.0000000000   3.1579908244e+02   6.6625311233e+01   3.0577060873e+02
   4009.0000000000   3.1591489504e+02   6.6693328526e+01   3.0588910658e+02
   4010.0000000000   3.1603042046e+02   6.6760625920e+01   3.0600611298e+02
   4011.0000000000   3.1615424702e+02   6.6836399332e+01   3.0612214355e+02
   4012.0000000000   3.1627278690e+02   6.6915463521e+01   3.0623742771e+02
   4013.0000000000   3.1639024721e+02   6.6987993339e+01   3.0635209804e+02
   4014.0000000000   3.1650703575e+02   6.7058863608e+01   3.0646624186e+02
   4015.0000000000   3.1662331522e+02   6.7128687273e+01   3.0657992140e+02
   4016.0000000000   3.1673917240e+02   6.7197734251e+01   3.0669318345e+02
   4017.0000000000   3.1685466128e+02   6.7284191369e+01   3.0682409924e+02
   4018.0000000000   3.1696981894e+02   6.7359557211e+01   3.0695311641e+02
   4019.0000000000   3.1708467260e+02   6.7432726170e+01   3.0707478601e+02
   4020.0000000000   3.1719924328e+02   6.7504586817e+01   3.0719437995e+02
   4021.0000000000   3.1731354785e+02   6.7575502468e+01   3.0731265955e+02
   4022.0000000000   3.1742760019e+02   6.7645670287e+01   3.0743898604e+02
   4023.0000000000   3.1754141206e+02   6.7715214131e+01   3.0755925518e+02
   4024.0000000000   3.1765499356e+02   6.7784219177e+01   3.0767800563e+02
   4025.0000000000   3.1776835352e+02   6.7852747708e+01   3.0779574386e+02
   4026.0000000000   3.1788149976e+02   6.7920847339e+01   3.0791269646e+02
   4027.0000000000   3.1799443926e+02   6.7988555716e+01   3.0802899593e+02
   4028.0000000000   3.1810717833e+02   6.8055903392e+01   3.0814473069e+02
   4029.0000000000   3.1821972271e+02   6.8122915695e+01   3.0825996463e+02
   4030.0000000000   3.1833207764e+02   6.8189613990e+01   3.0838376369e+02
   4031.0000000000   3.1845282359e+02   6.8256016558e+01   3.0850186676e+02
   4032.0000000000   3.1856836593e+02   6.8322139240e+01   3.0861871826e+02
   4033.0000000000   3.1870005706e+02   6.8387995902e+01   3.0875279799e+02
   4034.0000000000   3.1882110131e+02   6.8453598798e+01   3.0887569120e+02
   4035.0000000000   3.1894005073e+02   6.8518958844e+01   3.0899632636e+02
   4036.0000000000   3.1905778526e+02   6.8584085830e+01   3.0911560773e+02
   4037.0000000000   3.1919181527e+02   6.8667023245e+01   3.0923390667e+02
   4038.0000000000   3.1931513461e+02   6.8748197337e+01   3.0935142489e+02
   4039.0000000000   3.1944483118e+02   6.8822142219e+01   3.0946828899e+02
   4040.0000000000   3.1956818274e+02   6.8894116175e+01   3.0958458601e+02
   4041.0000000000   3.1968975201e+02   6.8964869331e+01   3.0970037953e+02
   4042.0000000000   3.1981871425e+02   6.9034736325e+01   3.0981571820e+02
   4043.0000000000   3.1994175187e+02   6.9103904669e+01   3.0993064049e+02
   4044.0000000000   3.2007180429e+02   6.9181510549e+01   3.1004517769e+02
   4045.0000000000   3.2019578215e+02   6.9253336024e+01   3.1015935576e+02
   4046.0000000000   3.2031811636e+02   6.9323853559e+01   3.1028221401e+02
   4047.0000000000   3.2044792019e+02   6.9393527307e+01   3.1039947170e+02
   4048.0000000000   3.2057184257e+02   6.9462554866e+01   3.1052457571e+02
   4049.0000000000   3.2069422772e+02   6.9531047860e+01   3.1064366005e+02
   4050.0000000000   3.2081557324e+02   6.9608096397e+01   3.1076131298e+02
   4051.0000000000   3.2093610528e+02   6.9679452683e+01   3.1087804836e+02
   4052.0000000000   3.2105595769e+02   6.9749568885e+01   3.1100310558e+02
   4053.0000000000   3.2117522070e+02   6.9818894815e+01   3.1112230985e+02
   4054.0000000000   3.2129396006e+02   6.9887617628e+01   3.1124015464e+02
   4055.0000000000   3.2141222616e+02   6.9955841139e+01   3.1135711538e+02
   4056.0000000000   3.2153005908e+02   7.0023632172e+01   3.1147339622e+02
   4057.0000000000   3.2165606719e+02   7.0091037850e+01   3.1158911285e+02
   4058.0000000000   3.2178525434e+02   7.0158093504e+01   3.1170434069e+02
   4059.0000000000   3.2190824160e+02   7.0224826810e+01   3.1181913332e+02
   4060.0000000000   3.2202964463e+02   7.0300277487e+01   3.1193353107e+02
   4061.0000000000   3.2215003391e+02   7.0379181892e+01   3.1204756554e+02
   4062.0000000000   3.2226965834e+02   7.0451669374e+01   3.1216126232e+02
   4063.0000000000   3.2238865776e+02   7.0522585833e+01   3.1227464260e+02
   4064.0000000000   3.2251569762e+02   7.0592524640e+01   3.1238772428e+02
   4065.0000000000   3.2263724167e+02   7.0661741839e+01   3.1250052275e+02
   4066.0000000000   3.2276610922e+02   7.0730379428e+01   3.1262206871e+02
   4067.0000000000   3.2288913601e+02   7.0798527410e+01   3.1273807439e+02
   4068.0000000000   3.2302785374e+02   7.0884282556e+01   3.1285296339e+02
   4069.0000000000   3.2315556590e+02   7.0959091275e+01   3.1297618163e+02
   4070.0000000000   3.2328088801e+02   7.1031814749e+01   3.1309360037e+02
   4071.0000000000   3.2340474437e+02   7.1103318976e+01   3.1320972372e+02
   4072.0000000000   3.2352752701e+02   7.1173951153e+01   3.1332502737e+02
   4073.0000000000   3.2364945347e+02   7.1252913822e+01   3.1343971234e+02
   4074.0000000000   3.2377923799e+02   7.1326022173e+01   3.1355389024e+02
   4075.0000000000   3.2390337766e+02   7.1397767417e+01   3.1366763230e+02
   4076.0000000000   3.2402614024e+02   7.1477642671e+01   3.1378098818e+02
   4077.0000000000   3.2414797877e+02   7.1551553753e+01   3.1389399457e+02
   4078.0000000000   3.2426909077e+02   7.1624030952e+01   3.1400667981e+02
   4079.0000000000   3.2438959053e+02   7.1695570323e+01   3.1412808387e+02
   4080.0000000000   3.2450955425e+02   7.1766389132e+01   3.1425294309e+02
   4081.0000000000   3.2462903723e+02   7.1845629460e+01   3.1438040393e+02
   4082.0000000000   3.2474808187e+02   7.1928091189e+01   3.1450101247e+02
   4083.0000000000   3.2486672202e+02   7.2003946632e+01   3.1461977490e+02
   4084.0000000000   3.2499356108e+02   7.2078072512e+01   3.1473736609e+02
   4085.0000000000   3.2511502324e+02   7.2151085279e+01   3.1486310736e+02
   4086.0000000000   3.2523532542e+02   7.2223258839e+01   3.1498287203e+02
   4087.0000000000   3.2536345917e+02   7.2294749369e+01   3.1510118451e+02
   4088.0000000000   3.2549457054e+02   7.2365658372e+01   3.1521854137e+02
   4089.0000000000   3.2561935001e+02   7.2436057456e+01   3.1534417919e+02
   4090.0000000000   3.2575102788e+02   7.2524034720e+01   3.1546392526e+02
   4091.0000000000   3.2587659953e+02   7.2601032639e+01   3.1558227668e+02
   4092.0000000000   3.2600052662e+02   7.2675910917e+01   3.1569971280e+02
   4093.0000000000   3.2612335841e+02   7.2758552716e+01   3.1581644151e+02
   4094.0000000000   3.2625392248e+02   7.2835006253e+01   3.1593258188e+02
   4095.0000000000   3.2637876741e+02   7.2909870871e+01   3.1604821232e+02
   4096.0000000000   3.2650218815e+02   7.2983681665e+01   3.1617240637e+02
   4097.0000000000   3.2662465348e+02   7.3056680298e+01   3.1629090707e+02
   4098.0000000000   3.2675494629e+02   7.3129007905e+01   3.1641717852e+02
   4099.0000000000   3.2687958807e+02   7.3200758208e+01   3.1653736767e+02
   4100.0000000000   3.2700285623e+02   7.3271998499e+01   3.1665607275e+02
   4101.0000000000   3.2713378329e+02   7.3342779720e+01   3.1677381548e+02
   4102.0000000000   3.2725896901e+02   7.3413141947e+01   3.1689082421e+02
   4103.0000000000   3.2739130053e+02   7.3483117634e+01   3.1701624617e+02
   4104.0000000000   3.2751765329e+02   7.3552733675e+01   3.1713586631e+02
   4105.0000000000   3.2764243345e+02   7.3622012771e+01   3.1725415758e+02
   4106.0000000000   3.2776616067e+02   7.3690974379e+01   3.1737158393e+02
   4107.0000000000   3.2788906959e+02   7.3759635388e+01   3.1749735997e+02
   4108.0000000000   3.2801129721e+02   7.3837027941e+01   3.1761729755e+02
   4109.0000000000   3.2813293459e+02   7.3908865615e+01   3.1773588252e+02
   4110.0000000000   3.2825404726e+02   7.3979573301e+01   3.1785358586e+02
   4111.0000000000   3.2837468497e+02   7.4049580740e+01   3.1797060904e+02
   4112.0000000000   3.2849488698e+02   7.4119059844e+01   3.1809608347e+02
   4113.0000000000   3.2861468520e+02   7.4197119895e+01   3.1821578408e+02
   4114.0000000000   3.2873410616e+02   7.4269518752e+01   3.1833417712e+02
   4115.0000000000   3.2885317235e+02   7.4349726435e+01   3.1845172184e+02
   4116.0000000000   3.2897190310e+02   7.4423891713e+01   3.1856861212e+02
   4117.0000000000   3.2909031524e+02   7.4496612660e+01   3.1868495685e+02
   4118.0000000000   3.2920842358e+02   7.4568409847e+01   3.1880984408e+02
   4119.0000000000   3.2932624129e+02   7.4648527398e+01   3.1892902454e+02
   4120.0000000000   3.2944378015e+02   7.4722793916e+01   3.1904694932e+02
   4121.0000000000   3.2956105080e+02   7.4795705319e+01   3.1916406746e+02
   4122.0000000000   3.2967806286e+02   7.4867738859e+01   3.1928056557e+02
   4123.0000000000   3.2979482515e+02   7.4939100032e+01   3.1939654713e+02
   4124.0000000000   3.2991134571e+02   7.5018922834e+01   3.1952109606e+02
   4125.0000000000   3.3002763198e+02   7.5092983892e+01   3.1963995981e+02
   4126.0000000000   3.3014369080e+02   7.5165750514e+01   3.1975758685e+02
   4127.0000000000   3.3025952855e+02   7.5237682629e+01   3.1988344140e+02
   4128.0000000000   3.3037515115e+02   7.5308974525e+01   3.2000340876e+02
   4129.0000000000   3.3049056412e+02   7.5379735270e+01   3.2012200405e+02
   4130.0000000000   3.3060577265e+02   7.5450035680e+01   3.2023971181e+02
   4131.0000000000   3.3072078160e+02   7.5519926000e+01   3.2035674032e+02
   4132.0000000000   3.3083559553e+02   7.5589444061e+01   3.2049124186e+02
   4133.0000000000   3.3095021876e+02   7.5658619575e+01   3.2061469366e+02
   4134.0000000000   3.3107323098e+02   7.5727476629e+01   3.2074499337e+02
   4135.0000000000   3.3119961257e+02   7.5796035231e+01   3.2086872027e+02
   4136.0000000000   3.3132854069e+02   7.5873329650e+01   3.2099064386e+02
   4137.0000000000   3.3145959099e+02   7.5945074916e+01   3.2111137538e+02
   4138.0000000000   3.3158391775e+02   7.6015696908e+01   3.2124021453e+02
   4139.0000000000   3.3170635340e+02   7.6094643355e+01   3.2136302727e+02
   4140.0000000000   3.3182758026e+02   7.6167787045e+01   3.2148433622e+02
   4141.0000000000   3.3195648815e+02   7.6239633363e+01   3.2160463867e+02
   4142.0000000000   3.3207965889e+02   7.6310659055e+01   3.2172415560e+02
   4143.0000000000   3.3220140660e+02   7.6381066067e+01   3.2185203337e+02
   4144.0000000000   3.3232221161e+02   7.6450966773e+01   3.2197405863e+02
   4145.0000000000   3.3245086398e+02   7.6520433105e+01   3.2209470702e+02
   4146.0000000000   3.3257388965e+02   7.6589515288e+01   3.2221444543e+02
   4147.0000000000   3.3269556877e+02   7.6667267861e+01   3.2233347410e+02
   4148.0000000000   3.3281635985e+02   7.6757454723e+01   3.2245190720e+02
   4149.0000000000   3.3293646263e+02   7.6835912980e+01   3.2256981998e+02
   4150.0000000000   3.3305599194e+02   7.6911907085e+01   3.2268726656e+02
   4151.0000000000   3.3317502368e+02   7.6986453667e+01   3.2281330552e+02
   4152.0000000000   3.3329361234e+02   7.7059974276e+01   3.2293367005e+02
   4153.0000000000   3.3342037493e+02   7.7141713958e+01   3.2305280011e+02
   4154.0000000000   3.3354174497e+02   7.7217514588e+01   3.2317113732e+02
   4155.0000000000   3.3366194603e+02   7.7291885262e+01   3.2329788052e+02
   4156.0000000000   3.3378139883e+02   7.7365314363e+01   3.2341882998e+02
   4157.0000000000   3.3390027649e+02   7.7438016469e+01   3.2353846286e+02
   4158.0000000000   3.3402724989e+02   7.7510115641e+01   3.2366626074e+02
   4159.0000000000   3.3415735656e+02   7.7581694103e+01   3.2378812030e+02
   4160.0000000000   3.3428123733e+02   7.7652810986e+01   3.2390856461e+02
   4161.0000000000   3.3440352004e+02   7.7723511185e+01   3.2402808396e+02
   4162.0000000000   3.3452478304e+02   7.7793830119e+01   3.2414689105e+02
   4163.0000000000   3.3464528041e+02   7.7863796558e+01   3.2426510692e+02
   4164.0000000000   3.3477373108e+02   7.7933434399e+01   3.2438281067e+02
   4165.0000000000   3.3490520372e+02   7.8002763853e+01   3.2450005853e+02
   4166.0000000000   3.3503036066e+02   7.8071802269e+01   3.2461689284e+02
   4167.0000000000   3.3515384528e+02   7.8140564727e+01   3.2474236411e+02
   4168.0000000000   3.3527624754e+02   7.8209064472e+01   3.2486219966e+02
   4169.0000000000   3.3539783047e+02   7.8277313244e+01   3.2498083492e+02
   4170.0000000000   3.3552732005e+02   7.8354338858e+01   3.2511674258e+02
   4171.0000000000   3.3565121499e+02   7.8434868524e+01   3.2524150206e+02
   4172.0000000000   3.3577378134e+02   7.8518041731e+01   3.2536403706e+02
   4173.0000000000   3.3589546933e+02   7.8594399074e+01   3.2548524784e+02
   4174.0000000000   3.3601647345e+02   7.8668942411e+01   3.2560550238e+02
   4175.0000000000   3.3613690507e+02   7.8742343129e+01   3.2572499948e+02
   4176.0000000000   3.3626541326e+02   7.8814902379e+01   3.2584386328e+02
   4177.0000000000   3.3638845172e+02   7.8886790724e+01   3.2596217864e+02
   4178.0000000000   3.3651025760e+02   7.8967134770e+01   3.2608000729e+02
   4179.0000000000   3.3663126137e+02   7.9041710727e+01   3.2619739621e+02
   4180.0000000000   3.3675164339e+02   7.9114987285e+01   3.2631438242e+02
   4181.0000000000   3.3687150449e+02   7.9187426051e+01   3.2643099593e+02
   4182.0000000000   3.3699091013e+02   7.9268240179e+01   3.2654726155e+02
   4183.0000000000   3.3710990684e+02   7.9343240473e+01   3.2666320024e+02
   4184.0000000000   3.3723710541e+02   7.9416911964e+01   3.2678784723e+02
   4185.0000000000   3.3736751011e+02   7.9489724923e+01   3.2690691851e+02
   4186.0000000000   3.3749174142e+02   7.9561880206e+01   3.2702484089e+02
   4187.0000000000   3.3761441389e+02   7.9633491309e+01   3.2714204562e+02
   4188.0000000000   3.3773609668e+02   7.9704632181e+01   3.2725870584e+02
   4189.0000000000   3.3785703731e+02   7.9775355368e+01   3.2737491449e+02
   4190.0000000000   3.3797737420e+02   7.9845700435e+01   3.2749072981e+02
   4191.0000000000   3.3810577146e+02   7.9915698437e+01   3.2761520933e+02
   4192.0000000000   3.3822869156e+02   7.9985374519e+01   3.2773408316e+02
   4193.0000000000   3.3835037698e+02   8.0054749536e+01   3.2785178750e+02
   4194.0000000000   3.3847126144e+02   8.0123841120e+01   3.2796876002e+02
   4195.0000000000   3.3859152734e+02   8.0192664414e+01   3.2808517840e+02
   4196.0000000000   3.3871127678e+02   8.0261232595e+01   3.2821015616e+02
   4197.0000000000   3.3883057596e+02   8.0329557252e+01   3.2832945438e+02
   4198.0000000000   3.3894947183e+02   8.0397648680e+01   3.2844752816e+02
   4199.0000000000   3.3906799977e+02   8.0465516093e+01   3.2856482773e+02
   4200.0000000000   3.3918618757e+02   8.0533167799e+01   3.2868153944e+02
   4201.0000000000   3.3930405782e+02   8.0600611337e+01   3.2879776583e+02
   4202.0000000000   3.3943020491e+02   8.0667853585e+01   3.2891357221e+02
   4203.0000000000   3.3955104567e+02   8.0752935500e+01   3.2902900419e+02
   4204.0000000000   3.3967079084e+02   8.0827263788e+01   3.2914409563e+02
   4205.0000000000   3.3980700233e+02   8.0899670160e+01   3.2925887280e+02
   4206.0000000000   3.3994122256e+02   8.0970998004e+01   3.2937335680e+02
   4207.0000000000   3.4006833505e+02   8.1041576709e+01   3.2948756503e+02
   4208.0000000000   3.4021054093e+02   8.1120594488e+01   3.2961954677e+02
   4209.0000000000   3.4034138781e+02   8.1193854792e+01   3.2974973277e+02
   4210.0000000000   3.4046961078e+02   8.1265839073e+01   3.2987266070e+02
   4211.0000000000   3.4059620238e+02   8.1346032225e+01   3.2999359172e+02
   4212.0000000000   3.4072159740e+02   8.1420333064e+01   3.3013131289e+02
   4213.0000000000   3.4084604199e+02   8.1493265852e+01   3.3025756166e+02
   4214.0000000000   3.4097827048e+02   8.1574338743e+01   3.3038135345e+02
   4215.0000000000   3.4110479451e+02   8.1649464881e+01   3.3050364683e+02
   4216.0000000000   3.4122989280e+02   8.1723178169e+01   3.3064288393e+02
   4217.0000000000   3.4135402671e+02   8.1795976349e+01   3.3077069241e+02
   4218.0000000000   3.4147740032e+02   8.1868077313e+01   3.3089604332e+02
   4219.0000000000   3.4160013309e+02   8.1939605848e+01   3.3101987543e+02
   4220.0000000000   3.4172230540e+02   8.2010643739e+01   3.3114258723e+02
   4221.0000000000   3.4184397593e+02   8.2090266490e+01   3.3126440169e+02
   4222.0000000000   3.4197376553e+02   8.2164218275e+01   3.3138546236e+02
   4223.0000000000   3.4209811123e+02   8.2236946458e+01   3.3150586982e+02
   4224.0000000000   3.4222981540e+02   8.2326932437e+01   3.3162569872e+02
   4225.0000000000   3.4236427817e+02   8.2405762209e+01   3.3175402413e+02
   4226.0000000000   3.4250084878e+02   8.2491381817e+01   3.3187659251e+02
   4227.0000000000   3.4263062144e+02   8.2579413212e+01   3.3199785466e+02
   4228.0000000000   3.4275840942e+02   8.2669358423e+01   3.3211826112e+02
   4229.0000000000   3.4289346559e+02   8.2751951548e+01   3.3223800080e+02
   4230.0000000000   3.4302250550e+02   8.2832313463e+01   3.3236619708e+02
   4231.0000000000   3.4314991000e+02   8.2911195490e+01   3.3250665430e+02
   4232.0000000000   3.4327619877e+02   8.2988955785e+01   3.3263523607e+02
   4233.0000000000   3.4340161217e+02   8.3065807388e+01   3.3276122567e+02
   4234.0000000000   3.4353486932e+02   8.3141892300e+01   3.3288565381e+02
   4235.0000000000   3.4367104382e+02   8.3217312156e+01   3.3301797039e+02
   4236.0000000000   3.4380080430e+02   8.3292143379e+01   3.3315312983e+02
   4237.0000000000   3.4392880065e+02   8.3366445557e+01   3.3328139454e+02
   4238.0000000000   3.4405562902e+02   8.3440266481e+01   3.3340769904e+02
   4239.0000000000   3.4418155817e+02   8.3513645339e+01   3.3353269945e+02
   4240.0000000000   3.4431531927e+02   8.3586614863e+01   3.3365669827e+02
   4241.0000000000   3.4444341577e+02   8.3659202810e+01   3.3377987311e+02
   4242.0000000000   3.4457011798e+02   8.3731433020e+01   3.3390234204e+02
   4243.0000000000   3.4470445562e+02   8.3803326202e+01   3.3403320714e+02
   4244.0000000000   3.4483302759e+02   8.3874900512e+01   3.3415823296e+02
   4245.0000000000   3.4496014540e+02   8.3946172008e+01   3.3429090035e+02
   4246.0000000000   3.4508628409e+02   8.4017154993e+01   3.3441736968e+02
   4247.0000000000   3.4521165355e+02   8.4087862296e+01   3.3454225016e+02
   4248.0000000000   3.4535352680e+02   8.4158305489e+01   3.3466607265e+02
   4249.0000000000   3.4548478671e+02   8.4228495066e+01   3.3478907324e+02
   4250.0000000000   3.4561388591e+02   8.4298440590e+01   3.3491138846e+02
   4251.0000000000   3.4574166658e+02   8.4368150816e+01   3.3503310858e+02
   4252.0000000000   3.4586847323e+02   8.4437633788e+01   3.3515429838e+02
   4253.0000000000   3.4599449347e+02   8.4506896926e+01   3.3527500705e+02
   4254.0000000000   3.4612842151e+02   8.4575947098e+01   3.3539527344e+02
   4255.0000000000   3.4625674043e+02   8.4644790679e+01   3.3551512922e+02
   4256.0000000000   3.4638370792e+02   8.4713433606e+01   3.3563460075e+02
   4257.0000000000   3.4651834513e+02   8.4781881420e+01   3.3575371046e+02
   4258.0000000000   3.4664724483e+02   8.4859156634e+01   3.3587247766e+02
   4259.0000000000   3.4677471394e+02   8.4939981888e+01   3.3599091924e+02
   4260.0000000000   3.4690122394e+02   8.5014475375e+01   3.3611806742e+02
   4261.0000000000   3.4702698186e+02   8.5087473776e+01   3.3623963593e+02
   4262.0000000000   3.4716925844e+02   8.5159562732e+01   3.3636906717e+02
   4263.0000000000   3.4730093462e+02   8.5230991741e+01   3.3649249157e+02
   4264.0000000000   3.4743046145e+02   8.5301897191e+01   3.3661449445e+02
   4265.0000000000   3.4755867974e+02   8.5372364241e+01   3.3673558726e+02
   4266.0000000000   3.4768593286e+02   8.5451468123e+01   3.3685599005e+02
   4267.0000000000   3.4781240741e+02   8.5524951100e+01   3.3697582592e+02
   4268.0000000000   3.4793822111e+02   8.5597257931e+01   3.3709517374e+02
   4269.0000000000   3.4806345539e+02   8.5668832524e+01   3.3722310590e+02
   4270.0000000000   3.4818817028e+02   8.5739857131e+01   3.3737241560e+02
   4271.0000000000   3.4832098768e+02   8.5810431394e+01   3.3750464889e+02
   4272.0000000000   3.4844834540e+02   8.5889635839e+01   3.3763348972e+02
   4273.0000000000   3.4857447072e+02   8.5963214856e+01   3.3776037881e+02
   4274.0000000000   3.4869978764e+02   8.6044631454e+01   3.3788590393e+02
   4275.0000000000   3.4883304781e+02   8.6120030443e+01   3.3801037925e+02
   4276.0000000000   3.4896074995e+02   8.6194007501e+01   3.3813399828e+02
   4277.0000000000   3.4908715444e+02   8.6267081652e+01   3.3825689141e+02
   4278.0000000000   3.4922128065e+02   8.6339478622e+01   3.3837915212e+02
   4279.0000000000   3.4935829366e+02   8.6411325772e+01   3.3850085060e+02
   4280.0000000000   3.4948889759e+02   8.6482705221e+01   3.3862204141e+02
   4281.0000000000   3.4962633296e+02   8.6553674500e+01   3.3874276818e+02
   4282.0000000000   3.4975760298e+02   8.6624276266e+01   3.3886306660e+02
   4283.0000000000   3.4988717550e+02   8.6694543499e+01   3.3898296642e+02
   4284.0000000000   3.5001560477e+02   8.6773519839e+01   3.3910249281e+02
   4285.0000000000   3.5015172247e+02   8.6846927270e+01   3.3923068470e+02
   4286.0000000000   3.5028208058e+02   8.6919196943e+01   3.3936227864e+02
   4287.0000000000   3.5041955258e+02   8.6990763326e+01   3.3948740467e+02
   4288.0000000000   3.5055101060e+02   8.7070819268e+01   3.3961090974e+02
   4289.0000000000   3.5068086104e+02   8.7145159951e+01   3.3973338837e+02
   4290.0000000000   3.5080962502e+02   8.7218258104e+01   3.3985509787e+02
   4291.0000000000   3.5093753903e+02   8.7290574125e+01   3.3997618150e+02
   4292.0000000000   3.5106474195e+02   8.7362300800e+01   3.4009673051e+02
   4293.0000000000   3.5119132658e+02   8.7433544945e+01   3.4022582559e+02
   4294.0000000000   3.5131736007e+02   8.7504374899e+01   3.4034921385e+02
   4295.0000000000   3.5145146923e+02   8.7574838445e+01   3.4047134447e+02
   4296.0000000000   3.5158009551e+02   8.7644971065e+01   3.4059266530e+02
   4297.0000000000   3.5170746899e+02   8.7723817605e+01   3.4071336221e+02
   4298.0000000000   3.5183401593e+02   8.7806117902e+01   3.4083353812e+02
   4299.0000000000   3.5195991417e+02   8.7882003719e+01   3.4095325925e+02
   4300.0000000000   3.5208526309e+02   8.7965339987e+01   3.4107257228e+02
   4301.0000000000   3.5221012734e+02   8.8042421737e+01   3.4119151226e+02
   4302.0000000000   3.5233455311e+02   8.8126936379e+01   3.4131010669e+02
   4303.0000000000   3.5245857551e+02   8.8205146177e+01   3.4142837788e+02
   4304.0000000000   3.5258222242e+02   8.8281717117e+01   3.4154634438e+02
   4305.0000000000   3.5270551672e+02   8.8366231423e+01   3.4166402193e+02
   4306.0000000000   3.5282847765e+02   8.8444647098e+01   3.4178142413e+02
   4307.0000000000   3.5295969734e+02   8.8521527788e+01   3.4190758019e+02
   4308.0000000000   3.5308559105e+02   8.8597392215e+01   3.4203721839e+02
   4309.0000000000   3.5321894407e+02   8.8672473761e+01   3.4216046175e+02
   4310.0000000000   3.5334656724e+02   8.8755926376e+01   3.4228215109e+02
   4311.0000000000   3.5347282211e+02   8.8842558930e+01   3.4241189296e+02
   4312.0000000000   3.5360677138e+02   8.8922550705e+01   3.4253564046e+02
   4313.0000000000   3.5373502575e+02   8.9000783926e+01   3.4265794592e+02
   4314.0000000000   3.5386189976e+02   8.9077879465e+01   3.4277931616e+02
   4315.0000000000   3.5398786748e+02   8.9154114824e+01   3.4289997364e+02
   4316.0000000000   3.5411313603e+02   8.9238666473e+01   3.4302004541e+02
   4317.0000000000   3.5424639930e+02   8.9317338833e+01   3.4313961431e+02
   4318.0000000000   3.5437413550e+02   8.9394618759e+01   3.4325873887e+02
   4319.0000000000   3.5450059649e+02   8.9489015312e+01   3.4337746281e+02
   4320.0000000000   3.5462622216e+02   8.9572134843e+01   3.4350483746e+02
   4321.0000000000   3.5475119917e+02   8.9652921621e+01   3.4362659050e+02
   4322.0000000000   3.5487563273e+02   8.9741309399e+01   3.4374715750e+02
   4323.0000000000   3.5499959138e+02   8.9832396920e+01   3.4388501106e+02
   4324.0000000000   3.5512312390e+02   8.9925524537e+01   3.4401173042e+02
   4325.0000000000   3.5524626712e+02   9.0011358013e+01   3.4413623899e+02
   4326.0000000000   3.5536905004e+02   9.0104001664e+01   3.4425943670e+02
   4327.0000000000   3.5549149622e+02   9.0189888792e+01   3.4438169114e+02
   4328.0000000000   3.5561362527e+02   9.0273780052e+01   3.4450320074e+02
   4329.0000000000   3.5573545384e+02   9.0356301306e+01   3.4462408922e+02
   4330.0000000000   3.5585699630e+02   9.0446770385e+01   3.4474444104e+02
   4331.0000000000   3.5597826519e+02   9.0540087643e+01   3.4488235216e+02
   4332.0000000000   3.5610784722e+02   9.0635508559e+01   3.4500927007e+02
   4333.0000000000   3.5623215316e+02   9.0732674373e+01   3.4514307506e+02
   4334.0000000000   3.5635538889e+02   9.0822350150e+01   3.4527033560e+02
   4335.0000000000   3.5647796113e+02   9.0909669373e+01   3.4539581407e+02
   4336.0000000000   3.5660860726e+02   9.0995391558e+01   3.4552011679e+02
   4337.0000000000   3.5673381406e+02   9.1079881659e+01   3.4565253997e+02
   4338.0000000000   3.5685783177e+02   9.1163358855e+01   3.4577894702e+02
   4339.0000000000   3.5698967105e+02   9.1245970833e+01   3.4590385865e+02
   4340.0000000000   3.5711591380e+02   9.1327824516e+01   3.4602777065e+02
   4341.0000000000   3.5724085667e+02   9.1409001237e+01   3.4615090287e+02
   4342.0000000000   3.5736496169e+02   9.1489565147e+01   3.4627338338e+02
   4343.0000000000   3.5748842736e+02   9.1569568261e+01   3.4639529766e+02
   4344.0000000000   3.5761994110e+02   9.1649053689e+01   3.4652572486e+02
   4345.0000000000   3.5774597605e+02   9.1728057793e+01   3.4665041263e+02
   4346.0000000000   3.5787078001e+02   9.1806611702e+01   3.4677381154e+02
   4347.0000000000   3.5799478952e+02   9.1884742387e+01   3.4689637134e+02
   4348.0000000000   3.5812676403e+02   9.1962473465e+01   3.4701827985e+02
   4349.0000000000   3.5825320720e+02   9.2039825804e+01   3.4714865927e+02
   4350.0000000000   3.5837838246e+02   9.2116817988e+01   3.4727327815e+02
   4351.0000000000   3.5851131103e+02   9.2193466680e+01   3.4739659811e+02
   4352.0000000000   3.5863858340e+02   9.2269786914e+01   3.4751907502e+02
   4353.0000000000   3.5876450326e+02   9.2345792328e+01   3.4764090027e+02
   4354.0000000000   3.5890668983e+02   9.2421495354e+01   3.4777119812e+02
   4355.0000000000   3.5903814833e+02   9.2496907376e+01   3.4789573830e+02
   4356.0000000000   3.5916738879e+02   9.2572038858e+01   3.4801898313e+02
   4357.0000000000   3.5929528442e+02   9.2646899458e+01   3.4814138881e+02
   4358.0000000000   3.5942219803e+02   9.2721498116e+01   3.4826314689e+02
   4359.0000000000   3.5954832859e+02   9.2795843134e+01   3.4838436432e+02
   4360.0000000000   3.5967380200e+02   9.2869942244e+01   3.4850511033e+02
   4361.0000000000   3.5979870525e+02   9.2952819992e+01   3.4862543394e+02
   4362.0000000000   3.5992310219e+02   9.3030183585e+01   3.4874537204e+02
   4363.0000000000   3.6004704175e+02   9.3106452535e+01   3.4886495364e+02
   4364.0000000000   3.6017056270e+02   9.3182052003e+01   3.4898420226e+02
   4365.0000000000   3.6029369657e+02   9.3266167306e+01   3.4910313751e+02
   4366.0000000000   3.6041646952e+02   9.3344587467e+01   3.4922177601e+02
   4367.0000000000   3.6053890368e+02   9.3421780140e+01   3.4934013212e+02
   4368.0000000000   3.6066101799e+02   9.3498201503e+01   3.4945821838e+02
   4369.0000000000   3.6079140452e+02   9.3583058147e+01   3.4957604590e+02
   4370.0000000000   3.6091647855e+02   9.3662154372e+01   3.4970264188e+02
   4371.0000000000   3.6104044984e+02   9.3739969195e+01   3.4983273301e+02
   4372.0000000000   3.6117230405e+02   9.3816967483e+01   3.4995644099e+02
   4373.0000000000   3.6129860668e+02   9.3893345297e+01   3.5007860552e+02
   4374.0000000000   3.6142364317e+02   9.3978229233e+01   3.5019981494e+02
   4375.0000000000   3.6154786760e+02   9.4066407294e+01   3.5032032109e+02
   4376.0000000000   3.6167147272e+02   9.4148042367e+01   3.5044026247e+02
   4377.0000000000   3.6179456604e+02   9.4228003497e+01   3.5055972611e+02
   4378.0000000000   3.6191721658e+02   9.4306900760e+01   3.5067877159e+02
   4379.0000000000   3.6205662396e+02   9.4385002687e+01   3.5079744225e+02
   4380.0000000000   3.6218562588e+02   9.4462460867e+01   3.5091577106e+02
   4381.0000000000   3.6231264426e+02   9.4539372847e+01   3.5103378397e+02
   4382.0000000000   3.6243849883e+02   9.4615806794e+01   3.5116051933e+02
   4383.0000000000   3.6256351689e+02   9.4700830469e+01   3.5129071231e+02
   4384.0000000000   3.6269644797e+02   9.4789200565e+01   3.5141449124e+02
   4385.0000000000   3.6282380035e+02   9.4871061709e+01   3.5153670108e+02
   4386.0000000000   3.6295841948e+02   9.4951271613e+01   3.5165793434e+02
   4387.0000000000   3.6309573324e+02   9.5030432993e+01   3.5178746361e+02
   4388.0000000000   3.6322653395e+02   9.5108809437e+01   3.5192014795e+02
   4389.0000000000   3.6336410353e+02   9.5186549128e+01   3.5204619031e+02
   4390.0000000000   3.6350404408e+02   9.5263747218e+01   3.5217048459e+02
   4391.0000000000   3.6363723881e+02   9.5340470170e+01   3.5229365731e+02
   4392.0000000000   3.6376844867e+02   9.5416767190e+01   3.5241598843e+02
   4393.0000000000   3.6389833516e+02   9.5492676304e+01   3.5253763783e+02
   4394.0000000000   3.6402720871e+02   9.5577245196e+01   3.5265870921e+02
   4395.0000000000   3.6415525303e+02   9.5656199183e+01   3.5277927546e+02
   4396.0000000000   3.6428259051e+02   9.5733972234e+01   3.5289939068e+02
   4397.0000000000   3.6440930889e+02   9.5820018565e+01   3.5302811406e+02
   4398.0000000000   3.6453547437e+02   9.5900216264e+01   3.5315117938e+02
   4399.0000000000   3.6466113874e+02   9.5988092431e+01   3.5329106173e+02
   4400.0000000000   3.6478634372e+02   9.6069827944e+01   3.5341960393e+02
   4401.0000000000   3.6491112363e+02   9.6150041051e+01   3.5354581395e+02
   4402.0000000000   3.6503550729e+02   9.6229266006e+01   3.5367063001e+02
   4403.0000000000   3.6515951920e+02   9.6307739439e+01   3.5379444069e+02
   4404.0000000000   3.6528318051e+02   9.6385596875e+01   3.5391745743e+02
   4405.0000000000   3.6540650965e+02   9.6462926777e+01   3.5403981273e+02
   4406.0000000000   3.6552952286e+02   9.6539791753e+01   3.5416159735e+02
   4407.0000000000   3.6565223452e+02   9.6616238627e+01   3.5428287738e+02
   4408.0000000000   3.6577465751e+02   9.6692303867e+01   3.5440370312e+02
   4409.0000000000   3.6590537905e+02   9.6768016763e+01   3.5453313149e+02
   4410.0000000000   3.6603081049e+02   9.6843401417e+01   3.5465689502e+02
   4411.0000000000   3.6615515838e+02   9.6927495384e+01   3.5477943337e+02
   4412.0000000000   3.6627883011e+02   9.7006016373e+01   3.5490118805e+02
   4413.0000000000   3.6640198810e+02   9.7083392475e+01   3.5502234052e+02
   4414.0000000000   3.6653329454e+02   9.7160055948e+01   3.5514299053e+02
   4415.0000000000   3.6666777984e+02   9.7236180700e+01   3.5526320200e+02
   4416.0000000000   3.6679607885e+02   9.7311860289e+01   3.5539203723e+02
   4417.0000000000   3.6692281443e+02   9.7396170742e+01   3.5551523040e+02
   4418.0000000000   3.6704856067e+02   9.7474853089e+01   3.5563722118e+02
   4419.0000000000   3.6717356804e+02   9.7552350481e+01   3.5576746757e+02
   4420.0000000000   3.6729797673e+02   9.7629105360e+01   3.5589185030e+02
   4421.0000000000   3.6742187619e+02   9.7705298783e+01   3.5601488105e+02
   4422.0000000000   3.6755390415e+02   9.7781029470e+01   3.5613704164e+02
   4423.0000000000   3.6768050717e+02   9.7856359945e+01   3.5625853817e+02
   4424.0000000000   3.6780591731e+02   9.7931333671e+01   3.5637948651e+02
   4425.0000000000   3.6793056110e+02   9.8015000166e+01   3.5649996153e+02
   4426.0000000000   3.6806319125e+02   9.8093084849e+01   3.5662001598e+02
   4427.0000000000   3.6819030673e+02   9.8170020931e+01   3.5673968925e+02
   4428.0000000000   3.6831616760e+02   9.8246244144e+01   3.5686802935e+02
   4429.0000000000   3.6844979257e+02   9.8321930789e+01   3.5699076145e+02
   4430.0000000000   3.6857777022e+02   9.8397176082e+01   3.5711231909e+02
   4431.0000000000   3.6871297843e+02   9.8472039880e+01   3.5724215596e+02
   4432.0000000000   3.6884228488e+02   9.8546563560e+01   3.5736614959e+02
   4433.0000000000   3.6897008914e+02   9.8620777645e+01   3.5748880917e+02
   4434.0000000000   3.6909690518e+02   9.8694705736e+01   3.5761061458e+02
   4435.0000000000   3.6922296272e+02   9.8768366742e+01   3.5773177036e+02
   4436.0000000000   3.6934839443e+02   9.8841776231e+01   3.5785239106e+02
   4437.0000000000   3.6948186319e+02   9.8914947310e+01   3.5797255048e+02
   4438.0000000000   3.6960983202e+02   9.8987891209e+01   3.5809230041e+02
   4439.0000000000   3.6973654464e+02   9.9060617691e+01   3.5822069676e+02
   4440.0000000000   3.6986243624e+02   9.9133135353e+01   3.5834346999e+02
   4441.0000000000   3.6998769069e+02   9.9214469165e+01   3.5846505733e+02
   4442.0000000000   3.7011241149e+02   9.9290326437e+01   3.5858589782e+02
   4443.0000000000   3.7023666612e+02   9.9365126546e+01   3.5870617050e+02
   4444.0000000000   3.7036050270e+02   9.9439294342e+01   3.5882597291e+02
   4445.0000000000   3.7048395764e+02   9.9512997375e+01   3.5895438419e+02
   4446.0000000000   3.7060705968e+02   9.9586323686e+01   3.5907714786e+02
   4447.0000000000   3.7072983224e+02   9.9659327153e+01   3.5919870908e+02
   4448.0000000000   3.7086087047e+02   9.9732044103e+01   3.5931951194e+02
   4449.0000000000   3.7098659186e+02   9.9813518068e+01   3.5943973885e+02
   4450.0000000000   3.7111120775e+02   9.9889469371e+01   3.5956850698e+02
   4451.0000000000   3.7123512935e+02   9.9973344167e+01   3.5969158024e+02
   4452.0000000000   3.7135852215e+02   1.0005127482e+02   3.5981341607e+02
   4453.0000000000   3.7148147524e+02   1.0012784745e+02   3.5994348387e+02
   4454.0000000000   3.7160404456e+02   1.0020357353e+02   3.6006767199e+02
   4455.0000000000   3.7172626880e+02   1.0028768996e+02   3.6019049744e+02
   4456.0000000000   3.7184817658e+02   1.0036601948e+02   3.6031244582e+02
   4457.0000000000   3.7196979012e+02   1.0046108778e+02   3.6043372605e+02
   4458.0000000000   3.7209112728e+02   1.0054476885e+02   3.6056347337e+02
   4459.0000000000   3.7221220285e+02   1.0062609096e+02   3.6068746468e+02
   4460.0000000000   3.7233302936e+02   1.0071502336e+02   3.6081016707e+02
   4461.0000000000   3.7245361759e+02   1.0079766466e+02   3.6093204004e+02
   4462.0000000000   3.7257397696e+02   1.0087864625e+02   3.6105327736e+02
   4463.0000000000   3.7269411581e+02   1.0096754210e+02   3.6117398753e+02
   4464.0000000000   3.7281404158e+02   1.0105030939e+02   3.6129424083e+02
   4465.0000000000   3.7293376101e+02   1.0113151330e+02   3.6141408696e+02
   4466.0000000000   3.7305328020e+02   1.0121167477e+02   3.6153356325e+02
   4467.0000000000   3.7317260472e+02   1.0129102949e+02   3.6165269894e+02
   4468.0000000000   3.7329173971e+02   1.0137873356e+02   3.6177151767e+02
   4469.0000000000   3.7341068991e+02   1.0146959784e+02   3.6189003902e+02
   4470.0000000000   3.7353803535e+02   1.0155380334e+02   3.6200827956e+02
   4471.0000000000   3.7366018101e+02   1.0163623385e+02   3.6212625349e+02
   4472.0000000000   3.7378990336e+02   1.0171751160e+02   3.6225299051e+02
   4473.0000000000   3.7391400553e+02   1.0179791529e+02   3.6237420195e+02
   4474.0000000000   3.7403684234e+02   1.0187760514e+02   3.6249431064e+02
   4475.0000000000   3.7415889484e+02   1.0195668605e+02   3.6261374445e+02
   4476.0000000000   3.7429751877e+02   1.0204424986e+02   3.6273267355e+02
   4477.0000000000   3.7442562860e+02   1.0212605298e+02   3.6285118832e+02
   4478.0000000000   3.7455168939e+02   1.0220655232e+02   3.6296934469e+02
   4479.0000000000   3.7467654720e+02   1.0228620231e+02   3.6308718083e+02
   4480.0000000000   3.7480054634e+02   1.0237421174e+02   3.6320472461e+02
   4481.0000000000   3.7494102339e+02   1.0245638881e+02   3.6332199739e+02
   4482.0000000000   3.7507947102e+02   1.0253721705e+02   3.6343901619e+02
   4483.0000000000   3.7521933816e+02   1.0261716599e+02   3.6356481227e+02
   4484.0000000000   3.7535207673e+02   1.0269643622e+02   3.6368509779e+02
   4485.0000000000   3.7548263411e+02   1.0277514130e+02   3.6380429593e+02
   4486.0000000000   3.7562033098e+02   1.0286237278e+02   3.6392283457e+02
   4487.0000000000   3.7576049851e+02   1.0294388408e+02   3.6404088374e+02
   4488.0000000000   3.7589394429e+02   1.0302412845e+02   3.6415853353e+02
   4489.0000000000   3.7602540282e+02   1.0310355671e+02   3.6427583951e+02
   4490.0000000000   3.7615552586e+02   1.0319137429e+02   3.6440185678e+02
   4491.0000000000   3.7628462077e+02   1.0327338638e+02   3.6453133053e+02
   4492.0000000000   3.7641287096e+02   1.0335407387e+02   3.6465439532e+02
   4493.0000000000   3.7654039976e+02   1.0343390393e+02   3.6477590009e+02
   4494.0000000000   3.7666729632e+02   1.0351307508e+02   3.6489643993e+02
   4495.0000000000   3.7679362839e+02   1.0360071639e+02   3.6502528908e+02
   4496.0000000000   3.7692802495e+02   1.0368260093e+02   3.6514829035e+02
   4497.0000000000   3.7705693003e+02   1.0377221072e+02   3.6526994689e+02
   4498.0000000000   3.7718457634e+02   1.0385570422e+02   3.6539073981e+02
   4499.0000000000   3.7731139253e+02   1.0393768748e+02   3.6551087660e+02
   4500.0000000000   3.7743755865e+02   1.0401868769e+02   3.6563047492e+02
   4501.0000000000   3.7756317600e+02   1.0409893725e+02   3.6574961130e+02
   4502.0000000000   3.7768831094e+02   1.0417856911e+02   3.6586833986e+02
   4503.0000000000   3.7781301113e+02   1.0426668744e+02   3.6599571841e+02
   4504.0000000000   3.7793731295e+02   1.0434905434e+02   3.6611747892e+02
   4505.0000000000   3.7806124538e+02   1.0443012923e+02   3.6623805988e+02
   4506.0000000000   3.7818483225e+02   1.0451036747e+02   3.6635790129e+02
   4507.0000000000   3.7830809364e+02   1.0458996059e+02   3.6648620030e+02
   4508.0000000000   3.7843104675e+02   1.0466901595e+02   3.6660875550e+02
   4509.0000000000   3.7855370653e+02   1.0475662066e+02   3.6673004235e+02
   4510.0000000000   3.7867608618e+02   1.0483852476e+02   3.6685052350e+02
   4511.0000000000   3.7880677304e+02   1.0491917888e+02   3.6697039359e+02
   4512.0000000000   3.7893217851e+02   1.0499903177e+02   3.6709877830e+02
   4513.0000000000   3.7906508472e+02   1.0507826981e+02   3.6722144774e+02
   4514.0000000000   3.7919229985e+02   1.0515699633e+02   3.6735188129e+02
   4515.0000000000   3.7931818320e+02   1.0523527783e+02   3.6747623504e+02
   4516.0000000000   3.7944321990e+02   1.0531316123e+02   3.6759911288e+02
   4517.0000000000   3.7956761807e+02   1.0539068181e+02   3.6772104007e+02
   4518.0000000000   3.7970006940e+02   1.0546786722e+02   3.6784224723e+02
   4519.0000000000   3.7983562447e+02   1.0555375726e+02   3.6796286565e+02
   4520.0000000000   3.7996493269e+02   1.0563407107e+02   3.6808298067e+02
   4521.0000000000   3.8009262772e+02   1.0572225500e+02   3.6820265254e+02
   4522.0000000000   3.8021929193e+02   1.0580444242e+02   3.6832192621e+02
   4523.0000000000   3.8034518228e+02   1.0588522083e+02   3.6844083661e+02
   4524.0000000000   3.8047044413e+02   1.0596510331e+02   3.6855941177e+02
   4525.0000000000   3.8059517114e+02   1.0604431118e+02   3.6867767471e+02
   4526.0000000000   3.8072800449e+02   1.0613198577e+02   3.6879564473e+02
   4527.0000000000   3.8085539363e+02   1.0622292443e+02   3.6891333827e+02
   4528.0000000000   3.8098157303e+02   1.0630729636e+02   3.6903978682e+02
   4529.0000000000   3.8111554688e+02   1.0639899240e+02   3.6916972057e+02
   4530.0000000000   3.8124389494e+02   1.0648432639e+02   3.6929326405e+02
   4531.0000000000   3.8137091380e+02   1.0656798254e+02   3.6941525936e+02
   4532.0000000000   3.8150564212e+02   1.0665053365e+02   3.6953629680e+02
   4533.0000000000   3.8163468077e+02   1.0673224124e+02   3.6966564720e+02
   4534.0000000000   3.8177091585e+02   1.0681325806e+02   3.6978915090e+02
   4535.0000000000   3.8190122091e+02   1.0689368513e+02   3.6991130929e+02
   4536.0000000000   3.8203857552e+02   1.0697359452e+02   3.7003260215e+02
   4537.0000000000   3.8217847354e+02   1.0705304044e+02   3.7016225339e+02
   4538.0000000000   3.8231174525e+02   1.0714108255e+02   3.7029509775e+02
   4539.0000000000   3.8244312119e+02   1.0722345533e+02   3.7043034222e+02
   4540.0000000000   3.8258181913e+02   1.0731361733e+02   3.7055857342e+02
   4541.0000000000   3.8271453723e+02   1.0739771170e+02   3.7070286099e+02
   4542.0000000000   3.8284564674e+02   1.0748935135e+02   3.7083530209e+02
   4543.0000000000   3.8298423730e+02   1.0757475648e+02   3.7096504339e+02
   4544.0000000000   3.8311694659e+02   1.0765856722e+02   3.7109310907e+02
   4545.0000000000   3.8324811274e+02   1.0775034891e+02   3.7121994544e+02
   4546.0000000000   3.8337822987e+02   1.0783604805e+02   3.7134580488e+02
   4547.0000000000   3.8351609759e+02   1.0792022023e+02   3.7147085021e+02
   4548.0000000000   3.8364824933e+02   1.0801239568e+02   3.7159519536e+02
   4549.0000000000   3.8377897149e+02   1.0809850401e+02   3.7171892455e+02
   4550.0000000000   3.8390872799e+02   1.0819210917e+02   3.7184210261e+02
   4551.0000000000   3.8403772336e+02   1.0827941955e+02   3.7196478097e+02
   4552.0000000000   3.8416607676e+02   1.0836507458e+02   3.7208700147e+02
   4553.0000000000   3.8430244361e+02   1.0844962525e+02   3.7221781612e+02
   4554.0000000000   3.8443328282e+02   1.0853332168e+02   3.7234295461e+02
   4555.0000000000   3.8457141166e+02   1.0862532780e+02   3.7246685509e+02
   4556.0000000000   3.8470366532e+02   1.0871144175e+02   3.7258995835e+02
   4557.0000000000   3.8483442449e+02   1.0879614709e+02   3.7271244565e+02
   4558.0000000000   3.8496419167e+02   1.0887991649e+02   3.7283441686e+02
   4559.0000000000   3.8509318934e+02   1.0896295449e+02   3.7296495356e+02
   4560.0000000000   3.8522154558e+02   1.0904537865e+02   3.7308980160e+02
   4561.0000000000   3.8534934475e+02   1.0912726687e+02   3.7323144309e+02
   4562.0000000000   3.8547664714e+02   1.0920867545e+02   3.7336172516e+02
   4563.0000000000   3.8560349843e+02   1.0928964744e+02   3.7348965860e+02
   4564.0000000000   3.8572993457e+02   1.0937021709e+02   3.7361618357e+02
   4565.0000000000   3.8586456046e+02   1.0945041248e+02   3.7374169007e+02
   4566.0000000000   3.8600237694e+02   1.0953025716e+02   3.7386639059e+02
   4567.0000000000   3.8613400254e+02   1.0960977121e+02   3.7399041850e+02
   4568.0000000000   3.8626405074e+02   1.0968897204e+02   3.7411386527e+02
   4569.0000000000   3.8639309016e+02   1.0976787492e+02   3.7424581489e+02
   4570.0000000000   3.8652136811e+02   1.0984649334e+02   3.7437201866e+02
   4571.0000000000   3.8664902305e+02   1.0993385670e+02   3.7449692983e+02
   4572.0000000000   3.8678471928e+02   1.1001567631e+02   3.7462100010e+02
   4573.0000000000   3.8692349515e+02   1.1009637517e+02   3.7474441875e+02
   4574.0000000000   3.8705599436e+02   1.1017638143e+02   3.7487630908e+02
   4575.0000000000   3.8718684802e+02   1.1025586566e+02   3.7500244042e+02
   4576.0000000000   3.8731663759e+02   1.1033491869e+02   3.7512727502e+02
   4577.0000000000   3.8744561998e+02   1.1041359694e+02   3.7526028652e+02
   4578.0000000000   3.8757394101e+02   1.1050095642e+02   3.7538736713e+02
   4579.0000000000   3.8770169509e+02   1.1058272597e+02   3.7551303721e+02
   4580.0000000000   3.8782894863e+02   1.1066334066e+02   3.7563778546e+02
   4581.0000000000   3.8795575115e+02   1.1074323723e+02   3.7576182354e+02
   4582.0000000000   3.8808214109e+02   1.1082259254e+02   3.7588527187e+02
   4583.0000000000   3.8820814932e+02   1.1090150207e+02   3.7601722649e+02
   4584.0000000000   3.8833380124e+02   1.1098904313e+02   3.7614344385e+02
   4585.0000000000   3.8846769379e+02   1.1107095759e+02   3.7626837931e+02
   4586.0000000000   3.8859624606e+02   1.1115168915e+02   3.7640150252e+02
   4587.0000000000   3.8873224644e+02   1.1123168059e+02   3.7652870315e+02
   4588.0000000000   3.8887108392e+02   1.1131111314e+02   3.7666351723e+02
   4589.0000000000   3.8900352301e+02   1.1139008562e+02   3.7679213274e+02
   4590.0000000000   3.8914282510e+02   1.1147767790e+02   3.7691917364e+02
   4591.0000000000   3.8927600102e+02   1.1156865118e+02   3.7705419625e+02
   4592.0000000000   3.8940752091e+02   1.1166216855e+02   3.7719215890e+02
   4593.0000000000   3.8955509031e+02   1.1174878770e+02   3.7732331408e+02
   4594.0000000000   3.8969176602e+02   1.1184254066e+02   3.7745258550e+02
   4595.0000000000   3.8982609168e+02   1.1192980915e+02   3.7758963712e+02
   4596.0000000000   3.8995896385e+02   1.1201531528e+02   3.7772046403e+02
   4597.0000000000   3.9009076229e+02   1.1209965504e+02   3.7784965052e+02
   4598.0000000000   3.9022169877e+02   1.1218310519e+02   3.7797772846e+02
   4599.0000000000   3.9035190910e+02   1.1226582895e+02   3.7810494045e+02
   4600.0000000000   3.9048148818e+02   1.1234793482e+02   3.7823143002e+02
   4601.0000000000   3.9061050623e+02   1.1243851772e+02   3.7835729372e+02
   4602.0000000000   3.9073901747e+02   1.1253235379e+02   3.7848260167e+02
   4603.0000000000   3.9086706511e+02   1.1261960219e+02   3.7860740747e+02
   4604.0000000000   3.9099468441e+02   1.1270513185e+02   3.7873175364e+02
   4605.0000000000   3.9112190479e+02   1.1278955439e+02   3.7885567484e+02
   4606.0000000000   3.9124875114e+02   1.1287314057e+02   3.7897919996e+02
   4607.0000000000   3.9137524485e+02   1.1295604447e+02   3.7911137080e+02
   4608.0000000000   3.9150998016e+02   1.1303836619e+02   3.7923790890e+02
   4609.0000000000   3.9163937426e+02   1.1312017632e+02   3.7937226308e+02
   4610.0000000000   3.9177621425e+02   1.1320152761e+02   3.7950056913e+02
   4611.0000000000   3.9190731258e+02   1.1328246113e+02   3.7963643423e+02
   4612.0000000000   3.9203703226e+02   1.1336300988e+02   3.7976607413e+02
   4613.0000000000   3.9216586167e+02   1.1344320102e+02   3.7990314268e+02
   4614.0000000000   3.9230258742e+02   1.1352305738e+02   3.8003388549e+02
   4615.0000000000   3.9243372896e+02   1.1360259843e+02   3.8016295947e+02
   4616.0000000000   3.9256355964e+02   1.1368184102e+02   3.8029092433e+02
   4617.0000000000   3.9269253165e+02   1.1376079991e+02   3.8041803462e+02
   4618.0000000000   3.9282941485e+02   1.1383948812e+02   3.8054443909e+02
   4619.0000000000   3.9296072024e+02   1.1391791725e+02   3.8067023633e+02
   4620.0000000000   3.9309071671e+02   1.1399609774e+02   3.8079549697e+02
   4621.0000000000   3.9321985402e+02   1.1410109097e+02   3.8092027430e+02
   4622.0000000000   3.9335690074e+02   1.1419000685e+02   3.8104461013e+02
   4623.0000000000   3.9348836718e+02   1.1427609270e+02   3.8116853822e+02
   4624.0000000000   3.9361852190e+02   1.1436061330e+02   3.8129208649e+02
   4625.0000000000   3.9374781455e+02   1.1444406239e+02   3.8141527845e+02
   4626.0000000000   3.9387643806e+02   1.1452669589e+02   3.8153813421e+02
   4627.0000000000   3.9400450194e+02   1.1460866791e+02   3.8166067120e+02
   4628.0000000000   3.9414065349e+02   1.1469008042e+02   3.8178290469e+02
   4629.0000000000   3.9427134471e+02   1.1478904019e+02   3.8191386553e+02
   4630.0000000000   3.9440081125e+02   1.1487700163e+02   3.8203926622e+02
   4631.0000000000   3.9452948223e+02   1.1496283235e+02   3.8216353076e+02
   4632.0000000000   3.9465753683e+02   1.1504740353e+02   3.8228708816e+02
   4633.0000000000   3.9478507484e+02   1.1513106656e+02   3.8241912703e+02
   4634.0000000000   3.9491216078e+02   1.1521401015e+02   3.8254543925e+02
   4635.0000000000   3.9503884039e+02   1.1529635192e+02   3.8267049496e+02
   4636.0000000000   3.9516514810e+02   1.1537817234e+02   3.8279475249e+02
   4637.0000000000   3.9529111103e+02   1.1545953009e+02   3.8291840301e+02
   4638.0000000000   3.9544247812e+02   1.1554046993e+02   3.8304155205e+02
   4639.0000000000   3.9557847039e+02   1.1562102724e+02   3.8316426691e+02
   4640.0000000000   3.9571169449e+02   1.1571024807e+02   3.8328659459e+02
   4641.0000000000   3.9584335992e+02   1.1579385671e+02   3.8341758725e+02
   4642.0000000000   3.9597394177e+02   1.1588530380e+02   3.8354297238e+02
   4643.0000000000   3.9610368810e+02   1.1597072624e+02   3.8367620216e+02
   4644.0000000000   3.9624132504e+02   1.1605471457e+02   3.8380341411e+02
   4645.0000000000   3.9638192949e+02   1.1613778441e+02   3.8392919881e+02
   4646.0000000000   3.9651617085e+02   1.1622015925e+02   3.8405407161e+02
   4647.0000000000   3.9664869828e+02   1.1630196500e+02   3.8417825554e+02
   4648.0000000000   3.9678010637e+02   1.1640131752e+02   3.8430187595e+02
   4649.0000000000   3.9691066192e+02   1.1648967471e+02   3.8442501343e+02
   4650.0000000000   3.9704051834e+02   1.1657590529e+02   3.8454772435e+02
   4651.0000000000   3.9716977598e+02   1.1666088059e+02   3.8467005049e+02
   4652.0000000000   3.9729850603e+02   1.1675396906e+02   3.8480104148e+02
   4653.0000000000   3.9743533745e+02   1.1684105938e+02   3.8493544090e+02
   4654.0000000000   3.9757528837e+02   1.1692668190e+02   3.8506338351e+02
   4655.0000000000   3.9770899014e+02   1.1701133583e+02   3.8518971938e+02
   4656.0000000000   3.9784106600e+02   1.1709524178e+02   3.8532406247e+02
   4657.0000000000   3.9798924345e+02   1.1717852744e+02   3.8545237190e+02
   4658.0000000000   3.9812657763e+02   1.1727029465e+02   3.8557920493e+02
   4659.0000000000   3.9826160587e+02   1.1735630454e+02   3.8570507253e+02
   4660.0000000000   3.9839521816e+02   1.1744101628e+02   3.8583020063e+02
   4661.0000000000   3.9852778847e+02   1.1752488529e+02   3.8596373657e+02
   4662.0000000000   3.9865952376e+02   1.1760810334e+02   3.8609146615e+02
   4663.0000000000   3.9879055586e+02   1.1769077811e+02   3.8621786326e+02
   4664.0000000000   3.9892097641e+02   1.1777297969e+02   3.8634339271e+02
   4665.0000000000   3.9905085298e+02   1.1785475801e+02   3.8647726984e+02
   4666.0000000000   3.9918023756e+02   1.1793615087e+02   3.8660530709e+02
   4667.0000000000   3.9931774715e+02   1.1801718806e+02   3.8674100807e+02
   4668.0000000000   3.9944981636e+02   1.1809789390e+02   3.8687054457e+02
   4669.0000000000   3.9958067030e+02   1.1817828866e+02   3.8699853148e+02
   4670.0000000000   3.9971930706e+02   1.1825838958e+02   3.8713451961e+02
   4671.0000000000   3.9985230240e+02   1.1833821158e+02   3.8726444640e+02
   4672.0000000000   3.9998395029e+02   1.1841776769e+02   3.8739286147e+02
   4673.0000000000   4.0011471207e+02   1.1849706944e+02   3.8752027358e+02
   4674.0000000000   4.0024478666e+02   1.1857612714e+02   3.8765592623e+02
   4675.0000000000   4.0037428692e+02   1.1865495002e+02   3.8779466846e+02
   4676.0000000000   4.0050328654e+02   1.1873354648e+02   3.8792670093e+02
   4677.0000000000   4.0063183795e+02   1.1882094148e+02   3.8805691857e+02
   4678.0000000000   4.0075998070e+02   1.1890284246e+02   3.8818595040e+02
   4679.0000000000   4.0088774592e+02   1.1898366903e+02   3.8831407949e+02
   4680.0000000000   4.0101515889e+02   1.1907286364e+02   3.8844146895e+02
   4681.0000000000   4.0114224062e+02   1.1915629465e+02   3.8856822571e+02
   4682.0000000000   4.0126900899e+02   1.1923846361e+02   3.8869442573e+02
   4683.0000000000   4.0139547938e+02   1.1931984400e+02   3.8882914334e+02
   4684.0000000000   4.0152166525e+02   1.1940063491e+02   3.8896714085e+02
   4685.0000000000   4.0164757849e+02   1.1948094620e+02   3.8909856775e+02
   4686.0000000000   4.0178180531e+02   1.1956986494e+02   3.8923730331e+02
   4687.0000000000   4.0191075614e+02   1.1965313985e+02   3.8936965442e+02
   4688.0000000000   4.0203863662e+02   1.1973521959e+02   3.8950030115e+02
   4689.0000000000   4.0217442888e+02   1.1981655059e+02   3.8962981382e+02
   4690.0000000000   4.0230469546e+02   1.1989731689e+02   3.8975845258e+02
   4691.0000000000   4.0243371916e+02   1.1997761942e+02   3.8989538687e+02
   4692.0000000000   4.0257052746e+02   1.2005752235e+02   3.9003543529e+02
   4693.0000000000   4.0270171201e+02   1.2013707043e+02   3.9016878365e+02
   4694.0000000000   4.0283157559e+02   1.2022531413e+02   3.9030933617e+02
   4695.0000000000   4.0296058437e+02   1.2030797958e+02   3.9044341766e+02
   4696.0000000000   4.0308893976e+02   1.2038950057e+02   3.9057572153e+02
   4697.0000000000   4.0321675571e+02   1.2047031322e+02   3.9070682833e+02
   4698.0000000000   4.0334410609e+02   1.2055059414e+02   3.9083700626e+02
   4699.0000000000   4.0347104299e+02   1.2063043878e+02   3.9096641387e+02
   4700.0000000000   4.0361475657e+02   1.2071892447e+02   3.9109515724e+02
   4701.0000000000   4.0374807883e+02   1.2080179313e+02   3.9122331291e+02
   4702.0000000000   4.0387942806e+02   1.2089250584e+02   3.9135093905e+02
   4703.0000000000   4.0400962156e+02   1.2097720589e+02   3.9147808154e+02
   4704.0000000000   4.0413898496e+02   1.2106048773e+02   3.9161379494e+02
   4705.0000000000   4.0427626660e+02   1.2114286937e+02   3.9174381060e+02
   4706.0000000000   4.0440797385e+02   1.2122457573e+02   3.9187256782e+02
   4707.0000000000   4.0453837588e+02   1.2130573350e+02   3.9200050821e+02
   4708.0000000000   4.0466792355e+02   1.2138642423e+02   3.9212781359e+02
   4709.0000000000   4.0479681087e+02   1.2146670500e+02   3.9225458435e+02
   4710.0000000000   4.0492514814e+02   1.2154661806e+02   3.9238088508e+02
   4711.0000000000   4.0505300760e+02   1.2163521338e+02   3.9250676155e+02
   4712.0000000000   4.0518044073e+02   1.2171821744e+02   3.9263224831e+02
   4713.0000000000   4.0530748638e+02   1.2180006471e+02   3.9275737267e+02
   4714.0000000000   4.0543417509e+02   1.2188119215e+02   3.9288215695e+02
   4715.0000000000   4.0556910725e+02   1.2196177722e+02   3.9300661987e+02
   4716.0000000000   4.0569870426e+02   1.2204191619e+02   3.9313077747e+02
   4717.0000000000   4.0582718051e+02   1.2212166986e+02   3.9325464365e+02
   4718.0000000000   4.0595494957e+02   1.2220108042e+02   3.9337823070e+02
   4719.0000000000   4.0608217886e+02   1.2228017913e+02   3.9350154952e+02
   4720.0000000000   4.0620895898e+02   1.2235899021e+02   3.9364264459e+02
   4721.0000000000   4.0635249840e+02   1.2243753313e+02   3.9377292567e+02
   4722.0000000000   4.0648563861e+02   1.2252484127e+02   3.9390122720e+02
   4723.0000000000   4.0661680310e+02   1.2260662861e+02   3.9402839500e+02
   4724.0000000000   4.0674681213e+02   1.2268731992e+02   3.9415476064e+02
   4725.0000000000   4.0687599305e+02   1.2276734447e+02   3.9428951433e+02
   4726.0000000000   4.0702167080e+02   1.2284687353e+02   3.9441846131e+02
   4727.0000000000   4.0715675423e+02   1.2292599826e+02   3.9454608469e+02
   4728.0000000000   4.0728970979e+02   1.2301379252e+02   3.9467285357e+02
   4729.0000000000   4.0742138717e+02   1.2309599540e+02   3.9479896772e+02
   4730.0000000000   4.0755213485e+02   1.2317704826e+02   3.9492453954e+02
   4731.0000000000   4.0768214231e+02   1.2326640924e+02   3.9504964187e+02
   4732.0000000000   4.0781152879e+02   1.2335897569e+02   3.9517432617e+02
   4733.0000000000   4.0794895198e+02   1.2344495857e+02   3.9529863096e+02
   4734.0000000000   4.0808087283e+02   1.2353826883e+02   3.9542258631e+02
   4735.0000000000   4.0821153428e+02   1.2362523079e+02   3.9554621643e+02
   4736.0000000000   4.0834137136e+02   1.2371053437e+02   3.9566954135e+02
   4737.0000000000   4.0847056802e+02   1.2379475548e+02   3.9579257790e+02
   4738.0000000000   4.0859922798e+02   1.2387815728e+02   3.9591534053e+02
   4739.0000000000   4.0873599460e+02   1.2396089332e+02   3.9603784174e+02
   4740.0000000000   4.0886731714e+02   1.2404306486e+02   3.9616009256e+02
   4741.0000000000   4.0901458054e+02   1.2412474389e+02   3.9628210272e+02
   4742.0000000000   4.0915101421e+02   1.2421500166e+02   3.9641289828e+02
   4743.0000000000   4.0928519020e+02   1.2429958052e+02   3.9653818757e+02
   4744.0000000000   4.0941800477e+02   1.2438292721e+02   3.9667140820e+02
   4745.0000000000   4.0954983060e+02   1.2446548840e+02   3.9680770368e+02
   4746.0000000000   4.0968944685e+02   1.2454744943e+02   3.9693735597e+02
   4747.0000000000   4.0983195813e+02   1.2462891301e+02   3.9706528623e+02
   4748.0000000000   4.0996805032e+02   1.2470994534e+02   3.9719213061e+02
   4749.0000000000   4.1010238340e+02   1.2479059317e+02   3.9731817172e+02
   4750.0000000000   4.1024413516e+02   1.2487089165e+02   3.9744356914e+02
   4751.0000000000   4.1037997890e+02   1.2495086835e+02   3.9756842499e+02
   4752.0000000000   4.1051426929e+02   1.2503054566e+02   3.9769281009e+02
   4753.0000000000   4.1064750880e+02   1.2511895949e+02   3.9781677634e+02
   4754.0000000000   4.1078850142e+02   1.2520182608e+02   3.9794036341e+02
   4755.0000000000   4.1092378286e+02   1.2528357218e+02   3.9806360258e+02
   4756.0000000000   4.1105764071e+02   1.2536462883e+02   3.9818651918e+02
   4757.0000000000   4.1119053941e+02   1.2544516889e+02   3.9830913416e+02
   4758.0000000000   4.1132268365e+02   1.2552528493e+02   3.9843146514e+02
   4759.0000000000   4.1145419254e+02   1.2560503479e+02   3.9855352718e+02
   4760.0000000000   4.1158514567e+02   1.2568445826e+02   3.9868435062e+02
   4761.0000000000   4.1172417646e+02   1.2576358458e+02   3.9880964730e+02
   4762.0000000000   4.1185773012e+02   1.2584243635e+02   3.9893384045e+02
   4763.0000000000   4.1199861461e+02   1.2593004896e+02   3.9906637554e+02
   4764.0000000000   4.1213365845e+02   1.2601213774e+02   3.9919312343e+02
   4765.0000000000   4.1226723736e+02   1.2609312839e+02   3.9931858784e+02
   4766.0000000000   4.1239984993e+02   1.2618246818e+02   3.9946127867e+02
   4767.0000000000   4.1253171559e+02   1.2627504662e+02   3.9959279745e+02
   4768.0000000000   4.1267153553e+02   1.2636106883e+02   3.9973109905e+02
   4769.0000000000   4.1281436851e+02   1.2644542399e+02   3.9986279319e+02
   4770.0000000000   4.1295087098e+02   1.2652873250e+02   3.9999266705e+02
   4771.0000000000   4.1308568274e+02   1.2661126835e+02   4.0012134271e+02
   4772.0000000000   4.1322796722e+02   1.2669318603e+02   4.0024910949e+02
   4773.0000000000   4.1336438701e+02   1.2677458453e+02   4.0037613743e+02
   4774.0000000000   4.1349928873e+02   1.2685553262e+02   4.0050253901e+02
   4775.0000000000   4.1363316850e+02   1.2694509816e+02   4.0062839428e+02
   4776.0000000000   4.1378340098e+02   1.2702902033e+02   4.0075376319e+02
   4777.0000000000   4.1392291877e+02   1.2711174292e+02   4.0088770964e+02
   4778.0000000000   4.1406020318e+02   1.2720272731e+02   4.0101597135e+02
   4779.0000000000   4.1419611466e+02   1.2729687425e+02   4.0115200929e+02
   4780.0000000000   4.1433101011e+02   1.2738439798e+02   4.0128196855e+02
   4781.0000000000   4.1446508594e+02   1.2747019520e+02   4.0141044619e+02
   4782.0000000000   4.1459846724e+02   1.2757292721e+02   4.0154698050e+02
   4783.0000000000   4.1473124113e+02   1.2766427420e+02   4.0168651714e+02
   4784.0000000000   4.1486347207e+02   1.2775322151e+02   4.0181929932e+02
   4785.0000000000   4.1499520994e+02   1.2784071040e+02   4.0195024370e+02
   4786.0000000000   4.1512649457e+02   1.2792713775e+02   4.0207999148e+02
   4787.0000000000   4.1525735862e+02   1.2801272358e+02   4.0221785028e+02
   4788.0000000000   4.1538782944e+02   1.2809760813e+02   4.0234968814e+02
   4789.0000000000   4.1552650591e+02   1.2818188877e+02   4.0248002799e+02
   4790.0000000000   4.1565980899e+02   1.2826563715e+02   4.0260936684e+02
   4791.0000000000   4.1580052884e+02   1.2834890826e+02   4.0273792523e+02
   4792.0000000000   4.1593548045e+02   1.2843174571e+02   4.0287484908e+02
   4793.0000000000   4.1606902902e+02   1.2851418490e+02   4.0300592463e+02
   4794.0000000000   4.1620166471e+02   1.2859625523e+02   4.0314464446e+02
   4795.0000000000   4.1633360013e+02   1.2867798147e+02   4.0327717564e+02
   4796.0000000000   4.1647353084e+02   1.2875938480e+02   4.0341714860e+02
   4797.0000000000   4.1660793529e+02   1.2884048358e+02   4.0355079693e+02
   4798.0000000000   4.1674106508e+02   1.2892129384e+02   4.0368277123e+02
   4799.0000000000   4.1687335966e+02   1.2900182974e+02   4.0381362791e+02
   4800.0000000000   4.1700500522e+02   1.2908210387e+02   4.0394361991e+02
   4801.0000000000   4.1713610658e+02   1.2916212749e+02   4.0407289533e+02
   4802.0000000000   4.1726673194e+02   1.2924191078e+02   4.0420155270e+02
   4803.0000000000   4.1740550545e+02   1.2932146294e+02   4.0432966287e+02
   4804.0000000000   4.1753886462e+02   1.2940079235e+02   4.0445727956e+02
   4805.0000000000   4.1767103527e+02   1.2947990670e+02   4.0459346241e+02
   4806.0000000000   4.1781101518e+02   1.2955881302e+02   4.0472394621e+02
   4807.0000000000   4.1794537917e+02   1.2963751783e+02   4.0485317259e+02
   4808.0000000000   4.1807842005e+02   1.2971602714e+02   4.0498158484e+02
   4809.0000000000   4.1821917352e+02   1.2979434654e+02   4.0510936598e+02
   4810.0000000000   4.1835423806e+02   1.2987248123e+02   4.0524563455e+02
   4811.0000000000   4.1848792227e+02   1.2995043608e+02   4.0537615622e+02
   4812.0000000000   4.1862069727e+02   1.3003723296e+02   4.0551440770e+02
   4813.0000000000   4.1875276877e+02   1.3011857659e+02   4.0564654350e+02
   4814.0000000000   4.1888425442e+02   1.3020790147e+02   4.0577716668e+02
   4815.0000000000   4.1901523140e+02   1.3029133106e+02   4.0590680221e+02
   4816.0000000000   4.1914575467e+02   1.3037344446e+02   4.0603568073e+02
   4817.0000000000   4.1928444134e+02   1.3046376485e+02   4.0616393381e+02
   4818.0000000000   4.1941772482e+02   1.3054820775e+02   4.0629164727e+02
   4819.0000000000   4.1954982845e+02   1.3063130485e+02   4.0641888188e+02
   4820.0000000000   4.1968117276e+02   1.3072256745e+02   4.0655470057e+02
   4821.0000000000   4.1981193063e+02   1.3080790965e+02   4.0668483939e+02
   4822.0000000000   4.1994219712e+02   1.3089186521e+02   4.0681374027e+02
   4823.0000000000   4.2007203306e+02   1.3098394851e+02   4.0695086347e+02
   4824.0000000000   4.2020148128e+02   1.3107909423e+02   4.0708209183e+02
   4825.0000000000   4.2033914947e+02   1.3116753966e+02   4.0721193898e+02
   4826.0000000000   4.2047146369e+02   1.3125419783e+02   4.0734088849e+02
   4827.0000000000   4.2060264137e+02   1.3133970737e+02   4.0746914805e+02
   4828.0000000000   4.2073309820e+02   1.3144239123e+02   4.0760585230e+02
   4829.0000000000   4.2086300306e+02   1.3153381620e+02   4.0773677784e+02
   4830.0000000000   4.2099244766e+02   1.3162291692e+02   4.0786639176e+02
   4831.0000000000   4.2113006564e+02   1.3171060822e+02   4.0799515372e+02
   4832.0000000000   4.2126229824e+02   1.3180628912e+02   4.0814129241e+02
   4833.0000000000   4.2140194807e+02   1.3190488805e+02   4.0827631760e+02
   4834.0000000000   4.2153583804e+02   1.3199665282e+02   4.0840912630e+02
   4835.0000000000   4.2166833837e+02   1.3208650907e+02   4.0854962437e+02
   4836.0000000000   4.2179994255e+02   1.3217510717e+02   4.0868387481e+02
   4837.0000000000   4.2193086523e+02   1.3226274572e+02   4.0881648703e+02
   4838.0000000000   4.2206980330e+02   1.3235861686e+02   4.0894800329e+02
   4839.0000000000   4.2220323591e+02   1.3244853703e+02   4.0907867047e+02
   4840.0000000000   4.2234399068e+02   1.3253700253e+02   4.0920863366e+02
   4841.0000000000   4.2247890800e+02   1.3262449535e+02   4.0933798958e+02
   4842.0000000000   4.2261237099e+02   1.3271122713e+02   4.0946680789e+02
   4843.0000000000   4.2274488288e+02   1.3279732091e+02   4.0959514143e+02
   4844.0000000000   4.2287666599e+02   1.3288285902e+02   4.0972303177e+02
   4845.0000000000   4.2300784763e+02   1.3296790132e+02   4.0985051263e+02
   4846.0000000000   4.2313851104e+02   1.3306151111e+02   4.0997761194e+02
   4847.0000000000   4.2326871527e+02   1.3314942553e+02   4.1011337057e+02
   4848.0000000000   4.2339850457e+02   1.3323608787e+02   4.1024350919e+02
   4849.0000000000   4.2352791353e+02   1.3333095995e+02   4.1037245846e+02
   4850.0000000000   4.2365696997e+02   1.3341992615e+02   4.1050065297e+02
   4851.0000000000   4.2378569685e+02   1.3350750159e+02   4.1062826868e+02
   4852.0000000000   4.2391411348e+02   1.3359417130e+02   4.1075540101e+02
   4853.0000000000   4.2404223635e+02   1.3368014432e+02   4.1088211034e+02
   4854.0000000000   4.2417007977e+02   1.3376553922e+02   4.1100843877e+02
   4855.0000000000   4.2429765624e+02   1.3385043334e+02   4.1113441767e+02
   4856.0000000000   4.2442497686e+02   1.3393488167e+02   4.1126007155e+02
   4857.0000000000   4.2455205151e+02   1.3401892566e+02   4.1138542026e+02
   4858.0000000000   4.2467888906e+02   1.3411161524e+02   4.1151949762e+02
   4859.0000000000   4.2480549758e+02   1.3419867727e+02   4.1164801814e+02
   4860.0000000000   4.2493188437e+02   1.3428454692e+02   4.1177540713e+02
   4861.0000000000   4.2505805613e+02   1.3436966200e+02   4.1190209444e+02
   4862.0000000000   4.2518401902e+02   1.3445420095e+02   4.1202825189e+02
   4863.0000000000   4.2531835436e+02   1.3453826103e+02   4.1215397124e+02
   4864.0000000000   4.2544746831e+02   1.3462190409e+02   4.1228832693e+02
   4865.0000000000   4.2559271401e+02   1.3470517336e+02   4.1241705861e+02
   4866.0000000000   4.2572729648e+02   1.3478810111e+02   4.1254460822e+02
   4867.0000000000   4.2585976841e+02   1.3487071257e+02   4.1267141713e+02
   4868.0000000000   4.2599101036e+02   1.3495302820e+02   4.1279766545e+02
   4869.0000000000   4.2612138199e+02   1.3504408230e+02   4.1292345106e+02
   4870.0000000000   4.2625107590e+02   1.3512958977e+02   4.1304883573e+02
   4871.0000000000   4.2638021086e+02   1.3521397625e+02   4.1317386226e+02
   4872.0000000000   4.2650886686e+02   1.3529767187e+02   4.1329856225e+02
   4873.0000000000   4.2663710122e+02   1.3538084869e+02   4.1342296012e+02
   4874.0000000000   4.2676495690e+02   1.3546359864e+02   4.1355609276e+02
   4875.0000000000   4.2689246730e+02   1.3554597901e+02   4.1368367672e+02
   4876.0000000000   4.2701965905e+02   1.3563704646e+02   4.1381013869e+02
   4877.0000000000   4.2714655397e+02   1.3572253032e+02   4.1393590946e+02
   4878.0000000000   4.2727317018e+02   1.3580686602e+02   4.1406116147e+02
   4879.0000000000   4.2739952306e+02   1.3589049058e+02   4.1419500417e+02
   4880.0000000000   4.2752562579e+02   1.3597358104e+02   4.1432319533e+02
   4881.0000000000   4.2766006546e+02   1.3605623304e+02   4.1445018742e+02
   4882.0000000000   4.2779782862e+02   1.3613850665e+02   4.1457642841e+02
   4883.0000000000   4.2792952206e+02   1.3622946067e+02   4.1470210276e+02
   4884.0000000000   4.2805974941e+02   1.3632384342e+02   4.1482731137e+02
   4885.0000000000   4.2818907088e+02   1.3641179208e+02   4.1495211817e+02
   4886.0000000000   4.2832630221e+02   1.3649815790e+02   4.1507656751e+02
   4887.0000000000   4.2845797639e+02   1.3658353793e+02   4.1520970948e+02
   4888.0000000000   4.2858837354e+02   1.3666819085e+02   4.1533726982e+02
   4889.0000000000   4.2873510046e+02   1.3675226055e+02   4.1546368192e+02
   4890.0000000000   4.2887973036e+02   1.3683583842e+02   4.1558938157e+02
   4891.0000000000   4.2901716875e+02   1.3692800491e+02   4.1571454506e+02
   4892.0000000000   4.2916105740e+02   1.3701450672e+02   4.1583926754e+02
   4893.0000000000   4.2929855535e+02   1.3709979242e+02   4.1596360875e+02
   4894.0000000000   4.2943421026e+02   1.3718430920e+02   4.1608760992e+02
   4895.0000000000   4.2956862351e+02   1.3726824219e+02   4.1622031876e+02
   4896.0000000000   4.2970208151e+02   1.3736071086e+02   4.1634745915e+02
   4897.0000000000   4.2983475611e+02   1.3744748108e+02   4.1647346297e+02
   4898.0000000000   4.2996676294e+02   1.3753301192e+02   4.1660778215e+02
   4899.0000000000   4.3010676109e+02   1.3761775685e+02   4.1673629244e+02
   4900.0000000000   4.3024979024e+02   1.3771092231e+02   4.1686350131e+02
   4901.0000000000   4.3038649781e+02   1.3779831356e+02   4.1698988704e+02
   4902.0000000000   4.3052151939e+02   1.3789342838e+02   4.1711565263e+02
   4903.0000000000   4.3065544091e+02   1.3798243371e+02   4.1725894587e+02
   4904.0000000000   4.3078852353e+02   1.3807895769e+02   4.1739124012e+02
   4905.0000000000   4.3092091690e+02   1.3816923078e+02   4.1752141229e+02
   4906.0000000000   4.3105271889e+02   1.3825790015e+02   4.1765935555e+02
   4907.0000000000   4.3118399897e+02   1.3834551886e+02   4.1779112402e+02
   4908.0000000000   4.3131480935e+02   1.3843233659e+02   4.1792132050e+02
   4909.0000000000   4.3144519090e+02   1.3851849840e+02   4.1805048202e+02
   4910.0000000000   4.3157517659e+02   1.3860409996e+02   4.1817885123e+02
   4911.0000000000   4.3170479367e+02   1.3868920952e+02   4.1831558693e+02
   4912.0000000000   4.3183406513e+02   1.3877387834e+02   4.1844648325e+02
   4913.0000000000   4.3196301062e+02   1.3885814651e+02   4.1857602030e+02
   4914.0000000000   4.3209164719e+02   1.3894204627e+02   4.1871368505e+02
   4915.0000000000   4.3221998981e+02   1.3903462152e+02   4.1884537978e+02
   4916.0000000000   4.3234805171e+02   1.3912159499e+02   4.1897563269e+02
   4917.0000000000   4.3248442032e+02   1.3920739886e+02   4.1910493862e+02
   4918.0000000000   4.3262408277e+02   1.3929246874e+02   4.1923351412e+02
   4919.0000000000   4.3275764655e+02   1.3937698133e+02   4.1936148357e+02
   4920.0000000000   4.3288971604e+02   1.3946103255e+02   4.1948892887e+02
   4921.0000000000   4.3302085231e+02   1.3954468311e+02   4.1961590865e+02
   4922.0000000000   4.3315987193e+02   1.3962797531e+02   4.1975148458e+02
   4923.0000000000   4.3330188440e+02   1.3971995793e+02   4.1988139205e+02
   4924.0000000000   4.3343757155e+02   1.3980635597e+02   4.2001007255e+02
   4925.0000000000   4.3357158680e+02   1.3989160239e+02   4.2013796882e+02
   4926.0000000000   4.3370452541e+02   1.3998515018e+02   4.2026526313e+02
   4927.0000000000   4.3383665325e+02   1.4007287607e+02   4.2039205584e+02
   4928.0000000000   4.3396812208e+02   1.4015928852e+02   4.2051841129e+02
   4929.0000000000   4.3410760598e+02   1.4024486670e+02   4.2064437477e+02
   4930.0000000000   4.3424157503e+02   1.4032981449e+02   4.2076998027e+02
   4931.0000000000   4.3437427767e+02   1.4041424585e+02   4.2089525443e+02
   4932.0000000000   4.3450615233e+02   1.4049823401e+02   4.2102021891e+02
   4933.0000000000   4.3463738521e+02   1.4058183028e+02   4.2114489172e+02
   4934.0000000000   4.3476808148e+02   1.4066507278e+02   4.2126928816e+02
   4935.0000000000   4.3490688552e+02   1.4075700842e+02   4.2140243877e+02
   4936.0000000000   4.3504024727e+02   1.4084336135e+02   4.2153005555e+02
   4937.0000000000   4.3517240088e+02   1.4092856421e+02   4.2165656192e+02
   4938.0000000000   4.3530377431e+02   1.4102206987e+02   4.2178238620e+02
   4939.0000000000   4.3543454584e+02   1.4111877245e+02   4.2190769899e+02
   4940.0000000000   4.3556481452e+02   1.4120888091e+02   4.2203259102e+02
   4941.0000000000   4.3570321991e+02   1.4129728767e+02   4.2215711856e+02
   4942.0000000000   4.3583620810e+02   1.4138461590e+02   4.2228132007e+02
   4943.0000000000   4.3596801010e+02   1.4147114201e+02   4.2240522369e+02
   4944.0000000000   4.3609905128e+02   1.4155702256e+02   4.2253786834e+02
   4945.0000000000   4.3622950777e+02   1.4164235838e+02   4.2266497173e+02
   4946.0000000000   4.3636805245e+02   1.4172721985e+02   4.2279096116e+02
   4947.0000000000   4.3650114861e+02   1.4181165897e+02   4.2291626775e+02
   4948.0000000000   4.3663303712e+02   1.4189571574e+02   4.2304106405e+02
   4949.0000000000   4.3676414953e+02   1.4197942195e+02   4.2318347685e+02
   4950.0000000000   4.3689466599e+02   1.4206280352e+02   4.2331496433e+02
   4951.0000000000   4.3702468654e+02   1.4214588198e+02   4.2344439203e+02
   4952.0000000000   4.3715427554e+02   1.4222867556e+02   4.2357262697e+02
   4953.0000000000   4.3728347832e+02   1.4231119992e+02   4.2370001589e+02
   4954.0000000000   4.3741232881e+02   1.4239346863e+02   4.2383576012e+02
   4955.0000000000   4.3754085358e+02   1.4247549362e+02   4.2396567337e+02
   4956.0000000000   4.3766907408e+02   1.4255728547e+02   4.2409424525e+02
   4957.0000000000   4.3779700814e+02   1.4263885361e+02   4.2422194996e+02
   4958.0000000000   4.3792467080e+02   1.4272922385e+02   4.2434899134e+02
   4959.0000000000   4.3805207504e+02   1.4281410433e+02   4.2448450238e+02
   4960.0000000000   4.3818780780e+02   1.4289791519e+02   4.2461425901e+02
   4961.0000000000   4.3831827991e+02   1.4299009936e+02   4.2474272804e+02
   4962.0000000000   4.3845627290e+02   1.4307652554e+02   4.2487036895e+02
   4963.0000000000   4.3858859429e+02   1.4316169559e+02   4.2499737567e+02
   4964.0000000000   4.3871960272e+02   1.4324608322e+02   4.2512385692e+02
   4965.0000000000   4.3884978261e+02   1.4332988768e+02   4.2524988318e+02
   4966.0000000000   4.3897934145e+02   1.4342223633e+02   4.2537550440e+02
   4967.0000000000   4.3910839463e+02   1.4350889945e+02   4.2550075808e+02
   4968.0000000000   4.3923701559e+02   1.4359433856e+02   4.2562567365e+02
   4969.0000000000   4.3937383087e+02   1.4367900842e+02   4.2575027491e+02
   4970.0000000000   4.3951385439e+02   1.4376309866e+02   4.2587458157e+02
   4971.0000000000   4.3965628839e+02   1.4384671424e+02   4.2599861030e+02
   4972.0000000000   4.3979215222e+02   1.4392992228e+02   4.2612237543e+02
   4973.0000000000   4.3993479018e+02   1.4402178706e+02   4.2625490670e+02
   4974.0000000000   4.4007125094e+02   1.4410804388e+02   4.2638191552e+02
   4975.0000000000   4.4021460092e+02   1.4419313296e+02   4.2650782478e+02
   4976.0000000000   4.4035180786e+02   1.4427749516e+02   4.2663306236e+02
   4977.0000000000   4.4048733204e+02   1.4436131067e+02   4.2675779848e+02
   4978.0000000000   4.4062172747e+02   1.4444467769e+02   4.2688212352e+02
   4979.0000000000   4.4075525183e+02   1.4453667578e+02   4.2700609343e+02
   4980.0000000000   4.4088805822e+02   1.4462304862e+02   4.2713876372e+02
   4981.0000000000   4.4102024927e+02   1.4470824145e+02   4.2726586269e+02
   4982.0000000000   4.4115189903e+02   1.4479269828e+02   4.2740084220e+02
   4983.0000000000   4.4128306364e+02   1.4487660142e+02   4.2752983891e+02
   4984.0000000000   4.4141378723e+02   1.4496906787e+02   4.2766645959e+02
   4985.0000000000   4.4154410545e+02   1.4505586135e+02   4.2779691888e+02
   4986.0000000000   4.4167404774e+02   1.4515947371e+02   4.2793486909e+02
   4987.0000000000   4.4180363885e+02   1.4525175768e+02   4.2806655404e+02
   4988.0000000000   4.4193289988e+02   1.4534172728e+02   4.2819662878e+02
   4989.0000000000   4.4206184909e+02   1.4543032447e+02   4.2832565107e+02
   4990.0000000000   4.4219050237e+02   1.4551794016e+02   4.2845387355e+02
   4991.0000000000   4.4232744938e+02   1.4560478718e+02   4.2858144309e+02
   4992.0000000000   4.4245910348e+02   1.4569099885e+02   4.2870845646e+02
   4993.0000000000   4.4258967280e+02   1.4577666637e+02   4.2883498253e+02
   4994.0000000000   4.4271956605e+02   1.4587087328e+02   4.2896107291e+02
   4995.0000000000   4.4284894673e+02   1.4595937029e+02   4.2909578510e+02
   4996.0000000000   4.4297790233e+02   1.4604661004e+02   4.2923386912e+02
   4997.0000000000   4.4310648745e+02   1.4613304355e+02   4.2936546502e+02
   4998.0000000000   4.4324331533e+02   1.4621885940e+02   4.2949542729e+02
   4999.0000000000   4.4337481456e+02   1.4630416286e+02   4.2962435627e+02
   5000.0000000000   4.4350520357e+02   1.4638902210e+02   4.2977956574e+02
   5001.0000000000   4.4363489824e+02   1.4647348550e+02   4.2991830387e+02
   5002.0000000000   4.4376406721e+02   1.4655758950e+02   4.3005390422e+02
   5003.0000000000   4.4389280170e+02   1.4664136278e+02   4.3018768997e+02
   5004.0000000000   4.4402973472e+02   1.4672482864e+02   4.3032019672e+02
   5005.0000000000   4.4416130687e+02   1.4680800645e+02   4.3045171171e+02
   5006.0000000000   4.4429174443e+02   1.4689091265e+02   4.3058241316e+02
   5007.0000000000   4.4442146871e+02   1.4698257873e+02   4.3071242219e+02
   5008.0000000000   4.4455065230e+02   1.4707773482e+02   4.3084182635e+02
   5009.0000000000   4.4467938933e+02   1.4716650545e+02   4.3097069185e+02
   5010.0000000000   4.4480773945e+02   1.4725373270e+02   4.3109907055e+02
   5011.0000000000   4.4494431972e+02   1.4734000683e+02   4.3122700415e+02
   5012.0000000000   4.4507556171e+02   1.4742558138e+02   4.3135452693e+02
   5013.0000000000   4.4520568617e+02   1.4751059623e+02   4.3148166759e+02
   5014.0000000000   4.4535226211e+02   1.4760415694e+02   4.3160845050e+02
   5015.0000000000   4.4548826140e+02   1.4769202458e+02   4.3174391398e+02
   5016.0000000000   4.4562217044e+02   1.4777865654e+02   4.3187377674e+02
   5017.0000000000   4.4575484493e+02   1.4787352307e+02   4.3200246797e+02
   5018.0000000000   4.4588663417e+02   1.4796251361e+02   4.3213042108e+02
   5019.0000000000   4.4601772649e+02   1.4805014620e+02   4.3225781114e+02
   5020.0000000000   4.4614823915e+02   1.4813690743e+02   4.3238473279e+02
   5021.0000000000   4.4629540330e+02   1.4822300702e+02   4.3251124582e+02
   5022.0000000000   4.4643207859e+02   1.4830856361e+02   4.3264640910e+02
   5023.0000000000   4.4656670289e+02   1.4839365425e+02   4.3277595403e+02
   5024.0000000000   4.4670010797e+02   1.4848735069e+02   4.3290431789e+02
   5025.0000000000   4.4683263043e+02   1.4857539411e+02   4.3303193938e+02
   5026.0000000000   4.4696445156e+02   1.4866222946e+02   4.3315899710e+02
   5027.0000000000   4.4710426027e+02   1.4875731881e+02   4.3328558808e+02
   5028.0000000000   4.4723853514e+02   1.4884654604e+02   4.3341177370e+02
   5029.0000000000   4.4737152988e+02   1.4894344262e+02   4.3354661392e+02
   5030.0000000000   4.4750368650e+02   1.4904321014e+02   4.3367584083e+02
   5031.0000000000   4.4763519371e+02   1.4913616991e+02   4.3380389217e+02
   5032.0000000000   4.4776615857e+02   1.4922727143e+02   4.3393120693e+02
   5033.0000000000   4.4789665124e+02   1.4931717221e+02   4.3405796382e+02
   5034.0000000000   4.4802672192e+02   1.4941518880e+02   4.3418425992e+02
   5035.0000000000   4.4815640866e+02   1.4950719447e+02   4.3431015660e+02
   5036.0000000000   4.4828574150e+02   1.4959771537e+02   4.3443569642e+02
   5037.0000000000   4.4841474489e+02   1.4969626779e+02   4.3456091093e+02
   5038.0000000000   4.4854343923e+02   1.4978877402e+02   4.3468582458e+02
   5039.0000000000   4.4868041746e+02   1.4987977659e+02   4.3481045700e+02
   5040.0000000000   4.4881209538e+02   1.4996978096e+02   4.3493482439e+02
   5041.0000000000   4.4895983427e+02   1.5005901188e+02   4.3506795775e+02
   5042.0000000000   4.4909684606e+02   1.5014760014e+02   4.3519556923e+02
   5043.0000000000   4.4923168940e+02   1.5024465013e+02   4.3532208222e+02
   5044.0000000000   4.4936524998e+02   1.5033592518e+02   4.3545694222e+02
   5045.0000000000   4.4949789199e+02   1.5042588631e+02   4.3558602005e+02
   5046.0000000000   4.4962981199e+02   1.5052400795e+02   4.3571381935e+02
   5047.0000000000   4.4976113226e+02   1.5062520109e+02   4.3584081529e+02
   5048.0000000000   4.4989193590e+02   1.5071968835e+02   4.3596720838e+02
   5049.0000000000   4.5002228304e+02   1.5081237334e+02   4.3609310972e+02
   5050.0000000000   4.5015221915e+02   1.5090388862e+02   4.3621859006e+02
   5051.0000000000   4.5028177987e+02   1.5099451855e+02   4.3635271588e+02
   5052.0000000000   4.5041956953e+02   1.5108442653e+02   4.3648122388e+02
   5053.0000000000   4.5055201267e+02   1.5119175399e+02   4.3660855512e+02
   5054.0000000000   4.5068332614e+02   1.5128797739e+02   4.3673515101e+02
   5055.0000000000   4.5081392550e+02   1.5139099696e+02   4.3687020941e+02
   5056.0000000000   4.5095255541e+02   1.5148739564e+02   4.3699952918e+02
   5057.0000000000   4.5108570872e+02   1.5158194677e+02   4.3713660316e+02
   5058.0000000000   4.5122621634e+02   1.5167526525e+02   4.3726759431e+02
   5059.0000000000   4.5136091848e+02   1.5176763690e+02   4.3739711027e+02
   5060.0000000000   4.5150277247e+02   1.5185923034e+02   4.3752567834e+02
   5061.0000000000   4.5163868065e+02   1.5195015789e+02   4.3766254760e+02
   5062.0000000000   4.5178163617e+02   1.5204951751e+02   4.3780256772e+02
   5063.0000000000   4.5191856423e+02   1.5215208794e+02   4.3793593797e+02
   5064.0000000000   4.5205389797e+02   1.5224803065e+02   4.3806755101e+02
   5065.0000000000   4.5218817295e+02   1.5234221668e+02   4.3819803334e+02
   5066.0000000000   4.5232163370e+02   1.5243525955e+02   4.3832766545e+02
   5067.0000000000   4.5245442356e+02   1.5252743185e+02   4.3845660793e+02
   5068.0000000000   4.5258663777e+02   1.5261888931e+02   4.3858496534e+02
   5069.0000000000   4.5271834457e+02   1.5270973358e+02   4.3871281141e+02
   5070.0000000000   4.5284959553e+02   1.5280003671e+02   4.3884020105e+02
   5071.0000000000   4.5298043104e+02   1.5289887015e+02   4.3896717686e+02
   5072.0000000000   4.5311088372e+02   1.5299197667e+02   4.3909377292e+02
   5073.0000000000   4.5324098049e+02   1.5309282098e+02   4.3922001713e+02
   5074.0000000000   4.5337931960e+02   1.5318755102e+02   4.3934593280e+02
   5075.0000000000   4.5351232125e+02   1.5328076620e+02   4.3947153972e+02
   5076.0000000000   4.5364419916e+02   1.5337298948e+02   4.3960587225e+02
   5077.0000000000   4.5377536659e+02   1.5346445049e+02   4.3973464566e+02
   5078.0000000000   4.5390599085e+02   1.5355528035e+02   4.3986228616e+02
   5079.0000000000   4.5403616261e+02   1.5364556480e+02   4.3998922450e+02
   5080.0000000000   4.5416593918e+02   1.5373536475e+02   4.4011563338e+02
   5081.0000000000   4.5429536051e+02   1.5382472608e+02   4.4024160538e+02
   5082.0000000000   4.5443303192e+02   1.5391368476e+02   4.4037621568e+02
   5083.0000000000   4.5457395311e+02   1.5400226992e+02   4.4050520463e+02
   5084.0000000000   4.5470874069e+02   1.5409050575e+02   4.4063301478e+02
   5085.0000000000   4.5484200590e+02   1.5417841268e+02   4.4076008805e+02
   5086.0000000000   4.5497431504e+02   1.5426600832e+02   4.4089562237e+02
   5087.0000000000   4.5510591313e+02   1.5435330800e+02   4.4104345115e+02
   5088.0000000000   4.5523693639e+02   1.5444934253e+02   4.4118846796e+02
   5089.0000000000   4.5536747138e+02   1.5453982440e+02   4.4132566191e+02
   5090.0000000000   4.5549757797e+02   1.5462917754e+02   4.4146047885e+02
   5091.0000000000   4.5562730007e+02   1.5471783089e+02   4.4159377070e+02
   5092.0000000000   4.5577382265e+02   1.5480595569e+02   4.4172593563e+02
   5093.0000000000   4.5591854983e+02   1.5491167793e+02   4.4185720440e+02
   5094.0000000000   4.5605629827e+02   1.5500645544e+02   4.4198772703e+02
   5095.0000000000   4.5619208043e+02   1.5509915362e+02   4.4212662590e+02
   5096.0000000000   4.5632661917e+02   1.5519965695e+02   4.4225967893e+02
   5097.0000000000   4.5646024052e+02   1.5529401283e+02   4.4239135874e+02
   5098.0000000000   4.5659312930e+02   1.5539583611e+02   4.4252213152e+02
   5099.0000000000   4.5672540399e+02   1.5549136010e+02   4.4265219771e+02
   5100.0000000000   4.5685714685e+02   1.5558523723e+02   4.4278167202e+02
   5101.0000000000   4.5698841825e+02   1.5567802547e+02   4.4291063037e+02
   5102.0000000000   4.5711926439e+02   1.5576997862e+02   4.4304814483e+02
   5103.0000000000   4.5724972180e+02   1.5586124508e+02   4.4317995765e+02
   5104.0000000000   4.5737982008e+02   1.5595192326e+02   4.4331953256e+02
   5105.0000000000   4.5751815937e+02   1.5604208359e+02   4.4345301641e+02
   5106.0000000000   4.5765116122e+02   1.5613177918e+02   4.4358500750e+02
   5107.0000000000   4.5778304028e+02   1.5622105165e+02   4.4371602771e+02
   5108.0000000000   4.5791421050e+02   1.5630993452e+02   4.4384630564e+02
   5109.0000000000   4.5805341531e+02   1.5639845548e+02   4.4397597147e+02
   5110.0000000000   4.5818714659e+02   1.5648663777e+02   4.4410511001e+02
   5111.0000000000   4.5833681018e+02   1.5657450124e+02   4.4423378134e+02
   5112.0000000000   4.5847564659e+02   1.5666206303e+02   4.4436203054e+02
   5113.0000000000   4.5861223406e+02   1.5674933813e+02   4.4449891014e+02
   5114.0000000000   4.5874747234e+02   1.5683633979e+02   4.4463014903e+02
   5115.0000000000   4.5888173611e+02   1.5692307978e+02   4.4476018387e+02
   5116.0000000000   4.5901522995e+02   1.5700956867e+02   4.4488945370e+02
   5117.0000000000   4.5914808246e+02   1.5709581597e+02   4.4501813786e+02
   5118.0000000000   4.5928038183e+02   1.5718183035e+02   4.4514633440e+02
   5119.0000000000   4.5942076790e+02   1.5726761970e+02   4.4528312307e+02
   5120.0000000000   4.5956426611e+02   1.5735319126e+02   4.4541424806e+02
   5121.0000000000   4.5970151282e+02   1.5743855170e+02   4.4555317252e+02
   5122.0000000000   4.5984571047e+02   1.5752370718e+02   4.4568604167e+02
   5123.0000000000   4.5998383875e+02   1.5760866342e+02   4.4581745178e+02
   5124.0000000000   4.6012034990e+02   1.5769342575e+02   4.4594792252e+02
   5125.0000000000   4.6025578732e+02   1.5777799913e+02   4.4607768038e+02
   5126.0000000000   4.6039039907e+02   1.5786238821e+02   4.4620685348e+02
   5127.0000000000   4.6052433027e+02   1.5794659738e+02   4.4633552473e+02
   5128.0000000000   4.6065767707e+02   1.5803063073e+02   4.4646375246e+02
   5129.0000000000   4.6079908392e+02   1.5812350946e+02   4.4659158011e+02
   5130.0000000000   4.6094357924e+02   1.5821093770e+02   4.4671904143e+02
   5131.0000000000   4.6108180162e+02   1.5830634939e+02   4.4684616348e+02
   5132.0000000000   4.6121837956e+02   1.5839586749e+02   4.4697296853e+02
   5133.0000000000   4.6135389327e+02   1.5848407066e+02   4.4710849258e+02
   5134.0000000000   4.6148859920e+02   1.5857146435e+02   4.4724746936e+02
   5135.0000000000   4.6163121872e+02   1.5865826324e+02   4.4738002629e+02
   5136.0000000000   4.6176824731e+02   1.5874458555e+02   4.4751100783e+02
   5137.0000000000   4.6191252434e+02   1.5883050571e+02   4.4764100625e+02
   5138.0000000000   4.6205089920e+02   1.5891607473e+02   4.4777929405e+02
   5139.0000000000   4.6219633781e+02   1.5901034701e+02   4.4791171303e+02
   5140.0000000000   4.6233575014e+02   1.5909905113e+02   4.4805178313e+02
   5141.0000000000   4.6247356043e+02   1.5918662236e+02   4.4818568572e+02
   5142.0000000000   4.6262745013e+02   1.5927349771e+02   4.4831804150e+02
   5143.0000000000   4.6277903791e+02   1.5935985427e+02   4.4844938750e+02
   5144.0000000000   4.6293183569e+02   1.5945480499e+02   4.4857996296e+02
   5145.0000000000   4.6307733279e+02   1.5955312766e+02   4.4870990564e+02
   5146.0000000000   4.6322907707e+02   1.5964497726e+02   4.4883930592e+02
   5147.0000000000   4.6337423222e+02   1.5973521653e+02   4.4896822802e+02
   5148.0000000000   4.6351736341e+02   1.5982445040e+02   4.4909672011e+02
   5149.0000000000   4.6365908966e+02   1.5991294315e+02   4.4923383712e+02
   5150.0000000000   4.6379971291e+02   1.6000084272e+02   4.4936530975e+02
   5151.0000000000   4.6393941833e+02   1.6008824357e+02   4.4950459339e+02
   5152.0000000000   4.6408690853e+02   1.6017521114e+02   4.4963782860e+02
   5153.0000000000   4.6423725322e+02   1.6027081081e+02   4.4977862611e+02
   5154.0000000000   4.6438112192e+02   1.6036077984e+02   4.4992222156e+02
   5155.0000000000   4.6452316721e+02   1.6044956049e+02   4.5005895392e+02
   5156.0000000000   4.6466398855e+02   1.6054661292e+02   4.5019378294e+02
   5157.0000000000   4.6481243382e+02   1.6063781953e+02   4.5032737266e+02
   5158.0000000000   4.6495506280e+02   1.6072769327e+02   4.5046002677e+02
   5159.0000000000   4.6509617820e+02   1.6082573426e+02   4.5059192128e+02
   5160.0000000000   4.6523625494e+02   1.6091784978e+02   4.5072317156e+02
   5161.0000000000   4.6537550556e+02   1.6100856937e+02   4.5085385925e+02
   5162.0000000000   4.6551405531e+02   1.6109838749e+02   4.5098404528e+02
   5163.0000000000   4.6565198881e+02   1.6118751946e+02   4.5111377698e+02
   5164.0000000000   4.6578936810e+02   1.6129412273e+02   4.5125210950e+02
   5165.0000000000   4.6592624117e+02   1.6139869574e+02   4.5138477430e+02
   5166.0000000000   4.6606264656e+02   1.6149582218e+02   4.5151621044e+02
   5167.0000000000   4.6619861606e+02   1.6159981365e+02   4.5164685910e+02
   5168.0000000000   4.6633417655e+02   1.6169714791e+02   4.5177690156e+02
   5169.0000000000   4.6646935104e+02   1.6179259390e+02   4.5191545489e+02
   5170.0000000000   4.6661273521e+02   1.6188677520e+02   4.5204828346e+02
   5171.0000000000   4.6675074759e+02   1.6197998671e+02   4.5217984553e+02
   5172.0000000000   4.6688760083e+02   1.6207240464e+02   4.5231059413e+02
   5173.0000000000   4.6702370764e+02   1.6216414719e+02   4.5244973558e+02
   5174.0000000000   4.6715923509e+02   1.6225529955e+02   4.5258307526e+02
   5175.0000000000   4.6729427388e+02   1.6235494349e+02   4.5271509386e+02
   5176.0000000000   4.6742888152e+02   1.6244883002e+02   4.5284625817e+02
   5177.0000000000   4.6756309830e+02   1.6254141303e+02   4.5297676628e+02
   5178.0000000000   4.6770552997e+02   1.6263314530e+02   4.5311574673e+02
   5179.0000000000   4.6784260112e+02   1.6272421735e+02   4.5324897210e+02
   5180.0000000000   4.6797852804e+02   1.6281473643e+02   4.5338090659e+02
   5181.0000000000   4.6811372556e+02   1.6290477268e+02   4.5351200774e+02
   5182.0000000000   4.6824836193e+02   1.6299437632e+02   4.5364246796e+02
   5183.0000000000   4.6838252837e+02   1.6309260291e+02   4.5378141216e+02
   5184.0000000000   4.6851628256e+02   1.6318518323e+02   4.5391461040e+02
   5185.0000000000   4.6864966465e+02   1.6328557264e+02   4.5404652516e+02
   5186.0000000000   4.6878270447e+02   1.6337991161e+02   4.5417761267e+02
   5187.0000000000   4.6891542530e+02   1.6347279349e+02   4.5430806439e+02
   5188.0000000000   4.6904784595e+02   1.6357375351e+02   4.5443798716e+02
   5189.0000000000   4.6917998205e+02   1.6366871751e+02   4.5456745002e+02
   5190.0000000000   4.6932042252e+02   1.6378026081e+02   4.5469650180e+02
   5191.0000000000   4.6946415534e+02   1.6388028610e+02   4.5482517917e+02
   5192.0000000000   4.6960178847e+02   1.6397784030e+02   4.5495351089e+02
   5193.0000000000   4.6974650215e+02   1.6407388856e+02   4.5508152027e+02
   5194.0000000000   4.6988525837e+02   1.6416883893e+02   4.5520922665e+02
   5195.0000000000   4.7002249500e+02   1.6426291744e+02   4.5533664644e+02
   5196.0000000000   4.7015874357e+02   1.6435626788e+02   4.5546379377e+02
   5197.0000000000   4.7029424224e+02   1.6444898993e+02   4.5559068094e+02
   5198.0000000000   4.7042912775e+02   1.6454115686e+02   4.5571731883e+02
   5199.0000000000   4.7056348913e+02   1.6463282488e+02   4.5584371714e+02
   5200.0000000000   4.7069738905e+02   1.6472403853e+02   4.5596988454e+02
   5201.0000000000   4.7083087410e+02   1.6482385137e+02   4.5609582892e+02
   5202.0000000000   4.7096398033e+02   1.6491799391e+02   4.5622155743e+02
   5203.0000000000   4.7109673650e+02   1.6501992203e+02   4.5634707663e+02
   5204.0000000000   4.7122916614e+02   1.6511577712e+02   4.5648140988e+02
   5205.0000000000   4.7136986452e+02   1.6521015358e+02   4.5661026318e+02
   5206.0000000000   4.7150524918e+02   1.6531258772e+02   4.5674707220e+02
   5207.0000000000   4.7163953147e+02   1.6540900643e+02   4.5687796139e+02
   5208.0000000000   4.7177312257e+02   1.6550395140e+02   4.5700751079e+02
   5209.0000000000   4.7190618790e+02   1.6559792537e+02   4.5713622708e+02
   5210.0000000000   4.7203881645e+02   1.6570918443e+02   4.5726432605e+02
   5211.0000000000   4.7217106401e+02   1.6580925701e+02   4.5740094424e+02
   5212.0000000000   4.7230296917e+02   1.6590705353e+02   4.5753185747e+02
   5213.0000000000   4.7244313601e+02   1.6600347254e+02   4.5768858274e+02
   5214.0000000000   4.7257798748e+02   1.6609888427e+02   4.5782867843e+02
   5215.0000000000   4.7271173830e+02   1.6619349107e+02   4.5796557527e+02
   5216.0000000000   4.7284480178e+02   1.6628742091e+02   4.5810063688e+02
   5217.0000000000   4.7297734471e+02   1.6638977969e+02   4.5824343560e+02
   5218.0000000000   4.7312660818e+02   1.6648633303e+02   4.5837996921e+02
   5219.0000000000   4.7326545029e+02   1.6658154425e+02   4.5852385185e+02
   5220.0000000000   4.7340230389e+02   1.6668488973e+02   4.5866132722e+02
   5221.0000000000   4.7353799493e+02   1.6678226487e+02   4.5879705989e+02
   5222.0000000000   4.7367285435e+02   1.6688721057e+02   4.5894063654e+02
   5223.0000000000   4.7380705824e+02   1.6699493629e+02   4.5907802142e+02
   5224.0000000000   4.7394071524e+02   1.6710478739e+02   4.5923181938e+02
   5225.0000000000   4.7407389893e+02   1.6720741959e+02   4.5937395626e+02
   5226.0000000000   4.7420666238e+02   1.6730790858e+02   4.5951349750e+02
   5227.0000000000   4.7433904574e+02   1.6740697722e+02   4.5965142328e+02
   5228.0000000000   4.7447108048e+02   1.6750496462e+02   4.5978815405e+02
   5229.0000000000   4.7460279193e+02   1.6760207050e+02   4.5992392614e+02
   5230.0000000000   4.7473420100e+02   1.6770744460e+02   4.6005889201e+02
   5231.0000000000   4.7486532524e+02   1.6780688188e+02   4.6019315871e+02
   5232.0000000000   4.7499617963e+02   1.6791388390e+02   4.6032680580e+02
   5233.0000000000   4.7512677711e+02   1.6801462576e+02   4.6045989495e+02
   5234.0000000000   4.7525712902e+02   1.6811372761e+02   4.6059247540e+02
   5235.0000000000   4.7538724535e+02   1.6821172860e+02   4.6072458750e+02
   5236.0000000000   4.7551713500e+02   1.6831788864e+02   4.6085626494e+02
   5237.0000000000   4.7564680599e+02   1.6841804988e+02   4.6098753630e+02
   5238.0000000000   4.7577626554e+02   1.6851671992e+02   4.6111842614e+02
   5239.0000000000   4.7590552021e+02   1.6862340353e+02   4.6124895584e+02
   5240.0000000000   4.7603457602e+02   1.6872401559e+02   4.6137914417e+02
   5241.0000000000   4.7616343849e+02   1.6883211114e+02   4.6150900775e+02
   5242.0000000000   4.7629211271e+02   1.6894291034e+02   4.6163856141e+02
   5243.0000000000   4.7643775465e+02   1.6905576689e+02   4.6177683580e+02
   5244.0000000000   4.7657317046e+02   1.6916134323e+02   4.6190954340e+02
   5245.0000000000   4.7670675824e+02   1.6927373786e+02   4.6204110831e+02
   5246.0000000000   4.7684789478e+02   1.6937937868e+02   4.6217195971e+02
   5247.0000000000   4.7698329339e+02   1.6948302187e+02   4.6230226911e+02
   5248.0000000000   4.7712588848e+02   1.6958528972e+02   4.6243212820e+02
   5249.0000000000   4.7726257687e+02   1.6968647991e+02   4.6256159421e+02
   5250.0000000000   4.7740634993e+02   1.6978677280e+02   4.6269070656e+02
   5251.0000000000   4.7754413185e+02   1.6988629118e+02   4.6281949434e+02
   5252.0000000000   4.7768035480e+02   1.6998512475e+02   4.6294798008e+02
   5253.0000000000   4.7781555329e+02   1.7009235964e+02   4.6307618190e+02
   5254.0000000000   4.7795854633e+02   1.7021178557e+02   4.6320411481e+02
   5255.0000000000   4.7809587697e+02   1.7032827846e+02   4.6334080887e+02
   5256.0000000000   4.7823183620e+02   1.7043682140e+02   4.6347197550e+02
   5257.0000000000   4.7836688974e+02   1.7054285977e+02   4.6360203749e+02
   5258.0000000000   4.7850124236e+02   1.7064724779e+02   4.6373142258e+02
   5259.0000000000   4.7863501252e+02   1.7075038734e+02   4.6386931811e+02
   5260.0000000000   4.7876827874e+02   1.7085251352e+02   4.6400151472e+02
   5261.0000000000   4.7890109754e+02   1.7095378094e+02   4.6413248134e+02
   5262.0000000000   4.7903351180e+02   1.7105429925e+02   4.6426267519e+02
   5263.0000000000   4.7916555537e+02   1.7115415044e+02   4.6439228634e+02
   5264.0000000000   4.7929725574e+02   1.7125339829e+02   4.6452141930e+02
   5265.0000000000   4.7944578698e+02   1.7135209392e+02   4.6465014044e+02
   5266.0000000000   4.7959254576e+02   1.7145027933e+02   4.6477849581e+02
   5267.0000000000   4.7973234352e+02   1.7154798968e+02   4.6490651943e+02
   5268.0000000000   4.7987876457e+02   1.7164525490e+02   4.6503423753e+02
   5269.0000000000   4.8001892990e+02   1.7174210081e+02   4.6516167105e+02
   5270.0000000000   4.8015736047e+02   1.7183854994e+02   4.6529785447e+02
   5271.0000000000   4.8029463819e+02   1.7193462216e+02   4.6542850263e+02
   5272.0000000000   4.8043103479e+02   1.7203033513e+02   4.6555804093e+02
   5273.0000000000   4.8056671076e+02   1.7212570466e+02   4.6568689917e+02
   5274.0000000000   4.8070177282e+02   1.7222074501e+02   4.6582426634e+02
   5275.0000000000   4.8083629723e+02   1.7231546912e+02   4.6595593436e+02
   5276.0000000000   4.8097034133e+02   1.7240988877e+02   4.6608637322e+02
   5277.0000000000   4.8110394986e+02   1.7250401478e+02   4.6622505829e+02
   5278.0000000000   4.8124573436e+02   1.7259785707e+02   4.6635788077e+02
   5279.0000000000   4.8138212521e+02   1.7269142484e+02   4.6648935888e+02
   5280.0000000000   4.8151734407e+02   1.7278472658e+02   4.6661997861e+02
   5281.0000000000   4.8165181059e+02   1.7287777021e+02   4.6674994877e+02
   5282.0000000000   4.8179427286e+02   1.7298859775e+02   4.6688840423e+02
   5283.0000000000   4.8193980233e+02   1.7309763433e+02   4.6702112136e+02
   5284.0000000000   4.8207905773e+02   1.7319941320e+02   4.6715256669e+02
   5285.0000000000   4.8221667764e+02   1.7329919200e+02   4.6729221642e+02
   5286.0000000000   4.8235324740e+02   1.7339772042e+02   4.6742596413e+02
   5287.0000000000   4.8248902597e+02   1.7349533277e+02   4.6755833092e+02
   5288.0000000000   4.8262416021e+02   1.7359221637e+02   4.6768980563e+02
   5289.0000000000   4.8275874502e+02   1.7368849000e+02   4.6782961713e+02
   5290.0000000000   4.8289284698e+02   1.7378423524e+02   4.6796358591e+02
   5291.0000000000   4.8302651555e+02   1.7387951146e+02   4.6809620333e+02
   5292.0000000000   4.8315978905e+02   1.7400141567e+02   4.6822794397e+02
   5293.0000000000   4.8329269810e+02   1.7410708462e+02   4.6835901172e+02
   5294.0000000000   4.8343384346e+02   1.7421880368e+02   4.6848952227e+02
   5295.0000000000   4.8356964704e+02   1.7432355442e+02   4.6861955119e+02
   5296.0000000000   4.8370432374e+02   1.7443527424e+02   4.6874915226e+02
   5297.0000000000   4.8384686329e+02   1.7454936680e+02   4.6887836597e+02
   5298.0000000000   4.8398383450e+02   1.7466528842e+02   4.6901624142e+02
   5299.0000000000   4.8411952545e+02   1.7477376467e+02   4.6914850478e+02
   5300.0000000000   4.8426296809e+02   1.7487991819e+02   4.6927959052e+02
   5301.0000000000   4.8441790913e+02   1.7498450505e+02   4.6940993581e+02
   5302.0000000000   4.8456145640e+02   1.7508788869e+02   4.6953971846e+02
   5303.0000000000   4.8470247292e+02   1.7519028725e+02   4.6966903514e+02
   5304.0000000000   4.8484195991e+02   1.7529184740e+02   4.6979794709e+02
   5305.0000000000   4.8498034232e+02   1.7539267492e+02   4.6992649697e+02
   5306.0000000000   4.8511785434e+02   1.7550186725e+02   4.7006373382e+02
   5307.0000000000   4.8526321950e+02   1.7562322236e+02   4.7019538279e+02
   5308.0000000000   4.8540294036e+02   1.7573260501e+02   4.7032587694e+02
   5309.0000000000   4.8554128811e+02   1.7583930253e+02   4.7045565198e+02
   5310.0000000000   4.8567871789e+02   1.7595336810e+02   4.7058488422e+02
   5311.0000000000   4.8581542859e+02   1.7606094005e+02   4.7071366894e+02
   5312.0000000000   4.8595153536e+02   1.7616667331e+02   4.7084206607e+02
   5313.0000000000   4.8608711490e+02   1.7627114070e+02   4.7097011708e+02
   5314.0000000000   4.8622222278e+02   1.7637461119e+02   4.7109785259e+02
   5315.0000000000   4.8635690154e+02   1.7648626398e+02   4.7123431365e+02
   5316.0000000000   4.8649118503e+02   1.7660092687e+02   4.7137423702e+02
   5317.0000000000   4.8664225221e+02   1.7670879394e+02   4.7151676933e+02
   5318.0000000000   4.8678292806e+02   1.7681475942e+02   4.7165245659e+02
   5319.0000000000   4.8692162633e+02   1.7691945412e+02   4.7178630486e+02
   5320.0000000000   4.8705916142e+02   1.7702316397e+02   4.7191898884e+02
   5321.0000000000   4.8719585712e+02   1.7712605538e+02   4.7205982965e+02
   5322.0000000000   4.8733188499e+02   1.7722823868e+02   4.7219470043e+02
   5323.0000000000   4.8746735089e+02   1.7732979315e+02   4.7232812536e+02
   5324.0000000000   4.8760232666e+02   1.7743077902e+02   4.7246060083e+02
   5325.0000000000   4.8773686441e+02   1.7753124386e+02   4.7259234591e+02
   5326.0000000000   4.8787100382e+02   1.7763122641e+02   4.7272348727e+02
   5327.0000000000   4.8800477619e+02   1.7773977626e+02   4.7285410866e+02
   5328.0000000000   4.8814678259e+02   1.7784262125e+02   4.7298427009e+02
   5329.0000000000   4.8828344507e+02   1.7794419815e+02   4.7311401691e+02
   5330.0000000000   4.8841897853e+02   1.7804494676e+02   4.7324338478e+02
   5331.0000000000   4.8855379705e+02   1.7815406493e+02   4.7337240251e+02
   5332.0000000000   4.8868806847e+02   1.7826636987e+02   4.7350109395e+02
   5333.0000000000   4.8883045945e+02   1.7839007382e+02   4.7363849651e+02
   5334.0000000000   4.8896742843e+02   1.7850145536e+02   4.7377032782e+02
   5335.0000000000   4.8910321249e+02   1.7860995666e+02   4.7390101594e+02
   5336.0000000000   4.8923824012e+02   1.7871668895e+02   4.7403099310e+02
   5337.0000000000   4.8937268897e+02   1.7882213196e+02   4.7416043319e+02
   5338.0000000000   4.8950665702e+02   1.7892655269e+02   4.7428942976e+02
   5339.0000000000   4.8964020690e+02   1.7903012079e+02   4.7441804148e+02
   5340.0000000000   4.8977338248e+02   1.7913295346e+02   4.7455532622e+02
   5341.0000000000   4.8990621647e+02   1.7923513648e+02   4.7468701440e+02
   5342.0000000000   4.9003873435e+02   1.7933673544e+02   4.7481754237e+02
   5343.0000000000   4.9017095669e+02   1.7944681943e+02   4.7494734797e+02
   5344.0000000000   4.9031147612e+02   1.7955113089e+02   4.7507660897e+02
   5345.0000000000   4.9044670789e+02   1.7965411776e+02   4.7521443896e+02
   5346.0000000000   4.9058086135e+02   1.7975622854e+02   4.7534659904e+02
   5347.0000000000   4.9071434593e+02   1.7986666800e+02   4.7547754432e+02
   5348.0000000000   4.9084732555e+02   1.7997124157e+02   4.7560772501e+02
   5349.0000000000   4.9097988785e+02   1.8007443091e+02   4.7573732744e+02
   5350.0000000000   4.9111208749e+02   1.8017670427e+02   4.7586645407e+02
   5351.0000000000   4.9125253761e+02   1.8027826139e+02   4.7599517019e+02
   5352.0000000000   4.9139624229e+02   1.8037921530e+02   4.7612352131e+02
   5353.0000000000   4.9153382065e+02   1.8047963992e+02   4.7625154123e+02
   5354.0000000000   4.9166988534e+02   1.8057958811e+02   4.7637925613e+02
   5355.0000000000   4.9181357906e+02   1.8068811727e+02   4.7650668703e+02
   5356.0000000000   4.9195154808e+02   1.8079095957e+02   4.7665188587e+02
   5357.0000000000   4.9208812574e+02   1.8090157145e+02   4.7679528540e+02
   5358.0000000000   4.9222379718e+02   1.8100609426e+02   4.7694044218e+02
   5359.0000000000   4.9235877654e+02   1.8110912207e+02   4.7707831901e+02
   5360.0000000000   4.9249318670e+02   1.8121117342e+02   4.7721408246e+02
   5361.0000000000   4.9262710813e+02   1.8131247428e+02   4.7734848905e+02
   5362.0000000000   4.9276059792e+02   1.8141315269e+02   4.7749992552e+02
   5363.0000000000   4.9289369881e+02   1.8151329173e+02   4.7763999674e+02
   5364.0000000000   4.9302644413e+02   1.8161295008e+02   4.7778667898e+02
   5365.0000000000   4.9315886062e+02   1.8171217165e+02   4.7792660392e+02
   5366.0000000000   4.9329097030e+02   1.8182000808e+02   4.7806457792e+02
   5367.0000000000   4.9342279160e+02   1.8192218746e+02   4.7820123919e+02
   5368.0000000000   4.9355434024e+02   1.8203216318e+02   4.7833689050e+02
   5369.0000000000   4.9369420541e+02   1.8213607422e+02   4.7847171317e+02
   5370.0000000000   4.9382879984e+02   1.8223851272e+02   4.7860582916e+02
   5371.0000000000   4.9397090663e+02   1.8233999559e+02   4.7873932661e+02
   5372.0000000000   4.9410733460e+02   1.8244074742e+02   4.7887227236e+02
   5373.0000000000   4.9424244353e+02   1.8254991236e+02   4.7900471895e+02
   5374.0000000000   4.9437671880e+02   1.8265327288e+02   4.7913670882e+02
   5375.0000000000   4.9451036870e+02   1.8275529987e+02   4.7926827697e+02
   5376.0000000000   4.9464350933e+02   1.8285645560e+02   4.7939945283e+02
   5377.0000000000   4.9478479037e+02   1.8295693596e+02   4.7953927877e+02
   5378.0000000000   4.9492066414e+02   1.8305685117e+02   4.7967347686e+02
   5379.0000000000   4.9505536552e+02   1.8315627294e+02   4.7980647912e+02
   5380.0000000000   4.9518932228e+02   1.8325525224e+02   4.7993872135e+02
   5381.0000000000   4.9532271201e+02   1.8335382749e+02   4.8007038062e+02
   5382.0000000000   4.9545563281e+02   1.8345202893e+02   4.8020155336e+02
   5383.0000000000   4.9560529873e+02   1.8354988112e+02   4.8033230086e+02
   5384.0000000000   4.9574455557e+02   1.8364740449e+02   4.8046266602e+02
   5385.0000000000   4.9588183014e+02   1.8374461639e+02   4.8059268096e+02
   5386.0000000000   4.9601794532e+02   1.8384153180e+02   4.8072237084e+02
   5387.0000000000   4.9616180614e+02   1.8393816378e+02   4.8086077340e+02
   5388.0000000000   4.9629998885e+02   1.8403452389e+02   4.8099360616e+02
   5389.0000000000   4.9644537448e+02   1.8413062246e+02   4.8112529679e+02
   5390.0000000000   4.9659341175e+02   1.8422646874e+02   4.8125627707e+02
   5391.0000000000   4.9673490621e+02   1.8432207115e+02   4.8138672039e+02
   5392.0000000000   4.9687457305e+02   1.8441743734e+02   4.8151671984e+02
   5393.0000000000   4.9701304413e+02   1.8451257433e+02   4.8164633367e+02
   5394.0000000000   4.9715918495e+02   1.8461650593e+02   4.8178461935e+02
   5395.0000000000   4.9730814072e+02   1.8471493856e+02   4.8191730695e+02
   5396.0000000000   4.9745062032e+02   1.8481229096e+02   4.8204883253e+02
   5397.0000000000   4.9759129828e+02   1.8490898750e+02   4.8218865099e+02
   5398.0000000000   4.9773078675e+02   1.8500519542e+02   4.8232264033e+02
   5399.0000000000   4.9786936531e+02   1.8510100252e+02   4.8245530980e+02
   5400.0000000000   4.9800719705e+02   1.8519646257e+02   4.8258713907e+02
   5401.0000000000   4.9814438989e+02   1.8529161183e+02   4.8271833236e+02
   5402.0000000000   4.9828102107e+02   1.8538647651e+02   4.8284900381e+02
   5403.0000000000   4.9841714886e+02   1.8548107651e+02   4.8297922678e+02
   5404.0000000000   4.9855281896e+02   1.8557542757e+02   4.8312708727e+02
   5405.0000000000   4.9868806824e+02   1.8566954252e+02   4.8326402431e+02
   5406.0000000000   4.9882292719e+02   1.8576343206e+02   4.8339889381e+02
   5407.0000000000   4.9895742144e+02   1.8585710532e+02   4.8354157515e+02
   5408.0000000000   4.9909157288e+02   1.8595958754e+02   4.8368713029e+02
   5409.0000000000   4.9922540046e+02   1.8605658613e+02   4.8382585570e+02
   5410.0000000000   4.9937607199e+02   1.8615252043e+02   4.8396269658e+02
   5411.0000000000   4.9951640388e+02   1.8625683254e+02   4.8409831100e+02
   5412.0000000000   4.9965480312e+02   1.8636440764e+02   4.8423299989e+02
   5413.0000000000   4.9979207871e+02   1.8646544723e+02   4.8436693791e+02
   5414.0000000000   4.9993712564e+02   1.8656483737e+02   4.8450023969e+02
   5415.0000000000   5.0008508833e+02   1.8667221313e+02   4.8463298643e+02
   5416.0000000000   5.0022666747e+02   1.8677354661e+02   4.8476523880e+02
   5417.0000000000   5.0036652798e+02   1.8687340342e+02   4.8489704388e+02
   5418.0000000000   5.0050527286e+02   1.8699033462e+02   4.8502843936e+02
   5419.0000000000   5.0065174910e+02   1.8710498795e+02   4.8515945608e+02
   5420.0000000000   5.0079251350e+02   1.8721202262e+02   4.8529011980e+02
   5421.0000000000   5.0094044038e+02   1.8731677709e+02   4.8542045236e+02
   5422.0000000000   5.0108240112e+02   1.8742005702e+02   4.8555047254e+02
   5423.0000000000   5.0123137635e+02   1.8752223756e+02   4.8568019666e+02
   5424.0000000000   5.0138286206e+02   1.8762353687e+02   4.8580963906e+02
   5425.0000000000   5.0152769091e+02   1.8772409770e+02   4.8593881244e+02
   5426.0000000000   5.0167059577e+02   1.8782402070e+02   4.8606772813e+02
   5427.0000000000   5.0181222095e+02   1.8792338060e+02   4.8619639633e+02
   5428.0000000000   5.0195286569e+02   1.8802223510e+02   4.8633384357e+02
   5429.0000000000   5.0209270600e+02   1.8812063006e+02   4.8646577868e+02
   5430.0000000000   5.0223185884e+02   1.8822762014e+02   4.8660563978e+02
   5431.0000000000   5.0237040799e+02   1.8832893676e+02   4.8674857089e+02
   5432.0000000000   5.0251699230e+02   1.8843803655e+02   4.8688485445e+02
   5433.0000000000   5.0265806220e+02   1.8855007879e+02   4.8701941209e+02
   5434.0000000000   5.0279785466e+02   1.8866437612e+02   4.8716189773e+02
   5435.0000000000   5.0293680132e+02   1.8878057882e+02   4.8729829485e+02
   5436.0000000000   5.0307508433e+02   1.8888944640e+02   4.8743317660e+02
   5437.0000000000   5.0321280654e+02   1.8899610232e+02   4.8756706467e+02
   5438.0000000000   5.0335003546e+02   1.8910129508e+02   4.8770019261e+02
   5439.0000000000   5.0348681962e+02   1.8921439628e+02   4.8783269592e+02
   5440.0000000000   5.0362319608e+02   1.8932131567e+02   4.8797368136e+02
   5441.0000000000   5.0375919437e+02   1.8942660509e+02   4.8810891319e+02
   5442.0000000000   5.0389483877e+02   1.8953078257e+02   4.8824285256e+02
   5443.0000000000   5.0403872533e+02   1.8963408454e+02   4.8837595618e+02
   5444.0000000000   5.0417727246e+02   1.8973665188e+02   4.8850841657e+02
   5445.0000000000   5.0433184363e+02   1.8984759752e+02   4.8864034185e+02
   5446.0000000000   5.0447565270e+02   1.8995269192e+02   4.8877180231e+02
   5447.0000000000   5.0461726001e+02   1.9006541952e+02   4.8892088257e+02
   5448.0000000000   5.0476612842e+02   1.9017194305e+02   4.8905902123e+02
   5449.0000000000   5.0491760001e+02   1.9027687334e+02   4.8919507429e+02
   5450.0000000000   5.0507104610e+02   1.9038975976e+02   4.8932990425e+02
   5451.0000000000   5.0522616232e+02   1.9049653974e+02   4.8946385588e+02
   5452.0000000000   5.0537418381e+02   1.9060176366e+02   4.8959711271e+02
   5453.0000000000   5.0552000097e+02   1.9070594153e+02   4.8973880562e+02
   5454.0000000000   5.0566433952e+02   1.9080930094e+02   4.8987471228e+02
   5455.0000000000   5.0580754730e+02   1.9091197469e+02   4.9000930187e+02
   5456.0000000000   5.0596698325e+02   1.9101405140e+02   4.9015205352e+02
   5457.0000000000   5.0611558807e+02   1.9111559519e+02   4.9028886361e+02
   5458.0000000000   5.0626185546e+02   1.9121665502e+02   4.9042425582e+02
   5459.0000000000   5.0641523356e+02   1.9132628709e+02   4.9056773870e+02
   5460.0000000000   5.0656249087e+02   1.9143022360e+02   4.9070522634e+02
   5461.0000000000   5.0670803005e+02   1.9153290430e+02   4.9085027124e+02
   5462.0000000000   5.0685238270e+02   1.9164378829e+02   4.9098907299e+02
   5463.0000000000   5.0699579706e+02   1.9175777524e+02   4.9112626412e+02
   5464.0000000000   5.0714699819e+02   1.9186507911e+02   4.9126239007e+02
   5465.0000000000   5.0729248884e+02   1.9197961412e+02   4.9139769644e+02
   5466.0000000000   5.0744511640e+02   1.9208770796e+02   4.9153232609e+02
   5467.0000000000   5.0759173811e+02   1.9219405391e+02   4.9167539085e+02
   5468.0000000000   5.0773675151e+02   1.9229923109e+02   4.9181265889e+02
   5469.0000000000   5.0788067230e+02   1.9240350581e+02   4.9194859451e+02
   5470.0000000000   5.0802373364e+02   1.9250703458e+02   4.9208365708e+02
   5471.0000000000   5.0816607240e+02   1.9260992149e+02   4.9222705879e+02
   5472.0000000000   5.0830778027e+02   1.9271224120e+02   4.9237362758e+02
   5473.0000000000   5.0844892380e+02   1.9281405017e+02   4.9251354920e+02
   5474.0000000000   5.0858955396e+02   1.9292441001e+02   4.9266072502e+02
   5475.0000000000   5.0872971136e+02   1.9302905700e+02   4.9280147626e+02
   5476.0000000000   5.0886942929e+02   1.9313243392e+02   4.9295852746e+02
   5477.0000000000   5.0901731128e+02   1.9324400227e+02   4.9310385683e+02
   5478.0000000000   5.0915978203e+02   1.9334964623e+02   4.9324655600e+02
   5479.0000000000   5.0930105914e+02   1.9345388076e+02   4.9338761935e+02
   5480.0000000000   5.0944155934e+02   1.9355719079e+02   4.9352747541e+02
   5481.0000000000   5.0958145305e+02   1.9365978528e+02   4.9366636526e+02
   5482.0000000000   5.0972083373e+02   1.9376178273e+02   4.9380444422e+02
   5483.0000000000   5.0985976126e+02   1.9386326044e+02   4.9394182103e+02
   5484.0000000000   5.0999827793e+02   1.9396427340e+02   4.9407857628e+02
   5485.0000000000   5.1013641561e+02   1.9406486303e+02   4.9421477219e+02
   5486.0000000000   5.1028277512e+02   1.9417407926e+02   4.9435045833e+02
   5487.0000000000   5.1042377795e+02   1.9427764899e+02   4.9448567517e+02
   5488.0000000000   5.1057221404e+02   1.9438000739e+02   4.9462947375e+02
   5489.0000000000   5.1072347341e+02   1.9448159233e+02   4.9476758306e+02
   5490.0000000000   5.1087689694e+02   1.9458258229e+02   4.9491345809e+02
   5491.0000000000   5.1103214744e+02   1.9469209192e+02   4.9506225710e+02
   5492.0000000000   5.1118043313e+02   1.9479588357e+02   4.9520427473e+02
   5493.0000000000   5.1132662316e+02   1.9489841372e+02   4.9534444315e+02
   5494.0000000000   5.1147142649e+02   1.9500013392e+02   4.9548340812e+02
   5495.0000000000   5.1162375322e+02   1.9510123186e+02   4.9562146076e+02
   5496.0000000000   5.1177020114e+02   1.9521082867e+02   4.9575876812e+02
   5497.0000000000   5.1191509734e+02   1.9531469135e+02   4.9589543907e+02
   5498.0000000000   5.1205893288e+02   1.9541727986e+02   4.9603155042e+02
   5499.0000000000   5.1220193124e+02   1.9551904834e+02   4.9618519416e+02
   5500.0000000000   5.1235280086e+02   1.9562018650e+02   4.9632781573e+02
   5501.0000000000   5.1249803252e+02   1.9572079971e+02   4.9646827723e+02
   5502.0000000000   5.1265046455e+02   1.9582095578e+02   4.9660744644e+02
   5503.0000000000   5.1279694704e+02   1.9592070246e+02   4.9674567278e+02
   5504.0000000000   5.1294187170e+02   1.9602909285e+02   4.9688314384e+02
   5505.0000000000   5.1308574938e+02   1.9613185537e+02   4.9701997674e+02
   5506.0000000000   5.1322880918e+02   1.9623342583e+02   4.9717428652e+02
   5507.0000000000   5.1337118441e+02   1.9633424219e+02   4.9731753292e+02
   5508.0000000000   5.1352153933e+02   1.9644350007e+02   4.9745858742e+02
   5509.0000000000   5.1366633865e+02   1.9654699686e+02   4.9759832431e+02
   5510.0000000000   5.1380982799e+02   1.9664920714e+02   4.9774611497e+02
   5511.0000000000   5.1396102010e+02   1.9675961021e+02   4.9788785087e+02
   5512.0000000000   5.1410650167e+02   1.9686410068e+02   4.9803708225e+02
   5513.0000000000   5.1425057506e+02   1.9696719974e+02   4.9818001116e+02
   5514.0000000000   5.1441085949e+02   1.9706939603e+02   4.9833029093e+02
   5515.0000000000   5.1456893662e+02   1.9717090067e+02   4.9848318824e+02
   5516.0000000000   5.1471971859e+02   1.9727183333e+02   4.9862906549e+02
   5517.0000000000   5.1486827708e+02   1.9737227183e+02   4.9877290075e+02
   5518.0000000000   5.1501537513e+02   1.9747227124e+02   4.9892438996e+02
   5519.0000000000   5.1516994340e+02   1.9757187280e+02   4.9907856651e+02
   5520.0000000000   5.1531858950e+02   1.9768012606e+02   4.9922572994e+02
   5521.0000000000   5.1546564606e+02   1.9778275743e+02   4.9937083629e+02
   5522.0000000000   5.1561160781e+02   1.9788420151e+02   4.9951455591e+02
   5523.0000000000   5.1575670090e+02   1.9798489554e+02   4.9965720152e+02
   5524.0000000000   5.1590106024e+02   1.9808501735e+02   4.9979895853e+02
   5525.0000000000   5.1604477750e+02   1.9818466363e+02   4.9993995118e+02
   5526.0000000000   5.1619649554e+02   1.9829291294e+02   5.0008026925e+02
   5527.0000000000   5.1634266715e+02   1.9840452571e+02   5.0021998105e+02
   5528.0000000000   5.1648753085e+02   1.9850964729e+02   5.0035914049e+02
   5529.0000000000   5.1663151942e+02   1.9861313475e+02   5.0049779136e+02
   5530.0000000000   5.1677481592e+02   1.9871558959e+02   5.0063597001e+02
   5531.0000000000   5.1691752399e+02   1.9881727396e+02   5.0078272450e+02
   5532.0000000000   5.1705971181e+02   1.9891833459e+02   5.0092378163e+02
   5533.0000000000   5.1720142855e+02   1.9901886522e+02   5.0107259476e+02
   5534.0000000000   5.1734271186e+02   1.9911893098e+02   5.0121530364e+02
   5535.0000000000   5.1748359184e+02   1.9922759717e+02   5.0136551890e+02
   5536.0000000000   5.1762409328e+02   1.9933060115e+02   5.0151847667e+02
   5537.0000000000   5.1776423713e+02   1.9943238540e+02   5.0166451668e+02
   5538.0000000000   5.1791261701e+02   1.9954241040e+02   5.0181761701e+02
   5539.0000000000   5.1805564950e+02   1.9964655891e+02   5.0197316059e+02
   5540.0000000000   5.1819754548e+02   1.9974934429e+02   5.0212156594e+02
   5541.0000000000   5.1833871597e+02   1.9985124977e+02   5.0226784270e+02
   5542.0000000000   5.1848790214e+02   1.9995248264e+02   5.0241268906e+02
   5543.0000000000   5.1863159415e+02   2.0005315974e+02   5.0255643357e+02
   5544.0000000000   5.1877404523e+02   2.0015335676e+02   5.0269927116e+02
   5545.0000000000   5.1891569312e+02   2.0026214446e+02   5.0285034938e+02
   5546.0000000000   5.1907387254e+02   2.0036526327e+02   5.0299546234e+02
   5547.0000000000   5.1922148713e+02   2.0048519221e+02   5.0314811136e+02
   5548.0000000000   5.1936699631e+02   2.0060279382e+02   5.0329447172e+02
   5549.0000000000   5.1951981898e+02   2.0073081267e+02   5.0343916389e+02
   5550.0000000000   5.1966669918e+02   2.0084600199e+02   5.0358272745e+02
   5551.0000000000   5.1981201912e+02   2.0095799649e+02   5.0372540548e+02
   5552.0000000000   5.1995629320e+02   2.0107702607e+02   5.0386734017e+02
   5553.0000000000   5.2009975507e+02   2.0119834925e+02   5.0400862647e+02
   5554.0000000000   5.2024254172e+02   2.0131238656e+02   5.0414933312e+02
   5555.0000000000   5.2038474428e+02   2.0143318501e+02   5.0428951264e+02
   5556.0000000000   5.2052642823e+02   2.0154716378e+02   5.0442920679e+02
   5557.0000000000   5.2066764314e+02   2.0166809973e+02   5.0456844973e+02
   5558.0000000000   5.2080842800e+02   2.0179133950e+02   5.0470727005e+02
   5559.0000000000   5.2094881435e+02   2.0190730146e+02   5.0484569212e+02
   5560.0000000000   5.2109740394e+02   2.0202100485e+02   5.0498373700e+02
   5561.0000000000   5.2124061970e+02   2.0214217716e+02   5.0513044047e+02
   5562.0000000000   5.2138267750e+02   2.0225685918e+02   5.0527151929e+02
   5563.0000000000   5.2152399238e+02   2.0236966989e+02   5.0541140120e+02
   5564.0000000000   5.2166473312e+02   2.0248116846e+02   5.0555051847e+02
   5565.0000000000   5.2180499164e+02   2.0259161953e+02   5.0568904534e+02
   5566.0000000000   5.2194482636e+02   2.0271020214e+02   5.0582707586e+02
   5567.0000000000   5.2208427816e+02   2.0282272852e+02   5.0596466938e+02
   5568.0000000000   5.2222337758e+02   2.0293369489e+02   5.0610186720e+02
   5569.0000000000   5.2236214854e+02   2.0304358518e+02   5.0623870008e+02
   5570.0000000000   5.2250061049e+02   2.0316163122e+02   5.0637519209e+02
   5571.0000000000   5.2263877959e+02   2.0327365984e+02   5.0651136276e+02
   5572.0000000000   5.2278524528e+02   2.0338416998e+02   5.0664722838e+02
   5573.0000000000   5.2292642036e+02   2.0349364415e+02   5.0678280285e+02
   5574.0000000000   5.2307508797e+02   2.0360229406e+02   5.0691809824e+02
   5575.0000000000   5.2322663258e+02   2.0371024287e+02   5.0705312519e+02
   5576.0000000000   5.2337181485e+02   2.0381757325e+02   5.0718789317e+02
   5577.0000000000   5.2351531722e+02   2.0392434558e+02   5.0732241071e+02
   5578.0000000000   5.2365774669e+02   2.0403060657e+02   5.0745668557e+02
   5579.0000000000   5.2379937383e+02   2.0413639375e+02   5.0759072482e+02
   5580.0000000000   5.2394035200e+02   2.0424173821e+02   5.0772453497e+02
   5581.0000000000   5.2408077977e+02   2.0434666624e+02   5.0785812204e+02
   5582.0000000000   5.2422072578e+02   2.0445120048e+02   5.0799149162e+02
   5583.0000000000   5.2436024060e+02   2.0455536069e+02   5.0812464893e+02
   5584.0000000000   5.2449936303e+02   2.0466818166e+02   5.0826661616e+02
   5585.0000000000   5.2463812382e+02   2.0477537939e+02   5.0840309836e+02
   5586.0000000000   5.2477654799e+02   2.0488138102e+02   5.0853851300e+02
   5587.0000000000   5.2491465632e+02   2.0498661842e+02   5.0867328336e+02
   5588.0000000000   5.2506104200e+02   2.0510930011e+02   5.0880757567e+02
   5589.0000000000   5.2520212097e+02   2.0522092081e+02   5.0894147686e+02
   5590.0000000000   5.2534210331e+02   2.0533938335e+02   5.0908405719e+02
   5591.0000000000   5.2548139918e+02   2.0545126774e+02   5.0923908732e+02
   5592.0000000000   5.2562017317e+02   2.0556134260e+02   5.0938240685e+02
   5593.0000000000   5.2575851358e+02   2.0567021767e+02   5.0952328063e+02
   5594.0000000000   5.2589647566e+02   2.0577817377e+02   5.0967174194e+02
   5595.0000000000   5.2604267310e+02   2.0588537493e+02   5.0981391160e+02
   5596.0000000000   5.2619211048e+02   2.0599192930e+02   5.0995442902e+02
   5597.0000000000   5.2633540739e+02   2.0609791380e+02   5.1009385330e+02
   5598.0000000000   5.2647717691e+02   2.0621240343e+02   5.1023244118e+02
   5599.0000000000   5.2661798650e+02   2.0632114358e+02   5.1037034361e+02
   5600.0000000000   5.2675808190e+02   2.0642858351e+02   5.1050766082e+02
   5601.0000000000   5.2690617541e+02   2.0654418942e+02   5.1064446448e+02
   5602.0000000000   5.2705733035e+02   2.0666286637e+02   5.1078080844e+02
   5603.0000000000   5.2720220457e+02   2.0677483245e+02   5.1091673473e+02
   5604.0000000000   5.2735401335e+02   2.0688498787e+02   5.1106129437e+02
   5605.0000000000   5.2749974433e+02   2.0699396244e+02   5.1120021545e+02
   5606.0000000000   5.2765243039e+02   2.0710203838e+02   5.1133793426e+02
   5607.0000000000   5.2779901903e+02   2.0720937734e+02   5.1147488960e+02
   5608.0000000000   5.2796110864e+02   2.0731608466e+02   5.1161126072e+02
   5609.0000000000   5.2811204602e+02   2.0742223476e+02   5.1174714556e+02
   5610.0000000000   5.2826047655e+02   2.0752788325e+02   5.1188260645e+02
   5611.0000000000   5.2841592161e+02   2.0763307341e+02   5.1203572170e+02
   5612.0000000000   5.2857376571e+02   2.0773784000e+02   5.1218694209e+02
   5613.0000000000   5.2872483649e+02   2.0785122899e+02   5.1233081987e+02
   5614.0000000000   5.2887387775e+02   2.0795896488e+02   5.1248164450e+02
   5615.0000000000   5.2902154637e+02   2.0806548135e+02   5.1262587748e+02
   5616.0000000000   5.2916815284e+02   2.0817121540e+02   5.1277729269e+02
   5617.0000000000   5.2931388278e+02   2.0827634496e+02   5.1292220447e+02
   5618.0000000000   5.2945886115e+02   2.0838096709e+02   5.1306531320e+02
   5619.0000000000   5.2961175407e+02   2.0848514355e+02   5.1321622531e+02
   5620.0000000000   5.2976760693e+02   2.0858891761e+02   5.1336091668e+02
   5621.0000000000   5.2991707195e+02   2.0869232168e+02   5.1351298195e+02
   5622.0000000000   5.3006478883e+02   2.0879538117e+02   5.1365865105e+02
   5623.0000000000   5.3021134716e+02   2.0889811671e+02   5.1380257921e+02
   5624.0000000000   5.3035701129e+02   2.0900054554e+02   5.1395434670e+02
   5625.0000000000   5.3050193379e+02   2.0910268235e+02   5.1409991339e+02
   5626.0000000000   5.3064621511e+02   2.0920453986e+02   5.1424384643e+02
   5627.0000000000   5.3078992712e+02   2.0930612926e+02   5.1438666865e+02
   5628.0000000000   5.3094169981e+02   2.0940746051e+02   5.1452861770e+02
   5629.0000000000   5.3108797692e+02   2.0950854254e+02   5.1466983437e+02
   5630.0000000000   5.3124156586e+02   2.0960938342e+02   5.1481041369e+02
   5631.0000000000   5.3138929514e+02   2.0970999053e+02   5.1495042504e+02
   5632.0000000000   5.3154411633e+02   2.0981037061e+02   5.1508992170e+02
   5633.0000000000   5.3169292930e+02   2.0991954722e+02   5.1522894616e+02
   5634.0000000000   5.3185730218e+02   2.1002322657e+02   5.1536753321e+02
   5635.0000000000   5.3201056145e+02   2.1012582720e+02   5.1550571196e+02
   5636.0000000000   5.3216133828e+02   2.1024580795e+02   5.1564350719e+02
   5637.0000000000   5.3231056828e+02   2.1036375411e+02   5.1578995761e+02
   5638.0000000000   5.3245865197e+02   2.1047428014e+02   5.1593078234e+02
   5639.0000000000   5.3261438919e+02   2.1058269123e+02   5.1607041101e+02
   5640.0000000000   5.3276432480e+02   2.1068976747e+02   5.1621829479e+02
   5641.0000000000   5.3292133202e+02   2.1079586388e+02   5.1636932695e+02
   5642.0000000000   5.3307228489e+02   2.1090118248e+02   5.1652273353e+02
   5643.0000000000   5.3323016799e+02   2.1100585287e+02   5.1666910755e+02
   5644.0000000000   5.3338190593e+02   2.1110996477e+02   5.1681348577e+02
   5645.0000000000   5.3353193467e+02   2.1121358382e+02   5.1695656439e+02
   5646.0000000000   5.3368936965e+02   2.1131675999e+02   5.1709866307e+02
   5647.0000000000   5.3384086104e+02   2.1141953255e+02   5.1724898402e+02
   5648.0000000000   5.3399075405e+02   2.1153095050e+02   5.1739334839e+02
   5649.0000000000   5.3413954727e+02   2.1165477498e+02   5.1754527177e+02
   5650.0000000000   5.3428746784e+02   2.1176684192e+02   5.1769093706e+02
   5651.0000000000   5.3443465072e+02   2.1187641541e+02   5.1783496878e+02
   5652.0000000000   5.3458118728e+02   2.1198451221e+02   5.1797790846e+02
   5653.0000000000   5.3472714445e+02   2.1209155428e+02   5.1811999990e+02
   5654.0000000000   5.3487257381e+02   2.1219776987e+02   5.1826138525e+02
   5655.0000000000   5.3501751667e+02   2.1230330102e+02   5.1840215898e+02
   5656.0000000000   5.3516200697e+02   2.1240824429e+02   5.1854238907e+02
   5657.0000000000   5.3531464889e+02   2.1251266949e+02   5.1869114445e+02
   5658.0000000000   5.3546186768e+02   2.1261662944e+02   5.1884318365e+02
   5659.0000000000   5.3560788148e+02   2.1272918283e+02   5.1899767073e+02
   5660.0000000000   5.3575310748e+02   2.1283606344e+02   5.1914516604e+02
   5661.0000000000   5.3589771650e+02   2.1294171185e+02   5.1929068764e+02
   5662.0000000000   5.3604180240e+02   2.1304657027e+02   5.1943492044e+02
   5663.0000000000   5.3618542538e+02   2.1315082066e+02   5.1958719432e+02
   5664.0000000000   5.3633720367e+02   2.1325456321e+02   5.1973339007e+02
   5665.0000000000   5.3649214592e+02   2.1336687944e+02   5.1987803859e+02
   5666.0000000000   5.3664087546e+02   2.1347351505e+02   5.2003065952e+02
   5667.0000000000   5.3678800879e+02   2.1357891713e+02   5.2018619501e+02
   5668.0000000000   5.3693411651e+02   2.1368353153e+02   5.2033489010e+02
   5669.0000000000   5.3707944727e+02   2.1378754226e+02   5.2048166519e+02
   5670.0000000000   5.3722414045e+02   2.1389105060e+02   5.2062716575e+02
   5671.0000000000   5.3736828533e+02   2.1399412134e+02   5.2077168633e+02
   5672.0000000000   5.3752051985e+02   2.1409679993e+02   5.2091539855e+02
   5673.0000000000   5.3767586666e+02   2.1419912035e+02   5.2105841592e+02
   5674.0000000000   5.3782495935e+02   2.1430110913e+02   5.2120081963e+02
   5675.0000000000   5.3797242215e+02   2.1441180508e+02   5.2134267100e+02
   5676.0000000000   5.3811883159e+02   2.1452594377e+02   5.2148401817e+02
   5677.0000000000   5.3826444100e+02   2.1463365392e+02   5.2162490006e+02
   5678.0000000000   5.3840939344e+02   2.1474879821e+02   5.2176534891e+02
   5679.0000000000   5.3856235682e+02   2.1485767000e+02   5.2190539189e+02
   5680.0000000000   5.3870979676e+02   2.1496493815e+02   5.2204505231e+02
   5681.0000000000   5.3885595841e+02   2.1507116354e+02   5.2218435036e+02
   5682.0000000000   5.3900127779e+02   2.1517659827e+02   5.2233232110e+02
   5683.0000000000   5.3915451489e+02   2.1528138753e+02   5.2247468067e+02
   5684.0000000000   5.3930217443e+02   2.1538562613e+02   5.2261585626e+02
   5685.0000000000   5.3944852115e+02   2.1548938098e+02   5.2275627967e+02
   5686.0000000000   5.3959400203e+02   2.1559270195e+02   5.2289612466e+02
   5687.0000000000   5.3973880809e+02   2.1569562770e+02   5.2303548490e+02
   5688.0000000000   5.3988304744e+02   2.1579818912e+02   5.2317441933e+02
   5689.0000000000   5.4002679072e+02   2.1590041152e+02   5.2331296890e+02
   5690.0000000000   5.4017008829e+02   2.1600231602e+02   5.2346018137e+02
   5691.0000000000   5.4031297824e+02   2.1610392059e+02   5.2360178092e+02
   5692.0000000000   5.4045549060e+02   2.1620524067e+02   5.2375121728e+02
   5693.0000000000   5.4059764980e+02   2.1631530706e+02   5.2391266074e+02
   5694.0000000000   5.4074805187e+02   2.1642884938e+02   5.2406210136e+02
   5695.0000000000   5.4090169062e+02   2.1653599178e+02   5.2420887978e+02
   5696.0000000000   5.4104917891e+02   2.1664157606e+02   5.2435405661e+02
   5697.0000000000   5.4120370113e+02   2.1674619228e+02   5.2449808133e+02
   5698.0000000000   5.4135222280e+02   2.1685911113e+02   5.2464120067e+02
   5699.0000000000   5.4150776053e+02   2.1696617283e+02   5.2479258692e+02
   5700.0000000000   5.4165724940e+02   2.1708991335e+02   5.2493804657e+02
   5701.0000000000   5.4180512696e+02   2.1720221333e+02   5.2508206972e+02
   5702.0000000000   5.4195193071e+02   2.1731210567e+02   5.2522513390e+02
   5703.0000000000   5.4209790596e+02   2.1742054573e+02   5.2536744722e+02
   5704.0000000000   5.4225177189e+02   2.1752793434e+02   5.2550912978e+02
   5705.0000000000   5.4240002453e+02   2.1763449186e+02   5.2565026137e+02
   5706.0000000000   5.4254692894e+02   2.1774035756e+02   5.2579089963e+02
   5707.0000000000   5.4269293509e+02   2.1784562732e+02   5.2593108857e+02
   5708.0000000000   5.4283823753e+02   2.1795037123e+02   5.2607086314e+02
   5709.0000000000   5.4298294785e+02   2.1805464274e+02   5.2621926922e+02
   5710.0000000000   5.4312713980e+02   2.1815848402e+02   5.2636203113e+02
   5711.0000000000   5.4327944209e+02   2.1826192916e+02   5.2650358236e+02
   5712.0000000000   5.4342629607e+02   2.1836500636e+02   5.2664435964e+02
   5713.0000000000   5.4358050646e+02   2.1846773931e+02   5.2678454069e+02
   5714.0000000000   5.4373747465e+02   2.1857014824e+02   5.2693323964e+02
   5715.0000000000   5.4388797484e+02   2.1867225062e+02   5.2707621846e+02
   5716.0000000000   5.4403670056e+02   2.1877406171e+02   5.2721793338e+02
   5717.0000000000   5.4418426804e+02   2.1887559496e+02   5.2735883578e+02
   5718.0000000000   5.4433095567e+02   2.1897686232e+02   5.2749911321e+02
   5719.0000000000   5.4447692342e+02   2.1907787450e+02   5.2763886940e+02
   5720.0000000000   5.4462227563e+02   2.1917864113e+02   5.2777817084e+02
   5721.0000000000   5.4476708592e+02   2.1927917097e+02   5.2791706424e+02
   5722.0000000000   5.4491140921e+02   2.1937947197e+02   5.2806460186e+02
   5723.0000000000   5.4505528819e+02   2.1947955143e+02   5.2820651146e+02
   5724.0000000000   5.4519875702e+02   2.1957941604e+02   5.2834722827e+02
   5725.0000000000   5.4534184379e+02   2.1967907200e+02   5.2848718982e+02
   5726.0000000000   5.4548457202e+02   2.1977852504e+02   5.2862657399e+02
   5727.0000000000   5.4563553737e+02   2.1987778049e+02   5.2876547742e+02
   5728.0000000000   5.4578115804e+02   2.1999487796e+02   5.2891297858e+02
   5729.0000000000   5.4592564614e+02   2.2011925765e+02   5.2905482045e+02
   5730.0000000000   5.4606941368e+02   2.2023115114e+02   5.2919544781e+02
   5731.0000000000   5.4621262697e+02   2.2034022728e+02   5.2934432176e+02
   5732.0000000000   5.4636395147e+02   2.2044765306e+02   5.2948732493e+02
   5733.0000000000   5.4650984477e+02   2.2055392342e+02   5.2962897018e+02
   5734.0000000000   5.4666311887e+02   2.2065930728e+02   5.2976974006e+02
   5735.0000000000   5.4681060263e+02   2.2077298864e+02   5.2990984114e+02
   5736.0000000000   5.4695667030e+02   2.2088078028e+02   5.3004938953e+02
   5737.0000000000   5.4710181821e+02   2.2098717569e+02   5.3018846024e+02
   5738.0000000000   5.4725483882e+02   2.2110167142e+02   5.3033612336e+02
   5739.0000000000   5.4740225589e+02   2.2121919400e+02   5.3047811874e+02
   5740.0000000000   5.4754834607e+02   2.2133899456e+02   5.3061889017e+02
   5741.0000000000   5.4770213970e+02   2.2145168533e+02   5.3075888150e+02
   5742.0000000000   5.4785023386e+02   2.2156231814e+02   5.3090729272e+02
   5743.0000000000   5.4799693723e+02   2.2167160110e+02   5.3104992462e+02
   5744.0000000000   5.4814272158e+02   2.2178888079e+02   5.3119125443e+02
   5745.0000000000   5.4828779344e+02   2.2190906765e+02   5.3133174626e+02
   5746.0000000000   5.4843227130e+02   2.2202240238e+02   5.3147159596e+02
   5747.0000000000   5.4858480873e+02   2.2213380768e+02   5.3161091297e+02
   5748.0000000000   5.4873186229e+02   2.2224393278e+02   5.3174976785e+02
   5749.0000000000   5.4887767103e+02   2.2235307596e+02   5.3188821034e+02
   5750.0000000000   5.4902266672e+02   2.2246141211e+02   5.3202627761e+02
   5751.0000000000   5.4916703057e+02   2.2257807483e+02   5.3216399871e+02
   5752.0000000000   5.4931086401e+02   2.2268884806e+02   5.3230139702e+02
   5753.0000000000   5.4945423291e+02   2.2279820814e+02   5.3243849193e+02
   5754.0000000000   5.4959718408e+02   2.2290662397e+02   5.3257529974e+02
   5755.0000000000   5.4973975286e+02   2.2301429809e+02   5.3271183448e+02
   5756.0000000000   5.4989054275e+02   2.2312134702e+02   5.3285712564e+02
   5757.0000000000   5.5003597732e+02   2.2322784824e+02   5.3299688440e+02
   5758.0000000000   5.5018027249e+02   2.2333385794e+02   5.3314455077e+02
   5759.0000000000   5.5032384303e+02   2.2343941923e+02   5.3328625292e+02
   5760.0000000000   5.5046685726e+02   2.2354456657e+02   5.3343559141e+02
   5761.0000000000   5.5060940656e+02   2.2364932828e+02   5.3357877618e+02
   5762.0000000000   5.5075154876e+02   2.2376274551e+02   5.3372043861e+02
   5763.0000000000   5.5089332412e+02   2.2387053911e+02   5.3386111929e+02
   5764.0000000000   5.5103476260e+02   2.2397713993e+02   5.3401007518e+02
   5765.0000000000   5.5117588756e+02   2.2408298272e+02   5.3417117822e+02
   5766.0000000000   5.5132529350e+02   2.2418824364e+02   5.3432033129e+02
   5767.0000000000   5.5147797258e+02   2.2429301829e+02   5.3446684240e+02
   5768.0000000000   5.5162453598e+02   2.2439736723e+02   5.3461175868e+02
   5769.0000000000   5.5177816643e+02   2.2450133275e+02   5.3475552401e+02
   5770.0000000000   5.5192582796e+02   2.2460494641e+02   5.3489838300e+02
   5771.0000000000   5.5207196005e+02   2.2470823290e+02   5.3504049020e+02
   5772.0000000000   5.5221709556e+02   2.2481121225e+02   5.3519096927e+02
   5773.0000000000   5.5236147379e+02   2.2491390116e+02   5.3533559826e+02
   5774.0000000000   5.5250523238e+02   2.2501631383e+02   5.3548786679e+02
   5775.0000000000   5.5264846113e+02   2.2511846257e+02   5.3563394105e+02
   5776.0000000000   5.5279122339e+02   2.2522035819e+02   5.3578745153e+02
   5777.0000000000   5.5293356629e+02   2.2532201031e+02   5.3593463216e+02
   5778.0000000000   5.5307552637e+02   2.2542342753e+02   5.3608013401e+02
   5779.0000000000   5.5321713281e+02   2.2552461765e+02   5.3622451398e+02
   5780.0000000000   5.5335840947e+02   2.2562558777e+02   5.3636802545e+02
   5781.0000000000   5.5349937630e+02   2.2572634438e+02   5.3651983424e+02
   5782.0000000000   5.5364005023e+02   2.2582689348e+02   5.3666573965e+02
   5783.0000000000   5.5378044583e+02   2.2592724062e+02   5.3681022598e+02
   5784.0000000000   5.5392057580e+02   2.2602739093e+02   5.3695376638e+02
   5785.0000000000   5.5406902695e+02   2.2612734922e+02   5.3710558305e+02
   5786.0000000000   5.5421221009e+02   2.2623613732e+02   5.3725149419e+02
   5787.0000000000   5.5435433111e+02   2.2633945988e+02   5.3739599104e+02
   5788.0000000000   5.5449579670e+02   2.2644173404e+02   5.3753954920e+02
   5789.0000000000   5.5463676855e+02   2.2654338276e+02   5.3768237415e+02
   5790.0000000000   5.5477733249e+02   2.2664457193e+02   5.3782458346e+02
   5791.0000000000   5.5491754165e+02   2.2674538819e+02   5.3796625471e+02
   5792.0000000000   5.5506600793e+02   2.2685490151e+02   5.3810744367e+02
   5793.0000000000   5.5520915869e+02   2.2695884760e+02   5.3825721016e+02
   5794.0000000000   5.5535121123e+02   2.2706166491e+02   5.3840128833e+02
   5795.0000000000   5.5550115606e+02   2.2716379167e+02   5.3854411890e+02
   5796.0000000000   5.5564556175e+02   2.2726540520e+02   5.3868614411e+02
   5797.0000000000   5.5579729129e+02   2.2736660085e+02   5.3882754599e+02
   5798.0000000000   5.5595177647e+02   2.2747645541e+02   5.3896842481e+02
   5799.0000000000   5.5609980856e+02   2.2758071005e+02   5.3910884493e+02
   5800.0000000000   5.5624609103e+02   2.2768380761e+02   5.3924885176e+02
   5801.0000000000   5.5639124604e+02   2.2778618997e+02   5.3938847944e+02
   5802.0000000000   5.5653555544e+02   2.2789705478e+02   5.3952775487e+02
   5803.0000000000   5.5667918117e+02   2.2800220037e+02   5.3966669992e+02
   5804.0000000000   5.5683080416e+02   2.2810610152e+02   5.3980533289e+02
   5805.0000000000   5.5698547489e+02   2.2820921997e+02   5.3994366937e+02
   5806.0000000000   5.5713384608e+02   2.2831174935e+02   5.4008172288e+02
   5807.0000000000   5.5728055571e+02   2.2842281431e+02   5.4021950530e+02
   5808.0000000000   5.5742619049e+02   2.2852818389e+02   5.4035702715e+02
   5809.0000000000   5.5757958708e+02   2.2864133646e+02   5.4049429790e+02
   5810.0000000000   5.5772729538e+02   2.2875744446e+02   5.4063132607e+02
   5811.0000000000   5.5787360933e+02   2.2886681129e+02   5.4076811943e+02
   5812.0000000000   5.5801899605e+02   2.2897437448e+02   5.4090468508e+02
   5813.0000000000   5.5816366104e+02   2.2908078302e+02   5.4104102955e+02
   5814.0000000000   5.5830772322e+02   2.2918632979e+02   5.4117715889e+02
   5815.0000000000   5.5845126153e+02   2.2929118268e+02   5.4131307869e+02
   5816.0000000000   5.5859433280e+02   2.2939545070e+02   5.4145781149e+02
   5817.0000000000   5.5874555590e+02   2.2949921038e+02   5.4160607994e+02
   5818.0000000000   5.5889136592e+02   2.2960251845e+02   5.4174800222e+02
   5819.0000000000   5.5903598768e+02   2.2971443598e+02   5.4188841500e+02
   5820.0000000000   5.5917984305e+02   2.2982069823e+02   5.4203692120e+02
   5821.0000000000   5.5932310609e+02   2.2992574671e+02   5.4217947075e+02
   5822.0000000000   5.5946587290e+02   2.3003002419e+02   5.4232061317e+02
   5823.0000000000   5.5960820526e+02   2.3013371295e+02   5.4246085278e+02
   5824.0000000000   5.5975014678e+02   2.3023691334e+02   5.4260040983e+02
   5825.0000000000   5.5990030590e+02   2.3033968961e+02   5.4273940938e+02
   5826.0000000000   5.6004510929e+02   2.3044208693e+02   5.4287793245e+02
   5827.0000000000   5.6018877496e+02   2.3054413914e+02   5.4301603594e+02
   5828.0000000000   5.6033171906e+02   2.3064587273e+02   5.4315376211e+02
   5829.0000000000   5.6047411093e+02   2.3074730915e+02   5.4329114358e+02
   5830.0000000000   5.6061604266e+02   2.3084846621e+02   5.4342820638e+02
   5831.0000000000   5.6075757258e+02   2.3094935898e+02   5.4356497176e+02
   5832.0000000000   5.6089874135e+02   2.3105901780e+02   5.4370145743e+02
   5833.0000000000   5.6103957923e+02   2.3117217177e+02   5.4383767838e+02
   5834.0000000000   5.6118868540e+02   2.3128796184e+02   5.4397364753e+02
   5835.0000000000   5.6133247978e+02   2.3139692973e+02   5.4410937610e+02
   5836.0000000000   5.6147517514e+02   2.3150407818e+02   5.4424487395e+02
   5837.0000000000   5.6161718351e+02   2.3161007929e+02   5.4438014983e+02
   5838.0000000000   5.6177582210e+02   2.3172425207e+02   5.4451521157e+02
   5839.0000000000   5.6192398193e+02   2.3183246797e+02   5.4465006622e+02
   5840.0000000000   5.6207011295e+02   2.3194826711e+02   5.4478472018e+02
   5841.0000000000   5.6221505111e+02   2.3205784516e+02   5.4491917928e+02
   5842.0000000000   5.6235913371e+02   2.3216583339e+02   5.4505344887e+02
   5843.0000000000   5.6250254113e+02   2.3227277686e+02   5.4519655117e+02
   5844.0000000000   5.6264538512e+02   2.3237892098e+02   5.4533419121e+02
   5845.0000000000   5.6279631716e+02   2.3248440843e+02   5.4547078637e+02
   5846.0000000000   5.6295036860e+02   2.3258933353e+02   5.4560675979e+02
   5847.0000000000   5.6310675449e+02   2.3269376369e+02   5.4574227753e+02
   5848.0000000000   5.6326507958e+02   2.3279774972e+02   5.4587742630e+02
   5849.0000000000   5.6341652113e+02   2.3291034874e+02   5.4602127615e+02
   5850.0000000000   5.6356593007e+02   2.3301729329e+02   5.4615956281e+02
   5851.0000000000   5.6371400396e+02   2.3312302299e+02   5.4630574206e+02
   5852.0000000000   5.6386106964e+02   2.3322797929e+02   5.4644595257e+02
   5853.0000000000   5.6400731875e+02   2.3335037818e+02   5.4658478480e+02
   5854.0000000000   5.6415287752e+02   2.3346172024e+02   5.4672275324e+02
   5855.0000000000   5.6429783550e+02   2.3357089559e+02   5.4686007969e+02
   5856.0000000000   5.6444225951e+02   2.3369682216e+02   5.4699688806e+02
   5857.0000000000   5.6458620139e+02   2.3382027654e+02   5.4714227475e+02
   5858.0000000000   5.6472970251e+02   2.3393597844e+02   5.4728199504e+02
   5859.0000000000   5.6487279672e+02   2.3404929975e+02   5.4742050235e+02
   5860.0000000000   5.6501551220e+02   2.3416106667e+02   5.4755824668e+02
   5861.0000000000   5.6515787282e+02   2.3427166801e+02   5.4769541478e+02
   5862.0000000000   5.6529989907e+02   2.3438133162e+02   5.4783210968e+02
   5863.0000000000   5.6544160871e+02   2.3449020745e+02   5.4797741457e+02
   5864.0000000000   5.6558301734e+02   2.3459840171e+02   5.4812609324e+02
   5865.0000000000   5.6572413874e+02   2.3470599358e+02   5.4826829351e+02
   5866.0000000000   5.6586498520e+02   2.3481304442e+02   5.4841789162e+02
   5867.0000000000   5.6600556774e+02   2.3491960313e+02   5.4857020815e+02
   5868.0000000000   5.6615447194e+02   2.3502570968e+02   5.4871561987e+02
   5869.0000000000   5.6629810772e+02   2.3513139729e+02   5.4885910655e+02
   5870.0000000000   5.6644068033e+02   2.3524571140e+02   5.4900134396e+02
   5871.0000000000   5.6658259599e+02   2.3535437655e+02   5.4915166051e+02
   5872.0000000000   5.6672401606e+02   2.3546182679e+02   5.4929593754e+02
   5873.0000000000   5.6687360181e+02   2.3556849959e+02   5.4943870688e+02
   5874.0000000000   5.6701780710e+02   2.3567457349e+02   5.4958047166e+02
   5875.0000000000   5.6716944076e+02   2.3578014611e+02   5.4972145680e+02
   5876.0000000000   5.6731532879e+02   2.3588527981e+02   5.4986179399e+02
   5877.0000000000   5.6745984294e+02   2.3599903576e+02   5.5000157131e+02
   5878.0000000000   5.6760347729e+02   2.3610714731e+02   5.5014085252e+02
   5879.0000000000   5.6775502230e+02   2.3621405352e+02   5.5027968621e+02
   5880.0000000000   5.6790957555e+02   2.3632019467e+02   5.5041811087e+02
   5881.0000000000   5.6805781291e+02   2.3642575075e+02   5.5055615779e+02
   5882.0000000000   5.6820438461e+02   2.3653082007e+02   5.5069385300e+02
   5883.0000000000   5.6834988415e+02   2.3663546516e+02   5.5083121850e+02
   5884.0000000000   5.6849457637e+02   2.3673972970e+02   5.5096827319e+02
   5885.0000000000   5.6863861241e+02   2.3684364628e+02   5.5110503348e+02
   5886.0000000000   5.6878209037e+02   2.3696527500e+02   5.5124151375e+02
   5887.0000000000   5.6892507920e+02   2.3707603733e+02   5.5138674407e+02
   5888.0000000000   5.6906763016e+02   2.3718477670e+02   5.5152643625e+02
   5889.0000000000   5.6920978294e+02   2.3729234599e+02   5.5166501366e+02
   5890.0000000000   5.6935156921e+02   2.3740809979e+02   5.5180290473e+02
   5891.0000000000   5.6950159051e+02   2.3751791605e+02   5.5194929751e+02
   5892.0000000000   5.6964626935e+02   2.3762631654e+02   5.5208998337e+02
   5893.0000000000   5.6978982110e+02   2.3773379361e+02   5.5223844930e+02
   5894.0000000000   5.6993266020e+02   2.3784056220e+02   5.5238085360e+02
   5895.0000000000   5.7007495482e+02   2.3794674528e+02   5.5253081751e+02
   5896.0000000000   5.7021679624e+02   2.3805242341e+02   5.5267456576e+02
   5897.0000000000   5.7035824222e+02   2.3815765388e+02   5.5282575813e+02
   5898.0000000000   5.7050790864e+02   2.3826247979e+02   5.5297064414e+02
   5899.0000000000   5.7065222629e+02   2.3836693486e+02   5.5311388326e+02
   5900.0000000000   5.7079541549e+02   2.3847104628e+02   5.5325603686e+02
   5901.0000000000   5.7093789374e+02   2.3857483655e+02   5.5339736051e+02
   5902.0000000000   5.7108840669e+02   2.3867832458e+02   5.5353800353e+02
   5903.0000000000   5.7123344765e+02   2.3878152658e+02   5.5367806479e+02
   5904.0000000000   5.7137727204e+02   2.3889347392e+02   5.5381761492e+02
   5905.0000000000   5.7152031916e+02   2.3899987937e+02   5.5395670710e+02
   5906.0000000000   5.7166277351e+02   2.3911418432e+02   5.5410440019e+02
   5907.0000000000   5.7181331328e+02   2.3922251818e+02   5.5424642808e+02
   5908.0000000000   5.7197555645e+02   2.3932946524e+02   5.5438723145e+02
   5909.0000000000   5.7212654795e+02   2.3945357057e+02   5.5452725257e+02
   5910.0000000000   5.7227511482e+02   2.3956645414e+02   5.5466667345e+02
   5911.0000000000   5.7242223556e+02   2.3967706440e+02   5.5480559432e+02
   5912.0000000000   5.7256831970e+02   2.3978631771e+02   5.5496211408e+02
   5913.0000000000   5.7271359041e+02   2.3989459296e+02   5.5510767886e+02
   5914.0000000000   5.7285818735e+02   2.4000209661e+02   5.5525114896e+02
   5915.0000000000   5.7300220588e+02   2.4010895832e+02   5.5539338942e+02
   5916.0000000000   5.7314571517e+02   2.4021526698e+02   5.5553474661e+02
   5917.0000000000   5.7328876768e+02   2.4032108734e+02   5.5567540506e+02
   5918.0000000000   5.7343140453e+02   2.4043548599e+02   5.5582449634e+02
   5919.0000000000   5.7357365886e+02   2.4055321947e+02   5.5596779856e+02
   5920.0000000000   5.7371555798e+02   2.4068246736e+02   5.5610978119e+02
   5921.0000000000   5.7385712475e+02   2.4079948881e+02   5.5625090624e+02
   5922.0000000000   5.7399837866e+02   2.4091371345e+02   5.5640038715e+02
   5923.0000000000   5.7413933651e+02   2.4103526120e+02   5.5654403495e+02
   5924.0000000000   5.7428001292e+02   2.4115030601e+02   5.5668633492e+02
   5925.0000000000   5.7442042079e+02   2.4126352329e+02   5.5682775759e+02
   5926.0000000000   5.7456057156e+02   2.4137549813e+02   5.5696850409e+02
   5927.0000000000   5.7470047545e+02   2.4148650702e+02   5.5711770552e+02
   5928.0000000000   5.7484014168e+02   2.4159671645e+02   5.5726113658e+02
   5929.0000000000   5.7497957858e+02   2.4171525652e+02   5.5741228059e+02
   5930.0000000000   5.7511879376e+02   2.4182790973e+02   5.5756631439e+02
   5931.0000000000   5.7525779415e+02   2.4193915185e+02   5.5771354530e+02
   5932.0000000000   5.7539658615e+02   2.4204945154e+02   5.5785891440e+02
   5933.0000000000   5.7554375128e+02   2.4215901131e+02   5.5800307386e+02
   5934.0000000000   5.7568569588e+02   2.4226794770e+02   5.5814631944e+02
   5935.0000000000   5.7583519763e+02   2.4238535555e+02   5.5828882169e+02
   5936.0000000000   5.7597906083e+02   2.4249699153e+02   5.5843069201e+02
   5937.0000000000   5.7613879256e+02   2.4260731196e+02   5.5857200917e+02
   5938.0000000000   5.7628767659e+02   2.4271677051e+02   5.5871283191e+02
   5939.0000000000   5.7643431227e+02   2.4282555788e+02   5.5885320588e+02
   5940.0000000000   5.7658818608e+02   2.4293378120e+02   5.5899316763e+02
   5941.0000000000   5.7673607953e+02   2.4304151030e+02   5.5913274712e+02
   5942.0000000000   5.7688239745e+02   2.4315781243e+02   5.5927196943e+02
   5943.0000000000   5.7703624430e+02   2.4326842595e+02   5.5941085587e+02
   5944.0000000000   5.7718426423e+02   2.4337779410e+02   5.5955844216e+02
   5945.0000000000   5.7733079774e+02   2.4348636068e+02   5.5970044475e+02
   5946.0000000000   5.7747633917e+02   2.4359430871e+02   5.5985030824e+02
   5947.0000000000   5.7762968721e+02   2.4370173909e+02   5.5999416480e+02
   5948.0000000000   5.7779452502e+02   2.4380871661e+02   5.6013660120e+02
   5949.0000000000   5.7795651455e+02   2.4391528695e+02   5.6028714732e+02
   5950.0000000000   5.7811948823e+02   2.4402148444e+02   5.6043172463e+02
   5951.0000000000   5.7827504381e+02   2.4412733608e+02   5.6058388745e+02
   5952.0000000000   5.7842820295e+02   2.4423286383e+02   5.6072983493e+02
   5953.0000000000   5.7857975496e+02   2.4433808602e+02   5.6087419818e+02
   5954.0000000000   5.7873008374e+02   2.4444301828e+02   5.6102653817e+02
   5955.0000000000   5.7887941966e+02   2.4455669145e+02   5.6117279907e+02
   5956.0000000000   5.7903649259e+02   2.4466481784e+02   5.6132655236e+02
   5957.0000000000   5.7919638968e+02   2.4477182117e+02   5.6148302781e+02
   5958.0000000000   5.7934979209e+02   2.4487813006e+02   5.6163256751e+02
   5959.0000000000   5.7950993611e+02   2.4498391540e+02   5.6178013676e+02
   5960.0000000000   5.7966382785e+02   2.4508926821e+02   5.6192640543e+02
   5961.0000000000   5.7981594067e+02   2.4520326237e+02   5.6207168267e+02
   5962.0000000000   5.7996683519e+02   2.4532065440e+02   5.6221614939e+02
   5963.0000000000   5.8012534945e+02   2.4543158630e+02   5.6235992525e+02
   5964.0000000000   5.8027804147e+02   2.4554091235e+02   5.6250309569e+02
   5965.0000000000   5.8043779029e+02   2.4565824892e+02   5.6264572494e+02
   5966.0000000000   5.8060004874e+02   2.4576955652e+02   5.6278786322e+02
   5967.0000000000   5.8075562870e+02   2.4587939322e+02   5.6292955093e+02
   5968.0000000000   5.8090925243e+02   2.4599728768e+02   5.6307082132e+02
   5969.0000000000   5.8106155882e+02   2.4611818376e+02   5.6322973696e+02
   5970.0000000000   5.8122999576e+02   2.4624134240e+02   5.6337772252e+02
   5971.0000000000   5.8138754008e+02   2.4635738170e+02   5.6352362484e+02
   5972.0000000000   5.8154270266e+02   2.4647135695e+02   5.6366830024e+02
   5973.0000000000   5.8169636516e+02   2.4658397844e+02   5.6382110657e+02
   5974.0000000000   5.8184890051e+02   2.4669557673e+02   5.6396792484e+02
   5975.0000000000   5.8200051771e+02   2.4680634531e+02   5.6411327970e+02
   5976.0000000000   5.8215135198e+02   2.4691641171e+02   5.6426668344e+02
   5977.0000000000   5.8231007444e+02   2.4702586655e+02   5.6441405391e+02
   5978.0000000000   5.8246315751e+02   2.4713477762e+02   5.6455992946e+02
   5979.0000000000   5.8261485405e+02   2.4724319759e+02   5.6470481193e+02
   5980.0000000000   5.8276560777e+02   2.4735116863e+02   5.6484892287e+02
   5981.0000000000   5.8291561030e+02   2.4745872526e+02   5.6500140771e+02
   5982.0000000000   5.8306497216e+02   2.4756589629e+02   5.6514805171e+02
   5983.0000000000   5.8321376721e+02   2.4768172350e+02   5.6529332896e+02
   5984.0000000000   5.8336204933e+02   2.4779192833e+02   5.6543770488e+02
   5985.0000000000   5.8350986018e+02   2.4790094221e+02   5.6558137837e+02
   5986.0000000000   5.8365723330e+02   2.4800920036e+02   5.6572446238e+02
   5987.0000000000   5.8380419647e+02   2.4811687934e+02   5.6586703109e+02
   5988.0000000000   5.8395077322e+02   2.4822407507e+02   5.6600913766e+02
   5989.0000000000   5.8409698386e+02   2.4833084839e+02   5.6615082251e+02
   5990.0000000000   5.8424284610e+02   2.4843724181e+02   5.6629211764e+02
   5991.0000000000   5.8438837564e+02   2.4854328703e+02   5.6643304922e+02
   5992.0000000000   5.8453358648e+02   2.4864900888e+02   5.6657363909e+02
   5993.0000000000   5.8467849119e+02   2.4875442748e+02   5.6671390590e+02
   5994.0000000000   5.8482310120e+02   2.4885955957e+02   5.6685386575e+02
   5995.0000000000   5.8496742688e+02   2.4896441941e+02   5.6699353277e+02
   5996.0000000000   5.8511147776e+02   2.4906901932e+02   5.6714193677e+02
   5997.0000000000   5.8525526261e+02   2.4917337013e+02   5.6728478936e+02
   5998.0000000000   5.8539878952e+02   2.4927748141e+02   5.6742651376e+02
   5999.0000000000   5.8555064162e+02   2.4938136178e+02   5.6756753825e+02
   6000.0000000000   5.8569722680e+02   2.4948501899e+02   5.6771705085e+02
   6001.0000000000   5.8585132419e+02   2.4958846011e+02   5.6786084285e+02
   6002.0000000000   5.8599973947e+02   2.4969169160e+02   5.6800338391e+02
   6003.0000000000   5.8614682977e+02   2.4979471940e+02   5.6815414924e+02
   6004.0000000000   5.8629307836e+02   2.4989754900e+02   5.6829903004e+02
   6005.0000000000   5.8643869177e+02   2.5000018552e+02   5.6844254464e+02
   6006.0000000000   5.8659236028e+02   2.5011165102e+02   5.6858517924e+02
   6007.0000000000   5.8674055767e+02   2.5021765038e+02   5.6872714288e+02
   6008.0000000000   5.8688753138e+02   2.5032260095e+02   5.6886855341e+02
   6009.0000000000   5.8703371718e+02   2.5042692584e+02   5.6901850440e+02
   6010.0000000000   5.8717929795e+02   2.5053079111e+02   5.6917176732e+02
   6011.0000000000   5.8733295117e+02   2.5064330084e+02   5.6931849582e+02
   6012.0000000000   5.8748971888e+02   2.5075020825e+02   5.6947257075e+02
   6013.0000000000   5.8764024504e+02   2.5085596186e+02   5.6962029912e+02
   6014.0000000000   5.8778915974e+02   2.5096100625e+02   5.6976636032e+02
   6015.0000000000   5.8793704291e+02   2.5107454024e+02   5.6991132359e+02
   6016.0000000000   5.8808414977e+02   2.5118236256e+02   5.7005544775e+02
   6017.0000000000   5.8823920006e+02   2.5128894799e+02   5.7019888348e+02
   6018.0000000000   5.8838868742e+02   2.5139475802e+02   5.7034173013e+02
   6019.0000000000   5.8853687373e+02   2.5149998593e+02   5.7048405846e+02
   6020.0000000000   5.8868420567e+02   2.5160473866e+02   5.7063493889e+02
   6021.0000000000   5.8883087476e+02   2.5171810170e+02   5.7078011331e+02
   6022.0000000000   5.8897698978e+02   2.5182582298e+02   5.7092402818e+02
   6023.0000000000   5.8912262197e+02   2.5193235074e+02   5.7106713007e+02
   6024.0000000000   5.8926782219e+02   2.5203813121e+02   5.7120960432e+02
   6025.0000000000   5.8941262892e+02   2.5214334833e+02   5.7136057109e+02
   6026.0000000000   5.8955707244e+02   2.5224810299e+02   5.7150579715e+02
   6027.0000000000   5.8970117736e+02   2.5235245936e+02   5.7164974266e+02
   6028.0000000000   5.8984496414e+02   2.5245646217e+02   5.7179286218e+02
   6029.0000000000   5.8998845013e+02   2.5256014455e+02   5.7193534593e+02
   6030.0000000000   5.9013165024e+02   2.5267254953e+02   5.7207729983e+02
   6031.0000000000   5.9027457750e+02   2.5278841544e+02   5.7221879225e+02
   6032.0000000000   5.9042581900e+02   2.5289787281e+02   5.7235987148e+02
   6033.0000000000   5.9057178583e+02   2.5300576821e+02   5.7250959111e+02
   6034.0000000000   5.9071668414e+02   2.5311269532e+02   5.7265368004e+02
   6035.0000000000   5.9086092085e+02   2.5321891028e+02   5.7280559184e+02
   6036.0000000000   5.9100465790e+02   2.5332455501e+02   5.7295146531e+02
   6037.0000000000   5.9114798135e+02   2.5343873668e+02   5.7309589226e+02
   6038.0000000000   5.9129094454e+02   2.5354721760e+02   5.7323938915e+02
   6039.0000000000   5.9143358395e+02   2.5365445617e+02   5.7339119740e+02
   6040.0000000000   5.9157592624e+02   2.5376090609e+02   5.7353714375e+02
   6041.0000000000   5.9171799193e+02   2.5386675700e+02   5.7368172287e+02
   6042.0000000000   5.9185979739e+02   2.5397211426e+02   5.7382541113e+02
   6043.0000000000   5.9200135607e+02   2.5409508030e+02   5.7396841346e+02
   6044.0000000000   5.9214267932e+02   2.5421612101e+02   5.7411986343e+02
   6045.0000000000   5.9228377684e+02   2.5432979879e+02   5.7426553742e+02
   6046.0000000000   5.9243323273e+02   2.5445041030e+02   5.7440990258e+02
   6047.0000000000   5.9258603098e+02   2.5456442229e+02   5.7455341872e+02
   6048.0000000000   5.9273277613e+02   2.5467659531e+02   5.7469628011e+02
   6049.0000000000   5.9288664549e+02   2.5478754632e+02   5.7484761312e+02
   6050.0000000000   5.9304317411e+02   2.5489756492e+02   5.7499318903e+02
   6051.0000000000   5.9319319847e+02   2.5500682293e+02   5.7513747131e+02
   6052.0000000000   5.9334144507e+02   2.5511543494e+02   5.7528091703e+02
   6053.0000000000   5.9349712455e+02   2.5522348306e+02   5.7542371833e+02
   6054.0000000000   5.9364692729e+02   2.5533102911e+02   5.7556598266e+02
   6055.0000000000   5.9379521701e+02   2.5543812139e+02   5.7570777956e+02
   6056.0000000000   5.9395107633e+02   2.5554479864e+02   5.7584915827e+02
   6057.0000000000   5.9410113653e+02   2.5566011005e+02   5.7599015585e+02
   6058.0000000000   5.9425830559e+02   2.5576978269e+02   5.7613080138e+02
   6059.0000000000   5.9440947327e+02   2.5587825233e+02   5.7627111844e+02
   6060.0000000000   5.9455905586e+02   2.5598595762e+02   5.7641112664e+02
   6061.0000000000   5.9470758029e+02   2.5610209517e+02   5.7655084258e+02
   6062.0000000000   5.9486386214e+02   2.5621246355e+02   5.7669028059e+02
   6063.0000000000   5.9501444323e+02   2.5632153856e+02   5.7683847048e+02
   6064.0000000000   5.9516361453e+02   2.5642978335e+02   5.7698112371e+02
   6065.0000000000   5.9531184238e+02   2.5653739322e+02   5.7712266329e+02
   6066.0000000000   5.9546790818e+02   2.5664447726e+02   5.7726351722e+02
   6067.0000000000   5.9561833246e+02   2.5675110588e+02   5.7740385586e+02
   6068.0000000000   5.9576739202e+02   2.5685732877e+02   5.7755278707e+02
   6069.0000000000   5.9592411895e+02   2.5696318313e+02   5.7769606741e+02
   6070.0000000000   5.9608368835e+02   2.5707771542e+02   5.7783814840e+02
   6071.0000000000   5.9623681240e+02   2.5718664960e+02   5.7798849459e+02
   6072.0000000000   5.9638816247e+02   2.5729441834e+02   5.7813299034e+02
   6073.0000000000   5.9653834625e+02   2.5740145734e+02   5.7827614926e+02
   6074.0000000000   5.9668763901e+02   2.5750794313e+02   5.7841845414e+02
   6075.0000000000   5.9683620006e+02   2.5761397133e+02   5.7856011145e+02
   6076.0000000000   5.9698413412e+02   2.5771960228e+02   5.7870123700e+02
   6077.0000000000   5.9713151573e+02   2.5782487789e+02   5.7884190542e+02
   6078.0000000000   5.9727840092e+02   2.5792982921e+02   5.7898216903e+02
   6079.0000000000   5.9742483354e+02   2.5803448039e+02   5.7913108407e+02
   6080.0000000000   5.9757084890e+02   2.5813885086e+02   5.7927438113e+02
   6081.0000000000   5.9771647618e+02   2.5824295669e+02   5.7941649753e+02
   6082.0000000000   5.9787031554e+02   2.5835582878e+02   5.7956688961e+02
   6083.0000000000   5.9801878884e+02   2.5846317929e+02   5.7971143679e+02
   6084.0000000000   5.9816611123e+02   2.5856943156e+02   5.7985464967e+02
   6085.0000000000   5.9832127290e+02   2.5867501381e+02   5.7999700914e+02
   6086.0000000000   5.9847084322e+02   2.5878009644e+02   5.8013872049e+02
   6087.0000000000   5.9861911091e+02   2.5888476994e+02   5.8027989883e+02
   6088.0000000000   5.9876653291e+02   2.5898909032e+02   5.8042061835e+02
   6089.0000000000   5.9891330446e+02   2.5910211311e+02   5.8056994848e+02
   6090.0000000000   5.9905953527e+02   2.5920956662e+02   5.8071362846e+02
   6091.0000000000   5.9920529634e+02   2.5931588537e+02   5.8085610160e+02
   6092.0000000000   5.9935063773e+02   2.5942150553e+02   5.8100682857e+02
   6093.0000000000   5.9949559696e+02   2.5952660338e+02   5.8115169210e+02
   6094.0000000000   5.9964020335e+02   2.5964029117e+02   5.8129520531e+02
   6095.0000000000   5.9978448059e+02   2.5974832878e+02   5.8144686844e+02
   6096.0000000000   5.9993702389e+02   2.5985517023e+02   5.8159258888e+02
   6097.0000000000   6.0008425075e+02   2.5996126472e+02   5.8173689626e+02
   6098.0000000000   6.0023037239e+02   2.6006679767e+02   5.8188930242e+02
   6099.0000000000   6.0037579991e+02   2.6017187071e+02   5.8203572326e+02
   6100.0000000000   6.0052927430e+02   2.6027654835e+02   5.8218069482e+02
   6101.0000000000   6.0067728537e+02   2.6038989275e+02   5.8232471662e+02
   6102.0000000000   6.0083266156e+02   2.6049763747e+02   5.8246800806e+02
   6103.0000000000   6.0098224098e+02   2.6060422129e+02   5.8262872987e+02
   6104.0000000000   6.0113897916e+02   2.6071008385e+02   5.8277836590e+02
   6105.0000000000   6.0128977694e+02   2.6081540432e+02   5.8292580169e+02
   6106.0000000000   6.0143905056e+02   2.6092929735e+02   5.8307192032e+02
   6107.0000000000   6.0158732322e+02   2.6104654217e+02   5.8321708156e+02
   6108.0000000000   6.0173483011e+02   2.6116631233e+02   5.8336148030e+02
   6109.0000000000   6.0188170728e+02   2.6128818944e+02   5.8350523893e+02
   6110.0000000000   6.0202804412e+02   2.6141191033e+02   5.8364844167e+02
   6111.0000000000   6.0218247979e+02   2.6152827295e+02   5.8379115023e+02
   6112.0000000000   6.0233146278e+02   2.6164242079e+02   5.8393341190e+02
   6113.0000000000   6.0247922723e+02   2.6176413117e+02   5.8407526416e+02
   6114.0000000000   6.0262620162e+02   2.6187946575e+02   5.8421673754e+02
   6115.0000000000   6.0277256491e+02   2.6199305134e+02   5.8435785740e+02
   6116.0000000000   6.0292699249e+02   2.6210544856e+02   5.8449864522e+02
   6117.0000000000   6.0307594982e+02   2.6221692031e+02   5.8463911944e+02
   6118.0000000000   6.0322367969e+02   2.6233664228e+02   5.8478831339e+02
   6119.0000000000   6.0337061529e+02   2.6245042256e+02   5.8493194160e+02
   6120.0000000000   6.0352551384e+02   2.6257177025e+02   5.8508344702e+02
   6121.0000000000   6.0367487750e+02   2.6268686522e+02   5.8524699508e+02
   6122.0000000000   6.0383154435e+02   2.6280033074e+02   5.8540758956e+02
   6123.0000000000   6.0399951148e+02   2.6291270811e+02   5.8556026877e+02
   6124.0000000000   6.0415596687e+02   2.6303325874e+02   5.8571952170e+02
   6125.0000000000   6.0431838532e+02   2.6314782582e+02   5.8588093310e+02
   6126.0000000000   6.0448276426e+02   2.6326091769e+02   5.8604404164e+02
   6127.0000000000   6.0464871431e+02   2.6337302227e+02   5.8620863457e+02
   6128.0000000000   6.0481604997e+02   2.6348435429e+02   5.8636556162e+02
   6129.0000000000   6.0497607590e+02   2.6359503849e+02   5.8652000918e+02
   6130.0000000000   6.0514230305e+02   2.6370515809e+02   5.8667277157e+02
   6131.0000000000   6.0530188918e+02   2.6381477349e+02   5.8683325487e+02
   6132.0000000000   6.0546797741e+02   2.6392393093e+02   5.8698739550e+02
   6133.0000000000   6.0562759214e+02   2.6403266726e+02   5.8714878371e+02
   6134.0000000000   6.0578523704e+02   2.6415003000e+02   5.8730365494e+02
   6135.0000000000   6.0594150033e+02   2.6427076225e+02   5.8745667267e+02
   6136.0000000000   6.0609666731e+02   2.6438499920e+02   5.8760840847e+02
   6137.0000000000   6.0625091375e+02   2.6449759190e+02   5.8776814729e+02
   6138.0000000000   6.0640436120e+02   2.6460913828e+02   5.8792175106e+02
   6139.0000000000   6.0655709973e+02   2.6471989844e+02   5.8807374338e+02
   6140.0000000000   6.0670919919e+02   2.6483001800e+02   5.8822462478e+02
   6141.0000000000   6.0686929116e+02   2.6494860757e+02   5.8838363792e+02
   6142.0000000000   6.0704954941e+02   2.6506143270e+02   5.8853661696e+02
   6143.0000000000   6.0721341208e+02   2.6517295475e+02   5.8868806606e+02
   6144.0000000000   6.0737390163e+02   2.6528363023e+02   5.8884748883e+02
   6145.0000000000   6.0753239672e+02   2.6540266868e+02   5.8900080022e+02
   6146.0000000000   6.0770661569e+02   2.6551587836e+02   5.8915253870e+02
   6147.0000000000   6.0786966663e+02   2.6562774247e+02   5.8930320773e+02
   6148.0000000000   6.0803871017e+02   2.6573873002e+02   5.8945303133e+02
   6149.0000000000   6.0820107496e+02   2.6584904096e+02   5.8960214043e+02
   6150.0000000000   6.0836136168e+02   2.6595878821e+02   5.8975964013e+02
   6151.0000000000   6.0853735082e+02   2.6606804535e+02   5.8991129478e+02
   6152.0000000000   6.0871072519e+02   2.6619489936e+02   5.9006156668e+02
   6153.0000000000   6.0887646628e+02   2.6631980795e+02   5.9021091436e+02
   6154.0000000000   6.0903969625e+02   2.6643732898e+02   5.9035953251e+02
   6155.0000000000   6.0920121647e+02   2.6655273924e+02   5.9051654898e+02
   6156.0000000000   6.0936141202e+02   2.6666680368e+02   5.9066773699e+02
   6157.0000000000   6.0952051380e+02   2.6678888634e+02   5.9081756221e+02
   6158.0000000000   6.0967867727e+02   2.6690488526e+02   5.9096648404e+02
   6159.0000000000   6.0983601504e+02   2.6702835825e+02   5.9112371429e+02
   6160.0000000000   6.0999261282e+02   2.6714551381e+02   5.9127506316e+02
   6161.0000000000   6.1015711394e+02   2.6726099303e+02   5.9143403293e+02
   6162.0000000000   6.1031597427e+02   2.6738436608e+02   5.9158679469e+02
   6163.0000000000   6.1047343643e+02   2.6750158526e+02   5.9173796311e+02
   6164.0000000000   6.1062993764e+02   2.6761721182e+02   5.9188807174e+02
   6165.0000000000   6.1078566539e+02   2.6773176389e+02   5.9203735791e+02
   6166.0000000000   6.1094072755e+02   2.6785449260e+02   5.9218595853e+02
   6167.0000000000   6.1109519633e+02   2.6797123600e+02   5.9234298115e+02
   6168.0000000000   6.1124912467e+02   2.6808649965e+02   5.9250320800e+02
   6169.0000000000   6.1140255370e+02   2.6820076986e+02   5.9265680145e+02
   6170.0000000000   6.1155551677e+02   2.6831426037e+02   5.9280863225e+02
   6171.0000000000   6.1170804169e+02   2.6842709527e+02   5.9295931310e+02
   6172.0000000000   6.1186015222e+02   2.6853935740e+02   5.9310911553e+02
   6173.0000000000   6.1201186893e+02   2.6866012416e+02   5.9326721156e+02
   6174.0000000000   6.1216320994e+02   2.6877514208e+02   5.9341940222e+02
   6175.0000000000   6.1232276701e+02   2.6889787836e+02   5.9357017177e+02
   6176.0000000000   6.1247695548e+02   2.6901448278e+02   5.9371999264e+02
   6177.0000000000   6.1262998542e+02   2.6913857346e+02   5.9387808607e+02
   6178.0000000000   6.1278226741e+02   2.6925637488e+02   5.9403026926e+02
   6179.0000000000   6.1293396677e+02   2.6938154807e+02   5.9418103252e+02
   6180.0000000000   6.1308517272e+02   2.6950034455e+02   5.9433986792e+02
   6181.0000000000   6.1323594156e+02   2.6961742618e+02   5.9449268066e+02
   6182.0000000000   6.1339488817e+02   2.6973335692e+02   5.9464400084e+02
   6183.0000000000   6.1354844272e+02   2.6984839493e+02   5.9479432469e+02
   6184.0000000000   6.1370082518e+02   2.6996269209e+02   5.9494386991e+02
   6185.0000000000   6.1386102852e+02   2.7007634976e+02   5.9509276188e+02
   6186.0000000000   6.1402419934e+02   2.7018944096e+02   5.9525010079e+02
   6187.0000000000   6.1418102812e+02   2.7030202111e+02   5.9540164661e+02
   6188.0000000000   6.1433616924e+02   2.7042315127e+02   5.9555185776e+02
   6189.0000000000   6.1449021677e+02   2.7053856733e+02   5.9570118922e+02
   6190.0000000000   6.1464343487e+02   2.7065271192e+02   5.9585884988e+02
   6191.0000000000   6.1479597363e+02   2.7076602912e+02   5.9601064783e+02
   6192.0000000000   6.1494793006e+02   2.7087870267e+02   5.9616106644e+02
   6193.0000000000   6.1509937216e+02   2.7099985175e+02   5.9631057503e+02
   6194.0000000000   6.1525035041e+02   2.7112425991e+02   5.9645937403e+02
   6195.0000000000   6.1540090384e+02   2.7124208748e+02   5.9661659417e+02
   6196.0000000000   6.1555106364e+02   2.7135820215e+02   5.9676801002e+02
   6197.0000000000   6.1570085537e+02   2.7147321344e+02   5.9691808767e+02
   6198.0000000000   6.1585030043e+02   2.7159640717e+02   5.9706728635e+02
   6199.0000000000   6.1599941703e+02   2.7171363572e+02   5.9721580006e+02
   6200.0000000000   6.1614822089e+02   2.7182941036e+02   5.9737275519e+02
   6201.0000000000   6.1631387703e+02   2.7194421917e+02   5.9752392316e+02
   6202.0000000000   6.1646919937e+02   2.7205827575e+02   5.9767376773e+02
   6203.0000000000   6.1663116836e+02   2.7218072048e+02   5.9783176364e+02
   6204.0000000000   6.1679556761e+02   2.7229733518e+02   5.9799282125e+02
   6205.0000000000   6.1695331263e+02   2.7241259149e+02   5.9814716206e+02
   6206.0000000000   6.1710916554e+02   2.7252695303e+02   5.9829968846e+02
   6207.0000000000   6.1726378085e+02   2.7264061728e+02   5.9846004912e+02
   6208.0000000000   6.1741746027e+02   2.7275369612e+02   5.9861422767e+02
   6209.0000000000   6.1757037889e+02   2.7286626288e+02   5.9876679963e+02
   6210.0000000000   6.1772265121e+02   2.7298738734e+02   5.9891828998e+02
   6211.0000000000   6.1788293363e+02   2.7310280981e+02   5.9906893582e+02
   6212.0000000000   6.1803768709e+02   2.7321697501e+02   5.9921887624e+02
   6213.0000000000   6.1819115499e+02   2.7333032790e+02   5.9936820410e+02
   6214.0000000000   6.1834377299e+02   2.7344305240e+02   5.9951698647e+02
   6215.0000000000   6.1849572570e+02   2.7355525015e+02   5.9966527439e+02
   6216.0000000000   6.1864711746e+02   2.7366698651e+02   5.9981310821e+02
   6217.0000000000   6.1879801661e+02   2.7377830764e+02   5.9996052074e+02
   6218.0000000000   6.1894847208e+02   2.7388924828e+02   6.0010753928e+02
   6219.0000000000   6.1909852106e+02   2.7399983575e+02   6.0025418695e+02
   6220.0000000000   6.1924819300e+02   2.7411009229e+02   6.0040048363e+02
   6221.0000000000   6.1940608760e+02   2.7422003648e+02   6.0054644663e+02
   6222.0000000000   6.1955862589e+02   2.7432968414e+02   6.0069209118e+02
   6223.0000000000   6.1971859766e+02   2.7443904898e+02   6.0083743081e+02
   6224.0000000000   6.1987281732e+02   2.7454814301e+02   6.0099149496e+02
   6225.0000000000   6.2002564933e+02   2.7465697691e+02   6.0113999498e+02
   6226.0000000000   6.2017758309e+02   2.7476556024e+02   6.0128735395e+02
   6227.0000000000   6.2033740601e+02   2.7488291896e+02   6.0143400011e+02
   6228.0000000000   6.2049163811e+02   2.7499476137e+02   6.0158010410e+02
   6229.0000000000   6.2065312878e+02   2.7510550781e+02   6.0172575682e+02
   6230.0000000000   6.2080873143e+02   2.7521558408e+02   6.0188003212e+02
   6231.0000000000   6.2096283750e+02   2.7532515867e+02   6.0202866922e+02
   6232.0000000000   6.2111595596e+02   2.7543432049e+02   6.0218512708e+02
   6233.0000000000   6.2126831322e+02   2.7554312430e+02   6.0233554735e+02
   6234.0000000000   6.2142003965e+02   2.7565160723e+02   6.0248452320e+02
   6235.0000000000   6.2157122087e+02   2.7576881363e+02   6.0263257166e+02
   6236.0000000000   6.2172191780e+02   2.7588046457e+02   6.0277991689e+02
   6237.0000000000   6.2188075186e+02   2.7600000694e+02   6.0292668499e+02
   6238.0000000000   6.2203415979e+02   2.7611357381e+02   6.0307295711e+02
   6239.0000000000   6.2218636749e+02   2.7622575197e+02   6.0321878999e+02
   6240.0000000000   6.2233779752e+02   2.7633705353e+02   6.0336422570e+02
   6241.0000000000   6.2248862442e+02   2.7644769870e+02   6.0350929675e+02
   6242.0000000000   6.2263894460e+02   2.7655781036e+02   6.0365402911e+02
   6243.0000000000   6.2278882004e+02   2.7666746695e+02   6.0379844407e+02
   6244.0000000000   6.2293829448e+02   2.7678574023e+02   6.0394255943e+02
   6245.0000000000   6.2308740083e+02   2.7689837074e+02   6.0408639036e+02
   6246.0000000000   6.2324474057e+02   2.7700980240e+02   6.0422994996e+02
   6247.0000000000   6.2340531125e+02   2.7712949618e+02   6.0438226700e+02
   6248.0000000000   6.2355972829e+02   2.7724333479e+02   6.0452905205e+02
   6249.0000000000   6.2371260228e+02   2.7735583126e+02   6.0467472732e+02
   6250.0000000000   6.2386449922e+02   2.7746746827e+02   6.0481972010e+02
   6251.0000000000   6.2402423968e+02   2.7757845252e+02   6.0496420014e+02
   6252.0000000000   6.2417836082e+02   2.7769791750e+02   6.0510825738e+02
   6253.0000000000   6.2433114631e+02   2.7781163867e+02   6.0525194744e+02
   6254.0000000000   6.2448305486e+02   2.7792408197e+02   6.0540432553e+02
   6255.0000000000   6.2464286067e+02   2.7803570592e+02   6.0556013701e+02
   6256.0000000000   6.2479707775e+02   2.7814670345e+02   6.0570951666e+02
   6257.0000000000   6.2494997710e+02   2.7825718233e+02   6.0585731368e+02
   6258.0000000000   6.2510201008e+02   2.7836721222e+02   6.0600412342e+02
   6259.0000000000   6.2525337078e+02   2.7847684226e+02   6.0615020311e+02
   6260.0000000000   6.2540416949e+02   2.7858610927e+02   6.0629569537e+02
   6261.0000000000   6.2555447844e+02   2.7870405938e+02   6.0644069051e+02
   6262.0000000000   6.2570434913e+02   2.7881641627e+02   6.0658525072e+02
   6263.0000000000   6.2585382044e+02   2.7892761234e+02   6.0672942142e+02
   6264.0000000000   6.2600292301e+02   2.7904710034e+02   6.0687323728e+02
   6265.0000000000   6.2615168165e+02   2.7916075699e+02   6.0701672566e+02
   6266.0000000000   6.2630869265e+02   2.7927309085e+02   6.0715990874e+02
   6267.0000000000   6.2646895001e+02   2.7938458120e+02   6.0730280488e+02
   6268.0000000000   6.2662306665e+02   2.7949543208e+02   6.0744542959e+02
   6269.0000000000   6.2677565136e+02   2.7961477493e+02   6.0758779614e+02
   6270.0000000000   6.2692726876e+02   2.7972838356e+02   6.0772991603e+02
   6271.0000000000   6.2707816276e+02   2.7984072259e+02   6.0788081671e+02
   6272.0000000000   6.2722846882e+02   2.7995224948e+02   6.0802620756e+02
   6273.0000000000   6.2738684859e+02   2.8006315627e+02   6.0817050976e+02
   6274.0000000000   6.2753976246e+02   2.8017355003e+02   6.0831414969e+02
   6275.0000000000   6.2769145114e+02   2.8028349980e+02   6.0846631358e+02
   6276.0000000000   6.2784234686e+02   2.8039305424e+02   6.0861279109e+02
   6277.0000000000   6.2799263069e+02   2.8051126708e+02   6.0875805032e+02
   6278.0000000000   6.2814240357e+02   2.8062386720e+02   6.0891156502e+02
   6279.0000000000   6.2829173069e+02   2.8073529071e+02   6.0905922506e+02
   6280.0000000000   6.2844065811e+02   2.8085499311e+02   6.0920554748e+02
   6281.0000000000   6.2858922040e+02   2.8096885321e+02   6.0935101728e+02
   6282.0000000000   6.2873744463e+02   2.8109039852e+02   6.0949584236e+02
   6283.0000000000   6.2888535275e+02   2.8120581006e+02   6.0964013952e+02
   6284.0000000000   6.2904153857e+02   2.8131970611e+02   6.0978398399e+02
   6285.0000000000   6.2919241839e+02   2.8143262083e+02   6.0992742852e+02
   6286.0000000000   6.2934220247e+02   2.8154479069e+02   6.1007051224e+02
   6287.0000000000   6.2949130103e+02   2.8166536834e+02   6.1021326545e+02
   6288.0000000000   6.2963987869e+02   2.8178915978e+02   6.1035571233e+02
   6289.0000000000   6.2978802373e+02   2.8190634100e+02   6.1049787270e+02
   6290.0000000000   6.2994436698e+02   2.8203080826e+02   6.1063976309e+02
   6291.0000000000   6.3009534736e+02   2.8214887978e+02   6.1078139759e+02
   6292.0000000000   6.3024518986e+02   2.8226524340e+02   6.1092278831e+02
   6293.0000000000   6.3039431480e+02   2.8238949223e+02   6.1108198046e+02
   6294.0000000000   6.3056004522e+02   2.8250759077e+02   6.1124841892e+02
   6295.0000000000   6.3071527640e+02   2.8262410708e+02   6.1140233919e+02
   6296.0000000000   6.3086846147e+02   2.8273956318e+02   6.1155341344e+02
   6297.0000000000   6.3102043877e+02   2.8285419512e+02   6.1170281152e+02
   6298.0000000000   6.3117154751e+02   2.8296814171e+02   6.1185103079e+02
   6299.0000000000   6.3132196956e+02   2.8308149593e+02   6.1200735964e+02
   6300.0000000000   6.3147181784e+02   2.8319432511e+02   6.1216668432e+02
   6301.0000000000   6.3162974481e+02   2.8331569789e+02   6.1232824972e+02
   6302.0000000000   6.3179935825e+02   2.8343135533e+02   6.1248267039e+02
   6303.0000000000   6.3195769912e+02   2.8354574365e+02   6.1263500232e+02
   6304.0000000000   6.3211359320e+02   2.8365930953e+02   6.1279497519e+02
   6305.0000000000   6.3226801898e+02   2.8377223860e+02   6.1294862242e+02
   6306.0000000000   6.3242138657e+02   2.8388463411e+02   6.1310055298e+02
   6307.0000000000   6.3258249558e+02   2.8400558022e+02   6.1325131578e+02
   6308.0000000000   6.3273788748e+02   2.8412082486e+02   6.1340116568e+02
   6309.0000000000   6.3289185553e+02   2.8423481710e+02   6.1355025540e+02
   6310.0000000000   6.3304486848e+02   2.8434800450e+02   6.1369868853e+02
   6311.0000000000   6.3319713402e+02   2.8446057260e+02   6.1384654070e+02
   6312.0000000000   6.3334877325e+02   2.8459065869e+02   6.1400288722e+02
   6313.0000000000   6.3349986709e+02   2.8470972967e+02   6.1415347459e+02
   6314.0000000000   6.3365047415e+02   2.8482665843e+02   6.1431177086e+02
   6315.0000000000   6.3380921484e+02   2.8494231834e+02   6.1446392693e+02
   6316.0000000000   6.3397110121e+02   2.8505706159e+02   6.1461454482e+02
   6317.0000000000   6.3412676016e+02   2.8517107701e+02   6.1476414971e+02
   6318.0000000000   6.3428081155e+02   2.8528448211e+02   6.1492199049e+02
   6319.0000000000   6.3443382904e+02   2.8539735713e+02   6.1507390042e+02
   6320.0000000000   6.3458606393e+02   2.8550976045e+02   6.1522437982e+02
   6321.0000000000   6.3474623355e+02   2.8563075394e+02   6.1537391008e+02
   6322.0000000000   6.3490083006e+02   2.8574607322e+02   6.1552270050e+02
   6323.0000000000   6.3506269013e+02   2.8586016000e+02   6.1567087128e+02
   6324.0000000000   6.3522723653e+02   2.8597345719e+02   6.1582751914e+02
   6325.0000000000   6.3539383416e+02   2.8608614720e+02   6.1597840164e+02
   6326.0000000000   6.3555358840e+02   2.8619833051e+02   6.1614601005e+02
   6327.0000000000   6.3571989639e+02   2.8631908885e+02   6.1630219888e+02
   6328.0000000000   6.3587984243e+02   2.8643416803e+02   6.1645598493e+02
   6329.0000000000   6.3604651857e+02   2.8654801528e+02   6.1660831336e+02
   6330.0000000000   6.3620691192e+02   2.8666107649e+02   6.1675957832e+02
   6331.0000000000   6.3636549786e+02   2.8677353575e+02   6.1690999586e+02
   6332.0000000000   6.3652284251e+02   2.8688549437e+02   6.1705970236e+02
   6333.0000000000   6.3668778920e+02   2.8699701721e+02   6.1721780924e+02
   6334.0000000000   6.3684690025e+02   2.8710814974e+02   6.1737008590e+02
   6335.0000000000   6.3700448238e+02   2.8721892598e+02   6.1752099835e+02
   6336.0000000000   6.3716101441e+02   2.8733838984e+02   6.1767100765e+02
   6337.0000000000   6.3732528785e+02   2.8746128060e+02   6.1782031024e+02
   6338.0000000000   6.3748383157e+02   2.8757772972e+02   6.1796901769e+02
   6339.0000000000   6.3764950504e+02   2.8770160201e+02   6.1811720344e+02
   6340.0000000000   6.3780917156e+02   2.8781919253e+02   6.1827393760e+02
   6341.0000000000   6.3796723192e+02   2.8793517147e+02   6.1842496086e+02
   6342.0000000000   6.3812420358e+02   2.8805010083e+02   6.1857471839e+02
   6343.0000000000   6.3828032063e+02   2.8816423366e+02   6.1872365561e+02
   6344.0000000000   6.3844429603e+02   2.8827771594e+02   6.1887195686e+02
   6345.0000000000   6.3860262251e+02   2.8839064312e+02   6.1902874153e+02
   6346.0000000000   6.3875956363e+02   2.8850308271e+02   6.1918879315e+02
   6347.0000000000   6.3891556893e+02   2.8861508510e+02   6.1934227186e+02
   6348.0000000000   6.3907083327e+02   2.8873570671e+02   6.1949404508e+02
   6349.0000000000   6.3922546891e+02   2.8885067927e+02   6.1964472205e+02
   6350.0000000000   6.3937955058e+02   2.8896444160e+02   6.1979457091e+02
   6351.0000000000   6.3953313248e+02   2.8908645169e+02   6.1994374325e+02
   6352.0000000000   6.3969483192e+02   2.8920259058e+02   6.2009233683e+02
   6353.0000000000   6.3985108309e+02   2.8931737043e+02   6.2024042018e+02
   6354.0000000000   6.4000611043e+02   2.8943127360e+02   6.2038804422e+02
   6355.0000000000   6.4016891139e+02   2.8954450678e+02   6.2054426572e+02
   6356.0000000000   6.4032606109e+02   2.8965718633e+02   6.2069481672e+02
   6357.0000000000   6.4048185300e+02   2.8976938763e+02   6.2085315367e+02
   6358.0000000000   6.4063674804e+02   2.8988116388e+02   6.2100541796e+02
   6359.0000000000   6.4079094479e+02   2.8999255489e+02   6.2115620368e+02
   6360.0000000000   6.4095313150e+02   2.9010359172e+02   6.2130602935e+02
   6361.0000000000   6.4110978255e+02   2.9022331674e+02   6.2145512084e+02
   6362.0000000000   6.4126514726e+02   2.9034646841e+02   6.2160360608e+02
   6363.0000000000   6.4141966375e+02   2.9048121245e+02   6.2175156798e+02
   6364.0000000000   6.4157351756e+02   2.9061281439e+02   6.2189906504e+02
   6365.0000000000   6.4173538877e+02   2.9073639558e+02   6.2204614096e+02
   6366.0000000000   6.4189174638e+02   2.9086648198e+02   6.2219282980e+02
   6367.0000000000   6.4204683594e+02   2.9098966084e+02   6.2233915896e+02
   6368.0000000000   6.4220966851e+02   2.9111076503e+02   6.2248515108e+02
   6369.0000000000   6.4236682842e+02   2.9123947607e+02   6.2263082521e+02
   6370.0000000000   6.4252261555e+02   2.9136181682e+02   6.2278521500e+02
   6371.0000000000   6.4267749542e+02   2.9148239611e+02   6.2293403507e+02
   6372.0000000000   6.4283166998e+02   2.9160176567e+02   6.2308171103e+02
   6373.0000000000   6.4298525430e+02   2.9172018392e+02   6.2322867312e+02
   6374.0000000000   6.4313832377e+02   2.9183780699e+02   6.2337509361e+02
   6375.0000000000   6.4329093211e+02   2.9195474159e+02   6.2352106469e+02
   6376.0000000000   6.4344311986e+02   2.9207106610e+02   6.2366664390e+02
   6377.0000000000   6.4360349456e+02   2.9218684092e+02   6.2382088820e+02
   6378.0000000000   6.4375848301e+02   2.9230211420e+02   6.2397854452e+02
   6379.0000000000   6.4391230374e+02   2.9241692535e+02   6.2412974902e+02
   6380.0000000000   6.4406537368e+02   2.9253130726e+02   6.2428836950e+02
   6381.0000000000   6.4422643862e+02   2.9265430514e+02   6.2444070289e+02
   6382.0000000000   6.4438199238e+02   2.9277164345e+02   6.2459142065e+02
   6383.0000000000   6.4453629112e+02   2.9288775624e+02   6.2475010288e+02
   6384.0000000000   6.4468977499e+02   2.9300308105e+02   6.2490270358e+02
   6385.0000000000   6.4485120502e+02   2.9311779650e+02   6.2505378220e+02
   6386.0000000000   6.4500708559e+02   2.9323200036e+02   6.2521287091e+02
   6387.0000000000   6.4516168044e+02   2.9334575514e+02   6.2536590012e+02
   6388.0000000000   6.4531543533e+02   2.9345910484e+02   6.2551741666e+02
   6389.0000000000   6.4547711555e+02   2.9357208255e+02   6.2566792828e+02
   6390.0000000000   6.4564180441e+02   2.9368471434e+02   6.2581766082e+02
   6391.0000000000   6.4580016917e+02   2.9379702146e+02   6.2597576283e+02
   6392.0000000000   6.4595685465e+02   2.9390902172e+02   6.2612802191e+02
   6393.0000000000   6.4612960217e+02   2.9402073033e+02   6.2627891389e+02
   6394.0000000000   6.4630005174e+02   2.9413216052e+02   6.2642890553e+02
   6395.0000000000   6.4646314796e+02   2.9425234125e+02   6.2657819670e+02
   6396.0000000000   6.4662398237e+02   2.9437600067e+02   6.2672690112e+02
   6397.0000000000   6.4678333093e+02   2.9449326169e+02   6.2687509350e+02
   6398.0000000000   6.4694155744e+02   2.9460896511e+02   6.2702282745e+02
   6399.0000000000   6.4710745041e+02   2.9472370020e+02   6.2717014366e+02
   6400.0000000000   6.4728470208e+02   2.9483771964e+02   6.2731707436e+02
   6401.0000000000   6.4745041049e+02   2.9495116267e+02   6.2746364582e+02
   6402.0000000000   6.4761344245e+02   2.9506411699e+02   6.2761889731e+02
   6403.0000000000   6.4778338284e+02   2.9517664280e+02   6.2777756527e+02
   6404.0000000000   6.4794706656e+02   2.9528878399e+02   6.2792977944e+02
   6405.0000000000   6.4810893363e+02   2.9540057404e+02   6.2809842091e+02
   6406.0000000000   6.4826953883e+02   2.9551203938e+02   6.2825548461e+02
   6407.0000000000   6.4843772139e+02   2.9562320145e+02   6.2841907093e+02
   6408.0000000000   6.4860004228e+02   2.9573407809e+02   6.2857586144e+02
   6409.0000000000   6.4876080810e+02   2.9584468434e+02   6.2873068475e+02
   6410.0000000000   6.4892049807e+02   2.9595503317e+02   6.2888418942e+02
   6411.0000000000   6.4907932872e+02   2.9607415317e+02   6.2903668296e+02
   6412.0000000000   6.4924600445e+02   2.9618775471e+02   6.2918834858e+02
   6413.0000000000   6.4940701378e+02   2.9630025979e+02   6.2934832608e+02
   6414.0000000000   6.4956661833e+02   2.9642111284e+02   6.2950240379e+02
   6415.0000000000   6.4972526691e+02   2.9654520118e+02   6.2965506110e+02
   6416.0000000000   6.4988315430e+02   2.9666272819e+02   6.2981578631e+02
   6417.0000000000   6.5004896872e+02   2.9677858166e+02   6.2997048385e+02
   6418.0000000000   6.5020918628e+02   2.9689338087e+02   6.3013270168e+02
   6419.0000000000   6.5037663443e+02   2.9701641624e+02   6.3028863755e+02
   6420.0000000000   6.5053815503e+02   2.9713354195e+02   6.3044292357e+02
   6421.0000000000   6.5069813350e+02   2.9724926954e+02   6.3060512288e+02
   6422.0000000000   6.5086565143e+02   2.9736408648e+02   6.3077019964e+02
   6423.0000000000   6.5102733493e+02   2.9748722259e+02   6.3093742867e+02
   6424.0000000000   6.5118751130e+02   2.9760449995e+02   6.3110645574e+02
   6425.0000000000   6.5134666539e+02   2.9772041153e+02   6.3126804489e+02
   6426.0000000000   6.5150501351e+02   2.9783543340e+02   6.3142732644e+02
   6427.0000000000   6.5166268190e+02   2.9795878801e+02   6.3159407330e+02
   6428.0000000000   6.5181975480e+02   2.9808530991e+02   6.3176336416e+02
   6429.0000000000   6.5198486884e+02   2.9820518922e+02   6.3192552792e+02
   6430.0000000000   6.5215304715e+02   2.9832331283e+02   6.3208554098e+02
   6431.0000000000   6.5231492470e+02   2.9844030348e+02   6.3224408848e+02
   6432.0000000000   6.5247512747e+02   2.9855643915e+02   6.3240149433e+02
   6433.0000000000   6.5263423397e+02   2.9867187879e+02   6.3256696993e+02
   6434.0000000000   6.5279249948e+02   2.9879574314e+02   6.3272634693e+02
   6435.0000000000   6.5295006899e+02   2.9891380561e+02   6.3288413389e+02
   6436.0000000000   6.5311561225e+02   2.9903053381e+02   6.3304082298e+02
   6437.0000000000   6.5327559666e+02   2.9914638923e+02   6.3319663436e+02
   6438.0000000000   6.5343426899e+02   2.9926156812e+02   6.3335169841e+02
   6439.0000000000   6.5359206682e+02   2.9937618158e+02   6.3350610376e+02
   6440.0000000000   6.5374917596e+02   2.9949931970e+02   6.3365991582e+02
   6441.0000000000   6.5390570160e+02   2.9961673499e+02   6.3381318545e+02
   6442.0000000000   6.5406171273e+02   2.9973288010e+02   6.3397497101e+02
   6443.0000000000   6.5422583449e+02   2.9984820546e+02   6.3413100700e+02
   6444.0000000000   6.5438450546e+02   2.9996289888e+02   6.3428573537e+02
   6445.0000000000   6.5454195258e+02   3.0007706489e+02   6.3443960012e+02
   6446.0000000000   6.5469859908e+02   3.0019077103e+02   6.3459278519e+02
   6447.0000000000   6.5485462000e+02   3.0030406513e+02   6.3474539290e+02
   6448.0000000000   6.5501868779e+02   3.0041698320e+02   6.3489748963e+02
   6449.0000000000   6.5517726571e+02   3.0053857091e+02   6.3504912278e+02
   6450.0000000000   6.5533459491e+02   3.0066356909e+02   6.3520032842e+02
   6451.0000000000   6.5549110734e+02   3.0078211055e+02   6.3535113528e+02
   6452.0000000000   6.5564698366e+02   3.0090806130e+02   6.3550156700e+02
   6453.0000000000   6.5581090013e+02   3.0102771747e+02   6.3565164353e+02
   6454.0000000000   6.5596932263e+02   3.0114575021e+02   6.3580138204e+02
   6455.0000000000   6.5612649414e+02   3.0126272237e+02   6.3595981487e+02
   6456.0000000000   6.5628284792e+02   3.0137888777e+02   6.3611265576e+02
   6457.0000000000   6.5643856561e+02   3.0149439306e+02   6.3626432975e+02
   6458.0000000000   6.5659374854e+02   3.0160933434e+02   6.3642428407e+02
   6459.0000000000   6.5674846221e+02   3.0172377970e+02   6.3657839128e+02
   6460.0000000000   6.5691132862e+02   3.0183778002e+02   6.3673115673e+02
   6461.0000000000   6.5706878352e+02   3.0195137487e+02   6.3689207458e+02
   6462.0000000000   6.5722505134e+02   3.0206459598e+02   6.3704704745e+02
   6463.0000000000   6.5738055302e+02   3.0217746939e+02   6.3720060116e+02
   6464.0000000000   6.5754403716e+02   3.0229001692e+02   6.3735322722e+02
   6465.0000000000   6.5771057525e+02   3.0241127446e+02   6.3750513862e+02
   6466.0000000000   6.5787082584e+02   3.0252695847e+02   6.3766547361e+02
   6467.0000000000   6.5802942719e+02   3.0264149610e+02   6.3782001137e+02
   6468.0000000000   6.5818696426e+02   3.0275531889e+02   6.3797322082e+02
   6469.0000000000   6.5834369561e+02   3.0286860016e+02   6.3812556296e+02
   6470.0000000000   6.5849976772e+02   3.0298143303e+02   6.3827723281e+02
   6471.0000000000   6.5865527513e+02   3.0309387584e+02   6.3842833997e+02
   6472.0000000000   6.5881028407e+02   3.0320596886e+02   6.3857895568e+02
   6473.0000000000   6.5896484372e+02   3.0332675915e+02   6.3872913052e+02
   6474.0000000000   6.5911899210e+02   3.0345098754e+02   6.3887890261e+02
   6475.0000000000   6.5927275962e+02   3.0356878616e+02   6.3902830191e+02
   6476.0000000000   6.5942617120e+02   3.0368500268e+02   6.3917735276e+02
   6477.0000000000   6.5957924768e+02   3.0380023160e+02   6.3932607538e+02
   6478.0000000000   6.5973200683e+02   3.0391472971e+02   6.3947448695e+02
   6479.0000000000   6.5988446396e+02   3.0402863947e+02   6.3963161958e+02
   6480.0000000000   6.6003663246e+02   3.0414205117e+02   6.3978318665e+02
   6481.0000000000   6.6018852417e+02   3.0425502710e+02   6.3993361272e+02
   6482.0000000000   6.6034014961e+02   3.0436761286e+02   6.4008332719e+02
   6483.0000000000   6.6049151825e+02   3.0447984334e+02   6.4023250157e+02
   6484.0000000000   6.6064263865e+02   3.0459174612e+02   6.4039926207e+02
   6485.0000000000   6.6079351860e+02   3.0470334366e+02   6.4056408392e+02
   6486.0000000000   6.6094416521e+02   3.0482367189e+02   6.4073055039e+02
   6487.0000000000   6.6109458503e+02   3.0493844702e+02   6.4088964226e+02
   6488.0000000000   6.6124478412e+02   3.0505209575e+02   6.4104653882e+02
   6489.0000000000   6.6139476808e+02   3.0516504905e+02   6.4120200597e+02
   6490.0000000000   6.6154454212e+02   3.0528649695e+02   6.4135640296e+02
   6491.0000000000   6.6170268675e+02   3.0541124968e+02   6.4150993936e+02
   6492.0000000000   6.6185560742e+02   3.0552947855e+02   6.4166275228e+02
   6493.0000000000   6.6200750540e+02   3.0564605556e+02   6.4181493823e+02
   6494.0000000000   6.6215878341e+02   3.0577060873e+02   6.4196656870e+02
   6495.0000000000   6.6230959966e+02   3.0588910658e+02   6.4211769877e+02
   6496.0000000000   6.6246003696e+02   3.0600611298e+02   6.4227738945e+02
   6497.0000000000   6.6262729702e+02   3.0612214355e+02   6.4244039400e+02
   6498.0000000000   6.6279279114e+02   3.0623742771e+02   6.4259685548e+02
   6499.0000000000   6.6295991420e+02   3.0635209804e+02   6.4275163106e+02
   6500.0000000000   6.6312007985e+02   3.0646624186e+02   6.4291434083e+02
   6501.0000000000   6.6327820712e+02   3.0657992140e+02   6.4307094922e+02
   6502.0000000000   6.6343501925e+02   3.0669318345e+02   6.4322601816e+02
   6503.0000000000   6.6360800500e+02   3.0682409924e+02   6.4338908001e+02
   6504.0000000000   6.6377016202e+02   3.0695311641e+02   6.4354606480e+02
   6505.0000000000   6.6393001177e+02   3.0707478601e+02   6.4371053622e+02
   6506.0000000000   6.6408844084e+02   3.0719437995e+02   6.4386870217e+02
   6507.0000000000   6.6424582386e+02   3.0731265955e+02   6.4403421880e+02
   6508.0000000000   6.6441094527e+02   3.0743898604e+02   6.4419333699e+02
   6509.0000000000   6.6457033983e+02   3.0755925518e+02   6.4435071949e+02
   6510.0000000000   6.6472829803e+02   3.0767800563e+02   6.4450693162e+02
   6511.0000000000   6.6488528770e+02   3.0779574386e+02   6.4466223304e+02
   6512.0000000000   6.6504151652e+02   3.0791269646e+02   6.4481677703e+02
   6513.0000000000   6.6519710607e+02   3.0802899593e+02   6.4497066622e+02
   6514.0000000000   6.6535213792e+02   3.0814473069e+02   6.4512397473e+02
   6515.0000000000   6.6550667139e+02   3.0825996463e+02   6.4527675897e+02
   6516.0000000000   6.6566075202e+02   3.0838376369e+02   6.4543808081e+02
   6517.0000000000   6.6581441604e+02   3.0850186676e+02   6.4559367688e+02
   6518.0000000000   6.6597626876e+02   3.0861871826e+02   6.4575700775e+02
   6519.0000000000   6.6616703840e+02   3.0875279799e+02   6.4591421847e+02
   6520.0000000000   6.6633654659e+02   3.0887569120e+02   6.4606990642e+02
   6521.0000000000   6.6650199823e+02   3.0899632636e+02   6.4622459303e+02
   6522.0000000000   6.6666515827e+02   3.0911560773e+02   6.4637850681e+02
   6523.0000000000   6.6682673762e+02   3.0923390667e+02   6.4653177800e+02
   6524.0000000000   6.6698711256e+02   3.0935142489e+02   6.4668449167e+02
   6525.0000000000   6.6714651307e+02   3.0946828899e+02   6.4683670820e+02
   6526.0000000000   6.6730509312e+02   3.0958458601e+02   6.4698847303e+02
   6527.0000000000   6.6746296250e+02   3.0970037953e+02   6.4713982178e+02
   6528.0000000000   6.6762020322e+02   3.0981571820e+02   6.4729078331e+02
   6529.0000000000   6.6777687881e+02   3.0993064049e+02   6.4744138155e+02
   6530.0000000000   6.6793303986e+02   3.1004517769e+02   6.4760065409e+02
   6531.0000000000   6.6808872762e+02   3.1015935576e+02   6.4775431879e+02
   6532.0000000000   6.6824397636e+02   3.1028221401e+02   6.4790680402e+02
   6533.0000000000   6.6840739064e+02   3.1039947170e+02   6.4805854235e+02
   6534.0000000000   6.6856539609e+02   3.1052457571e+02   6.4820970809e+02
   6535.0000000000   6.6872221115e+02   3.1064366005e+02   6.4836941251e+02
   6536.0000000000   6.6888682887e+02   3.1076131298e+02   6.4852341521e+02
   6537.0000000000   6.6904582108e+02   3.1087804836e+02   6.4867617037e+02
   6538.0000000000   6.6920347870e+02   3.1100310558e+02   6.4882812761e+02
   6539.0000000000   6.6936026062e+02   3.1112230985e+02   6.4897947300e+02
   6540.0000000000   6.6951636377e+02   3.1124015464e+02   6.4913030894e+02
   6541.0000000000   6.6967189941e+02   3.1135711538e+02   6.4928070077e+02
   6542.0000000000   6.6983551552e+02   3.1147339622e+02   6.4943069420e+02
   6543.0000000000   6.6999366431e+02   3.1158911285e+02   6.4958032328e+02
   6544.0000000000   6.7015058139e+02   3.1170434069e+02   6.4972961452e+02
   6545.0000000000   6.7030669577e+02   3.1181913332e+02   6.4987858929e+02
   6546.0000000000   6.7046218647e+02   3.1193353107e+02   6.5002726527e+02
   6547.0000000000   6.7061715315e+02   3.1204756554e+02   6.5017565741e+02
   6548.0000000000   6.7077166020e+02   3.1216126232e+02   6.5033279589e+02
   6549.0000000000   6.7092575323e+02   3.1227464260e+02   6.5048439237e+02
   6550.0000000000   6.7107946662e+02   3.1238772428e+02   6.5063486990e+02
   6551.0000000000   6.7123282741e+02   3.1250052275e+02   6.5078465653e+02
   6552.0000000000   6.7139443325e+02   3.1262206871e+02   6.5094293987e+02
   6553.0000000000   6.7155070339e+02   3.1273807439e+02   6.5110452816e+02
   6554.0000000000   6.7171442607e+02   3.1285296339e+02   6.5125959106e+02
   6555.0000000000   6.7187241437e+02   3.1297618163e+02   6.5141299918e+02
   6556.0000000000   6.7202903156e+02   3.1309360037e+02   6.5156536203e+02
   6557.0000000000   6.7219334163e+02   3.1320972372e+02   6.5171694669e+02
   6558.0000000000   6.7235195632e+02   3.1332502737e+02   6.5186790301e+02
   6559.0000000000   6.7250919096e+02   3.1343971234e+02   6.5201832670e+02
   6560.0000000000   6.7266552023e+02   3.1355389024e+02   6.5216828416e+02
   6561.0000000000   6.7282115174e+02   3.1366763230e+02   6.5232684149e+02
   6562.0000000000   6.7298477978e+02   3.1378098818e+02   6.5247973654e+02
   6563.0000000000   6.7314288281e+02   3.1389399457e+02   6.5264042939e+02
   6564.0000000000   6.7329971295e+02   3.1400667981e+02   6.5279506375e+02
   6565.0000000000   6.7345571024e+02   3.1412808387e+02   6.5294823515e+02
   6566.0000000000   6.7361106147e+02   3.1425294309e+02   6.5310046292e+02
   6567.0000000000   6.7376587193e+02   3.1438040393e+02   6.5325197338e+02
   6568.0000000000   6.7392878584e+02   3.1450101247e+02   6.5340289460e+02
   6569.0000000000   6.7408625291e+02   3.1461977490e+02   6.5355330945e+02
   6570.0000000000   6.7424250696e+02   3.1473736609e+02   6.5370327624e+02
   6571.0000000000   6.7439797566e+02   3.1486310736e+02   6.5385283841e+02
   6572.0000000000   6.7455283696e+02   3.1498287203e+02   6.5400202966e+02
   6573.0000000000   6.7470718964e+02   3.1510118451e+02   6.5415989436e+02
   6574.0000000000   6.7486109736e+02   3.1521854137e+02   6.5431215517e+02
   6575.0000000000   6.7501460508e+02   3.1534417919e+02   6.5446324388e+02
   6576.0000000000   6.7516774658e+02   3.1546392526e+02   6.5461359559e+02
   6577.0000000000   6.7532054839e+02   3.1558227668e+02   6.5476338640e+02
   6578.0000000000   6.7547303202e+02   3.1569971280e+02   6.5491271160e+02
   6579.0000000000   6.7562521538e+02   3.1581644151e+02   6.5506163126e+02
   6580.0000000000   6.7577711368e+02   3.1593258188e+02   6.5521018709e+02
   6581.0000000000   6.7592874004e+02   3.1604821232e+02   6.5536742730e+02
   6582.0000000000   6.7608010592e+02   3.1617240637e+02   6.5551907632e+02
   6583.0000000000   6.7623122147e+02   3.1629090707e+02   6.5566956663e+02
   6584.0000000000   6.7638209575e+02   3.1641717852e+02   6.5581933337e+02
   6585.0000000000   6.7653273689e+02   3.1653736767e+02   6.5596855242e+02
   6586.0000000000   6.7668315230e+02   3.1665607275e+02   6.5611731863e+02
   6587.0000000000   6.7683334869e+02   3.1677381548e+02   6.5626569159e+02
   6588.0000000000   6.7698333226e+02   3.1689082421e+02   6.5641371246e+02
   6589.0000000000   6.7713310868e+02   3.1701624617e+02   6.5656141157e+02
   6590.0000000000   6.7728268323e+02   3.1713586631e+02   6.5670881240e+02
   6591.0000000000   6.7743206081e+02   3.1725415758e+02   6.5685593372e+02
   6592.0000000000   6.7758124596e+02   3.1737158393e+02   6.5700279102e+02
   6593.0000000000   6.7773024297e+02   3.1749735997e+02   6.5714939733e+02
   6594.0000000000   6.7787905583e+02   3.1761729755e+02   6.5729576381e+02
   6595.0000000000   6.7802768831e+02   3.1773588252e+02   6.5744190017e+02
   6596.0000000000   6.7817614396e+02   3.1785358586e+02   6.5758781496e+02
   6597.0000000000   6.7834157740e+02   3.1797060904e+02   6.5773351580e+02
   6598.0000000000   6.7850536920e+02   3.1809608347e+02   6.5787900952e+02
   6599.0000000000   6.7866231726e+02   3.1821578408e+02   6.5803331962e+02
   6600.0000000000   6.7881741879e+02   3.1833417712e+02   6.5818215218e+02
   6601.0000000000   6.7897138401e+02   3.1845172184e+02   6.5832992554e+02
   6602.0000000000   6.7912452835e+02   3.1856861212e+02   6.5847706363e+02
   6603.0000000000   6.7928560320e+02   3.1868495685e+02   6.5862373325e+02
   6604.0000000000   6.7944969583e+02   3.1880984408e+02   6.5877002174e+02
   6605.0000000000   6.7960747962e+02   3.1892902454e+02   6.5891598239e+02
   6606.0000000000   6.7976360474e+02   3.1904694932e+02   6.5907066832e+02
   6607.0000000000   6.7991866526e+02   3.1916406746e+02   6.5921980572e+02
   6608.0000000000   6.8007292671e+02   3.1928056557e+02   6.5936782721e+02
   6609.0000000000   6.8023511647e+02   3.1939654713e+02   6.5951516728e+02
   6610.0000000000   6.8039173393e+02   3.1952109606e+02   6.5966200068e+02
   6611.0000000000   6.8054704538e+02   3.1963995981e+02   6.5981743828e+02
   6612.0000000000   6.8071865217e+02   3.1975758685e+02   6.5997625602e+02
   6613.0000000000   6.8088812589e+02   3.1988344140e+02   6.6012860725e+02
   6614.0000000000   6.8105037228e+02   3.2000340876e+02   6.6027935328e+02
   6615.0000000000   6.8121045857e+02   3.2012200405e+02   6.6042909777e+02
   6616.0000000000   6.8137772008e+02   3.2023971181e+02   6.6057810386e+02
   6617.0000000000   6.8153890998e+02   3.2035674032e+02   6.6072651851e+02
   6618.0000000000   6.8169842968e+02   3.2049124186e+02   6.6087443525e+02
   6619.0000000000   6.8185681144e+02   3.2061469366e+02   6.6102191877e+02
   6620.0000000000   6.8201430387e+02   3.2074499337e+02   6.6116901638e+02
   6621.0000000000   6.8217105620e+02   3.2086872027e+02   6.6131576424e+02
   6622.0000000000   6.8232716959e+02   3.2099064386e+02   6.6146219089e+02
   6623.0000000000   6.8248271782e+02   3.2111137538e+02   6.6161733672e+02
   6624.0000000000   6.8263775733e+02   3.2124021453e+02   6.6176692131e+02
   6625.0000000000   6.8280090853e+02   3.2136302727e+02   6.6192439120e+02
   6626.0000000000   6.8296718434e+02   3.2148433622e+02   6.6207587978e+02
   6627.0000000000   6.8312721293e+02   3.2160463867e+02   6.6223499177e+02
   6628.0000000000   6.8328561557e+02   3.2172415560e+02   6.6238794048e+02
   6629.0000000000   6.8344296727e+02   3.2185203337e+02   6.6253936008e+02
   6630.0000000000   6.8359952069e+02   3.2197405863e+02   6.6269881073e+02
   6631.0000000000   6.8375541875e+02   3.2209470702e+02   6.6285223444e+02
   6632.0000000000   6.8391932951e+02   3.2221444543e+02   6.6301320009e+02
   6633.0000000000   6.8407771894e+02   3.2233347410e+02   6.6316791748e+02
   6634.0000000000   6.8424340823e+02   3.2245190720e+02   6.6332102571e+02
   6635.0000000000   6.8440323477e+02   3.2256981998e+02   6.6347307456e+02
   6636.0000000000   6.8456158042e+02   3.2268726656e+02   6.6362431251e+02
   6637.0000000000   6.8471894814e+02   3.2281330552e+02   6.6377488433e+02
   6638.0000000000   6.8488413619e+02   3.2293367005e+02   6.6393390313e+02
   6639.0000000000   6.8504367337e+02   3.2305280011e+02   6.6408713786e+02
   6640.0000000000   6.8520184074e+02   3.2317113732e+02   6.6423905330e+02
   6641.0000000000   6.8535909689e+02   3.2329788052e+02   6.6439010908e+02
   6642.0000000000   6.8551564145e+02   3.2341882998e+02   6.6454951745e+02
   6643.0000000000   6.8567158912e+02   3.2353846286e+02   6.6470308898e+02
   6644.0000000000   6.8583559133e+02   3.2366626074e+02   6.6485530885e+02
   6645.0000000000   6.8599410349e+02   3.2378812030e+02   6.6501566502e+02
   6646.0000000000   6.8615136405e+02   3.2390856461e+02   6.6517907663e+02
   6647.0000000000   6.8630780450e+02   3.2402808396e+02   6.6533577134e+02
   6648.0000000000   6.8646360607e+02   3.2414689105e+02   6.6549967339e+02
   6649.0000000000   6.8661887029e+02   3.2426510692e+02   6.6565711793e+02
   6650.0000000000   6.8677366325e+02   3.2438281067e+02   6.6581280392e+02
   6651.0000000000   6.8692803200e+02   3.2450005853e+02   6.6596731489e+02
   6652.0000000000   6.8708201220e+02   3.2461689284e+02   6.6612092060e+02
   6653.0000000000   6.8723563202e+02   3.2474236411e+02   6.6627378029e+02
   6654.0000000000   6.8738891447e+02   3.2486219966e+02   6.6642600020e+02
   6655.0000000000   6.8755045441e+02   3.2498083492e+02   6.6657765675e+02
   6656.0000000000   6.8770666915e+02   3.2511674258e+02   6.6672880776e+02
   6657.0000000000   6.8786176989e+02   3.2524150206e+02   6.6687949868e+02
   6658.0000000000   6.8801616778e+02   3.2536403706e+02   6.6702976619e+02
   6659.0000000000   6.8817002829e+02   3.2548524784e+02   6.6717964066e+02
   6660.0000000000   6.8832344050e+02   3.2560550238e+02   6.6732914761e+02
   6661.0000000000   6.8847646040e+02   3.2572499948e+02   6.6747830885e+02
   6662.0000000000   6.8862912672e+02   3.2584386328e+02   6.6762714327e+02
   6663.0000000000   6.8878146815e+02   3.2596217864e+02   6.6777566737e+02
   6664.0000000000   6.8893350700e+02   3.2608000729e+02   6.6792389573e+02
   6665.0000000000   6.8908526121e+02   3.2619739621e+02   6.6808085863e+02
   6666.0000000000   6.8923674567e+02   3.2631438242e+02   6.6824128548e+02
   6667.0000000000   6.8939654863e+02   3.2643099593e+02   6.6839530038e+02
   6668.0000000000   6.8955108186e+02   3.2654726155e+02   6.6854774522e+02
   6669.0000000000   6.8970455188e+02   3.2666320024e+02   6.6869921025e+02
   6670.0000000000   6.8985736581e+02   3.2678784723e+02   6.6884994904e+02
   6671.0000000000   6.9000968562e+02   3.2690691851e+02   6.6900010167e+02
   6672.0000000000   6.9017017297e+02   3.2702484089e+02   6.6914975657e+02
   6673.0000000000   6.9033385761e+02   3.2714204562e+02   6.6929897461e+02
   6674.0000000000   6.9049137377e+02   3.2725870584e+02   6.6944780030e+02
   6675.0000000000   6.9065591928e+02   3.2737491449e+02   6.6960528499e+02
   6676.0000000000   6.9081446843e+02   3.2749072981e+02   6.6975715604e+02
   6677.0000000000   6.9097146805e+02   3.2761520933e+02   6.6990784853e+02
   6678.0000000000   6.9112745633e+02   3.2773408316e+02   6.7005779990e+02
   6679.0000000000   6.9128267655e+02   3.2785178750e+02   6.7020718795e+02
   6680.0000000000   6.9143726940e+02   3.2796876002e+02   6.7035610923e+02
   6681.0000000000   6.9159990264e+02   3.2808517840e+02   6.7050462481e+02
   6682.0000000000   6.9175704234e+02   3.2821015616e+02   6.7065277710e+02
   6683.0000000000   6.9191293410e+02   3.2832945438e+02   6.7080961490e+02
   6684.0000000000   6.9206801427e+02   3.2844752816e+02   6.7096086310e+02
   6685.0000000000   6.9222246737e+02   3.2856482773e+02   6.7111095453e+02
   6686.0000000000   6.9237639725e+02   3.2868153944e+02   6.7126032466e+02
   6687.0000000000   6.9252987149e+02   3.2879776583e+02   6.7140914957e+02
   6688.0000000000   6.9268293819e+02   3.2891357221e+02   6.7155752433e+02
   6689.0000000000   6.9284420925e+02   3.2902900419e+02   6.7170550870e+02
   6690.0000000000   6.9300011410e+02   3.2914409563e+02   6.7185314395e+02
   6691.0000000000   6.9315487289e+02   3.2925887280e+02   6.7200947789e+02
   6692.0000000000   6.9330890353e+02   3.2937335680e+02   6.7216023452e+02
   6693.0000000000   6.9346237677e+02   3.2948756503e+02   6.7231886322e+02
   6694.0000000000   6.9361538582e+02   3.2961954677e+02   6.7248051649e+02
   6695.0000000000   6.9377656559e+02   3.2974973277e+02   6.7264450077e+02
   6696.0000000000   6.9393235839e+02   3.2987266070e+02   6.7280144334e+02
   6697.0000000000   6.9408699209e+02   3.2999359172e+02   6.7295639820e+02
   6698.0000000000   6.9424088945e+02   3.3013131289e+02   6.7311007101e+02
   6699.0000000000   6.9439422434e+02   3.3025756166e+02   6.7326278692e+02
   6700.0000000000   6.9454709210e+02   3.3038135345e+02   6.7341473408e+02
   6701.0000000000   6.9469955342e+02   3.3050364683e+02   6.7356603509e+02
   6702.0000000000   6.9485165074e+02   3.3064288393e+02   6.7371677608e+02
   6703.0000000000   6.9500341561e+02   3.3077069241e+02   6.7387603816e+02
   6704.0000000000   6.9515487260e+02   3.3089604332e+02   6.7402957087e+02
   6705.0000000000   6.9531461716e+02   3.3101987543e+02   6.7418182635e+02
   6706.0000000000   6.9546906653e+02   3.3114258723e+02   6.7433325546e+02
   6707.0000000000   6.9563100718e+02   3.3126440169e+02   6.7448404685e+02
   6708.0000000000   6.9579582614e+02   3.3138546236e+02   6.7464332325e+02
   6709.0000000000   6.9595428609e+02   3.3150586982e+02   6.7479685351e+02
   6710.0000000000   6.9611107099e+02   3.3162569872e+02   6.7494909938e+02
   6711.0000000000   6.9626678910e+02   3.3175402413e+02   6.7510051677e+02
   6712.0000000000   6.9642171197e+02   3.3187659251e+02   6.7525129698e+02
   6713.0000000000   6.9657599373e+02   3.3199785466e+02   6.7540154681e+02
   6714.0000000000   6.9673830921e+02   3.3211826112e+02   6.7555133535e+02
   6715.0000000000   6.9689512845e+02   3.3223800080e+02   6.7570071149e+02
   6716.0000000000   6.9705069937e+02   3.3236619708e+02   6.7584971201e+02
   6717.0000000000   6.9720545976e+02   3.3250665430e+02   6.7599836576e+02
   6718.0000000000   6.9735959504e+02   3.3263523607e+02   6.7614669615e+02
   6719.0000000000   6.9751320959e+02   3.3276122567e+02   6.7629472264e+02
   6720.0000000000   6.9766637139e+02   3.3288565381e+02   6.7644246171e+02
   6721.0000000000   6.9783627998e+02   3.3301797039e+02   6.7659894489e+02
   6722.0000000000   6.9799577354e+02   3.3315312983e+02   6.7674988503e+02
   6723.0000000000   6.9816185033e+02   3.3328139454e+02   6.7689970621e+02
   6724.0000000000   6.9833030739e+02   3.3340769904e+02   6.7705785472e+02
   6725.0000000000   6.9849207069e+02   3.3353269945e+02   6.7721921944e+02
   6726.0000000000   6.9865191059e+02   3.3365669827e+02   6.7737400516e+02
   6727.0000000000   6.9881048829e+02   3.3377987311e+02   6.7752710092e+02
   6728.0000000000   6.9897668655e+02   3.3390234204e+02   6.7767912710e+02
   6729.0000000000   6.9914566142e+02   3.3403320714e+02   6.7783035778e+02
   6730.0000000000   6.9930812906e+02   3.3415823296e+02   6.7798094759e+02
   6731.0000000000   6.9946876901e+02   3.3429090035e+02   6.7813099570e+02
   6732.0000000000   6.9962819707e+02   3.3441736968e+02   6.7828057110e+02
   6733.0000000000   6.9978669551e+02   3.3454225016e+02   6.7843874191e+02
   6734.0000000000   6.9994442948e+02   3.3466607265e+02   6.7860026486e+02
   6735.0000000000   7.0010150853e+02   3.3478907324e+02   6.7875528445e+02
   6736.0000000000   7.0026658680e+02   3.3491138846e+02   6.7891767550e+02
   6737.0000000000   7.0042612450e+02   3.3503310858e+02   6.7907374089e+02
   6738.0000000000   7.0058436516e+02   3.3515429838e+02   6.7922815704e+02
   6739.0000000000   7.0074174508e+02   3.3527500705e+02   6.7939952565e+02
   6740.0000000000   7.0089844974e+02   3.3539527344e+02   6.7955950481e+02
   6741.0000000000   7.0105458451e+02   3.3551512922e+02   6.7971707024e+02
   6742.0000000000   7.0121879441e+02   3.3563460075e+02   6.7988217601e+02
   6743.0000000000   7.0137753032e+02   3.3575371046e+02   6.8004091724e+02
   6744.0000000000   7.0154360307e+02   3.3587247766e+02   6.8019792609e+02
   6745.0000000000   7.0170384264e+02   3.3599091924e+02   6.8035376155e+02
   6746.0000000000   7.0186262546e+02   3.3611806742e+02   6.8051770061e+02
   6747.0000000000   7.0202045038e+02   3.3623963593e+02   6.8067559871e+02
   6748.0000000000   7.0217753684e+02   3.3636906717e+02   6.8083197371e+02
   6749.0000000000   7.0233401031e+02   3.3649249157e+02   6.8098732088e+02
   6750.0000000000   7.0248995283e+02   3.3661449445e+02   6.8114186068e+02
   6751.0000000000   7.0264542273e+02   3.3673558726e+02   6.8129572237e+02
   6752.0000000000   7.0280046391e+02   3.3685599005e+02   6.8144899281e+02
   6753.0000000000   7.0295511078e+02   3.3697582592e+02   6.8160173528e+02
   6754.0000000000   7.0310939121e+02   3.3709517374e+02   6.8175399841e+02
   6755.0000000000   7.0327190390e+02   3.3722310590e+02   6.8190582098e+02
   6756.0000000000   7.0342906927e+02   3.3737241560e+02   6.8205723482e+02
   6757.0000000000   7.0358510109e+02   3.3750464889e+02   6.8221728389e+02
   6758.0000000000   7.0374041262e+02   3.3763348972e+02   6.8237169138e+02
   6759.0000000000   7.0389517116e+02   3.3776037881e+02   6.8252489009e+02
   6760.0000000000   7.0404946731e+02   3.3788590393e+02   6.8267731639e+02
   6761.0000000000   7.0420335838e+02   3.3801037925e+02   6.8282914782e+02
   6762.0000000000   7.0435688424e+02   3.3813399828e+02   6.8298048114e+02
   6763.0000000000   7.0451007460e+02   3.3825689141e+02   6.8313137793e+02
   6764.0000000000   7.0466295262e+02   3.3837915212e+02   6.8328188136e+02
   6765.0000000000   7.0481553705e+02   3.3850085060e+02   6.8343202373e+02
   6766.0000000000   7.0496784347e+02   3.3862204141e+02   6.8358183041e+02
   6767.0000000000   7.0511988511e+02   3.3874276818e+02   6.8373132200e+02
   6768.0000000000   7.0527167341e+02   3.3886306660e+02   6.8388953302e+02
   6769.0000000000   7.0543179405e+02   3.3898296642e+02   6.8404217858e+02
   6770.0000000000   7.0558665681e+02   3.3910249281e+02   6.8419368457e+02
   6771.0000000000   7.0574046665e+02   3.3923068470e+02   6.8434448135e+02
   6772.0000000000   7.0589362945e+02   3.3936227864e+02   6.8449474123e+02
   6773.0000000000   7.0605488181e+02   3.3948740467e+02   6.8464455637e+02
   6774.0000000000   7.0621070982e+02   3.3961090974e+02   6.8479398430e+02
   6775.0000000000   7.0636536304e+02   3.3973338837e+02   6.8494306457e+02
   6776.0000000000   7.0652785154e+02   3.3985509787e+02   6.8509182629e+02
   6777.0000000000   7.0669333228e+02   3.3997618150e+02   6.8524029194e+02
   6778.0000000000   7.0685250227e+02   3.4009673051e+02   6.8538847953e+02
   6779.0000000000   7.0702717132e+02   3.4022582559e+02   6.8553640393e+02
   6780.0000000000   7.0719073793e+02   3.4034921385e+02   6.8568407769e+02
   6781.0000000000   7.0735186189e+02   3.4047134447e+02   6.8583151160e+02
   6782.0000000000   7.0751149157e+02   3.4059266530e+02   6.8598773239e+02
   6783.0000000000   7.0767003333e+02   3.4071336221e+02   6.8613844884e+02
   6784.0000000000   7.0782771372e+02   3.4083353812e+02   6.8628808155e+02
   6785.0000000000   7.0798467721e+02   3.4095325925e+02   6.8644607374e+02
   6786.0000000000   7.0814102387e+02   3.4107257228e+02   6.8659829433e+02
   6787.0000000000   7.0829682711e+02   3.4119151226e+02   6.8674924531e+02
   6788.0000000000   7.0845214302e+02   3.4131010669e+02   6.8689940048e+02
   6789.0000000000   7.0860701586e+02   3.4142837788e+02   6.8704895917e+02
   6790.0000000000   7.0876148144e+02   3.4154634438e+02   6.8719803142e+02
   6791.0000000000   7.0892414498e+02   3.4166402193e+02   6.8734668712e+02
   6792.0000000000   7.0908143219e+02   3.4178142413e+02   6.8749497462e+02
   6793.0000000000   7.0923756127e+02   3.4190758019e+02   6.8764292946e+02
   6794.0000000000   7.0940152476e+02   3.4203721839e+02   6.8779057893e+02
   6795.0000000000   7.0955989390e+02   3.4216046175e+02   6.8793794470e+02
   6796.0000000000   7.0971695889e+02   3.4228215109e+02   6.8808504443e+02
   6797.0000000000   7.0988175351e+02   3.4241189296e+02   6.8823189282e+02
   6798.0000000000   7.1004087482e+02   3.4253564046e+02   6.8837850235e+02
   6799.0000000000   7.1019863031e+02   3.4265794592e+02   6.8852488377e+02
   6800.0000000000   7.1035549024e+02   3.4277931616e+02   6.8868908109e+02
   6801.0000000000   7.1052023523e+02   3.4289997364e+02   6.8884250345e+02
   6802.0000000000   7.1067938325e+02   3.4302004541e+02   6.8900300187e+02
   6803.0000000000   7.1083720800e+02   3.4313961431e+02   6.8915712179e+02
   6804.0000000000   7.1099416270e+02   3.4325873887e+02   6.8930960708e+02
   6805.0000000000   7.1115044288e+02   3.4337746281e+02   6.8946104891e+02
   6806.0000000000   7.1131473558e+02   3.4350483746e+02   6.8961171355e+02
   6807.0000000000   7.1147351481e+02   3.4362659050e+02   6.8976175330e+02
   6808.0000000000   7.1163102978e+02   3.4374715750e+02   6.8992028395e+02
   6809.0000000000   7.1178771870e+02   3.4388501106e+02   6.9008209201e+02
   6810.0000000000   7.1194376712e+02   3.4401173042e+02   6.9023734175e+02
   6811.0000000000   7.1211643079e+02   3.4413623899e+02   6.9039992168e+02
   6812.0000000000   7.1227857955e+02   3.4425943670e+02   6.9055614454e+02
   6813.0000000000   7.1244723153e+02   3.4438169114e+02   6.9071069403e+02
   6814.0000000000   7.1260962158e+02   3.4450320074e+02   6.9087316002e+02
   6815.0000000000   7.1277886005e+02   3.4462408922e+02   6.9102950436e+02
   6816.0000000000   7.1294192838e+02   3.4474444104e+02   6.9118429291e+02
   6817.0000000000   7.1310329166e+02   3.4488235216e+02   6.9133804583e+02
   6818.0000000000   7.1326350569e+02   3.4500927007e+02   6.9149099751e+02
   6819.0000000000   7.1342282888e+02   3.4514307506e+02   6.9164328532e+02
   6820.0000000000   7.1358141463e+02   3.4527033560e+02   6.9179500098e+02
   6821.0000000000   7.1373936577e+02   3.4539581407e+02   6.9194621065e+02
   6822.0000000000   7.1389675651e+02   3.4552011679e+02   6.9209696461e+02
   6823.0000000000   7.1406221883e+02   3.4565253997e+02   6.9224730252e+02
   6824.0000000000   7.1422219798e+02   3.4577894702e+02   6.9239725654e+02
   6825.0000000000   7.1438092686e+02   3.4590385865e+02   6.9254685337e+02
   6826.0000000000   7.1453883387e+02   3.4602777065e+02   6.9270513284e+02
   6827.0000000000   7.1469609849e+02   3.4615090287e+02   6.9285781468e+02
   6828.0000000000   7.1485282135e+02   3.4627338338e+02   6.9301834610e+02
   6829.0000000000   7.1500906806e+02   3.4639529766e+02   6.9318187874e+02
   6830.0000000000   7.1517346115e+02   3.4652572486e+02   6.9333870152e+02
   6831.0000000000   7.1533243717e+02   3.4665041263e+02   6.9349374163e+02
   6832.0000000000   7.1549022140e+02   3.4677381154e+02   6.9364764047e+02
   6833.0000000000   7.1565581133e+02   3.4689637134e+02   6.9380068527e+02
   6834.0000000000   7.1581578171e+02   3.4701827985e+02   6.9395303963e+02
   6835.0000000000   7.1597442539e+02   3.4714865927e+02   6.9410480930e+02
   6836.0000000000   7.1613220252e+02   3.4727327815e+02   6.9426508563e+02
   6837.0000000000   7.1628931088e+02   3.4739659811e+02   6.9441962384e+02
   6838.0000000000   7.1644586226e+02   3.4751907502e+02   6.9457287935e+02
   6839.0000000000   7.1660192930e+02   3.4764090027e+02   6.9473432229e+02
   6840.0000000000   7.1675756351e+02   3.4777119812e+02   6.9488984294e+02
   6841.0000000000   7.1691280355e+02   3.4789573830e+02   6.9504396059e+02
   6842.0000000000   7.1706767975e+02   3.4801898313e+02   6.9520618061e+02
   6843.0000000000   7.1722221665e+02   3.4814138881e+02   6.9536241469e+02
   6844.0000000000   7.1737643458e+02   3.4826314689e+02   6.9551719615e+02
   6845.0000000000   7.1753035078e+02   3.4838436432e+02   6.9568905733e+02
   6846.0000000000   7.1769255568e+02   3.4850511033e+02   6.9584961734e+02
   6847.0000000000   7.1784946308e+02   3.4862543394e+02   6.9600782781e+02
   6848.0000000000   7.1801385699e+02   3.4874537204e+02   6.9616460960e+02
   6849.0000000000   7.1817254710e+02   3.4886495364e+02   6.9632034640e+02
   6850.0000000000   7.1832989393e+02   3.4898420226e+02   6.9647524927e+02
   6851.0000000000   7.1848638356e+02   3.4910313751e+02   6.9662945216e+02
   6852.0000000000   7.1864222496e+02   3.4922177601e+02   6.9678304790e+02
   6853.0000000000   7.1879753481e+02   3.4934013212e+02   6.9693610481e+02
   6854.0000000000   7.1895238776e+02   3.4945821838e+02   6.9708867537e+02
   6855.0000000000   7.1910683579e+02   3.4957604590e+02   6.9724981861e+02
   6856.0000000000   7.1927806854e+02   3.4970264188e+02   6.9740526894e+02
   6857.0000000000   7.1943891740e+02   3.4983273301e+02   6.9755946779e+02
   6858.0000000000   7.1960637562e+02   3.4995644099e+02   6.9771285828e+02
   6859.0000000000   7.1976766076e+02   3.5007860552e+02   6.9786562329e+02
   6860.0000000000   7.1992729487e+02   3.5019981494e+02   6.9801786392e+02
   6861.0000000000   7.2009442440e+02   3.5032032109e+02   6.9816964530e+02
   6862.0000000000   7.2025571066e+02   3.5044026247e+02   6.9832101350e+02
   6863.0000000000   7.2041550159e+02   3.5055972611e+02   6.9848102060e+02
   6864.0000000000   7.2057429471e+02   3.5067877159e+02   6.9863539446e+02
   6865.0000000000   7.2073231431e+02   3.5079744225e+02   6.9878857060e+02
   6866.0000000000   7.2088969171e+02   3.5091577106e+02   6.9895000424e+02
   6867.0000000000   7.2104651434e+02   3.5103378397e+02   6.9911459146e+02
   6868.0000000000   7.2120284515e+02   3.5116051933e+02   6.9928156032e+02
   6869.0000000000   7.2136730749e+02   3.5129071231e+02   6.9944150523e+02
   6870.0000000000   7.2152633981e+02   3.5141449124e+02   6.9959946394e+02
   6871.0000000000   7.2168416953e+02   3.5153670108e+02   6.9975613334e+02
   6872.0000000000   7.2184122052e+02   3.5165793434e+02   6.9991183356e+02
   6873.0000000000   7.2199766847e+02   3.5178746361e+02   7.0006674978e+02
   6874.0000000000   7.2216218639e+02   3.5192014795e+02   7.0023002022e+02
   6875.0000000000   7.2232123799e+02   3.5204619031e+02   7.0039644782e+02
   6876.0000000000   7.2247906476e+02   3.5217048459e+02   7.0055620948e+02
   6877.0000000000   7.2263609887e+02   3.5229365731e+02   7.0071418650e+02
   6878.0000000000   7.2279252117e+02   3.5241598843e+02   7.0087099946e+02
   6879.0000000000   7.2294843233e+02   3.5253763783e+02   7.0103594317e+02
   6880.0000000000   7.2310389736e+02   3.5265870921e+02   7.0119487736e+02
   6881.0000000000   7.2326753782e+02   3.5277927546e+02   7.0135231937e+02
   6882.0000000000   7.2342578910e+02   3.5289939068e+02   7.0150876231e+02
   6883.0000000000   7.2358287529e+02   3.5302811406e+02   7.0166442401e+02
   6884.0000000000   7.2373921701e+02   3.5315117938e+02   7.0181943108e+02
   6885.0000000000   7.2390356258e+02   3.5329106173e+02   7.0197386789e+02
   6886.0000000000   7.2406240758e+02   3.5341960393e+02   7.0213681279e+02
   6887.0000000000   7.2422000942e+02   3.5354581395e+02   7.0230303020e+02
   6888.0000000000   7.2437680908e+02   3.5367063001e+02   7.0246267074e+02
   6889.0000000000   7.2453299260e+02   3.5379444069e+02   7.0262059703e+02
   6890.0000000000   7.2468866389e+02   3.5391745743e+02   7.0278643324e+02
   6891.0000000000   7.2484388996e+02   3.5403981273e+02   7.0294614697e+02
   6892.0000000000   7.2500729370e+02   3.5416159735e+02   7.0310430268e+02
   6893.0000000000   7.2516531134e+02   3.5428287738e+02   7.0326141749e+02
   6894.0000000000   7.2533074314e+02   3.5440370312e+02   7.0341772269e+02
   6895.0000000000   7.2549041094e+02   3.5453313149e+02   7.0357335298e+02
   6896.0000000000   7.2564868463e+02   3.5465689502e+02   7.0372839787e+02
   6897.0000000000   7.2580605768e+02   3.5477943337e+02   7.0389193910e+02
   6898.0000000000   7.2596274493e+02   3.5490118805e+02   7.0404972604e+02
   6899.0000000000   7.2611886791e+02   3.5502234052e+02   7.0420621050e+02
   6900.0000000000   7.2627450521e+02   3.5514299053e+02   7.0436184308e+02
   6901.0000000000   7.2642971214e+02   3.5526320200e+02   7.0451681229e+02
   6902.0000000000   7.2658452988e+02   3.5539203723e+02   7.0467122353e+02
   6903.0000000000   7.2673899043e+02   3.5551523040e+02   7.0482514532e+02
   6904.0000000000   7.2689311946e+02   3.5563722118e+02   7.0497862648e+02
   6905.0000000000   7.2704693808e+02   3.5576746757e+02   7.0513170400e+02
   6906.0000000000   7.2720046401e+02   3.5589185030e+02   7.0528440717e+02
   6907.0000000000   7.2736228802e+02   3.5601488105e+02   7.0543675991e+02
   6908.0000000000   7.2752739971e+02   3.5613704164e+02   7.0558878228e+02
   6909.0000000000   7.2768640843e+02   3.5625853817e+02   7.0574950871e+02
   6910.0000000000   7.2784392000e+02   3.5637948651e+02   7.0590465450e+02
   6911.0000000000   7.2800049655e+02   3.5649996153e+02   7.0606766319e+02
   6912.0000000000   7.2815637987e+02   3.5662001598e+02   7.0622466600e+02
   6913.0000000000   7.2831170355e+02   3.5673968925e+02   7.0638024885e+02
   6914.0000000000   7.2846655202e+02   3.5686802935e+02   7.0653492358e+02
   6915.0000000000   7.2862098338e+02   3.5699076145e+02   7.0668891054e+02
   6916.0000000000   7.2878361572e+02   3.5711231909e+02   7.0684233300e+02
   6917.0000000000   7.2894088235e+02   3.5724215596e+02   7.0699526997e+02
   6918.0000000000   7.2909700592e+02   3.5736614959e+02   7.0714777657e+02
   6919.0000000000   7.2926098157e+02   3.5748880917e+02   7.0729989359e+02
   6920.0000000000   7.2943653318e+02   3.5761061458e+02   7.0746066991e+02
   6921.0000000000   7.2960075335e+02   3.5773177036e+02   7.0761583118e+02
   6922.0000000000   7.2976249438e+02   3.5785239106e+02   7.0776981126e+02
   6923.0000000000   7.2992274963e+02   3.5797255048e+02   7.0792304667e+02
   6924.0000000000   7.3008193806e+02   3.5809230041e+02   7.0807571458e+02
   6925.0000000000   7.3024028918e+02   3.5822069676e+02   7.0822791107e+02
   6926.0000000000   7.3040652272e+02   3.5834346999e+02   7.0837969681e+02
   6927.0000000000   7.3056713819e+02   3.5846505733e+02   7.0853111399e+02
   6928.0000000000   7.3072640419e+02   3.5858589782e+02   7.0868219386e+02
   6929.0000000000   7.3088477370e+02   3.5870617050e+02   7.0884197804e+02
   6930.0000000000   7.3104244375e+02   3.5882597291e+02   7.0899618656e+02
   6931.0000000000   7.3119952786e+02   3.5895438419e+02   7.0914924875e+02
   6932.0000000000   7.3135610131e+02   3.5907714786e+02   7.0930159750e+02
   6933.0000000000   7.3151221844e+02   3.5919870908e+02   7.0945340696e+02
   6934.0000000000   7.3166792067e+02   3.5931951194e+02   7.0960477066e+02
   6935.0000000000   7.3182324085e+02   3.5943973885e+02   7.0975574714e+02
   6936.0000000000   7.3197820580e+02   3.5956850698e+02   7.0990637674e+02
   6937.0000000000   7.3213283790e+02   3.5969158024e+02   7.1005668913e+02
   6938.0000000000   7.3228715616e+02   3.5981341607e+02   7.1021572452e+02
   6939.0000000000   7.3244117700e+02   3.5994348387e+02   7.1036920172e+02
   6940.0000000000   7.3260349034e+02   3.6006767199e+02   7.1052154898e+02
   6941.0000000000   7.3276050969e+02   3.6019049744e+02   7.1067319821e+02
   6942.0000000000   7.3291644328e+02   3.6031244582e+02   7.1082432268e+02
   6943.0000000000   7.3307169982e+02   3.6043372605e+02   7.1097501515e+02
   6944.0000000000   7.3322644280e+02   3.6056347337e+02   7.1112533345e+02
   6945.0000000000   7.3338933530e+02   3.6068746468e+02   7.1127531725e+02
   6946.0000000000   7.3354683275e+02   3.6081016707e+02   7.1142499563e+02
   6947.0000000000   7.3370316969e+02   3.6093204004e+02   7.1157439094e+02
   6948.0000000000   7.3385877243e+02   3.6105327736e+02   7.1172352103e+02
   6949.0000000000   7.3401381675e+02   3.6117398753e+02   7.1187240052e+02
   6950.0000000000   7.3417697462e+02   3.6129424083e+02   7.1203005902e+02
   6951.0000000000   7.3433470813e+02   3.6141408696e+02   7.1219122479e+02
   6952.0000000000   7.3449125687e+02   3.6153356325e+02   7.1234602056e+02
   6953.0000000000   7.3464705110e+02   3.6165269894e+02   7.1249928673e+02
   6954.0000000000   7.3480226972e+02   3.6177151767e+02   7.1265161196e+02
   6955.0000000000   7.3495701157e+02   3.6189003902e+02   7.1280324831e+02
   6956.0000000000   7.3511133988e+02   3.6200827956e+02   7.1295433428e+02
   6957.0000000000   7.3528245019e+02   3.6212625349e+02   7.1310495685e+02
   6958.0000000000   7.3544317723e+02   3.6225299051e+02   7.1326419275e+02
   6959.0000000000   7.3560194065e+02   3.6237420195e+02   7.1341778558e+02
   6960.0000000000   7.3576813404e+02   3.6249431064e+02   7.1357018122e+02
   6961.0000000000   7.3592848415e+02   3.6261374445e+02   7.1372182454e+02
   6962.0000000000   7.3608736069e+02   3.6273267355e+02   7.1387289864e+02
   6963.0000000000   7.3624526873e+02   3.6285118832e+02   7.1403252123e+02
   6964.0000000000   7.3640243466e+02   3.6296934469e+02   7.1418645659e+02
   6965.0000000000   7.3656756527e+02   3.6308718083e+02   7.1434817974e+02
   6966.0000000000   7.3672714784e+02   3.6320472461e+02   7.1450384333e+02
   6967.0000000000   7.3688544090e+02   3.6332199739e+02   7.1466706584e+02
   6968.0000000000   7.3704288932e+02   3.6343901619e+02   7.1482407070e+02
   6969.0000000000   7.3720825924e+02   3.6356481227e+02   7.1497949984e+02
   6970.0000000000   7.3736805976e+02   3.6368509779e+02   7.1513390214e+02
   6971.0000000000   7.3752655883e+02   3.6380429593e+02   7.1528752398e+02
   6972.0000000000   7.3768420582e+02   3.6392283457e+02   7.1544050766e+02
   6973.0000000000   7.3784119352e+02   3.6404088374e+02   7.1559294658e+02
   6974.0000000000   7.3799763140e+02   3.6415853353e+02   7.1574490698e+02
   6975.0000000000   7.3815359111e+02   3.6427583951e+02   7.1589643847e+02
   6976.0000000000   7.3830912376e+02   3.6440185678e+02   7.1604757964e+02
   6977.0000000000   7.3846426800e+02   3.6453133053e+02   7.1619836143e+02
   6978.0000000000   7.3861905426e+02   3.6465439532e+02   7.1635782657e+02
   6979.0000000000   7.3877350727e+02   3.6477590009e+02   7.1651169676e+02
   6980.0000000000   7.3892764758e+02   3.6489643993e+02   7.1666440326e+02
   6981.0000000000   7.3909006825e+02   3.6502528908e+02   7.1681638081e+02
   6982.0000000000   7.3924718516e+02   3.6514829035e+02   7.1696780535e+02
   6983.0000000000   7.3940320839e+02   3.6526994689e+02   7.1712778943e+02
   6984.0000000000   7.3955854812e+02   3.6539073981e+02   7.1728209354e+02
   6985.0000000000   7.3973052029e+02   3.6551087660e+02   7.1743517257e+02
   6986.0000000000   7.3989201504e+02   3.6563047492e+02   7.1758747662e+02
   6987.0000000000   7.4005148171e+02   3.6574961130e+02   7.1773919211e+02
   6988.0000000000   7.4020975581e+02   3.6586833986e+02   7.1789042163e+02
   6989.0000000000   7.4036717436e+02   3.6599571841e+02   7.1805024799e+02
   6990.0000000000   7.4053249319e+02   3.6611747892e+02   7.1820441738e+02
   6991.0000000000   7.4069222480e+02   3.6623805988e+02   7.1836639430e+02
   6992.0000000000   7.4085064196e+02   3.6635790129e+02   7.1852232484e+02
   6993.0000000000   7.4101677379e+02   3.6648620030e+02   7.1868582313e+02
   6994.0000000000   7.4118579275e+02   3.6660875550e+02   7.1884310961e+02
   6995.0000000000   7.4134840850e+02   3.6673004235e+02   7.1899882406e+02
   6996.0000000000   7.4150929006e+02   3.6685052350e+02   7.1915351384e+02
   6997.0000000000   7.4166904287e+02   3.6697039359e+02   7.1930742418e+02
   6998.0000000000   7.4182794010e+02   3.6709877830e+02   7.1946069655e+02
   6999.0000000000   7.4198613908e+02   3.6722144774e+02   7.1961342368e+02
   7000.0000000000   7.4214374269e+02   3.6735188129e+02   7.1977468869e+02
   7001.0000000000   7.4230939942e+02   3.6747623504e+02   7.1993024124e+02
   7002.0000000000   7.4246956459e+02   3.6759911288e+02   7.2008453285e+02
   7003.0000000000   7.4263705321e+02   3.6772104007e+02   7.2023801344e+02
   7004.0000000000   7.4280727442e+02   3.6784224723e+02   7.2039087065e+02
   7005.0000000000   7.4297958408e+02   3.6796286565e+02   7.2054320889e+02
   7006.0000000000   7.4314508128e+02   3.6808298067e+02   7.2069509565e+02
   7007.0000000000   7.4331715869e+02   3.6820265254e+02   7.2084657867e+02
   7008.0000000000   7.4349147291e+02   3.6832192621e+02   7.2099769387e+02
   7009.0000000000   7.4365893873e+02   3.6844083661e+02   7.2114846948e+02
   7010.0000000000   7.4383291302e+02   3.6855941177e+02   7.2129892841e+02
   7011.0000000000   7.4400047217e+02   3.6867767471e+02   7.2145810703e+02
   7012.0000000000   7.4416613380e+02   3.6879564473e+02   7.2161172194e+02
   7013.0000000000   7.4433906364e+02   3.6891333827e+02   7.2178223489e+02
   7014.0000000000   7.4450594541e+02   3.6903978682e+02   7.2194147812e+02
   7015.0000000000   7.4467114791e+02   3.6916972057e+02   7.2209845106e+02
   7016.0000000000   7.4483518703e+02   3.6929326405e+02   7.2225408494e+02
   7017.0000000000   7.4499830294e+02   3.6941525936e+02   7.2240876255e+02
   7018.0000000000   7.4516064065e+02   3.6953629680e+02   7.2256269042e+02
   7019.0000000000   7.4532229948e+02   3.6966564720e+02   7.2271599693e+02
   7020.0000000000   7.4550050390e+02   3.6978915090e+02   7.2287778662e+02
   7021.0000000000   7.4566811243e+02   3.6991130929e+02   7.2303382293e+02
   7022.0000000000   7.4583356454e+02   3.7003260215e+02   7.2318856667e+02
   7023.0000000000   7.4599769501e+02   3.7016225339e+02   7.2334247432e+02
   7024.0000000000   7.4616941972e+02   3.7029509775e+02   7.2349573825e+02
   7025.0000000000   7.4633532477e+02   3.7043034222e+02   7.2365748374e+02
   7026.0000000000   7.4649972443e+02   3.7055857342e+02   7.2383151603e+02
   7027.0000000000   7.4666309896e+02   3.7070286099e+02   7.2399369905e+02
   7028.0000000000   7.4682566325e+02   3.7083530209e+02   7.2415331589e+02
   7029.0000000000   7.4698754343e+02   3.7096504339e+02   7.2431139689e+02
   7030.0000000000   7.4714882423e+02   3.7109310907e+02   7.2446837405e+02
   7031.0000000000   7.4730956736e+02   3.7121994544e+02   7.2462448333e+02
   7032.0000000000   7.4746982026e+02   3.7134580488e+02   7.2477987277e+02
   7033.0000000000   7.4762962081e+02   3.7147085021e+02   7.2493464378e+02
   7034.0000000000   7.4778900011e+02   3.7159519536e+02   7.2508887011e+02
   7035.0000000000   7.4794798431e+02   3.7171892455e+02   7.2524260783e+02
   7036.0000000000   7.4810659574e+02   3.7184210261e+02   7.2540491839e+02
   7037.0000000000   7.4826485377e+02   3.7196478097e+02   7.2557055518e+02
   7038.0000000000   7.4842277539e+02   3.7208700147e+02   7.2572966124e+02
   7039.0000000000   7.4859752691e+02   3.7221781612e+02   7.2588709367e+02
   7040.0000000000   7.4876192357e+02   3.7234295461e+02   7.2605247244e+02
   7041.0000000000   7.4892437146e+02   3.7246685509e+02   7.2621176186e+02
   7042.0000000000   7.4909425453e+02   3.7258995835e+02   7.2636952375e+02
   7043.0000000000   7.4926686814e+02   3.7271244565e+02   7.2652627303e+02
   7044.0000000000   7.4943297772e+02   3.7283441686e+02   7.2668223916e+02
   7045.0000000000   7.4959728145e+02   3.7296495356e+02   7.2683755526e+02
   7046.0000000000   7.4976040152e+02   3.7308980160e+02   7.2699230945e+02
   7047.0000000000   7.4992262133e+02   3.7323144309e+02   7.2714656496e+02
   7048.0000000000   7.5008410485e+02   3.7336172516e+02   7.2730036963e+02
   7049.0000000000   7.5025353507e+02   3.7348965860e+02   7.2745376113e+02
   7050.0000000000   7.5042596449e+02   3.7361618357e+02   7.2761578734e+02
   7051.0000000000   7.5059204775e+02   3.7374169007e+02   7.2778119135e+02
   7052.0000000000   7.5075642461e+02   3.7386639059e+02   7.2794010821e+02
   7053.0000000000   7.5091968348e+02   3.7399041850e+02   7.2809738865e+02
   7054.0000000000   7.5108208697e+02   3.7411386527e+02   7.2825363024e+02
   7055.0000000000   7.5125236122e+02   3.7424581489e+02   7.2840909264e+02
   7056.0000000000   7.5141700547e+02   3.7437201866e+02   7.2857293838e+02
   7057.0000000000   7.5158886210e+02   3.7449692983e+02   7.2873997806e+02
   7058.0000000000   7.5176335866e+02   3.7462100010e+02   7.2890038995e+02
   7059.0000000000   7.5193128836e+02   3.7474441875e+02   7.2906807150e+02
   7060.0000000000   7.5209735906e+02   3.7487630908e+02   7.2922934161e+02
   7061.0000000000   7.5226219815e+02   3.7500244042e+02   7.2938888854e+02
   7062.0000000000   7.5242609288e+02   3.7512727502e+02   7.2954728837e+02
   7063.0000000000   7.5258921044e+02   3.7526028652e+02   7.2970480536e+02
   7064.0000000000   7.5275166109e+02   3.7538736713e+02   7.2986159462e+02
   7065.0000000000   7.5291352344e+02   3.7551303721e+02   7.3001775917e+02
   7066.0000000000   7.5307485665e+02   3.7563778546e+02   7.3017337287e+02
   7067.0000000000   7.5323570700e+02   3.7576182354e+02   7.3033750878e+02
   7068.0000000000   7.5339611181e+02   3.7588527187e+02   7.3049591107e+02
   7069.0000000000   7.5355610189e+02   3.7601722649e+02   7.3066204553e+02
   7070.0000000000   7.5371570317e+02   3.7614344385e+02   7.3082206096e+02
   7071.0000000000   7.5388351345e+02   3.7626837931e+02   7.3098957474e+02
   7072.0000000000   7.5404595282e+02   3.7640150252e+02   7.3115081075e+02
   7073.0000000000   7.5420723508e+02   3.7652870315e+02   7.3131041214e+02
   7074.0000000000   7.5436777379e+02   3.7666351723e+02   7.3147794682e+02
   7075.0000000000   7.5452773662e+02   3.7679213274e+02   7.3163936347e+02
   7076.0000000000   7.5468721469e+02   3.7691917364e+02   7.3179921958e+02
   7077.0000000000   7.5484626582e+02   3.7705419625e+02   7.3196704703e+02
   7078.0000000000   7.5500493047e+02   3.7719215890e+02   7.3212877687e+02
   7079.0000000000   7.5516323887e+02   3.7732331408e+02   7.3229797434e+02
   7080.0000000000   7.5532979039e+02   3.7745258550e+02   7.3246084899e+02
   7081.0000000000   7.5549958083e+02   3.7758963712e+02   7.3262204128e+02
   7082.0000000000   7.5566322418e+02   3.7772046403e+02   7.3278210314e+02
   7083.0000000000   7.5582532985e+02   3.7784965052e+02   7.3294128554e+02
   7084.0000000000   7.5598646288e+02   3.7797772846e+02   7.3309973585e+02
   7085.0000000000   7.5614686740e+02   3.7810494045e+02   7.3325755249e+02
   7086.0000000000   7.5630667899e+02   3.7823143002e+02   7.3341480648e+02
   7087.0000000000   7.5646598377e+02   3.7835729372e+02   7.3358056923e+02
   7088.0000000000   7.5662484132e+02   3.7848260167e+02   7.3374058392e+02
   7089.0000000000   7.5680044665e+02   3.7860740747e+02   7.3390831583e+02
   7090.0000000000   7.5697421074e+02   3.7873175364e+02   7.3406991353e+02
   7091.0000000000   7.5714095517e+02   3.7885567484e+02   7.3423899441e+02
   7092.0000000000   7.5730569608e+02   3.7897919996e+02   7.3440178247e+02
   7093.0000000000   7.5746915913e+02   3.7911137080e+02   7.3456292105e+02
   7094.0000000000   7.5763167261e+02   3.7923790890e+02   7.3472296102e+02
   7095.0000000000   7.5779342311e+02   3.7937226308e+02   7.3488215093e+02
   7096.0000000000   7.5795453064e+02   3.7950056913e+02   7.3504965273e+02
   7097.0000000000   7.5811507873e+02   3.7963643423e+02   7.3521126258e+02
   7098.0000000000   7.5827512883e+02   3.7976607413e+02   7.3537146222e+02
   7099.0000000000   7.5843472811e+02   3.7990314268e+02   7.3553072267e+02
   7100.0000000000   7.5859391391e+02   3.8003388549e+02   7.3568924708e+02
   7101.0000000000   7.5875271660e+02   3.8016295947e+02   7.3584715173e+02
   7102.0000000000   7.5891116136e+02   3.8029092433e+02   7.3601353082e+02
   7103.0000000000   7.5908642072e+02   3.8041803462e+02   7.3618315750e+02
   7104.0000000000   7.5925989030e+02   3.8054443909e+02   7.3634618764e+02
   7105.0000000000   7.5942638078e+02   3.8067023633e+02   7.3650748720e+02
   7106.0000000000   7.5959090036e+02   3.8079549697e+02   7.3666766525e+02
   7107.0000000000   7.5975416879e+02   3.8092027430e+02   7.3682699049e+02
   7108.0000000000   7.5992508547e+02   3.8104461013e+02   7.3698561532e+02
   7109.0000000000   7.6009023439e+02   3.8116853822e+02   7.3714363851e+02
   7110.0000000000   7.6025392981e+02   3.8129208649e+02   7.3730112960e+02
   7111.0000000000   7.6041665170e+02   3.8141527845e+02   7.3745814053e+02
   7112.0000000000   7.6057861420e+02   3.8153813421e+02   7.3761471174e+02
   7113.0000000000   7.6074851783e+02   3.8166067120e+02   7.3777087576e+02
   7114.0000000000   7.6091284667e+02   3.8178290469e+02   7.3794469408e+02
   7115.0000000000   7.6107585775e+02   3.8191386553e+02   7.3810759016e+02
   7116.0000000000   7.6123799537e+02   3.8203926622e+02   7.3827742700e+02
   7117.0000000000   7.6139945002e+02   3.8216353076e+02   7.3844977753e+02
   7118.0000000000   7.6156033021e+02   3.8228708816e+02   7.3861509485e+02
   7119.0000000000   7.6172070736e+02   3.8241912703e+02   7.3877839091e+02
   7120.0000000000   7.6188920840e+02   3.8254543925e+02   7.3894937522e+02
   7121.0000000000   7.6205227322e+02   3.8267049496e+02   7.3911406884e+02
   7122.0000000000   7.6222270540e+02   3.8279475249e+02   7.3927707199e+02
   7123.0000000000   7.6238732976e+02   3.8291840301e+02   7.3943892687e+02
   7124.0000000000   7.6255909446e+02   3.8304155205e+02   7.3959988303e+02
   7125.0000000000   7.6273347191e+02   3.8316426691e+02   7.3976008890e+02
   7126.0000000000   7.6290127700e+02   3.8328659459e+02   7.3991964454e+02
   7127.0000000000   7.6306722890e+02   3.8341758725e+02   7.4007862266e+02
   7128.0000000000   7.6323196107e+02   3.8354297238e+02   7.4023707884e+02
   7129.0000000000   7.6339576405e+02   3.8367620216e+02   7.4039505711e+02
   7130.0000000000   7.6356738239e+02   3.8380341411e+02   7.4055259334e+02
   7131.0000000000   7.6373332804e+02   3.8392919881e+02   7.4070971735e+02
   7132.0000000000   7.6389787685e+02   3.8405407161e+02   7.4086645443e+02
   7133.0000000000   7.6406148655e+02   3.8417825554e+02   7.4102282629e+02
   7134.0000000000   7.6422435757e+02   3.8430187595e+02   7.4117885181e+02
   7135.0000000000   7.6438660599e+02   3.8442501343e+02   7.4133454759e+02
   7136.0000000000   7.6454830922e+02   3.8454772435e+02   7.4148992834e+02
   7137.0000000000   7.6470952330e+02   3.8467005049e+02   7.4164500721e+02
   7138.0000000000   7.6487029118e+02   3.8480104148e+02   7.4179979605e+02
   7139.0000000000   7.6503064702e+02   3.8493544090e+02   7.4195430556e+02
   7140.0000000000   7.6519061882e+02   3.8506338351e+02   7.4210854550e+02
   7141.0000000000   7.6535880566e+02   3.8518971938e+02   7.4226252481e+02
   7142.0000000000   7.6552162844e+02   3.8532406247e+02   7.4242526900e+02
   7143.0000000000   7.6568330146e+02   3.8545237190e+02   7.4258248611e+02
   7144.0000000000   7.6584423853e+02   3.8557920493e+02   7.4273859631e+02
   7145.0000000000   7.6601318309e+02   3.8570507253e+02   7.4289402532e+02
   7146.0000000000   7.6617662720e+02   3.8583020063e+02   7.4304894158e+02
   7147.0000000000   7.6633882562e+02   3.8596373657e+02   7.4320343405e+02
   7148.0000000000   7.6650021742e+02   3.8609146615e+02   7.4335755753e+02
   7149.0000000000   7.6666098714e+02   3.8621786326e+02   7.4352036657e+02
   7150.0000000000   7.6682123758e+02   3.8634339271e+02   7.4367758871e+02
   7151.0000000000   7.6698103493e+02   3.8647726984e+02   7.4383365788e+02
   7152.0000000000   7.6714042579e+02   3.8660530709e+02   7.4398900978e+02
   7153.0000000000   7.6729944507e+02   3.8674100807e+02   7.4414382033e+02
   7154.0000000000   7.6745812002e+02   3.8687054457e+02   7.4429818418e+02
   7155.0000000000   7.6761647270e+02   3.8699853148e+02   7.4445216056e+02
   7156.0000000000   7.6777452139e+02   3.8713451961e+02   7.4461480753e+02
   7157.0000000000   7.6793228159e+02   3.8726444640e+02   7.4477185542e+02
   7158.0000000000   7.6810691787e+02   3.8739286147e+02   7.4492774042e+02
   7159.0000000000   7.6828839491e+02   3.8752027358e+02   7.4508290008e+02
   7160.0000000000   7.6845791873e+02   3.8765592623e+02   7.4524652914e+02
   7161.0000000000   7.6863326546e+02   3.8779466846e+02   7.4540442397e+02
   7162.0000000000   7.6880195040e+02   3.8792670093e+02   7.4556105801e+02
   7163.0000000000   7.6896864525e+02   3.8805691857e+02   7.4571689206e+02
   7164.0000000000   7.6914258361e+02   3.8818595040e+02   7.4587211914e+02
   7165.0000000000   7.6931048241e+02   3.8831407949e+02   7.4602684613e+02
   7166.0000000000   7.6947672749e+02   3.8844146895e+02   7.4618114139e+02
   7167.0000000000   7.6964184350e+02   3.8856822571e+02   7.4633505266e+02
   7168.0000000000   7.6980607485e+02   3.8869442573e+02   7.4649763267e+02
   7169.0000000000   7.6997814389e+02   3.8882914334e+02   7.4665460929e+02
   7170.0000000000   7.7014455100e+02   3.8896714085e+02   7.4681041767e+02
   7171.0000000000   7.7030956580e+02   3.8909856775e+02   7.4696549503e+02
   7172.0000000000   7.7047364254e+02   3.8923730331e+02   7.4712001890e+02
   7173.0000000000   7.7063697970e+02   3.8936965442e+02   7.4727408545e+02
   7174.0000000000   7.7079969238e+02   3.8950030115e+02   7.4742775535e+02
   7175.0000000000   7.7096185744e+02   3.8962981382e+02   7.4758107061e+02
   7176.0000000000   7.7112353075e+02   3.8975845258e+02   7.4773406229e+02
   7177.0000000000   7.7128475521e+02   3.8989538687e+02   7.4789577176e+02
   7178.0000000000   7.7144556509e+02   3.9003543529e+02   7.4805191875e+02
   7179.0000000000   7.7160598852e+02   3.9016878365e+02   7.4820693228e+02
   7180.0000000000   7.7176604914e+02   3.9030933617e+02   7.4836124494e+02
   7181.0000000000   7.7192576714e+02   3.9044341766e+02   7.4851503054e+02
   7182.0000000000   7.7208516001e+02   3.9057572153e+02   7.4866838230e+02
   7183.0000000000   7.7224424309e+02   3.9070682833e+02   7.4882135844e+02
   7184.0000000000   7.7240302995e+02   3.9083700626e+02   7.4898301630e+02
   7185.0000000000   7.7256153272e+02   3.9096641387e+02   7.4913908567e+02
   7186.0000000000   7.7271976228e+02   3.9109515724e+02   7.4929400233e+02
