E_cm1  rho_reactant_cm  rho_MECP_shifted_LZ  rho_MECP_internal_WC
      1.0000000000   8.4065261491e-03   0.0000000000e+00   8.8809693507e-03
      2.0000000000   1.1888623293e-02   0.0000000000e+00   1.2559587303e-02
      3.0000000000   1.4560530405e-02   0.0000000000e+00   1.5382290136e-02
      4.0000000000   1.6813052298e-02   0.0000000000e+00   1.7761938701e-02
      5.0000000000   1.8797563924e-02   0.0000000000e+00   1.9858451174e-02
      6.0000000000   2.0591699575e-02   0.0000000000e+00   2.1753843331e-02
      7.0000000000   2.2241577581e-02   0.0000000000e+00   2.3496836303e-02
      8.0000000000   2.3777246585e-02   0.0000000000e+00   2.5119174606e-02
      9.0000000000   2.5219578447e-02   0.0000000000e+00   2.6642908052e-02
     10.0000000000   2.6583769841e-02   0.0000000000e+00   2.8084090978e-02
     11.0000000000   2.7881293027e-02   0.0000000000e+00   2.9454843111e-02
     12.0000000000   2.9121060811e-02   0.0000000000e+00   3.0764580272e-02
     13.0000000000   3.0310161079e-02   0.0000000000e+00   3.2020790370e-02
     14.0000000000   3.1454340663e-02   0.0000000000e+00   3.3229544573e-02
     15.0000000000   3.2558335775e-02   0.0000000000e+00   3.4395846393e-02
     16.0000000000   3.3626104597e-02   0.0000000000e+00   3.5523877403e-02
     17.0000000000   3.4660995257e-02   0.0000000000e+00   3.6617174691e-02
     18.0000000000   3.5665869878e-02   0.0000000000e+00   3.7678761908e-02
     19.0000000000   3.6643197950e-02   0.0000000000e+00   3.8711247920e-02
     20.0000000000   3.7595127848e-02   0.0000000000e+00   3.9716902349e-02
     21.0000000000   3.8523542410e-02   0.0000000000e+00   4.0697714294e-02
     22.0000000000   3.9430102735e-02   0.0000000000e+00   4.1655438605e-02
     23.0000000000   4.0316283108e-02   0.0000000000e+00   4.2591632770e-02
     24.0000000000   4.1183399150e-02   0.0000000000e+00   4.3507686661e-02
     25.0000000000   4.2032630746e-02   0.0000000000e+00   4.4404846754e-02
     26.0000000000   4.2865040876e-02   0.0000000000e+00   4.5284236019e-02
     27.0000000000   4.3681591216e-02   0.0000000000e+00   4.6146870408e-02
     28.0000000000   4.4483155161e-02   0.0000000000e+00   4.6993672606e-02
     29.0000000000   4.5270528769e-02   0.0000000000e+00   4.7825483601e-02
     30.0000000000   4.6044440021e-02   0.0000000000e+00   4.8643072459e-02
     31.0000000000   4.6805556708e-02   0.0000000000e+00   4.9447144658e-02
     32.0000000000   4.7554493170e-02   0.0000000000e+00   5.0238349211e-02
     33.0000000000   4.8291816104e-02   0.0000000000e+00   5.1017284797e-02
     34.0000000000   4.9018049578e-02   0.0000000000e+00   5.1784505064e-02
     35.0000000000   4.9733679397e-02   0.0000000000e+00   5.2540523230e-02
     36.0000000000   5.0439156895e-02   0.0000000000e+00   5.3285816104e-02
     37.0000000000   5.1134902270e-02   0.0000000000e+00   5.4020827599e-02
     38.0000000000   5.1821307510e-02   0.0000000000e+00   5.4745971825e-02
     39.0000000000   5.2498738975e-02   0.0000000000e+00   5.5461635819e-02
     40.0000000000   5.3167539682e-02   0.0000000000e+00   5.6168181957e-02
     41.0000000000   5.3828031338e-02   0.0000000000e+00   5.6865950101e-02
     42.0000000000   5.4480516147e-02   0.0000000000e+00   5.7555259512e-02
     43.0000000000   5.5125278426e-02   0.0000000000e+00   5.8236410553e-02
     44.0000000000   5.5762586054e-02   0.0000000000e+00   5.8909686222e-02
     45.0000000000   5.6392691772e-02   0.0000000000e+00   5.9575353523e-02
     46.0000000000   5.7015834355e-02   0.0000000000e+00   6.9114634057e-02
     47.0000000000   5.7632239668e-02   0.0000000000e+00   7.3444445688e-02
     48.0000000000   6.6648647771e-02   0.0000000000e+00   7.6911450679e-02
     49.0000000000   7.0734306337e-02   0.0000000000e+00   7.9928724156e-02
     50.0000000000   7.4003646868e-02   0.0000000000e+00   8.2656387688e-02
     51.0000000000   7.6847657125e-02   0.0000000000e+00   8.5176650325e-02
     52.0000000000   7.9417886083e-02   0.0000000000e+00   8.7538417043e-02
     53.0000000000   8.1792133728e-02   0.0000000000e+00   8.9773607402e-02
     54.0000000000   8.4016676305e-02   0.0000000000e+00   9.1904438044e-02
     55.0000000000   8.6121713094e-02   0.0000000000e+00   9.3947122441e-02
     56.0000000000   8.8128259774e-02   0.0000000000e+00   9.5913932257e-02
     57.0000000000   9.0051650443e-02   0.0000000000e+00   9.7814428494e-02
     58.0000000000   9.1903488787e-02   0.0000000000e+00   9.9656237905e-02
     59.0000000000   9.3692813396e-02   0.0000000000e+00   1.0144556454e-01
     60.0000000000   1.0383335878e-01   0.0000000000e+00   1.1206850853e-01
     61.0000000000   1.0900003209e-01   0.0000000000e+00   1.1744605270e-01
     62.0000000000   1.1331191927e-01   0.0000000000e+00   1.2192828742e-01
     63.0000000000   1.1716388964e-01   0.0000000000e+00   1.2593120952e-01
     64.0000000000   1.2071076837e-01   0.0000000000e+00   1.2961745390e-01
     65.0000000000   1.2403315003e-01   0.0000000000e+00   1.3307140964e-01
     66.0000000000   1.2717971682e-01   0.0000000000e+00   1.3634388667e-01
     67.0000000000   1.3018275655e-01   0.0000000000e+00   1.3946848030e-01
     68.0000000000   1.3306511137e-01   0.0000000000e+00   1.4246889020e-01
     69.0000000000   1.3584372329e-01   0.0000000000e+00   1.4536264957e-01
     70.0000000000   1.4693814619e-01   0.0000000000e+00   1.4816321039e-01
     71.0000000000   1.5302773166e-01   0.0000000000e+00   1.5088119417e-01
     72.0000000000   1.5823506199e-01   0.0000000000e+00   1.5352518459e-01
     73.0000000000   1.6295782474e-01   0.0000000000e+00   1.5610225257e-01
     74.0000000000   1.6735316322e-01   0.0000000000e+00   1.6749928639e-01
     75.0000000000   1.7991013751e-01   0.0000000000e+00   1.7363798784e-01
     76.0000000000   1.8734812080e-01   0.0000000000e+00   1.7886910533e-01
     77.0000000000   1.9381505447e-01   0.0000000000e+00   1.8360923960e-01
     78.0000000000   1.9972581407e-01   0.0000000000e+00   1.8802158146e-01
     79.0000000000   2.0524979357e-01   0.0000000000e+00   1.9219103295e-01
     80.0000000000   2.1047860681e-01   0.0000000000e+00   1.9616887852e-01
     81.0000000000   2.1546952605e-01   0.0000000000e+00   1.9998915347e-01
     82.0000000000   2.2026170212e-01   0.0000000000e+00   2.1255693564e-01
     83.0000000000   2.2488357327e-01   0.0000000000e+00   2.1980681816e-01
     84.0000000000   2.2935672345e-01   0.0000000000e+00   2.2609904441e-01
     85.0000000000   2.3369808757e-01   0.0000000000e+00   2.3185742870e-01
     86.0000000000   2.3792130264e-01   0.0000000000e+00   2.3725078368e-01
     87.0000000000   2.4203758171e-01   0.0000000000e+00   2.4236848752e-01
     88.0000000000   2.5446283034e-01   0.0000000000e+00   2.4726545406e-01
     89.0000000000   2.6187405216e-01   0.0000000000e+00   2.5197870798e-01
     90.0000000000   2.6839232207e-01   0.0000000000e+00   2.5653485386e-01
     91.0000000000   2.7441437793e-01   0.0000000000e+00   2.6983488426e-01
     92.0000000000   2.8009679100e-01   0.0000000000e+00   2.8669205641e-01
     93.0000000000   2.9392830905e-01   0.0000000000e+00   2.9738199250e-01
     94.0000000000   3.0262817350e-01   0.0000000000e+00   3.0667423466e-01
     95.0000000000   3.1034432032e-01   0.0000000000e+00   3.1515010752e-01
     96.0000000000   3.2589823446e-01   0.0000000000e+00   3.2305878158e-01
     97.0000000000   3.3612849995e-01   0.0000000000e+00   3.3053720054e-01
     98.0000000000   3.4524115778e-01   0.0000000000e+00   3.3767121209e-01
     99.0000000000   3.5368450238e-01   0.0000000000e+00   3.4451932187e-01
    100.0000000000   3.6164929616e-01   0.0000000000e+00   3.5112379243e-01
    101.0000000000   3.7764838630e-01   0.0000000000e+00   3.5751649507e-01
    102.0000000000   3.8841877505e-01   0.0000000000e+00   3.6372227387e-01
    103.0000000000   3.9812194267e-01   0.0000000000e+00   3.6976101040e-01
    104.0000000000   4.0718346036e-01   0.0000000000e+00   3.7564895790e-01
    105.0000000000   4.1578136800e-01   0.0000000000e+00   3.8139964002e-01
    106.0000000000   4.2401440291e-01   0.0000000000e+00   3.8702447745e-01
    107.0000000000   4.3194580145e-01   0.0000000000e+00   4.1029517630e-01
    108.0000000000   4.3961977683e-01   0.0000000000e+00   4.2305354002e-01
    109.0000000000   4.4706911541e-01   0.0000000000e+00   4.3399981225e-01
    110.0000000000   4.5431917448e-01   0.0000000000e+00   4.4396620218e-01
    111.0000000000   4.6139019326e-01   0.0000000000e+00   4.6215926751e-01
    112.0000000000   4.6829872566e-01   0.0000000000e+00   4.7466485244e-01
    113.0000000000   4.7505857803e-01   0.0000000000e+00   4.8593144381e-01
    114.0000000000   4.8168145017e-01   0.0000000000e+00   5.0532051970e-01
    115.0000000000   4.9658391520e-01   0.0000000000e+00   5.1895654839e-01
    116.0000000000   5.0644374289e-01   0.0000000000e+00   5.3130352528e-01
    117.0000000000   5.1538282212e-01   0.0000000000e+00   5.4285041244e-01
    118.0000000000   5.2379872121e-01   0.0000000000e+00   5.5381058642e-01
    119.0000000000   5.3184883860e-01   0.0000000000e+00   5.7318671199e-01
    120.0000000000   5.4802273384e-01   0.0000000000e+00   5.8697483758e-01
    121.0000000000   5.6744696351e-01   0.0000000000e+00   5.9957754155e-01
    122.0000000000   5.8093927041e-01   0.0000000000e+00   6.2033059196e-01
    123.0000000000   5.9302958503e-01   0.0000000000e+00   6.3534316641e-01
    124.0000000000   6.0427895397e-01   0.0000000000e+00   6.4906978786e-01
    125.0000000000   6.1493122663e-01   0.0000000000e+00   6.6199338941e-01
    126.0000000000   6.2512216976e-01   0.0000000000e+00   6.7432344887e-01
    127.0000000000   6.4334442937e-01   0.0000000000e+00   6.8617912662e-01
    128.0000000000   6.6473289834e-01   0.0000000000e+00   6.9763815381e-01
    129.0000000000   6.8011413146e-01   0.0000000000e+00   7.0875563696e-01
    130.0000000000   6.9402609676e-01   0.0000000000e+00   7.2845385917e-01
    131.0000000000   7.0703685180e-01   0.0000000000e+00   7.4268174014e-01
    132.0000000000   7.1939627534e-01   0.0000000000e+00   7.5581164544e-01
    133.0000000000   7.3124530563e-01   0.0000000000e+00   7.6827778408e-01
    134.0000000000   7.4267450851e-01   0.0000000000e+00   7.8025798339e-01
    135.0000000000   7.5374704505e-01   0.0000000000e+00   7.9184951544e-01
    136.0000000000   7.6450951923e-01   0.0000000000e+00   8.0311426492e-01
    137.0000000000   7.7499776508e-01   0.0000000000e+00   8.1409545763e-01
    138.0000000000   7.8524021498e-01   0.0000000000e+00   8.3370621997e-01
    139.0000000000   7.9525999329e-01   0.0000000000e+00   8.4788825492e-01
    140.0000000000   8.1348281238e-01   0.0000000000e+00   8.6100813425e-01
    141.0000000000   8.2659389961e-01   0.0000000000e+00   8.7349534282e-01
    142.0000000000   8.3872133209e-01   0.0000000000e+00   8.8552380455e-01
    143.0000000000   8.5026788715e-01   0.0000000000e+00   8.9718752923e-01
    144.0000000000   8.6980192892e-01   0.0000000000e+00   9.0854564773e-01
    145.0000000000   8.8407936061e-01   0.0000000000e+00   9.2852001011e-01
    146.0000000000   8.9726873381e-01   0.0000000000e+00   9.4305744000e-01
    147.0000000000   9.0979823088e-01   0.0000000000e+00   9.6540862732e-01
    148.0000000000   9.2184669317e-01   0.0000000000e+00   9.8192173493e-01
    149.0000000000   9.4191944364e-01   0.0000000000e+00   9.9711841822e-01
    150.0000000000   9.5674854111e-01   0.0000000000e+00   1.0115063964e+00
    151.0000000000   9.7889866420e-01   0.0000000000e+00   1.0253052755e+00
    152.0000000000   9.9546216207e-01   0.0000000000e+00   1.0386383140e+00
    153.0000000000   1.0107297693e+00   0.0000000000e+00   1.0515846075e+00
    154.0000000000   1.0251899897e+00   0.0000000000e+00   1.0641993239e+00
    155.0000000000   1.0390567588e+00   0.0000000000e+00   1.0765232118e+00
    156.0000000000   1.0524515121e+00   0.0000000000e+00   1.0885876590e+00
    157.0000000000   1.0654529371e+00   0.0000000000e+00   1.1004176299e+00
    158.0000000000   1.0781163677e+00   0.0000000000e+00   1.1120334881e+00
    159.0000000000   1.0904829516e+00   0.0000000000e+00   1.1234521868e+00
    160.0000000000   1.1025845580e+00   0.0000000000e+00   1.1346880792e+00
    161.0000000000   1.1144466462e+00   0.0000000000e+00   1.1457534895e+00
    162.0000000000   1.1344965817e+00   0.0000000000e+00   1.1566591266e+00
    163.0000000000   1.1494208058e+00   0.0000000000e+00   1.1762953609e+00
    164.0000000000   1.1633483167e+00   0.0000000000e+00   1.1905871983e+00
    165.0000000000   1.1766826110e+00   0.0000000000e+00   1.2038885071e+00
    166.0000000000   1.1895861044e+00   0.0000000000e+00   1.2166188276e+00
    167.0000000000   1.2021461305e+00   0.0000000000e+00   1.2289441169e+00
    168.0000000000   1.2144174020e+00   0.0000000000e+00   1.2409518808e+00
    169.0000000000   1.2264376402e+00   0.0000000000e+00   1.2526958550e+00
    170.0000000000   1.2382346122e+00   0.0000000000e+00   1.2642123849e+00
    171.0000000000   1.2498297476e+00   0.0000000000e+00   1.2755277581e+00
    172.0000000000   1.2612401832e+00   0.0000000000e+00   1.2866619465e+00
    173.0000000000   1.2724800036e+00   0.0000000000e+00   1.2976307032e+00
    174.0000000000   1.2835610392e+00   0.0000000000e+00   1.3084468237e+00
    175.0000000000   1.2944934026e+00   0.0000000000e+00   1.3191209492e+00
    176.0000000000   1.3136923894e+00   0.0000000000e+00   1.3296620994e+00
    177.0000000000   1.3362412666e+00   0.0000000000e+00   1.3400780423e+00
    178.0000000000   1.3529301411e+00   0.0000000000e+00   1.3592565258e+00
    179.0000000000   1.3682701578e+00   0.0000000000e+00   1.3820011806e+00
    180.0000000000   1.3912155190e+00   0.0000000000e+00   1.3985804523e+00
    181.0000000000   1.4086692626e+00   0.0000000000e+00   1.4226393952e+00
    182.0000000000   1.4248739250e+00   0.0000000000e+00   1.4406717999e+00
    183.0000000000   1.4403006430e+00   0.0000000000e+00   1.4572699811e+00
    184.0000000000   1.4551555464e+00   0.0000000000e+00   1.4818621170e+00
    185.0000000000   1.4779624081e+00   0.0000000000e+00   1.5006085930e+00
    186.0000000000   1.4954663477e+00   0.0000000000e+00   1.5179947254e+00
    187.0000000000   1.5118350973e+00   0.0000000000e+00   1.5345230481e+00
    188.0000000000   1.5274991897e+00   0.0000000000e+00   1.5592970182e+00
    189.0000000000   1.5510472301e+00   0.0000000000e+00   1.5783613918e+00
    190.0000000000   1.5692503607e+00   0.0000000000e+00   1.5961466030e+00
    191.0000000000   1.5946954302e+00   0.0000000000e+00   1.6131251133e+00
    192.0000000000   1.6144889537e+00   0.0000000000e+00   1.6295014310e+00
    193.0000000000   1.6329314724e+00   0.0000000000e+00   1.6453922326e+00
    194.0000000000   1.6505186750e+00   0.0000000000e+00   1.6697549461e+00
    195.0000000000   1.6674699841e+00   0.0000000000e+00   1.6885607068e+00
    196.0000000000   1.6839111601e+00   0.0000000000e+00   1.7061969452e+00
    197.0000000000   1.6999243840e+00   0.0000000000e+00   1.7231086244e+00
    198.0000000000   1.7155678679e+00   0.0000000000e+00   1.7394815539e+00
    199.0000000000   1.7308851697e+00   0.0000000000e+00   1.7554191160e+00
    200.0000000000   1.7459102043e+00   0.0000000000e+00   1.7709879903e+00
    201.0000000000   1.7690767133e+00   0.0000000000e+00   1.7862352443e+00
    202.0000000000   1.7870761045e+00   0.0000000000e+00   1.8011961671e+00
    203.0000000000   1.8040413461e+00   0.0000000000e+00   1.8158983746e+00
    204.0000000000   1.8203791771e+00   0.0000000000e+00   1.8303641764e+00
    205.0000000000   1.8362547080e+00   0.0000000000e+00   1.8446120411e+00
    206.0000000000   1.8517575463e+00   0.0000000000e+00   1.8586575557e+00
    207.0000000000   1.8753508739e+00   0.0000000000e+00   1.8725140830e+00
    208.0000000000   1.8937431356e+00   0.0000000000e+00   1.8861932272e+00
    209.0000000000   1.9194843285e+00   0.0000000000e+00   1.8997051756e+00
    210.0000000000   1.9396570209e+00   0.0000000000e+00   1.9130589540e+00
    211.0000000000   1.9585451060e+00   0.0000000000e+00   1.9262626231e+00
    212.0000000000   1.9766321277e+00   0.0000000000e+00   1.9393234317e+00
    213.0000000000   1.9941283257e+00   0.0000000000e+00   1.9522479382e+00
    214.0000000000   2.0195588492e+00   0.0000000000e+00   1.9828040470e+00
    215.0000000000   2.0396692534e+00   0.0000000000e+00   2.0028305695e+00
    216.0000000000   2.0586274037e+00   0.0000000000e+00   2.0210253842e+00
    217.0000000000   2.0768638989e+00   0.0000000000e+00   2.0382188262e+00
    218.0000000000   2.0945609012e+00   0.0000000000e+00   2.0547349985e+00
    219.0000000000   2.1118206336e+00   0.0000000000e+00   2.0707418921e+00
    220.0000000000   2.1287093501e+00   0.0000000000e+00   2.0952216030e+00
    221.0000000000   2.1452739257e+00   0.0000000000e+00   2.1141577381e+00
    222.0000000000   2.1615495283e+00   0.0000000000e+00   2.1408250197e+00
    223.0000000000   2.1859701974e+00   0.0000000000e+00   2.1615881134e+00
    224.0000000000   2.2052271868e+00   0.0000000000e+00   2.1809804483e+00
    225.0000000000   2.2234531031e+00   0.0000000000e+00   2.1995184029e+00
    226.0000000000   2.2410542378e+00   0.0000000000e+00   2.2174281116e+00
    227.0000000000   2.2581952308e+00   0.0000000000e+00   2.2348378580e+00
    228.0000000000   2.2749652277e+00   0.0000000000e+00   2.2607116441e+00
    229.0000000000   2.2998269731e+00   0.0000000000e+00   2.2810244489e+00
    230.0000000000   2.3194885066e+00   0.0000000000e+00   2.3090469519e+00
    231.0000000000   2.3380929272e+00   0.0000000000e+00   2.3311421415e+00
    232.0000000000   2.3560534207e+00   0.0000000000e+00   2.3518430360e+00
    233.0000000000   2.3735393354e+00   0.0000000000e+00   2.3716662911e+00
    234.0000000000   2.3906431346e+00   0.0000000000e+00   2.3908386891e+00
    235.0000000000   2.4074234348e+00   0.0000000000e+00   2.4094893517e+00
    236.0000000000   2.4239210013e+00   0.0000000000e+00   2.4277022352e+00
    237.0000000000   2.4401660258e+00   0.0000000000e+00   2.4455365883e+00
    238.0000000000   2.4561819059e+00   0.0000000000e+00   2.4719175931e+00
    239.0000000000   2.4803939283e+00   0.0000000000e+00   2.4927962855e+00
    240.0000000000   2.5078931096e+00   0.0000000000e+00   2.5125466332e+00
    241.0000000000   2.5378822460e+00   0.0000000000e+00   2.5316040972e+00
    242.0000000000   2.5615465328e+00   0.0000000000e+00   2.5501475120e+00
    243.0000000000   2.5835520225e+00   0.0000000000e+00   2.5682749803e+00
    244.0000000000   2.6045269850e+00   0.0000000000e+00   2.6038110268e+00
    245.0000000000   2.6247540445e+00   0.0000000000e+00   2.6286328400e+00
    246.0000000000   2.6443937060e+00   0.0000000000e+00   2.6514659796e+00
    247.0000000000   2.6635490483e+00   0.0000000000e+00   2.6731616638e+00
    248.0000000000   2.6822916657e+00   0.0000000000e+00   2.6940602920e+00
    249.0000000000   2.7006740945e+00   0.0000000000e+00   2.7143429112e+00
    250.0000000000   2.7187364961e+00   0.0000000000e+00   2.7341213318e+00
    251.0000000000   2.7365105611e+00   0.0000000000e+00   2.7534713751e+00
    252.0000000000   2.7540219369e+00   0.0000000000e+00   2.7724478690e+00
    253.0000000000   2.7712918140e+00   0.0000000000e+00   2.7910923601e+00
    254.0000000000   2.7967445303e+00   0.0000000000e+00   2.8094374701e+00
    255.0000000000   2.8170643217e+00   0.0000000000e+00   2.8275095358e+00
    256.0000000000   2.8447850707e+00   0.0000000000e+00   2.8453303010e+00
    257.0000000000   2.8669780759e+00   0.0000000000e+00   2.8629180484e+00
    258.0000000000   2.8879190379e+00   0.0000000000e+00   2.8802883871e+00
    259.0000000000   2.9080853553e+00   0.0000000000e+00   2.9063357846e+00
    260.0000000000   2.9276825379e+00   0.0000000000e+00   2.9269887224e+00
    261.0000000000   2.9468254879e+00   0.0000000000e+00   2.9466040539e+00
    262.0000000000   2.9655877343e+00   0.0000000000e+00   2.9656039111e+00
    263.0000000000   2.9840204761e+00   0.0000000000e+00   2.9841565230e+00
    264.0000000000   3.0105680302e+00   0.0000000000e+00   3.0023514037e+00
    265.0000000000   3.0319285544e+00   0.0000000000e+00   3.0202440780e+00
    266.0000000000   3.0522394629e+00   0.0000000000e+00   3.0378724955e+00
    267.0000000000   3.0719104918e+00   0.0000000000e+00   3.0552643914e+00
    268.0000000000   3.0911088067e+00   0.0000000000e+00   3.0724410506e+00
    269.0000000000   3.1099254418e+00   0.0000000000e+00   3.0894194237e+00
    270.0000000000   3.1284180506e+00   0.0000000000e+00   3.1062134033e+00
    271.0000000000   3.1466267336e+00   0.0000000000e+00   3.1317156084e+00
    272.0000000000   3.1645812138e+00   0.0000000000e+00   3.1518526700e+00
    273.0000000000   3.1823045519e+00   0.0000000000e+00   3.1709796554e+00
    274.0000000000   3.1998152626e+00   0.0000000000e+00   3.1983979763e+00
    275.0000000000   3.2171286093e+00   0.0000000000e+00   3.2201909608e+00
    276.0000000000   3.2342574412e+00   0.0000000000e+00   3.2496740603e+00
    277.0000000000   3.2596192871e+00   0.0000000000e+00   3.2732309805e+00
    278.0000000000   3.2798927459e+00   0.0000000000e+00   3.2954047697e+00
    279.0000000000   3.3076069764e+00   0.0000000000e+00   3.3167168803e+00
    280.0000000000   3.3298292769e+00   0.0000000000e+00   3.3373961660e+00
    281.0000000000   3.3508319273e+00   0.0000000000e+00   3.3575723486e+00
    282.0000000000   3.3710893766e+00   0.0000000000e+00   3.3773291772e+00
    283.0000000000   3.3908045717e+00   0.0000000000e+00   3.3967252539e+00
    284.0000000000   3.4100901728e+00   0.0000000000e+00   3.4158039151e+00
    285.0000000000   3.4290177351e+00   0.0000000000e+00   3.4345985340e+00
    286.0000000000   3.4476367104e+00   0.0000000000e+00   3.4531356230e+00
    287.0000000000   3.4743898602e+00   0.0000000000e+00   3.4714367699e+00
    288.0000000000   3.4959739522e+00   0.0000000000e+00   3.4895199090e+00
    289.0000000000   3.5165251517e+00   0.0000000000e+00   3.5074001899e+00
    290.0000000000   3.5364520687e+00   0.0000000000e+00   3.5339715599e+00
    291.0000000000   3.5559208496e+00   0.0000000000e+00   3.5551619502e+00
    292.0000000000   3.5750216028e+00   0.0000000000e+00   3.5753276544e+00
    293.0000000000   3.5938111381e+00   0.0000000000e+00   3.6037712163e+00
    294.0000000000   3.6123287852e+00   0.0000000000e+00   3.6265769980e+00
    295.0000000000   3.6306035600e+00   0.0000000000e+00   3.6481804192e+00
    296.0000000000   3.6486578739e+00   0.0000000000e+00   3.6690493539e+00
    297.0000000000   3.6665096430e+00   0.0000000000e+00   3.6893811786e+00
    298.0000000000   3.6925801043e+00   0.0000000000e+00   3.7181661436e+00
    299.0000000000   3.7135506402e+00   0.0000000000e+00   3.7413904856e+00
    300.0000000000   3.7419525442e+00   0.0000000000e+00   3.7634489085e+00
    301.0000000000   3.7732613051e+00   0.0000000000e+00   3.7847898086e+00
    302.0000000000   3.8068260913e+00   0.0000000000e+00   3.8056004211e+00
    303.0000000000   3.8339056913e+00   0.0000000000e+00   3.8259844652e+00
    304.0000000000   3.8592089507e+00   0.0000000000e+00   3.8460083593e+00
    305.0000000000   3.8833914073e+00   0.0000000000e+00   3.8657185849e+00
    306.0000000000   3.9067542008e+00   0.0000000000e+00   3.8851496777e+00
    307.0000000000   3.9294710119e+00   0.0000000000e+00   3.9043284251e+00
    308.0000000000   3.9516546402e+00   0.0000000000e+00   3.9232762876e+00
    309.0000000000   3.9733840619e+00   0.0000000000e+00   3.9420108957e+00
    310.0000000000   3.9947175518e+00   0.0000000000e+00   3.9605470285e+00
    311.0000000000   4.0156998206e+00   0.0000000000e+00   3.9788972802e+00
    312.0000000000   4.0363662252e+00   0.0000000000e+00   3.9970725314e+00
    313.0000000000   4.0567454103e+00   0.0000000000e+00   4.0150822921e+00
    314.0000000000   4.0768610471e+00   0.0000000000e+00   4.0329349568e+00
    315.0000000000   4.0967330228e+00   0.0000000000e+00   4.0506379999e+00
    316.0000000000   4.1163782813e+00   0.0000000000e+00   4.0681981260e+00
    317.0000000000   4.1358114333e+00   0.0000000000e+00   4.0856213900e+00
    318.0000000000   4.1550452098e+00   0.0000000000e+00   4.1029132913e+00
    319.0000000000   4.1740908056e+00   0.0000000000e+00   4.1200788519e+00
    320.0000000000   4.1929581442e+00   0.0000000000e+00   4.1460036482e+00
    321.0000000000   4.2116560856e+00   0.0000000000e+00   4.1754895737e+00
    322.0000000000   4.2301925909e+00   0.0000000000e+00   4.2076846394e+00
    323.0000000000   4.2485748548e+00   0.0000000000e+00   4.2332684657e+00
    324.0000000000   4.2752159395e+00   0.0000000000e+00   4.2571636612e+00
    325.0000000000   4.2967908555e+00   0.0000000000e+00   4.2889091591e+00
    326.0000000000   4.3174193104e+00   0.0000000000e+00   4.3147152613e+00
    327.0000000000   4.3374971419e+00   0.0000000000e+00   4.3390936719e+00
    328.0000000000   4.3571803733e+00   0.0000000000e+00   4.3625623888e+00
    329.0000000000   4.3765509465e+00   0.0000000000e+00   4.3853536515e+00
    330.0000000000   4.3956589839e+00   0.0000000000e+00   4.4076020359e+00
    331.0000000000   4.4145382671e+00   0.0000000000e+00   4.4293960652e+00
    332.0000000000   4.4332131564e+00   0.0000000000e+00   4.4596795744e+00
    333.0000000000   4.4517021176e+00   0.0000000000e+00   4.4844162605e+00
    334.0000000000   4.4784262188e+00   0.0000000000e+00   4.5079890726e+00
    335.0000000000   4.5000663068e+00   0.0000000000e+00   4.5308400543e+00
    336.0000000000   4.5207464328e+00   0.0000000000e+00   4.5531529855e+00
    337.0000000000   4.5408657225e+00   0.0000000000e+00   4.5750297592e+00
    338.0000000000   4.5605827232e+00   0.0000000000e+00   4.5965359124e+00
    339.0000000000   4.5799813371e+00   0.0000000000e+00   4.6177176038e+00
    340.0000000000   4.5991132235e+00   0.0000000000e+00   4.6386093788e+00
    341.0000000000   4.6180133787e+00   0.0000000000e+00   4.6592382303e+00
    342.0000000000   4.6367071299e+00   0.0000000000e+00   4.6885069058e+00
    343.0000000000   4.6636202419e+00   0.0000000000e+00   4.7123500935e+00
    344.0000000000   4.6854369223e+00   0.0000000000e+00   4.7351294151e+00
    345.0000000000   4.7062837123e+00   0.0000000000e+00   4.7572707395e+00
    346.0000000000   4.7265616325e+00   0.0000000000e+00   4.7789452744e+00
    347.0000000000   4.7464307044e+00   0.0000000000e+00   4.8002449418e+00
    348.0000000000   4.7827890500e+00   0.0000000000e+00   4.8212272367e+00
    349.0000000000   4.8090273568e+00   0.0000000000e+00   4.8419317377e+00
    350.0000000000   4.8334098623e+00   0.0000000000e+00   4.8623875391e+00
    351.0000000000   4.8651506571e+00   0.0000000000e+00   4.8826170690e+00
    352.0000000000   4.8912412952e+00   0.0000000000e+00   4.9026382460e+00
    353.0000000000   4.9243734081e+00   0.0000000000e+00   4.9224657877e+00
    354.0000000000   4.9517117498e+00   0.0000000000e+00   4.9421120509e+00
    355.0000000000   4.9775925570e+00   0.0000000000e+00   4.9615875963e+00
    356.0000000000   5.0025349220e+00   0.0000000000e+00   4.9897825511e+00
    357.0000000000   5.0267743910e+00   0.0000000000e+00   5.0215026032e+00
    358.0000000000   5.0504482632e+00   0.0000000000e+00   5.0470179978e+00
    359.0000000000   5.0736472304e+00   0.0000000000e+00   5.0710944112e+00
    360.0000000000   5.1048424649e+00   0.0000000000e+00   5.0943103735e+00
    361.0000000000   5.1391580605e+00   0.0000000000e+00   5.1169130378e+00
    362.0000000000   5.1674151148e+00   0.0000000000e+00   5.1479188743e+00
    363.0000000000   5.1941489947e+00   0.0000000000e+00   5.1733293987e+00
    364.0000000000   5.2199267528e+00   0.0000000000e+00   5.1975488703e+00
    365.0000000000   5.2449981783e+00   0.0000000000e+00   5.2210319824e+00
    366.0000000000   5.2695046511e+00   0.0000000000e+00   5.2617322290e+00
    367.0000000000   5.2935374843e+00   0.0000000000e+00   5.2915897479e+00
    368.0000000000   5.3171607572e+00   0.0000000000e+00   5.3282470233e+00
    369.0000000000   5.3488286059e+00   0.0000000000e+00   5.3584945883e+00
    370.0000000000   5.3752469524e+00   0.0000000000e+00   5.3870344987e+00
    371.0000000000   5.4005595164e+00   0.0000000000e+00   5.4144713908e+00
    372.0000000000   5.4335877874e+00   0.0000000000e+00   5.4410848277e+00
    373.0000000000   5.4611723798e+00   0.0000000000e+00   5.4759194972e+00
    374.0000000000   5.4875223253e+00   0.0000000000e+00   5.5050001394e+00
    375.0000000000   5.5130893251e+00   0.0000000000e+00   5.5327500063e+00
    376.0000000000   5.5380676777e+00   0.0000000000e+00   5.5685203936e+00
    377.0000000000   5.5625672174e+00   0.0000000000e+00   5.5984325332e+00
    378.0000000000   5.5950658373e+00   0.0000000000e+00   5.6269505609e+00
    379.0000000000   5.6222830900e+00   0.0000000000e+00   5.6545652482e+00
    380.0000000000   5.6567776126e+00   0.0000000000e+00   5.6814925861e+00
    381.0000000000   5.6856388599e+00   0.0000000000e+00   5.7078572339e+00
    382.0000000000   5.7215628521e+00   0.0000000000e+00   5.7337416300e+00
    383.0000000000   5.7517068120e+00   0.0000000000e+00   5.7592049592e+00
    384.0000000000   5.7888056352e+00   0.0000000000e+00   5.7842921064e+00
    385.0000000000   5.8200411024e+00   0.0000000000e+00   5.8090384677e+00
    386.0000000000   5.8497581824e+00   0.0000000000e+00   5.8334727848e+00
    387.0000000000   5.8784814104e+00   0.0000000000e+00   5.8576189307e+00
    388.0000000000   5.9064502366e+00   0.0000000000e+00   5.8903780655e+00
    389.0000000000   5.9338050404e+00   0.0000000000e+00   5.9265651688e+00
    390.0000000000   5.9606390973e+00   0.0000000000e+00   5.9564584160e+00
    391.0000000000   5.9870193065e+00   0.0000000000e+00   5.9848303279e+00
    392.0000000000   6.0129962037e+00   0.0000000000e+00   6.0122653985e+00
    393.0000000000   6.0386094294e+00   0.0000000000e+00   6.0390160211e+00
    394.0000000000   6.0638909822e+00   0.0000000000e+00   6.0652223341e+00
    395.0000000000   6.0888672828e+00   0.0000000000e+00   6.0909733049e+00
    396.0000000000   6.1135605484e+00   0.0000000000e+00   6.1163304570e+00
    397.0000000000   6.1379897462e+00   0.0000000000e+00   6.1413389549e+00
    398.0000000000   6.1621712755e+00   0.0000000000e+00   6.1660334501e+00
    399.0000000000   6.1861194697e+00   0.0000000000e+00   6.1904414444e+00
    400.0000000000   6.2098469740e+00   0.0000000000e+00   6.2145853562e+00
    401.0000000000   6.2333650354e+00   0.0000000000e+00   6.2384838587e+00
    402.0000000000   6.2650902552e+00   0.0000000000e+00   6.2621527836e+00
    403.0000000000   6.2917007607e+00   0.0000000000e+00   6.2856057531e+00
    404.0000000000   6.3173190254e+00   0.0000000000e+00   6.3088546350e+00
    405.0000000000   6.3423433572e+00   0.0000000000e+00   6.3319098797e+00
    406.0000000000   6.3669319994e+00   0.0000000000e+00   6.3547807736e+00
    407.0000000000   6.3911688996e+00   0.0000000000e+00   6.3863566044e+00
    408.0000000000   6.4151060011e+00   0.0000000000e+00   6.4125615548e+00
    409.0000000000   6.4387787457e+00   0.0000000000e+00   6.4377488708e+00
    410.0000000000   6.4622130146e+00   0.0000000000e+00   6.4623376280e+00
    411.0000000000   6.4854286704e+00   0.0000000000e+00   6.4864934432e+00
    412.0000000000   6.5168480699e+00   0.0000000000e+00   6.5103035813e+00
    413.0000000000   6.5515597779e+00   0.0000000000e+00   6.5338216172e+00
    414.0000000000   6.5803579962e+00   0.0000000000e+00   6.5659647691e+00
    415.0000000000   6.6077571181e+00   0.0000000000e+00   6.5926759600e+00
    416.0000000000   6.6343074550e+00   0.0000000000e+00   6.6272025664e+00
    417.0000000000   6.6602451805e+00   0.0000000000e+00   6.6647708849e+00
    418.0000000000   6.6941069544e+00   0.0000000000e+00   6.6958168078e+00
    419.0000000000   6.7310502505e+00   0.0000000000e+00   6.7251923757e+00
    420.0000000000   6.7619144699e+00   0.0000000000e+00   6.7535282149e+00
    421.0000000000   6.7912454653e+00   0.0000000000e+00   6.7811058939e+00
    422.0000000000   6.8196164353e+00   0.0000000000e+00   6.8080851136e+00
    423.0000000000   6.8472807863e+00   0.0000000000e+00   6.8345685225e+00
    424.0000000000   6.8743819892e+00   0.0000000000e+00   6.8606275196e+00
    425.0000000000   6.9010125047e+00   0.0000000000e+00   6.8863145755e+00
    426.0000000000   6.9272369660e+00   0.0000000000e+00   6.9116698523e+00
    427.0000000000   6.9615096878e+00   0.0000000000e+00   6.9456060435e+00
    428.0000000000   6.9905365329e+00   0.0000000000e+00   6.9829464922e+00
    429.0000000000   7.0268675398e+00   0.0000000000e+00   7.0139755562e+00
    430.0000000000   7.0659929457e+00   0.0000000000e+00   7.0434703955e+00
    431.0000000000   7.0988672553e+00   0.0000000000e+00   7.0720190281e+00
    432.0000000000   7.1300899311e+00   0.0000000000e+00   7.0998765500e+00
    433.0000000000   7.1602636662e+00   0.0000000000e+00   7.1271851884e+00
    434.0000000000   7.1896600130e+00   0.0000000000e+00   7.1629165026e+00
    435.0000000000   7.2184345533e+00   0.0000000000e+00   7.1930499608e+00
    436.0000000000   7.2466883463e+00   0.0000000000e+00   7.2219781527e+00
    437.0000000000   7.2744924318e+00   0.0000000000e+00   7.2501493635e+00
    438.0000000000   7.3018995571e+00   0.0000000000e+00   7.2777516154e+00
    439.0000000000   7.3373570233e+00   0.0000000000e+00   7.3137707796e+00
    440.0000000000   7.3675663850e+00   0.0000000000e+00   7.3441912902e+00
    441.0000000000   7.3966684428e+00   0.0000000000e+00   7.3734074340e+00
    442.0000000000   7.4250761386e+00   0.0000000000e+00   7.4018679494e+00
    443.0000000000   7.4529596019e+00   0.0000000000e+00   7.4386417960e+00
    444.0000000000   7.4804125765e+00   0.0000000000e+00   7.4697503439e+00
    445.0000000000   7.5074951813e+00   0.0000000000e+00   7.4996075216e+00
    446.0000000000   7.5426562826e+00   0.0000000000e+00   7.5286737804e+00
    447.0000000000   7.5725966833e+00   0.0000000000e+00   7.5571446785e+00
    448.0000000000   7.6014555353e+00   0.0000000000e+00   7.5851300962e+00
    449.0000000000   7.6296438471e+00   0.0000000000e+00   7.6127012519e+00
    450.0000000000   7.6573298004e+00   0.0000000000e+00   7.6399085109e+00
    451.0000000000   7.6846052934e+00   0.0000000000e+00   7.6667896427e+00
    452.0000000000   7.7115287464e+00   0.0000000000e+00   7.7022551563e+00
    453.0000000000   7.7465474851e+00   0.0000000000e+00   7.7322455737e+00
    454.0000000000   7.7763609252e+00   0.0000000000e+00   7.7611270522e+00
    455.0000000000   7.8051069741e+00   0.0000000000e+00   7.7893290863e+00
    456.0000000000   7.8331955242e+00   0.0000000000e+00   7.8259068180e+00
    457.0000000000   7.8692002824e+00   0.0000000000e+00   7.8568713203e+00
    458.0000000000   7.8998812926e+00   0.0000000000e+00   7.8866286198e+00
    459.0000000000   7.9294104052e+00   0.0000000000e+00   7.9156329572e+00
    460.0000000000   7.9582184949e+00   0.0000000000e+00   7.9529558820e+00
    461.0000000000   7.9948931745e+00   0.0000000000e+00   7.9846198965e+00
    462.0000000000   8.0262041940e+00   0.0000000000e+00   8.0150393014e+00
    463.0000000000   8.0563304558e+00   0.0000000000e+00   8.0446745167e+00
    464.0000000000   8.0857081254e+00   0.0000000000e+00   8.0737208565e+00
    465.0000000000   8.1145223637e+00   0.0000000000e+00   8.1022878499e+00
    466.0000000000   8.1428770825e+00   0.0000000000e+00   8.1304463165e+00
    467.0000000000   8.1708395160e+00   0.0000000000e+00   8.1582462090e+00
    468.0000000000   8.1984571184e+00   0.0000000000e+00   8.1857248900e+00
    469.0000000000   8.2257654042e+00   0.0000000000e+00   8.2129115080e+00
    470.0000000000   8.2527920952e+00   0.0000000000e+00   8.2398295359e+00
    471.0000000000   8.2795595268e+00   0.0000000000e+00   8.2664983490e+00
    472.0000000000   8.3144926703e+00   0.0000000000e+00   8.2929342594e+00
    473.0000000000   8.3442761070e+00   0.0000000000e+00   8.3191512237e+00
    474.0000000000   8.3730373747e+00   0.0000000000e+00   8.3451613451e+00
    475.0000000000   8.4011788167e+00   0.0000000000e+00   8.3709752395e+00
    476.0000000000   8.4288619327e+00   0.0000000000e+00   8.4143642475e+00
    477.0000000000   8.4645798544e+00   0.0000000000e+00   8.4471701247e+00
    478.0000000000   8.4950557613e+00   0.0000000000e+00   8.4780932989e+00
    479.0000000000   8.5328476830e+00   0.0000000000e+00   8.5079663330e+00
    480.0000000000   8.5650428781e+00   0.0000000000e+00   8.5371152940e+00
    481.0000000000   8.6043346398e+00   0.0000000000e+00   8.5657099167e+00
    482.0000000000   8.6378773795e+00   0.0000000000e+00   8.5938528881e+00
    483.0000000000   8.6699967611e+00   0.0000000000e+00   8.6216125401e+00
    484.0000000000   8.7012029969e+00   0.0000000000e+00   8.6490374611e+00
    485.0000000000   8.7401310249e+00   0.0000000000e+00   8.6761639343e+00
    486.0000000000   8.7735815066e+00   0.0000000000e+00   8.7030200937e+00
    487.0000000000   8.8057548359e+00   0.0000000000e+00   8.7385093841e+00
    488.0000000000   8.8455093457e+00   0.0000000000e+00   8.7774478478e+00
    489.0000000000   8.8797110308e+00   0.0000000000e+00   8.8101139570e+00
    490.0000000000   8.9125871769e+00   0.0000000000e+00   8.8412800450e+00
    491.0000000000   8.9446030623e+00   0.0000000000e+00   8.8715301148e+00
    492.0000000000   8.9759633617e+00   0.0000000000e+00   8.9011158818e+00
    493.0000000000   9.0067860181e+00   0.0000000000e+00   8.9301766967e+00
    494.0000000000   9.0371488577e+00   0.0000000000e+00   8.9588006800e+00
    495.0000000000   9.0671076172e+00   0.0000000000e+00   8.9870484831e+00
    496.0000000000   9.0967044624e+00   0.0000000000e+00   9.0149643965e+00
    497.0000000000   9.1259725693e+00   0.0000000000e+00   9.0425822101e+00
    498.0000000000   9.1549388209e+00   0.0000000000e+00   9.0699285862e+00
    499.0000000000   9.1836255068e+00   0.0000000000e+00   9.0970251322e+00
    500.0000000000   9.2120514510e+00   0.0000000000e+00   9.1238897422e+00
    501.0000000000   9.2402327920e+00   0.0000000000e+00   9.1505375027e+00
    502.0000000000   9.2765900677e+00   0.0000000000e+00   9.1769813252e+00
    503.0000000000   9.3078046181e+00   0.0000000000e+00   9.2032324012e+00
    504.0000000000   9.3380015712e+00   0.0000000000e+00   9.2293005384e+00
    505.0000000000   9.3675814520e+00   0.0000000000e+00   9.2551944134e+00
    506.0000000000   9.3967043737e+00   0.0000000000e+00   9.2898027355e+00
    507.0000000000   9.4338624005e+00   0.0000000000e+00   9.3190491391e+00
    508.0000000000   9.4657778843e+00   0.0000000000e+00   9.3472863508e+00
    509.0000000000   9.4966016834e+00   0.0000000000e+00   9.3749329535e+00
    510.0000000000   9.5267515070e+00   0.0000000000e+00   9.4021540978e+00
    511.0000000000   9.5563994877e+00   0.0000000000e+00   9.4290366062e+00
    512.0000000000   9.5940464034e+00   0.0000000000e+00   9.4645146036e+00
    513.0000000000   9.6264211065e+00   0.0000000000e+00   9.4945406207e+00
    514.0000000000   9.6576794206e+00   0.0000000000e+00   9.5234869603e+00
    515.0000000000   9.6882429228e+00   0.0000000000e+00   9.5517860964e+00
    516.0000000000   9.7182868102e+00   0.0000000000e+00   9.5796133946e+00
    517.0000000000   9.7479077984e+00   0.0000000000e+00   9.6070634066e+00
    518.0000000000   9.7771677006e+00   0.0000000000e+00   9.6430762441e+00
    519.0000000000   9.8061097533e+00   0.0000000000e+00   9.6736091655e+00
    520.0000000000   9.8347661029e+00   0.0000000000e+00   9.7030382701e+00
    521.0000000000   9.8715682510e+00   0.0000000000e+00   9.7317991237e+00
    522.0000000000   9.9032052993e+00   0.0000000000e+00   9.7600696416e+00
    523.0000000000   9.9338080140e+00   0.0000000000e+00   9.7879465016e+00
    524.0000000000   9.9637811018e+00   0.0000000000e+00   9.8154906358e+00
    525.0000000000   1.0001694355e+01   0.0000000000e+00   9.8427441432e+00
    526.0000000000   1.0034304768e+01   0.0000000000e+00   9.8697379875e+00
    527.0000000000   1.0074188276e+01   0.0000000000e+00   9.8964959949e+00
    528.0000000000   1.0108442803e+01   0.0000000000e+00   9.9230371355e+00
    529.0000000000   1.0149768537e+01   0.0000000000e+00   9.9493769201e+00
    530.0000000000   1.0185324624e+01   0.0000000000e+00   9.9755283042e+00
    531.0000000000   1.0219440132e+01   0.0000000000e+00   1.0001502299e+01
    532.0000000000   1.0252627811e+01   0.0000000000e+00   1.0027308401e+01
    533.0000000000   1.0285118018e+01   0.0000000000e+00   1.0061835868e+01
    534.0000000000   1.0317043900e+01   0.0000000000e+00   1.0099889661e+01
    535.0000000000   1.0348492836e+01   0.0000000000e+00   1.0140620375e+01
    536.0000000000   1.0379526824e+01   0.0000000000e+00   1.0183590796e+01
    537.0000000000   1.0410192262e+01   0.0000000000e+00   1.0219642095e+01
    538.0000000000   1.0440525250e+01   0.0000000000e+00   1.0253780301e+01
    539.0000000000   1.0478961252e+01   0.0000000000e+00   1.0286713312e+01
    540.0000000000   1.0512193057e+01   0.0000000000e+00   1.0318767557e+01
    541.0000000000   1.0544354767e+01   0.0000000000e+00   1.0350131282e+01
    542.0000000000   1.0575854068e+01   0.0000000000e+00   1.0389807468e+01
    543.0000000000   1.0606856870e+01   0.0000000000e+00   1.0423797963e+01
    544.0000000000   1.0637453472e+01   0.0000000000e+00   1.0456511827e+01
    545.0000000000   1.0667701132e+01   0.0000000000e+00   1.0488409792e+01
    546.0000000000   1.0697639783e+01   0.0000000000e+00   1.0519689490e+01
    547.0000000000   1.0727299134e+01   0.0000000000e+00   1.0559344352e+01
    548.0000000000   1.0756702335e+01   0.0000000000e+00   1.0593364845e+01
    549.0000000000   1.0785868060e+01   0.0000000000e+00   1.0626150140e+01
    550.0000000000   1.0814811776e+01   0.0000000000e+00   1.0658152973e+01
    551.0000000000   1.0843546570e+01   0.0000000000e+00   1.0689564643e+01
    552.0000000000   1.0872083696e+01   0.0000000000e+00   1.0729373568e+01
    553.0000000000   1.0908839499e+01   0.0000000000e+00   1.0772447212e+01
    554.0000000000   1.0940491687e+01   0.0000000000e+00   1.0809098247e+01
    555.0000000000   1.0971162218e+01   0.0000000000e+00   1.0844123290e+01
    556.0000000000   1.1001248831e+01   0.0000000000e+00   1.0878124424e+01
    557.0000000000   1.1039315701e+01   0.0000000000e+00   1.0911367322e+01
    558.0000000000   1.1072115223e+01   0.0000000000e+00   1.0944002418e+01
    559.0000000000   1.1103812983e+01   0.0000000000e+00   1.0976126835e+01
    560.0000000000   1.1134834649e+01   0.0000000000e+00   1.1007808673e+01
    561.0000000000   1.1165356915e+01   0.0000000000e+00   1.1039098477e+01
    562.0000000000   1.1195476738e+01   0.0000000000e+00   1.1070035361e+01
    563.0000000000   1.1225255550e+01   0.0000000000e+00   1.1109531534e+01
    564.0000000000   1.1254735899e+01   0.0000000000e+00   1.1143529260e+01
    565.0000000000   1.1283949107e+01   0.0000000000e+00   1.1176396348e+01
    566.0000000000   1.1312919272e+01   0.0000000000e+00   1.1208563815e+01
    567.0000000000   1.1350072101e+01   0.0000000000e+00   1.1240207213e+01
    568.0000000000   1.1382092313e+01   0.0000000000e+00   1.1271422180e+01
    569.0000000000   1.1413107234e+01   0.0000000000e+00   1.1311150391e+01
    570.0000000000   1.1443518792e+01   0.0000000000e+00   1.1354231880e+01
    571.0000000000   1.1481894476e+01   0.0000000000e+00   1.1390961328e+01
    572.0000000000   1.1514989341e+01   0.0000000000e+00   1.1426122655e+01
    573.0000000000   1.1555377658e+01   0.0000000000e+00   1.1460308519e+01
    574.0000000000   1.1590155910e+01   0.0000000000e+00   1.1493777336e+01
    575.0000000000   1.1623616491e+01   0.0000000000e+00   1.1526673794e+01
    576.0000000000   1.1656248382e+01   0.0000000000e+00   1.1559090371e+01
    577.0000000000   1.1688265411e+01   0.0000000000e+00   1.1591091341e+01
    578.0000000000   1.1719788625e+01   0.0000000000e+00   1.1622724063e+01
    579.0000000000   1.1750896194e+01   0.0000000000e+00   1.1662905927e+01
    580.0000000000   1.1781642889e+01   0.0000000000e+00   1.1697582557e+01
    581.0000000000   1.1812069298e+01   0.0000000000e+00   1.1731124002e+01
    582.0000000000   1.1842206751e+01   0.0000000000e+00   1.1772843758e+01
    583.0000000000   1.1872080205e+01   0.0000000000e+00   1.1808835089e+01
    584.0000000000   1.1901710036e+01   0.0000000000e+00   1.1843540777e+01
    585.0000000000   1.1931113222e+01   0.0000000000e+00   1.1886315844e+01
    586.0000000000   1.1960304143e+01   0.0000000000e+00   1.1923279600e+01
    587.0000000000   1.1989295151e+01   0.0000000000e+00   1.1958892284e+01
    588.0000000000   1.2018096985e+01   0.0000000000e+00   1.1993640239e+01
    589.0000000000   1.2046719076e+01   0.0000000000e+00   1.2027735093e+01
    590.0000000000   1.2075169785e+01   0.0000000000e+00   1.2061297438e+01
    591.0000000000   1.2103456576e+01   0.0000000000e+00   1.2094406018e+01
    592.0000000000   1.2131586168e+01   0.0000000000e+00   1.2127116703e+01
    593.0000000000   1.2159564637e+01   0.0000000000e+00   1.2159471422e+01
    594.0000000000   1.2187397517e+01   0.0000000000e+00   1.2191502942e+01
    595.0000000000   1.2223496394e+01   0.0000000000e+00   1.2232118636e+01
    596.0000000000   1.2254534964e+01   0.0000000000e+00   1.2267256974e+01
    597.0000000000   1.2284631757e+01   0.0000000000e+00   1.2301282728e+01
    598.0000000000   1.2314181550e+01   0.0000000000e+00   1.2343505401e+01
    599.0000000000   1.2351745937e+01   0.0000000000e+00   1.2380015166e+01
    600.0000000000   1.2384075042e+01   0.0000000000e+00   1.2415252369e+01
    601.0000000000   1.2423738966e+01   0.0000000000e+00   1.2449689111e+01
    602.0000000000   1.2466237153e+01   0.0000000000e+00   1.2483526435e+01
    603.0000000000   1.2502527969e+01   0.0000000000e+00   1.2516876835e+01
    604.0000000000   1.2545618487e+01   0.0000000000e+00   1.2549812708e+01
    605.0000000000   1.2582780047e+01   0.0000000000e+00   1.2582384848e+01
    606.0000000000   1.2618397243e+01   0.0000000000e+00   1.2614631058e+01
    607.0000000000   1.2653014857e+01   0.0000000000e+00   1.2646580697e+01
    608.0000000000   1.2686883520e+01   0.0000000000e+00   1.2678257322e+01
    609.0000000000   1.2720150038e+01   0.0000000000e+00   1.2718561286e+01
    610.0000000000   1.2752911416e+01   0.0000000000e+00   1.2753425551e+01
    611.0000000000   1.2785236663e+01   0.0000000000e+00   1.2787210460e+01
    612.0000000000   1.2817177417e+01   0.0000000000e+00   1.2820340916e+01
    613.0000000000   1.2848773777e+01   0.0000000000e+00   1.2852987392e+01
    614.0000000000   1.2880057781e+01   0.0000000000e+00   1.2885241244e+01
    615.0000000000   1.2919462139e+01   0.0000000000e+00   1.2917159533e+01
    616.0000000000   1.2953677696e+01   0.0000000000e+00   1.2948781508e+01
    617.0000000000   1.2986837124e+01   0.0000000000e+00   1.2980136011e+01
    618.0000000000   1.3019347019e+01   0.0000000000e+00   1.3011245288e+01
    619.0000000000   1.3059778964e+01   0.0000000000e+00   1.3042127125e+01
    620.0000000000   1.3094891610e+01   0.0000000000e+00   1.3072796151e+01
    621.0000000000   1.3137262406e+01   0.0000000000e+00   1.3103264673e+01
    622.0000000000   1.3173990645e+01   0.0000000000e+00   1.3133543228e+01
    623.0000000000   1.3209371226e+01   0.0000000000e+00   1.3163640976e+01
    624.0000000000   1.3243895361e+01   0.0000000000e+00   1.3193565980e+01
    625.0000000000   1.3277778879e+01   0.0000000000e+00   1.3223325410e+01
    626.0000000000   1.3311144626e+01   0.0000000000e+00   1.3252925700e+01
    627.0000000000   1.3352478918e+01   0.0000000000e+00   1.3282372668e+01
    628.0000000000   1.3388507040e+01   0.0000000000e+00   1.3311671610e+01
    629.0000000000   1.3423385147e+01   0.0000000000e+00   1.3340827375e+01
    630.0000000000   1.3457536585e+01   0.0000000000e+00   1.3369844428e+01
    631.0000000000   1.3491138790e+01   0.0000000000e+00   1.3398726896e+01
    632.0000000000   1.3524290781e+01   0.0000000000e+00   1.3427478609e+01
    633.0000000000   1.3557056578e+01   0.0000000000e+00   1.3464984109e+01
    634.0000000000   1.3597887984e+01   0.0000000000e+00   1.3497163413e+01
    635.0000000000   1.3633488050e+01   0.0000000000e+00   1.3528366087e+01
    636.0000000000   1.3667997671e+01   0.0000000000e+00   1.3559007937e+01
    637.0000000000   1.3701829221e+01   0.0000000000e+00   1.3589251656e+01
    638.0000000000   1.3735151962e+01   0.0000000000e+00   1.3619181882e+01
    639.0000000000   1.3768058654e+01   0.0000000000e+00   1.3648849819e+01
    640.0000000000   1.3809014935e+01   0.0000000000e+00   1.3687170536e+01
    641.0000000000   1.3853137731e+01   0.0000000000e+00   1.3720085003e+01
    642.0000000000   1.3891241148e+01   0.0000000000e+00   1.3760838812e+01
    643.0000000000   1.3927854264e+01   0.0000000000e+00   1.3795775654e+01
    644.0000000000   1.3963538643e+01   0.0000000000e+00   1.3838294211e+01
    645.0000000000   1.4006945868e+01   0.0000000000e+00   1.3874815384e+01
    646.0000000000   1.4044882295e+01   0.0000000000e+00   1.3909902097e+01
    647.0000000000   1.4089956510e+01   0.0000000000e+00   1.3944087680e+01
    648.0000000000   1.4129289429e+01   0.0000000000e+00   1.3986489609e+01
    649.0000000000   1.4167191677e+01   0.0000000000e+00   1.4023159486e+01
    650.0000000000   1.4204166317e+01   0.0000000000e+00   1.4067412145e+01
    651.0000000000   1.4240438361e+01   0.0000000000e+00   1.4105638404e+01
    652.0000000000   1.4276137941e+01   0.0000000000e+00   1.4142389947e+01
    653.0000000000   1.4311350743e+01   0.0000000000e+00   1.4178196535e+01
    654.0000000000   1.4346137853e+01   0.0000000000e+00   1.4213294480e+01
    655.0000000000   1.4380545233e+01   0.0000000000e+00   1.4256700998e+01
    656.0000000000   1.4414608841e+01   0.0000000000e+00   1.4294422178e+01
    657.0000000000   1.4448357658e+01   0.0000000000e+00   1.4330867959e+01
    658.0000000000   1.4481815587e+01   0.0000000000e+00   1.4375379755e+01
    659.0000000000   1.4523409245e+01   0.0000000000e+00   1.4414071232e+01
    660.0000000000   1.4559824829e+01   0.0000000000e+00   1.4451400581e+01
    661.0000000000   1.4595191408e+01   0.0000000000e+00   1.4487853799e+01
    662.0000000000   1.4629912756e+01   0.0000000000e+00   1.4523642976e+01
    663.0000000000   1.4664151694e+01   0.0000000000e+00   1.4558889532e+01
    664.0000000000   1.4697996043e+01   0.0000000000e+00   1.4611435115e+01
    665.0000000000   1.4731501056e+01   0.0000000000e+00   1.4653169948e+01
    666.0000000000   1.4764705022e+01   0.0000000000e+00   1.4692829788e+01
    667.0000000000   1.4797636291e+01   0.0000000000e+00   1.4731274020e+01
    668.0000000000   1.4838723406e+01   0.0000000000e+00   1.4768849700e+01
    669.0000000000   1.4883059661e+01   0.0000000000e+00   1.4805743396e+01
    670.0000000000   1.4921443004e+01   0.0000000000e+00   1.4842071552e+01
    671.0000000000   1.4958390880e+01   0.0000000000e+00   1.4877913927e+01
    672.0000000000   1.5002862665e+01   0.0000000000e+00   1.4913328729e+01
    673.0000000000   1.5050172256e+01   0.0000000000e+00   1.4948360433e+01
    674.0000000000   1.5091234917e+01   0.0000000000e+00   1.4983044216e+01
    675.0000000000   1.5139045728e+01   0.0000000000e+00   1.5017408666e+01
    676.0000000000   1.5180873441e+01   0.0000000000e+00   1.5051477514e+01
    677.0000000000   1.5221103360e+01   0.0000000000e+00   1.5094151786e+01
    678.0000000000   1.5260282174e+01   0.0000000000e+00   1.5131365358e+01
    679.0000000000   1.5307069346e+01   0.0000000000e+00   1.5167479591e+01
    680.0000000000   1.5348283095e+01   0.0000000000e+00   1.5202920440e+01
    681.0000000000   1.5388136957e+01   0.0000000000e+00   1.5246740382e+01
    682.0000000000   1.5427092909e+01   0.0000000000e+00   1.5284948451e+01
    683.0000000000   1.5465355984e+01   0.0000000000e+00   1.5321949094e+01
    684.0000000000   1.5503045784e+01   0.0000000000e+00   1.5367076281e+01
    685.0000000000   1.5548648724e+01   0.0000000000e+00   1.5406436290e+01
    686.0000000000   1.5588891683e+01   0.0000000000e+00   1.5444480597e+01
    687.0000000000   1.5627933057e+01   0.0000000000e+00   1.5481689298e+01
    688.0000000000   1.5666198656e+01   0.0000000000e+00   1.5518269360e+01
    689.0000000000   1.5703868400e+01   0.0000000000e+00   1.5554337780e+01
    690.0000000000   1.5741043709e+01   0.0000000000e+00   1.5598851426e+01
    691.0000000000   1.5777790873e+01   0.0000000000e+00   1.5637780542e+01
    692.0000000000   1.5814157290e+01   0.0000000000e+00   1.5684392566e+01
    693.0000000000   1.5850178936e+01   0.0000000000e+00   1.5725048218e+01
    694.0000000000   1.5885884292e+01   0.0000000000e+00   1.5764278914e+01
    695.0000000000   1.5921296612e+01   0.0000000000e+00   1.5802600175e+01
    696.0000000000   1.5973248395e+01   0.0000000000e+00   1.5840237984e+01
    697.0000000000   1.6015094298e+01   0.0000000000e+00   1.5877320913e+01
    698.0000000000   1.6055077126e+01   0.0000000000e+00   1.5913932553e+01
    699.0000000000   1.6093991033e+01   0.0000000000e+00   1.5950131931e+01
    700.0000000000   1.6132149870e+01   0.0000000000e+00   1.5985963144e+01
    701.0000000000   1.6169718811e+01   0.0000000000e+00   1.6021460514e+01
    702.0000000000   1.6215205527e+01   0.0000000000e+00   1.6056651607e+01
    703.0000000000   1.6263753752e+01   0.0000000000e+00   1.6091559105e+01
    704.0000000000   1.6306195855e+01   0.0000000000e+00   1.6126202046e+01
    705.0000000000   1.6355480518e+01   0.0000000000e+00   1.6160596669e+01
    706.0000000000   1.6398848089e+01   0.0000000000e+00   1.6194757016e+01
    707.0000000000   1.6440665342e+01   0.0000000000e+00   1.6228695368e+01
    708.0000000000   1.6481466294e+01   0.0000000000e+00   1.6262422571e+01
    709.0000000000   1.6521494893e+01   0.0000000000e+00   1.6295948287e+01
    710.0000000000   1.6560893744e+01   0.0000000000e+00   1.6329281188e+01
    711.0000000000   1.6599757234e+01   0.0000000000e+00   1.6362429107e+01
    712.0000000000   1.6638152792e+01   0.0000000000e+00   1.6404280131e+01
    713.0000000000   1.6676131172e+01   0.0000000000e+00   1.6440757442e+01
    714.0000000000   1.6713732065e+01   0.0000000000e+00   1.6485094410e+01
    715.0000000000   1.6750987428e+01   0.0000000000e+00   1.6523626075e+01
    716.0000000000   1.6796330123e+01   0.0000000000e+00   1.6560863878e+01
    717.0000000000   1.6836451302e+01   0.0000000000e+00   1.6597307416e+01
    718.0000000000   1.6875484059e+01   0.0000000000e+00   1.6633169727e+01
    719.0000000000   1.6922242012e+01   0.0000000000e+00   1.6668568680e+01
    720.0000000000   1.6963559810e+01   0.0000000000e+00   1.6703578892e+01
    721.0000000000   1.7003641878e+01   0.0000000000e+00   1.6738251774e+01
    722.0000000000   1.7051342829e+01   0.0000000000e+00   1.6772624896e+01
    723.0000000000   1.7093523134e+01   0.0000000000e+00   1.6824488872e+01
    724.0000000000   1.7134404560e+01   0.0000000000e+00   1.6865699699e+01
    725.0000000000   1.7174447411e+01   0.0000000000e+00   1.6904968606e+01
    726.0000000000   1.7213852046e+01   0.0000000000e+00   1.6943136525e+01
    727.0000000000   1.7252732721e+01   0.0000000000e+00   1.6980536132e+01
    728.0000000000   1.7291164131e+01   0.0000000000e+00   1.7017342458e+01
    729.0000000000   1.7329199354e+01   0.0000000000e+00   1.7053662494e+01
    730.0000000000   1.7366878297e+01   0.0000000000e+00   1.7089568112e+01
    731.0000000000   1.7404232213e+01   0.0000000000e+00   1.7142872779e+01
    732.0000000000   1.7441286340e+01   0.0000000000e+00   1.7194329574e+01
    733.0000000000   1.7478061559e+01   0.0000000000e+00   1.7238578270e+01
    734.0000000000   1.7514575484e+01   0.0000000000e+00   1.7280815281e+01
    735.0000000000   1.7550843208e+01   0.0000000000e+00   1.7321793224e+01
    736.0000000000   1.7586877839e+01   0.0000000000e+00   1.7370733696e+01
    737.0000000000   1.7631097418e+01   0.0000000000e+00   1.7413747018e+01
    738.0000000000   1.7670181197e+01   0.0000000000e+00   1.7455304064e+01
    739.0000000000   1.7708252544e+01   0.0000000000e+00   1.7495904201e+01
    740.0000000000   1.7745710485e+01   0.0000000000e+00   1.7535770898e+01
    741.0000000000   1.7782713848e+01   0.0000000000e+00   1.7575034808e+01
    742.0000000000   1.7819347060e+01   0.0000000000e+00   1.7613783077e+01
    743.0000000000   1.7864068993e+01   0.0000000000e+00   1.7652078576e+01
    744.0000000000   1.7903584469e+01   0.0000000000e+00   1.7689969093e+01
    745.0000000000   1.7942033894e+01   0.0000000000e+00   1.7727492332e+01
    746.0000000000   1.7979828184e+01   0.0000000000e+00   1.7782440824e+01
    747.0000000000   1.8017134758e+01   0.0000000000e+00   1.7826673296e+01
    748.0000000000   1.8054044432e+01   0.0000000000e+00   1.7868904037e+01
    749.0000000000   1.8090614412e+01   0.0000000000e+00   1.7918858078e+01
    750.0000000000   1.8126884245e+01   0.0000000000e+00   1.7962787835e+01
    751.0000000000   1.8162883072e+01   0.0000000000e+00   1.8014098675e+01
    752.0000000000   1.8198633379e+01   0.0000000000e+00   1.8059229893e+01
    753.0000000000   1.8234153134e+01   0.0000000000e+00   1.8102762302e+01
    754.0000000000   1.8269457095e+01   0.0000000000e+00   1.8145244720e+01
    755.0000000000   1.8321370699e+01   0.0000000000e+00   1.8186926777e+01
    756.0000000000   1.8363242619e+01   0.0000000000e+00   1.8227954534e+01
    757.0000000000   1.8403310510e+01   0.0000000000e+00   1.8268424947e+01
    758.0000000000   1.8442364039e+01   0.0000000000e+00   1.8308407528e+01
    759.0000000000   1.8480713106e+01   0.0000000000e+00   1.8347954788e+01
    760.0000000000   1.8526925907e+01   0.0000000000e+00   1.8387107925e+01
    761.0000000000   1.8567769502e+01   0.0000000000e+00   1.8425900214e+01
    762.0000000000   1.8607423478e+01   0.0000000000e+00   1.8464359144e+01
    763.0000000000   1.8646325183e+01   0.0000000000e+00   1.8502507848e+01
    764.0000000000   1.8693067326e+01   0.0000000000e+00   1.8540366090e+01
    765.0000000000   1.8734423603e+01   0.0000000000e+00   1.8577950973e+01
    766.0000000000   1.8782982505e+01   0.0000000000e+00   1.8615277460e+01
    767.0000000000   1.8825851625e+01   0.0000000000e+00   1.8652358763e+01
    768.0000000000   1.8875738756e+01   0.0000000000e+00   1.8689206644e+01
    769.0000000000   1.8919809135e+01   0.0000000000e+00   1.8725831652e+01
    770.0000000000   1.8962396780e+01   0.0000000000e+00   1.8762243303e+01
    771.0000000000   1.9004018517e+01   0.0000000000e+00   1.8798450236e+01
    772.0000000000   1.9044908105e+01   0.0000000000e+00   1.8834460329e+01
    773.0000000000   1.9085201552e+01   0.0000000000e+00   1.8870280802e+01
    774.0000000000   1.9124988671e+01   0.0000000000e+00   1.8923680235e+01
    775.0000000000   1.9164333547e+01   0.0000000000e+00   1.8966498124e+01
    776.0000000000   1.9203284381e+01   0.0000000000e+00   1.9016313995e+01
    777.0000000000   1.9241878842e+01   0.0000000000e+00   1.9068756507e+01
    778.0000000000   1.9280147238e+01   0.0000000000e+00   1.9114413541e+01
    779.0000000000   1.9326521052e+01   0.0000000000e+00   1.9158213035e+01
    780.0000000000   1.9367690260e+01   0.0000000000e+00   1.9200829531e+01
    781.0000000000   1.9407786935e+01   0.0000000000e+00   1.9242572510e+01
    782.0000000000   1.9447217271e+01   0.0000000000e+00   1.9292501601e+01
    783.0000000000   1.9486146070e+01   0.0000000000e+00   1.9336649663e+01
    784.0000000000   1.9524662796e+01   0.0000000000e+00   1.9379444574e+01
    785.0000000000   1.9562824077e+01   0.0000000000e+00   1.9421359358e+01
    786.0000000000   1.9600669365e+01   0.0000000000e+00   1.9462600144e+01
    787.0000000000   1.9638228003e+01   0.0000000000e+00   1.9503285534e+01
    788.0000000000   1.9675522862e+01   0.0000000000e+00   1.9543493925e+01
    789.0000000000   1.9712572404e+01   0.0000000000e+00   1.9583281621e+01
    790.0000000000   1.9757798462e+01   0.0000000000e+00   1.9622691334e+01
    791.0000000000   1.9797883048e+01   0.0000000000e+00   1.9661756752e+01
    792.0000000000   1.9836951569e+01   0.0000000000e+00   1.9700505229e+01
    793.0000000000   1.9875404588e+01   0.0000000000e+00   1.9738959479e+01
    794.0000000000   1.9913402102e+01   0.0000000000e+00   1.9777138708e+01
    795.0000000000   1.9951029439e+01   0.0000000000e+00   1.9815059397e+01
    796.0000000000   1.9988339640e+01   0.0000000000e+00   1.9852735865e+01
    797.0000000000   2.0025369028e+01   0.0000000000e+00   1.9890180683e+01
    798.0000000000   2.0062144195e+01   0.0000000000e+00   1.9936285959e+01
    799.0000000000   2.0107092110e+01   0.0000000000e+00   1.9976978317e+01
    800.0000000000   2.0146898122e+01   0.0000000000e+00   2.0016613137e+01
    801.0000000000   2.0185689854e+01   0.0000000000e+00   2.0055611370e+01
    802.0000000000   2.0223869353e+01   0.0000000000e+00   2.0094140297e+01
    803.0000000000   2.0270004138e+01   0.0000000000e+00   2.0132288661e+01
    804.0000000000   2.0310849244e+01   0.0000000000e+00   2.0170111364e+01
    805.0000000000   2.0350572380e+01   0.0000000000e+00   2.0216526818e+01
    806.0000000000   2.0389600941e+01   0.0000000000e+00   2.0257479025e+01
    807.0000000000   2.0428113042e+01   0.0000000000e+00   2.0297335373e+01
    808.0000000000   2.0466206825e+01   0.0000000000e+00   2.0336525403e+01
    809.0000000000   2.0512351244e+01   0.0000000000e+00   2.0375222710e+01
    810.0000000000   2.0553258739e+01   0.0000000000e+00   2.0413520790e+01
    811.0000000000   2.0601482118e+01   0.0000000000e+00   2.0451478182e+01
    812.0000000000   2.0644105953e+01   0.0000000000e+00   2.0489135162e+01
    813.0000000000   2.0685415580e+01   0.0000000000e+00   2.0544283225e+01
    814.0000000000   2.0725895586e+01   0.0000000000e+00   2.0588778466e+01
    815.0000000000   2.0765756967e+01   0.0000000000e+00   2.0631331876e+01
    816.0000000000   2.0805118895e+01   0.0000000000e+00   2.0672784024e+01
    817.0000000000   2.0844058277e+01   0.0000000000e+00   2.0713467187e+01
    818.0000000000   2.0891035550e+01   0.0000000000e+00   2.0753556006e+01
    819.0000000000   2.0932759755e+01   0.0000000000e+00   2.0793157114e+01
    820.0000000000   2.0973376057e+01   0.0000000000e+00   2.0832342059e+01
    821.0000000000   2.1013299948e+01   0.0000000000e+00   2.0880043053e+01
    822.0000000000   2.1052702998e+01   0.0000000000e+00   2.0922215274e+01
    823.0000000000   2.1100086235e+01   0.0000000000e+00   2.0963235160e+01
    824.0000000000   2.1142179138e+01   0.0000000000e+00   2.1003539636e+01
    825.0000000000   2.1191544847e+01   0.0000000000e+00   2.1043308376e+01
    826.0000000000   2.1235274821e+01   0.0000000000e+00   2.1082639930e+01
    827.0000000000   2.1277659322e+01   0.0000000000e+00   2.1121597077e+01
    828.0000000000   2.1319186655e+01   0.0000000000e+00   2.1169104652e+01
    829.0000000000   2.1368477260e+01   0.0000000000e+00   2.1211111956e+01
    830.0000000000   2.1412321723e+01   0.0000000000e+00   2.1251990790e+01
    831.0000000000   2.1454913155e+01   0.0000000000e+00   2.1301055382e+01
    832.0000000000   2.1496697937e+01   0.0000000000e+00   2.1344399158e+01
    833.0000000000   2.1537868869e+01   0.0000000000e+00   2.1395345713e+01
    834.0000000000   2.1578535761e+01   0.0000000000e+00   2.1440285448e+01
    835.0000000000   2.1618770509e+01   0.0000000000e+00   2.1483766999e+01
    836.0000000000   2.1667030859e+01   0.0000000000e+00   2.1526316551e+01
    837.0000000000   2.1710024460e+01   0.0000000000e+00   2.1568167009e+01
    838.0000000000   2.1760302372e+01   0.0000000000e+00   2.1609451598e+01
    839.0000000000   2.1804948946e+01   0.0000000000e+00   2.1650257129e+01
    840.0000000000   2.1848250089e+01   0.0000000000e+00   2.1699525861e+01
    841.0000000000   2.1890691362e+01   0.0000000000e+00   2.1743220197e+01
    842.0000000000   2.1940891457e+01   0.0000000000e+00   2.1785722072e+01
    843.0000000000   2.1985639839e+01   0.0000000000e+00   2.1827472765e+01
    844.0000000000   2.2029128915e+01   0.0000000000e+00   2.1868655501e+01
    845.0000000000   2.2071804636e+01   0.0000000000e+00   2.1909371790e+01
    846.0000000000   2.2113859563e+01   0.0000000000e+00   2.1949686918e+01
    847.0000000000   2.2155403393e+01   0.0000000000e+00   2.1989646904e+01
    848.0000000000   2.2196508000e+01   0.0000000000e+00   2.2029286238e+01
    849.0000000000   2.2237224643e+01   0.0000000000e+00   2.2068631926e+01
    850.0000000000   2.2277592011e+01   0.0000000000e+00   2.2107705813e+01
    851.0000000000   2.2317640509e+01   0.0000000000e+00   2.2146526015e+01
    852.0000000000   2.2357394775e+01   0.0000000000e+00   2.2193988827e+01
    853.0000000000   2.2396875244e+01   0.0000000000e+00   2.2244905074e+01
    854.0000000000   2.2444505718e+01   0.0000000000e+00   2.2289549346e+01
    855.0000000000   2.2486970073e+01   0.0000000000e+00   2.2332691047e+01
    856.0000000000   2.2528395444e+01   0.0000000000e+00   2.2383792912e+01
    857.0000000000   2.2577590498e+01   0.0000000000e+00   2.2429021608e+01
    858.0000000000   2.2621385714e+01   0.0000000000e+00   2.2472861578e+01
    859.0000000000   2.2672388486e+01   0.0000000000e+00   2.2515812754e+01
    860.0000000000   2.2717712886e+01   0.0000000000e+00   2.2558094878e+01
    861.0000000000   2.2761661920e+01   0.0000000000e+00   2.2599833606e+01
    862.0000000000   2.2804731593e+01   0.0000000000e+00   2.2641110933e+01
    863.0000000000   2.2847140724e+01   0.0000000000e+00   2.2681984862e+01
    864.0000000000   2.2889014109e+01   0.0000000000e+00   2.2722498731e+01
    865.0000000000   2.2930432857e+01   0.0000000000e+00   2.2762686239e+01
    866.0000000000   2.2971454131e+01   0.0000000000e+00   2.2802574401e+01
    867.0000000000   2.3012120512e+01   0.0000000000e+00   2.2842185394e+01
    868.0000000000   2.3052465036e+01   0.0000000000e+00   2.2890418758e+01
    869.0000000000   2.3092514140e+01   0.0000000000e+00   2.2933206970e+01
    870.0000000000   2.3132289508e+01   0.0000000000e+00   2.2974910092e+01
    871.0000000000   2.3171809284e+01   0.0000000000e+00   2.3015952870e+01
    872.0000000000   2.3211088900e+01   0.0000000000e+00   2.3056505697e+01
    873.0000000000   2.3250141664e+01   0.0000000000e+00   2.3096659898e+01
    874.0000000000   2.3288979190e+01   0.0000000000e+00   2.3145353501e+01
    875.0000000000   2.3327611713e+01   0.0000000000e+00   2.3188542448e+01
    876.0000000000   2.3366048339e+01   0.0000000000e+00   2.3230602046e+01
    877.0000000000   2.3404297225e+01   0.0000000000e+00   2.3271967429e+01
    878.0000000000   2.3450772259e+01   0.0000000000e+00   2.3321697304e+01
    879.0000000000   2.3492149168e+01   0.0000000000e+00   2.3365805030e+01
    880.0000000000   2.3532548288e+01   0.0000000000e+00   2.3408698101e+01
    881.0000000000   2.3580772545e+01   0.0000000000e+00   2.3450831690e+01
    882.0000000000   2.3623647509e+01   0.0000000000e+00   2.3492396953e+01
    883.0000000000   2.3665369820e+01   0.0000000000e+00   2.3533500050e+01
    884.0000000000   2.3706380822e+01   0.0000000000e+00   2.3574209014e+01
    885.0000000000   2.3746866057e+01   0.0000000000e+00   2.3623452430e+01
    886.0000000000   2.3795334406e+01   0.0000000000e+00   2.3667182353e+01
    887.0000000000   2.3846926357e+01   0.0000000000e+00   2.3709772659e+01
    888.0000000000   2.3892470099e+01   0.0000000000e+00   2.3751658197e+01
    889.0000000000   2.3936503647e+01   0.0000000000e+00   2.3801897928e+01
    890.0000000000   2.3979594470e+01   0.0000000000e+00   2.3855386683e+01
    891.0000000000   2.4021991639e+01   0.0000000000e+00   2.3902449236e+01
    892.0000000000   2.4072241772e+01   0.0000000000e+00   2.3947887823e+01
    893.0000000000   2.4117103681e+01   0.0000000000e+00   2.4001188039e+01
    894.0000000000   2.4160754049e+01   0.0000000000e+00   2.4057414187e+01
    895.0000000000   2.4212036184e+01   0.0000000000e+00   2.4106979969e+01
    896.0000000000   2.4266212333e+01   0.0000000000e+00   2.4154741513e+01
    897.0000000000   2.4314171399e+01   0.0000000000e+00   2.4201339168e+01
    898.0000000000   2.4377300354e+01   0.0000000000e+00   2.4247064767e+01
    899.0000000000   2.4429528407e+01   0.0000000000e+00   2.4292087465e+01
    900.0000000000   2.4479349868e+01   0.0000000000e+00   2.4336518262e+01
    901.0000000000   2.4527698958e+01   0.0000000000e+00   2.4380435842e+01
    902.0000000000   2.4583384441e+01   0.0000000000e+00   2.4423899018e+01
    903.0000000000   2.4641707372e+01   0.0000000000e+00   2.4475834455e+01
    904.0000000000   2.4702002135e+01   0.0000000000e+00   2.4522195404e+01
    905.0000000000   2.4780763099e+01   0.0000000000e+00   2.4567358267e+01
    906.0000000000   2.4842728030e+01   0.0000000000e+00   2.4620641898e+01
    907.0000000000   2.4909322983e+01   0.0000000000e+00   2.4677025091e+01
    908.0000000000   2.4968709709e+01   0.0000000000e+00   2.4726871226e+01
    909.0000000000   2.5025647059e+01   0.0000000000e+00   2.4775004186e+01
    910.0000000000   2.5080886181e+01   0.0000000000e+00   2.4822042425e+01
    911.0000000000   2.5134808537e+01   0.0000000000e+00   2.4877143232e+01
    912.0000000000   2.5187651329e+01   0.0000000000e+00   2.4935262053e+01
    913.0000000000   2.5247984316e+01   0.0000000000e+00   2.4986764475e+01
    914.0000000000   2.5311002702e+01   0.0000000000e+00   2.5036481937e+01
    915.0000000000   2.5367581368e+01   0.0000000000e+00   2.5085040925e+01
    916.0000000000   2.5422297793e+01   0.0000000000e+00   2.5141605994e+01
    917.0000000000   2.5475752899e+01   0.0000000000e+00   2.5192257892e+01
    918.0000000000   2.5528224297e+01   0.0000000000e+00   2.5250331825e+01
    919.0000000000   2.5579876625e+01   0.0000000000e+00   2.5302234002e+01
    920.0000000000   2.5630820914e+01   0.0000000000e+00   2.5370290272e+01
    921.0000000000   2.5689544701e+01   0.0000000000e+00   2.5426873818e+01
    922.0000000000   2.5751185849e+01   0.0000000000e+00   2.5480922319e+01
    923.0000000000   2.5806577374e+01   0.0000000000e+00   2.5533405055e+01
    924.0000000000   2.5860265143e+01   0.0000000000e+00   2.5584737649e+01
    925.0000000000   2.5912825574e+01   0.0000000000e+00   2.5635153266e+01
    926.0000000000   2.5964516883e+01   0.0000000000e+00   2.5684801955e+01
    927.0000000000   2.6015488085e+01   0.0000000000e+00   2.5733788781e+01
    928.0000000000   2.6065837451e+01   0.0000000000e+00   2.5782191659e+01
    929.0000000000   2.6115635427e+01   0.0000000000e+00   2.5830070823e+01
    930.0000000000   2.6164935474e+01   0.0000000000e+00   2.5877474327e+01
    931.0000000000   2.6213779863e+01   0.0000000000e+00   2.5924441464e+01
    932.0000000000   2.6262203067e+01   0.0000000000e+00   2.5971005011e+01
    933.0000000000   2.6310233870e+01   0.0000000000e+00   2.6017192759e+01
    934.0000000000   2.6357896772e+01   0.0000000000e+00   2.6063028589e+01
    935.0000000000   2.6405212941e+01   0.0000000000e+00   2.6108533270e+01
    936.0000000000   2.6452200904e+01   0.0000000000e+00   2.6153725036e+01
    937.0000000000   2.6498877041e+01   0.0000000000e+00   2.6198620041e+01
    938.0000000000   2.6545255971e+01   0.0000000000e+00   2.6252113670e+01
    939.0000000000   2.6591350836e+01   0.0000000000e+00   2.6300135553e+01
    940.0000000000   2.6637173531e+01   0.0000000000e+00   2.6347043834e+01
    941.0000000000   2.6682734885e+01   0.0000000000e+00   2.6393262008e+01
    942.0000000000   2.6728044807e+01   0.0000000000e+00   2.6438959705e+01
    943.0000000000   2.6773112405e+01   0.0000000000e+00   2.6484227843e+01
    944.0000000000   2.6834759138e+01   0.0000000000e+00   2.6529123342e+01
    945.0000000000   2.6886330883e+01   0.0000000000e+00   2.6573685518e+01
    946.0000000000   2.6936063356e+01   0.0000000000e+00   2.6617943440e+01
    947.0000000000   2.6984744913e+01   0.0000000000e+00   2.6661919690e+01
    948.0000000000   2.7032684614e+01   0.0000000000e+00   2.6705632472e+01
    949.0000000000   2.7080043638e+01   0.0000000000e+00   2.6749096890e+01
    950.0000000000   2.7126919775e+01   0.0000000000e+00   2.6792325763e+01
    951.0000000000   2.7173378352e+01   0.0000000000e+00   2.6844211138e+01
    952.0000000000   2.7219466043e+01   0.0000000000e+00   2.6908441349e+01
    953.0000000000   2.7265217905e+01   0.0000000000e+00   2.6961204814e+01
    954.0000000000   2.7319067820e+01   0.0000000000e+00   2.7011615002e+01
    955.0000000000   2.7367706846e+01   0.0000000000e+00   2.7060664549e+01
    956.0000000000   2.7415267371e+01   0.0000000000e+00   2.7108761682e+01
    957.0000000000   2.7462155476e+01   0.0000000000e+00   2.7156124999e+01
    958.0000000000   2.7516942134e+01   0.0000000000e+00   2.7202889075e+01
    959.0000000000   2.7566385377e+01   0.0000000000e+00   2.7258025410e+01
    960.0000000000   2.7614655537e+01   0.0000000000e+00   2.7307515479e+01
    961.0000000000   2.7662182326e+01   0.0000000000e+00   2.7355754283e+01
    962.0000000000   2.7717552457e+01   0.0000000000e+00   2.7403192398e+01
    963.0000000000   2.7767534977e+01   0.0000000000e+00   2.7458900846e+01
    964.0000000000   2.7816308236e+01   0.0000000000e+00   2.7508902966e+01
    965.0000000000   2.7864307970e+01   0.0000000000e+00   2.7557614454e+01
    966.0000000000   2.7928532054e+01   0.0000000000e+00   2.7614378287e+01
    967.0000000000   2.7982422232e+01   0.0000000000e+00   2.7665308061e+01
    968.0000000000   2.8034274020e+01   0.0000000000e+00   2.7714861277e+01
    969.0000000000   2.8084916338e+01   0.0000000000e+00   2.7772404017e+01
    970.0000000000   2.8143093877e+01   0.0000000000e+00   2.7824064156e+01
    971.0000000000   2.8195658609e+01   0.0000000000e+00   2.7874308721e+01
    972.0000000000   2.8246839312e+01   0.0000000000e+00   2.7923629553e+01
    973.0000000000   2.8297105326e+01   0.0000000000e+00   2.7972242802e+01
    974.0000000000   2.8346665321e+01   0.0000000000e+00   2.8029153809e+01
    975.0000000000   2.8404047187e+01   0.0000000000e+00   2.8089242162e+01
    976.0000000000   2.8456000618e+01   0.0000000000e+00   2.8142829582e+01
    977.0000000000   2.8506697918e+01   0.0000000000e+00   2.8194719659e+01
    978.0000000000   2.8556573988e+01   0.0000000000e+00   2.8254400969e+01
    979.0000000000   2.8605814996e+01   0.0000000000e+00   2.8308060340e+01
    980.0000000000   2.8654526832e+01   0.0000000000e+00   2.8360198340e+01
    981.0000000000   2.8702779085e+01   0.0000000000e+00   2.8411328061e+01
    982.0000000000   2.8750621653e+01   0.0000000000e+00   2.8461680172e+01
    983.0000000000   2.8798092451e+01   0.0000000000e+00   2.8511389524e+01
    984.0000000000   2.8845221488e+01   0.0000000000e+00   2.8560545955e+01
    985.0000000000   2.8892033253e+01   0.0000000000e+00   2.8609214218e+01
    986.0000000000   2.8938548200e+01   0.0000000000e+00   2.8657443523e+01
    987.0000000000   2.8984783731e+01   0.0000000000e+00   2.8705272713e+01
    988.0000000000   2.9030754878e+01   0.0000000000e+00   2.8752733347e+01
    989.0000000000   2.9076474787e+01   0.0000000000e+00   2.8799851640e+01
    990.0000000000   2.9121955076e+01   0.0000000000e+00   2.8846649772e+01
    991.0000000000   2.9167206102e+01   0.0000000000e+00   2.8893146787e+01
    992.0000000000   2.9212237173e+01   0.0000000000e+00   2.8939359241e+01
    993.0000000000   2.9257056711e+01   0.0000000000e+00   2.8985301678e+01
    994.0000000000   2.9301672377e+01   0.0000000000e+00   2.9039867966e+01
    995.0000000000   2.9346091182e+01   0.0000000000e+00   2.9097867278e+01
    996.0000000000   2.9390319569e+01   0.0000000000e+00   2.9149573101e+01
    997.0000000000   2.9434363485e+01   0.0000000000e+00   2.9199754125e+01
    998.0000000000   2.9478228441e+01   0.0000000000e+00   2.9248991676e+01
    999.0000000000   2.9521919562e+01   0.0000000000e+00   2.9297535511e+01
   1000.0000000000   2.9565441628e+01   0.0000000000e+00   2.9345523555e+01
   1001.0000000000   2.9608799109e+01   0.0000000000e+00   2.9393042905e+01
   1002.0000000000   2.9660402727e+01   0.0000000000e+00   2.9440153495e+01
   1003.0000000000   2.9706925471e+01   0.0000000000e+00   2.9486899137e+01
   1004.0000000000   2.9760891824e+01   0.0000000000e+00   2.9533313322e+01
   1005.0000000000   2.9809365148e+01   0.0000000000e+00   2.9579422554e+01
   1006.0000000000   2.9856614379e+01   0.0000000000e+00   2.9625248395e+01
   1007.0000000000   2.9903111107e+01   0.0000000000e+00   2.9670808778e+01
   1008.0000000000   2.9949055820e+01   0.0000000000e+00   2.9716118895e+01
   1009.0000000000   2.9994559047e+01   0.0000000000e+00   2.9761191818e+01
   1010.0000000000   3.0039690491e+01   0.0000000000e+00   2.9806038936e+01
   1011.0000000000   3.0084497987e+01   0.0000000000e+00   2.9850670288e+01
   1012.0000000000   3.0129016352e+01   0.0000000000e+00   2.9921737714e+01
   1013.0000000000   3.0173272061e+01   0.0000000000e+00   2.9976999263e+01
   1014.0000000000   3.0234098994e+01   0.0000000000e+00   3.0029501487e+01
   1015.0000000000   3.0284852074e+01   0.0000000000e+00   3.0080489554e+01
   1016.0000000000   3.0333773688e+01   0.0000000000e+00   3.0130449243e+01
   1017.0000000000   3.0381657157e+01   0.0000000000e+00   3.0179632141e+01
   1018.0000000000   3.0437221770e+01   0.0000000000e+00   3.0228189525e+01
   1019.0000000000   3.0487300516e+01   0.0000000000e+00   3.0276221374e+01
   1020.0000000000   3.0536107480e+01   0.0000000000e+00   3.0323798252e+01
   1021.0000000000   3.0584100299e+01   0.0000000000e+00   3.0370972444e+01
   1022.0000000000   3.0631478110e+01   0.0000000000e+00   3.0417784174e+01
   1023.0000000000   3.0678354359e+01   0.0000000000e+00   3.0464265317e+01
   1024.0000000000   3.0733209549e+01   0.0000000000e+00   3.0519322723e+01
   1025.0000000000   3.0782765081e+01   0.0000000000e+00   3.0568894510e+01
   1026.0000000000   3.0831174351e+01   0.0000000000e+00   3.0626226148e+01
   1027.0000000000   3.0887265171e+01   0.0000000000e+00   3.0677662613e+01
   1028.0000000000   3.0937882415e+01   0.0000000000e+00   3.0727723620e+01
   1029.0000000000   3.0987238048e+01   0.0000000000e+00   3.0776915729e+01
   1030.0000000000   3.1035785824e+01   0.0000000000e+00   3.0825457900e+01
   1031.0000000000   3.1092128014e+01   0.0000000000e+00   3.0873473077e+01
   1032.0000000000   3.1143044523e+01   0.0000000000e+00   3.0921040273e+01
   1033.0000000000   3.1192721683e+01   0.0000000000e+00   3.0968214726e+01
   1034.0000000000   3.1241601315e+01   0.0000000000e+00   3.1015037361e+01
   1035.0000000000   3.1289873020e+01   0.0000000000e+00   3.1061539819e+01
   1036.0000000000   3.1337644272e+01   0.0000000000e+00   3.1116628336e+01
   1037.0000000000   3.1384985225e+01   0.0000000000e+00   3.1166240294e+01
   1038.0000000000   3.1431945755e+01   0.0000000000e+00   3.1214739445e+01
   1039.0000000000   3.1478563416e+01   0.0000000000e+00   3.1262553384e+01
   1040.0000000000   3.1524867664e+01   0.0000000000e+00   3.1309854743e+01
   1041.0000000000   3.1579288850e+01   0.0000000000e+00   3.1356736643e+01
   1042.0000000000   3.1628515751e+01   0.0000000000e+00   3.1403257607e+01
   1043.0000000000   3.1685085793e+01   0.0000000000e+00   3.1449458105e+01
   1044.0000000000   3.1744479636e+01   0.0000000000e+00   3.1495368022e+01
   1045.0000000000   3.1797644345e+01   0.0000000000e+00   3.1541010489e+01
   1046.0000000000   3.1849173497e+01   0.0000000000e+00   3.1586404062e+01
   1047.0000000000   3.1899665046e+01   0.0000000000e+00   3.1631564037e+01
   1048.0000000000   3.1949386686e+01   0.0000000000e+00   3.1676503308e+01
   1049.0000000000   3.1998490808e+01   0.0000000000e+00   3.1721232931e+01
   1050.0000000000   3.2055482343e+01   0.0000000000e+00   3.1765762528e+01
   1051.0000000000   3.2107099137e+01   0.0000000000e+00   3.1810100573e+01
   1052.0000000000   3.2157506279e+01   0.0000000000e+00   3.1854254610e+01
   1053.0000000000   3.2215540253e+01   0.0000000000e+00   3.1898231409e+01
   1054.0000000000   3.2268052594e+01   0.0000000000e+00   3.1942037093e+01
   1055.0000000000   3.2319260529e+01   0.0000000000e+00   3.1985677239e+01
   1056.0000000000   3.2378028594e+01   0.0000000000e+00   3.2038037923e+01
   1057.0000000000   3.2439631622e+01   0.0000000000e+00   3.2085040526e+01
   1058.0000000000   3.2494966705e+01   0.0000000000e+00   3.2139916798e+01
   1059.0000000000   3.2548613493e+01   0.0000000000e+00   3.2189000316e+01
   1060.0000000000   3.2601167349e+01   0.0000000000e+00   3.2236801196e+01
   1061.0000000000   3.2652897397e+01   0.0000000000e+00   3.2283817830e+01
   1062.0000000000   3.2703958895e+01   0.0000000000e+00   3.2330262157e+01
   1063.0000000000   3.2754453517e+01   0.0000000000e+00   3.2376251038e+01
   1064.0000000000   3.2804453332e+01   0.0000000000e+00   3.2421858169e+01
   1065.0000000000   3.2854012275e+01   0.0000000000e+00   3.2467134112e+01
   1066.0000000000   3.2903172347e+01   0.0000000000e+00   3.2520996624e+01
   1067.0000000000   3.2951967260e+01   0.0000000000e+00   3.2578271306e+01
   1068.0000000000   3.3008831253e+01   0.0000000000e+00   3.2629243245e+01
   1069.0000000000   3.3060456591e+01   0.0000000000e+00   3.2678689472e+01
   1070.0000000000   3.3110977287e+01   0.0000000000e+00   3.2736078374e+01
   1071.0000000000   3.3160801203e+01   0.0000000000e+00   3.2796461834e+01
   1072.0000000000   3.3210094602e+01   0.0000000000e+00   3.2850244206e+01
   1073.0000000000   3.3258948235e+01   0.0000000000e+00   3.2902274337e+01
   1074.0000000000   3.3307419878e+01   0.0000000000e+00   3.2953186747e+01
   1075.0000000000   3.3355550016e+01   0.0000000000e+00   3.3003268497e+01
   1076.0000000000   3.3403368926e+01   0.0000000000e+00   3.3052684758e+01
   1077.0000000000   3.3450900329e+01   0.0000000000e+00   3.3101543158e+01
   1078.0000000000   3.3506569993e+01   0.0000000000e+00   3.3149919481e+01
   1079.0000000000   3.3557062988e+01   0.0000000000e+00   3.3197870022e+01
   1080.0000000000   3.3606507180e+01   0.0000000000e+00   3.3245438268e+01
   1081.0000000000   3.3655305157e+01   0.0000000000e+00   3.3292658837e+01
   1082.0000000000   3.3712025149e+01   0.0000000000e+00   3.3339559952e+01
   1083.0000000000   3.3763422990e+01   0.0000000000e+00   3.3386165076e+01
   1084.0000000000   3.3813667228e+01   0.0000000000e+00   3.3441374995e+01
   1085.0000000000   3.3863186108e+01   0.0000000000e+00   3.3491123358e+01
   1086.0000000000   3.3912158589e+01   0.0000000000e+00   3.3539771303e+01
   1087.0000000000   3.3960683638e+01   0.0000000000e+00   3.3587744557e+01
   1088.0000000000   3.4008824479e+01   0.0000000000e+00   3.3635214395e+01
   1089.0000000000   3.4056625277e+01   0.0000000000e+00   3.3682272937e+01
   1090.0000000000   3.4104118812e+01   0.0000000000e+00   3.3728977960e+01
   1091.0000000000   3.4151330513e+01   0.0000000000e+00   3.3775369368e+01
   1092.0000000000   3.4198280774e+01   0.0000000000e+00   3.3821476609e+01
   1093.0000000000   3.4244986386e+01   0.0000000000e+00   3.3867322478e+01
   1094.0000000000   3.4291461464e+01   0.0000000000e+00   3.3921806233e+01
   1095.0000000000   3.4337718081e+01   0.0000000000e+00   3.3970859639e+01
   1096.0000000000   3.4383766709e+01   0.0000000000e+00   3.4027722820e+01
   1097.0000000000   3.4429616546e+01   0.0000000000e+00   3.4087617200e+01
   1098.0000000000   3.4483682274e+01   0.0000000000e+00   3.4140975315e+01
   1099.0000000000   3.4532640240e+01   0.0000000000e+00   3.4192646850e+01
   1100.0000000000   3.4580611266e+01   0.0000000000e+00   3.4243260760e+01
   1101.0000000000   3.4627992136e+01   0.0000000000e+00   3.4293097413e+01
   1102.0000000000   3.4674939686e+01   0.0000000000e+00   3.4342315650e+01
   1103.0000000000   3.4721536565e+01   0.0000000000e+00   3.4391017501e+01
   1104.0000000000   3.4776240042e+01   0.0000000000e+00   3.4448154895e+01
   1105.0000000000   3.4825753499e+01   0.0000000000e+00   3.4499696675e+01
   1106.0000000000   3.4882622557e+01   0.0000000000e+00   3.4558910199e+01
   1107.0000000000   3.4933925984e+01   0.0000000000e+00   3.4612156599e+01
   1108.0000000000   3.4983944347e+01   0.0000000000e+00   3.4663967846e+01
   1109.0000000000   3.5033158271e+01   0.0000000000e+00   3.4714860023e+01
   1110.0000000000   3.5081775412e+01   0.0000000000e+00   3.4765059631e+01
   1111.0000000000   3.5129912108e+01   0.0000000000e+00   3.4814695692e+01
   1112.0000000000   3.5177642830e+01   0.0000000000e+00   3.4863852181e+01
   1113.0000000000   3.5225019387e+01   0.0000000000e+00   3.4912588444e+01
   1114.0000000000   3.5280486469e+01   0.0000000000e+00   3.4960948844e+01
   1115.0000000000   3.5339148970e+01   0.0000000000e+00   3.5008967919e+01
   1116.0000000000   3.5391813446e+01   0.0000000000e+00   3.5056673411e+01
   1117.0000000000   3.5443003887e+01   0.0000000000e+00   3.5104088142e+01
   1118.0000000000   3.5493278222e+01   0.0000000000e+00   3.5151231262e+01
   1119.0000000000   3.5542878784e+01   0.0000000000e+00   3.5207000069e+01
   1120.0000000000   3.5591940758e+01   0.0000000000e+00   3.5257325349e+01
   1121.0000000000   3.5640550245e+01   0.0000000000e+00   3.5306565869e+01
   1122.0000000000   3.5688766891e+01   0.0000000000e+00   3.5355145374e+01
   1123.0000000000   3.5736634497e+01   0.0000000000e+00   3.5403233467e+01
   1124.0000000000   3.5784186646e+01   0.0000000000e+00   3.5450920851e+01
   1125.0000000000   3.5831449945e+01   0.0000000000e+00   3.5498264086e+01
   1126.0000000000   3.5878446033e+01   0.0000000000e+00   3.5554183005e+01
   1127.0000000000   3.5925192883e+01   0.0000000000e+00   3.5604622832e+01
   1128.0000000000   3.5971705684e+01   0.0000000000e+00   3.5653952015e+01
   1129.0000000000   3.6017997463e+01   0.0000000000e+00   3.5702601020e+01
   1130.0000000000   3.6064079529e+01   0.0000000000e+00   3.5750744250e+01
   1131.0000000000   3.6109961806e+01   0.0000000000e+00   3.5807356882e+01
   1132.0000000000   3.6164059609e+01   0.0000000000e+00   3.5858414766e+01
   1133.0000000000   3.6221456359e+01   0.0000000000e+00   3.5908305172e+01
   1134.0000000000   3.6272942396e+01   0.0000000000e+00   3.5957471018e+01
   1135.0000000000   3.6323029151e+01   0.0000000000e+00   3.6006095402e+01
   1136.0000000000   3.6372264616e+01   0.0000000000e+00   3.6054278860e+01
   1137.0000000000   3.6420883120e+01   0.0000000000e+00   3.6110966289e+01
   1138.0000000000   3.6477419827e+01   0.0000000000e+00   3.6162118878e+01
   1139.0000000000   3.6528624459e+01   0.0000000000e+00   3.6212116018e+01
   1140.0000000000   3.6587072881e+01   0.0000000000e+00   3.6270277050e+01
   1141.0000000000   3.6656677947e+01   0.0000000000e+00   3.6322698993e+01
   1142.0000000000   3.6715073651e+01   0.0000000000e+00   3.6373827079e+01
   1143.0000000000   3.6770980685e+01   0.0000000000e+00   3.6424136970e+01
   1144.0000000000   3.6825397330e+01   0.0000000000e+00   3.6473832347e+01
   1145.0000000000   3.6887156367e+01   0.0000000000e+00   3.6523027681e+01
   1146.0000000000   3.6943162400e+01   0.0000000000e+00   3.6571796865e+01
   1147.0000000000   3.6997678503e+01   0.0000000000e+00   3.6620191834e+01
   1148.0000000000   3.7051197749e+01   0.0000000000e+00   3.6668251264e+01
   1149.0000000000   3.7103945961e+01   0.0000000000e+00   3.6724886153e+01
   1150.0000000000   3.7156057327e+01   0.0000000000e+00   3.6776037250e+01
   1151.0000000000   3.7207622347e+01   0.0000000000e+00   3.6826070769e+01
   1152.0000000000   3.7267113331e+01   0.0000000000e+00   3.6875416153e+01
   1153.0000000000   3.7321249585e+01   0.0000000000e+00   3.6924247449e+01
   1154.0000000000   3.7374185134e+01   0.0000000000e+00   3.6972658881e+01
   1155.0000000000   3.7426343134e+01   0.0000000000e+00   3.7020709843e+01
   1156.0000000000   3.7477901821e+01   0.0000000000e+00   3.7068441502e+01
   1157.0000000000   3.7528961518e+01   0.0000000000e+00   3.7124765269e+01
   1158.0000000000   3.7579587778e+01   0.0000000000e+00   3.7175621411e+01
   1159.0000000000   3.7629827492e+01   0.0000000000e+00   3.7225375287e+01
   1160.0000000000   3.7679716281e+01   0.0000000000e+00   3.7274455358e+01
   1161.0000000000   3.7729282369e+01   0.0000000000e+00   3.7323034682e+01
   1162.0000000000   3.7778548826e+01   0.0000000000e+00   3.7371206532e+01
   1163.0000000000   3.7827534957e+01   0.0000000000e+00   3.7427910387e+01
   1164.0000000000   3.7876257223e+01   0.0000000000e+00   3.7479103279e+01
   1165.0000000000   3.7924729869e+01   0.0000000000e+00   3.7538042314e+01
   1166.0000000000   3.7972965372e+01   0.0000000000e+00   3.7591079944e+01
   1167.0000000000   3.8020974778e+01   0.0000000000e+00   3.7642740836e+01
   1168.0000000000   3.8068767944e+01   0.0000000000e+00   3.7693534912e+01
   1169.0000000000   3.8116353740e+01   0.0000000000e+00   3.7743683447e+01
   1170.0000000000   3.8163740195e+01   0.0000000000e+00   3.7802191969e+01
   1171.0000000000   3.8210934617e+01   0.0000000000e+00   3.7855057298e+01
   1172.0000000000   3.8257943697e+01   0.0000000000e+00   3.7915562867e+01
   1173.0000000000   3.8304773583e+01   0.0000000000e+00   3.7970079688e+01
   1174.0000000000   3.8351429952e+01   0.0000000000e+00   3.8032027092e+01
   1175.0000000000   3.8397918060e+01   0.0000000000e+00   3.8087842143e+01
   1176.0000000000   3.8444242796e+01   0.0000000000e+00   3.8142100760e+01
   1177.0000000000   3.8490408715e+01   0.0000000000e+00   3.8204227924e+01
   1178.0000000000   3.8536420077e+01   0.0000000000e+00   3.8260385755e+01
   1179.0000000000   3.8582280876e+01   0.0000000000e+00   3.8315063196e+01
   1180.0000000000   3.8627994864e+01   0.0000000000e+00   3.8368767052e+01
   1181.0000000000   3.8673565575e+01   8.8809693507e-03   3.8421724182e+01
   1182.0000000000   3.8718996342e+01   1.2559587303e-02   3.8474066896e+01
   1183.0000000000   3.8764290320e+01   1.5382290136e-02   3.8525883185e+01
   1184.0000000000   3.8817857020e+01   1.7761938701e-02   3.8577236367e+01
   1185.0000000000   3.8866368320e+01   1.9858451174e-02   3.8628174476e+01
   1186.0000000000   3.8913941153e+01   2.1753843331e-02   3.8678735351e+01
   1187.0000000000   3.8960968886e+01   2.3496836303e-02   3.8728949666e+01
   1188.0000000000   3.9007605336e+01   2.5119174606e-02   3.8778842839e+01
   1189.0000000000   3.9062336995e+01   2.6642908052e-02   3.8828436321e+01
   1190.0000000000   3.9111881255e+01   2.8084090978e-02   3.8886629450e+01
   1191.0000000000   3.9160384533e+01   2.9454843111e-02   3.8939354831e+01
   1192.0000000000   3.9208260549e+01   3.0764580272e-02   3.8990972854e+01
   1193.0000000000   3.9264084357e+01   3.2020790370e-02   3.9041908717e+01
   1194.0000000000   3.9314615989e+01   3.3229544573e-02   3.9092333335e+01
   1195.0000000000   3.9364026518e+01   3.4395846393e-02   3.9151219561e+01
   1196.0000000000   3.9412745624e+01   3.5523877403e-02   3.9204541708e+01
   1197.0000000000   3.9469359497e+01   3.6617174691e-02   3.9256686048e+01
   1198.0000000000   3.9529042885e+01   3.7678761908e-02   3.9308094877e+01
   1199.0000000000   3.9582642175e+01   3.8711247920e-02   3.9358950936e+01
   1200.0000000000   3.9634706216e+01   3.9716902349e-02   3.9409354591e+01
   1201.0000000000   3.9685809458e+01   4.0697714294e-02   3.9459369737e+01
   1202.0000000000   3.9744612248e+01   4.1655438605e-02   3.9509040941e+01
   1203.0000000000   3.9797927091e+01   4.2591632770e-02   3.9558401287e+01
   1204.0000000000   3.9858366982e+01   4.3507686661e-02   3.9607476461e+01
   1205.0000000000   3.9913056056e+01   4.4404846754e-02   3.9656287091e+01
   1206.0000000000   3.9966307306e+01   4.5284236019e-02   3.9704850190e+01
   1207.0000000000   4.0027032078e+01   4.6146870408e-02   3.9753180080e+01
   1208.0000000000   4.0082125737e+01   4.6993672606e-02   3.9801289031e+01
   1209.0000000000   4.0135833619e+01   4.7825483601e-02   3.9849187706e+01
   1210.0000000000   4.0188632927e+01   4.8643072459e-02   3.9896885476e+01
   1211.0000000000   4.0240736641e+01   4.9447144658e-02   3.9944390668e+01
   1212.0000000000   4.0292268720e+01   5.0238349211e-02   3.9991710740e+01
   1213.0000000000   4.0343311491e+01   5.1017284797e-02   4.0038852425e+01
   1214.0000000000   4.0393924136e+01   5.1784505064e-02   4.0085821840e+01
   1215.0000000000   4.0444151517e+01   5.2540523230e-02   4.0132624578e+01
   1216.0000000000   4.0494028950e+01   5.3285816104e-02   4.0179265775e+01
   1217.0000000000   4.0543585043e+01   5.4020827599e-02   4.0243512109e+01
   1218.0000000000   4.0592843490e+01   5.4745971825e-02   4.0297201333e+01
   1219.0000000000   4.0641824270e+01   5.5461635819e-02   4.0357911374e+01
   1220.0000000000   4.0690544479e+01   5.6168181957e-02   4.0412388447e+01
   1221.0000000000   4.0739018926e+01   5.6865950101e-02   4.0465302394e+01
   1222.0000000000   4.0787260579e+01   5.7555259512e-02   4.0517233460e+01
   1223.0000000000   4.0835280891e+01   5.8236410553e-02   4.0568442157e+01
   1224.0000000000   4.0883090062e+01   5.8909686222e-02   4.0619076969e+01
   1225.0000000000   4.0930697237e+01   5.9575353523e-02   4.0669233527e+01
   1226.0000000000   4.0978110666e+01   6.9114634057e-02   4.0718978353e+01
   1227.0000000000   4.1025337835e+01   7.3444445688e-02   4.0768360263e+01
   1228.0000000000   4.1072385568e+01   7.6911450679e-02   4.0817416551e+01
   1229.0000000000   4.1127666641e+01   7.9928724156e-02   4.0866176602e+01
   1230.0000000000   4.1177855846e+01   8.2656387688e-02   4.0914664161e+01
   1231.0000000000   4.1227072726e+01   8.5176650325e-02   4.0962898810e+01
   1232.0000000000   4.1275713001e+01   8.7538417043e-02   4.1010896979e+01
   1233.0000000000   4.1332339135e+01   8.9773607402e-02   4.1058672658e+01
   1234.0000000000   4.1383702064e+01   9.1904438044e-02   4.1106237911e+01
   1235.0000000000   4.1442372644e+01   9.3947122441e-02   4.1153603251e+01
   1236.0000000000   4.1495444499e+01   9.5913932257e-02   4.1200777933e+01
   1237.0000000000   4.1555614135e+01   9.7814428494e-02   4.1247770171e+01
   1238.0000000000   4.1610037524e+01   9.9656237905e-02   4.1294587311e+01
   1239.0000000000   4.1663040974e+01   1.0144556454e-01   4.1341235967e+01
   1240.0000000000   4.1715134814e+01   1.1206850853e-01   4.1387722129e+01
   1241.0000000000   4.1774953798e+01   1.1744605270e-01   4.1442932223e+01
   1242.0000000000   4.1829298229e+01   1.2192828742e-01   4.1492787923e+01
   1243.0000000000   4.1882368040e+01   1.2593120952e-01   4.1550521226e+01
   1244.0000000000   4.1934614529e+01   1.2961745390e-01   4.1602465910e+01
   1245.0000000000   4.1986234113e+01   1.3307140964e-01   4.1662013228e+01
   1246.0000000000   4.2037339302e+01   1.3634388667e-01   4.1724459358e+01
   1247.0000000000   4.2088004042e+01   1.3946848030e-01   4.1780279462e+01
   1248.0000000000   4.2138281117e+01   1.4246889020e-01   4.1834349787e+01
   1249.0000000000   4.2188210341e+01   1.4536264957e-01   4.1887316871e+01
   1250.0000000000   4.2237822946e+01   1.4816321039e-01   4.1948354232e+01
   1251.0000000000   4.2287144165e+01   1.5088119417e-01   4.2003546107e+01
   1252.0000000000   4.2336194863e+01   1.5352518459e-01   4.2057347373e+01
   1253.0000000000   4.2393399134e+01   1.5610225257e-01   4.2110246665e+01
   1254.0000000000   4.2445441043e+01   1.6749928639e-01   4.2171340713e+01
   1255.0000000000   4.2504854366e+01   1.7363798784e-01   4.2226671015e+01
   1256.0000000000   4.2558710336e+01   1.7886910533e-01   4.2280666551e+01
   1257.0000000000   4.2619691155e+01   1.8360923960e-01   4.2333799313e+01
   1258.0000000000   4.2674943267e+01   1.8802158146e-01   4.2386273884e+01
   1259.0000000000   4.2728786444e+01   1.9219103295e-01   4.2438207326e+01
   1260.0000000000   4.2781726431e+01   1.9616887852e-01   4.2489676655e+01
   1261.0000000000   4.2833988185e+01   1.9998915347e-01   4.2540736972e+01
   1262.0000000000   4.2885700599e+01   2.1255693564e-01   4.2591429960e+01
   1263.0000000000   4.2936947648e+01   2.1980681816e-01   4.2641788423e+01
   1264.0000000000   4.2996195093e+01   2.2609904441e-01   4.2691838949e+01
   1265.0000000000   4.3050156103e+01   2.3185742870e-01   4.2750484554e+01
   1266.0000000000   4.3102979124e+01   2.3725078368e-01   4.2803660536e+01
   1267.0000000000   4.3163488830e+01   2.4236848752e-01   4.2855729292e+01
   1268.0000000000   4.3218528036e+01   2.4726545406e-01   4.2907117534e+01
   1269.0000000000   4.3272307321e+01   2.5197870798e-01   4.2957997325e+01
   1270.0000000000   4.3325279493e+01   2.5653485386e-01   4.3008461435e+01
   1271.0000000000   4.3386046171e+01   2.6983488426e-01   4.3058568172e+01
   1272.0000000000   4.3441386813e+01   2.8669205641e-01   4.3108357895e+01
   1273.0000000000   4.3495487449e+01   2.9738199250e-01   4.3157860438e+01
   1274.0000000000   4.3548789699e+01   3.0667423466e-01   4.3207098928e+01
   1275.0000000000   4.3601483039e+01   3.1515010752e-01   4.3256091942e+01
   1276.0000000000   4.3662081401e+01   3.2305878158e-01   4.3304854821e+01
   1277.0000000000   4.3725730476e+01   3.3053720054e-01   4.3353400507e+01
   1278.0000000000   4.3783263426e+01   3.3767121209e-01   4.3410621082e+01
   1279.0000000000   4.3847629395e+01   3.4451932187e-01   4.3471323877e+01
   1280.0000000000   4.3914475627e+01   3.5112379243e-01   4.3525780537e+01
   1281.0000000000   4.3983244813e+01   3.5751649507e-01   4.3587638925e+01
   1282.0000000000   4.4045254583e+01   3.6372227387e-01   4.3652276291e+01
   1283.0000000000   4.4105254245e+01   3.6976101040e-01   4.3710203853e+01
   1284.0000000000   4.4163928881e+01   3.7564895790e-01   4.3775198232e+01
   1285.0000000000   4.4230008689e+01   3.8139964002e-01   4.3833834495e+01
   1286.0000000000   4.4290354147e+01   3.8702447745e-01   4.3899640506e+01
   1287.0000000000   4.4349206644e+01   4.1029517630e-01   4.3967999988e+01
   1288.0000000000   4.4415454328e+01   4.2305354002e-01   4.4029448673e+01
   1289.0000000000   4.4475985829e+01   4.3399981225e-01   4.4088906979e+01
   1290.0000000000   4.4543452713e+01   4.4396620218e-01   4.4147054943e+01
   1291.0000000000   4.4605003586e+01   4.6215926751e-01   4.4204211282e+01
   1292.0000000000   4.4664969093e+01   4.7466485244e-01   4.4260564498e+01
   1293.0000000000   4.4723867778e+01   4.8593144381e-01   4.4316240126e+01
   1294.0000000000   4.4790343668e+01   5.0532051970e-01   4.4371328116e+01
   1295.0000000000   4.4851206293e+01   5.1895654839e-01   4.4434777204e+01
   1296.0000000000   4.4910664338e+01   5.3130352528e-01   4.4492557023e+01
   1297.0000000000   4.4969177216e+01   5.4285041244e-01   4.4549056563e+01
   1298.0000000000   4.5026948801e+01   5.5381058642e-01   4.4604723645e+01
   1299.0000000000   4.5084098421e+01   5.7318671199e-01   4.4659747433e+01
   1300.0000000000   4.5140706244e+01   5.8697483758e-01   4.4723115744e+01
   1301.0000000000   4.5196830740e+01   5.9957754155e-01   4.4789696302e+01
   1302.0000000000   4.5252516921e+01   6.2033059196e-01   4.4849802531e+01
   1303.0000000000   4.5307800778e+01   6.3534316641e-01   4.4908232067e+01
   1304.0000000000   4.5362711914e+01   6.4906978786e-01   4.4965588154e+01
   1305.0000000000   4.5425681737e+01   6.6199338941e-01   4.5022137690e+01
   1306.0000000000   4.5483400563e+01   6.7432344887e-01   4.5078032349e+01
   1307.0000000000   4.5540001072e+01   6.8617912662e-01   4.5133370478e+01
   1308.0000000000   4.5595890242e+01   6.9763815381e-01   4.5188221372e+01
   1309.0000000000   4.5651233772e+01   7.0875563696e-01   4.5251517697e+01
   1310.0000000000   4.5706122084e+01   7.2845385917e-01   4.5309216353e+01
   1311.0000000000   4.5760612801e+01   7.4268174014e-01   4.5365696073e+01
   1312.0000000000   4.5814746380e+01   7.5581164544e-01   4.5421396309e+01
   1313.0000000000   4.5868553168e+01   7.6827778408e-01   4.5485380281e+01
   1314.0000000000   4.5922057027e+01   7.8025798339e-01   4.5543665751e+01
   1315.0000000000   4.5975277389e+01   7.9184951544e-01   4.5600664378e+01
   1316.0000000000   4.6028230508e+01   8.0311426492e-01   4.5665716182e+01
   1317.0000000000   4.6097743319e+01   8.1409545763e-01   4.5724932579e+01
   1318.0000000000   4.6157165969e+01   8.3370621997e-01   4.5782769460e+01
   1319.0000000000   4.6214737552e+01   8.4788825492e-01   4.5839710753e+01
   1320.0000000000   4.6271249126e+01   8.6100813425e-01   4.5895966778e+01
   1321.0000000000   4.6335418456e+01   8.7349534282e-01   4.5951657493e+01
   1322.0000000000   4.6394077545e+01   8.8552380455e-01   4.6006861422e+01
   1323.0000000000   4.6468252930e+01   8.9718752923e-01   4.6061634484e+01
   1324.0000000000   4.6531740033e+01   9.0854564773e-01   4.6116018824e+01
   1325.0000000000   4.6592966374e+01   9.2852001011e-01   4.6170047533e+01
   1326.0000000000   4.6652827077e+01   9.4305744000e-01   4.6223747408e+01
   1327.0000000000   4.6711699054e+01   9.6540862732e-01   4.6286021647e+01
   1328.0000000000   4.6769790204e+01   9.8192173493e-01   4.6351686692e+01
   1329.0000000000   4.6827232263e+01   9.9711841822e-01   4.6411021803e+01
   1330.0000000000   4.6884116195e+01   1.0115063964e+00   4.6468800330e+01
   1331.0000000000   4.6940508620e+01   1.0253052755e+00   4.6525607416e+01
   1332.0000000000   4.6996460466e+01   1.0386383140e+00   4.6581695977e+01
   1333.0000000000   4.7052011966e+01   1.0515846075e+00   4.6646087558e+01
   1334.0000000000   4.7107195736e+01   1.0641993239e+00   4.6704788176e+01
   1335.0000000000   4.7162038774e+01   1.0765232118e+00   4.6762206116e+01
   1336.0000000000   4.7224970348e+01   1.0885876590e+00   4.6818799693e+01
   1337.0000000000   4.7282678939e+01   1.1004176299e+00   4.6874763740e+01
   1338.0000000000   4.7347702129e+01   1.1120334881e+00   4.6930208021e+01
   1339.0000000000   4.7407114476e+01   1.1234521868e+00   4.6994084874e+01
   1340.0000000000   4.7465194576e+01   1.1346880792e+00   4.7052361615e+01
   1341.0000000000   4.7522422424e+01   1.1457534895e+00   4.7109422773e+01
   1342.0000000000   4.7579005872e+01   1.1566591266e+00   4.7165711088e+01
   1343.0000000000   4.7643468474e+01   1.1762953609e+00   4.7221410664e+01
   1344.0000000000   4.7702554745e+01   1.1905871983e+00   4.7276623575e+01
   1345.0000000000   4.7768838430e+01   1.2038885071e+00   4.7331415506e+01
   1346.0000000000   4.7829418812e+01   1.2166188276e+00   4.7385832776e+01
   1347.0000000000   4.7888592138e+01   1.2289441169e+00   4.7439910126e+01
   1348.0000000000   4.7946851434e+01   1.2409518808e+00   4.7493674780e+01
   1349.0000000000   4.8004414442e+01   1.2526958550e+00   4.7547148788e+01
   1350.0000000000   4.8069812392e+01   1.2642123849e+00   4.7600350463e+01
   1351.0000000000   4.8129795876e+01   1.2755277581e+00   4.7653295324e+01
   1352.0000000000   4.8188537000e+01   1.2866619465e+00   4.7705996737e+01
   1353.0000000000   4.8246469988e+01   1.2976307032e+00   4.7758466368e+01
   1354.0000000000   4.8303780147e+01   1.3084468237e+00   4.7819595483e+01
   1355.0000000000   4.8360572451e+01   1.3191209492e+00   4.7884190907e+01
   1356.0000000000   4.8416915593e+01   1.3296620994e+00   4.7942523999e+01
   1357.0000000000   4.8481265150e+01   1.3400780423e+00   4.8008242485e+01
   1358.0000000000   4.8548733822e+01   1.3592565258e+00   4.8067842615e+01
   1359.0000000000   4.8610134181e+01   1.3820011806e+00   4.8125918976e+01
   1360.0000000000   4.8669995102e+01   1.3985804523e+00   4.8183020886e+01
   1361.0000000000   4.8728878621e+01   1.4226393952e+00   4.8239394013e+01
   1362.0000000000   4.8787030604e+01   1.4406717999e+00   4.8304060038e+01
   1363.0000000000   4.8844589344e+01   1.4572699811e+00   4.8363027029e+01
   1364.0000000000   4.8901643700e+01   1.4818621170e+00   4.8420705603e+01
   1365.0000000000   4.8958255802e+01   1.5006085930e+00   4.8477556197e+01
   1366.0000000000   4.9014471701e+01   1.5179947254e+00   4.8533775436e+01
   1367.0000000000   4.9070327031e+01   1.5345230481e+00   4.8598355514e+01
   1368.0000000000   4.9125850283e+01   1.5592970182e+00   4.8666166621e+01
   1369.0000000000   4.9181064830e+01   1.5783613918e+00   4.8736404410e+01
   1370.0000000000   4.9244396777e+01   1.5961466030e+00   4.8799783680e+01
   1371.0000000000   4.9302531848e+01   1.6131251133e+00   4.8861254099e+01
   1372.0000000000   4.9359598697e+01   1.6295014310e+00   4.8921495089e+01
   1373.0000000000   4.9416000734e+01   1.6453922326e+00   4.8980817701e+01
   1374.0000000000   4.9471900472e+01   1.6697549461e+00   4.9039401635e+01
   1375.0000000000   4.9527385474e+01   1.6885607068e+00   4.9097364167e+01
   1376.0000000000   4.9582510776e+01   1.7061969452e+00   4.9154787966e+01
   1377.0000000000   4.9645721019e+01   1.7231086244e+00   4.9220615485e+01
   1378.0000000000   4.9703713459e+01   1.7394815539e+00   4.9280810973e+01
   1379.0000000000   4.9760624243e+01   1.7554191160e+00   4.9348639779e+01
   1380.0000000000   4.9816861817e+01   1.7709879903e+00   4.9410462449e+01
   1381.0000000000   4.9872592163e+01   1.7862352443e+00   4.9479692144e+01
   1382.0000000000   4.9936311806e+01   1.8011961671e+00   4.9542762303e+01
   1383.0000000000   4.9994746561e+01   1.8158983746e+00   4.9613127765e+01
   1384.0000000000   5.0060456556e+01   1.8303641764e+00   4.9677248153e+01
   1385.0000000000   5.0120530752e+01   1.8446120411e+00   4.9748595890e+01
   1386.0000000000   5.0179257326e+01   1.8586575557e+00   4.9813643012e+01
   1387.0000000000   5.0237122829e+01   1.8725140830e+00   4.9876990082e+01
   1388.0000000000   5.0294339700e+01   1.8861932272e+00   4.9939199355e+01
   1389.0000000000   5.0351028223e+01   1.8997051756e+00   5.0000530315e+01
   1390.0000000000   5.0407266203e+01   1.9130589540e+00   5.0070017581e+01
   1391.0000000000   5.0471514831e+01   1.9262626231e+00   5.0142561808e+01
   1392.0000000000   5.0538890324e+01   1.9393234317e+00   5.0208500572e+01
   1393.0000000000   5.0600207470e+01   1.9522479382e+00   5.0272649810e+01
   1394.0000000000   5.0668403045e+01   1.9828040470e+00   5.0335627004e+01
   1395.0000000000   5.0730708949e+01   2.0028305695e+00   5.0397710369e+01
   1396.0000000000   5.0791485739e+01   2.0210253842e+00   5.0459060743e+01
   1397.0000000000   5.0851262705e+01   2.0382188262e+00   5.0519784019e+01
   1398.0000000000   5.0918686634e+01   2.0547349985e+00   5.0579955779e+01
   1399.0000000000   5.0988972762e+01   2.0707418921e+00   5.0639633036e+01
   1400.0000000000   5.1052996365e+01   2.0952216030e+00   5.0698860544e+01
   1401.0000000000   5.1123734462e+01   2.1141577381e+00   5.0757674509e+01
   1402.0000000000   5.1196853896e+01   2.1408250197e+00   5.0824985889e+01
   1403.0000000000   5.1263405238e+01   2.1615881134e+00   5.0886736674e+01
   1404.0000000000   5.1336454555e+01   2.1809804483e+00   5.0956175963e+01
   1405.0000000000   5.1411721043e+01   2.1995184029e+00   5.1028533099e+01
   1406.0000000000   5.1480289105e+01   2.2174281116e+00   5.1094247645e+01
   1407.0000000000   5.1546841644e+01   2.2348378580e+00   5.1158175557e+01
   1408.0000000000   5.1628852294e+01   2.2607116441e+00   5.1220951409e+01
   1409.0000000000   5.1708379570e+01   2.2810244489e+00   5.1291741606e+01
   1410.0000000000   5.1780508788e+01   2.3090469519e+00   5.1356626254e+01
   1411.0000000000   5.1850262110e+01   2.3311421415e+00   5.1420057989e+01
   1412.0000000000   5.1926830935e+01   2.3518430360e+00   5.1482524436e+01
   1413.0000000000   5.1997260306e+01   2.3716662911e+00   5.1544241162e+01
   1414.0000000000   5.2074295462e+01   2.3908386891e+00   5.1605333340e+01
   1415.0000000000   5.2145146650e+01   2.4094893517e+00   5.1674765204e+01
   1416.0000000000   5.2231000866e+01   2.4277022352e+00   5.1738513525e+01
   1417.0000000000   5.2305746650e+01   2.4455365883e+00   5.1809851497e+01
   1418.0000000000   5.2377874372e+01   2.4719175931e+00   5.1875144931e+01
   1419.0000000000   5.2456731847e+01   2.4927962855e+00   5.1938929755e+01
   1420.0000000000   5.2529400781e+01   2.5125466332e+00   5.2001725516e+01
   1421.0000000000   5.2600231989e+01   2.5316040972e+00   5.2072642772e+01
   1422.0000000000   5.2669771614e+01   2.5501475120e+00   5.2137730025e+01
   1423.0000000000   5.2738281794e+01   2.5682749803e+00   5.2210301214e+01
   1424.0000000000   5.2805923641e+01   2.6038110268e+00   5.2285628549e+01
   1425.0000000000   5.2872808736e+01   2.6286328400e+00   5.2363062575e+01
   1426.0000000000   5.2939020018e+01   2.6514659796e+00   5.2433397852e+01
   1427.0000000000   5.3004622089e+01   2.6731616638e+00   5.2510512912e+01
   1428.0000000000   5.3069666980e+01   2.6940602920e+00   5.2589916535e+01
   1429.0000000000   5.3134197664e+01   2.7143429112e+00   5.2662205348e+01
   1430.0000000000   5.3198250335e+01   2.7341213318e+00   5.2732335067e+01
   1431.0000000000   5.3270262485e+01   2.7534713751e+00   5.2801008682e+01
   1432.0000000000   5.3336930003e+01   2.7724478690e+00   5.2868561106e+01
   1433.0000000000   5.3402390646e+01   2.7910923601e+00   5.2935192976e+01
   1434.0000000000   5.3467056021e+01   2.8094374701e+00   5.3001039345e+01
   1435.0000000000   5.3531096044e+01   2.8275095358e+00   5.3066197892e+01
   1436.0000000000   5.3594604997e+01   2.8453303010e+00   5.3130742832e+01
   1437.0000000000   5.3666050558e+01   2.8629180484e+00   5.3194732616e+01
   1438.0000000000   5.3732145476e+01   2.8802883871e+00   5.3267095532e+01
   1439.0000000000   5.3797037320e+01   2.9063357846e+00   5.3333787412e+01
   1440.0000000000   5.3861143513e+01   2.9269887224e+00   5.3399187663e+01
   1441.0000000000   5.3924637411e+01   2.9466040539e+00   5.3463737325e+01
   1442.0000000000   5.3987615268e+01   2.9656039111e+00   5.3527620698e+01
   1443.0000000000   5.4058545810e+01   2.9841565230e+00   5.3590941119e+01
   1444.0000000000   5.4132548762e+01   3.0023514037e+00   5.3653766126e+01
   1445.0000000000   5.4200440807e+01   3.0202440780e+00   5.3725025171e+01
   1446.0000000000   5.4266753423e+01   3.0378724955e+00   5.3799552953e+01
   1447.0000000000   5.4332050431e+01   3.0552643914e+00   5.3867642159e+01
   1448.0000000000   5.4396579016e+01   3.0724410506e+00   5.3934076468e+01
   1449.0000000000   5.4460478509e+01   3.0894194237e+00   5.3999449242e+01
   1450.0000000000   5.4523838650e+01   3.1062134033e+00   5.4064020129e+01
   1451.0000000000   5.4586722339e+01   3.1317156084e+00   5.4127935334e+01
   1452.0000000000   5.4649176334e+01   3.1518526700e+00   5.4191288998e+01
   1453.0000000000   5.4711236930e+01   3.1709796554e+00   5.4254147126e+01
   1454.0000000000   5.4772933248e+01   3.1983979763e+00   5.4316558813e+01
   1455.0000000000   5.4842695797e+01   3.2201909608e+00   5.4378562205e+01
   1456.0000000000   5.4907213789e+01   3.2496740603e+00   5.4440187933e+01
   1457.0000000000   5.4970618719e+01   3.2732309805e+00   5.4501461246e+01
   1458.0000000000   5.5033316367e+01   3.2954047697e+00   5.4562403394e+01
   1459.0000000000   5.5095471263e+01   3.3167168803e+00   5.4623032570e+01
   1460.0000000000   5.5157172717e+01   3.3373961660e+00   5.4683364573e+01
   1461.0000000000   5.5218477301e+01   3.3575723486e+00   5.4752294256e+01
   1462.0000000000   5.5287831023e+01   3.3773291772e+00   5.4824631591e+01
   1463.0000000000   5.5351932370e+01   3.3967252539e+00   5.4899531700e+01
   1464.0000000000   5.5414918607e+01   3.4158039151e+00   5.4967680516e+01
   1465.0000000000   5.5477199205e+01   3.4345985340e+00   5.5034006300e+01
   1466.0000000000   5.5538941088e+01   3.4531356230e+00   5.5099172107e+01
   1467.0000000000   5.5600235133e+01   3.4714367699e+00   5.5163476180e+01
   1468.0000000000   5.5661138927e+01   3.4895199090e+00   5.5227087998e+01
   1469.0000000000   5.5721692598e+01   3.5074001899e+00   5.5290116559e+01
   1470.0000000000   5.5781925979e+01   3.5339715599e+00   5.5352637738e+01
   1471.0000000000   5.5841862311e+01   3.5551619502e+00   5.5423588350e+01
   1472.0000000000   5.5901520351e+01   3.5753276544e+00   5.5488927923e+01
   1473.0000000000   5.5960915655e+01   3.6037712163e+00   5.5553036855e+01
   1474.0000000000   5.6028467931e+01   3.6265769980e+00   5.5616355622e+01
   1475.0000000000   5.6090857595e+01   3.6481804192e+00   5.5679067084e+01
   1476.0000000000   5.6152208832e+01   3.6690493539e+00   5.5741272650e+01
   1477.0000000000   5.6212921258e+01   3.6893811786e+00   5.5803037678e+01
   1478.0000000000   5.6273154129e+01   3.7181661436e+00   5.5864408373e+01
   1479.0000000000   5.6341398716e+01   3.7413904856e+00   5.5925419484e+01
   1480.0000000000   5.6404376647e+01   3.7634489085e+00   5.5986098328e+01
   1481.0000000000   5.6466238125e+01   3.7847898086e+00   5.6055348065e+01
   1482.0000000000   5.6527400271e+01   3.8056004211e+00   5.6119103862e+01
   1483.0000000000   5.6588034690e+01   3.8259844652e+00   5.6181727867e+01
   1484.0000000000   5.6656641691e+01   3.8460083593e+00   5.6243646513e+01
   1485.0000000000   5.6719949712e+01   3.8657185849e+00   5.6305031595e+01
   1486.0000000000   5.6790520735e+01   3.8851496777e+00   5.6365975643e+01
   1487.0000000000   5.6855445062e+01   3.9043284251e+00   5.6426536767e+01
   1488.0000000000   5.6919011848e+01   3.9232762876e+00   5.6495636143e+01
   1489.0000000000   5.6981708369e+01   3.9420108957e+00   5.6559220170e+01
   1490.0000000000   5.7043747604e+01   3.9605470285e+00   5.6621658342e+01
   1491.0000000000   5.7105250244e+01   3.9788972802e+00   5.6683382063e+01
   1492.0000000000   5.7174700927e+01   3.9970725314e+00   5.6762328530e+01
   1493.0000000000   5.7238823595e+01   4.0150822921e+00   5.6830426090e+01
   1494.0000000000   5.7301773313e+01   4.0329349568e+00   5.6896427506e+01
   1495.0000000000   5.7372379051e+01   4.0506379999e+00   5.6961200005e+01
   1496.0000000000   5.7437486536e+01   4.0681981260e+00   5.7025094105e+01
   1497.0000000000   5.7509714926e+01   4.0856213900e+00   5.7088297607e+01
   1498.0000000000   5.7576187556e+01   4.1029132913e+00   5.7159807996e+01
   1499.0000000000   5.7641214870e+01   4.1200788519e+00   5.7225621173e+01
   1500.0000000000   5.7705298934e+01   4.1460036482e+00   5.7290140938e+01
   1501.0000000000   5.7768663575e+01   4.1754895737e+00   5.7362704611e+01
   1502.0000000000   5.7831437777e+01   4.2076846394e+00   5.7429422940e+01
   1503.0000000000   5.7893706194e+01   4.2332684657e+00   5.7494751946e+01
   1504.0000000000   5.7955529009e+01   4.2571636612e+00   5.7559175971e+01
   1505.0000000000   5.8025357934e+01   4.2889091591e+00   5.7622905812e+01
   1506.0000000000   5.8089897307e+01   4.3147152613e+00   5.7686061879e+01
   1507.0000000000   5.8153289781e+01   4.3390936719e+00   5.7748723085e+01
   1508.0000000000   5.8215949585e+01   4.3625623888e+00   5.7810945666e+01
   1509.0000000000   5.8286454303e+01   4.3853536515e+00   5.7872772020e+01
   1510.0000000000   5.8359973945e+01   4.4076020359e+00   5.7934235431e+01
   1511.0000000000   5.8427352453e+01   4.4293960652e+00   5.7995362835e+01
   1512.0000000000   5.8493137641e+01   4.4596795744e+00   5.8056176558e+01
   1513.0000000000   5.8557903800e+01   4.4844162605e+00   5.8116695458e+01
   1514.0000000000   5.8621905151e+01   4.5079890726e+00   5.8176935716e+01
   1515.0000000000   5.8685285910e+01   4.5308400543e+00   5.8236911394e+01
   1516.0000000000   5.8748139281e+01   4.5531529855e+00   5.8296634854e+01
   1517.0000000000   5.8810530657e+01   4.5750297592e+00   5.8364998028e+01
   1518.0000000000   5.8872508600e+01   4.5965359124e+00   5.8427927404e+01
   1519.0000000000   5.8934110711e+01   4.6177176038e+00   5.8489778255e+01
   1520.0000000000   5.9003773569e+01   4.6386093788e+00   5.8550971453e+01
   1521.0000000000   5.9068190854e+01   4.6592382303e+00   5.8611674219e+01
   1522.0000000000   5.9131497412e+01   4.6885069058e+00   5.8671975263e+01
   1523.0000000000   5.9194101577e+01   4.7123500935e+00   5.8731929467e+01
   1524.0000000000   5.9256169844e+01   4.7351294151e+00   5.8791574270e+01
   1525.0000000000   5.9317793044e+01   4.7572707395e+00   5.8850937006e+01
   1526.0000000000   5.9379028936e+01   4.7789452744e+00   5.8910038646e+01
   1527.0000000000   5.9448324449e+01   4.8002449418e+00   5.8968895905e+01
   1528.0000000000   5.9512378782e+01   4.8212272367e+00   5.9027522498e+01
   1529.0000000000   5.9575329753e+01   4.8419317377e+00   5.9085929952e+01
   1530.0000000000   5.9637587248e+01   4.8623875391e+00   5.9144128141e+01
   1531.0000000000   5.9699318505e+01   4.8826170690e+00   5.9202125654e+01
   1532.0000000000   5.9769021147e+01   4.9026382460e+00   5.9259930064e+01
   1533.0000000000   5.9833421962e+01   4.9224657877e+00   5.9317548120e+01
   1534.0000000000   5.9896675409e+01   4.9421120509e+00   5.9374985894e+01
   1535.0000000000   5.9959202171e+01   4.9615875963e+00   5.9441129862e+01
   1536.0000000000   6.0029583396e+01   4.9897825511e+00   5.9510782701e+01
   1537.0000000000   6.0094584493e+01   5.0215026032e+00   5.9574212147e+01
   1538.0000000000   6.0158381319e+01   5.0470179978e+00   5.9636181766e+01
   1539.0000000000   6.0221407834e+01   5.0710944112e+00   5.9697268296e+01
   1540.0000000000   6.0283847558e+01   5.0943103735e+00   5.9757717363e+01
   1541.0000000000   6.0345803157e+01   5.1169130378e+00   5.9817663156e+01
   1542.0000000000   6.0407340908e+01   5.1479188743e+00   5.9877189380e+01
   1543.0000000000   6.0468507517e+01   5.1733293987e+00   5.9945233849e+01
   1544.0000000000   6.0529337913e+01   5.1975488703e+00   6.0007754225e+01
   1545.0000000000   6.0589859354e+01   5.2210319824e+00   6.0069127842e+01
   1546.0000000000   6.0650093808e+01   5.2617322290e+00   6.0129791682e+01
   1547.0000000000   6.0710059431e+01   5.2915897479e+00   6.0198805990e+01
   1548.0000000000   6.0769771531e+01   5.3282470233e+00   6.0271066328e+01
   1549.0000000000   6.0829243227e+01   5.3584945883e+00   6.0336897838e+01
   1550.0000000000   6.0888485921e+01   5.3870344987e+00   6.0401102879e+01
   1551.0000000000   6.0947509635e+01   5.4144713908e+00   6.0473167007e+01
   1552.0000000000   6.1006323263e+01   5.4410848277e+00   6.0539273404e+01
   1553.0000000000   6.1064934772e+01   5.4759194972e+00   6.0612799842e+01
   1554.0000000000   6.1123351345e+01   5.5050001394e+00   6.0680172422e+01
   1555.0000000000   6.1181579506e+01   5.5327500063e+00   6.0745964774e+01
   1556.0000000000   6.1239625211e+01   5.5685203936e+00   6.0810721361e+01
   1557.0000000000   6.1305900453e+01   5.5984325332e+00   6.0874688924e+01
   1558.0000000000   6.1367079319e+01   5.6269505609e+00   6.0938011438e+01
   1559.0000000000   6.1427280717e+01   5.6545652482e+00   6.1000784253e+01
   1560.0000000000   6.1486899793e+01   5.6814925861e+00   6.1063075567e+01
   1561.0000000000   6.1554498495e+01   5.7078572339e+00   6.1124936775e+01
   1562.0000000000   6.1616827289e+01   5.7337416300e+00   6.1186408099e+01
   1563.0000000000   6.1686456613e+01   5.7592049592e+00   6.1256402902e+01
   1564.0000000000   6.1750479709e+01   5.7842921064e+00   6.1320864550e+01
   1565.0000000000   6.1813186216e+01   5.8090384677e+00   6.1384161874e+01
   1566.0000000000   6.1883469276e+01   5.8334727848e+00   6.1446726812e+01
   1567.0000000000   6.1948209722e+01   5.8576189307e+00   6.1508735741e+01
   1568.0000000000   6.2011641070e+01   5.8903780655e+00   6.1570285036e+01
   1569.0000000000   6.2074230748e+01   5.9265651688e+00   6.1631436063e+01
   1570.0000000000   6.2136183551e+01   5.9564584160e+00   6.1692231792e+01
   1571.0000000000   6.2197616506e+01   5.9848303279e+00   6.1752704316e+01
   1572.0000000000   6.2258606012e+01   6.0122653985e+00   6.1812878726e+01
   1573.0000000000   6.2319206138e+01   6.0390160211e+00   6.1872775326e+01
   1574.0000000000   6.2379457305e+01   6.0652223341e+00   6.1932410983e+01
   1575.0000000000   6.2447797472e+01   6.0909733049e+00   6.1991799994e+01
   1576.0000000000   6.2510920875e+01   6.1163304570e+00   6.2050954689e+01
   1577.0000000000   6.2572962425e+01   6.1413389549e+00   6.2109885838e+01
   1578.0000000000   6.2634330222e+01   6.1660334501e+00   6.2168602961e+01
   1579.0000000000   6.2695190343e+01   6.1904414444e+00   6.2227114552e+01
   1580.0000000000   6.2764039611e+01   6.2145853562e+00   6.2285428249e+01
   1581.0000000000   6.2827604227e+01   6.2384838587e+00   6.2343550972e+01
   1582.0000000000   6.2890038191e+01   6.2621527836e+00   6.2410369996e+01
   1583.0000000000   6.2951761806e+01   6.2856057531e+00   6.2471807778e+01
   1584.0000000000   6.3012949358e+01   6.3088546350e+00   6.2532216075e+01
   1585.0000000000   6.3082103431e+01   6.3319098797e+00   6.2592012665e+01
   1586.0000000000   6.3145954398e+01   6.3547807736e+00   6.2651362033e+01
   1587.0000000000   6.3208659376e+01   6.3863566044e+00   6.2710350445e+01
   1588.0000000000   6.3270641044e+01   6.4125615548e+00   6.2769030598e+01
   1589.0000000000   6.3332075544e+01   6.4377488708e+00   6.2827437957e+01
   1590.0000000000   6.3393060408e+01   6.4623376280e+00   6.2894479039e+01
   1591.0000000000   6.3453658154e+01   6.4864934432e+00   6.2956089874e+01
   1592.0000000000   6.3513912635e+01   6.5103035813e+00   6.3016632126e+01
   1593.0000000000   6.3573856532e+01   6.5338216172e+00   6.3076531013e+01
   1594.0000000000   6.3633515291e+01   6.5659647691e+00   6.3135956731e+01
   1595.0000000000   6.3692909384e+01   6.5926759600e+00   6.3203880982e+01
   1596.0000000000   6.3752055704e+01   6.6272025664e+00   6.3266276687e+01
   1597.0000000000   6.3810968477e+01   6.6647708849e+00   6.3327528608e+01
   1598.0000000000   6.3878066409e+01   6.6958168078e+00   6.3396958450e+01
   1599.0000000000   6.3940029118e+01   6.7251923757e+00   6.3460664074e+01
   1600.0000000000   6.4000980127e+01   6.7535282149e+00   6.3531971721e+01
   1601.0000000000   6.4069725000e+01   6.7811058939e+00   6.3597273341e+01
   1602.0000000000   6.4133091520e+01   6.8080851136e+00   6.3661118431e+01
   1603.0000000000   6.4195278196e+01   6.8345685225e+00   6.3724033588e+01
   1604.0000000000   6.4256727969e+01   6.8606275196e+00   6.3786251837e+01
   1605.0000000000   6.4317627753e+01   6.8863145755e+00   6.3856787305e+01
   1606.0000000000   6.4386487613e+01   6.9116698523e+00   6.3921643283e+01
   1607.0000000000   6.4450042548e+01   6.9456060435e+00   6.3994108192e+01
   1608.0000000000   6.4512452607e+01   6.9829464922e+00   6.4060556965e+01
   1609.0000000000   6.4574142362e+01   7.0139755562e+00   6.4143293034e+01
   1610.0000000000   6.4635289185e+01   7.0434703955e+00   6.4214672678e+01
   1611.0000000000   6.4695991398e+01   7.0720190281e+00   6.4283620334e+01
   1612.0000000000   6.4756312021e+01   7.0998765500e+00   6.4351094593e+01
   1613.0000000000   6.4816295204e+01   7.1271851884e+00   6.4417502254e+01
   1614.0000000000   6.4875973795e+01   7.1629165026e+00   6.4483069054e+01
   1615.0000000000   6.4935373309e+01   7.1930499608e+00   6.4547938687e+01
   1616.0000000000   6.5002920745e+01   7.2219781527e+00   6.4612210718e+01
   1617.0000000000   6.5073708524e+01   7.2501493635e+00   6.4675958248e+01
   1618.0000000000   6.5138534081e+01   7.2777516154e+00   6.4739237252e+01
   1619.0000000000   6.5201914544e+01   7.3137707796e+00   6.4802091996e+01
   1620.0000000000   6.5264402554e+01   7.3441912902e+00   6.4864558372e+01
   1621.0000000000   6.5326236283e+01   7.3734074340e+00   6.4926666091e+01
   1622.0000000000   6.5395954120e+01   7.4018679494e+00   6.4988440156e+01
   1623.0000000000   6.5460308511e+01   7.4386417960e+00   6.5049901914e+01
   1624.0000000000   6.5523471124e+01   7.4697503439e+00   6.5111069810e+01
   1625.0000000000   6.5585874722e+01   7.4996075216e+00   6.5180840913e+01
   1626.0000000000   6.5647702713e+01   7.5286737804e+00   6.5254027056e+01
   1627.0000000000   6.5709058030e+01   7.5571446785e+00   6.5320903948e+01
   1628.0000000000   6.5770007308e+01   7.5851300962e+00   6.5386242150e+01
   1629.0000000000   6.5830597604e+01   7.6127012519e+00   6.5450624574e+01
   1630.0000000000   6.5890864144e+01   7.6399085109e+00   6.5514302325e+01
   1631.0000000000   6.5950834421e+01   7.6667896427e+00   6.5577414480e+01
   1632.0000000000   6.6010530580e+01   7.7022551563e+00   6.5640049126e+01
   1633.0000000000   6.6069970892e+01   7.7322455737e+00   6.5702267050e+01
   1634.0000000000   6.6129170736e+01   7.7611270522e+00   6.5764112799e+01
   1635.0000000000   6.6196549789e+01   7.7893290863e+00   6.5825620501e+01
   1636.0000000000   6.6258788492e+01   7.8259068180e+00   6.5886817212e+01
   1637.0000000000   6.6320011073e+01   7.8568713203e+00   6.5947724975e+01
   1638.0000000000   6.6380617175e+01   7.8866286198e+00   6.6008362139e+01
   1639.0000000000   6.6440766062e+01   7.9156329572e+00   6.6068744260e+01
   1640.0000000000   6.6500542463e+01   7.9529558820e+00   6.6128884724e+01
   1641.0000000000   6.6559998914e+01   7.9846198965e+00   6.6197676168e+01
   1642.0000000000   6.6619171306e+01   8.0150393014e+00   6.6261045546e+01
   1643.0000000000   6.6678085855e+01   8.0446745167e+00   6.6323348437e+01
   1644.0000000000   6.6736762670e+01   8.0737208565e+00   6.6385005893e+01
   1645.0000000000   6.6795217759e+01   8.1022878499e+00   6.6446185230e+01
   1646.0000000000   6.6861870762e+01   8.1304463165e+00   6.6506975186e+01
   1647.0000000000   6.6931808245e+01   8.1582462090e+00   6.6567430622e+01
   1648.0000000000   6.6995822883e+01   8.1857248900e+00   6.6627588922e+01
   1649.0000000000   6.7058427865e+01   8.2129115080e+00   6.6687477335e+01
   1650.0000000000   6.7128579055e+01   8.2398295359e+00   6.6747116731e+01
   1651.0000000000   6.7193180862e+01   8.2664983490e+00   6.6806523705e+01
   1652.0000000000   6.7256476975e+01   8.2929342594e+00   6.6865711845e+01
   1653.0000000000   6.7318939515e+01   8.3191512237e+00   6.6924692543e+01
   1654.0000000000   6.7380775461e+01   8.3451613451e+00   6.6983475531e+01
   1655.0000000000   6.7442102803e+01   8.3709752395e+00   6.7050950223e+01
   1656.0000000000   6.7502998276e+01   8.4143642475e+00   6.7113040725e+01
   1657.0000000000   6.7563515961e+01   8.4471701247e+00   6.7174100075e+01
   1658.0000000000   6.7632102645e+01   8.4780932989e+00   6.7234547058e+01
   1659.0000000000   6.7703865089e+01   8.5079663330e+00   6.7303427921e+01
   1660.0000000000   6.7769611487e+01   8.5371152940e+00   6.7366746243e+01
   1661.0000000000   6.7833867260e+01   8.5657099167e+00   6.7428901655e+01
   1662.0000000000   6.7897191590e+01   8.5938528881e+00   6.7499223857e+01
   1663.0000000000   6.7959827905e+01   8.6216125401e+00   6.7563815317e+01
   1664.0000000000   6.8030318877e+01   8.6490374611e+00   6.7627124091e+01
   1665.0000000000   6.8095420499e+01   8.6761639343e+00   6.7689627196e+01
   1666.0000000000   6.8159307403e+01   8.7030200937e+00   6.7760409785e+01
   1667.0000000000   6.8222414860e+01   8.7385093841e+00   6.7825503008e+01
   1668.0000000000   6.8293334944e+01   8.7774478478e+00   6.7889326895e+01
   1669.0000000000   6.8358841470e+01   8.8101139570e+00   6.7952345772e+01
   1670.0000000000   6.8431523431e+01   8.8412800450e+00   6.8014757660e+01
   1671.0000000000   6.8506895651e+01   8.8715301148e+00   6.8076673987e+01
   1672.0000000000   6.8575929230e+01   8.9011158818e+00   6.8138166906e+01
   1673.0000000000   6.8643235417e+01   8.9301766967e+00   6.8199287299e+01
   1674.0000000000   6.8709425603e+01   8.9588006800e+00   6.8260073169e+01
   1675.0000000000   6.8774777967e+01   8.9870484831e+00   6.8320554093e+01
   1676.0000000000   6.8847859797e+01   9.0149643965e+00   6.8380753814e+01
   1677.0000000000   6.8915445330e+01   9.0425822101e+00   6.8440691860e+01
   1678.0000000000   6.8981723208e+01   9.0699285862e+00   6.8500384609e+01
   1679.0000000000   6.9047139757e+01   9.0970251322e+00   6.8568726986e+01
   1680.0000000000   6.9111889452e+01   9.1238897422e+00   6.8631647725e+01
   1681.0000000000   6.9176084403e+01   9.1505375027e+00   6.8693503793e+01
   1682.0000000000   6.9239798975e+01   9.1769813252e+00   6.8763598309e+01
   1683.0000000000   6.9311493333e+01   9.2032324012e+00   6.8836897106e+01
   1684.0000000000   6.9377877415e+01   9.2293005384e+00   6.8903752725e+01
   1685.0000000000   6.9443097878e+01   9.2551944134e+00   6.8968979871e+01
   1686.0000000000   6.9507571981e+01   9.2898027355e+00   6.9033189137e+01
   1687.0000000000   6.9571473176e+01   9.3190491391e+00   6.9096650048e+01
   1688.0000000000   6.9634897851e+01   9.3472863508e+00   6.9159514473e+01
   1689.0000000000   6.9697908288e+01   9.3749329535e+00   6.9230760648e+01
   1690.0000000000   6.9760548638e+01   9.4021540978e+00   6.9296372787e+01
   1691.0000000000   6.9822852197e+01   9.4290366062e+00   6.9360746933e+01
   1692.0000000000   6.9884845210e+01   9.4645146036e+00   6.9424333930e+01
   1693.0000000000   6.9946549043e+01   9.4945406207e+00   6.9487323727e+01
   1694.0000000000   7.0007981533e+01   9.5234869603e+00   6.9549822694e+01
   1695.0000000000   7.0069157861e+01   9.5517860964e+00   6.9611899719e+01
   1696.0000000000   7.0130091151e+01   9.5796133946e+00   6.9673603534e+01
   1697.0000000000   7.0190792902e+01   9.6070634066e+00   6.9734970711e+01
   1698.0000000000   7.0251273289e+01   9.6430762441e+00   6.9796029870e+01
   1699.0000000000   7.0319947931e+01   9.6736091655e+00   6.9856804122e+01
   1700.0000000000   7.0383494057e+01   9.7030382701e+00   6.9917312587e+01
   1701.0000000000   7.0446033324e+01   9.7317991237e+00   6.9986452363e+01
   1702.0000000000   7.0507963302e+01   9.7600696416e+00   7.0050153945e+01
   1703.0000000000   7.0569441561e+01   9.7879465016e+00   7.0112775766e+01
   1704.0000000000   7.0630551444e+01   9.8154906358e+00   7.0183622182e+01
   1705.0000000000   7.0691344342e+01   9.8427441432e+00   7.0257660088e+01
   1706.0000000000   7.0760261727e+01   9.8697379875e+00   7.0334123918e+01
   1707.0000000000   7.0823998072e+01   9.8964959949e+00   7.0403745866e+01
   1708.0000000000   7.0895093594e+01   9.9230371355e+00   7.0471483680e+01
   1709.0000000000   7.0969030127e+01   9.9493769201e+00   7.0546901353e+01
   1710.0000000000   7.1036754985e+01   9.9755283042e+00   7.0616227932e+01
   1711.0000000000   7.1102861456e+01   1.0001502299e+01   7.0683989653e+01
   1712.0000000000   7.1176353433e+01   1.0027308401e+01   7.0759597076e+01
   1713.0000000000   7.1252573422e+01   1.0061835868e+01   7.0829208582e+01
   1714.0000000000   7.1322456262e+01   1.0099889661e+01   7.0897313053e+01
   1715.0000000000   7.1390604529e+01   1.0140620375e+01   7.0964418518e+01
   1716.0000000000   7.1457628338e+01   1.0183590796e+01   7.1039634421e+01
   1717.0000000000   7.1523806700e+01   1.0219642095e+01   7.1109011400e+01
   1718.0000000000   7.1597708230e+01   1.0253780301e+01   7.1176985432e+01
   1719.0000000000   7.1666108475e+01   1.0286713312e+01   7.1244034101e+01
   1720.0000000000   7.1733197209e+01   1.0318767557e+01   7.1310366612e+01
   1721.0000000000   7.1799421696e+01   1.0350131282e+01   7.1376103930e+01
   1722.0000000000   7.1864977158e+01   1.0389807468e+01   7.1441326428e+01
   1723.0000000000   7.1929976299e+01   1.0423797963e+01   7.1506092137e+01
   1724.0000000000   7.1994493950e+01   1.0456511827e+01   7.1570445326e+01
   1725.0000000000   7.2058584111e+01   1.0488409792e+01   7.1634421099e+01
   1726.0000000000   7.2122287956e+01   1.0519689490e+01   7.1706929078e+01
   1727.0000000000   7.2185638115e+01   1.0559344352e+01   7.1773909856e+01
   1728.0000000000   7.2248661205e+01   1.0593364845e+01   7.1839730182e+01
   1729.0000000000   7.2311379425e+01   1.0626150140e+01   7.1904820423e+01
   1730.0000000000   7.2373811618e+01   1.0658152973e+01   7.1969355766e+01
   1731.0000000000   7.2435974009e+01   1.0689564643e+01   7.2033431679e+01
   1732.0000000000   7.2497880743e+01   1.0729373568e+01   7.2097108839e+01
   1733.0000000000   7.2559544273e+01   1.0772447212e+01   7.2160429697e+01
   1734.0000000000   7.2620975660e+01   1.0809098247e+01   7.2223425952e+01
   1735.0000000000   7.2682184804e+01   1.0844123290e+01   7.2295003379e+01
   1736.0000000000   7.2751587151e+01   1.0878124424e+01   7.2361098752e+01
   1737.0000000000   7.2815859831e+01   1.0911367322e+01   7.2426075225e+01
   1738.0000000000   7.2887530975e+01   1.0944002418e+01   7.2490359863e+01
   1739.0000000000   7.2953667177e+01   1.0976126835e+01   7.2554124855e+01
   1740.0000000000   7.3026946776e+01   1.1007808673e+01   7.2617462961e+01
   1741.0000000000   7.3094512982e+01   1.1039098477e+01   7.2680432422e+01
   1742.0000000000   7.3160682826e+01   1.1070035361e+01   7.2743073493e+01
   1743.0000000000   7.3225959723e+01   1.1109531534e+01   7.2805415897e+01
   1744.0000000000   7.3290566633e+01   1.1143529260e+01   7.2867482652e+01
   1745.0000000000   7.3354630726e+01   1.1176396348e+01   7.2938173210e+01
   1746.0000000000   7.3418234489e+01   1.1208563815e+01   7.3003419504e+01
   1747.0000000000   7.3481435858e+01   1.1240207213e+01   7.3076461815e+01
   1748.0000000000   7.3544277824e+01   1.1271422180e+01   7.3143640743e+01
   1749.0000000000   7.3606793601e+01   1.1311150391e+01   7.3209472286e+01
   1750.0000000000   7.3669009657e+01   1.1354231880e+01   7.3274459828e+01
   1751.0000000000   7.3739354141e+01   1.1390961328e+01   7.3338819596e+01
   1752.0000000000   7.3804514121e+01   1.1426122655e+01   7.3402672172e+01
   1753.0000000000   7.3868619112e+01   1.1460308519e+01   7.3466094509e+01
   1754.0000000000   7.3932073049e+01   1.1493777336e+01   7.3529140047e+01
   1755.0000000000   7.4003445259e+01   1.1526673794e+01   7.3600729097e+01
   1756.0000000000   7.4069492465e+01   1.1559090371e+01   7.3666808578e+01
   1757.0000000000   7.4134383936e+01   1.1591091341e+01   7.3731748952e+01
   1758.0000000000   7.4198548494e+01   1.1622724063e+01   7.3795982672e+01
   1759.0000000000   7.4262165563e+01   1.1662905927e+01   7.3859685982e+01
   1760.0000000000   7.4325334479e+01   1.1697582557e+01   7.3922954737e+01
   1761.0000000000   7.4396525286e+01   1.1731124002e+01   7.3985849568e+01
   1762.0000000000   7.4462451422e+01   1.1772843758e+01   7.4048412596e+01
   1763.0000000000   7.4527260082e+01   1.1808835089e+01   7.4110675010e+01
   1764.0000000000   7.4591367632e+01   1.1843540777e+01   7.4172660988e+01
   1765.0000000000   7.4663352464e+01   1.1886315844e+01   7.4234389931e+01
   1766.0000000000   7.4729978115e+01   1.1923279600e+01   7.4295877828e+01
   1767.0000000000   7.4795419100e+01   1.1958892284e+01   7.4357138137e+01
   1768.0000000000   7.4860108366e+01   1.1993640239e+01   7.4418182383e+01
   1769.0000000000   7.4924228637e+01   1.2027735093e+01   7.4487901547e+01
   1770.0000000000   7.4987881931e+01   1.2061297438e+01   7.4552221111e+01
   1771.0000000000   7.5051133975e+01   1.2094406018e+01   7.4615495325e+01
   1772.0000000000   7.5122437526e+01   1.2127116703e+01   7.4678144052e+01
   1773.0000000000   7.5196902662e+01   1.2159471422e+01   7.4740333530e+01
   1774.0000000000   7.5265339543e+01   1.2191502942e+01   7.4802151515e+01
   1775.0000000000   7.5332274832e+01   1.2232118636e+01   7.4863651976e+01
   1776.0000000000   7.5398268540e+01   1.2267256974e+01   7.4924871477e+01
   1777.0000000000   7.5463564681e+01   1.2301282728e+01   7.4985836517e+01
   1778.0000000000   7.5528299841e+01   1.2343505401e+01   7.5055448241e+01
   1779.0000000000   7.5600967843e+01   1.2380015166e+01   7.5119639284e+01
   1780.0000000000   7.5668298417e+01   1.2415252369e+01   7.5191650046e+01
   1781.0000000000   7.5734450517e+01   1.2449689111e+01   7.5257820908e+01
   1782.0000000000   7.5799849346e+01   1.2483526435e+01   7.5322667441e+01
   1783.0000000000   7.5864673619e+01   1.2516876835e+01   7.5386692489e+01
   1784.0000000000   7.5937429802e+01   1.2549812708e+01   7.5450111668e+01
   1785.0000000000   7.6004851635e+01   1.2582384848e+01   7.5521925888e+01
   1786.0000000000   7.6071099152e+01   1.2614631058e+01   7.5588128131e+01
   1787.0000000000   7.6136597567e+01   1.2646580697e+01   7.5661998587e+01
   1788.0000000000   7.6201525234e+01   1.2678257322e+01   7.5729905502e+01
   1789.0000000000   7.6265981623e+01   1.2718561286e+01   7.5796384843e+01
   1790.0000000000   7.6338437490e+01   1.2753425551e+01   7.5861954910e+01
   1791.0000000000   7.6405607245e+01   1.2787210460e+01   7.5926843352e+01
   1792.0000000000   7.6480045685e+01   1.2820340916e+01   7.5991179693e+01
   1793.0000000000   7.6548839313e+01   1.2852987392e+01   7.6063928977e+01
   1794.0000000000   7.6616275300e+01   1.2885241244e+01   7.6131067075e+01
   1795.0000000000   7.6682839958e+01   1.2917159533e+01   7.6196984477e+01
   1796.0000000000   7.6765558948e+01   1.2948781508e+01   7.6262128180e+01
   1797.0000000000   7.6837891029e+01   1.2980136011e+01   7.6326685382e+01
   1798.0000000000   7.6908142981e+01   1.3011245288e+01   7.6390760435e+01
   1799.0000000000   7.6977151616e+01   1.3042127125e+01   7.6454420711e+01
   1800.0000000000   7.7045260883e+01   1.3072796151e+01   7.6517713782e+01
   1801.0000000000   7.7112658094e+01   1.3103264673e+01   7.6580675314e+01
   1802.0000000000   7.7179461209e+01   1.3133543228e+01   7.6643333212e+01
   1803.0000000000   7.7254158015e+01   1.3163640976e+01   7.6705710015e+01
   1804.0000000000   7.7331883595e+01   1.3193565980e+01   7.6767824377e+01
   1805.0000000000   7.7403466785e+01   1.3223325410e+01   7.6829692043e+01
   1806.0000000000   7.7481855213e+01   1.3252925700e+01   7.6900207482e+01
   1807.0000000000   7.7554289404e+01   1.3282372668e+01   7.6965299103e+01
   1808.0000000000   7.7633543451e+01   1.3311671610e+01   7.7029323644e+01
   1809.0000000000   7.7706821492e+01   1.3340827375e+01   7.7092703102e+01
   1810.0000000000   7.7803702478e+01   1.3369844428e+01   7.7155605562e+01
   1811.0000000000   7.7884728165e+01   1.3398726896e+01   7.7227001364e+01
   1812.0000000000   7.7962488204e+01   1.3427478609e+01   7.7301743540e+01
   1813.0000000000   7.8046707718e+01   1.3464984109e+01   7.7379013993e+01
   1814.0000000000   7.8124607799e+01   1.3497163413e+01   7.7449516306e+01
   1815.0000000000   7.8200606306e+01   1.3528366087e+01   7.7518190864e+01
   1816.0000000000   7.8275286134e+01   1.3559007937e+01   7.7585709305e+01
   1817.0000000000   7.8348931171e+01   1.3589251656e+01   7.7652376076e+01
   1818.0000000000   7.8421716020e+01   1.3619181882e+01   7.7718365221e+01
   1819.0000000000   7.8493760870e+01   1.3648849819e+01   7.7792670094e+01
   1820.0000000000   7.8565154217e+01   1.3687170536e+01   7.7861285782e+01
   1821.0000000000   7.8635964257e+01   1.3720085003e+01   7.7937497431e+01
   1822.0000000000   7.8706245296e+01   1.3760838812e+01   7.8007678844e+01
   1823.0000000000   7.8776041688e+01   1.3795775654e+01   7.8085252349e+01
   1824.0000000000   7.8845390388e+01   1.3838294211e+01   7.8156657878e+01
   1825.0000000000   7.8914322688e+01   1.3874815384e+01   7.8226473981e+01
   1826.0000000000   7.8991271972e+01   1.3909902097e+01   7.8304128001e+01
   1827.0000000000   7.9071337133e+01   1.3944087680e+01   7.8375784163e+01
   1828.0000000000   7.9145321901e+01   1.3986489609e+01   7.8454814250e+01
   1829.0000000000   7.9217749400e+01   1.4023159486e+01   7.8527643412e+01
   1830.0000000000   7.9289177922e+01   1.4067412145e+01   7.8598846424e+01
   1831.0000000000   7.9359850923e+01   1.4105638404e+01   7.8677850747e+01
   1832.0000000000   7.9429905192e+01   1.4142389947e+01   7.8750822152e+01
   1833.0000000000   7.9499428720e+01   1.4178196535e+01   7.8822253475e+01
   1834.0000000000   7.9568483204e+01   1.4213294480e+01   7.8892655287e+01
   1835.0000000000   7.9637114575e+01   1.4256700998e+01   7.8962257956e+01
   1836.0000000000   7.9705358566e+01   1.4294422178e+01   7.9040077974e+01
   1837.0000000000   7.9773243923e+01   1.4330867959e+01   7.9112122929e+01
   1838.0000000000   7.9840794383e+01   1.4375379755e+01   7.9182805222e+01
   1839.0000000000   7.9908029962e+01   1.4414071232e+01   7.9261469113e+01
   1840.0000000000   7.9974967828e+01   1.4451400581e+01   7.9343112183e+01
   1841.0000000000   8.0041622914e+01   1.4487853799e+01   7.9418112209e+01
   1842.0000000000   8.0116414892e+01   1.4523642976e+01   7.9491304428e+01
   1843.0000000000   8.0202837543e+01   1.4558889532e+01   7.9563316458e+01
   1844.0000000000   8.0278353674e+01   1.4611435115e+01   7.9634432154e+01
   1845.0000000000   8.0351592030e+01   1.4653169948e+01   7.9713696582e+01
   1846.0000000000   8.0423494199e+01   1.4692829788e+01   7.9787134230e+01
   1847.0000000000   8.0494448429e+01   1.4731274020e+01   7.9859168253e+01
   1848.0000000000   8.0564663333e+01   1.4768849700e+01   7.9930269184e+01
   1849.0000000000   8.0634267867e+01   1.4805743396e+01   8.0000642056e+01
   1850.0000000000   8.0703349177e+01   1.4842071552e+01   8.0070405266e+01
   1851.0000000000   8.0771969950e+01   1.4877913927e+01   8.0139637580e+01
   1852.0000000000   8.0840177413e+01   1.4913328729e+01   8.0208396030e+01
   1853.0000000000   8.0908008438e+01   1.4948360433e+01   8.0276724287e+01
   1854.0000000000   8.0975492645e+01   1.4983044216e+01   8.0344657136e+01
   1855.0000000000   8.1042654384e+01   1.5017408666e+01   8.0412223101e+01
   1856.0000000000   8.1126327107e+01   1.5051477514e+01   8.0479446105e+01
   1857.0000000000   8.1199866279e+01   1.5094151786e+01   8.0546346568e+01
   1858.0000000000   8.1279921897e+01   1.5131365358e+01   8.0612942175e+01
   1859.0000000000   8.1353957713e+01   1.5167479591e+01   8.0679248423e+01
   1860.0000000000   8.1426402271e+01   1.5202920440e+01   8.0745279029e+01
   1861.0000000000   8.1506218453e+01   1.5246740382e+01   8.0811046241e+01
   1862.0000000000   8.1580328141e+01   1.5284948451e+01   8.0876561072e+01
   1863.0000000000   8.1652991641e+01   1.5321949094e+01   8.0941833492e+01
   1864.0000000000   8.1724695191e+01   1.5367076281e+01   8.1006872576e+01
   1865.0000000000   8.1795657528e+01   1.5406436290e+01   8.1080567597e+01
   1866.0000000000   8.1866006457e+01   1.5444480597e+01   8.1148842865e+01
   1867.0000000000   8.1935826981e+01   1.5481689298e+01   8.1216051857e+01
   1868.0000000000   8.2005180222e+01   1.5518269360e+01   8.1291494926e+01
   1869.0000000000   8.2074112506e+01   1.5554337780e+01   8.1361254729e+01
   1870.0000000000   8.2142660293e+01   1.5598851426e+01   8.1429765367e+01
   1871.0000000000   8.2210853119e+01   1.5637780542e+01   8.1497493701e+01
   1872.0000000000   8.2278715457e+01   1.5684392566e+01   8.1564636342e+01
   1873.0000000000   8.2346267960e+01   1.5725048218e+01   8.1631302002e+01
   1874.0000000000   8.2413528321e+01   1.5764278914e+01   8.1697559834e+01
   1875.0000000000   8.2480511893e+01   1.5802600175e+01   8.1763457828e+01
   1876.0000000000   8.2547232142e+01   1.5840237984e+01   8.1837912321e+01
   1877.0000000000   8.2613700991e+01   1.5877320913e+01   8.1906867229e+01
   1878.0000000000   8.2679929083e+01   1.5913932553e+01   8.1974690682e+01
   1879.0000000000   8.2745925989e+01   1.5950131931e+01   8.2050694258e+01
   1880.0000000000   8.2820106892e+01   1.5985963144e+01   8.2129850359e+01
   1881.0000000000   8.2889148717e+01   1.6021460514e+01   8.2202516743e+01
   1882.0000000000   8.2957172909e+01   1.6056651607e+01   8.2273512332e+01
   1883.0000000000   8.3024576896e+01   1.6091559105e+01   8.2343451189e+01
   1884.0000000000   8.3091518161e+01   1.6126202046e+01   8.2412605734e+01
   1885.0000000000   8.3158079998e+01   1.6160596669e+01   8.2490011257e+01
   1886.0000000000   8.3224313784e+01   1.6194757016e+01   8.2561683797e+01
   1887.0000000000   8.3298660997e+01   1.6228695368e+01   8.2632039143e+01
   1888.0000000000   8.3376222666e+01   1.6262422571e+01   8.2701541349e+01
   1889.0000000000   8.3447801568e+01   1.6295948287e+01   8.2770389715e+01
   1890.0000000000   8.3517918261e+01   1.6329281188e+01   8.2838697532e+01
   1891.0000000000   8.3587127645e+01   1.6362429107e+01   8.2906538991e+01
   1892.0000000000   8.3655669410e+01   1.6404280131e+01   8.2973967009e+01
   1893.0000000000   8.3723676455e+01   1.6440757442e+01   8.3041021537e+01
   1894.0000000000   8.3791232907e+01   1.6485094410e+01   8.3107733983e+01
   1895.0000000000   8.3858396703e+01   1.6523626075e+01   8.3174129797e+01
   1896.0000000000   8.3925210171e+01   1.6560863878e+01   8.3240230093e+01
   1897.0000000000   8.3991705614e+01   1.6597307416e+01   8.3314933684e+01
   1898.0000000000   8.4057908528e+01   1.6633169727e+01   8.3384172568e+01
   1899.0000000000   8.4123839590e+01   1.6668568680e+01   8.3452306496e+01
   1900.0000000000   8.4197922458e+01   1.6703578892e+01   8.3519760031e+01
   1901.0000000000   8.4266840635e+01   1.6738251774e+01   8.3595584442e+01
   1902.0000000000   8.4334720745e+01   1.6772624896e+01   8.3665787707e+01
   1903.0000000000   8.4401964343e+01   1.6824488872e+01   8.3743654311e+01
   1904.0000000000   8.4468732240e+01   1.6865699699e+01   8.3824434084e+01
   1905.0000000000   8.4535110431e+01   1.6904968606e+01   8.3898579014e+01
   1906.0000000000   8.4601152507e+01   1.6943136525e+01   8.3970952791e+01
   1907.0000000000   8.4675301772e+01   1.6980536132e+01   8.4042194852e+01
   1908.0000000000   8.4752660767e+01   1.7017342458e+01   8.4112593663e+01
   1909.0000000000   8.4824033533e+01   1.7053662494e+01   8.4182314483e+01
   1910.0000000000   8.4893941685e+01   1.7089568112e+01   8.4251464536e+01
   1911.0000000000   8.4962941010e+01   1.7142872779e+01   8.4320119066e+01
   1912.0000000000   8.5031271947e+01   1.7194329574e+01   8.4388333823e+01
   1913.0000000000   8.5099068029e+01   1.7238578270e+01   8.4456151804e+01
   1914.0000000000   8.5166413917e+01   1.7280815281e+01   8.4523607213e+01
   1915.0000000000   8.5233368003e+01   1.7321793224e+01   8.4599608904e+01
   1916.0000000000   8.5308379527e+01   1.7370733696e+01   8.4670096750e+01
   1917.0000000000   8.5378150162e+01   1.7413747018e+01   8.4739436802e+01
   1918.0000000000   8.5446819924e+01   1.7455304064e+01   8.4816939710e+01
   1919.0000000000   8.5523207053e+01   1.7495904201e+01   8.4888696672e+01
   1920.0000000000   8.5594149301e+01   1.7535770898e+01   8.4959148945e+01
   1921.0000000000   8.5672259692e+01   1.7575034808e+01   8.5028769440e+01
   1922.0000000000   8.5744656722e+01   1.7613783077e+01   8.5097759927e+01
   1923.0000000000   8.5815646921e+01   1.7652078576e+01   8.5166233550e+01
   1924.0000000000   8.5894135659e+01   1.7689969093e+01   8.5234263290e+01
   1925.0000000000   8.5967013113e+01   1.7727492332e+01   8.5301900470e+01
   1926.0000000000   8.6038520216e+01   1.7782440824e+01   8.5378064340e+01
   1927.0000000000   8.6109130456e+01   1.7826673296e+01   8.5448701376e+01
   1928.0000000000   8.6179053681e+01   1.7868904037e+01   8.5518181969e+01
   1929.0000000000   8.6248411209e+01   1.7918858078e+01   8.5586938732e+01
   1930.0000000000   8.6317283125e+01   1.7962787835e+01   8.5655148204e+01
   1931.0000000000   8.6394133230e+01   1.8014098675e+01   8.5731787589e+01
   1932.0000000000   8.6474080328e+01   1.8059229893e+01   8.5802834621e+01
   1933.0000000000   8.6547941619e+01   1.8102762302e+01   8.5872678307e+01
   1934.0000000000   8.6620249552e+01   1.8145244720e+01   8.5941763150e+01
   1935.0000000000   8.6699975484e+01   1.8186926777e+01   8.6010273703e+01
   1936.0000000000   8.6774036547e+01   1.8227954534e+01   8.6078311827e+01
   1937.0000000000   8.6855093568e+01   1.8268424947e+01   8.6154823635e+01
   1938.0000000000   8.6930296691e+01   1.8308407528e+01   8.6234652397e+01
   1939.0000000000   8.7003974818e+01   1.8347954788e+01   8.6308095207e+01
   1940.0000000000   8.7093456439e+01   1.8387107925e+01   8.6379937815e+01
   1941.0000000000   8.7172313547e+01   1.8425900214e+01   8.6450774291e+01
   1942.0000000000   8.7248911430e+01   1.8464359144e+01   8.6529745122e+01
   1943.0000000000   8.7324122585e+01   1.8502507848e+01   8.6602912551e+01
   1944.0000000000   8.7398315015e+01   1.8540366090e+01   8.6674716192e+01
   1945.0000000000   8.7471693366e+01   1.8577950973e+01   8.6745633751e+01
   1946.0000000000   8.7544388688e+01   1.8615277460e+01   8.6815872972e+01
   1947.0000000000   8.7616492478e+01   1.8652358763e+01   8.6894433651e+01
   1948.0000000000   8.7688072470e+01   1.8689206644e+01   8.6967310460e+01
   1949.0000000000   8.7767587487e+01   1.8725831652e+01   8.7047786441e+01
   1950.0000000000   8.7841748264e+01   1.8762243303e+01   8.7122233088e+01
   1951.0000000000   8.7914703110e+01   1.8798450236e+01   8.7195189686e+01
   1952.0000000000   8.7986871235e+01   1.8834460329e+01   8.7267177744e+01
   1953.0000000000   8.8058428089e+01   1.8870280802e+01   8.7338427952e+01
   1954.0000000000   8.8129471993e+01   1.8923680235e+01   8.7409072675e+01
   1955.0000000000   8.8200067049e+01   1.8966498124e+01   8.7479198622e+01
   1956.0000000000   8.8278665622e+01   1.9016313995e+01   8.7566629368e+01
   1957.0000000000   8.8351971614e+01   1.9068756507e+01   8.7643244580e+01
   1958.0000000000   8.8424126944e+01   1.9114413541e+01   8.7717773356e+01
   1959.0000000000   8.8495545103e+01   1.9158213035e+01   8.7791070630e+01
   1960.0000000000   8.8566396516e+01   1.9200829531e+01   8.7863480366e+01
   1961.0000000000   8.8645181644e+01   1.9242572510e+01   8.7935186907e+01
   1962.0000000000   8.8718629811e+01   1.9292501601e+01   8.8006305068e+01
   1963.0000000000   8.8790897754e+01   1.9336649663e+01   8.8076913396e+01
   1964.0000000000   8.8862408215e+01   1.9379444574e+01   8.8155950152e+01
   1965.0000000000   8.8933337680e+01   1.9421359358e+01   8.8229375799e+01
   1966.0000000000   8.9003784206e+01   1.9462600144e+01   8.8301571425e+01
   1967.0000000000   8.9073810959e+01   1.9503285534e+01   8.8372978084e+01
   1968.0000000000   8.9143462506e+01   1.9543493925e+01   8.8443779132e+01
   1969.0000000000   8.9212772292e+01   1.9583281621e+01   8.8514076427e+01
   1970.0000000000   8.9281766543e+01   1.9622691334e+01   8.8583935736e+01
   1971.0000000000   8.9350466517e+01   1.9661756752e+01   8.8653403631e+01
   1972.0000000000   8.9418889892e+01   1.9700505229e+01   8.8722515199e+01
   1973.0000000000   8.9487051666e+01   1.9738959479e+01   8.8791298060e+01
   1974.0000000000   8.9554964777e+01   1.9777138708e+01   8.8868655650e+01
   1975.0000000000   8.9622640534e+01   1.9815059397e+01   8.8940523381e+01
   1976.0000000000   8.9698495464e+01   1.9852735865e+01   8.9011263620e+01
   1977.0000000000   8.9769207539e+01   1.9890180683e+01   8.9090183964e+01
   1978.0000000000   8.9838899033e+01   1.9936285959e+01   8.9163373060e+01
   1979.0000000000   8.9907968034e+01   1.9976978317e+01   8.9235270023e+01
   1980.0000000000   8.9976572561e+01   2.0016613137e+01   8.9306345958e+01
   1981.0000000000   9.0044796340e+01   2.0055611370e+01   8.9376801099e+01
   1982.0000000000   9.0112691102e+01   2.0094140297e+01   8.9446747282e+01
   1983.0000000000   9.0180292095e+01   2.0132288661e+01   8.9516256366e+01
   1984.0000000000   9.0247625015e+01   2.0170111364e+01   8.9585378708e+01
   1985.0000000000   9.0314709563e+01   2.0216526818e+01   8.9654151752e+01
   1986.0000000000   9.0381561418e+01   2.0257479025e+01   8.9722604571e+01
   1987.0000000000   9.0448193445e+01   2.0297335373e+01   8.9799641455e+01
   1988.0000000000   9.0514616443e+01   2.0336525403e+01   8.9871198286e+01
   1989.0000000000   9.0580839662e+01   2.0375222710e+01   8.9941637635e+01
   1990.0000000000   9.0646871146e+01   2.0413520790e+01   9.0020267127e+01
   1991.0000000000   9.0712717985e+01   2.0451478182e+01   9.0102056286e+01
   1992.0000000000   9.0778386500e+01   2.0489135162e+01   9.0177360738e+01
   1993.0000000000   9.0843882377e+01   2.0544283225e+01   9.0250997802e+01
   1994.0000000000   9.0909210772e+01   2.0588778466e+01   9.0323580320e+01
   1995.0000000000   9.0974376398e+01   2.0631331876e+01   9.0395379770e+01
   1996.0000000000   9.1039383583e+01   2.0672784024e+01   9.0466549745e+01
   1997.0000000000   9.1104236329e+01   2.0713467187e+01   9.0537189034e+01
   1998.0000000000   9.1168938348e+01   2.0753556006e+01   9.0607366542e+01
   1999.0000000000   9.1233493103e+01   2.0793157114e+01   9.0677133109e+01
   2000.0000000000   9.1297903833e+01   2.0832342059e+01   9.0746527836e+01
   2001.0000000000   9.1362173579e+01   2.0880043053e+01   9.0815581778e+01
   2002.0000000000   9.1426305206e+01   2.0922215274e+01   9.0884320229e+01
   2003.0000000000   9.1490301417e+01   2.0963235160e+01   9.0952764222e+01
   2004.0000000000   9.1562571298e+01   2.1003539636e+01   9.1020931548e+01
   2005.0000000000   9.1629786324e+01   2.1043308376e+01   9.1088837476e+01
   2006.0000000000   9.1696063041e+01   2.1082639930e+01   9.1156495269e+01
   2007.0000000000   9.1778607506e+01   2.1121597077e+01   9.1223916573e+01
   2008.0000000000   9.1850911283e+01   2.1169104652e+01   9.1291111705e+01
   2009.0000000000   9.1921282489e+01   2.1211111956e+01   9.1358089884e+01
   2010.0000000000   9.1990550774e+01   2.1251990790e+01   9.1424859401e+01
   2011.0000000000   9.2059050775e+01   2.1301055382e+01   9.1491427762e+01
   2012.0000000000   9.2126960399e+01   2.1344399158e+01   9.1557801805e+01
   2013.0000000000   9.2194388778e+01   2.1395345713e+01   9.1623987783e+01
   2014.0000000000   9.2269815641e+01   2.1440285448e+01   9.1689991449e+01
   2015.0000000000   9.2339962261e+01   2.1483766999e+01   9.1755818110e+01
   2016.0000000000   9.2408981876e+01   2.1526316551e+01   9.1821472688e+01
   2017.0000000000   9.2485701971e+01   2.1568167009e+01   9.1886959758e+01
   2018.0000000000   9.2556966942e+01   2.1609451598e+01   9.1952283589e+01
   2019.0000000000   9.2643801214e+01   2.1650257129e+01   9.2017448174e+01
   2020.0000000000   9.2719995965e+01   2.1699525861e+01   9.2082457261e+01
   2021.0000000000   9.2793974710e+01   2.1743220197e+01   9.2147314373e+01
   2022.0000000000   9.2866629193e+01   2.1785722072e+01   9.2212022834e+01
   2023.0000000000   9.2938333524e+01   2.1827472765e+01   9.2294347720e+01
   2024.0000000000   9.3009293267e+01   2.1868655501e+01   9.2383887300e+01
   2025.0000000000   9.3088044704e+01   2.1909371790e+01   9.2461170622e+01
   2026.0000000000   9.3161346132e+01   2.1949686918e+01   9.2535718959e+01
   2027.0000000000   9.3250189956e+01   2.1989646904e+01   9.2608680417e+01
   2028.0000000000   9.3328354657e+01   2.2029286238e+01   9.2680541292e+01
   2029.0000000000   9.3404259102e+01   2.2068631926e+01   9.2751565376e+01
   2030.0000000000   9.3478794033e+01   2.2107705813e+01   9.2830796785e+01
   2031.0000000000   9.3552334287e+01   2.2146526015e+01   9.2913142877e+01
   2032.0000000000   9.3625086960e+01   2.2193988827e+01   9.2988945009e+01
   2033.0000000000   9.3697183692e+01   2.2244905074e+01   9.3071901743e+01
   2034.0000000000   9.3768715745e+01   2.2289549346e+01   9.3148547483e+01
   2035.0000000000   9.3848156760e+01   2.2332691047e+01   9.3223506204e+01
   2036.0000000000   9.3930633833e+01   2.2383792912e+01   9.3297350357e+01
   2037.0000000000   9.4006971105e+01   2.2429021608e+01   9.3370344141e+01
   2038.0000000000   9.4081706852e+01   2.2472861578e+01   9.3442643348e+01
   2039.0000000000   9.4155410844e+01   2.2515812754e+01   9.3514351790e+01
   2040.0000000000   9.4228335383e+01   2.2558094878e+01   9.3585544008e+01
   2041.0000000000   9.4300624163e+01   2.2599833606e+01   9.3656276301e+01
   2042.0000000000   9.4372370628e+01   2.2641110933e+01   9.3735473755e+01
   2043.0000000000   9.4443640819e+01   2.2681984862e+01   9.3809088602e+01
   2044.0000000000   9.4522890686e+01   2.2722498731e+01   9.3881496571e+01
   2045.0000000000   9.4596827826e+01   2.2762686239e+01   9.3953135092e+01
   2046.0000000000   9.4669597511e+01   2.2802574401e+01   9.4024185005e+01
   2047.0000000000   9.4750022675e+01   2.2842185394e+01   9.4103627329e+01
   2048.0000000000   9.4824945273e+01   2.2890418758e+01   9.4177443182e+01
   2049.0000000000   9.4898575593e+01   2.2933206970e+01   9.4250024568e+01
   2050.0000000000   9.4971366506e+01   2.2974910092e+01   9.4321818656e+01
   2051.0000000000   9.5043513409e+01   2.3015952870e+01   9.4401893338e+01
   2052.0000000000   9.5123533693e+01   2.3056505697e+01   9.4476269269e+01
   2053.0000000000   9.5198168740e+01   2.3096659898e+01   9.4549359921e+01
   2054.0000000000   9.5279990737e+01   2.3145353501e+01   9.4621625473e+01
   2055.0000000000   9.5356098269e+01   2.3188542448e+01   9.4693261347e+01
   2056.0000000000   9.5430787369e+01   2.3230602046e+01   9.4764377387e+01
   2057.0000000000   9.5504551129e+01   2.3271967429e+01   9.4835044847e+01
   2058.0000000000   9.5586014041e+01   2.3321697304e+01   9.4905314183e+01
   2059.0000000000   9.5661970166e+01   2.3365805030e+01   9.4975223292e+01
   2060.0000000000   9.5736615643e+01   2.3408698101e+01   9.5044801872e+01
   2061.0000000000   9.5810399517e+01   2.3450831690e+01   9.5114073942e+01
   2062.0000000000   9.5891923487e+01   2.3492396953e+01   9.5183059414e+01
   2063.0000000000   9.5967968529e+01   2.3533500050e+01   9.5251775123e+01
   2064.0000000000   9.6042722695e+01   2.3574209014e+01   9.5329116499e+01
   2065.0000000000   9.6116629752e+01   2.3623452430e+01   9.5401012808e+01
   2066.0000000000   9.6189881267e+01   2.3667182353e+01   9.5471821566e+01
   2067.0000000000   9.6262586628e+01   2.3709772659e+01   9.5541965480e+01
   2068.0000000000   9.6334817800e+01   2.3751658197e+01   9.5611613288e+01
   2069.0000000000   9.6406626366e+01   2.3801897928e+01   9.5698616905e+01
   2070.0000000000   9.6478051473e+01   2.3855386683e+01   9.5774865636e+01
   2071.0000000000   9.6549124064e+01   2.3902449236e+01   9.5857971668e+01
   2072.0000000000   9.6619869351e+01   2.3947887823e+01   9.5934705504e+01
   2073.0000000000   9.6690308362e+01   2.4001188039e+01   9.6009755051e+01
   2074.0000000000   9.6760458965e+01   2.4057414187e+01   9.6083714486e+01
   2075.0000000000   9.6830336576e+01   2.4106979969e+01   9.6165736348e+01
   2076.0000000000   9.6908361187e+01   2.4154741513e+01   9.6241894778e+01
   2077.0000000000   9.6981213735e+01   2.4201339168e+01   9.6334401216e+01
   2078.0000000000   9.7053019049e+01   2.4247064767e+01   9.6415574653e+01
   2079.0000000000   9.7124177447e+01   2.4292087465e+01   9.6494322024e+01
   2080.0000000000   9.7194848900e+01   2.4336518262e+01   9.6571592954e+01
   2081.0000000000   9.7273525390e+01   2.4380435842e+01   9.6647789385e+01
   2082.0000000000   9.7346929226e+01   2.4423899018e+01   9.6723134351e+01
   2083.0000000000   9.7419211264e+01   2.4475834455e+01   9.6806651006e+01
   2084.0000000000   9.7490789237e+01   2.4522195404e+01   9.6884354773e+01
   2085.0000000000   9.7561835328e+01   2.4567358267e+01   9.6960664784e+01
   2086.0000000000   9.7640850382e+01   2.4620641898e+01   9.7036049727e+01
   2087.0000000000   9.7714563336e+01   2.4677025091e+01   9.7110713789e+01
   2088.0000000000   9.7795536635e+01   2.4726871226e+01   9.7184774992e+01
   2089.0000000000   9.7870861007e+01   2.4775004186e+01   9.7258311935e+01
   2090.0000000000   9.7944826003e+01   2.4822042425e+01   9.7331381580e+01
   2091.0000000000   9.8017919263e+01   2.4877143232e+01   9.7404027557e+01
   2092.0000000000   9.8090354103e+01   2.4935262053e+01   9.7476284613e+01
   2093.0000000000   9.8162251521e+01   2.4986764475e+01   9.7548181222e+01
   2094.0000000000   9.8233689916e+01   2.5036481937e+01   9.7619741239e+01
   2095.0000000000   9.8313130971e+01   2.5085040925e+01   9.7690985002e+01
   2096.0000000000   9.8387284796e+01   2.5141605994e+01   9.7761930094e+01
   2097.0000000000   9.8460297490e+01   2.5192257892e+01   9.7832591899e+01
   2098.0000000000   9.8532585370e+01   2.5250331825e+01   9.7902984007e+01
   2099.0000000000   9.8612727277e+01   2.5302234002e+01   9.7973118530e+01
   2100.0000000000   9.8687487429e+01   2.5370290272e+01   9.8043006339e+01
   2101.0000000000   9.8761041120e+01   2.5426873818e+01   9.8121538225e+01
   2102.0000000000   9.8842228625e+01   2.5480922319e+01   9.8194639790e+01
   2103.0000000000   9.8917902505e+01   2.5533405055e+01   9.8266665621e+01
   2104.0000000000   9.8992279775e+01   2.5584737649e+01   9.8338036053e+01
   2105.0000000000   9.9065817689e+01   2.5635153266e+01   9.8408917892e+01
   2106.0000000000   9.9147121057e+01   2.5684801955e+01   9.8479399521e+01
   2107.0000000000   9.9231378226e+01   2.5733788781e+01   9.8549535567e+01
   2108.0000000000   9.9309446072e+01   2.5782191659e+01   9.8619363274e+01
   2109.0000000000   9.9385881863e+01   2.5830070823e+01   9.8688909822e+01
   2110.0000000000   9.9461267001e+01   2.5877474327e+01   9.8758196068e+01
   2111.0000000000   9.9535861184e+01   2.5924441464e+01   9.8827238637e+01
   2112.0000000000   9.9618219455e+01   2.5971005011e+01   9.8904932149e+01
   2113.0000000000   9.9703514023e+01   2.6017192759e+01   9.8977204763e+01
   2114.0000000000   9.9782596344e+01   2.6063028589e+01   9.9048412755e+01
   2115.0000000000   9.9860022307e+01   2.6108533270e+01   9.9127858524e+01
   2116.0000000000   9.9936373581e+01   2.6153725036e+01   9.9201626226e+01
   2117.0000000000   1.0001191081e+02   2.6198620041e+01   9.9274151057e+01
   2118.0000000000   1.0008678372e+02   2.6252113670e+01   9.9345900669e+01
   2119.0000000000   1.0016949675e+02   2.6300135553e+01   9.9417072236e+01
   2120.0000000000   1.0024678836e+02   2.6347043834e+01   9.9487774859e+01
   2121.0000000000   1.0032282481e+02   2.6393262008e+01   9.9566958913e+01
   2122.0000000000   1.0039803751e+02   2.6438959705e+01   9.9640589218e+01
   2123.0000000000   1.0047261048e+02   2.6484227843e+01   9.9713047649e+01
   2124.0000000000   1.0054664828e+02   2.6529123342e+01   9.9784774311e+01
   2125.0000000000   1.0062021960e+02   2.6573685518e+01   9.9855950780e+01
   2126.0000000000   1.0069337381e+02   2.6617943440e+01   9.9926676741e+01
   2127.0000000000   1.0076614845e+02   2.6661919690e+01   9.9997015647e+01
   2128.0000000000   1.0083857330e+02   2.6705632472e+01   1.0006701174e+02
   2129.0000000000   1.0091067273e+02   2.6749096890e+01   1.0013669784e+02
   2130.0000000000   1.0098246711e+02   2.6792325763e+01   1.0020609937e+02
   2131.0000000000   1.0105397383e+02   2.6844211138e+01   1.0028411771e+02
   2132.0000000000   1.0112520793e+02   2.6908441349e+01   1.0036556727e+02
   2133.0000000000   1.0119618257e+02   2.6961204814e+01   1.0044072525e+02
   2134.0000000000   1.0126690941e+02   2.7011615002e+01   1.0052324398e+02
   2135.0000000000   1.0134580539e+02   2.7060664549e+01   1.0059962332e+02
   2136.0000000000   1.0141954892e+02   2.7108761682e+01   1.0067446079e+02
   2137.0000000000   1.0149226271e+02   2.7156124999e+01   1.0074830809e+02
   2138.0000000000   1.0156434530e+02   2.7202889075e+01   1.0082141283e+02
   2139.0000000000   1.0163595512e+02   2.7258025410e+01   1.0089391734e+02
   2140.0000000000   1.0170717631e+02   2.7307515479e+01   1.0097479532e+02
   2141.0000000000   1.0177806101e+02   2.7355754283e+01   1.0105002875e+02
   2142.0000000000   1.0185705134e+02   2.7403192398e+01   1.0113289355e+02
   2143.0000000000   1.0193084240e+02   2.7458900846e+01   1.0120975677e+02
   2144.0000000000   1.0200356846e+02   2.7508902966e+01   1.0128515465e+02
   2145.0000000000   1.0207563631e+02   2.7557614454e+01   1.0135960646e+02
   2146.0000000000   1.0214721048e+02   2.7614378287e+01   1.0143334115e+02
   2147.0000000000   1.0222678621e+02   2.7665308061e+01   1.0150648967e+02
   2148.0000000000   1.0230108816e+02   2.7714861277e+01   1.0157913755e+02
   2149.0000000000   1.0237426891e+02   2.7772404017e+01   1.0165134540e+02
   2150.0000000000   1.0244674744e+02   2.7824064156e+01   1.0172315864e+02
   2151.0000000000   1.0251869687e+02   2.7874308721e+01   1.0179461269e+02
   2152.0000000000   1.0259021217e+02   2.7923629553e+01   1.0186573604e+02
   2153.0000000000   1.0266976026e+02   2.7972242802e+01   1.0193655216e+02
   2154.0000000000   1.0274405220e+02   2.8029153809e+01   1.0200708075e+02
   2155.0000000000   1.0283404639e+02   2.8089242162e+01   1.0207733865e+02
   2156.0000000000   1.0291349581e+02   2.8142829582e+01   1.0214734037e+02
   2157.0000000000   1.0299079962e+02   2.8194719659e+01   1.0221709865e+02
   2158.0000000000   1.0307523944e+02   2.8254400969e+01   1.0228662469e+02
   2159.0000000000   1.0315384650e+02   2.8308060340e+01   1.0235592850e+02
   2160.0000000000   1.0323093174e+02   2.8360198340e+01   1.0242501904e+02
   2161.0000000000   1.0330700894e+02   2.8411328061e+01   1.0250278537e+02
   2162.0000000000   1.0338231342e+02   2.8461680172e+01   1.0257515151e+02
   2163.0000000000   1.0345698370e+02   2.8511389524e+01   1.0264647060e+02
   2164.0000000000   1.0353951860e+02   2.8560545955e+01   1.0271716166e+02
   2165.0000000000   1.0361665343e+02   2.8609214218e+01   1.0279627124e+02
   2166.0000000000   1.0369255249e+02   2.8657443523e+01   1.0286980327e+02
   2167.0000000000   1.0376764582e+02   2.8705272713e+01   1.0295103873e+02
   2168.0000000000   1.0385052296e+02   2.8752733347e+01   1.0303522439e+02
   2169.0000000000   1.0392795665e+02   2.8799851640e+01   1.0311280956e+02
   2170.0000000000   1.0400412915e+02   2.8846649772e+01   1.0318865555e+02
   2171.0000000000   1.0407947997e+02   2.8893146787e+01   1.0326339970e+02
   2172.0000000000   1.0415419745e+02   2.8939359241e+01   1.0333732859e+02
   2173.0000000000   1.0422838847e+02   2.8985301678e+01   1.0341060577e+02
   2174.0000000000   1.0430212301e+02   2.9039867966e+01   1.0348333695e+02
   2175.0000000000   1.0438385755e+02   2.9097867278e+01   1.0355559598e+02
   2176.0000000000   1.0446029892e+02   2.9149573101e+01   1.0362743735e+02
   2177.0000000000   1.0453559118e+02   2.9199754125e+01   1.0369890291e+02
   2178.0000000000   1.0461014936e+02   2.9248991676e+01   1.0377002581e+02
   2179.0000000000   1.0468414502e+02   2.9297535511e+01   1.0384083296e+02
   2180.0000000000   1.0475767292e+02   2.9345523555e+01   1.0391134667e+02
   2181.0000000000   1.0483079393e+02   2.9393042905e+01   1.0398158572e+02
   2182.0000000000   1.0490355097e+02   2.9440153495e+01   1.0405156618e+02
   2183.0000000000   1.0497597629e+02   2.9486899137e+01   1.0412130192e+02
   2184.0000000000   1.0504809517e+02   2.9533313322e+01   1.0419080510e+02
   2185.0000000000   1.0511992817e+02   2.9579422554e+01   1.0426008642e+02
   2186.0000000000   1.0519149239e+02   2.9625248395e+01   1.0432915542e+02
   2187.0000000000   1.0526280237e+02   2.9670808778e+01   1.0439802063e+02
   2188.0000000000   1.0533387064e+02   2.9716118895e+01   1.0447557073e+02
   2189.0000000000   1.0540470820e+02   2.9761191818e+01   1.0454772937e+02
   2190.0000000000   1.0547532476e+02   2.9806038936e+01   1.0461884935e+02
   2191.0000000000   1.0554572899e+02   2.9850670288e+01   1.0469823034e+02
   2192.0000000000   1.0561592871e+02   2.9921737714e+01   1.0477195430e+02
   2193.0000000000   1.0568593100e+02   2.9976999263e+01   1.0485333560e+02
   2194.0000000000   1.0576414884e+02   3.0029501487e+01   1.0493763807e+02
   2195.0000000000   1.0584566373e+02   3.0080489554e+01   1.0501532075e+02
   2196.0000000000   1.0592126440e+02   3.0130449243e+01   1.0509125100e+02
   2197.0000000000   1.0599546096e+02   3.0179632141e+01   1.0516607008e+02
   2198.0000000000   1.0606880026e+02   3.0228189525e+01   1.0524006731e+02
   2199.0000000000   1.0614151569e+02   3.0276221374e+01   1.0531340816e+02
   2200.0000000000   1.0621373508e+02   3.0323798252e+01   1.0539508071e+02
   2201.0000000000   1.0628553843e+02   3.0370972444e+01   1.0547107655e+02
   2202.0000000000   1.0635698027e+02   3.0417784174e+01   1.0555467838e+02
   2203.0000000000   1.0642810004e+02   3.0464265317e+01   1.0563225820e+02
   2204.0000000000   1.0649892763e+02   3.0519322723e+01   1.0570835601e+02
   2205.0000000000   1.0656948644e+02   3.0568894510e+01   1.0578349398e+02
   2206.0000000000   1.0663979536e+02   3.0626226148e+01   1.0585790336e+02
   2207.0000000000   1.0670986994e+02   3.0677662613e+01   1.0594059792e+02
   2208.0000000000   1.0678812980e+02   3.0727723620e+01   1.0601758136e+02
   2209.0000000000   1.0686125514e+02   3.0776915729e+01   1.0609326197e+02
   2210.0000000000   1.0693336988e+02   3.0825457900e+01   1.0616809905e+02
   2211.0000000000   1.0701327981e+02   3.0873473077e+01   1.0624228882e+02
   2212.0000000000   1.0708781284e+02   3.0921040273e+01   1.0632482348e+02
   2213.0000000000   1.0716116753e+02   3.0968214726e+01   1.0640169252e+02
   2214.0000000000   1.0723378682e+02   3.1015037361e+01   1.0647729438e+02
   2215.0000000000   1.0731426410e+02   3.1061539819e+01   1.0655208125e+02
   2216.0000000000   1.0738937190e+02   3.1116628336e+01   1.0662624403e+02
   2217.0000000000   1.0746329032e+02   3.1166240294e+01   1.0669988994e+02
   2218.0000000000   1.0753645588e+02   3.1214739445e+01   1.0677308863e+02
   2219.0000000000   1.0760905361e+02   3.1262553384e+01   1.0684588960e+02
   2220.0000000000   1.0768118703e+02   3.1309854743e+01   1.0691833018e+02
   2221.0000000000   1.0775292285e+02   3.1356736643e+01   1.0699043972e+02
   2222.0000000000   1.0782430789e+02   3.1403257607e+01   1.0706224206e+02
   2223.0000000000   1.0789537703e+02   3.1449458105e+01   1.0713375702e+02
   2224.0000000000   1.0796615733e+02   3.1495368022e+01   1.0720500141e+02
   2225.0000000000   1.0803667047e+02   3.1541010489e+01   1.0727598971e+02
   2226.0000000000   1.0810693427e+02   3.1586404062e+01   1.0734673455e+02
   2227.0000000000   1.0817696365e+02   3.1631564037e+01   1.0741724705e+02
   2228.0000000000   1.0825517786e+02   3.1676503308e+01   1.0748753713e+02
   2229.0000000000   1.0833666346e+02   3.1721232931e+01   1.0755761367e+02
   2230.0000000000   1.0841221331e+02   3.1765762528e+01   1.0762748469e+02
   2231.0000000000   1.0848634095e+02   3.1810100573e+01   1.0769715750e+02
   2232.0000000000   1.0855959609e+02   3.1854254610e+01   1.0776663875e+02
   2233.0000000000   1.0863221451e+02   3.1898231409e+01   1.0783593455e+02
   2234.0000000000   1.0870432609e+02   3.1942037093e+01   1.0790505055e+02
   2235.0000000000   1.0877601253e+02   3.1985677239e+01   1.0797399196e+02
   2236.0000000000   1.0884732985e+02   3.2038037923e+01   1.0804276362e+02
   2237.0000000000   1.0891831877e+02   3.2085040526e+01   1.0812025103e+02
   2238.0000000000   1.0898901027e+02   3.2139916798e+01   1.0820125603e+02
   2239.0000000000   1.0905942872e+02   3.2189000316e+01   1.0827604571e+02
   2240.0000000000   1.0912959380e+02   3.2236801196e+01   1.0834938306e+02
   2241.0000000000   1.0919952182e+02   3.2283817830e+01   1.0842184438e+02
   2242.0000000000   1.0927763301e+02   3.2330262157e+01   1.0849367487e+02
   2243.0000000000   1.0935060813e+02   3.2376251038e+01   1.0856500841e+02
   2244.0000000000   1.0942257158e+02   3.2421858169e+01   1.0863592840e+02
   2245.0000000000   1.0949392305e+02   3.2467134112e+01   1.0870649145e+02
   2246.0000000000   1.0956482180e+02   3.2520996624e+01   1.0877673832e+02
   2247.0000000000   1.0963535247e+02   3.2578271306e+01   1.0885558069e+02
   2248.0000000000   1.0970556749e+02   3.2629243245e+01   1.0892895919e+02
   2249.0000000000   1.0977550262e+02   3.2678689472e+01   1.0900123947e+02
   2250.0000000000   1.0984518393e+02   3.2736078374e+01   1.0907285015e+02
   2251.0000000000   1.0991463136e+02   3.2796461834e+01   1.0915284529e+02
   2252.0000000000   1.0998386077e+02   3.2850244206e+01   1.0922723482e+02
   2253.0000000000   1.1005288510e+02   3.2902274337e+01   1.0930930450e+02
   2254.0000000000   1.1012171518e+02   3.2953186747e+01   1.0938542404e+02
   2255.0000000000   1.1019036025e+02   3.3003268497e+01   1.0946012928e+02
   2256.0000000000   1.1025882829e+02   3.3052684758e+01   1.0953393774e+02
   2257.0000000000   1.1032712630e+02   3.3101543158e+01   1.0960707609e+02
   2258.0000000000   1.1039526050e+02   3.3149919481e+01   1.0968855383e+02
   2259.0000000000   1.1046323642e+02   3.3197870022e+01   1.0976437074e+02
   2260.0000000000   1.1053105909e+02   3.3245438268e+01   1.0983893156e+02
   2261.0000000000   1.1059873305e+02   3.3292658837e+01   1.0992157338e+02
   2262.0000000000   1.1066626246e+02   3.3339559952e+01   1.0999840620e+02
   2263.0000000000   1.1075046418e+02   3.3386165076e+01   1.1007388509e+02
   2264.0000000000   1.1082467985e+02   3.3441374995e+01   1.1014849340e+02
   2265.0000000000   1.1090554773e+02   3.3491123358e+01   1.1022244090e+02
   2266.0000000000   1.1098052154e+02   3.3539771303e+01   1.1029584702e+02
   2267.0000000000   1.1105402109e+02   3.3587744557e+01   1.1037767069e+02
   2268.0000000000   1.1113500167e+02   3.3635214395e+01   1.1045388392e+02
   2269.0000000000   1.1121037844e+02   3.3682272937e+01   1.1052887468e+02
   2270.0000000000   1.1128440574e+02   3.3728977960e+01   1.1060308829e+02
   2271.0000000000   1.1135756446e+02   3.3775369368e+01   1.1067671083e+02
   2272.0000000000   1.1143006855e+02   3.3821476609e+01   1.1074984589e+02
   2273.0000000000   1.1150204145e+02   3.3867322478e+01   1.1082256035e+02
   2274.0000000000   1.1157356424e+02   3.3921806233e+01   1.1090378242e+02
   2275.0000000000   1.1165310094e+02   3.3970859639e+01   1.1097946426e+02
   2276.0000000000   1.1172736363e+02   3.4027722820e+01   1.1105398010e+02
   2277.0000000000   1.1180049995e+02   3.4087617200e+01   1.1112776528e+02
   2278.0000000000   1.1187292743e+02   3.4140975315e+01   1.1120099840e+02
   2279.0000000000   1.1194481933e+02   3.4192646850e+01   1.1128265822e+02
   2280.0000000000   1.1202467802e+02   3.4243260760e+01   1.1135872369e+02
   2281.0000000000   1.1209923412e+02   3.4293097413e+01   1.1143358481e+02
   2282.0000000000   1.1218945822e+02   3.4342315650e+01   1.1150768687e+02
   2283.0000000000   1.1226911156e+02   3.4391017501e+01   1.1158121509e+02
   2284.0000000000   1.1235500581e+02   3.4448154895e+01   1.1165427186e+02
   2285.0000000000   1.1243468962e+02   3.4499696675e+01   1.1172692279e+02
   2286.0000000000   1.1251264295e+02   3.4558910199e+01   1.1179921388e+02
   2287.0000000000   1.1258945612e+02   3.4612156599e+01   1.1187117943e+02
   2288.0000000000   1.1266540578e+02   3.4663967846e+01   1.1194284615e+02
   2289.0000000000   1.1274906193e+02   3.4714860023e+01   1.1201423557e+02
   2290.0000000000   1.1283560877e+02   3.4765059631e+01   1.1208536547e+02
   2291.0000000000   1.1291590713e+02   3.4814695692e+01   1.1215625083e+02
   2292.0000000000   1.1299452029e+02   3.4863852181e+01   1.1222690451e+02
   2293.0000000000   1.1307203582e+02   3.4912588444e+01   1.1229733766e+02
   2294.0000000000   1.1314871908e+02   3.4960948844e+01   1.1236756012e+02
   2295.0000000000   1.1322472362e+02   3.5008967919e+01   1.1243758058e+02
   2296.0000000000   1.1330015051e+02   3.5056673411e+01   1.1250740686e+02
   2297.0000000000   1.1338347830e+02   3.5104088142e+01   1.1257704600e+02
   2298.0000000000   1.1346143022e+02   3.5151231262e+01   1.1265538534e+02
   2299.0000000000   1.1353816293e+02   3.5207000069e+01   1.1272834740e+02
   2300.0000000000   1.1361410143e+02   3.5257325349e+01   1.1280028397e+02
   2301.0000000000   1.1368942531e+02   3.5306565869e+01   1.1287161284e+02
   2302.0000000000   1.1376423591e+02   3.5355145374e+01   1.1294249850e+02
   2303.0000000000   1.1385541267e+02   3.5403233467e+01   1.1301302719e+02
   2304.0000000000   1.1394474774e+02   3.5450920851e+01   1.1308325159e+02
   2305.0000000000   1.1402717481e+02   3.5498264086e+01   1.1315320713e+02
   2306.0000000000   1.1410761843e+02   3.5554183005e+01   1.1322291934e+02
   2307.0000000000   1.1418679562e+02   3.5604622832e+01   1.1329240751e+02
   2308.0000000000   1.1427343922e+02   3.5653952015e+01   1.1336168684e+02
   2309.0000000000   1.1435440492e+02   3.5702601020e+01   1.1343076963e+02
   2310.0000000000   1.1443392770e+02   3.5750744250e+01   1.1349966611e+02
   2311.0000000000   1.1451248289e+02   3.5807356882e+01   1.1356838495e+02
   2312.0000000000   1.1459028441e+02   3.5858414766e+01   1.1365469556e+02
   2313.0000000000   1.1466745812e+02   3.5908305172e+01   1.1373931880e+02
   2314.0000000000   1.1474408848e+02   3.5957471018e+01   1.1381686998e+02
   2315.0000000000   1.1482023686e+02   3.6006095402e+01   1.1389252642e+02
   2316.0000000000   1.1489595017e+02   3.6054278860e+01   1.1396702547e+02
   2317.0000000000   1.1497126570e+02   3.6110966289e+01   1.1404069529e+02
   2318.0000000000   1.1504621385e+02   3.6162118878e+01   1.1411371919e+02
   2319.0000000000   1.1512082000e+02   3.6212116018e+01   1.1418621294e+02
   2320.0000000000   1.1519510571e+02   3.6270277050e+01   1.1425825566e+02
   2321.0000000000   1.1526908953e+02   3.6322698993e+01   1.1433878550e+02
   2322.0000000000   1.1534278762e+02   3.6373827079e+01   1.1442264326e+02
   2323.0000000000   1.1541621423e+02   3.6424136970e+01   1.1450012565e+02
   2324.0000000000   1.1548938200e+02   3.6473832347e+01   1.1457601885e+02
   2325.0000000000   1.1556230226e+02   3.6523027681e+01   1.1465091762e+02
   2326.0000000000   1.1563498519e+02   3.6571796865e+01   1.1473396315e+02
   2327.0000000000   1.1570744004e+02   3.6620191834e+01   1.1481121833e+02
   2328.0000000000   1.1577967523e+02   3.6668251264e+01   1.1488712329e+02
   2329.0000000000   1.1585169846e+02   3.6724886153e+01   1.1496215617e+02
   2330.0000000000   1.1592351684e+02   3.6776037250e+01   1.1504540600e+02
   2331.0000000000   1.1599513688e+02   3.6826070769e+01   1.1512290853e+02
   2332.0000000000   1.1606656466e+02   3.6875416153e+01   1.1519908832e+02
   2333.0000000000   1.1613780579e+02   3.6924247449e+01   1.1527441397e+02
   2334.0000000000   1.1620886554e+02   3.6972658881e+01   1.1534908738e+02
   2335.0000000000   1.1628815532e+02   3.7020709843e+01   1.1542322347e+02
   2336.0000000000   1.1636234877e+02   3.7068441502e+01   1.1549689755e+02
   2337.0000000000   1.1643556445e+02   3.7124765269e+01   1.1557016333e+02
   2338.0000000000   1.1651660375e+02   3.7175621411e+01   1.1564306135e+02
   2339.0000000000   1.1659229091e+02   3.7225375287e+01   1.1571562347e+02
   2340.0000000000   1.1666682143e+02   3.7274455358e+01   1.1579675647e+02
   2341.0000000000   1.1674063565e+02   3.7323034682e+01   1.1587239842e+02
   2342.0000000000   1.1681391824e+02   3.7371206532e+01   1.1594691383e+02
   2343.0000000000   1.1688677080e+02   3.7427910387e+01   1.1602073106e+02
   2344.0000000000   1.1695925758e+02   3.7479103279e+01   1.1611178542e+02
   2345.0000000000   1.1703142288e+02   3.7538042314e+01   1.1619200409e+02
   2346.0000000000   1.1710329915e+02   3.7591079944e+01   1.1627013914e+02
   2347.0000000000   1.1717491123e+02   3.7642740836e+01   1.1634705738e+02
   2348.0000000000   1.1725468529e+02   3.7693534912e+01   1.1643199006e+02
   2349.0000000000   1.1732930636e+02   3.7743683447e+01   1.1651104154e+02
   2350.0000000000   1.1740290195e+02   3.7802191969e+01   1.1658867475e+02
   2351.0000000000   1.1747587410e+02   3.7855057298e+01   1.1666538176e+02
   2352.0000000000   1.1754838383e+02   3.7915562867e+01   1.1674137989e+02
   2353.0000000000   1.1762051719e+02   3.7970079688e+01   1.1682567565e+02
   2354.0000000000   1.1769232769e+02   3.8032027092e+01   1.1690426864e+02
   2355.0000000000   1.1776385195e+02   3.8087842143e+01   1.1699044562e+02
   2356.0000000000   1.1783511673e+02   3.8142100760e+01   1.1707058097e+02
   2357.0000000000   1.1790614256e+02   3.8204227924e+01   1.1714921626e+02
   2358.0000000000   1.1797694574e+02   3.8260385755e+01   1.1722687486e+02
   2359.0000000000   1.1804753961e+02   3.8315063196e+01   1.1730378896e+02
   2360.0000000000   1.1812634185e+02   3.8368767052e+01   1.1738009218e+02
   2361.0000000000   1.1820003100e+02   3.8421724182e+01   1.1745587228e+02
   2362.0000000000   1.1827272954e+02   3.8474066896e+01   1.1753119180e+02
   2363.0000000000   1.1834483547e+02   3.8525883185e+01   1.1760609779e+02
   2364.0000000000   1.1841650654e+02   3.8577236367e+01   1.1768062713e+02
   2365.0000000000   1.1848782609e+02   3.8628174476e+01   1.1775480960e+02
   2366.0000000000   1.1855884539e+02   3.8678735351e+01   1.1782866981e+02
   2367.0000000000   1.1863800568e+02   3.8728949666e+01   1.1790222850e+02
   2368.0000000000   1.1871200113e+02   3.8778842839e+01   1.1797550341e+02
   2369.0000000000   1.1879337163e+02   3.8828436321e+01   1.1804850992e+02
   2370.0000000000   1.1886919212e+02   3.8886629450e+01   1.1812126153e+02
   2371.0000000000   1.1894374048e+02   3.8939354831e+01   1.1819377015e+02
   2372.0000000000   1.1901749535e+02   3.8990972854e+01   1.1826604643e+02
   2373.0000000000   1.1909066288e+02   3.9041908717e+01   1.1833809992e+02
   2374.0000000000   1.1916335824e+02   3.9092333335e+01   1.1840993927e+02
   2375.0000000000   1.1923565494e+02   3.9151219561e+01   1.1848157233e+02
   2376.0000000000   1.1930760398e+02   3.9204541708e+01   1.1855300628e+02
   2377.0000000000   1.1937924287e+02   3.9256686048e+01   1.1862424770e+02
   2378.0000000000   1.1945900688e+02   3.9308094877e+01   1.1870418365e+02
   2379.0000000000   1.1953358781e+02   3.9358950936e+01   1.1877873641e+02
   2380.0000000000   1.1960711841e+02   3.9409354591e+01   1.1886113861e+02
   2381.0000000000   1.1968000482e+02   3.9459369737e+01   1.1893772464e+02
   2382.0000000000   1.1975241138e+02   3.9509040941e+01   1.1901300539e+02
   2383.0000000000   1.1982442683e+02   3.9558401287e+01   1.1908747998e+02
   2384.0000000000   1.1989610690e+02   3.9607476461e+01   1.1916136103e+02
   2385.0000000000   1.1997589662e+02   3.9656287091e+01   1.1923476605e+02
   2386.0000000000   1.2005049336e+02   3.9704850190e+01   1.1930776935e+02
   2387.0000000000   1.2012403323e+02   3.9753180080e+01   1.1938042206e+02
   2388.0000000000   1.2019692450e+02   3.9801289031e+01   1.1945276151e+02
   2389.0000000000   1.2026933286e+02   3.9849187706e+01   1.1952481616e+02
   2390.0000000000   1.2034134798e+02   3.9896885476e+01   1.1960548944e+02
   2391.0000000000   1.2041302623e+02   3.9944390668e+01   1.1968071621e+02
   2392.0000000000   1.2048440652e+02   3.9991710740e+01   1.1975485798e+02
   2393.0000000000   1.2055551752e+02   4.0038852425e+01   1.1983722128e+02
   2394.0000000000   1.2063478785e+02   4.0085821840e+01   1.1991389359e+02
   2395.0000000000   1.2071731069e+02   4.0132624578e+01   1.1998931283e+02
   2396.0000000000   1.2080229032e+02   4.0179265775e+01   1.2006394886e+02
   2397.0000000000   1.2088091293e+02   4.0243512109e+01   1.2013800069e+02
   2398.0000000000   1.2095784527e+02   4.0297201333e+01   1.2021157896e+02
   2399.0000000000   1.2103371610e+02   4.0357911374e+01   1.2028475437e+02
   2400.0000000000   1.2110880836e+02   4.0412388447e+01   1.2035757614e+02
   2401.0000000000   1.2118328278e+02   4.0465302394e+01   1.2043008065e+02
   2402.0000000000   1.2125724258e+02   4.0517233460e+01   1.2050229592e+02
   2403.0000000000   1.2133075945e+02   4.0568442157e+01   1.2057424429e+02
   2404.0000000000   1.2141229250e+02   4.0619076969e+01   1.2064594400e+02
   2405.0000000000   1.2148855094e+02   4.0669233527e+01   1.2071741028e+02
   2406.0000000000   1.2156368071e+02   4.0718978353e+01   1.2078865607e+02
   2407.0000000000   1.2164650476e+02   4.0768360263e+01   1.2085969249e+02
   2408.0000000000   1.2173227120e+02   4.0817416551e+01   1.2093052925e+02
   2409.0000000000   1.2181185871e+02   4.0866176602e+01   1.2100117489e+02
   2410.0000000000   1.2188983360e+02   4.0914664161e+01   1.2107163703e+02
   2411.0000000000   1.2196678117e+02   4.0962898810e+01   1.2114192246e+02
   2412.0000000000   1.2204296270e+02   4.1010896979e+01   1.2121203732e+02
   2413.0000000000   1.2212693370e+02   4.1058672658e+01   1.2129086818e+02
   2414.0000000000   1.2220545977e+02   4.1106237911e+01   1.2136433680e+02
   2415.0000000000   1.2228272294e+02   4.1153603251e+01   1.2143679429e+02
   2416.0000000000   1.2235916434e+02   4.1200777933e+01   1.2150865781e+02
   2417.0000000000   1.2243497427e+02   4.1247770171e+01   1.2158009129e+02
   2418.0000000000   1.2251026139e+02   4.1294587311e+01   1.2165118043e+02
   2419.0000000000   1.2258509717e+02   4.1341235967e+01   1.2172197741e+02
   2420.0000000000   1.2265953283e+02   4.1387722129e+01   1.2179251720e+02
   2421.0000000000   1.2273360715e+02   4.1442932223e+01   1.2186282488e+02
   2422.0000000000   1.2280735074e+02   4.1492787923e+01   1.2193291936e+02
   2423.0000000000   1.2288078847e+02   4.1550521226e+01   1.2200281543e+02
   2424.0000000000   1.2295394100e+02   4.1602465910e+01   1.2207252504e+02
   2425.0000000000   1.2303523237e+02   4.1662013228e+01   1.2214205808e+02
   2426.0000000000   1.2311134668e+02   4.1724459358e+01   1.2221142291e+02
   2427.0000000000   1.2318641127e+02   4.1780279462e+01   1.2228062667e+02
   2428.0000000000   1.2326082846e+02   4.1834349787e+01   1.2234967562e+02
   2429.0000000000   1.2333475985e+02   4.1887316871e+01   1.2241857526e+02
   2430.0000000000   1.2340829223e+02   4.1948354232e+01   1.2248733048e+02
   2431.0000000000   1.2348988646e+02   4.2003546107e+01   1.2255594567e+02
   2432.0000000000   1.2356624912e+02   4.2057347373e+01   1.2262442484e+02
   2433.0000000000   1.2365833515e+02   4.2110246665e+01   1.2270165257e+02
   2434.0000000000   1.2373989488e+02   4.2171340713e+01   1.2278242985e+02
   2435.0000000000   1.2381932534e+02   4.2226671015e+01   1.2285702287e+02
   2436.0000000000   1.2390590650e+02   4.2280666551e+01   1.2293907475e+02
   2437.0000000000   1.2398666825e+02   4.2333799313e+01   1.2302395856e+02
   2438.0000000000   1.2406592044e+02   4.2386273884e+01   1.2311106280e+02
   2439.0000000000   1.2414417594e+02   4.2438207326e+01   1.2320007748e+02
   2440.0000000000   1.2422166936e+02   4.2489676655e+01   1.2329080210e+02
   2441.0000000000   1.2429853858e+02   4.2540736972e+01   1.2337421043e+02
   2442.0000000000   1.2437487540e+02   4.2591429960e+01   1.2345539248e+02
   2443.0000000000   1.2445074563e+02   4.2641788423e+01   1.2353511353e+02
   2444.0000000000   1.2452619897e+02   4.2691838949e+01   1.2361374130e+02
   2445.0000000000   1.2460127433e+02   4.2750484554e+01   1.2369149497e+02
   2446.0000000000   1.2467600308e+02   4.2803660536e+01   1.2376852037e+02
   2447.0000000000   1.2475041103e+02   4.2855729292e+01   1.2384492149e+02
   2448.0000000000   1.2482451989e+02   4.2907117534e+01   1.2392077608e+02
   2449.0000000000   1.2489834811e+02   4.2957997325e+01   1.2399614442e+02
   2450.0000000000   1.2497191163e+02   4.3008461435e+01   1.2407995546e+02
   2451.0000000000   1.2504522435e+02   4.3058568172e+01   1.2415816497e+02
   2452.0000000000   1.2512670505e+02   4.3108357895e+01   1.2423515177e+02
   2453.0000000000   1.2521144016e+02   4.3157860438e+01   1.2431135601e+02
   2454.0000000000   1.2529862924e+02   4.3207098928e+01   1.2438696083e+02
   2455.0000000000   1.2537945511e+02   4.3256091942e+01   1.2446206830e+02
   2456.0000000000   1.2545858214e+02   4.3304854821e+01   1.2453674460e+02
   2457.0000000000   1.2554504388e+02   4.3353400507e+01   1.2461991774e+02
   2458.0000000000   1.2562579111e+02   4.3410621082e+01   1.2469754001e+02
   2459.0000000000   1.2570509795e+02   4.3471323877e+01   1.2478286695e+02
   2460.0000000000   1.2578345783e+02   4.3525780537e+01   1.2487113199e+02
   2461.0000000000   1.2586109344e+02   4.3587638925e+01   1.2496165831e+02
   2462.0000000000   1.2593813474e+02   4.3652276291e+01   1.2504522021e+02
   2463.0000000000   1.2601466793e+02   4.3710203853e+01   1.2512679975e+02
   2464.0000000000   1.2609075472e+02   4.3775198232e+01   1.2520709579e+02
   2465.0000000000   1.2617484817e+02   4.3833834495e+01   1.2528643196e+02
   2466.0000000000   1.2625365377e+02   4.3899640506e+01   1.2536499653e+02
   2467.0000000000   1.2633131515e+02   4.3967999988e+01   1.2544291289e+02
   2468.0000000000   1.2640824733e+02   4.4029448673e+01   1.2552026821e+02
   2469.0000000000   1.2649302855e+02   4.4088906979e+01   1.2559712740e+02
   2470.0000000000   1.2657242285e+02   4.4147054943e+01   1.2567354072e+02
   2471.0000000000   1.2665060555e+02   4.4204211282e+01   1.2574954822e+02
   2472.0000000000   1.2672801062e+02   4.4260564498e+01   1.2582518263e+02
   2473.0000000000   1.2680482183e+02   4.4316240126e+01   1.2590047123e+02
   2474.0000000000   1.2688954882e+02   4.4371328116e+01   1.2597543706e+02
   2475.0000000000   1.2696892741e+02   4.4434777204e+01   1.2605009994e+02
   2476.0000000000   1.2704711908e+02   4.4492557023e+01   1.2612447703e+02
   2477.0000000000   1.2712455013e+02   4.4549056563e+01   1.2619858339e+02
   2478.0000000000   1.2720139973e+02   4.4604723645e+01   1.2627243235e+02
   2479.0000000000   1.2727776800e+02   4.4659747433e+01   1.2634603578e+02
   2480.0000000000   1.2735371971e+02   4.4723115744e+01   1.2641940432e+02
   2481.0000000000   1.2743770720e+02   4.4789696302e+01   1.2649254760e+02
   2482.0000000000   1.2751643394e+02   4.4849802531e+01   1.2657435530e+02
   2483.0000000000   1.2759404117e+02   4.4908232067e+01   1.2665075208e+02
   2484.0000000000   1.2767094157e+02   4.4965588154e+01   1.2672609166e+02
   2485.0000000000   1.2774730466e+02   4.5022137690e+01   1.2680079361e+02
   2486.0000000000   1.2782322345e+02   4.5078032349e+01   1.2688390502e+02
   2487.0000000000   1.2790716381e+02   4.5133370478e+01   1.2696143032e+02
   2488.0000000000   1.2798583637e+02   4.5188221372e+01   1.2703777001e+02
   2489.0000000000   1.2806338640e+02   4.5251517697e+01   1.2712225463e+02
   2490.0000000000   1.2814022895e+02   4.5309216353e+01   1.2720098747e+02
   2491.0000000000   1.2821653498e+02   4.5365696073e+01   1.2727841740e+02
   2492.0000000000   1.2829239838e+02   4.5421396309e+01   1.2736390317e+02
   2493.0000000000   1.2836787901e+02   4.5485380281e+01   1.2744356639e+02
   2494.0000000000   1.2844301878e+02   4.5543665751e+01   1.2752186868e+02
   2495.0000000000   1.2851784888e+02   4.5600664378e+01   1.2759929717e+02
   2496.0000000000   1.2859239364e+02   4.5665716182e+01   1.2767606389e+02
   2497.0000000000   1.2866667268e+02   4.5724932579e+01   1.2775228957e+02
   2498.0000000000   1.2874070220e+02   4.5782769460e+01   1.2782805294e+02
   2499.0000000000   1.2881449593e+02   4.5839710753e+01   1.2791229071e+02
   2500.0000000000   1.2888806563e+02   4.5895966778e+01   1.2799096126e+02
   2501.0000000000   1.2896142157e+02   4.5951657493e+01   1.2806844355e+02
   2502.0000000000   1.2903457280e+02   4.6006861422e+01   1.2814517657e+02
   2503.0000000000   1.2910752736e+02   4.6061634484e+01   1.2822134173e+02
   2504.0000000000   1.2918029249e+02   4.6116018824e+01   1.2829703908e+02
   2505.0000000000   1.2925287471e+02   4.6170047533e+01   1.2837233272e+02
   2506.0000000000   1.2933368651e+02   4.6223747408e+01   1.2844726768e+02
   2507.0000000000   1.2940940237e+02   4.6286021647e+01   1.2853075858e+02
   2508.0000000000   1.2949254807e+02   4.6351686692e+01   1.2860874841e+02
   2509.0000000000   1.2957018808e+02   4.6411021803e+01   1.2868560484e+02
   2510.0000000000   1.2965499884e+02   4.6468800330e+01   1.2876175832e+02
   2511.0000000000   1.2973412182e+02   4.6525607416e+01   1.2883738365e+02
   2512.0000000000   1.2981187250e+02   4.6581695977e+01   1.2891257560e+02
   2513.0000000000   1.2988875286e+02   4.6646087558e+01   1.2898739403e+02
   2514.0000000000   1.2997339108e+02   4.6704788176e+01   1.2906188047e+02
   2515.0000000000   1.3005258218e+02   4.6762206116e+01   1.2913606569e+02
   2516.0000000000   1.3013052178e+02   4.6818799693e+01   1.2920997354e+02
   2517.0000000000   1.3020765762e+02   4.6874763740e+01   1.2928362320e+02
   2518.0000000000   1.3028418311e+02   4.6930208021e+01   1.2937479241e+02
   2519.0000000000   1.3036020824e+02   4.6994084874e+01   1.2945532789e+02
   2520.0000000000   1.3043580480e+02   4.7052361615e+01   1.2954281490e+02
   2521.0000000000   1.3051102370e+02   4.7109422773e+01   1.2962400582e+02
   2522.0000000000   1.3058590315e+02   4.7165711088e+01   1.2970357569e+02
   2523.0000000000   1.3066047296e+02   4.7221410664e+01   1.2978210919e+02
   2524.0000000000   1.3073475713e+02   4.7276623575e+01   1.2985987068e+02
   2525.0000000000   1.3081718195e+02   4.7331415506e+01   1.2993701200e+02
   2526.0000000000   1.3089443308e+02   4.7385832776e+01   1.3001363172e+02
   2527.0000000000   1.3097904543e+02   4.7439910126e+01   1.3008979897e+02
   2528.0000000000   1.3105809107e+02   4.7493674780e+01   1.3017444584e+02
   2529.0000000000   1.3114425286e+02   4.7547148788e+01   1.3026240934e+02
   2530.0000000000   1.3122467770e+02   4.7600350463e+01   1.3034398383e+02
   2531.0000000000   1.3130368571e+02   4.7653295324e+01   1.3042395404e+02
   2532.0000000000   1.3138178292e+02   4.7705996737e+01   1.3050291385e+02
   2533.0000000000   1.3146760101e+02   4.7758466368e+01   1.3058112299e+02
   2534.0000000000   1.3154793806e+02   4.7819595483e+01   1.3065872748e+02
   2535.0000000000   1.3162699241e+02   4.7884190907e+01   1.3073582099e+02
   2536.0000000000   1.3170521417e+02   4.7942523999e+01   1.3081246889e+02
   2537.0000000000   1.3178279890e+02   4.8008242485e+01   1.3088871953e+02
   2538.0000000000   1.3185985848e+02   4.8067842615e+01   1.3096461020e+02
   2539.0000000000   1.3193646641e+02   4.8125918976e+01   1.3104017061e+02
   2540.0000000000   1.3201267515e+02   4.8183020886e+01   1.3111542507e+02
   2541.0000000000   1.3208852427e+02   4.8239394013e+01   1.3119039384e+02
   2542.0000000000   1.3217245139e+02   4.8304060038e+01   1.3126509414e+02
   2543.0000000000   1.3225115070e+02   4.8363027029e+01   1.3134842174e+02
   2544.0000000000   1.3232875723e+02   4.8420705603e+01   1.3142630622e+02
   2545.0000000000   1.3241408589e+02   4.8477556197e+01   1.3150310537e+02
   2546.0000000000   1.3249397212e+02   4.8533775436e+01   1.3157924213e+02
   2547.0000000000   1.3257262083e+02   4.8598355514e+01   1.3165488544e+02
   2548.0000000000   1.3265048038e+02   4.8666166621e+01   1.3173012543e+02
   2549.0000000000   1.3272774230e+02   4.8736404410e+01   1.3180501820e+02
   2550.0000000000   1.3280451414e+02   4.8799783680e+01   1.3187960220e+02
   2551.0000000000   1.3288927184e+02   4.8861254099e+01   1.3195390562e+02
   2552.0000000000   1.3296873331e+02   4.8921495089e+01   1.3202795017e+02
   2553.0000000000   1.3305545576e+02   4.8980817701e+01   1.3210175320e+02
   2554.0000000000   1.3313652743e+02   4.9039401635e+01   1.3217532896e+02
   2555.0000000000   1.3321623676e+02   4.9097364167e+01   1.3225757040e+02
   2556.0000000000   1.3329507098e+02   4.9154787966e+01   1.3234328545e+02
   2557.0000000000   1.3337324341e+02   4.9220615485e+01   1.3243162712e+02
   2558.0000000000   1.3345928179e+02   4.9280810973e+01   1.3251327926e+02
   2559.0000000000   1.3354834042e+02   4.9348639779e+01   1.3261093001e+02
   2560.0000000000   1.3363125811e+02   4.9410462449e+01   1.3269707381e+02
   2561.0000000000   1.3371258136e+02   4.9479692144e+01   1.3278069989e+02
   2562.0000000000   1.3380129113e+02   4.9542762303e+01   1.3287168260e+02
   2563.0000000000   1.3388431135e+02   4.9613127765e+01   1.3295636572e+02
   2564.0000000000   1.3397430785e+02   4.9677248153e+01   1.3304821492e+02
   2565.0000000000   1.3405843450e+02   4.9748595890e+01   1.3313371146e+02
   2566.0000000000   1.3414102310e+02   4.9813643012e+01   1.3321746653e+02
   2567.0000000000   1.3422259133e+02   4.9876990082e+01   1.3330893262e+02
   2568.0000000000   1.3430337488e+02   4.9939199355e+01   1.3339429342e+02
   2569.0000000000   1.3438351201e+02   5.0000530315e+01   1.3347805501e+02
   2570.0000000000   1.3447150131e+02   5.0070017581e+01   1.3356073802e+02
   2571.0000000000   1.3455407806e+02   5.0142561808e+01   1.3365146156e+02
   2572.0000000000   1.3463540668e+02   5.0208500572e+01   1.3373628399e+02
   2573.0000000000   1.3471591749e+02   5.0272649810e+01   1.3381964756e+02
   2574.0000000000   1.3480420036e+02   5.0335627004e+01   1.3391091606e+02
   2575.0000000000   1.3488702845e+02   5.0397710369e+01   1.3399621978e+02
   2576.0000000000   1.3498539753e+02   5.0459060743e+01   1.3408002989e+02
   2577.0000000000   1.3507308563e+02   5.0519784019e+01   1.3416284288e+02
   2578.0000000000   1.3515851006e+02   5.0579955779e+01   1.3424487956e+02
   2579.0000000000   1.3524255978e+02   5.0639633036e+01   1.3432626868e+02
   2580.0000000000   1.3533401447e+02   5.0698860544e+01   1.3440709629e+02
   2581.0000000000   1.3541974886e+02   5.0757674509e+01   1.3448742474e+02
   2582.0000000000   1.3550400763e+02   5.0824985889e+01   1.3456730176e+02
   2583.0000000000   1.3558727190e+02   5.0886736674e+01   1.3464676528e+02
   2584.0000000000   1.3566975943e+02   5.0956175963e+01   1.3472584636e+02
   2585.0000000000   1.3575159877e+02   5.1028533099e+01   1.3480457097e+02
   2586.0000000000   1.3583287649e+02   5.1094247645e+01   1.3488296123e+02
   2587.0000000000   1.3592206207e+02   5.1158175557e+01   1.3496103624e+02
   2588.0000000000   1.3600587280e+02   5.1220951409e+01   1.3503881269e+02
   2589.0000000000   1.3608846128e+02   5.1291741606e+01   1.3512518628e+02
   2590.0000000000   1.3617024964e+02   5.1356626254e+01   1.3520608682e+02
   2591.0000000000   1.3625141545e+02   5.1420057989e+01   1.3528587251e+02
   2592.0000000000   1.3633205857e+02   5.1482524436e+01   1.3536496682e+02
   2593.0000000000   1.3641224428e+02   5.1544241162e+01   1.3544353934e+02
   2594.0000000000   1.3649201934e+02   5.1605333340e+01   1.3552168087e+02
   2595.0000000000   1.3657141934e+02   5.1674765204e+01   1.3559944821e+02
   2596.0000000000   1.3665047256e+02   5.1738513525e+01   1.3567688053e+02
   2597.0000000000   1.3672920219e+02   5.1809851497e+01   1.3575400675e+02
   2598.0000000000   1.3680762770e+02   5.1875144931e+01   1.3583084928e+02
   2599.0000000000   1.3688576575e+02   5.1938929755e+01   1.3591630715e+02
   2600.0000000000   1.3696363080e+02   5.2001725516e+01   1.3599631195e+02
   2601.0000000000   1.3704964211e+02   5.2072642772e+01   1.3607522279e+02
   2602.0000000000   1.3713048003e+02   5.2137730025e+01   1.3616234440e+02
   2603.0000000000   1.3721026893e+02   5.2210301214e+01   1.3624376293e+02
   2604.0000000000   1.3728940876e+02   5.2285628549e+01   1.3632391531e+02
   2605.0000000000   1.3736805921e+02   5.2363062575e+01   1.3640327068e+02
   2606.0000000000   1.3744630550e+02   5.2433397852e+01   1.3648202757e+02
   2607.0000000000   1.3752420073e+02   5.2510512912e+01   1.3656029626e+02
   2608.0000000000   1.3760178137e+02   5.2589916535e+01   1.3663814722e+02
   2609.0000000000   1.3768748079e+02   5.2662205348e+01   1.3671562957e+02
   2610.0000000000   1.3776798874e+02   5.2732335067e+01   1.3679277963e+02
   2611.0000000000   1.3784743612e+02   5.2801008682e+01   1.3687850642e+02
   2612.0000000000   1.3792622745e+02   5.2868561106e+01   1.3695874902e+02
   2613.0000000000   1.3800452572e+02   5.2935192976e+01   1.3703787222e+02
   2614.0000000000   1.3808241857e+02   5.3001039345e+01   1.3711630425e+02
   2615.0000000000   1.3815996085e+02   5.3066197892e+01   1.3719421811e+02
   2616.0000000000   1.3823719035e+02   5.3130742832e+01   1.3727170712e+02
   2617.0000000000   1.3831413486e+02   5.3194732616e+01   1.3734882991e+02
   2618.0000000000   1.3839081584e+02   5.3267095532e+01   1.3743450793e+02
   2619.0000000000   1.3846725043e+02   5.3333787412e+01   1.3752356868e+02
   2620.0000000000   1.3854345276e+02   5.3399187663e+01   1.3761517934e+02
   2621.0000000000   1.3861943471e+02   5.3463737325e+01   1.3770891532e+02
   2622.0000000000   1.3869520646e+02   5.3527620698e+01   1.3779562774e+02
   2623.0000000000   1.3877077688e+02   5.3590941119e+01   1.3788033061e+02
   2624.0000000000   1.3885456029e+02   5.3653766126e+01   1.3796373842e+02
   2625.0000000000   1.3894163921e+02   5.3725025171e+01   1.3804618309e+02
   2626.0000000000   1.3902280319e+02   5.3799552953e+01   1.3813673852e+02
   2627.0000000000   1.3910256293e+02   5.3867642159e+01   1.3822144739e+02
   2628.0000000000   1.3918146576e+02   5.3934076468e+01   1.3830474480e+02
   2629.0000000000   1.3925974542e+02   5.3999449242e+01   1.3838710929e+02
   2630.0000000000   1.3933753005e+02   5.4064020129e+01   1.3846875135e+02
   2631.0000000000   1.3941489985e+02   5.4127935334e+01   1.3854979313e+02
   2632.0000000000   1.3949190952e+02   5.4191288998e+01   1.3863919693e+02
   2633.0000000000   1.3957700515e+02   5.4254147126e+01   1.3872293820e+02
   2634.0000000000   1.3966529228e+02   5.4316558813e+01   1.3880540819e+02
   2635.0000000000   1.3974757769e+02   5.4378562205e+01   1.3888705527e+02
   2636.0000000000   1.3982838534e+02   5.4440187933e+01   1.3896806828e+02
   2637.0000000000   1.3990827299e+02   5.4501461246e+01   1.3904855335e+02
   2638.0000000000   1.3998748276e+02   5.4562403394e+01   1.3912857964e+02
   2639.0000000000   1.4006614957e+02   5.4623032570e+01   1.3920819645e+02
   2640.0000000000   1.4014435926e+02   5.4683364573e+01   1.3928744114e+02
   2641.0000000000   1.4023057772e+02   5.4752294256e+01   1.3936634322e+02
   2642.0000000000   1.4031992407e+02   5.4824631591e+01   1.3944492673e+02
   2643.0000000000   1.4040321494e+02   5.4899531700e+01   1.3952321177e+02
   2644.0000000000   1.4048498173e+02   5.4967680516e+01   1.3960121542e+02
   2645.0000000000   1.4058260112e+02   5.5034006300e+01   1.3967895244e+02
   2646.0000000000   1.4066965798e+02   5.5099172107e+01   1.3975643575e+02
   2647.0000000000   1.4075451953e+02   5.5163476180e+01   1.3983367678e+02
   2648.0000000000   1.4083805641e+02   5.5227087998e+01   1.3991068570e+02
   2649.0000000000   1.4092063346e+02   5.5290116559e+01   1.3998747168e+02
   2650.0000000000   1.4100245178e+02   5.5352637738e+01   1.4006404300e+02
   2651.0000000000   1.4108363895e+02   5.5423588350e+01   1.4014040721e+02
   2652.0000000000   1.4116428317e+02   5.5488927923e+01   1.4021657119e+02
   2653.0000000000   1.4124444914e+02   5.5553036855e+01   1.4029254131e+02
   2654.0000000000   1.4132418637e+02   5.5616355622e+01   1.4037720438e+02
   2655.0000000000   1.4140353402e+02   5.5679067084e+01   1.4046536347e+02
   2656.0000000000   1.4148252383e+02   5.5741272650e+01   1.4054728676e+02
   2657.0000000000   1.4156118209e+02   5.5803037678e+01   1.4062773823e+02
   2658.0000000000   1.4164793749e+02   5.5864408373e+01   1.4070729506e+02
   2659.0000000000   1.4172947798e+02   5.5925419484e+01   1.4078620333e+02
   2660.0000000000   1.4181834068e+02   5.5986098328e+01   1.4086459764e+02
   2661.0000000000   1.4190159975e+02   5.6055348065e+01   1.4094256211e+02
   2662.0000000000   1.4198353341e+02   5.6119103862e+01   1.4102015399e+02
   2663.0000000000   1.4206462129e+02   5.6181727867e+01   1.4110629562e+02
   2664.0000000000   1.4214507094e+02   5.6243646513e+01   1.4118693494e+02
   2665.0000000000   1.4222499907e+02   5.6305031595e+01   1.4126644287e+02
   2666.0000000000   1.4230448087e+02   5.6365975643e+01   1.4135413294e+02
   2667.0000000000   1.4238356903e+02   5.6426536767e+01   1.4144497891e+02
   2668.0000000000   1.4246230274e+02   5.6495636143e+01   1.4152933955e+02
   2669.0000000000   1.4254071238e+02   5.6559220170e+01   1.4161203448e+02
   2670.0000000000   1.4261882228e+02   5.6621658342e+01   1.4170255922e+02
   2671.0000000000   1.4269665246e+02   5.6683382063e+01   1.4178710322e+02
   2672.0000000000   1.4279103278e+02   5.6762328530e+01   1.4187016746e+02
   2673.0000000000   1.4287531566e+02   5.6830426090e+01   1.4195226431e+02
   2674.0000000000   1.4295774199e+02   5.6896427506e+01   1.4204250408e+02
   2675.0000000000   1.4304751078e+02   5.6961200005e+01   1.4212693669e+02
   2676.0000000000   1.4313160345e+02   5.7025094105e+01   1.4220999666e+02
   2677.0000000000   1.4321429810e+02   5.7088297607e+01   1.4230104081e+02
   2678.0000000000   1.4329608549e+02   5.7159807996e+01   1.4239507414e+02
   2679.0000000000   1.4337718409e+02   5.7225621173e+01   1.4248247895e+02
   2680.0000000000   1.4346612619e+02   5.7290140938e+01   1.4257697413e+02
   2681.0000000000   1.4354966319e+02   5.7362704611e+01   1.4266510556e+02
   2682.0000000000   1.4363196767e+02   5.7429422940e+01   1.4275150435e+02
   2683.0000000000   1.4371347412e+02   5.7494751946e+01   1.4283674782e+02
   2684.0000000000   1.4379436789e+02   5.7559175971e+01   1.4292110370e+02
   2685.0000000000   1.4389156690e+02   5.7622905812e+01   1.4300473052e+02
   2686.0000000000   1.4397847776e+02   5.7686061879e+01   1.4308773431e+02
   2687.0000000000   1.4407178428e+02   5.7748723085e+01   1.4317019148e+02
   2688.0000000000   1.4415897393e+02   5.7810945666e+01   1.4325215995e+02
   2689.0000000000   1.4425289921e+02   5.7872772020e+01   1.4333368525e+02
   2690.0000000000   1.4434079872e+02   5.7934235431e+01   1.4341480421e+02
   2691.0000000000   1.4442704983e+02   5.7995362835e+01   1.4349554729e+02
   2692.0000000000   1.4451219759e+02   5.8056176558e+01   1.4357594012e+02
   2693.0000000000   1.4459649543e+02   5.8116695458e+01   1.4365600459e+02
   2694.0000000000   1.4469690683e+02   5.8176935716e+01   1.4373575964e+02
   2695.0000000000   1.4478687071e+02   5.8236911394e+01   1.4381522183e+02
   2696.0000000000   1.4487468826e+02   5.8296634854e+01   1.4389440578e+02
   2697.0000000000   1.4496119626e+02   5.8364998028e+01   1.4397332447e+02
   2698.0000000000   1.4504674088e+02   5.8427927404e+01   1.4405198954e+02
   2699.0000000000   1.4513991902e+02   5.8489778255e+01   1.4413041149e+02
   2700.0000000000   1.4522752099e+02   5.8550971453e+01   1.4420859983e+02
   2701.0000000000   1.4531374557e+02   5.8611674219e+01   1.4428656322e+02
   2702.0000000000   1.4539904620e+02   5.8671975263e+01   1.4436430959e+02
   2703.0000000000   1.4548362270e+02   5.8731929467e+01   1.4444184623e+02
   2704.0000000000   1.4556759147e+02   5.8791574270e+01   1.4451917986e+02
   2705.0000000000   1.4565103037e+02   5.8850937006e+01   1.4460519768e+02
   2706.0000000000   1.4574240257e+02   5.8910038646e+01   1.4468582213e+02
   2707.0000000000   1.4582842059e+02   5.8968895905e+01   1.4477428601e+02
   2708.0000000000   1.4591323335e+02   5.9027522498e+01   1.4485692389e+02
   2709.0000000000   1.4600566667e+02   5.9085929952e+01   1.4494712780e+02
   2710.0000000000   1.4609256485e+02   5.9144128141e+01   1.4503131371e+02
   2711.0000000000   1.4617814016e+02   5.9202125654e+01   1.4511404085e+02
   2712.0000000000   1.4627125372e+02   5.9259930064e+01   1.4520472072e+02
   2713.0000000000   1.4635877144e+02   5.9317548120e+01   1.4528950440e+02
   2714.0000000000   1.4645332630e+02   5.9374985894e+01   1.4538175261e+02
   2715.0000000000   1.4656727124e+02   5.9441129862e+01   1.4546788108e+02
   2716.0000000000   1.4666493151e+02   5.9510782701e+01   1.4555245655e+02
   2717.0000000000   1.4675915795e+02   5.9574212147e+01   1.4563601852e+02
   2718.0000000000   1.4685135180e+02   5.9636181766e+01   1.4572769101e+02
   2719.0000000000   1.4695050686e+02   5.9697268296e+01   1.4581353178e+02
   2720.0000000000   1.4705201981e+02   5.9757717363e+01   1.4590686127e+02
   2721.0000000000   1.4714687558e+02   5.9817663156e+01   1.4599407532e+02
   2722.0000000000   1.4723971726e+02   5.9877189380e+01   1.4607973010e+02
   2723.0000000000   1.4733118735e+02   5.9945233849e+01   1.4617324035e+02
   2724.0000000000   1.4742159103e+02   6.0007754225e+01   1.4626076265e+02
   2725.0000000000   1.4751111185e+02   6.0069127842e+01   1.4634678290e+02
   2726.0000000000   1.4759987418e+02   6.0129791682e+01   1.4643180630e+02
   2727.0000000000   1.4768796863e+02   6.0198805990e+01   1.4651605889e+02
   2728.0000000000   1.4777546454e+02   6.0271066328e+01   1.4659967267e+02
   2729.0000000000   1.4786241687e+02   6.0336897838e+01   1.4668273562e+02
   2730.0000000000   1.4794887039e+02   6.0401102879e+01   1.4676531125e+02
   2731.0000000000   1.4803486234e+02   6.0473167007e+01   1.4685632883e+02
   2732.0000000000   1.4812042422e+02   6.0539273404e+01   1.4694174322e+02
   2733.0000000000   1.4820558306e+02   6.0612799842e+01   1.4702593193e+02
   2734.0000000000   1.4829036234e+02   6.0680172422e+01   1.4711821461e+02
   2735.0000000000   1.4837478265e+02   6.0745964774e+01   1.4721357067e+02
   2736.0000000000   1.4845886221e+02   6.0810721361e+01   1.4730236401e+02
   2737.0000000000   1.4854261726e+02   6.0874688924e+01   1.4739829995e+02
   2738.0000000000   1.4862606239e+02   6.0938011438e+01   1.4748791403e+02
   2739.0000000000   1.4871761731e+02   6.1000784253e+01   1.4757582937e+02
   2740.0000000000   1.4881236954e+02   6.1063075567e+01   1.4766261697e+02
   2741.0000000000   1.4890111328e+02   6.1124936775e+01   1.4774853955e+02
   2742.0000000000   1.4898836359e+02   6.1186408099e+01   1.4783375158e+02
   2743.0000000000   1.4907467183e+02   6.1256402902e+01   1.4791835578e+02
   2744.0000000000   1.4916027552e+02   6.1320864550e+01   1.4800242581e+02
   2745.0000000000   1.4924530628e+02   6.1384161874e+01   1.4808601733e+02
   2746.0000000000   1.4932984760e+02   6.1446726812e+01   1.4818693592e+02
   2747.0000000000   1.4941395722e+02   6.1508735741e+01   1.4827705018e+02
   2748.0000000000   1.4950608410e+02   6.1570285036e+01   1.4836508208e+02
   2749.0000000000   1.4959292993e+02   6.1631436063e+01   1.4845188183e+02
   2750.0000000000   1.4968704146e+02   6.1692231792e+01   1.4853779018e+02
   2751.0000000000   1.4977549981e+02   6.1752704316e+01   1.4862298928e+02
   2752.0000000000   1.4986258842e+02   6.1812878726e+01   1.4870759239e+02
   2753.0000000000   1.4994879088e+02   6.1872775326e+01   1.4880055799e+02
   2754.0000000000   1.5004272436e+02   6.1932410983e+01   1.4889674026e+02
   2755.0000000000   1.5013117710e+02   6.1991799994e+01   1.4898644562e+02
   2756.0000000000   1.5021834054e+02   6.2050954689e+01   1.4907446769e+02
   2757.0000000000   1.5030465986e+02   6.2109885838e+01   1.4916140724e+02
   2758.0000000000   1.5039032701e+02   6.2168602961e+01   1.4925641052e+02
   2759.0000000000   1.5047545121e+02   6.2227114552e+01   1.4934554475e+02
   2760.0000000000   1.5056010398e+02   6.2285428249e+01   1.4944213486e+02
   2761.0000000000   1.5064433630e+02   6.2343550972e+01   1.4954146005e+02
   2762.0000000000   1.5072818666e+02   6.2410369996e+01   1.4963399458e+02
   2763.0000000000   1.5082009186e+02   6.2471807778e+01   1.4972461961e+02
   2764.0000000000   1.5091515204e+02   6.2532216075e+01   1.4982286962e+02
   2765.0000000000   1.5101257742e+02   6.2592012665e+01   1.4991496132e+02
   2766.0000000000   1.5110355935e+02   6.2651362033e+01   1.5001429704e+02
   2767.0000000000   1.5120117567e+02   6.2710350445e+01   1.5010732177e+02
   2768.0000000000   1.5129272818e+02   6.2769030598e+01   1.5019862416e+02
   2769.0000000000   1.5138261770e+02   6.2827437957e+01   1.5028876095e+02
   2770.0000000000   1.5147139899e+02   6.2894479039e+01   1.5038687012e+02
   2771.0000000000   1.5155932959e+02   6.2956089874e+01   1.5047902104e+02
   2772.0000000000   1.5164656150e+02   6.3016632126e+01   1.5056966302e+02
   2773.0000000000   1.5173319588e+02   6.3076531013e+01   1.5065928369e+02
   2774.0000000000   1.5181930521e+02   6.3135956731e+01   1.5074810013e+02
   2775.0000000000   1.5191335068e+02   6.3203880982e+01   1.5083623971e+02
   2776.0000000000   1.5200204408e+02   6.3266276687e+01   1.5092378816e+02
   2777.0000000000   1.5208953409e+02   6.3327528608e+01   1.5101080805e+02
   2778.0000000000   1.5217623988e+02   6.3396958450e+01   1.5109734758e+02
   2779.0000000000   1.5226233666e+02   6.3460664074e+01   1.5119232628e+02
   2780.0000000000   1.5234792234e+02   6.3531971721e+01   1.5128169252e+02
   2781.0000000000   1.5244146711e+02   6.3597273341e+01   1.5137870039e+02
   2782.0000000000   1.5252968537e+02   6.3661118431e+01   1.5146970218e+02
   2783.0000000000   1.5261672574e+02   6.3724033588e+01   1.5155922402e+02
   2784.0000000000   1.5271141276e+02   6.3786251837e+01   1.5164777810e+02
   2785.0000000000   1.5280058907e+02   6.3856787305e+01   1.5173558839e+02
   2786.0000000000   1.5288846519e+02   6.3921643283e+01   1.5182278237e+02
   2787.0000000000   1.5298390045e+02   6.3994108192e+01   1.5190944311e+02
   2788.0000000000   1.5307375909e+02   6.4060556965e+01   1.5199562956e+02
   2789.0000000000   1.5316226598e+02   6.4143293034e+01   1.5208138606e+02
   2790.0000000000   1.5324988396e+02   6.4214672678e+01   1.5216674735e+02
   2791.0000000000   1.5333681555e+02   6.4283620334e+01   1.5225174158e+02
   2792.0000000000   1.5342317684e+02   6.4351094593e+01   1.5233639210e+02
   2793.0000000000   1.5350904410e+02   6.4417502254e+01   1.5242071870e+02
   2794.0000000000   1.5359447181e+02   6.4483069054e+01   1.5250473841e+02
   2795.0000000000   1.5367950108e+02   6.4547938687e+01   1.5258846607e+02
   2796.0000000000   1.5377257079e+02   6.4612210718e+01   1.5267191479e+02
   2797.0000000000   1.5386878272e+02   6.4675958248e+01   1.5276397721e+02
   2798.0000000000   1.5395894191e+02   6.4739237252e+01   1.5285058050e+02
   2799.0000000000   1.5404757182e+02   6.4802091996e+01   1.5295384252e+02
   2800.0000000000   1.5413523045e+02   6.4864558372e+01   1.5304601812e+02
   2801.0000000000   1.5423056712e+02   6.4926666091e+01   1.5313596799e+02
   2802.0000000000   1.5432038675e+02   6.4988440156e+01   1.5322460713e+02
   2803.0000000000   1.5440889053e+02   6.5049901914e+01   1.5332119180e+02
   2804.0000000000   1.5450493638e+02   6.5111069810e+01   1.5342072163e+02
   2805.0000000000   1.5459538951e+02   6.5180840913e+01   1.5351358505e+02
   2806.0000000000   1.5468447637e+02   6.5254027056e+01   1.5360462629e+02
   2807.0000000000   1.5477266151e+02   6.5320903948e+01   1.5369447943e+02
   2808.0000000000   1.5486855553e+02   6.5386242150e+01   1.5379231365e+02
   2809.0000000000   1.5496735145e+02   6.5450624574e+01   1.5389309355e+02
   2810.0000000000   1.5505991002e+02   6.5514302325e+01   1.5398719183e+02
   2811.0000000000   1.5515079178e+02   6.5577414480e+01   1.5407944557e+02
   2812.0000000000   1.5524058090e+02   6.5640049126e+01   1.5417048575e+02
   2813.0000000000   1.5533794601e+02   6.5702267050e+01   1.5426059961e+02
   2814.0000000000   1.5542970675e+02   6.5764112799e+01   1.5435883521e+02
   2815.0000000000   1.5554529543e+02   6.5825620501e+01   1.5445121952e+02
   2816.0000000000   1.5564517980e+02   6.5886817212e+01   1.5454217775e+02
   2817.0000000000   1.5575031279e+02   6.5947724975e+01   1.5463218210e+02
   2818.0000000000   1.5584865430e+02   6.6008362139e+01   1.5473031995e+02
   2819.0000000000   1.5594485166e+02   6.6068744260e+01   1.5482262748e+02
   2820.0000000000   1.5603958568e+02   6.6128884724e+01   1.5491353081e+02
   2821.0000000000   1.5613318972e+02   6.6197676168e+01   1.5500350058e+02
   2822.0000000000   1.5622586616e+02   6.6261045546e+01   1.5509274102e+02
   2823.0000000000   1.5631775204e+02   6.6323348437e+01   1.5518136945e+02
   2824.0000000000   1.5641735314e+02   6.6385005893e+01   1.5526946354e+02
   2825.0000000000   1.5651141388e+02   6.6446185230e+01   1.5535707933e+02
   2826.0000000000   1.5660410780e+02   6.6506975186e+01   1.5544425961e+02
   2827.0000000000   1.5669587356e+02   6.6567430622e+01   1.5553103839e+02
   2828.0000000000   1.5679530860e+02   6.6627588922e+01   1.5561744351e+02
   2829.0000000000   1.5688919280e+02   6.6687477335e+01   1.5571237928e+02
   2830.0000000000   1.5698171482e+02   6.6747116731e+01   1.5580178229e+02
   2831.0000000000   1.5708172647e+02   6.6806523705e+01   1.5589001623e+02
   2832.0000000000   1.5719290340e+02   6.6865711845e+01   1.5597750907e+02
   2833.0000000000   1.5729280954e+02   6.6924692543e+01   1.5606443411e+02
   2834.0000000000   1.5739013843e+02   6.6983475531e+01   1.5615976630e+02
   2835.0000000000   1.5748587690e+02   6.7050950223e+01   1.5624948180e+02
   2836.0000000000   1.5758044671e+02   6.7113040725e+01   1.5633796854e+02
   2837.0000000000   1.5767408231e+02   6.7174100075e+01   1.5642567031e+02
   2838.0000000000   1.5777533977e+02   6.7234547058e+01   1.5651277124e+02
   2839.0000000000   1.5787099205e+02   6.7303427921e+01   1.5659937293e+02
   2840.0000000000   1.5796523001e+02   6.7366746243e+01   1.5668554045e+02
   2841.0000000000   1.5805850348e+02   6.7428901655e+01   1.5677131945e+02
   2842.0000000000   1.5815101077e+02   6.7499223857e+01   1.5686562498e+02
   2843.0000000000   1.5824286784e+02   6.7563815317e+01   1.5696328132e+02
   2844.0000000000   1.5833415279e+02   6.7627124091e+01   1.5705457310e+02
   2845.0000000000   1.5842492276e+02   6.7689627196e+01   1.5715315844e+02
   2846.0000000000   1.5851522193e+02   6.7760409785e+01   1.5724554191e+02
   2847.0000000000   1.5860508581e+02   6.7825503008e+01   1.5734520587e+02
   2848.0000000000   1.5869454371e+02   6.7889326895e+01   1.5744750294e+02
   2849.0000000000   1.5878362041e+02   6.7952345772e+01   1.5754294667e+02
   2850.0000000000   1.5887233717e+02   6.8014757660e+01   1.5764532211e+02
   2851.0000000000   1.5896071250e+02   6.8076673987e+01   1.5774121361e+02
   2852.0000000000   1.5904876271e+02   6.8138166906e+01   1.5784415777e+02
   2853.0000000000   1.5914490881e+02   6.8199287299e+01   1.5794066513e+02
   2854.0000000000   1.5924423938e+02   6.8260073169e+01   1.5804424258e+02
   2855.0000000000   1.5933754944e+02   6.8320554093e+01   1.5814138679e+02
   2856.0000000000   1.5943776121e+02   6.8380753814e+01   1.5824559766e+02
   2857.0000000000   1.5953209565e+02   6.8440691860e+01   1.5834336821e+02
   2858.0000000000   1.5962490496e+02   6.8500384609e+01   1.5843931544e+02
   2859.0000000000   1.5971671191e+02   6.8568726986e+01   1.5853401476e+02
   2860.0000000000   1.5980775167e+02   6.8631647725e+01   1.5862773635e+02
   2861.0000000000   1.5989815989e+02   6.8693503793e+01   1.5872064272e+02
   2862.0000000000   1.5999643185e+02   6.8763598309e+01   1.5881284425e+02
   2863.0000000000   1.6008929950e+02   6.8836897106e+01   1.5890442169e+02
   2864.0000000000   1.6018092409e+02   6.8903752725e+01   1.5899543703e+02
   2865.0000000000   1.6027173304e+02   6.8968979871e+01   1.5908593959e+02
   2866.0000000000   1.6037031368e+02   6.9033189137e+01   1.5917596968e+02
   2867.0000000000   1.6046343689e+02   6.9096650048e+01   1.5926556093e+02
   2868.0000000000   1.6055528336e+02   6.9159514473e+01   1.5935474188e+02
   2869.0000000000   1.6064629131e+02   6.9230760648e+01   1.5944353708e+02
   2870.0000000000   1.6073664802e+02   6.9296372787e+01   1.5953196792e+02
   2871.0000000000   1.6082645949e+02   6.9360746933e+01   1.5962005319e+02
   2872.0000000000   1.6091579498e+02   6.9424333930e+01   1.5970780957e+02
   2873.0000000000   1.6101311039e+02   6.9487323727e+01   1.5979525194e+02
   2874.0000000000   1.6110511211e+02   6.9549822694e+01   1.5988239372e+02
   2875.0000000000   1.6119594381e+02   6.9611899719e+01   1.5997812801e+02
   2876.0000000000   1.6128602025e+02   6.9673603534e+01   1.6007726347e+02
   2877.0000000000   1.6137551277e+02   6.9734970711e+01   1.6017007332e+02
   2878.0000000000   1.6146451599e+02   6.9796029870e+01   1.6026132611e+02
   2879.0000000000   1.6155309068e+02   6.9856804122e+01   1.6035160314e+02
   2880.0000000000   1.6164127972e+02   6.9917312587e+01   1.6044115424e+02
   2881.0000000000   1.6173752184e+02   6.9986452363e+01   1.6053011747e+02
   2882.0000000000   1.6182851140e+02   7.0050153945e+01   1.6061858011e+02
   2883.0000000000   1.6191838324e+02   7.0112775766e+01   1.6070660232e+02
   2884.0000000000   1.6200754532e+02   7.0183622182e+01   1.6079422814e+02
   2885.0000000000   1.6210457017e+02   7.0257660088e+01   1.6088149134e+02
   2886.0000000000   1.6219621712e+02   7.0334123918e+01   1.6096841869e+02
   2887.0000000000   1.6229506415e+02   7.0403745866e+01   1.6105503206e+02
   2888.0000000000   1.6238821100e+02   7.0471483680e+01   1.6115023063e+02
   2889.0000000000   1.6247995297e+02   7.0546901353e+01   1.6123994658e+02
   2890.0000000000   1.6257078166e+02   7.0616227932e+01   1.6133742067e+02
   2891.0000000000   1.6266091327e+02   7.0683989653e+01   1.6143787511e+02
   2892.0000000000   1.6275047102e+02   7.0759597076e+01   1.6153174325e+02
   2893.0000000000   1.6283953506e+02   7.0829208582e+01   1.6162387564e+02
   2894.0000000000   1.6292816203e+02   7.0897313053e+01   1.6171490207e+02
   2895.0000000000   1.6301639421e+02   7.0964418518e+01   1.6180510375e+02
   2896.0000000000   1.6311267107e+02   7.1039634421e+01   1.6190352129e+02
   2897.0000000000   1.6320368810e+02   7.1109011400e+01   1.6199617420e+02
   2898.0000000000   1.6330198785e+02   7.1176985432e+01   1.6208748062e+02
   2899.0000000000   1.6339464848e+02   7.1244034101e+01   1.6217790632e+02
   2900.0000000000   1.6348595122e+02   7.1310366612e+01   1.6226765186e+02
   2901.0000000000   1.6357637806e+02   7.1376103930e+01   1.6235683155e+02
   2902.0000000000   1.6366613834e+02   7.1441326428e+01   1.6244552038e+02
   2903.0000000000   1.6375535025e+02   7.1506092137e+01   1.6253377193e+02
   2904.0000000000   1.6384409017e+02   7.1570445326e+01   1.6262162672e+02
   2905.0000000000   1.6393241175e+02   7.1634421099e+01   1.6270911666e+02
   2906.0000000000   1.6402035501e+02   7.1706929078e+01   1.6279626766e+02
   2907.0000000000   1.6410795100e+02   7.1773909856e+01   1.6289198218e+02
   2908.0000000000   1.6419522467e+02   7.1839730182e+01   1.6299107610e+02
   2909.0000000000   1.6428219656e+02   7.1904820423e+01   1.6308382819e+02
   2910.0000000000   1.6439410350e+02   7.1969355766e+01   1.6317501139e+02
   2911.0000000000   1.6449096737e+02   7.2033431679e+01   1.6326521047e+02
   2912.0000000000   1.6458514367e+02   7.2097108839e+01   1.6335467804e+02
   2913.0000000000   1.6468622256e+02   7.2160429697e+01   1.6344355438e+02
   2914.0000000000   1.6478133714e+02   7.2223425952e+01   1.6353192860e+02
   2915.0000000000   1.6487484342e+02   7.2295003379e+01   1.6361986229e+02
   2916.0000000000   1.6496727856e+02   7.2361098752e+01   1.6371628169e+02
   2917.0000000000   1.6505889134e+02   7.2426075225e+01   1.6380713820e+02
   2918.0000000000   1.6514982863e+02   7.2490359863e+01   1.6390568681e+02
   2919.0000000000   1.6524018819e+02   7.2554124855e+01   1.6399827954e+02
   2920.0000000000   1.6533004009e+02   7.2617462961e+01   1.6408944151e+02
   2921.0000000000   1.6541943711e+02   7.2680432422e+01   1.6418856447e+02
   2922.0000000000   1.6550842052e+02   7.2743073493e+01   1.6428178745e+02
   2923.0000000000   1.6559702350e+02   7.2805415897e+01   1.6437358262e+02
   2924.0000000000   1.6569367991e+02   7.2867482652e+01   1.6447332510e+02
   2925.0000000000   1.6578508168e+02   7.2938173210e+01   1.6457602967e+02
   2926.0000000000   1.6587536253e+02   7.3003419504e+01   1.6467208405e+02
   2927.0000000000   1.6596493009e+02   7.3076461815e+01   1.6476632934e+02
   2928.0000000000   1.6605395038e+02   7.3143640743e+01   1.6485939661e+02
   2929.0000000000   1.6614251396e+02   7.3209472286e+01   1.6495157164e+02
   2930.0000000000   1.6623067842e+02   7.3274459828e+01   1.6504301957e+02
   2931.0000000000   1.6631848407e+02   7.3338819596e+01   1.6513384859e+02
   2932.0000000000   1.6640596104e+02   7.3402672172e+01   1.6522413546e+02
   2933.0000000000   1.6650153943e+02   7.3466094509e+01   1.6531393759e+02
   2934.0000000000   1.6659190741e+02   7.3529140047e+01   1.6541218070e+02
   2935.0000000000   1.6668119513e+02   7.3600729097e+01   1.6550481735e+02
   2936.0000000000   1.6676980693e+02   7.3666808578e+01   1.6559622346e+02
   2937.0000000000   1.6685790586e+02   7.3731748952e+01   1.6568683661e+02
   2938.0000000000   1.6694557982e+02   7.3795982672e+01   1.6577683776e+02
   2939.0000000000   1.6703288400e+02   7.3859685982e+01   1.6586632705e+02
   2940.0000000000   1.6711985659e+02   7.3922954737e+01   1.6595536903e+02
   2941.0000000000   1.6720652580e+02   7.3985849568e+01   1.6604400941e+02
   2942.0000000000   1.6729291349e+02   7.4048412596e+01   1.6614116359e+02
   2943.0000000000   1.6738744376e+02   7.4110675010e+01   1.6623277540e+02
   2944.0000000000   1.6747680017e+02   7.4172660988e+01   1.6632321340e+02
   2945.0000000000   1.6756510922e+02   7.4234389931e+01   1.6641290893e+02
   2946.0000000000   1.6765277227e+02   7.4295877828e+01   1.6650203767e+02
   2947.0000000000   1.6773994991e+02   7.4357138137e+01   1.6659069526e+02
   2948.0000000000   1.6783513442e+02   7.4418182383e+01   1.6667894241e+02
   2949.0000000000   1.6792504824e+02   7.4487901547e+01   1.6676682145e+02
   2950.0000000000   1.6801384220e+02   7.4552221111e+01   1.6685436395e+02
   2951.0000000000   1.6810193391e+02   7.4615495325e+01   1.6694159452e+02
   2952.0000000000   1.6818949536e+02   7.4678144052e+01   1.6702853305e+02
   2953.0000000000   1.6827662065e+02   7.4740333530e+01   1.6711519607e+02
   2954.0000000000   1.6836336940e+02   7.4802151515e+01   1.6720159758e+02
   2955.0000000000   1.6844978304e+02   7.4863651976e+01   1.6728774968e+02
   2956.0000000000   1.6853589214e+02   7.4924871477e+01   1.6737366294e+02
   2957.0000000000   1.6862172036e+02   7.4985836517e+01   1.6745934672e+02
   2958.0000000000   1.6871569315e+02   7.5055448241e+01   1.6754480940e+02
   2959.0000000000   1.6880449508e+02   7.5119639284e+01   1.6763005851e+02
   2960.0000000000   1.6889225344e+02   7.5191650046e+01   1.6771510093e+02
   2961.0000000000   1.6897937017e+02   7.5257820908e+01   1.6779994289e+02
   2962.0000000000   1.6906600630e+02   7.5322667441e+01   1.6789347114e+02
   2963.0000000000   1.6915224794e+02   7.5386692489e+01   1.6798160765e+02
   2964.0000000000   1.6924655525e+02   7.5450111668e+01   1.6806870379e+02
   2965.0000000000   1.6933563404e+02   7.5521925888e+01   1.6815517701e+02
   2966.0000000000   1.6942362547e+02   7.5588128131e+01   1.6824119150e+02
   2967.0000000000   1.6952775412e+02   7.5661998587e+01   1.6832683331e+02
   2968.0000000000   1.6962152595e+02   7.5729905502e+01   1.6841215491e+02
   2969.0000000000   1.6971326060e+02   7.5796384843e+01   1.6849719162e+02
   2970.0000000000   1.6980379716e+02   7.5861954910e+01   1.6858196883e+02
   2971.0000000000   1.6989347812e+02   7.5926843352e+01   1.6866650578e+02
   2972.0000000000   1.6999089458e+02   7.5991179693e+01   1.6875081761e+02
   2973.0000000000   1.7009123692e+02   7.6063928977e+01   1.6884379755e+02
   2974.0000000000   1.7018536659e+02   7.6131067075e+01   1.6894025348e+02
   2975.0000000000   1.7027784516e+02   7.6196984477e+01   1.6903933815e+02
   2976.0000000000   1.7037766416e+02   7.6262128180e+01   1.6913173502e+02
   2977.0000000000   1.7047175518e+02   7.6326685382e+01   1.6923125083e+02
   2978.0000000000   1.7056438320e+02   7.6390760435e+01   1.6933334384e+02
   2979.0000000000   1.7065603742e+02   7.6454420711e+01   1.6942857302e+02
   2980.0000000000   1.7074693875e+02   7.6517713782e+01   1.6953074582e+02
   2981.0000000000   1.7083721675e+02   7.6580675314e+01   1.6962645849e+02
   2982.0000000000   1.7092695786e+02   7.6643333212e+01   1.6972037318e+02
   2983.0000000000   1.7101622444e+02   7.6705710015e+01   1.6982196829e+02
   2984.0000000000   1.7111347036e+02   7.6767824377e+01   1.6992632280e+02
   2985.0000000000   1.7120540202e+02   7.6829692043e+01   1.7003274875e+02
   2986.0000000000   1.7129616393e+02   7.6900207482e+01   1.7013203484e+02
   2987.0000000000   1.7138617203e+02   7.6965299103e+01   1.7022918149e+02
   2988.0000000000   1.7147559887e+02   7.7029323644e+01   1.7033378590e+02
   2989.0000000000   1.7157294677e+02   7.7092703102e+01   1.7043210352e+02
   2990.0000000000   1.7166494664e+02   7.7155605562e+01   1.7052868198e+02
   2991.0000000000   1.7175575656e+02   7.7227001364e+01   1.7062406852e+02
   2992.0000000000   1.7184580040e+02   7.7301743540e+01   1.7071851956e+02
   2993.0000000000   1.7196047520e+02   7.7379013993e+01   1.7081218998e+02
   2994.0000000000   1.7205988694e+02   7.7449516306e+01   1.7090518557e+02
   2995.0000000000   1.7215644220e+02   7.7518190864e+01   1.7100646499e+02
   2996.0000000000   1.7225135853e+02   7.7585709305e+01   1.7110200481e+02
   2997.0000000000   1.7234512399e+02   7.7652376076e+01   1.7119619921e+02
   2998.0000000000   1.7244640464e+02   7.7718365221e+01   1.7129838113e+02
   2999.0000000000   1.7254202947e+02   7.7792670094e+01   1.7139465981e+02
   3000.0000000000   1.7263622085e+02   7.7861285782e+01   1.7148949141e+02
   3001.0000000000   1.7272944741e+02   7.7937497431e+01   1.7159224233e+02
   3002.0000000000   1.7282191928e+02   7.8007678844e+01   1.7168904166e+02
   3003.0000000000   1.7291375997e+02   7.8085252349e+01   1.7178435814e+02
   3004.0000000000   1.7300505248e+02   7.8156657878e+01   1.7187868556e+02
   3005.0000000000   1.7310426368e+02   7.8226473981e+01   1.7198112308e+02
   3006.0000000000   1.7320651538e+02   7.8304128001e+01   1.7207771383e+02
   3007.0000000000   1.7330262762e+02   7.8375784163e+01   1.7217288819e+02
   3008.0000000000   1.7339713551e+02   7.8454814250e+01   1.7227600057e+02
   3009.0000000000   1.7349060629e+02   7.8527643412e+01   1.7237317374e+02
   3010.0000000000   1.7359169684e+02   7.8598846424e+01   1.7246887275e+02
   3011.0000000000   1.7368721831e+02   7.8677850747e+01   1.7256358911e+02
   3012.0000000000   1.7378137713e+02   7.8750822152e+01   1.7265753946e+02
   3013.0000000000   1.7387462915e+02   7.8822253475e+01   1.7275084915e+02
   3014.0000000000   1.7396717434e+02   7.8892655287e+01   1.7284360133e+02
   3015.0000000000   1.7405912824e+02   7.8962257956e+01   1.7293585593e+02
   3016.0000000000   1.7415056746e+02   7.9040077974e+01   1.7302765863e+02
   3017.0000000000   1.7424995375e+02   7.9112122929e+01   1.7311904563e+02
   3018.0000000000   1.7434399823e+02   7.9182805222e+01   1.7321004649e+02
   3019.0000000000   1.7444525500e+02   7.9261469113e+01   1.7330068592e+02
   3020.0000000000   1.7454081112e+02   7.9343112183e+01   1.7339098496e+02
   3021.0000000000   1.7463495492e+02   7.9418112209e+01   1.7348096176e+02
   3022.0000000000   1.7472817417e+02   7.9491304428e+01   1.7357063222e+02
   3023.0000000000   1.7482068302e+02   7.9563316458e+01   1.7366889134e+02
   3024.0000000000   1.7491260376e+02   7.9634432154e+01   1.7376166833e+02
   3025.0000000000   1.7500401623e+02   7.9713696582e+01   1.7385332088e+02
   3026.0000000000   1.7509497715e+02   7.9787134230e+01   1.7394427202e+02
   3027.0000000000   1.7518552916e+02   7.9859168253e+01   1.7403469095e+02
   3028.0000000000   1.7527570568e+02   7.9930269184e+01   1.7412466814e+02
   3029.0000000000   1.7536553374e+02   8.0000642056e+01   1.7421426011e+02
   3030.0000000000   1.7545503574e+02   8.0070405266e+01   1.7430350578e+02
   3031.0000000000   1.7554423060e+02   8.0139637580e+01   1.7439243387e+02
   3032.0000000000   1.7563313459e+02   8.0208396030e+01   1.7448106663e+02
   3033.0000000000   1.7572176186e+02   8.0276724287e+01   1.7456942193e+02
   3034.0000000000   1.7581012488e+02   8.0344657136e+01   1.7466639556e+02
   3035.0000000000   1.7589823471e+02   8.0412223101e+01   1.7477567869e+02
   3036.0000000000   1.7598610130e+02   8.0479446105e+01   1.7487346194e+02
   3037.0000000000   1.7607373359e+02   8.0546346568e+01   1.7496886054e+02
   3038.0000000000   1.7616113973e+02   8.0612942175e+01   1.7506286852e+02
   3039.0000000000   1.7624832715e+02   8.0679248423e+01   1.7515589528e+02
   3040.0000000000   1.7635211573e+02   8.0745279029e+01   1.7524816039e+02
   3041.0000000000   1.7644584986e+02   8.0811046241e+01   1.7533979924e+02
   3042.0000000000   1.7653776383e+02   8.0876561072e+01   1.7543978404e+02
   3043.0000000000   1.7662864468e+02   8.0941833492e+01   1.7553409685e+02
   3044.0000000000   1.7671880020e+02   8.1006872576e+01   1.7562713321e+02
   3045.0000000000   1.7680839038e+02   8.1080567597e+01   1.7571934416e+02
   3046.0000000000   1.7689751189e+02   8.1148842865e+01   1.7581092015e+02
   3047.0000000000   1.7699463551e+02   8.1216051857e+01   1.7590196822e+02
   3048.0000000000   1.7708647595e+02   8.1291494926e+01   1.7599255794e+02
   3049.0000000000   1.7718558808e+02   8.1361254729e+01   1.7608273877e+02
   3050.0000000000   1.7727905818e+02   8.1429765367e+01   1.7617254796e+02
   3051.0000000000   1.7737117302e+02   8.1497493701e+01   1.7626201482e+02
   3052.0000000000   1.7746241837e+02   8.1564636342e+01   1.7635116310e+02
   3053.0000000000   1.7757822580e+02   8.1631302002e+01   1.7644001254e+02
   3054.0000000000   1.7767872245e+02   8.1697559834e+01   1.7652857986e+02
   3055.0000000000   1.7777632868e+02   8.1763457828e+01   1.7661687945e+02
   3056.0000000000   1.7787227144e+02   8.1837912321e+01   1.7670492384e+02
   3057.0000000000   1.7796704543e+02   8.1906867229e+01   1.7680160505e+02
   3058.0000000000   1.7807772804e+02   8.1974690682e+01   1.7689284958e+02
   3059.0000000000   1.7817782085e+02   8.2050694258e+01   1.7698301267e+02
   3060.0000000000   1.7827566311e+02   8.2129850359e+01   1.7708139613e+02
   3061.0000000000   1.7837211630e+02   8.2202516743e+01   1.7718296473e+02
   3062.0000000000   1.7846754346e+02   8.2273512332e+01   1.7727807023e+02
   3063.0000000000   1.7857055346e+02   8.2343451189e+01   1.7737152669e+02
   3064.0000000000   1.7867635191e+02   8.2412605734e+01   1.7747282523e+02
   3065.0000000000   1.7878421975e+02   8.2490011257e+01   1.7756815167e+02
   3066.0000000000   1.7888539873e+02   8.2561683797e+01   1.7766200407e+02
   3067.0000000000   1.7898459767e+02   8.2632039143e+01   1.7777265430e+02
   3068.0000000000   1.7908247825e+02   8.2701541349e+01   1.7787216305e+02
   3069.0000000000   1.7917934984e+02   8.2770389715e+01   1.7796935476e+02
   3070.0000000000   1.7927539488e+02   8.2838697532e+01   1.7808290374e+02
   3071.0000000000   1.7938754771e+02   8.2906538991e+01   1.7819390595e+02
   3072.0000000000   1.7949763994e+02   8.2973967009e+01   1.7829718141e+02
   3073.0000000000   1.7960063479e+02   8.3041021537e+01   1.7839803600e+02
   3074.0000000000   1.7970147962e+02   8.3107733983e+01   1.7849729509e+02
   3075.0000000000   1.7981772265e+02   8.3174129797e+01   1.7860423173e+02
   3076.0000000000   1.7992304295e+02   8.3240230093e+01   1.7871387529e+02
   3077.0000000000   1.8002586778e+02   8.3314933684e+01   1.7881664253e+02
   3078.0000000000   1.8012710963e+02   8.3384172568e+01   1.7891740225e+02
   3079.0000000000   1.8022716440e+02   8.3452306496e+01   1.7901680931e+02
   3080.0000000000   1.8032625729e+02   8.3519760031e+01   1.7912405049e+02
   3081.0000000000   1.8043294166e+02   8.3595584442e+01   1.7922522432e+02
   3082.0000000000   1.8053399061e+02   8.3665787707e+01   1.7932479955e+02
   3083.0000000000   1.8063359635e+02   8.3743654311e+01   1.7942327776e+02
   3084.0000000000   1.8073221049e+02   8.3824434084e+01   1.7952088655e+02
   3085.0000000000   1.8083003330e+02   8.3898579014e+01   1.7961776148e+02
   3086.0000000000   1.8092718269e+02   8.3970952791e+01   1.7972287582e+02
   3087.0000000000   1.8102373855e+02   8.4042194852e+01   1.7982221418e+02
   3088.0000000000   1.8111975974e+02   8.4112593663e+01   1.7992017566e+02
   3089.0000000000   1.8121529201e+02   8.4182314483e+01   1.8001721545e+02
   3090.0000000000   1.8131037227e+02   8.4251464536e+01   1.8012240933e+02
   3091.0000000000   1.8140503114e+02   8.4320119066e+01   1.8022178542e+02
   3092.0000000000   1.8149929455e+02   8.4388333823e+01   1.8031976402e+02
   3093.0000000000   1.8160159135e+02   8.4456151804e+01   1.8041681159e+02
   3094.0000000000   1.8169861007e+02   8.4523607213e+01   1.8052201020e+02
   3095.0000000000   1.8179448213e+02   8.4599608904e+01   1.8062139157e+02
   3096.0000000000   1.8188961363e+02   8.4670096750e+01   1.8072825906e+02
   3097.0000000000   1.8198416965e+02   8.4739436802e+01   1.8082899697e+02
   3098.0000000000   1.8207824023e+02   8.4816939710e+01   1.8092815349e+02
   3099.0000000000   1.8217188275e+02   8.4888696672e+01   1.8102625680e+02
   3100.0000000000   1.8226513753e+02   8.4959148945e+01   1.8112354288e+02
   3101.0000000000   1.8236644142e+02   8.5028769440e+01   1.8122902943e+02
   3102.0000000000   1.8246248735e+02   8.5097759927e+01   1.8133760451e+02
   3103.0000000000   1.8255740908e+02   8.5166233550e+01   1.8143959613e+02
   3104.0000000000   1.8265161380e+02   8.5234263290e+01   1.8153981277e+02
   3105.0000000000   1.8274526691e+02   8.5301900470e+01   1.8163886602e+02
   3106.0000000000   1.8283845829e+02   8.5378064340e+01   1.8174591034e+02
   3107.0000000000   1.8293124488e+02   8.5448701376e+01   1.8184701943e+02
   3108.0000000000   1.8302366637e+02   8.5518181969e+01   1.8194664249e+02
   3109.0000000000   1.8311575236e+02   8.5586938732e+01   1.8204526539e+02
   3110.0000000000   1.8321593248e+02   8.5655148204e+01   1.8214310292e+02
   3111.0000000000   1.8331089450e+02   8.5731787589e+01   1.8224028006e+02
   3112.0000000000   1.8340476823e+02   8.5802834621e+01   1.8233688024e+02
   3113.0000000000   1.8350636425e+02   8.5872678307e+01   1.8243296393e+02
   3114.0000000000   1.8360251445e+02   8.5941763150e+01   1.8252857744e+02
   3115.0000000000   1.8369742078e+02   8.6010273703e+01   1.8262375759e+02
   3116.0000000000   1.8379152912e+02   8.6078311827e+01   1.8271853458e+02
   3117.0000000000   1.8388502891e+02   8.6154823635e+01   1.8281293372e+02
   3118.0000000000   1.8397802595e+02   8.6234652397e+01   1.8290697656e+02
   3119.0000000000   1.8407058817e+02   8.6308095207e+01   1.8300068180e+02
   3120.0000000000   1.8416276317e+02   8.6379937815e+01   1.8309406579e+02
   3121.0000000000   1.8426299288e+02   8.6450774291e+01   1.8318714302e+02
   3122.0000000000   1.8435797383e+02   8.6529745122e+01   1.8327992642e+02
   3123.0000000000   1.8445184230e+02   8.6602912551e+01   1.8337242763e+02
   3124.0000000000   1.8454500729e+02   8.6674716192e+01   1.8346465719e+02
   3125.0000000000   1.8463763544e+02   8.6745633751e+01   1.8355662470e+02
   3126.0000000000   1.8473822399e+02   8.6815872972e+01   1.8365721990e+02
   3127.0000000000   1.8483349947e+02   8.6894433651e+01   1.8375236759e+02
   3128.0000000000   1.8492761614e+02   8.6967310460e+01   1.8384642164e+02
   3129.0000000000   1.8502940107e+02   8.7047786441e+01   1.8393980187e+02
   3130.0000000000   1.8512569781e+02   8.7122233088e+01   1.8403267462e+02
   3131.0000000000   1.8522071686e+02   8.7195189686e+01   1.8412512792e+02
   3132.0000000000   1.8533172365e+02   8.7267177744e+01   1.8421721614e+02
   3133.0000000000   1.8543225072e+02   8.7338427952e+01   1.8430897628e+02
   3134.0000000000   1.8553063629e+02   8.7409072675e+01   1.8440043538e+02
   3135.0000000000   1.8562773309e+02   8.7479198622e+01   1.8449161417e+02
   3136.0000000000   1.8572389403e+02   8.7566629368e+01   1.8458252919e+02
   3137.0000000000   1.8581931191e+02   8.7643244580e+01   1.8467319405e+02
   3138.0000000000   1.8591410819e+02   8.7717773356e+01   1.8476362021e+02
   3139.0000000000   1.8600836649e+02   8.7791070630e+01   1.8485381752e+02
   3140.0000000000   1.8610214797e+02   8.7863480366e+01   1.8494379456e+02
   3141.0000000000   1.8619549934e+02   8.7935186907e+01   1.8503355893e+02
   3142.0000000000   1.8628845753e+02   8.8006305068e+01   1.8512311745e+02
   3143.0000000000   1.8638105247e+02   8.8076913396e+01   1.8521247625e+02
   3144.0000000000   1.8647330898e+02   8.8155950152e+01   1.8531052188e+02
   3145.0000000000   1.8656524797e+02   8.8229375799e+01   1.8540317616e+02
   3146.0000000000   1.8665688735e+02   8.8301571425e+01   1.8549479024e+02
   3147.0000000000   1.8674824263e+02   8.8372978084e+01   1.8558578137e+02
   3148.0000000000   1.8683932738e+02   8.8443779132e+01   1.8567631356e+02
   3149.0000000000   1.8693856014e+02   8.8514076427e+01   1.8576647262e+02
   3150.0000000000   1.8703262065e+02   8.8583935736e+01   1.8585631088e+02
   3151.0000000000   1.8712563276e+02   8.8653403631e+01   1.8594586344e+02
   3152.0000000000   1.8721799596e+02   8.8722515199e+01   1.8603515554e+02
   3153.0000000000   1.8730986949e+02   8.8791298060e+01   1.8612420626e+02
   3154.0000000000   1.8740133821e+02   8.8868655650e+01   1.8622191154e+02
   3155.0000000000   1.8749245484e+02   8.8940523381e+01   1.8631420020e+02
   3156.0000000000   1.8758325552e+02   8.9011263620e+01   1.8640542877e+02
   3157.0000000000   1.8767376676e+02   8.9090183964e+01   1.8649601865e+02
   3158.0000000000   1.8776400899e+02   8.9163373060e+01   1.8658613714e+02
   3159.0000000000   1.8786240510e+02   8.9235270023e+01   1.8667587269e+02
   3160.0000000000   1.8795563758e+02   8.9306345958e+01   1.8676527976e+02
   3161.0000000000   1.8804783204e+02   8.9376801099e+01   1.8686327615e+02
   3162.0000000000   1.8813938904e+02   8.9446747282e+01   1.8695580523e+02
   3163.0000000000   1.8823046846e+02   8.9516256366e+01   1.8704723369e+02
   3164.0000000000   1.8832115547e+02   8.9585378708e+01   1.8714687132e+02
   3165.0000000000   1.8841150289e+02   8.9654151752e+01   1.8724080770e+02
   3166.0000000000   1.8850995336e+02   8.9722604571e+01   1.8733348207e+02
   3167.0000000000   1.8860320229e+02   8.9799641455e+01   1.8743424610e+02
   3168.0000000000   1.8870379068e+02   8.9871198286e+01   1.8752921602e+02
   3169.0000000000   1.8880720100e+02   8.9941637635e+01   1.8762284921e+02
   3170.0000000000   1.8890438110e+02   9.0020267127e+01   1.8771562937e+02
   3171.0000000000   1.8899992472e+02   9.0102056286e+01   1.8780776571e+02
   3172.0000000000   1.8909442961e+02   9.0177360738e+01   1.8790825757e+02
   3173.0000000000   1.8919656956e+02   9.0250997802e+01   1.8800309831e+02
   3174.0000000000   1.8929316546e+02   9.0323580320e+01   1.8809668834e+02
   3175.0000000000   1.8938842933e+02   9.0395379770e+01   1.8818948072e+02
   3176.0000000000   1.8948282012e+02   9.0466549745e+01   1.8828166652e+02
   3177.0000000000   1.8957653941e+02   9.0537189034e+01   1.8837335266e+02
   3178.0000000000   1.8966970333e+02   9.0607366542e+01   1.8846460828e+02
   3179.0000000000   1.8976238849e+02   9.0677133109e+01   1.8855548217e+02
   3180.0000000000   1.8985464971e+02   9.0746527836e+01   1.8865489184e+02
   3181.0000000000   1.8994652836e+02   9.0815581778e+01   1.8874878250e+02
   3182.0000000000   1.9003805694e+02   9.0884320229e+01   1.8884152355e+02
   3183.0000000000   1.9012926172e+02   9.0952764222e+01   1.8893354684e+02
   3184.0000000000   1.9022016442e+02   9.1020931548e+01   1.8902502826e+02
   3185.0000000000   1.9031078334e+02   9.1088837476e+01   1.8911606348e+02
   3186.0000000000   1.9040113414e+02   9.1156495269e+01   1.8920671307e+02
   3187.0000000000   1.9049123037e+02   9.1223916573e+01   1.8929701915e+02
   3188.0000000000   1.9058108392e+02   9.1291111705e+01   1.8938701296e+02
   3189.0000000000   1.9067070528e+02   9.1358089884e+01   1.8948559972e+02
   3190.0000000000   1.9076010381e+02   9.1424859401e+01   1.8958759657e+02
   3191.0000000000   1.9084928793e+02   9.1491427762e+01   1.8968328271e+02
   3192.0000000000   1.9093826521e+02   9.1557801805e+01   1.8977743099e+02
   3193.0000000000   1.9102704257e+02   9.1623987783e+01   1.8987062581e+02
   3194.0000000000   1.9111562630e+02   9.1689991449e+01   1.8996311921e+02
   3195.0000000000   1.9122083525e+02   9.1755818110e+01   1.9005505083e+02
   3196.0000000000   1.9132441937e+02   9.1821472688e+01   1.9015538999e+02
   3197.0000000000   1.9142128111e+02   9.1886959758e+01   1.9025011425e+02
   3198.0000000000   1.9151632091e+02   9.1952283589e+01   1.9034361455e+02
   3199.0000000000   1.9161864311e+02   9.2017448174e+01   1.9043633772e+02
   3200.0000000000   1.9171522740e+02   9.2082457261e+01   1.9053735150e+02
   3201.0000000000   1.9181036161e+02   9.2147314373e+01   1.9063267636e+02
   3202.0000000000   1.9192135934e+02   9.2212022834e+01   1.9072672553e+02
   3203.0000000000   1.9202178515e+02   9.2294347720e+01   1.9081995886e+02
   3204.0000000000   1.9211999953e+02   9.2383887300e+01   1.9091257137e+02
   3205.0000000000   1.9221687131e+02   9.2461170622e+01   1.9100467249e+02
   3206.0000000000   1.9231276538e+02   9.2535718959e+01   1.9109633299e+02
   3207.0000000000   1.9240788362e+02   9.2608680417e+01   1.9119648384e+02
   3208.0000000000   1.9251076110e+02   9.2680541292e+01   1.9129107910e+02
   3209.0000000000   1.9260815605e+02   9.2751565376e+01   1.9139337542e+02
   3210.0000000000   1.9270424832e+02   9.2830796785e+01   1.9148972585e+02
   3211.0000000000   1.9280788557e+02   9.2913142877e+01   1.9158465621e+02
   3212.0000000000   1.9290592807e+02   9.2988945009e+01   1.9167867774e+02
   3213.0000000000   1.9300260006e+02   9.3071901743e+01   1.9178089407e+02
   3214.0000000000   1.9309836530e+02   9.3148547483e+01   1.9187734780e+02
   3215.0000000000   1.9319342781e+02   9.3223506204e+01   1.9197246681e+02
   3216.0000000000   1.9328790542e+02   9.3297350357e+01   1.9206672120e+02
   3217.0000000000   1.9338187614e+02   9.3370344141e+01   1.9216919448e+02
   3218.0000000000   1.9347539609e+02   9.3442643348e+01   1.9227479939e+02
   3219.0000000000   1.9356850792e+02   9.3514351790e+01   1.9237387424e+02
   3220.0000000000   1.9366124535e+02   9.3585544008e+01   1.9247123183e+02
   3221.0000000000   1.9375363584e+02   9.3656276301e+01   1.9256748523e+02
   3222.0000000000   1.9384570226e+02   9.3735473755e+01   1.9266290796e+02
   3223.0000000000   1.9393746399e+02   9.3809088602e+01   1.9275765628e+02
   3224.0000000000   1.9403734427e+02   9.3881496571e+01   1.9285183181e+02
   3225.0000000000   1.9413202667e+02   9.3953135092e+01   1.9294550618e+02
   3226.0000000000   1.9422563827e+02   9.4024185005e+01   1.9303873279e+02
   3227.0000000000   1.9431858124e+02   9.4103627329e+01   1.9313155308e+02
   3228.0000000000   1.9441101714e+02   9.4177443182e+01   1.9322400026e+02
   3229.0000000000   1.9450303282e+02   9.4250024568e+01   1.9331610154e+02
   3230.0000000000   1.9459468270e+02   9.4321818656e+01   1.9340787973e+02
   3231.0000000000   1.9468600444e+02   9.4401893338e+01   1.9349935419e+02
   3232.0000000000   1.9478543240e+02   9.4476269269e+01   1.9359054164e+02
   3233.0000000000   1.9488806375e+02   9.4549359921e+01   1.9368145664e+02
   3234.0000000000   1.9498469915e+02   9.4621625473e+01   1.9377211203e+02
   3235.0000000000   1.9507985804e+02   9.4693261347e+01   1.9386251921e+02
   3236.0000000000   1.9517409479e+02   9.4764377387e+01   1.9396156934e+02
   3237.0000000000   1.9526764891e+02   9.4835044847e+01   1.9405518830e+02
   3238.0000000000   1.9536065332e+02   9.4905314183e+01   1.9414773085e+02
   3239.0000000000   1.9545319234e+02   9.4975223292e+01   1.9423961746e+02
   3240.0000000000   1.9554532414e+02   9.5044801872e+01   1.9433101497e+02
   3241.0000000000   1.9563709135e+02   9.5114073942e+01   1.9442201182e+02
   3242.0000000000   1.9572852660e+02   9.5183059414e+01   1.9451266260e+02
   3243.0000000000   1.9581965570e+02   9.5251775123e+01   1.9460300455e+02
   3244.0000000000   1.9591890620e+02   9.5329116499e+01   1.9469306478e+02
   3245.0000000000   1.9601296460e+02   9.5401012808e+01   1.9478286410e+02
   3246.0000000000   1.9611436644e+02   9.5471821566e+01   1.9487241904e+02
   3247.0000000000   1.9621859080e+02   9.5541965480e+01   1.9496174318e+02
   3248.0000000000   1.9631658336e+02   9.5611613288e+01   1.9505084792e+02
   3249.0000000000   1.9641293653e+02   9.5698616905e+01   1.9514862396e+02
   3250.0000000000   1.9650824724e+02   9.5774865636e+01   1.9524099645e+02
   3251.0000000000   1.9660278226e+02   9.5857971668e+01   1.9534120027e+02
   3252.0000000000   1.9669669319e+02   9.5934705504e+01   1.9543557159e+02
   3253.0000000000   1.9679007772e+02   9.6009755051e+01   1.9552862275e+02
   3254.0000000000   1.9688300403e+02   9.6083714486e+01   1.9562085403e+02
   3255.0000000000   1.9697552238e+02   9.6165736348e+01   1.9571247902e+02
   3256.0000000000   1.9706767143e+02   9.6241894778e+01   1.9580361599e+02
   3257.0000000000   1.9715948183e+02   9.6334401216e+01   1.9589433991e+02
   3258.0000000000   1.9725097851e+02   9.6415574653e+01   1.9598470245e+02
   3259.0000000000   1.9734218221e+02   9.6494322024e+01   1.9607474140e+02
   3260.0000000000   1.9743311040e+02   9.6571592954e+01   1.9616448560e+02
   3261.0000000000   1.9752377810e+02   9.6647789385e+01   1.9625395783e+02
   3262.0000000000   1.9761419830e+02   9.6723134351e+01   1.9634317653e+02
   3263.0000000000   1.9770438243e+02   9.6806651006e+01   1.9643215703e+02
   3264.0000000000   1.9779434057e+02   9.6884354773e+01   1.9652979318e+02
   3265.0000000000   1.9788408173e+02   9.6960664784e+01   1.9662201273e+02
   3266.0000000000   1.9797361402e+02   9.7036049727e+01   1.9671317170e+02
   3267.0000000000   1.9806294476e+02   9.7110713789e+01   1.9680369138e+02
   3268.0000000000   1.9815208060e+02   9.7184774992e+01   1.9689373914e+02
   3269.0000000000   1.9824102763e+02   9.7258311935e+01   1.9698340367e+02
   3270.0000000000   1.9833819798e+02   9.7331381580e+01   1.9707273968e+02
   3271.0000000000   1.9843026585e+02   9.7404027557e+01   1.9716178436e+02
   3272.0000000000   1.9852975677e+02   9.7476284613e+01   1.9725056472e+02
   3273.0000000000   1.9862373505e+02   9.7548181222e+01   1.9734798233e+02
   3274.0000000000   1.9871647043e+02   9.7619741239e+01   1.9743997019e+02
   3275.0000000000   1.9880843522e+02   9.7690985002e+01   1.9753088800e+02
   3276.0000000000   1.9889983055e+02   9.7761930094e+01   1.9762115973e+02
   3277.0000000000   1.9899076750e+02   9.7832591899e+01   1.9771095472e+02
   3278.0000000000   1.9908131629e+02   9.7902984007e+01   1.9780036311e+02
   3279.0000000000   1.9917152518e+02   9.7973118530e+01   1.9788944076e+02
   3280.0000000000   1.9926142940e+02   9.8043006339e+01   1.9797822572e+02
   3281.0000000000   1.9935105578e+02   9.8121538225e+01   1.9806674566e+02
   3282.0000000000   1.9944042546e+02   9.8194639790e+01   1.9816390270e+02
   3283.0000000000   1.9952955556e+02   9.8266665621e+01   1.9825563022e+02
   3284.0000000000   1.9961846026e+02   9.8338036053e+01   1.9834628830e+02
   3285.0000000000   1.9970715148e+02   9.8408917892e+01   1.9843630114e+02
   3286.0000000000   1.9979563945e+02   9.8479399521e+01   1.9853471927e+02
   3287.0000000000   1.9988393305e+02   9.8549535567e+01   1.9862754969e+02
   3288.0000000000   1.9997204003e+02   9.8619363274e+01   1.9871919484e+02
   3289.0000000000   2.0005996730e+02   9.8688909822e+01   1.9881010571e+02
   3290.0000000000   2.0014772101e+02   9.8758196068e+01   1.9890935098e+02
   3291.0000000000   2.0023530670e+02   9.8827238637e+01   1.9900295054e+02
   3292.0000000000   2.0034794898e+02   9.8904932149e+01   1.9909531632e+02
   3293.0000000000   2.0045406609e+02   9.8977204763e+01   1.9918690660e+02
   3294.0000000000   2.0055267400e+02   9.9048412755e+01   1.9927791473e+02
   3295.0000000000   2.0064906323e+02   9.9127858524e+01   1.9937732940e+02
   3296.0000000000   2.0074408231e+02   9.9201626226e+01   1.9947113647e+02
   3297.0000000000   2.0083811883e+02   9.9274151057e+01   1.9956373081e+02
   3298.0000000000   2.0093139190e+02   9.9345900669e+01   1.9965556123e+02
   3299.0000000000   2.0103244722e+02   9.9417072236e+01   1.9974681551e+02
   3300.0000000000   2.0112804922e+02   9.9487774859e+01   1.9983759791e+02
   3301.0000000000   2.0122238118e+02   9.9566958913e+01   1.9992797542e+02
   3302.0000000000   2.0131588593e+02   9.9640589218e+01   2.0001799505e+02
   3303.0000000000   2.0140875536e+02   9.9713047649e+01   2.0011657280e+02
   3304.0000000000   2.0150950597e+02   9.9784774311e+01   2.0021853357e+02
   3305.0000000000   2.0160487933e+02   9.9855950780e+01   2.0031416234e+02
   3306.0000000000   2.0169904163e+02   9.9926676741e+01   2.0040823645e+02
   3307.0000000000   2.0179242305e+02   9.9997015647e+01   2.0050134380e+02
   3308.0000000000   2.0188520594e+02   1.0006701174e+02   2.0059373924e+02
   3309.0000000000   2.0198589959e+02   1.0013669784e+02   2.0068556470e+02
   3310.0000000000   2.0208123997e+02   1.0020609937e+02   2.0078579139e+02
   3311.0000000000   2.0218379548e+02   1.0028411771e+02   2.0088039844e+02
   3312.0000000000   2.0228066189e+02   1.0036556727e+02   2.0097377811e+02
   3313.0000000000   2.0237613307e+02   1.0044072525e+02   2.0106637836e+02
   3314.0000000000   2.0247070036e+02   1.0052324398e+02   2.0115838689e+02
   3315.0000000000   2.0256458029e+02   1.0059962332e+02   2.0124990832e+02
   3316.0000000000   2.0266630317e+02   1.0067446079e+02   2.0134989111e+02
   3317.0000000000   2.0276261887e+02   1.0074830809e+02   2.0145318050e+02
   3318.0000000000   2.0286610546e+02   1.0082141283e+02   2.0155895622e+02
   3319.0000000000   2.0296386570e+02   1.0089391734e+02   2.0165792210e+02
   3320.0000000000   2.0306019875e+02   1.0097479532e+02   2.0175501982e+02
   3321.0000000000   2.0315560000e+02   1.0105002875e+02   2.0185092276e+02
   3322.0000000000   2.0325028920e+02   1.0113289355e+02   2.0194593725e+02
   3323.0000000000   2.0334439272e+02   1.0120975677e+02   2.0204912016e+02
   3324.0000000000   2.0343799352e+02   1.0128515465e+02   2.0215538332e+02
   3325.0000000000   2.0353115067e+02   1.0135960646e+02   2.0225506993e+02
   3326.0000000000   2.0362390861e+02   1.0143334115e+02   2.0235299857e+02
   3327.0000000000   2.0372470866e+02   1.0150648967e+02   2.0244978773e+02
   3328.0000000000   2.0382024796e+02   1.0157913755e+02   2.0254571567e+02
   3329.0000000000   2.0391466396e+02   1.0165134540e+02   2.0264094271e+02
   3330.0000000000   2.0400836701e+02   1.0172315864e+02   2.0275333584e+02
   3331.0000000000   2.0410152522e+02   1.0179461269e+02   2.0285480299e+02
   3332.0000000000   2.0419423071e+02   1.0186573604e+02   2.0296297390e+02
   3333.0000000000   2.0428654232e+02   1.0193655216e+02   2.0306463458e+02
   3334.0000000000   2.0437850132e+02   1.0200708075e+02   2.0316448634e+02
   3335.0000000000   2.0447854515e+02   1.0207733865e+02   2.0326313492e+02
   3336.0000000000   2.0457336704e+02   1.0214734037e+02   2.0336086189e+02
   3337.0000000000   2.0466710087e+02   1.0221709865e+02   2.0345783335e+02
   3338.0000000000   2.0476015375e+02   1.0228662469e+02   2.0355415994e+02
   3339.0000000000   2.0486109743e+02   1.0235592850e+02   2.0364992103e+02
   3340.0000000000   2.0495669056e+02   1.0242501904e+02   2.0374517660e+02
   3341.0000000000   2.0505951049e+02   1.0250278537e+02   2.0384885467e+02
   3342.0000000000   2.0515665635e+02   1.0257515151e+02   2.0394690990e+02
   3343.0000000000   2.0525242292e+02   1.0264647060e+02   2.0404372010e+02
   3344.0000000000   2.0535570780e+02   1.0271716166e+02   2.0413972450e+02
   3345.0000000000   2.0546180226e+02   1.0279627124e+02   2.0423510555e+02
   3346.0000000000   2.0556161236e+02   1.0286980327e+02   2.0432996475e+02
   3347.0000000000   2.0565972285e+02   1.0295103873e+02   2.0442436785e+02
   3348.0000000000   2.0575673210e+02   1.0303522439e+02   2.0451836163e+02
   3349.0000000000   2.0585291103e+02   1.0311280956e+02   2.0461198150e+02
   3350.0000000000   2.0594841592e+02   1.0318865555e+02   2.0470525551e+02
   3351.0000000000   2.0604334902e+02   1.0326339970e+02   2.0479820658e+02
   3352.0000000000   2.0614618919e+02   1.0333732859e+02   2.0489085391e+02
   3353.0000000000   2.0624365948e+02   1.0341060577e+02   2.0498321393e+02
   3354.0000000000   2.0633991609e+02   1.0348333695e+02   2.0507530087e+02
   3355.0000000000   2.0643538342e+02   1.0355559598e+02   2.0516712726e+02
   3356.0000000000   2.0653864690e+02   1.0362743735e+02   2.0526758518e+02
   3357.0000000000   2.0663647623e+02   1.0369890291e+02   2.0538036322e+02
   3358.0000000000   2.0673305132e+02   1.0377002581e+02   2.0548165014e+02
   3359.0000000000   2.0682880984e+02   1.0384083296e+02   2.0558055985e+02
   3360.0000000000   2.0692393871e+02   1.0391134667e+02   2.0567808546e+02
   3361.0000000000   2.0702695016e+02   1.0398158572e+02   2.0577463566e+02
   3362.0000000000   2.0712458227e+02   1.0405156618e+02   2.0587042952e+02
   3363.0000000000   2.0722099846e+02   1.0412130192e+02   2.0597448306e+02
   3364.0000000000   2.0731662668e+02   1.0419080510e+02   2.0607280393e+02
   3365.0000000000   2.0741164758e+02   1.0426008642e+02   2.0617868475e+02
   3366.0000000000   2.0751456910e+02   1.0432915542e+02   2.0627850403e+02
   3367.0000000000   2.0761212622e+02   1.0439802063e+02   2.0637680623e+02
   3368.0000000000   2.0770848001e+02   1.0447557073e+02   2.0647411672e+02
   3369.0000000000   2.0780405664e+02   1.0454772937e+02   2.0657066912e+02
   3370.0000000000   2.0789903532e+02   1.0461884935e+02   2.0666659805e+02
   3371.0000000000   2.0799351630e+02   1.0469823034e+02   2.0676199198e+02
   3372.0000000000   2.0808756456e+02   1.0477195430e+02   2.0685691394e+02
   3373.0000000000   2.0818122614e+02   1.0485333560e+02   2.0695141135e+02
   3374.0000000000   2.0828294225e+02   1.0493763807e+02   2.0704552134e+02
   3375.0000000000   2.0837940920e+02   1.0501532075e+02   2.0713927388e+02
   3376.0000000000   2.0847476335e+02   1.0509125100e+02   2.0723269369e+02
   3377.0000000000   2.0856941394e+02   1.0516607008e+02   2.0733468258e+02
   3378.0000000000   2.0866352795e+02   1.0524006731e+02   2.0744005601e+02
   3379.0000000000   2.0875719651e+02   1.0531340816e+02   2.0753909251e+02
   3380.0000000000   2.0885047750e+02   1.0539508071e+02   2.0763656489e+02
   3381.0000000000   2.0894341136e+02   1.0547107655e+02   2.0773305790e+02
   3382.0000000000   2.0903602826e+02   1.0555467838e+02   2.0782882411e+02
   3383.0000000000   2.0912835170e+02   1.0563225820e+02   2.0793288480e+02
   3384.0000000000   2.0922040072e+02   1.0570835601e+02   2.0803124578e+02
   3385.0000000000   2.0931219108e+02   1.0578349398e+02   2.0812831514e+02
   3386.0000000000   2.0940373616e+02   1.0585790336e+02   2.0822455105e+02
   3387.0000000000   2.0950345403e+02   1.0594059792e+02   2.0832014818e+02
   3388.0000000000   2.0959802381e+02   1.0601758136e+02   2.0841521619e+02
   3389.0000000000   2.0969156865e+02   1.0609326197e+02   2.0850982632e+02
   3390.0000000000   2.0978448731e+02   1.0616809905e+02   2.0860402913e+02
   3391.0000000000   2.0987693835e+02   1.0624228882e+02   2.0869786260e+02
   3392.0000000000   2.0997741243e+02   1.0632482348e+02   2.0880023750e+02
   3393.0000000000   2.1007263065e+02   1.0640169252e+02   2.0889709462e+02
   3394.0000000000   2.1016674274e+02   1.0647729438e+02   2.0899280038e+02
   3395.0000000000   2.1026857194e+02   1.0655208125e+02   2.0908778453e+02
   3396.0000000000   2.1036495850e+02   1.0662624403e+02   2.0918222151e+02
   3397.0000000000   2.1046851664e+02   1.0669988994e+02   2.0927620596e+02
   3398.0000000000   2.1056636528e+02   1.0677308863e+02   2.0936979772e+02
   3399.0000000000   2.1066281094e+02   1.0684588960e+02   2.0946303841e+02
   3400.0000000000   2.1075835223e+02   1.0691833018e+02   2.0955595892e+02
   3401.0000000000   2.1085320992e+02   1.0699043972e+02   2.0964858329e+02
   3402.0000000000   2.1094751027e+02   1.0706224206e+02   2.0974981187e+02
   3403.0000000000   2.1104133552e+02   1.0713375702e+02   2.0985445833e+02
   3404.0000000000   2.1113474368e+02   1.0720500141e+02   2.0995279936e+02
   3405.0000000000   2.1122777800e+02   1.0727598971e+02   2.1004960592e+02
   3406.0000000000   2.1132047202e+02   1.0734673455e+02   2.1014546099e+02
   3407.0000000000   2.1141285258e+02   1.0741724705e+02   2.1024061549e+02
   3408.0000000000   2.1150494165e+02   1.0748753713e+02   2.1034408916e+02
   3409.0000000000   2.1160516414e+02   1.0755761367e+02   2.1045076734e+02
   3410.0000000000   2.1170020471e+02   1.0762748469e+02   2.1055097348e+02
   3411.0000000000   2.1181100408e+02   1.0769715750e+02   2.1065839192e+02
   3412.0000000000   2.1191970939e+02   1.0776663875e+02   2.1075954576e+02
   3413.0000000000   2.1202137985e+02   1.0783593455e+02   2.1085904997e+02
   3414.0000000000   2.1212099810e+02   1.0790505055e+02   2.1095746972e+02
   3415.0000000000   2.1221931199e+02   1.0797399196e+02   2.1105506329e+02
   3416.0000000000   2.1232507214e+02   1.0804276362e+02   2.1115198163e+02
   3417.0000000000   2.1242514502e+02   1.0812025103e+02   2.1124832453e+02
   3418.0000000000   2.1253217891e+02   1.0820125603e+02   2.1135304417e+02
   3419.0000000000   2.1263332252e+02   1.0827604571e+02   2.1145211071e+02
   3420.0000000000   2.1274131331e+02   1.0834938306e+02   2.1154991235e+02
   3421.0000000000   2.1284333874e+02   1.0842184438e+02   2.1164689549e+02
   3422.0000000000   2.1295215652e+02   1.0849367487e+02   2.1174324764e+02
   3423.0000000000   2.1306337264e+02   1.0856500841e+02   2.1184795488e+02
   3424.0000000000   2.1316801512e+02   1.0863592840e+02   2.1194700228e+02
   3425.0000000000   2.1327073404e+02   1.0870649145e+02   2.1204478496e+02
   3426.0000000000   2.1338057544e+02   1.0877673832e+02   2.1214175261e+02
   3427.0000000000   2.1348450783e+02   1.0885558069e+02   2.1223809421e+02
   3428.0000000000   2.1358682284e+02   1.0892895919e+02   2.1234279641e+02
   3429.0000000000   2.1368802981e+02   1.0900123947e+02   2.1244184435e+02
   3430.0000000000   2.1378836542e+02   1.0907285015e+02   2.1253963301e+02
   3431.0000000000   2.1388797193e+02   1.0915284529e+02   2.1264549275e+02
   3432.0000000000   2.1398694623e+02   1.0922723482e+02   2.1274552890e+02
   3433.0000000000   2.1408535940e+02   1.0930930450e+02   2.1284419323e+02
   3434.0000000000   2.1418326624e+02   1.0938542404e+02   2.1294196672e+02
   3435.0000000000   2.1428911699e+02   1.0946012928e+02   2.1303905751e+02
   3436.0000000000   2.1438961654e+02   1.0953393774e+02   2.1314446480e+02
   3437.0000000000   2.1448890911e+02   1.0960707609e+02   2.1324418246e+02
   3438.0000000000   2.1458741098e+02   1.0968855383e+02   2.1334261171e+02
   3439.0000000000   2.1468529552e+02   1.0976437074e+02   2.1344020664e+02
   3440.0000000000   2.1478265952e+02   1.0983893156e+02   2.1353715947e+02
   3441.0000000000   2.1487956597e+02   1.0992157338e+02   2.1363357832e+02
   3442.0000000000   2.1497605991e+02   1.0999840620e+02   2.1372953356e+02
   3443.0000000000   2.1507217562e+02   1.1007388509e+02   2.1382507518e+02
   3444.0000000000   2.1516794035e+02   1.1014849340e+02   2.1392024092e+02
   3445.0000000000   2.1526337650e+02   1.1022244090e+02   2.1401506046e+02
   3446.0000000000   2.1535850293e+02   1.1029584702e+02   2.1410955790e+02
   3447.0000000000   2.1545333583e+02   1.1037767069e+02   2.1421263427e+02
   3448.0000000000   2.1554788927e+02   1.1045388392e+02   2.1431022325e+02
   3449.0000000000   2.1564217571e+02   1.1052887468e+02   2.1440668593e+02
   3450.0000000000   2.1573620621e+02   1.1060308829e+02   2.1450244797e+02
   3451.0000000000   2.1582999073e+02   1.1067671083e+02   2.1460656154e+02
   3452.0000000000   2.1592353828e+02   1.1074984589e+02   2.1470503539e+02
   3453.0000000000   2.1601685706e+02   1.1082256035e+02   2.1480227369e+02
   3454.0000000000   2.1610995459e+02   1.1090378242e+02   2.1489872921e+02
   3455.0000000000   2.1621124431e+02   1.1097946426e+02   2.1499459134e+02
   3456.0000000000   2.1630740166e+02   1.1105398010e+02   2.1508996493e+02
   3457.0000000000   2.1640254681e+02   1.1112776528e+02   2.1519379803e+02
   3458.0000000000   2.1649707608e+02   1.1120099840e+02   2.1529205424e+02
   3459.0000000000   2.1659114601e+02   1.1128265822e+02   2.1538911486e+02
   3460.0000000000   2.1668483905e+02   1.1135872369e+02   2.1548541984e+02
   3461.0000000000   2.1677820586e+02   1.1143358481e+02   2.1558115084e+02
   3462.0000000000   2.1687128076e+02   1.1150768687e+02   2.1567640780e+02
   3463.0000000000   2.1696408863e+02   1.1158121509e+02   2.1577125454e+02
   3464.0000000000   2.1705664847e+02   1.1165427186e+02   2.1586573571e+02
   3465.0000000000   2.1714897537e+02   1.1172692279e+02   2.1595988457e+02
   3466.0000000000   2.1724108164e+02   1.1179921388e+02   2.1605372703e+02
   3467.0000000000   2.1733297763e+02   1.1187117943e+02   2.1614728396e+02
   3468.0000000000   2.1742467216e+02   1.1194284615e+02   2.1624057260e+02
   3469.0000000000   2.1752457943e+02   1.1201423557e+02   2.1634248847e+02
   3470.0000000000   2.1761937527e+02   1.1208536547e+02   2.1643896075e+02
   3471.0000000000   2.1771317994e+02   1.1215625083e+02   2.1653434675e+02
   3472.0000000000   2.1781479619e+02   1.1222690451e+02   2.1662906888e+02
   3473.0000000000   2.1791104938e+02   1.1229733766e+02   2.1672329559e+02
   3474.0000000000   2.1800613588e+02   1.1236756012e+02   2.1681711651e+02
   3475.0000000000   2.1810049677e+02   1.1243758058e+02   2.1691058727e+02
   3476.0000000000   2.1820272382e+02   1.1250740686e+02   2.1700374588e+02
   3477.0000000000   2.1829958815e+02   1.1257704600e+02   2.1709662012e+02
   3478.0000000000   2.1839526865e+02   1.1265538534e+02   2.1718923133e+02
   3479.0000000000   2.1849020074e+02   1.1272834740e+02   2.1728159649e+02
   3480.0000000000   2.1859297506e+02   1.1280028397e+02   2.1737372954e+02
   3481.0000000000   2.1869036332e+02   1.1287161284e+02   2.1746564216e+02
   3482.0000000000   2.1878654572e+02   1.1294249850e+02   2.1755734435e+02
   3483.0000000000   2.1889036576e+02   1.1301302719e+02   2.1764884480e+02
   3484.0000000000   2.1898867814e+02   1.1308325159e+02   2.1774015114e+02
   3485.0000000000   2.1908570126e+02   1.1315320713e+02   2.1783127016e+02
   3486.0000000000   2.1919029978e+02   1.1322291934e+02   2.1792220796e+02
   3487.0000000000   2.1928934154e+02   1.1329240751e+02   2.1801297004e+02
   3488.0000000000   2.1938705384e+02   1.1336168684e+02   2.1810356145e+02
   3489.0000000000   2.1948390116e+02   1.1343076963e+02   2.1820286774e+02
   3490.0000000000   2.1958008705e+02   1.1349966611e+02   2.1829680985e+02
   3491.0000000000   2.1967572825e+02   1.1356838495e+02   2.1838973814e+02
   3492.0000000000   2.1977090136e+02   1.1365469556e+02   2.1849095010e+02
   3493.0000000000   2.1987406749e+02   1.1373931880e+02   2.1859540671e+02
   3494.0000000000   2.1997193675e+02   1.1381686998e+02   2.1870233726e+02
   3495.0000000000   2.2006865553e+02   1.1389252642e+02   2.1880246945e+02
   3496.0000000000   2.2016464059e+02   1.1396702547e+02   2.1890075708e+02
   3497.0000000000   2.2026006472e+02   1.1404069529e+02   2.1899787965e+02
   3498.0000000000   2.2035502358e+02   1.1411371919e+02   2.1909414641e+02
   3499.0000000000   2.2044957868e+02   1.1418621294e+02   2.1918973436e+02
   3500.0000000000   2.2054377343e+02   1.1425825566e+02   2.1928475772e+02
   3501.0000000000   2.2064604688e+02   1.1433878550e+02   2.1937929599e+02
   3502.0000000000   2.2074309358e+02   1.1442264326e+02   2.1947340754e+02
   3503.0000000000   2.2083904845e+02   1.1450012565e+02   2.1956713696e+02
   3504.0000000000   2.2093431943e+02   1.1457601885e+02   2.1966051933e+02
   3505.0000000000   2.2103747898e+02   1.1465091762e+02   2.1975358300e+02
   3506.0000000000   2.2113528627e+02   1.1473396315e+02   2.1984635129e+02
   3507.0000000000   2.2123191259e+02   1.1481121833e+02   2.1993884375e+02
   3508.0000000000   2.2132778841e+02   1.1488712329e+02   2.2003107698e+02
   3509.0000000000   2.2142309454e+02   1.1496215617e+02   2.2012306526e+02
   3510.0000000000   2.2152633805e+02   1.1504540600e+02   2.2022370199e+02
   3511.0000000000   2.2162425251e+02   1.1512290853e+02   2.2032779572e+02
   3512.0000000000   2.2172940397e+02   1.1519908832e+02   2.2042561922e+02
   3513.0000000000   2.2182888602e+02   1.1527441397e+02   2.2052194039e+02
   3514.0000000000   2.2192699054e+02   1.1534908738e+02   2.2061733973e+02
   3515.0000000000   2.2202420707e+02   1.1542322347e+02   2.2071206617e+02
   3516.0000000000   2.2212075051e+02   1.1549689755e+02   2.2081513775e+02
   3517.0000000000   2.2221674321e+02   1.1557016333e+02   2.2091255741e+02
   3518.0000000000   2.2231226470e+02   1.1564306135e+02   2.2100873067e+02
   3519.0000000000   2.2240737113e+02   1.1571562347e+02   2.2110411338e+02
   3520.0000000000   2.2250210439e+02   1.1579675647e+02   2.2119889816e+02
   3521.0000000000   2.2260490360e+02   1.1587239842e+02   2.2129319273e+02
   3522.0000000000   2.2270246397e+02   1.1594691383e+02   2.2139594760e+02
   3523.0000000000   2.2279892122e+02   1.1602073106e+02   2.2149312837e+02
   3524.0000000000   2.2289468419e+02   1.1611178542e+02   2.2158911800e+02
   3525.0000000000   2.2298991963e+02   1.1619200409e+02   2.2168435780e+02
   3526.0000000000   2.2308471844e+02   1.1627013914e+02   2.2177903051e+02
   3527.0000000000   2.2317913835e+02   1.1634705738e+02   2.2187323696e+02
   3528.0000000000   2.2327321967e+02   1.1643199006e+02   2.2196704166e+02
   3529.0000000000   2.2336699237e+02   1.1651104154e+02   2.2206937081e+02
   3530.0000000000   2.2346888639e+02   1.1658867475e+02   2.2217505577e+02
   3531.0000000000   2.2356558962e+02   1.1666538176e+02   2.2227438591e+02
   3532.0000000000   2.2366963848e+02   1.1674137989e+02   2.2238102264e+02
   3533.0000000000   2.2376810602e+02   1.1682567565e+02   2.2248147286e+02
   3534.0000000000   2.2386526926e+02   1.1690426864e+02   2.2258033966e+02
   3535.0000000000   2.2396160655e+02   1.1699044562e+02   2.2267817923e+02
   3536.0000000000   2.2405732416e+02   1.1707058097e+02   2.2277524289e+02
   3537.0000000000   2.2416094411e+02   1.1714921626e+02   2.2287167606e+02
   3538.0000000000   2.2425920945e+02   1.1722687486e+02   2.2297645503e+02
   3539.0000000000   2.2435628602e+02   1.1730378896e+02   2.2308444501e+02
   3540.0000000000   2.2445260277e+02   1.1738009218e+02   2.2318595955e+02
   3541.0000000000   2.2454834049e+02   1.1745587228e+02   2.2328579713e+02
   3542.0000000000   2.2464360024e+02   1.1753119180e+02   2.2338456188e+02
   3543.0000000000   2.2473844734e+02   1.1760609779e+02   2.2348252143e+02
   3544.0000000000   2.2484133436e+02   1.1768062713e+02   2.2357982796e+02
   3545.0000000000   2.2493896484e+02   1.1775480960e+02   2.2367658018e+02
   3546.0000000000   2.2504388648e+02   1.1782866981e+02   2.2377284753e+02
   3547.0000000000   2.2514318084e+02   1.1790222850e+02   2.2386868176e+02
   3548.0000000000   2.2524113148e+02   1.1797550341e+02   2.2396412304e+02
   3549.0000000000   2.2533822197e+02   1.1804850992e+02   2.2405920353e+02
   3550.0000000000   2.2544306930e+02   1.1812126153e+02   2.2415394962e+02
   3551.0000000000   2.2554246144e+02   1.1819377015e+02   2.2424838342e+02
   3552.0000000000   2.2564058951e+02   1.1826604643e+02   2.2434252374e+02
   3553.0000000000   2.2573789834e+02   1.1833809992e+02   2.2443638678e+02
   3554.0000000000   2.2583457947e+02   1.1840993927e+02   2.2452998670e+02
   3555.0000000000   2.2593074172e+02   1.1848157233e+02   2.2463221692e+02
   3556.0000000000   2.2602645617e+02   1.1855300628e+02   2.2473788619e+02
   3557.0000000000   2.2613017990e+02   1.1862424770e+02   2.2483726751e+02
   3558.0000000000   2.2622861999e+02   1.1870418365e+02   2.2493512913e+02
   3559.0000000000   2.2632592053e+02   1.1877873641e+02   2.2503205193e+02
   3560.0000000000   2.2642249643e+02   1.1886113861e+02   2.2513716620e+02
   3561.0000000000   2.2651851903e+02   1.1893772464e+02   2.2523652610e+02
   3562.0000000000   2.2661408282e+02   1.1901300539e+02   2.2533456475e+02
   3563.0000000000   2.2670924834e+02   1.1908747998e+02   2.2543175456e+02
   3564.0000000000   2.2680405820e+02   1.1916136103e+02   2.2553717981e+02
   3565.0000000000   2.2689854428e+02   1.1923476605e+02   2.2563687233e+02
   3566.0000000000   2.2699273152e+02   1.1930776935e+02   2.2573525342e+02
   3567.0000000000   2.2709504664e+02   1.1938042206e+02   2.2583278888e+02
   3568.0000000000   2.2719217547e+02   1.1945276151e+02   2.2592967828e+02
   3569.0000000000   2.2728824643e+02   1.1952481616e+02   2.2602603455e+02
   3570.0000000000   2.2738366255e+02   1.1960548944e+02   2.2613081226e+02
   3571.0000000000   2.2747858589e+02   1.1968071621e+02   2.2622998034e+02
   3572.0000000000   2.2757310348e+02   1.1975485798e+02   2.2632792450e+02
   3573.0000000000   2.2766726983e+02   1.1983722128e+02   2.2643396936e+02
   3574.0000000000   2.2776112253e+02   1.1991389359e+02   2.2653421636e+02
   3575.0000000000   2.2785468926e+02   1.1998931283e+02   2.2663311453e+02
   3576.0000000000   2.2794799142e+02   1.2006394886e+02   2.2673114282e+02
   3577.0000000000   2.2804104617e+02   1.2013800069e+02   2.2682850776e+02
   3578.0000000000   2.2814227415e+02   1.2021157896e+02   2.2692532632e+02
   3579.0000000000   2.2823835634e+02   1.2028475437e+02   2.2702167462e+02
   3580.0000000000   2.2834182371e+02   1.2035757614e+02   2.2711760658e+02
   3581.0000000000   2.2843974501e+02   1.2043008065e+02   2.2721316262e+02
   3582.0000000000   2.2853639370e+02   1.2050229592e+02   2.2730837438e+02
   3583.0000000000   2.2864065173e+02   1.2057424429e+02   2.2741214834e+02
   3584.0000000000   2.2873939193e+02   1.2064594400e+02   2.2751042226e+02
   3585.0000000000   2.2884524842e+02   1.2071741028e+02   2.2761644132e+02
   3586.0000000000   2.2894535324e+02   1.2078865607e+02   2.2771655029e+02
   3587.0000000000   2.2904402198e+02   1.2085969249e+02   2.2781526873e+02
   3588.0000000000   2.2914175982e+02   1.2093052925e+02   2.2791310313e+02
   3589.0000000000   2.2923879241e+02   1.2100117489e+02   2.2801027239e+02
   3590.0000000000   2.2933524977e+02   1.2107163703e+02   2.2810689946e+02
   3591.0000000000   2.2943962359e+02   1.2114192246e+02   2.2820306338e+02
   3592.0000000000   2.2954704979e+02   1.2121203732e+02   2.2829881945e+02
   3593.0000000000   2.2965676333e+02   1.2129086818e+02   2.2839420865e+02
   3594.0000000000   2.2975997340e+02   1.2136433680e+02   2.2848926271e+02
   3595.0000000000   2.2986136455e+02   1.2143679429e+02   2.2858400698e+02
   3596.0000000000   2.2996157966e+02   1.2150865781e+02   2.2867846227e+02
   3597.0000000000   2.3006091315e+02   1.2158009129e+02   2.2877264598e+02
   3598.0000000000   2.3016794176e+02   1.2165118043e+02   2.2886657295e+02
   3599.0000000000   2.3026944568e+02   1.2172197741e+02   2.2896025600e+02
   3600.0000000000   2.3036961756e+02   1.2179251720e+02   2.2905370633e+02
   3601.0000000000   2.3046890657e+02   1.2186282488e+02   2.2914693385e+02
   3602.0000000000   2.3056750927e+02   1.2193291936e+02   2.2923994737e+02
   3603.0000000000   2.3066553935e+02   1.2200281543e+02   2.2933275484e+02
   3604.0000000000   2.3076307240e+02   1.2207252504e+02   2.2942536341e+02
   3605.0000000000   2.3086016303e+02   1.2214205808e+02   2.2951777961e+02
   3606.0000000000   2.3096525946e+02   1.2221142291e+02   2.2961000942e+02
   3607.0000000000   2.3107347034e+02   1.2228062667e+02   2.2970205831e+02
   3608.0000000000   2.3117560594e+02   1.2234967562e+02   2.2979393136e+02
   3609.0000000000   2.3127619384e+02   1.2241857526e+02   2.2988563326e+02
   3610.0000000000   2.3137579538e+02   1.2248733048e+02   2.2997716838e+02
   3611.0000000000   2.3147465606e+02   1.2255594567e+02   2.3006854079e+02
   3612.0000000000   2.3158132058e+02   1.2262442484e+02   2.3016863528e+02
   3613.0000000000   2.3168254681e+02   1.2270165257e+02   2.3027225307e+02
   3614.0000000000   2.3178251122e+02   1.2278242985e+02   2.3036966066e+02
   3615.0000000000   2.3188165076e+02   1.2285702287e+02   2.3046562051e+02
   3616.0000000000   2.3198855912e+02   1.2293907475e+02   2.3056070841e+02
   3617.0000000000   2.3209001163e+02   1.2302395856e+02   2.3065516913e+02
   3618.0000000000   2.3219019218e+02   1.2311106280e+02   2.3074913611e+02
   3619.0000000000   2.3229794787e+02   1.2320007748e+02   2.3084269238e+02
   3620.0000000000   2.3241694989e+02   1.2329080210e+02   2.3093589418e+02
   3621.0000000000   2.3252475796e+02   1.2337421043e+02   2.3102878193e+02
   3622.0000000000   2.3263006167e+02   1.2345539248e+02   2.3113026699e+02
   3623.0000000000   2.3273384425e+02   1.2353511353e+02   2.3122628972e+02
   3624.0000000000   2.3283652407e+02   1.2361374130e+02   2.3133009646e+02
   3625.0000000000   2.3293833250e+02   1.2369149497e+02   2.3142803224e+02
   3626.0000000000   2.3304782270e+02   1.2376852037e+02   2.3153349735e+02
   3627.0000000000   2.3315176500e+02   1.2384492149e+02   2.3163291432e+02
   3628.0000000000   2.3325434779e+02   1.2392077608e+02   2.3173084766e+02
   3629.0000000000   2.3336442511e+02   1.2399614442e+02   2.3182783224e+02
   3630.0000000000   2.3346886222e+02   1.2407995546e+02   2.3193298694e+02
   3631.0000000000   2.3357188733e+02   1.2415816497e+02   2.3204124564e+02
   3632.0000000000   2.3367396748e+02   1.2423515177e+02   2.3214296011e+02
   3633.0000000000   2.3377530945e+02   1.2431135601e+02   2.3224295204e+02
   3634.0000000000   2.3387603346e+02   1.2438696083e+02   2.3234184058e+02
   3635.0000000000   2.3397621959e+02   1.2446206830e+02   2.3243990349e+02
   3636.0000000000   2.3407592580e+02   1.2453674460e+02   2.3253730005e+02
   3637.0000000000   2.3417519637e+02   1.2461991774e+02   2.3264301502e+02
   3638.0000000000   2.3427406650e+02   1.2469754001e+02   2.3274303825e+02
   3639.0000000000   2.3437256498e+02   1.2478286695e+02   2.3284177068e+02
   3640.0000000000   2.3447071588e+02   1.2487113199e+02   2.3293966742e+02
   3641.0000000000   2.3457694627e+02   1.2496165831e+02   2.3303692213e+02
   3642.0000000000   2.3467794290e+02   1.2504522021e+02   2.3314252538e+02
   3643.0000000000   2.3477783552e+02   1.2512679975e+02   2.3324246561e+02
   3644.0000000000   2.3487702864e+02   1.2520709579e+02   2.3334114049e+02
   3645.0000000000   2.3497568584e+02   1.2528643196e+02   2.3343900169e+02
   3646.0000000000   2.3507389573e+02   1.2536499653e+02   2.3354512071e+02
   3647.0000000000   2.3517171433e+02   1.2544291289e+02   2.3364552112e+02
   3648.0000000000   2.3526918071e+02   1.2552026821e+02   2.3374461880e+02
   3649.0000000000   2.3536632399e+02   1.2559712740e+02   2.3385175688e+02
   3650.0000000000   2.3546316691e+02   1.2567354072e+02   2.3395304912e+02
   3651.0000000000   2.3557654098e+02   1.2574954822e+02   2.3406183417e+02
   3652.0000000000   2.3567979965e+02   1.2582518263e+02   2.3416451401e+02
   3653.0000000000   2.3578959101e+02   1.2590047123e+02   2.3426564645e+02
   3654.0000000000   2.3589337704e+02   1.2597543706e+02   2.3436576513e+02
   3655.0000000000   2.3599558469e+02   1.2605009994e+02   2.3447399009e+02
   3656.0000000000   2.3609676886e+02   1.2612447703e+02   2.3458525742e+02
   3657.0000000000   2.3619718111e+02   1.2619858339e+02   2.3468992145e+02
   3658.0000000000   2.3629696634e+02   1.2627243235e+02   2.3479280662e+02
   3659.0000000000   2.3639621896e+02   1.2634603578e+02   2.3489453474e+02
   3660.0000000000   2.3649500541e+02   1.2641940432e+02   2.3499538619e+02
   3661.0000000000   2.3659337502e+02   1.2649254760e+02   2.3510440369e+02
   3662.0000000000   2.3669136593e+02   1.2657435530e+02   2.3520761000e+02
   3663.0000000000   2.3678900854e+02   1.2665075208e+02   2.3530942693e+02
   3664.0000000000   2.3688632771e+02   1.2672609166e+02   2.3541032386e+02
   3665.0000000000   2.3698334413e+02   1.2680079361e+02   2.3551050486e+02
   3666.0000000000   2.3708007538e+02   1.2688390502e+02   2.3561008747e+02
   3667.0000000000   2.3717653655e+02   1.2696143032e+02   2.3570914967e+02
   3668.0000000000   2.3727274079e+02   1.2703777001e+02   2.3580774778e+02
   3669.0000000000   2.3736869966e+02   1.2712225463e+02   2.3590592480e+02
   3670.0000000000   2.3746442343e+02   1.2720098747e+02   2.3600371490e+02
   3671.0000000000   2.3755992128e+02   1.2727841740e+02   2.3610114605e+02
   3672.0000000000   2.3765520149e+02   1.2736390317e+02   2.3620712259e+02
   3673.0000000000   2.3776708462e+02   1.2744356639e+02   2.3630758112e+02
   3674.0000000000   2.3786891558e+02   1.2752186868e+02   2.3640688529e+02
   3675.0000000000   2.3796892914e+02   1.2759929717e+02   2.3650546300e+02
   3676.0000000000   2.3806791268e+02   1.2767606389e+02   2.3660348748e+02
   3677.0000000000   2.3816617429e+02   1.2775228957e+02   2.3670993355e+02
   3678.0000000000   2.3826387418e+02   1.2782805294e+02   2.3681077725e+02
   3679.0000000000   2.3836110920e+02   1.2791229071e+02   2.3691040636e+02
   3680.0000000000   2.3845794377e+02   1.2799096126e+02   2.3701814552e+02
   3681.0000000000   2.3855442365e+02   1.2806844355e+02   2.3712009534e+02
   3682.0000000000   2.3865058304e+02   1.2814517657e+02   2.3722070372e+02
   3683.0000000000   2.3874644845e+02   1.2822134173e+02   2.3732932938e+02
   3684.0000000000   2.3885044759e+02   1.2829703908e+02   2.3743209439e+02
   3685.0000000000   2.3895767339e+02   1.2837233272e+02   2.3753346111e+02
   3686.0000000000   2.3906733019e+02   1.2844726768e+02   2.3763391759e+02
   3687.0000000000   2.3917060440e+02   1.2853075858e+02   2.3773367683e+02
   3688.0000000000   2.3927216309e+02   1.2860874841e+02   2.3783286055e+02
   3689.0000000000   2.3938104188e+02   1.2868560484e+02   2.3794042945e+02
   3690.0000000000   2.3948419316e+02   1.2876175832e+02   2.3804235690e+02
   3691.0000000000   2.3958589225e+02   1.2883738365e+02   2.3814303202e+02
   3692.0000000000   2.3968663357e+02   1.2891257560e+02   2.3824290107e+02
   3693.0000000000   2.3978664054e+02   1.2898739403e+02   2.3834215098e+02
   3694.0000000000   2.3988604373e+02   1.2906188047e+02   2.3844088608e+02
   3695.0000000000   2.3998492979e+02   1.2913606569e+02   2.3853917391e+02
   3696.0000000000   2.4008336079e+02   1.2920997354e+02   2.3863706236e+02
   3697.0000000000   2.4018979007e+02   1.2928362320e+02   2.3873458746e+02
   3698.0000000000   2.4029092335e+02   1.2937479241e+02   2.3883177756e+02
   3699.0000000000   2.4039090441e+02   1.2945532789e+02   2.3892865567e+02
   3700.0000000000   2.4049014842e+02   1.2954281490e+02   2.3902524093e+02
   3701.0000000000   2.4058882719e+02   1.2962400582e+02   2.3912154960e+02
   3702.0000000000   2.4068703577e+02   1.2970357569e+02   2.3922647665e+02
   3703.0000000000   2.4078483532e+02   1.2978210919e+02   2.3932595100e+02
   3704.0000000000   2.4089067556e+02   1.2985987068e+02   2.3942432989e+02
   3705.0000000000   2.4099125795e+02   1.2993701200e+02   2.3952203581e+02
   3706.0000000000   2.4109072223e+02   1.3001363172e+02   2.3961923734e+02
   3707.0000000000   2.4118947986e+02   1.3008979897e+02   2.3971602432e+02
   3708.0000000000   2.4128769942e+02   1.3017444584e+02   2.3981245259e+02
   3709.0000000000   2.4138547317e+02   1.3026240934e+02   2.3990856044e+02
   3710.0000000000   2.4149126632e+02   1.3034398383e+02   2.4000437591e+02
   3711.0000000000   2.4160860204e+02   1.3042395404e+02   2.4009992059e+02
   3712.0000000000   2.4172336978e+02   1.3050291385e+02   2.4019521175e+02
   3713.0000000000   2.4183088173e+02   1.3058112299e+02   2.4029026359e+02
   3714.0000000000   2.4193620438e+02   1.3065872748e+02   2.4038508805e+02
   3715.0000000000   2.4204853141e+02   1.3073582099e+02   2.4047969539e+02
   3716.0000000000   2.4215489814e+02   1.3081246889e+02   2.4057409453e+02
   3717.0000000000   2.4225963035e+02   1.3088871953e+02   2.4066829336e+02
   3718.0000000000   2.4237166262e+02   1.3096461020e+02   2.4076229888e+02
   3719.0000000000   2.4247791130e+02   1.3104017061e+02   2.4085611743e+02
   3720.0000000000   2.4258263898e+02   1.3111542507e+02   2.4094975472e+02
   3721.0000000000   2.4269474336e+02   1.3119039384e+02   2.4104321598e+02
   3722.0000000000   2.4280111777e+02   1.3126509414e+02   2.4113650602e+02
   3723.0000000000   2.4290600972e+02   1.3134842174e+02   2.4123851024e+02
   3724.0000000000   2.4300990007e+02   1.3142630622e+02   2.4133514942e+02
   3725.0000000000   2.4311300589e+02   1.3150310537e+02   2.4143077383e+02
   3726.0000000000   2.4321545521e+02   1.3157924213e+02   2.4152579992e+02
   3727.0000000000   2.4332574078e+02   1.3165488544e+02   2.4162039094e+02
   3728.0000000000   2.4343059443e+02   1.3173012543e+02   2.4171463208e+02
   3729.0000000000   2.4353417861e+02   1.3180501820e+02   2.4182633696e+02
   3730.0000000000   2.4363692252e+02   1.3187960220e+02   2.4193625446e+02
   3731.0000000000   2.4373900898e+02   1.3195390562e+02   2.4203901887e+02
   3732.0000000000   2.4384054190e+02   1.3202795017e+02   2.4213982090e+02
   3733.0000000000   2.4394158978e+02   1.3210175320e+02   2.4223940780e+02
   3734.0000000000   2.4404220198e+02   1.3217532896e+02   2.4234699617e+02
   3735.0000000000   2.4414241620e+02   1.3225757040e+02   2.4244869185e+02
   3736.0000000000   2.4424226252e+02   1.3234328545e+02   2.4255784260e+02
   3737.0000000000   2.4434176560e+02   1.3243162712e+02   2.4266086081e+02
   3738.0000000000   2.4444094620e+02   1.3251327926e+02   2.4277119407e+02
   3739.0000000000   2.4453982208e+02   1.3261093001e+02   2.4287529960e+02
   3740.0000000000   2.4463840865e+02   1.3269707381e+02   2.4297776823e+02
   3741.0000000000   2.4473671948e+02   1.3278069989e+02   2.4307915527e+02
   3742.0000000000   2.4483476660e+02   1.3287168260e+02   2.4317971496e+02
   3743.0000000000   2.4493256080e+02   1.3295636572e+02   2.4327959676e+02
   3744.0000000000   2.4503011178e+02   1.3304821492e+02   2.4338778116e+02
   3745.0000000000   2.4512742838e+02   1.3313371146e+02   2.4349025636e+02
   3746.0000000000   2.4522451865e+02   1.3321746653e+02   2.4359142283e+02
   3747.0000000000   2.4532138997e+02   1.3330893262e+02   2.4369173585e+02
   3748.0000000000   2.4541804915e+02   1.3339429342e+02   2.4379138955e+02
   3749.0000000000   2.4551450248e+02   1.3347805501e+02   2.4389937513e+02
   3750.0000000000   2.4561075581e+02   1.3356073802e+02   2.4400168168e+02
   3751.0000000000   2.4570681458e+02   1.3365146156e+02   2.4410270760e+02
   3752.0000000000   2.4580268387e+02   1.3373628399e+02   2.4421178619e+02
   3753.0000000000   2.4589836843e+02   1.3381964756e+02   2.4432390628e+02
   3754.0000000000   2.4599387274e+02   1.3391091606e+02   2.4442943851e+02
   3755.0000000000   2.4608920101e+02   1.3399621978e+02   2.4453321218e+02
   3756.0000000000   2.4618435719e+02   1.3408002989e+02   2.4463584993e+02
   3757.0000000000   2.4627934504e+02   1.3416284288e+02   2.4473763138e+02
   3758.0000000000   2.4637416810e+02   1.3424487956e+02   2.4484759791e+02
   3759.0000000000   2.4647723626e+02   1.3432626868e+02   2.4496065182e+02
   3760.0000000000   2.4657522177e+02   1.3440709629e+02   2.4507601111e+02
   3761.0000000000   2.4667224191e+02   1.3448742474e+02   2.4518440697e+02
   3762.0000000000   2.4676869037e+02   1.3456730176e+02   2.4529080153e+02
   3763.0000000000   2.4686472131e+02   1.3464676528e+02   2.4539588400e+02
   3764.0000000000   2.4696041498e+02   1.3472584636e+02   2.4549997332e+02
   3765.0000000000   2.4706422657e+02   1.3480457097e+02   2.4560325567e+02
   3766.0000000000   2.4716285758e+02   1.3488296123e+02   2.4570585372e+02
   3767.0000000000   2.4726044545e+02   1.3496103624e+02   2.4580785474e+02
   3768.0000000000   2.4735739840e+02   1.3503881269e+02   2.4590932414e+02
   3769.0000000000   2.4746228794e+02   1.3512518628e+02   2.4601919388e+02
   3770.0000000000   2.4756187172e+02   1.3520608682e+02   2.4612342157e+02
   3771.0000000000   2.4767713222e+02   1.3528587251e+02   2.4622638728e+02
   3772.0000000000   2.4778183603e+02   1.3536496682e+02   2.4632853206e+02
   3773.0000000000   2.4789279697e+02   1.3544353934e+02   2.4643892077e+02
   3774.0000000000   2.4800597079e+02   1.3552168087e+02   2.4654357278e+02
   3775.0000000000   2.4811250616e+02   1.3559944821e+02   2.4664690128e+02
   3776.0000000000   2.4822551342e+02   1.3567688053e+02   2.4674936673e+02
   3777.0000000000   2.4834073456e+02   1.3575400675e+02   2.4685116520e+02
   3778.0000000000   2.4844926662e+02   1.3583084928e+02   2.4695240735e+02
   3779.0000000000   2.4855579973e+02   1.3591630715e+02   2.4705316537e+02
   3780.0000000000   2.4866099861e+02   1.3599631195e+02   2.4715349069e+02
   3781.0000000000   2.4876517945e+02   1.3607522279e+02   2.4725342219e+02
   3782.0000000000   2.4886853119e+02   1.3616234440e+02   2.4735299056e+02
   3783.0000000000   2.4897118054e+02   1.3624376293e+02   2.4745222077e+02
   3784.0000000000   2.4907321877e+02   1.3632391531e+02   2.4755113365e+02
   3785.0000000000   2.4917471484e+02   1.3640327068e+02   2.4764974693e+02
   3786.0000000000   2.4927572281e+02   1.3648202757e+02   2.4774807592e+02
   3787.0000000000   2.4937628614e+02   1.3656029626e+02   2.4784613403e+02
   3788.0000000000   2.4947644060e+02   1.3663814722e+02   2.4794393310e+02
   3789.0000000000   2.4957621611e+02   1.3671562957e+02   2.4804148373e+02
   3790.0000000000   2.4968404463e+02   1.3679277963e+02   2.4813879544e+02
   3791.0000000000   2.4978661704e+02   1.3687850642e+02   2.4823587686e+02
   3792.0000000000   2.4988806658e+02   1.3695874902e+02   2.4833273586e+02
   3793.0000000000   2.4998880072e+02   1.3703787222e+02   2.4843826062e+02
   3794.0000000000   2.5008898555e+02   1.3711630425e+02   2.4853837444e+02
   3795.0000000000   2.5018871185e+02   1.3719421811e+02   2.4863742990e+02
   3796.0000000000   2.5028803747e+02   1.3727170712e+02   2.4873584555e+02
   3797.0000000000   2.5038700310e+02   1.3734882991e+02   2.4883378660e+02
   3798.0000000000   2.5048563919e+02   1.3743450793e+02   2.4893134003e+02
   3799.0000000000   2.5058396972e+02   1.3752356868e+02   2.4902855917e+02
   3800.0000000000   2.5069042067e+02   1.3761517934e+02   2.4912548014e+02
   3801.0000000000   2.5079167737e+02   1.3770891532e+02   2.4922212907e+02
   3802.0000000000   2.5089186791e+02   1.3779562774e+02   2.4932740686e+02
   3803.0000000000   2.5099139512e+02   1.3788033061e+02   2.4942724595e+02
   3804.0000000000   2.5109042091e+02   1.3796373842e+02   2.4952600566e+02
   3805.0000000000   2.5118903229e+02   1.3804618309e+02   2.4963299059e+02
   3806.0000000000   2.5128728378e+02   1.3813673852e+02   2.4973428652e+02
   3807.0000000000   2.5138521299e+02   1.3822144739e+02   2.4983432987e+02
   3808.0000000000   2.5148284770e+02   1.3830474480e+02   2.4994247022e+02
   3809.0000000000   2.5158020940e+02   1.3838710929e+02   2.5004482214e+02
   3810.0000000000   2.5167731537e+02   1.3846875135e+02   2.5014584173e+02
   3811.0000000000   2.5177417986e+02   1.3854979313e+02   2.5024601172e+02
   3812.0000000000   2.5187922146e+02   1.3863919693e+02   2.5034554051e+02
   3813.0000000000   2.5198752609e+02   1.3872293820e+02   2.5044454586e+02
   3814.0000000000   2.5208988610e+02   1.3880540819e+02   2.5054310395e+02
   3815.0000000000   2.5219081452e+02   1.3888705527e+02   2.5065014934e+02
   3816.0000000000   2.5229926719e+02   1.3896806828e+02   2.5075163859e+02
   3817.0000000000   2.5240214859e+02   1.3904855335e+02   2.5086083001e+02
   3818.0000000000   2.5250370256e+02   1.3912857964e+02   2.5096407786e+02
   3819.0000000000   2.5260440140e+02   1.3920819645e+02   2.5106590876e+02
   3820.0000000000   2.5270445229e+02   1.3928744114e+02   2.5116683451e+02
   3821.0000000000   2.5280397346e+02   1.3936634322e+02   2.5126707817e+02
   3822.0000000000   2.5290304189e+02   1.3944492673e+02   2.5136676589e+02
   3823.0000000000   2.5300171191e+02   1.3952321177e+02   2.5146597928e+02
   3824.0000000000   2.5310843058e+02   1.3960121542e+02   2.5156477566e+02
   3825.0000000000   2.5320989839e+02   1.3967895244e+02   2.5166319768e+02
   3826.0000000000   2.5331866127e+02   1.3975643575e+02   2.5176127839e+02
   3827.0000000000   2.5342179971e+02   1.3983367678e+02   2.5185904426e+02
   3828.0000000000   2.5353200310e+02   1.3991068570e+02   2.5195651698e+02
   3829.0000000000   2.5364483012e+02   1.3998747168e+02   2.5206259568e+02
   3830.0000000000   2.5375127420e+02   1.4006404300e+02   2.5216321250e+02
   3831.0000000000   2.5386436560e+02   1.4014040721e+02   2.5226272720e+02
   3832.0000000000   2.5397139225e+02   1.4021657119e+02   2.5237044526e+02
   3833.0000000000   2.5407675126e+02   1.4029254131e+02   2.5247245353e+02
   3834.0000000000   2.5418099727e+02   1.4037720438e+02   2.5257318959e+02
   3835.0000000000   2.5428438889e+02   1.4046536347e+02   2.5268200417e+02
   3836.0000000000   2.5438707956e+02   1.4054728676e+02   2.5278501301e+02
   3837.0000000000   2.5449757843e+02   1.4062773823e+02   2.5288667330e+02
   3838.0000000000   2.5461103490e+02   1.4070729506e+02   2.5298746880e+02
   3839.0000000000   2.5471828808e+02   1.4078620333e+02   2.5308760891e+02
   3840.0000000000   2.5482388680e+02   1.4086459764e+02   2.5318721228e+02
   3841.0000000000   2.5492840856e+02   1.4094256211e+02   2.5328635595e+02
   3842.0000000000   2.5504051800e+02   1.4102015399e+02   2.5338509430e+02
   3843.0000000000   2.5514703235e+02   1.4110629562e+02   2.5349234891e+02
   3844.0000000000   2.5525216283e+02   1.4118693494e+02   2.5359406804e+02
   3845.0000000000   2.5535636913e+02   1.4126644287e+02   2.5369462347e+02
   3846.0000000000   2.5545985435e+02   1.4135413294e+02   2.5380332988e+02
   3847.0000000000   2.5557114313e+02   1.4144497891e+02   2.5390628135e+02
   3848.0000000000   2.5567698324e+02   1.4152933955e+02   2.5400792122e+02
   3849.0000000000   2.5578154593e+02   1.4161203448e+02   2.5410872396e+02
   3850.0000000000   2.5588526555e+02   1.4170255922e+02   2.5420889247e+02
   3851.0000000000   2.5598832809e+02   1.4178710322e+02   2.5431742173e+02
   3852.0000000000   2.5609083945e+02   1.4187016746e+02   2.5442030203e+02
   3853.0000000000   2.5619286939e+02   1.4195226431e+02   2.5452193162e+02
   3854.0000000000   2.5629446806e+02   1.4204250408e+02   2.5462276199e+02
   3855.0000000000   2.5640408023e+02   1.4212693669e+02   2.5472298312e+02
   3856.0000000000   2.5650840528e+02   1.4220999666e+02   2.5483158214e+02
   3857.0000000000   2.5661158231e+02   1.4230104081e+02   2.5493454432e+02
   3858.0000000000   2.5671402294e+02   1.4239507414e+02   2.5503626457e+02
   3859.0000000000   2.5681589632e+02   1.4248247895e+02   2.5513719205e+02
   3860.0000000000   2.5691729547e+02   1.4257697413e+02   2.5523751510e+02
   3861.0000000000   2.5702668652e+02   1.4266510556e+02   2.5534621966e+02
   3862.0000000000   2.5713078053e+02   1.4275150435e+02   2.5544929011e+02
   3863.0000000000   2.5723372327e+02   1.4283674782e+02   2.5555112069e+02
   3864.0000000000   2.5735274343e+02   1.4292110370e+02   2.5565216005e+02
   3865.0000000000   2.5746135063e+02   1.4300473052e+02   2.5575259613e+02
   3866.0000000000   2.5756786785e+02   1.4308773431e+02   2.5585253359e+02
   3867.0000000000   2.5767313718e+02   1.4317019148e+02   2.5595203990e+02
   3868.0000000000   2.5777750384e+02   1.4325215995e+02   2.5606004361e+02
   3869.0000000000   2.5788956142e+02   1.4333368525e+02   2.5616249707e+02
   3870.0000000000   2.5799609609e+02   1.4341480421e+02   2.5627265556e+02
   3871.0000000000   2.5810130233e+02   1.4349554729e+02   2.5637687117e+02
   3872.0000000000   2.5820562945e+02   1.4357594012e+02   2.5647966892e+02
   3873.0000000000   2.5831767995e+02   1.4365600459e+02   2.5658155947e+02
   3874.0000000000   2.5842423572e+02   1.4373575964e+02   2.5669164597e+02
   3875.0000000000   2.5852948568e+02   1.4381522183e+02   2.5680485163e+02
   3876.0000000000   2.5863387433e+02   1.4389440578e+02   2.5692040168e+02
   3877.0000000000   2.5873759390e+02   1.4397332447e+02   2.5702902913e+02
   3878.0000000000   2.5884075434e+02   1.4405198954e+02   2.5713569564e+02
   3879.0000000000   2.5894342808e+02   1.4413041149e+02   2.5724108892e+02
   3880.0000000000   2.5906248015e+02   1.4420859983e+02   2.5734552602e+02
   3881.0000000000   2.5917128815e+02   1.4428656322e+02   2.5744919110e+02
   3882.0000000000   2.5927811177e+02   1.4436430959e+02   2.5755220484e+02
   3883.0000000000   2.5938375811e+02   1.4444184623e+02   2.5767241453e+02
   3884.0000000000   2.5948855117e+02   1.4451917986e+02   2.5778171713e+02
   3885.0000000000   2.5959266427e+02   1.4460519768e+02   2.5788885482e+02
   3886.0000000000   2.5969620524e+02   1.4468582213e+02   2.5799469269e+02
   3887.0000000000   2.5979924779e+02   1.4477428601e+02   2.5809958276e+02
   3888.0000000000   2.5990184571e+02   1.4485692389e+02   2.5820371593e+02
   3889.0000000000   2.6000404010e+02   1.4494712780e+02   2.5830721236e+02
   3890.0000000000   2.6010586353e+02   1.4503131371e+02   2.5841015507e+02
   3891.0000000000   2.6021574905e+02   1.4511404085e+02   2.5851260514e+02
   3892.0000000000   2.6032038779e+02   1.4520472072e+02   2.5861460956e+02
   3893.0000000000   2.6042391273e+02   1.4528950440e+02   2.5871620574e+02
   3894.0000000000   2.6052673080e+02   1.4538175261e+02   2.5882630524e+02
   3895.0000000000   2.6062900741e+02   1.4546788108e+02   2.5893085028e+02
   3896.0000000000   2.6073083258e+02   1.4555245655e+02   2.5903420896e+02
   3897.0000000000   2.6083226343e+02   1.4563601852e+02   2.5913681282e+02
   3898.0000000000   2.6094174641e+02   1.4572769101e+02   2.5924771901e+02
   3899.0000000000   2.6104598033e+02   1.4581353178e+02   2.5935294056e+02
   3900.0000000000   2.6114910271e+02   1.4590686127e+02   2.5945688535e+02
   3901.0000000000   2.6125152321e+02   1.4599407532e+02   2.5956000938e+02
   3902.0000000000   2.6135340890e+02   1.4607973010e+02   2.5967138584e+02
   3903.0000000000   2.6145485073e+02   1.4617324035e+02   2.5977703877e+02
   3904.0000000000   2.6155590635e+02   1.4626076265e+02   2.5988138394e+02
   3905.0000000000   2.6165661591e+02   1.4634678290e+02   2.5998488313e+02
   3906.0000000000   2.6175700924e+02   1.4643180630e+02   2.6008773292e+02
   3907.0000000000   2.6185710956e+02   1.4651605889e+02   2.6019892501e+02
   3908.0000000000   2.6195693558e+02   1.4659967267e+02   2.6030444802e+02
   3909.0000000000   2.6205650279e+02   1.4668273562e+02   2.6040869941e+02
   3910.0000000000   2.6215582431e+02   1.4676531125e+02   2.6051213041e+02
   3911.0000000000   2.6225491142e+02   1.4685632883e+02   2.6061493100e+02
   3912.0000000000   2.6236218051e+02   1.4694174322e+02   2.6073496953e+02
   3913.0000000000   2.6247271585e+02   1.4702593193e+02   2.6084414827e+02
   3914.0000000000   2.6257730851e+02   1.4711821461e+02   2.6095120897e+02
   3915.0000000000   2.6268047052e+02   1.4721357067e+02   2.6105701411e+02
   3916.0000000000   2.6278275042e+02   1.4730236401e+02   2.6116191240e+02
   3917.0000000000   2.6289278954e+02   1.4739829995e+02   2.6126609130e+02
   3918.0000000000   2.6299738600e+02   1.4748791403e+02   2.6136966771e+02
   3919.0000000000   2.6310073511e+02   1.4757582937e+02   2.6147272163e+02
   3920.0000000000   2.6320328315e+02   1.4766261697e+02   2.6157531139e+02
   3921.0000000000   2.6330522180e+02   1.4774853955e+02   2.6167748150e+02
   3922.0000000000   2.6341506584e+02   1.4783375158e+02   2.6177926716e+02
   3923.0000000000   2.6351955452e+02   1.4791835578e+02   2.6188069696e+02
   3924.0000000000   2.6362285162e+02   1.4800242581e+02   2.6198179465e+02
   3925.0000000000   2.6372538493e+02   1.4808601733e+02   2.6208258030e+02
   3926.0000000000   2.6383574112e+02   1.4818693592e+02   2.6218307114e+02
   3927.0000000000   2.6394068997e+02   1.4827705018e+02   2.6229216310e+02
   3928.0000000000   2.6404441084e+02   1.4836508208e+02   2.6239578601e+02
   3929.0000000000   2.6414734053e+02   1.4845188183e+02   2.6249829798e+02
   3930.0000000000   2.6424966487e+02   1.4853779018e+02   2.6260012227e+02
   3931.0000000000   2.6435148845e+02   1.4862298928e+02   2.6270142820e+02
   3932.0000000000   2.6445287914e+02   1.4870759239e+02   2.6280230627e+02
   3933.0000000000   2.6455388498e+02   1.4880055799e+02   2.6290281296e+02
   3934.0000000000   2.6465454204e+02   1.4889674026e+02   2.6300298709e+02
   3935.0000000000   2.6475487853e+02   1.4898644562e+02   2.6310285724e+02
   3936.0000000000   2.6485491722e+02   1.4907446769e+02   2.6320244548e+02
   3937.0000000000   2.6495467699e+02   1.4916140724e+02   2.6330176952e+02
   3938.0000000000   2.6506258026e+02   1.4925641052e+02   2.6340084397e+02
   3939.0000000000   2.6516530971e+02   1.4934554475e+02   2.6350856212e+02
   3940.0000000000   2.6526699144e+02   1.4944213486e+02   2.6361085127e+02
   3941.0000000000   2.6536802666e+02   1.4954146005e+02   2.6371206710e+02
   3942.0000000000   2.6546857598e+02   1.4963399458e+02   2.6382151163e+02
   3943.0000000000   2.6556872530e+02   1.4972461961e+02   2.6392526876e+02
   3944.0000000000   2.6566852818e+02   1.4982286962e+02   2.6402777354e+02
   3945.0000000000   2.6576802142e+02   1.4991496132e+02   2.6412949352e+02
   3946.0000000000   2.6586723204e+02   1.5001429704e+02   2.6423062583e+02
   3947.0000000000   2.6596618090e+02   1.5010732177e+02   2.6433127957e+02
   3948.0000000000   2.6606488464e+02   1.5019862416e+02   2.6444040511e+02
   3949.0000000000   2.6617176353e+02   1.5028876095e+02   2.6454396733e+02
   3950.0000000000   2.6627349814e+02   1.5038687012e+02   2.6464634813e+02
   3951.0000000000   2.6638261915e+02   1.5047902104e+02   2.6474798767e+02
   3952.0000000000   2.6648619502e+02   1.5056966302e+02   2.6484906758e+02
   3953.0000000000   2.6658849895e+02   1.5065928369e+02   2.6495856859e+02
   3954.0000000000   2.6669000616e+02   1.5074810013e+02   2.6506247089e+02
   3955.0000000000   2.6679092021e+02   1.5083623971e+02   2.6516516522e+02
   3956.0000000000   2.6689135429e+02   1.5092378816e+02   2.6526709733e+02
   3957.0000000000   2.6699138040e+02   1.5101080805e+02   2.6536845265e+02
   3958.0000000000   2.6709104841e+02   1.5109734758e+02   2.6547821461e+02
   3959.0000000000   2.6719039489e+02   1.5119232628e+02   2.6558236545e+02
   3960.0000000000   2.6729785442e+02   1.5128169252e+02   2.6568529752e+02
   3961.0000000000   2.6740852479e+02   1.5137870039e+02   2.6578745783e+02
   3962.0000000000   2.6751320734e+02   1.5146970218e+02   2.6588903283e+02
   3963.0000000000   2.6762482868e+02   1.5155922402e+02   2.6599012586e+02
   3964.0000000000   2.6773061273e+02   1.5164777810e+02   2.6609080323e+02
   3965.0000000000   2.6783491367e+02   1.5173558839e+02   2.6619111145e+02
   3966.0000000000   2.6794666206e+02   1.5182278237e+02   2.6629108522e+02
   3967.0000000000   2.6806116936e+02   1.5190944311e+02   2.6639075156e+02
   3968.0000000000   2.6817776136e+02   1.5199562956e+02   2.6649013219e+02
   3969.0000000000   2.6828770095e+02   1.5208138606e+02   2.6658924508e+02
   3970.0000000000   2.6839570726e+02   1.5216674735e+02   2.6668810531e+02
   3971.0000000000   2.6850244679e+02   1.5225174158e+02   2.6678672584e+02
   3972.0000000000   2.6860823082e+02   1.5233639210e+02   2.6688511788e+02
   3973.0000000000   2.6871324201e+02   1.5242071870e+02   2.6699217226e+02
   3974.0000000000   2.6881760098e+02   1.5250473841e+02   2.6709381441e+02
   3975.0000000000   2.6892139351e+02   1.5258846607e+02   2.6719439857e+02
   3976.0000000000   2.6902468381e+02   1.5267191479e+02   2.6729434464e+02
   3977.0000000000   2.6912752177e+02   1.5276397721e+02   2.6739381895e+02
   3978.0000000000   2.6922994730e+02   1.5285058050e+02   2.6749290932e+02
   3979.0000000000   2.6933199307e+02   1.5295384252e+02   2.6760055079e+02
   3980.0000000000   2.6943368632e+02   1.5304601812e+02   2.6771157767e+02
   3981.0000000000   2.6953505014e+02   1.5313596799e+02   2.6781627967e+02
   3982.0000000000   2.6963610432e+02   1.5322460713e+02   2.6792831736e+02
   3983.0000000000   2.6973686607e+02   1.5332119180e+02   2.6803419623e+02
   3984.0000000000   2.6983735044e+02   1.5342072163e+02   2.6813851776e+02
   3985.0000000000   2.6993757075e+02   1.5351358505e+02   2.6824183649e+02
   3986.0000000000   2.7003753888e+02   1.5360462629e+02   2.6834440210e+02
   3987.0000000000   2.7013726545e+02   1.5369447943e+02   2.6845523945e+02
   3988.0000000000   2.7023676006e+02   1.5379231365e+02   2.6856924006e+02
   3989.0000000000   2.7033603142e+02   1.5389309355e+02   2.6867673324e+02
   3990.0000000000   2.7043508744e+02   1.5398719183e+02   2.6878252749e+02
   3991.0000000000   2.7053393541e+02   1.5407944557e+02   2.6888723361e+02
   3992.0000000000   2.7063258198e+02   1.5417048575e+02   2.6899112382e+02
   3993.0000000000   2.7073103331e+02   1.5426059961e+02   2.6909435357e+02
   3994.0000000000   2.7083770164e+02   1.5435883521e+02   2.6919702389e+02
   3995.0000000000   2.7093926129e+02   1.5445121952e+02   2.6929920594e+02
   3996.0000000000   2.7103983145e+02   1.5454217775e+02   2.6940095275e+02
   3997.0000000000   2.7113980752e+02   1.5463218210e+02   2.6950230540e+02
   3998.0000000000   2.7123934519e+02   1.5473031995e+02   2.6960329677e+02
   3999.0000000000   2.7133852614e+02   1.5482262748e+02   2.6971283476e+02
   4000.0000000000   2.7143740030e+02   1.5491353081e+02   2.6981685852e+02
   4001.0000000000   2.7153600130e+02   1.5500350058e+02   2.6991973358e+02
   4002.0000000000   2.7163435341e+02   1.5509274102e+02   2.7002188924e+02
   4003.0000000000   2.7173247503e+02   1.5518136945e+02   2.7012349971e+02
   4004.0000000000   2.7183038068e+02   1.5526946354e+02   2.7022465957e+02
   4005.0000000000   2.7192808214e+02   1.5535707933e+02   2.7032542869e+02
   4006.0000000000   2.7202558927e+02   1.5544425961e+02   2.7042584876e+02
   4007.0000000000   2.7213131693e+02   1.5553103839e+02   2.7052595078e+02
   4008.0000000000   2.7223194141e+02   1.5561744351e+02   2.7062575890e+02
   4009.0000000000   2.7233158328e+02   1.5571237928e+02   2.7072529262e+02
   4010.0000000000   2.7243904549e+02   1.5580178229e+02   2.7082456807e+02
   4011.0000000000   2.7254115351e+02   1.5589001623e+02   2.7092359894e+02
   4012.0000000000   2.7264210376e+02   1.5597750907e+02   2.7103127796e+02
   4013.0000000000   2.7275915037e+02   1.5606443411e+02   2.7113353208e+02
   4014.0000000000   2.7286581664e+02   1.5615976630e+02   2.7123471681e+02
   4015.0000000000   2.7297043309e+02   1.5624948180e+02   2.7133525310e+02
   4016.0000000000   2.7307384587e+02   1.5633796854e+02   2.7144418913e+02
   4017.0000000000   2.7317640230e+02   1.5642567031e+02   2.7154753018e+02
   4018.0000000000   2.7327829024e+02   1.5651277124e+02   2.7164967741e+02
   4019.0000000000   2.7337962688e+02   1.5659937293e+02   2.7175108094e+02
   4020.0000000000   2.7348049202e+02   1.5668554045e+02   2.7185192780e+02
   4021.0000000000   2.7358094342e+02   1.5677131945e+02   2.7196120174e+02
   4022.0000000000   2.7368102474e+02   1.5686562498e+02   2.7206488461e+02
   4023.0000000000   2.7378077014e+02   1.5696328132e+02   2.7216736808e+02
   4024.0000000000   2.7388020706e+02   1.5705457310e+02   2.7226909834e+02
   4025.0000000000   2.7397935800e+02   1.5715315844e+02   2.7237026098e+02
   4026.0000000000   2.7407824180e+02   1.5724554191e+02   2.7247095850e+02
   4027.0000000000   2.7418528093e+02   1.5734520587e+02   2.7257125635e+02
   4028.0000000000   2.7428715816e+02   1.5744750294e+02   2.7267120029e+02
   4029.0000000000   2.7438799965e+02   1.5754294667e+02   2.7277082427e+02
   4030.0000000000   2.7448820667e+02   1.5764532211e+02   2.7287015463e+02
   4031.0000000000   2.7458793986e+02   1.5774121361e+02   2.7296921247e+02
   4032.0000000000   2.7468728510e+02   1.5784415777e+02   2.7306801516e+02
   4033.0000000000   2.7479470246e+02   1.5794066513e+02   2.7316657725e+02
   4034.0000000000   2.7489689772e+02   1.5804424258e+02   2.7326491118e+02
   4035.0000000000   2.7499801209e+02   1.5814138679e+02   2.7336302771e+02
   4036.0000000000   2.7509845712e+02   1.5824559766e+02   2.7346093626e+02
   4037.0000000000   2.7521521381e+02   1.5834336821e+02   2.7355864518e+02
   4038.0000000000   2.7532171148e+02   1.5843931544e+02   2.7365616190e+02
   4039.0000000000   2.7542623616e+02   1.5853401476e+02   2.7375349312e+02
   4040.0000000000   2.7552960927e+02   1.5862773635e+02   2.7385064490e+02
   4041.0000000000   2.7564056945e+02   1.5872064272e+02   2.7394762276e+02
   4042.0000000000   2.7574596366e+02   1.5881284425e+02   2.7404443175e+02
   4043.0000000000   2.7585001647e+02   1.5890442169e+02   2.7414107653e+02
   4044.0000000000   2.7595319363e+02   1.5899543703e+02   2.7423756140e+02
   4045.0000000000   2.7605570071e+02   1.5908593959e+02   2.7434277131e+02
   4046.0000000000   2.7615765635e+02   1.5917596968e+02   2.7445150763e+02
   4047.0000000000   2.7625913882e+02   1.5926556093e+02   2.7456291791e+02
   4048.0000000000   2.7636020404e+02   1.5935474188e+02   2.7467656234e+02
   4049.0000000000   2.7647770725e+02   1.5944353708e+02   2.7478327988e+02
   4050.0000000000   2.7658501960e+02   1.5953196792e+02   2.7488807462e+02
   4051.0000000000   2.7669039626e+02   1.5962005319e+02   2.7499165280e+02
   4052.0000000000   2.7679464087e+02   1.5970780957e+02   2.7509433938e+02
   4053.0000000000   2.7691488777e+02   1.5979525194e+02   2.7519632133e+02
   4054.0000000000   2.7702464614e+02   1.5988239372e+02   2.7529771953e+02
   4055.0000000000   2.7714065690e+02   1.5997812801e+02   2.7539861815e+02
   4056.0000000000   2.7725884931e+02   1.6007726347e+02   2.7549907892e+02
   4057.0000000000   2.7737036170e+02   1.6017007332e+02   2.7559914892e+02
   4058.0000000000   2.7747989418e+02   1.6026132611e+02   2.7569886516e+02
   4059.0000000000   2.7758811254e+02   1.6035160314e+02   2.7579825745e+02
   4060.0000000000   2.7769533130e+02   1.6044115424e+02   2.7590623124e+02
   4061.0000000000   2.7780173704e+02   1.6053011747e+02   2.7601760468e+02
   4062.0000000000   2.7790745411e+02   1.6061858011e+02   2.7612265822e+02
   4063.0000000000   2.7801257159e+02   1.6070660232e+02   2.7623504706e+02
   4064.0000000000   2.7811715660e+02   1.6079422814e+02   2.7634127357e+02
   4065.0000000000   2.7822126159e+02   1.6088149134e+02   2.7645481844e+02
   4066.0000000000   2.7832492869e+02   1.6096841869e+02   2.7656215194e+02
   4067.0000000000   2.7842819254e+02   1.6105503206e+02   2.7666786983e+02
   4068.0000000000   2.7853108213e+02   1.6115023063e+02   2.7677252875e+02
   4069.0000000000   2.7863362208e+02   1.6123994658e+02   2.7687638265e+02
   4070.0000000000   2.7874424012e+02   1.6133742067e+02   2.7698846096e+02
   4071.0000000000   2.7885803025e+02   1.6143787511e+02   2.7709477863e+02
   4072.0000000000   2.7897419848e+02   1.6153174325e+02   2.7719975223e+02
   4073.0000000000   2.7908393326e+02   1.6162387564e+02   2.7730384737e+02
   4074.0000000000   2.7919190379e+02   1.6171490207e+02   2.7740726512e+02
   4075.0000000000   2.7929874138e+02   1.6180510375e+02   2.7751012058e+02
   4076.0000000000   2.7940473154e+02   1.6190352129e+02   2.7761248964e+02
   4077.0000000000   2.7951003750e+02   1.6199617420e+02   2.7771442680e+02
   4078.0000000000   2.7961476488e+02   1.6208748062e+02   2.7781597347e+02
   4079.0000000000   2.7971898769e+02   1.6217790632e+02   2.7791716236e+02
   4080.0000000000   2.7982276071e+02   1.6226765186e+02   2.7801802010e+02
   4081.0000000000   2.7992612621e+02   1.6235683155e+02   2.7811856887e+02
   4082.0000000000   2.8002911785e+02   1.6244552038e+02   2.7821882747e+02
   4083.0000000000   2.8013176315e+02   1.6253377193e+02   2.7831881207e+02
   4084.0000000000   2.8023408503e+02   1.6262162672e+02   2.7842741773e+02
   4085.0000000000   2.8033610294e+02   1.6270911666e+02   2.7853057353e+02
   4086.0000000000   2.8043783362e+02   1.6279626766e+02   2.7863263692e+02
   4087.0000000000   2.8055610468e+02   1.6289198218e+02   2.7873403060e+02
   4088.0000000000   2.8066426705e+02   1.6299107610e+02   2.7883492336e+02
   4089.0000000000   2.8077056057e+02   1.6308382819e+02   2.7894428623e+02
   4090.0000000000   2.8087577705e+02   1.6317501139e+02   2.7904809192e+02
   4091.0000000000   2.8098022842e+02   1.6326521047e+02   2.7916848725e+02
   4092.0000000000   2.8108407826e+02   1.6335467804e+02   2.7927774667e+02
   4093.0000000000   2.8118742639e+02   1.6344355438e+02   2.7938474469e+02
   4094.0000000000   2.8129874639e+02   1.6353192860e+02   2.7949928740e+02
   4095.0000000000   2.8140475545e+02   1.6361986229e+02   2.7960767435e+02
   4096.0000000000   2.8150960410e+02   1.6371628169e+02   2.7971445981e+02
   4097.0000000000   2.8161371157e+02   1.6380713820e+02   2.7982018644e+02
   4098.0000000000   2.8171725216e+02   1.6390568681e+02   2.7992510271e+02
   4099.0000000000   2.8182032242e+02   1.6399827954e+02   2.8002935478e+02
   4100.0000000000   2.8192298443e+02   1.6408944151e+02   2.8013303997e+02
   4101.0000000000   2.8202528188e+02   1.6418856447e+02   2.8024510906e+02
   4102.0000000000   2.8212724747e+02   1.6428178745e+02   2.8036041241e+02
   4103.0000000000   2.8223731334e+02   1.6437358262e+02   2.8047813538e+02
   4104.0000000000   2.8234216922e+02   1.6447332510e+02   2.8058898721e+02
   4105.0000000000   2.8244594650e+02   1.6457602967e+02   2.8069791452e+02
   4106.0000000000   2.8254905051e+02   1.6467208405e+02   2.8081447603e+02
   4107.0000000000   2.8266005164e+02   1.6476632934e+02   2.8092489868e+02
   4108.0000000000   2.8277411398e+02   1.6485939661e+02   2.8103370825e+02
   4109.0000000000   2.8288207655e+02   1.6495157164e+02   2.8114143486e+02
   4110.0000000000   2.8298848297e+02   1.6504301957e+02   2.8124832123e+02
   4111.0000000000   2.8309390399e+02   1.6513384859e+02   2.8135451112e+02
   4112.0000000000   2.8319859075e+02   1.6522413546e+02   2.8146010113e+02
   4113.0000000000   2.8330268480e+02   1.6531393759e+02   2.8156516130e+02
   4114.0000000000   2.8341468354e+02   1.6541218070e+02   2.8166974503e+02
   4115.0000000000   2.8352972585e+02   1.6550481735e+02   2.8177389459e+02
   4116.0000000000   2.8363864176e+02   1.6559622346e+02   2.8187764433e+02
   4117.0000000000   2.8374597228e+02   1.6568683661e+02   2.8198102280e+02
   4118.0000000000   2.8385228818e+02   1.6577683776e+02   2.8208405415e+02
   4119.0000000000   2.8395784178e+02   1.6586632705e+02   2.8218675910e+02
   4120.0000000000   2.8406277625e+02   1.6595536903e+02   2.8228915563e+02
   4121.0000000000   2.8416718421e+02   1.6604400941e+02   2.8239125952e+02
   4122.0000000000   2.8427113069e+02   1.6614116359e+02   2.8249308475e+02
   4123.0000000000   2.8438307059e+02   1.6623277540e+02   2.8259464377e+02
   4124.0000000000   2.8449811697e+02   1.6632321340e+02   2.8269594779e+02
   4125.0000000000   2.8460708307e+02   1.6641290893e+02   2.8279700692e+02
   4126.0000000000   2.8471449852e+02   1.6650203767e+02   2.8289783037e+02
   4127.0000000000   2.8482092606e+02   1.6659069526e+02   2.8300730748e+02
   4128.0000000000   2.8492661219e+02   1.6667894241e+02   2.8311136266e+02
   4129.0000000000   2.8503169573e+02   1.6676682145e+02   2.8322323038e+02
   4130.0000000000   2.8514467255e+02   1.6685436395e+02   2.8332924676e+02
   4131.0000000000   2.8525227419e+02   1.6694159452e+02   2.8343392421e+02
   4132.0000000000   2.8535866126e+02   1.6702853305e+02   2.8353776327e+02
   4133.0000000000   2.8546426049e+02   1.6711519607e+02   2.8364097785e+02
   4134.0000000000   2.8556925195e+02   1.6720159758e+02   2.8374368665e+02
   4135.0000000000   2.8567373683e+02   1.6728774968e+02   2.8384596506e+02
   4136.0000000000   2.8577778098e+02   1.6737366294e+02   2.8394786523e+02
   4137.0000000000   2.8588143125e+02   1.6745934672e+02   2.8405830639e+02
   4138.0000000000   2.8598472301e+02   1.6754480940e+02   2.8417211551e+02
   4139.0000000000   2.8608768415e+02   1.6763005851e+02   2.8427957898e+02
   4140.0000000000   2.8619033734e+02   1.6771510093e+02   2.8438547504e+02
   4141.0000000000   2.8629270145e+02   1.6779994289e+02   2.8449927320e+02
   4142.0000000000   2.8639479253e+02   1.6789347114e+02   2.8461602642e+02
   4143.0000000000   2.8649662441e+02   1.6798160765e+02   2.8472614006e+02
   4144.0000000000   2.8659820917e+02   1.6806870379e+02   2.8483446390e+02
   4145.0000000000   2.8670796402e+02   1.6815517701e+02   2.8494163337e+02
   4146.0000000000   2.8681256751e+02   1.6824119150e+02   2.8504793638e+02
   4147.0000000000   2.8691614243e+02   1.6832683331e+02   2.8515353888e+02
   4148.0000000000   2.8701908732e+02   1.6841215491e+02   2.8525854927e+02
   4149.0000000000   2.8712156058e+02   1.6849719162e+02   2.8537192502e+02
   4150.0000000000   2.8723205283e+02   1.6858196883e+02   2.8547963978e+02
   4151.0000000000   2.8734569166e+02   1.6866650578e+02   2.8558608412e+02
   4152.0000000000   2.8745329588e+02   1.6875081761e+02   2.8569170615e+02
   4153.0000000000   2.8755939647e+02   1.6884379755e+02   2.8579669459e+02
   4154.0000000000   2.8766455552e+02   1.6894025348e+02   2.8591891742e+02
   4155.0000000000   2.8776901790e+02   1.6903933815e+02   2.8603915803e+02
   4156.0000000000   2.8787292040e+02   1.6913173502e+02   2.8615207520e+02
   4157.0000000000   2.8797635013e+02   1.6923125083e+02   2.8626287833e+02
   4158.0000000000   2.8807936740e+02   1.6933334384e+02   2.8637232950e+02
   4159.0000000000   2.8818201643e+02   1.6942857302e+02   2.8648077658e+02
   4160.0000000000   2.8828433109e+02   1.6953074582e+02   2.8658841898e+02
   4161.0000000000   2.8839474470e+02   1.6962645849e+02   2.8669538585e+02
   4162.0000000000   2.8849994808e+02   1.6972037318e+02   2.8680176767e+02
   4163.0000000000   2.8860407353e+02   1.6982196829e+02   2.8690763137e+02
   4164.0000000000   2.8870752712e+02   1.6992632280e+02   2.8701302853e+02
   4165.0000000000   2.8881047329e+02   1.7003274875e+02   2.8712688111e+02
   4166.0000000000   2.8891300106e+02   1.7013203484e+02   2.8723513923e+02
   4167.0000000000   2.8901516649e+02   1.7022918149e+02   2.8734217710e+02
   4168.0000000000   2.8911700848e+02   1.7033378590e+02   2.8745731205e+02
   4169.0000000000   2.8921855579e+02   1.7043210352e+02   2.8756664083e+02
   4170.0000000000   2.8931983072e+02   1.7052868198e+02   2.8767460939e+02
   4171.0000000000   2.8942925771e+02   1.7062406852e+02   2.8778169463e+02
   4172.0000000000   2.8953352057e+02   1.7071851956e+02   2.8789698276e+02
   4173.0000000000   2.8963674600e+02   1.7081218998e+02   2.8800650661e+02
   4174.0000000000   2.8973933550e+02   1.7090518557e+02   2.8811468825e+02
   4175.0000000000   2.8984144975e+02   1.7100646499e+02   2.8822199423e+02
   4176.0000000000   2.8995158110e+02   1.7110200481e+02   2.8832862484e+02
   4177.0000000000   2.9005645201e+02   1.7119619921e+02   2.8843469376e+02
   4178.0000000000   2.9016021331e+02   1.7129838113e+02   2.8854027538e+02
   4179.0000000000   2.9026328260e+02   1.7139465981e+02   2.8864542273e+02
   4180.0000000000   2.9037423838e+02   1.7148949141e+02   2.8875017588e+02
   4181.0000000000   2.9047984371e+02   1.7159224233e+02   2.8885456638e+02
   4182.0000000000   2.9058427243e+02   1.7168904166e+02   2.8895861985e+02
   4183.0000000000   2.9068795667e+02   1.7178435814e+02   2.8907123858e+02
   4184.0000000000   2.9079107832e+02   1.7187868556e+02   2.8917835734e+02
   4185.0000000000   2.9089373859e+02   1.7198112308e+02   2.8928433811e+02
   4186.0000000000   2.9099600243e+02   1.7207771383e+02   2.8938960736e+02
   4187.0000000000   2.9109791532e+02   1.7217288819e+02   2.8949433698e+02
   4188.0000000000   2.9119951108e+02   1.7227600057e+02   2.8959861965e+02
   4189.0000000000   2.9130081596e+02   1.7237317374e+02   2.8970251366e+02
   4190.0000000000   2.9141025751e+02   1.7246887275e+02   2.8980605941e+02
   4191.0000000000   2.9151452204e+02   1.7256358911e+02   2.8991816778e+02
   4192.0000000000   2.9161773831e+02   1.7265753946e+02   2.9002477870e+02
   4193.0000000000   2.9172871600e+02   1.7275084915e+02   2.9013025732e+02
   4194.0000000000   2.9183428623e+02   1.7284360133e+02   2.9023503202e+02
   4195.0000000000   2.9193865023e+02   1.7293585593e+02   2.9033927585e+02
   4196.0000000000   2.9205065972e+02   1.7302765863e+02   2.9045196310e+02
   4197.0000000000   2.9215717255e+02   1.7311904563e+02   2.9055906908e+02
   4198.0000000000   2.9227081463e+02   1.7321004649e+02   2.9066498072e+02
   4199.0000000000   2.9237871312e+02   1.7330068592e+02   2.9077014077e+02
   4200.0000000000   2.9248518061e+02   1.7339098496e+02   2.9087473224e+02
   4201.0000000000   2.9259912686e+02   1.7348096176e+02   2.9097885570e+02
   4202.0000000000   2.9270744529e+02   1.7357063222e+02   2.9109145610e+02
   4203.0000000000   2.9282278581e+02   1.7366889134e+02   2.9119849475e+02
   4204.0000000000   2.9293229284e+02   1.7376166833e+02   2.9131323214e+02
   4205.0000000000   2.9304869849e+02   1.7385332088e+02   2.9142202349e+02
   4206.0000000000   2.9315918510e+02   1.7394427202e+02   2.9152939575e+02
   4207.0000000000   2.9327650583e+02   1.7403469095e+02   2.9163586078e+02
   4208.0000000000   2.9338785622e+02   1.7412466814e+02   2.9174164149e+02
   4209.0000000000   2.9349759185e+02   1.7421426011e+02   2.9184686386e+02
   4210.0000000000   2.9360624567e+02   1.7430350578e+02   2.9195160928e+02
   4211.0000000000   2.9371406385e+02   1.7439243387e+02   2.9205593487e+02
   4212.0000000000   2.9382959884e+02   1.7448106663e+02   2.9216876404e+02
   4213.0000000000   2.9393961751e+02   1.7456942193e+02   2.9228492734e+02
   4214.0000000000   2.9405671136e+02   1.7466639556e+02   2.9239471417e+02
   4215.0000000000   2.9416799402e+02   1.7477567869e+02   2.9251178638e+02
   4216.0000000000   2.9427777351e+02   1.7487346194e+02   2.9262265148e+02
   4217.0000000000   2.9438655266e+02   1.7496886054e+02   2.9273191318e+02
   4218.0000000000   2.9449455745e+02   1.7506286852e+02   2.9284012836e+02
   4219.0000000000   2.9460191961e+02   1.7515589528e+02   2.9294754897e+02
   4220.0000000000   2.9470872669e+02   1.7524816039e+02   2.9305432103e+02
   4221.0000000000   2.9481504174e+02   1.7533979924e+02   2.9316054047e+02
   4222.0000000000   2.9494613229e+02   1.7543978404e+02   2.9326627536e+02
   4223.0000000000   2.9507044987e+02   1.7553409685e+02   2.9338045763e+02
   4224.0000000000   2.9518703708e+02   1.7562713321e+02   2.9348904360e+02
   4225.0000000000   2.9530961274e+02   1.7571934416e+02   2.9360529249e+02
   4226.0000000000   2.9542571257e+02   1.7581092015e+02   2.9372444092e+02
   4227.0000000000   2.9553985379e+02   1.7590196822e+02   2.9383693377e+02
   4228.0000000000   2.9565265946e+02   1.7599255794e+02   2.9394763094e+02
   4229.0000000000   2.9576443155e+02   1.7608273877e+02   2.9406605093e+02
   4230.0000000000   2.9587535309e+02   1.7617254796e+02   2.9417839807e+02
   4231.0000000000   2.9598554803e+02   1.7626201482e+02   2.9428918389e+02
   4232.0000000000   2.9609510628e+02   1.7635116310e+02   2.9439892869e+02
   4233.0000000000   2.9620409622e+02   1.7644001254e+02   2.9450786811e+02
   4234.0000000000   2.9631257167e+02   1.7652857986e+02   2.9461614047e+02
   4235.0000000000   2.9642057618e+02   1.7661687945e+02   2.9472383817e+02
   4236.0000000000   2.9653655227e+02   1.7670492384e+02   2.9483102784e+02
   4237.0000000000   2.9664719924e+02   1.7680160505e+02   2.9493776009e+02
   4238.0000000000   2.9676506371e+02   1.7689284958e+02   2.9504407487e+02
   4239.0000000000   2.9687722784e+02   1.7698301267e+02   2.9515000457e+02
   4240.0000000000   2.9698797674e+02   1.7708139613e+02   2.9525557606e+02
   4241.0000000000   2.9709779604e+02   1.7718296473e+02   2.9536969301e+02
   4242.0000000000   2.9721530503e+02   1.7727807023e+02   2.9547829157e+02
   4243.0000000000   2.9732729411e+02   1.7737152669e+02   2.9558573505e+02
   4244.0000000000   2.9743795681e+02   1.7747282523e+02   2.9571021306e+02
   4245.0000000000   2.9754774033e+02   1.7756815167e+02   2.9582373199e+02
   4246.0000000000   2.9767365160e+02   1.7766200407e+02   2.9593507843e+02
   4247.0000000000   2.9778913973e+02   1.7777265430e+02   2.9604513734e+02
   4248.0000000000   2.9791931945e+02   1.7787216305e+02   2.9615426980e+02
   4249.0000000000   2.9803836304e+02   1.7796935476e+02   2.9626267052e+02
   4250.0000000000   2.9816324820e+02   1.7808290374e+02   2.9637046091e+02
   4251.0000000000   2.9828161251e+02   1.7819390595e+02   2.9648660479e+02
   4252.0000000000   2.9839799103e+02   1.7829718141e+02   2.9659707903e+02
   4253.0000000000   2.9851301154e+02   1.7839803600e+02   2.9670627584e+02
   4254.0000000000   2.9862697777e+02   1.7849729509e+02   2.9681464412e+02
   4255.0000000000   2.9874007376e+02   1.7860423173e+02   2.9692237297e+02
   4256.0000000000   2.9886083075e+02   1.7871387529e+02   2.9702956855e+02
   4257.0000000000   2.9897600840e+02   1.7881664253e+02   2.9713629992e+02
   4258.0000000000   2.9908978994e+02   1.7891740225e+02   2.9724261624e+02
   4259.0000000000   2.9920262058e+02   1.7901680931e+02   2.9735743562e+02
   4260.0000000000   2.9931469581e+02   1.7912405049e+02   2.9746670402e+02
   4261.0000000000   2.9942612976e+02   1.7922522432e+02   2.9758367268e+02
   4262.0000000000   2.9953699929e+02   1.7932479955e+02   2.9769469099e+02
   4263.0000000000   2.9964736076e+02   1.7942327776e+02   2.9781316317e+02
   4264.0000000000   2.9975725777e+02   1.7952088655e+02   2.9793439629e+02
   4265.0000000000   2.9986672543e+02   1.7961776148e+02   2.9804887485e+02
   4266.0000000000   2.9997579276e+02   1.7972287582e+02   2.9816148316e+02
   4267.0000000000   3.0008448432e+02   1.7982221418e+02   2.9828175577e+02
   4268.0000000000   3.0019282119e+02   1.7992017566e+02   2.9839590811e+02
   4269.0000000000   3.0030922828e+02   1.8001721545e+02   2.9850845970e+02
   4270.0000000000   3.0042039081e+02   1.8012240933e+02   2.9861993675e+02
   4271.0000000000   3.0053043743e+02   1.8022178542e+02   2.9873946038e+02
   4272.0000000000   3.0063977185e+02   1.8031976402e+02   2.9885308911e+02
   4273.0000000000   3.0074855709e+02   1.8041681159e+02   2.9896526456e+02
   4274.0000000000   3.0085688137e+02   1.8052201020e+02   2.9907646849e+02
   4275.0000000000   3.0096480047e+02   1.8062139157e+02   2.9919579425e+02
   4276.0000000000   3.0107235329e+02   1.8072825906e+02   2.9930928203e+02
   4277.0000000000   3.0117956887e+02   1.8082899697e+02   2.9942136067e+02
   4278.0000000000   3.0128646997e+02   1.8092815349e+02   2.9953250279e+02
   4279.0000000000   3.0139307506e+02   1.8102625680e+02   2.9965179495e+02
   4280.0000000000   3.0149939958e+02   1.8112354288e+02   2.9976527222e+02
   4281.0000000000   3.0160545672e+02   1.8122902943e+02   2.9988624044e+02
   4282.0000000000   3.0171125791e+02   1.8133760451e+02   3.0000108578e+02
   4283.0000000000   3.0182521978e+02   1.8143959613e+02   3.0011435781e+02
   4284.0000000000   3.0193402037e+02   1.8153981277e+02   3.0023546672e+02
   4285.0000000000   3.0204178201e+02   1.8163886602e+02   3.0035056593e+02
   4286.0000000000   3.0214890286e+02   1.8174591034e+02   3.0046413915e+02
   4287.0000000000   3.0225554100e+02   1.8184701943e+02   3.0057669006e+02
   4288.0000000000   3.0236178023e+02   1.8194664249e+02   3.0068844373e+02
   4289.0000000000   3.0246767239e+02   1.8204526539e+02   3.0079953151e+02
   4290.0000000000   3.0257325280e+02   1.8214310292e+02   3.0091004102e+02
   4291.0000000000   3.0267854728e+02   1.8224028006e+02   3.0102003560e+02
   4292.0000000000   3.0278357564e+02   1.8233688024e+02   3.0112956355e+02
   4293.0000000000   3.0289676020e+02   1.8243296393e+02   3.0123866315e+02
   4294.0000000000   3.0300478300e+02   1.8252857744e+02   3.0134736566e+02
   4295.0000000000   3.0311176921e+02   1.8262375759e+02   3.0145569712e+02
   4296.0000000000   3.0321811901e+02   1.8271853458e+02   3.0156367970e+02
   4297.0000000000   3.0332399195e+02   1.8281293372e+02   3.0167133248e+02
   4298.0000000000   3.0342947291e+02   1.8290697656e+02   3.0177867214e+02
   4299.0000000000   3.0353461446e+02   1.8300068180e+02   3.0188571338e+02
   4300.0000000000   3.0364785900e+02   1.8309406579e+02   3.0199246928e+02
   4301.0000000000   3.0375590174e+02   1.8318714302e+02   3.0209895157e+02
   4302.0000000000   3.0386287698e+02   1.8327992642e+02   3.0220517085e+02
   4303.0000000000   3.0396919146e+02   1.8337242763e+02   3.0231113673e+02
   4304.0000000000   3.0407500961e+02   1.8346465719e+02   3.0242573898e+02
   4305.0000000000   3.0418042001e+02   1.8355662470e+02   3.0253490234e+02
   4306.0000000000   3.0429388464e+02   1.8365721990e+02   3.0264298066e+02
   4307.0000000000   3.0440211072e+02   1.8375236759e+02   3.0275039367e+02
   4308.0000000000   3.0450924049e+02   1.8384642164e+02   3.0285730768e+02
   4309.0000000000   3.0461568629e+02   1.8393980187e+02   3.0296381063e+02
   4310.0000000000   3.0473842974e+02   1.8403267462e+02   3.0306995679e+02
   4311.0000000000   3.0485090061e+02   1.8412512792e+02   3.0317578311e+02
   4312.0000000000   3.0496138531e+02   1.8421721614e+02   3.0329019746e+02
   4313.0000000000   3.0507070556e+02   1.8430897628e+02   3.0339913718e+02
   4314.0000000000   3.0518760022e+02   1.8440043538e+02   3.0352472709e+02
   4315.0000000000   3.0529891647e+02   1.8449161417e+02   3.0363922690e+02
   4316.0000000000   3.0541728556e+02   1.8458252919e+02   3.0375150077e+02
   4317.0000000000   3.0552984244e+02   1.8467319405e+02   3.0386246618e+02
   4318.0000000000   3.0564090705e+02   1.8476362021e+02   3.0397250017e+02
   4319.0000000000   3.0575098895e+02   1.8485381752e+02   3.0408180602e+02
   4320.0000000000   3.0586031789e+02   1.8494379456e+02   3.0419050992e+02
   4321.0000000000   3.0596902753e+02   1.8503355893e+02   3.0430757842e+02
   4322.0000000000   3.0607720628e+02   1.8512311745e+02   3.0441898990e+02
   4323.0000000000   3.0618491734e+02   1.8521247625e+02   3.0452913736e+02
   4324.0000000000   3.0629220836e+02   1.8531052188e+02   3.0463847000e+02
   4325.0000000000   3.0639911667e+02   1.8540317616e+02   3.0474717693e+02
   4326.0000000000   3.0650567235e+02   1.8549479024e+02   3.0485536414e+02
   4327.0000000000   3.0661190024e+02   1.8558578137e+02   3.0496310038e+02
   4328.0000000000   3.0672622772e+02   1.8567631356e+02   3.0507043444e+02
   4329.0000000000   3.0683534164e+02   1.8576647262e+02   3.0518628400e+02
   4330.0000000000   3.0696018468e+02   1.8585631088e+02   3.0529659457e+02
   4331.0000000000   3.0707449918e+02   1.8594586344e+02   3.0540573595e+02
   4332.0000000000   3.0718667686e+02   1.8603515554e+02   3.0551414039e+02
   4333.0000000000   3.0729758750e+02   1.8612420626e+02   3.0562198424e+02
   4334.0000000000   3.0740758943e+02   1.8622191154e+02   3.0573824460e+02
   4335.0000000000   3.0751687651e+02   1.8631420020e+02   3.0584889915e+02
   4336.0000000000   3.0763397608e+02   1.8640542877e+02   3.0596721788e+02
   4337.0000000000   3.0774563955e+02   1.8649601865e+02   3.0607956200e+02
   4338.0000000000   3.0785604083e+02   1.8658613714e+02   3.0619046256e+02
   4339.0000000000   3.0796561597e+02   1.8667587269e+02   3.0630043433e+02
   4340.0000000000   3.0808295840e+02   1.8676527976e+02   3.0640970245e+02
   4341.0000000000   3.0820324999e+02   1.8686327615e+02   3.0651839462e+02
   4342.0000000000   3.0831734377e+02   1.8695580523e+02   3.0662659362e+02
   4343.0000000000   3.0842979472e+02   1.8704723369e+02   3.0673435771e+02
   4344.0000000000   3.0854118283e+02   1.8714687132e+02   3.0685061129e+02
   4345.0000000000   3.0865176695e+02   1.8724080770e+02   3.0696130474e+02
   4346.0000000000   3.0876169513e+02   1.8733348207e+02   3.0707081152e+02
   4347.0000000000   3.0887106375e+02   1.8743424610e+02   3.0717956668e+02
   4348.0000000000   3.0897994087e+02   1.8752921602e+02   3.0728774876e+02
   4349.0000000000   3.0908837734e+02   1.8762284921e+02   3.0739545562e+02
   4350.0000000000   3.0920481922e+02   1.8771562937e+02   3.0750274969e+02
   4351.0000000000   3.0931596732e+02   1.8780776571e+02   3.0760967470e+02
   4352.0000000000   3.0942596197e+02   1.8790825757e+02   3.0771626328e+02
   4353.0000000000   3.0953521586e+02   1.8800309831e+02   3.0782254093e+02
   4354.0000000000   3.0964389903e+02   1.8809668834e+02   3.0792852822e+02
   4355.0000000000   3.0975210523e+02   1.8818948072e+02   3.0803424222e+02
   4356.0000000000   3.0985989467e+02   1.8828166652e+02   3.0813969740e+02
   4357.0000000000   3.0996730984e+02   1.8837335266e+02   3.0824490617e+02
   4358.0000000000   3.1007438266e+02   1.8846460828e+02   3.0834987941e+02
   4359.0000000000   3.1018113827e+02   1.8855548217e+02   3.0845462667e+02
   4360.0000000000   3.1028759709e+02   1.8865489184e+02   3.0855915650e+02
   4361.0000000000   3.1039377617e+02   1.8874878250e+02   3.0866347658e+02
   4362.0000000000   3.1049969002e+02   1.8884152355e+02   3.0876759383e+02
   4363.0000000000   3.1060535121e+02   1.8893354684e+02   3.0887151460e+02
   4364.0000000000   3.1071077073e+02   1.8902502826e+02   3.0897524467e+02
   4365.0000000000   3.1082436488e+02   1.8911606348e+02   3.0907878937e+02
   4366.0000000000   3.1093281143e+02   1.8920671307e+02   3.0918215364e+02
   4367.0000000000   3.1104023248e+02   1.8929701915e+02   3.0929422303e+02
   4368.0000000000   3.1114702600e+02   1.8938701296e+02   3.0940979944e+02
   4369.0000000000   3.1125334987e+02   1.8948559972e+02   3.0951914998e+02
   4370.0000000000   3.1136769426e+02   1.8958759657e+02   3.0962703768e+02
   4371.0000000000   3.1147677986e+02   1.8968328271e+02   3.0973403884e+02
   4372.0000000000   3.1158475606e+02   1.8977743099e+02   3.0984039870e+02
   4373.0000000000   3.1169203932e+02   1.8987062581e+02   3.0994625111e+02
   4374.0000000000   3.1180720717e+02   1.8996311921e+02   3.1005167952e+02
   4375.0000000000   3.1191702191e+02   1.9005505083e+02   3.1016562147e+02
   4376.0000000000   3.1202565671e+02   1.9015538999e+02   3.1027403444e+02
   4377.0000000000   3.1213354319e+02   1.9025011425e+02   3.1038129556e+02
   4378.0000000000   3.1224086280e+02   1.9034361455e+02   3.1048784166e+02
   4379.0000000000   3.1234771637e+02   1.9043633772e+02   3.1059385185e+02
   4380.0000000000   3.1245416855e+02   1.9053735150e+02   3.1069942394e+02
   4381.0000000000   3.1256026459e+02   1.9063267636e+02   3.1081350079e+02
   4382.0000000000   3.1266603809e+02   1.9072672553e+02   3.1092204205e+02
   4383.0000000000   3.1277151513e+02   1.9081995886e+02   3.1102942586e+02
   4384.0000000000   3.1288512313e+02   1.9091257137e+02   3.1113608957e+02
   4385.0000000000   3.1300195482e+02   1.9100467249e+02   3.1125109362e+02
   4386.0000000000   3.1311280791e+02   1.9109633299e+02   3.1136933370e+02
   4387.0000000000   3.1323060626e+02   1.9119648384e+02   3.1149001602e+02
   4388.0000000000   3.1334257174e+02   1.9129107910e+02   3.1160385974e+02
   4389.0000000000   3.1346146345e+02   1.9139337542e+02   3.1171581599e+02
   4390.0000000000   3.1357447323e+02   1.9148972585e+02   3.1182656425e+02
   4391.0000000000   3.1368595024e+02   1.9158465621e+02   3.1193641492e+02
   4392.0000000000   3.1379642046e+02   1.9167867774e+02   3.1204554668e+02
   4393.0000000000   3.1390612347e+02   1.9178089407e+02   3.1215407567e+02
   4394.0000000000   3.1401519907e+02   1.9187734780e+02   3.1226208331e+02
   4395.0000000000   3.1412373967e+02   1.9197246681e+02   3.1236962987e+02
   4396.0000000000   3.1423181113e+02   1.9206672120e+02   3.1247676173e+02
   4397.0000000000   3.1433946290e+02   1.9216919448e+02   3.1258351569e+02
   4398.0000000000   3.1444673354e+02   1.9227479939e+02   3.1268992164e+02
   4399.0000000000   3.1455365399e+02   1.9237387424e+02   3.1279600441e+02
   4400.0000000000   3.1466024968e+02   1.9247123183e+02   3.1291066586e+02
   4401.0000000000   3.1477494841e+02   1.9256748523e+02   3.1301984054e+02
   4402.0000000000   3.1488443731e+02   1.9266290796e+02   3.1312789035e+02
   4403.0000000000   3.1499284618e+02   1.9275765628e+02   3.1324412263e+02
   4404.0000000000   3.1510057941e+02   1.9285183181e+02   3.1335462588e+02
   4405.0000000000   3.1520780030e+02   1.9294550618e+02   3.1346383915e+02
   4406.0000000000   3.1531459706e+02   1.9303873279e+02   3.1357223351e+02
   4407.0000000000   3.1542102528e+02   1.9313155308e+02   3.1368000914e+02
   4408.0000000000   3.1552712351e+02   1.9322400026e+02   3.1378727787e+02
   4409.0000000000   3.1563292035e+02   1.9331610154e+02   3.1389411150e+02
   4410.0000000000   3.1573843798e+02   1.9340787973e+02   3.1400056035e+02
   4411.0000000000   3.1584369431e+02   1.9349935419e+02   3.1410666181e+02
   4412.0000000000   3.1594870414e+02   1.9359054164e+02   3.1421244489e+02
   4413.0000000000   3.1605347999e+02   1.9368145664e+02   3.1432681380e+02
   4414.0000000000   3.1615803264e+02   1.9377211203e+02   3.1443570434e+02
   4415.0000000000   3.1627077802e+02   1.9386251921e+02   3.1454347899e+02
   4416.0000000000   3.1637839350e+02   1.9396156934e+02   3.1465056432e+02
   4417.0000000000   3.1648500072e+02   1.9405518830e+02   3.1475713208e+02
   4418.0000000000   3.1659099718e+02   1.9414773085e+02   3.1486327470e+02
   4419.0000000000   3.1669654029e+02   1.9423961746e+02   3.1496905007e+02
   4420.0000000000   3.1680171321e+02   1.9433101497e+02   3.1507449815e+02
   4421.0000000000   3.1690656713e+02   1.9442201182e+02   3.1517964837e+02
   4422.0000000000   3.1701954329e+02   1.9451266260e+02   3.1528452346e+02
   4423.0000000000   3.1712733593e+02   1.9460300455e+02   3.1539802260e+02
   4424.0000000000   3.1723407851e+02   1.9469306478e+02   3.1550607746e+02
   4425.0000000000   3.1734017705e+02   1.9478286410e+02   3.1562192807e+02
   4426.0000000000   3.1744579535e+02   1.9487241904e+02   3.1573191477e+02
   4427.0000000000   3.1755102144e+02   1.9496174318e+02   3.1584055331e+02
   4428.0000000000   3.1765591028e+02   1.9505084792e+02   3.1594834686e+02
   4429.0000000000   3.1776890610e+02   1.9514862396e+02   3.1605551139e+02
   4430.0000000000   3.1788511207e+02   1.9524099645e+02   3.1616216729e+02
   4431.0000000000   3.1799533265e+02   1.9534120027e+02   3.1626839128e+02
   4432.0000000000   3.1810408970e+02   1.9543557159e+02   3.1637423660e+02
   4433.0000000000   3.1822034569e+02   1.9552862275e+02   3.1647974240e+02
   4434.0000000000   3.1833101015e+02   1.9562085403e+02   3.1658493871e+02
   4435.0000000000   3.1844033086e+02   1.9571247902e+02   3.1668984938e+02
   4436.0000000000   3.1854878324e+02   1.9580361599e+02   3.1679449383e+02
   4437.0000000000   3.1866498353e+02   1.9589433991e+02   3.1689888820e+02
   4438.0000000000   3.1877572101e+02   1.9598470245e+02   3.1700304617e+02
   4439.0000000000   3.1888518857e+02   1.9607474140e+02   3.1710697949e+02
   4440.0000000000   3.1899383272e+02   1.9616448560e+02   3.1721069838e+02
   4441.0000000000   3.1910184648e+02   1.9625395783e+02   3.1731421183e+02
   4442.0000000000   3.1920933988e+02   1.9634317653e+02   3.1741752783e+02
   4443.0000000000   3.1931638501e+02   1.9643215703e+02   3.1752953448e+02
   4444.0000000000   3.1942303322e+02   1.9652979318e+02   3.1763615490e+02
   4445.0000000000   3.1952932319e+02   1.9662201273e+02   3.1775062235e+02
   4446.0000000000   3.1963528528e+02   1.9671317170e+02   3.1785927168e+02
   4447.0000000000   3.1974094400e+02   1.9680369138e+02   3.1796661416e+02
   4448.0000000000   3.1985472614e+02   1.9689373914e+02   3.1807314915e+02
   4449.0000000000   3.1996331785e+02   1.9698340367e+02   3.1817908947e+02
   4450.0000000000   3.2007925452e+02   1.9707273968e+02   3.1829343371e+02
   4451.0000000000   3.2018960866e+02   1.9716178436e+02   3.1840217294e+02
   4452.0000000000   3.2029865699e+02   1.9725056472e+02   3.1850970476e+02
   4453.0000000000   3.2040687779e+02   1.9734798233e+02   3.1861647937e+02
   4454.0000000000   3.2051447730e+02   1.9743997019e+02   3.1872268512e+02
   4455.0000000000   3.2062997760e+02   1.9753088800e+02   3.1882842645e+02
   4456.0000000000   3.2074012184e+02   1.9762115973e+02   3.1893377020e+02
   4457.0000000000   3.2084907596e+02   1.9771095472e+02   3.1903876313e+02
   4458.0000000000   3.2096567555e+02   1.9780036311e+02   3.1915232087e+02
   4459.0000000000   3.2107677056e+02   1.9788944076e+02   3.1926926794e+02
   4460.0000000000   3.2118657641e+02   1.9797822572e+02   3.1938876989e+02
   4461.0000000000   3.2129554933e+02   1.9806674566e+02   3.1950152031e+02
   4462.0000000000   3.2140388683e+02   1.9816390270e+02   3.1961245315e+02
   4463.0000000000   3.2151170115e+02   1.9825563022e+02   3.1973111672e+02
   4464.0000000000   3.2161906540e+02   1.9834628830e+02   3.1984372917e+02
   4465.0000000000   3.2172603143e+02   1.9843630114e+02   3.1995480887e+02
   4466.0000000000   3.2183263814e+02   1.9853471927e+02   3.2006487953e+02
   4467.0000000000   3.2193891589e+02   1.9862754969e+02   3.2018305930e+02
   4468.0000000000   3.2204488920e+02   1.9871919484e+02   3.2029540374e+02
   4469.0000000000   3.2215057827e+02   1.9881010571e+02   3.2040635159e+02
   4470.0000000000   3.2225600012e+02   1.9890935098e+02   3.2051638195e+02
   4471.0000000000   3.2236116930e+02   1.9900295054e+02   3.2062570473e+02
   4472.0000000000   3.2246609842e+02   1.9909531632e+02   3.2073444112e+02
   4473.0000000000   3.2257079853e+02   1.9918690660e+02   3.2084267145e+02
   4474.0000000000   3.2267527941e+02   1.9927791473e+02   3.2095933446e+02
   4475.0000000000   3.2279636283e+02   1.9937732940e+02   3.2107039072e+02
   4476.0000000000   3.2290739472e+02   1.9947113647e+02   3.2118910232e+02
   4477.0000000000   3.2301661066e+02   1.9956373081e+02   3.2130182697e+02
   4478.0000000000   3.2313320523e+02   1.9965556123e+02   3.2141309446e+02
   4479.0000000000   3.2324415614e+02   1.9974681551e+02   3.2152341948e+02
   4480.0000000000   3.2335373830e+02   1.9983759791e+02   3.2164190865e+02
   4481.0000000000   3.2346243977e+02   1.9992797542e+02   3.2175460721e+02
   4482.0000000000   3.2357047666e+02   2.0001799505e+02   3.2186594536e+02
   4483.0000000000   3.2368637917e+02   2.0011657280e+02   3.2197639525e+02
   4484.0000000000   3.2380530340e+02   2.0021853357e+02   3.2208616125e+02
   4485.0000000000   3.2391808938e+02   2.0031416234e+02   3.2219536009e+02
   4486.0000000000   3.2402928438e+02   2.0040823645e+02   3.2230406846e+02
   4487.0000000000   3.2413946325e+02   2.0050134380e+02   3.2241234117e+02
   4488.0000000000   3.2424888110e+02   2.0059373924e+02   3.2252021972e+02
   4489.0000000000   3.2436608952e+02   2.0068556470e+02   3.2262773678e+02
   4490.0000000000   3.2448625804e+02   2.0078579139e+02   3.2273491888e+02
   4491.0000000000   3.2460023596e+02   2.0088039844e+02   3.2284178808e+02
   4492.0000000000   3.2471257734e+02   2.0097377811e+02   3.2294836305e+02
   4493.0000000000   3.2482386233e+02   2.0106637836e+02   3.2306354081e+02
   4494.0000000000   3.2493435022e+02   2.0115838689e+02   3.2317325202e+02
   4495.0000000000   3.2504418958e+02   2.0124990832e+02   3.2328185542e+02
   4496.0000000000   3.2515347725e+02   2.0134989111e+02   3.2338977479e+02
   4497.0000000000   3.2526228172e+02   2.0145318050e+02   3.2349717984e+02
   4498.0000000000   3.2537065416e+02   2.0155895622e+02   3.2360416141e+02
   4499.0000000000   3.2547863439e+02   2.0165792210e+02   3.2371077620e+02
   4500.0000000000   3.2558625434e+02   2.0175501982e+02   3.2381706326e+02
   4501.0000000000   3.2569354027e+02   2.0185092276e+02   3.2392305133e+02
   4502.0000000000   3.2580051417e+02   2.0194593725e+02   3.2403764357e+02
   4503.0000000000   3.2590719475e+02   2.0204912016e+02   3.2415565543e+02
   4504.0000000000   3.2601359818e+02   2.0215538332e+02   3.2426736473e+02
   4505.0000000000   3.2611973854e+02   2.0225506993e+02   3.2438642411e+02
   4506.0000000000   3.2622562825e+02   2.0235299857e+02   3.2449933368e+02
   4507.0000000000   3.2633127835e+02   2.0244978773e+02   3.2461069109e+02
   4508.0000000000   3.2643669872e+02   2.0254571567e+02   3.2472104814e+02
   4509.0000000000   3.2655030478e+02   2.0264094271e+02   3.2483065253e+02
   4510.0000000000   3.2665877365e+02   2.0275333584e+02   3.2493964664e+02
   4511.0000000000   3.2676622691e+02   2.0285480299e+02   3.2504812327e+02
   4512.0000000000   3.2687306210e+02   2.0296297390e+02   3.2515614779e+02
   4513.0000000000   3.2697943678e+02   2.0306463458e+02   3.2526376878e+02
   4514.0000000000   3.2709384083e+02   2.0316448634e+02   3.2537102383e+02
   4515.0000000000   3.2721140121e+02   2.0326313492e+02   3.2548682384e+02
   4516.0000000000   3.2732293618e+02   2.0336086189e+02   3.2559710998e+02
   4517.0000000000   3.2743297623e+02   2.0345783335e+02   3.2570624908e+02
   4518.0000000000   3.2754208302e+02   2.0355415994e+02   3.2581467125e+02
   4519.0000000000   3.2765890757e+02   2.0364992103e+02   3.2592255126e+02
   4520.0000000000   3.2777866189e+02   2.0374517660e+02   3.2602998402e+02
   4521.0000000000   3.2789221606e+02   2.0384885467e+02   3.2613702957e+02
   4522.0000000000   3.2800413514e+02   2.0394690990e+02   3.2625261067e+02
   4523.0000000000   3.2811500527e+02   2.0404372010e+02   3.2636267500e+02
   4524.0000000000   3.2824190216e+02   2.0413972450e+02   3.2647159313e+02
   4525.0000000000   3.2836672073e+02   2.0423510555e+02   3.2657979733e+02
   4526.0000000000   3.2849286276e+02   2.0432996475e+02   3.2668746358e+02
   4527.0000000000   3.2862036848e+02   2.0442436785e+02   3.2679468745e+02
   4528.0000000000   3.2874076587e+02   2.0451836163e+02   3.2690152934e+02
   4529.0000000000   3.2886731272e+02   2.0461198150e+02   3.2700803113e+02
   4530.0000000000   3.2898742172e+02   2.0470525551e+02   3.2712310480e+02
   4531.0000000000   3.2910556815e+02   2.0479820658e+02   3.2723269106e+02
   4532.0000000000   3.2923076641e+02   2.0489085391e+02   3.2735003659e+02
   4533.0000000000   3.2935838913e+02   2.0498321393e+02   3.2747924877e+02
   4534.0000000000   3.2947940196e+02   2.0507530087e+02   3.2759668069e+02
   4535.0000000000   3.2959843505e+02   2.0516712726e+02   3.2771153158e+02
   4536.0000000000   3.2972452886e+02   2.0526758518e+02   3.2782484577e+02
   4537.0000000000   3.2984465189e+02   2.0538036322e+02   3.2793706563e+02
   4538.0000000000   3.2996309800e+02   2.0548165014e+02   3.2804843375e+02
   4539.0000000000   3.3008037962e+02   2.0558055985e+02   3.2815910238e+02
   4540.0000000000   3.3019673677e+02   2.0567808546e+02   3.2826917548e+02
   4541.0000000000   3.3031231501e+02   2.0577463566e+02   3.2837872838e+02
   4542.0000000000   3.3042721435e+02   2.0587042952e+02   3.2848781803e+02
   4543.0000000000   3.3054150882e+02   2.0597448306e+02   3.2859648901e+02
   4544.0000000000   3.3065525589e+02   2.0607280393e+02   3.2870477708e+02
   4545.0000000000   3.3076850175e+02   2.0617868475e+02   3.2881271163e+02
   4546.0000000000   3.3088128451e+02   2.0627850403e+02   3.2892031719e+02
   4547.0000000000   3.3099363622e+02   2.0637680623e+02   3.2902761456e+02
   4548.0000000000   3.3110558425e+02   2.0647411672e+02   3.2914350259e+02
   4549.0000000000   3.3122555887e+02   2.0657066912e+02   3.2925391350e+02
   4550.0000000000   3.3134024987e+02   2.0666659805e+02   3.2936320736e+02
   4551.0000000000   3.3145378982e+02   2.0676199198e+02   3.2948069006e+02
   4552.0000000000   3.3156658588e+02   2.0685691394e+02   3.2960132990e+02
   4553.0000000000   3.3167880407e+02   2.0695141135e+02   3.2971548168e+02
   4554.0000000000   3.3179053523e+02   2.0704552134e+02   3.2982796212e+02
   4555.0000000000   3.3190183749e+02   2.0713927388e+02   3.2993938367e+02
   4556.0000000000   3.3201275183e+02   2.0723269369e+02   3.3005001752e+02
   4557.0000000000   3.3212330913e+02   2.0733468258e+02   3.3016889805e+02
   4558.0000000000   3.3223353380e+02   2.0744005601e+02   3.3028204062e+02
   4559.0000000000   3.3234344581e+02   2.0753909251e+02   3.3039386050e+02
   4560.0000000000   3.3246146846e+02   2.0763656489e+02   3.3050482136e+02
   4561.0000000000   3.3257428519e+02   2.0773305790e+02   3.3061512221e+02
   4562.0000000000   3.3268602280e+02   2.0782882411e+02   3.3072487613e+02
   4563.0000000000   3.3280548971e+02   2.0793288480e+02   3.3083415716e+02
   4564.0000000000   3.3292792276e+02   2.0803124578e+02   3.3094301810e+02
   4565.0000000000   3.3304419181e+02   2.0812831514e+02   3.3105149882e+02
   4566.0000000000   3.3316726264e+02   2.0822455105e+02   3.3115963070e+02
   4567.0000000000   3.3328438395e+02   2.0832014818e+02   3.3126743914e+02
   4568.0000000000   3.3340833320e+02   2.0841521619e+02   3.3137494526e+02
   4569.0000000000   3.3352631547e+02   2.0850982632e+02   3.3149104785e+02
   4570.0000000000   3.3364268985e+02   2.0860402913e+02   3.3160167893e+02
   4571.0000000000   3.3375799006e+02   2.0869786260e+02   3.3171119827e+02
   4572.0000000000   3.3387246182e+02   2.0880023750e+02   3.3182003044e+02
   4573.0000000000   3.3398625000e+02   2.0889709462e+02   3.3192834576e+02
   4574.0000000000   3.3409945116e+02   2.0899280038e+02   3.3203623557e+02
   4575.0000000000   3.3421213473e+02   2.0908778453e+02   3.3214375696e+02
   4576.0000000000   3.3432435321e+02   2.0918222151e+02   3.3225983025e+02
   4577.0000000000   3.3444455435e+02   2.0927620596e+02   3.3237040110e+02
   4578.0000000000   3.3455944049e+02   2.0936979772e+02   3.3247983835e+02
   4579.0000000000   3.3467315335e+02   2.0946303841e+02   3.3258857283e+02
   4580.0000000000   3.3479451342e+02   2.0955595892e+02   3.3269677927e+02
   4581.0000000000   3.3491036088e+02   2.0964858329e+02   3.3281343315e+02
   4582.0000000000   3.3502490471e+02   2.0974981187e+02   3.3293339157e+02
   4583.0000000000   3.3513859680e+02   2.0985445833e+02   3.3304695873e+02
   4584.0000000000   3.3525163178e+02   2.0995279936e+02   3.3315892424e+02
   4585.0000000000   3.3536411994e+02   2.1004960592e+02   3.3326988429e+02
   4586.0000000000   3.3547613315e+02   2.1014546099e+02   3.3338009954e+02
   4587.0000000000   3.3558772247e+02   2.1024061549e+02   3.3348971615e+02
   4588.0000000000   3.3569892634e+02   2.1034408916e+02   3.3359882754e+02
   4589.0000000000   3.3580977496e+02   2.1045076734e+02   3.3370749859e+02
   4590.0000000000   3.3592029279e+02   2.1055097348e+02   3.3382465800e+02
   4591.0000000000   3.3603050018e+02   2.1065839192e+02   3.3393625910e+02
   4592.0000000000   3.3614041435e+02   2.1075954576e+02   3.3404667738e+02
   4593.0000000000   3.3625005012e+02   2.1085904997e+02   3.3415634935e+02
   4594.0000000000   3.3636782696e+02   2.1095746972e+02   3.3426545457e+02
   4595.0000000000   3.3648042534e+02   2.1105506329e+02   3.3437409169e+02
   4596.0000000000   3.3659196965e+02   2.1115198163e+02   3.3449120464e+02
   4597.0000000000   3.3670285983e+02   2.1124832453e+02   3.3460275424e+02
   4598.0000000000   3.3681325551e+02   2.1135304417e+02   3.3471311983e+02
   4599.0000000000   3.3692324184e+02   2.1145211071e+02   3.3482273996e+02
   4600.0000000000   3.3703287182e+02   2.1154991235e+02   3.3494955722e+02
   4601.0000000000   3.3714218182e+02   2.1164689549e+02   3.3506550413e+02
   4602.0000000000   3.3725119855e+02   2.1174324764e+02   3.3517933677e+02
   4603.0000000000   3.3735994262e+02   2.1184795488e+02   3.3529192508e+02
   4604.0000000000   3.3747683708e+02   2.1194700228e+02   3.3540362178e+02
   4605.0000000000   3.3758856458e+02   2.1204478496e+02   3.3552349747e+02
   4606.0000000000   3.3771606392e+02   2.1214175261e+02   3.3564646786e+02
   4607.0000000000   3.3784148040e+02   2.1223809421e+02   3.3576287659e+02
   4608.0000000000   3.3795987155e+02   2.1234279641e+02   3.3587754142e+02
   4609.0000000000   3.3808462501e+02   2.1244184435e+02   3.3599107957e+02
   4610.0000000000   3.3820315633e+02   2.1253963301e+02   3.3610376793e+02
   4611.0000000000   3.3831992259e+02   2.1264549275e+02   3.3621576552e+02
   4612.0000000000   3.3843551094e+02   2.1274552890e+02   3.3632717615e+02
   4613.0000000000   3.3855019927e+02   2.1284419323e+02   3.3643807329e+02
   4614.0000000000   3.3866415321e+02   2.1294196672e+02   3.3654851183e+02
   4615.0000000000   3.3878588994e+02   2.1303905751e+02   3.3665853447e+02
   4616.0000000000   3.3890215783e+02   2.1314446480e+02   3.3676817548e+02
   4617.0000000000   3.3901713081e+02   2.1324418246e+02   3.3687746297e+02
   4618.0000000000   3.3913124627e+02   2.1334261171e+02   3.3698642051e+02
   4619.0000000000   3.3924469290e+02   2.1344020664e+02   3.3709506814e+02
   4620.0000000000   3.3935757896e+02   2.1353715947e+02   3.3720342314e+02
   4621.0000000000   3.3946997613e+02   2.1363357832e+02   3.3731150058e+02
   4622.0000000000   3.3958193613e+02   2.1372953356e+02   3.3741931374e+02
   4623.0000000000   3.3969349845e+02   2.1382507518e+02   3.3753575538e+02
   4624.0000000000   3.3980469447e+02   2.1392024092e+02   3.3765563369e+02
   4625.0000000000   3.3991554984e+02   2.1401506046e+02   3.3777810226e+02
   4626.0000000000   3.4002608602e+02   2.1410955790e+02   3.3789384568e+02
   4627.0000000000   3.4014472782e+02   2.1421263427e+02   3.3800779100e+02
   4628.0000000000   3.4025816007e+02   2.1431022325e+02   3.3812060020e+02
   4629.0000000000   3.4037051081e+02   2.1440668593e+02   3.3824145150e+02
   4630.0000000000   3.4048218305e+02   2.1450244797e+02   3.3835643013e+02
   4631.0000000000   3.4059333901e+02   2.1460656154e+02   3.3846999071e+02
   4632.0000000000   3.4070406609e+02   2.1470503539e+02   3.3858262116e+02
   4633.0000000000   3.4081441922e+02   2.1480227369e+02   3.3869453651e+02
   4634.0000000000   3.4092443644e+02   2.1489872921e+02   3.3880586093e+02
   4635.0000000000   3.4103414594e+02   2.1499459134e+02   3.3891667644e+02
   4636.0000000000   3.4114356963e+02   2.1508996493e+02   3.3902704177e+02
   4637.0000000000   3.4125272518e+02   2.1519379803e+02   3.3913700131e+02
   4638.0000000000   3.4136162722e+02   2.1529205424e+02   3.3924658994e+02
   4639.0000000000   3.4147028815e+02   2.1538911486e+02   3.3935583586e+02
   4640.0000000000   3.4157871868e+02   2.1548541984e+02   3.3946476243e+02
   4641.0000000000   3.4168692816e+02   2.1558115084e+02   3.3958227030e+02
   4642.0000000000   3.4179492488e+02   2.1567640780e+02   3.3970317396e+02
   4643.0000000000   3.4190271626e+02   2.1577125454e+02   3.3981775114e+02
   4644.0000000000   3.4201030899e+02   2.1586573571e+02   3.3993965491e+02
   4645.0000000000   3.4211770915e+02   2.1595988457e+02   3.4005538604e+02
   4646.0000000000   3.4222492232e+02   2.1605372703e+02   3.4017842398e+02
   4647.0000000000   3.4233195359e+02   2.1614728396e+02   3.4029523809e+02
   4648.0000000000   3.4243880771e+02   2.1624057260e+02   3.4041042339e+02
   4649.0000000000   3.4254548906e+02   2.1634248847e+02   3.4053341698e+02
   4650.0000000000   3.4265200174e+02   2.1643896075e+02   3.4065038910e+02
   4651.0000000000   3.4276675608e+02   2.1653434675e+02   3.4076583440e+02
   4652.0000000000   3.4287642473e+02   2.1662906888e+02   3.4088914477e+02
   4653.0000000000   3.4298512531e+02   2.1672329559e+02   3.4100646686e+02
   4654.0000000000   3.4309325179e+02   2.1681711651e+02   3.4112228182e+02
   4655.0000000000   3.4320095856e+02   2.1691058727e+02   3.4123709240e+02
   4656.0000000000   3.4330832611e+02   2.1700374588e+02   3.4135112338e+02
   4657.0000000000   3.4341540325e+02   2.1709662012e+02   3.4146450606e+02
   4658.0000000000   3.4352222262e+02   2.1718923133e+02   3.4157732810e+02
   4659.0000000000   3.4362880753e+02   2.1728159649e+02   3.4169853378e+02
   4660.0000000000   3.4373517553e+02   2.1737372954e+02   3.4181408806e+02
   4661.0000000000   3.4384134031e+02   2.1746564216e+02   3.4192837556e+02
   4662.0000000000   3.4394731293e+02   2.1755734435e+02   3.4204184026e+02
   4663.0000000000   3.4405310253e+02   2.1764884480e+02   3.4215466797e+02
   4664.0000000000   3.4416712335e+02   2.1774015114e+02   3.4226696265e+02
   4665.0000000000   3.4427605105e+02   2.1783127016e+02   3.4237879190e+02
   4666.0000000000   3.4438400565e+02   2.1792220796e+02   3.4249020387e+02
   4667.0000000000   3.4449138306e+02   2.1801297004e+02   3.4260123507e+02
   4668.0000000000   3.4459833918e+02   2.1810356145e+02   3.4271191434e+02
   4669.0000000000   3.4471336228e+02   2.1820286774e+02   3.4282226528e+02
   4670.0000000000   3.4482317124e+02   2.1829680985e+02   3.4293230760e+02
   4671.0000000000   3.4493191373e+02   2.1838973814e+02   3.4305093911e+02
   4672.0000000000   3.4504000457e+02   2.1849095010e+02   3.4316409104e+02
   4673.0000000000   3.4514761321e+02   2.1859540671e+02   3.4327612263e+02
   4674.0000000000   3.4525483145e+02   2.1870233726e+02   3.4338745807e+02
   4675.0000000000   3.4537012336e+02   2.1880246945e+02   3.4349826740e+02
   4676.0000000000   3.4548860398e+02   2.1890075708e+02   3.4360864176e+02
   4677.0000000000   3.4560108545e+02   2.1899787965e+02   3.4371863817e+02
   4678.0000000000   3.4572050134e+02   2.1909414641e+02   3.4382829591e+02
   4679.0000000000   3.4583408028e+02   2.1918973436e+02   3.4394652494e+02
   4680.0000000000   3.4594617967e+02   2.1928475772e+02   3.4405926438e+02
   4681.0000000000   3.4606573231e+02   2.1937929599e+02   3.4417087867e+02
   4682.0000000000   3.4617964470e+02   2.1947340754e+02   3.4428179558e+02
   4683.0000000000   3.4629216815e+02   2.1956713696e+02   3.4439218761e+02
   4684.0000000000   3.4640378304e+02   2.1966051933e+02   3.4450214762e+02
   4685.0000000000   3.4651470395e+02   2.1975358300e+02   3.4461173380e+02
   4686.0000000000   3.4663346208e+02   2.1984635129e+02   3.4472098628e+02
   4687.0000000000   3.4674680892e+02   2.1993884375e+02   3.4483881555e+02
   4688.0000000000   3.4687573079e+02   2.2003107698e+02   3.4496004208e+02
   4689.0000000000   3.4699400105e+02   2.2012306526e+02   3.4508382819e+02
   4690.0000000000   3.4711003440e+02   2.2022370199e+02   3.4520086489e+02
   4691.0000000000   3.4722471813e+02   2.2032779572e+02   3.4531608403e+02
   4692.0000000000   3.4733842423e+02   2.2042561922e+02   3.4543015125e+02
   4693.0000000000   3.4745135741e+02   2.2052194039e+02   3.4554336663e+02
   4694.0000000000   3.4756364730e+02   2.2061733973e+02   3.4565590096e+02
   4695.0000000000   3.4767538343e+02   2.2071206617e+02   3.4576786412e+02
   4696.0000000000   3.4779503798e+02   2.2081513775e+02   3.4588821360e+02
   4697.0000000000   3.4790933022e+02   2.2091255741e+02   3.4600292229e+02
   4698.0000000000   3.4803082066e+02   2.2100873067e+02   3.4611637970e+02
   4699.0000000000   3.4815500791e+02   2.2110411338e+02   3.4622903275e+02
   4700.0000000000   3.4827285335e+02   2.2119889816e+02   3.4634106894e+02
   4701.0000000000   3.4838896217e+02   2.2129319273e+02   3.4646147411e+02
   4702.0000000000   3.4850394190e+02   2.2139594760e+02   3.4657623291e+02
   4703.0000000000   3.4861806826e+02   2.2149312837e+02   3.4668973996e+02
   4704.0000000000   3.4873150041e+02   2.2158911800e+02   3.4680244439e+02
   4705.0000000000   3.4885274910e+02   2.2168435780e+02   3.4691453462e+02
   4706.0000000000   3.4896855716e+02   2.2177903051e+02   3.4703499673e+02
   4707.0000000000   3.4908309403e+02   2.2187323696e+02   3.4714981532e+02
   4708.0000000000   3.4919679349e+02   2.2196704166e+02   3.4726338482e+02
   4709.0000000000   3.4930984138e+02   2.2206937081e+02   3.4737615413e+02
   4710.0000000000   3.4942234366e+02   2.2217505577e+02   3.4749719238e+02
   4711.0000000000   3.4954277672e+02   2.2227438591e+02   3.4761252112e+02
   4712.0000000000   3.4965785986e+02   2.2238102264e+02   3.4772655447e+02
   4713.0000000000   3.4977174563e+02   2.2248147286e+02   3.4783975310e+02
   4714.0000000000   3.4988485526e+02   2.2258033966e+02   3.4795231276e+02
   4715.0000000000   3.4999736499e+02   2.2267817923e+02   3.4806434356e+02
   4716.0000000000   3.5011777981e+02   2.2277524289e+02   3.4817591692e+02
   4717.0000000000   3.5024123919e+02   2.2287167606e+02   3.4828708344e+02
   4718.0000000000   3.5035857179e+02   2.2297645503e+02   3.4839788111e+02
   4719.0000000000   3.5047431700e+02   2.2308444501e+02   3.4850833968e+02
   4720.0000000000   3.5059745061e+02   2.2318595955e+02   3.4861848321e+02
   4721.0000000000   3.5071489277e+02   2.2328579713e+02   3.4872833163e+02
   4722.0000000000   3.5083089991e+02   2.2338456188e+02   3.4883790181e+02
   4723.0000000000   3.5096276779e+02   2.2348252143e+02   3.4894720820e+02
   4724.0000000000   3.5108405039e+02   2.2357982796e+02   3.4905626338e+02
   4725.0000000000   3.5120310183e+02   2.2367658018e+02   3.4916507844e+02
   4726.0000000000   3.5132078705e+02   2.2377284753e+02   3.4927366320e+02
   4727.0000000000   3.5143746869e+02   2.2386868176e+02   3.4938202648e+02
   4728.0000000000   3.5155334739e+02   2.2396412304e+02   3.4949017623e+02
   4729.0000000000   3.5167695765e+02   2.2405920353e+02   3.4959811966e+02
   4730.0000000000   3.5179505761e+02   2.2415394962e+02   3.4970586336e+02
   4731.0000000000   3.5191182730e+02   2.2424838342e+02   3.4981341338e+02
   4732.0000000000   3.5202770826e+02   2.2434252374e+02   3.4992077528e+02
   4733.0000000000   3.5215129879e+02   2.2443638678e+02   3.5002795421e+02
   4734.0000000000   3.5227778508e+02   2.2452998670e+02   3.5014383595e+02
   4735.0000000000   3.5239802404e+02   2.2463221692e+02   3.5025434162e+02
   4736.0000000000   3.5251657408e+02   2.2473788619e+02   3.5037270281e+02
   4737.0000000000   3.5263401828e+02   2.2483726751e+02   3.5048525296e+02
   4738.0000000000   3.5275902481e+02   2.2493512913e+02   3.5059650210e+02
   4739.0000000000   3.5287841323e+02   2.2503205193e+02   3.5070694856e+02
   4740.0000000000   3.5299639645e+02   2.2513716620e+02   3.5081680426e+02
   4741.0000000000   3.5311343541e+02   2.2523652610e+02   3.5092618605e+02
   4742.0000000000   3.5323814071e+02   2.2533456475e+02   3.5103516762e+02
   4743.0000000000   3.5335730031e+02   2.2543175456e+02   3.5114379955e+02
   4744.0000000000   3.5347510789e+02   2.2553717981e+02   3.5125211867e+02
   4745.0000000000   3.5359201184e+02   2.2563687233e+02   3.5136015296e+02
   4746.0000000000   3.5370820766e+02   2.2573525342e+02   3.5147680541e+02
   4747.0000000000   3.5382380805e+02   2.2583278888e+02   3.5158801048e+02
   4748.0000000000   3.5393888789e+02   2.2592967828e+02   3.5169812929e+02
   4749.0000000000   3.5406190780e+02   2.2602603455e+02   3.5180758706e+02
   4750.0000000000   3.5417957823e+02   2.2613081226e+02   3.5191655428e+02
   4751.0000000000   3.5429604633e+02   2.2622998034e+02   3.5202512209e+02
   4752.0000000000   3.5441172992e+02   2.2632792450e+02   3.5214222821e+02
   4753.0000000000   3.5453520953e+02   2.2643396936e+02   3.5225382813e+02
   4754.0000000000   3.5465325117e+02   2.2653421636e+02   3.5237317764e+02
   4755.0000000000   3.5477003194e+02   2.2663311453e+02   3.5248662803e+02
   4756.0000000000   3.5489439390e+02   2.2673114282e+02   3.5260758387e+02
   4757.0000000000   3.5501319136e+02   2.2682850776e+02   3.5272247084e+02
   4758.0000000000   3.5513064301e+02   2.2692532632e+02   3.5283585581e+02
   4759.0000000000   3.5524720770e+02   2.2702167462e+02   3.5294827542e+02
   4760.0000000000   3.5536308526e+02   2.2711760658e+02   3.5306885000e+02
   4761.0000000000   3.5547838992e+02   2.2721316262e+02   3.5318363362e+02
   4762.0000000000   3.5559319666e+02   2.2730837438e+02   3.5329706232e+02
   4763.0000000000   3.5570755902e+02   2.2741214834e+02   3.5340961216e+02
   4764.0000000000   3.5582151747e+02   2.2751042226e+02   3.5352149011e+02
   4765.0000000000   3.5593510388e+02   2.2761644132e+02   3.5364169559e+02
   4766.0000000000   3.5604834414e+02   2.2771655029e+02   3.5375622305e+02
   4767.0000000000   3.5616125979e+02   2.2781526873e+02   3.5386947445e+02
   4768.0000000000   3.5627386909e+02   2.2791310313e+02   3.5398190448e+02
   4769.0000000000   3.5638618778e+02   2.2801027239e+02   3.5410258686e+02
   4770.0000000000   3.5650663613e+02   2.2810689946e+02   3.5421754680e+02
   4771.0000000000   3.5662189528e+02   2.2820306338e+02   3.5433120138e+02
   4772.0000000000   3.5673609029e+02   2.2829881945e+02   3.5444401364e+02
   4773.0000000000   3.5684962165e+02   2.2839420865e+02   3.5455618136e+02
   4774.0000000000   3.5696264950e+02   2.2848926271e+02   3.5466781626e+02
   4775.0000000000   3.5707525947e+02   2.2858400698e+02   3.5477899114e+02
   4776.0000000000   3.5718750495e+02   2.2867846227e+02   3.5488975773e+02
   4777.0000000000   3.5729942273e+02   2.2877264598e+02   3.5500015500e+02
   4778.0000000000   3.5741103986e+02   2.2886657295e+02   3.5511021350e+02
   4779.0000000000   3.5752237729e+02   2.2896025600e+02   3.5521995800e+02
   4780.0000000000   3.5763345183e+02   2.2905370633e+02   3.5533828997e+02
   4781.0000000000   3.5774427740e+02   2.2914693385e+02   3.5545114345e+02
   4782.0000000000   3.5785486575e+02   2.2923994737e+02   3.5556287976e+02
   4783.0000000000   3.5796522702e+02   2.2933275484e+02   3.5567392470e+02
   4784.0000000000   3.5807537005e+02   2.2942536341e+02   3.5578444959e+02
   4785.0000000000   3.5818530272e+02   2.2951777961e+02   3.5590342749e+02
   4786.0000000000   3.5829503203e+02   2.2961000942e+02   3.5602571382e+02
   4787.0000000000   3.5840456434e+02   2.2970205831e+02   3.5614161156e+02
   4788.0000000000   3.5852231195e+02   2.2979393136e+02   3.5626479042e+02
   4789.0000000000   3.5863494919e+02   2.2988563326e+02   3.5638176263e+02
   4790.0000000000   3.5875500171e+02   2.2997716838e+02   3.5649713483e+02
   4791.0000000000   3.5886953386e+02   2.3006854079e+02   3.5662034666e+02
   4792.0000000000   3.5899122197e+02   2.3016863528e+02   3.5673756792e+02
   4793.0000000000   3.5910720746e+02   2.3027225307e+02   3.5685329176e+02
   4794.0000000000   3.5922180573e+02   2.3036966066e+02   3.5697690836e+02
   4795.0000000000   3.5933551870e+02   2.3046562051e+02   3.5709456261e+02
   4796.0000000000   3.5944856800e+02   2.3056070841e+02   3.5721073404e+02
   4797.0000000000   3.5956107958e+02   2.3065516913e+02   3.5732592389e+02
   4798.0000000000   3.5967313481e+02   2.3074913611e+02   3.5744035559e+02
   4799.0000000000   3.5978479062e+02   2.3084269238e+02   3.5755415923e+02
   4800.0000000000   3.5989608905e+02   2.3093589418e+02   3.5767630232e+02
   4801.0000000000   3.6000706248e+02   2.3102878193e+02   3.5779276386e+02
   4802.0000000000   3.6011773658e+02   2.3113026699e+02   3.5790793764e+02
   4803.0000000000   3.6023653879e+02   2.3122628972e+02   3.5802227391e+02
   4804.0000000000   3.6035015550e+02   2.3133009646e+02   3.5813596294e+02
   4805.0000000000   3.6046271561e+02   2.3142803224e+02   3.5824911196e+02
   4806.0000000000   3.6057462251e+02   2.3153349735e+02   3.5836179099e+02
   4807.0000000000   3.6068603845e+02   2.3163291432e+02   3.5847405006e+02
   4808.0000000000   3.6080545717e+02   2.3173084766e+02   3.5858592710e+02
   4809.0000000000   3.6091960228e+02   2.3182783224e+02   3.5869745212e+02
   4810.0000000000   3.6103262563e+02   2.3193298694e+02   3.5880864957e+02
   4811.0000000000   3.6114494567e+02   2.3204124564e+02   3.5891953989e+02
   4812.0000000000   3.6125673514e+02   2.3214296011e+02   3.5903014047e+02
   4813.0000000000   3.6137649524e+02   2.3224295204e+02   3.5914934731e+02
   4814.0000000000   3.6149095518e+02   2.3234184058e+02   3.5926309024e+02
   4815.0000000000   3.6160427103e+02   2.3243990349e+02   3.5937572732e+02
   4816.0000000000   3.6172527110e+02   2.3253730005e+02   3.5948768177e+02
   4817.0000000000   3.6184079976e+02   2.3264301502e+02   3.5959912284e+02
   4818.0000000000   3.6196347459e+02   2.3274303825e+02   3.5971014098e+02
   4819.0000000000   3.6208041732e+02   2.3284177068e+02   3.5982079257e+02
   4820.0000000000   3.6219593684e+02   2.3293966742e+02   3.5993999734e+02
   4821.0000000000   3.6231053376e+02   2.3303692213e+02   3.6005370049e+02
   4822.0000000000   3.6242443056e+02   2.3314252538e+02   3.6016627045e+02
   4823.0000000000   3.6253775495e+02   2.3324246561e+02   3.6027813773e+02
   4824.0000000000   3.6265059045e+02   2.3334114049e+02   3.6038947677e+02
   4825.0000000000   3.6276299617e+02   2.3343900169e+02   3.6050926284e+02
   4826.0000000000   3.6289182937e+02   2.3354512071e+02   3.6063235284e+02
   4827.0000000000   3.6301046254e+02   2.3364552112e+02   3.6074905082e+02
   4828.0000000000   3.6312715173e+02   2.3374461880e+02   3.6086414627e+02
   4829.0000000000   3.6324270120e+02   2.3385175688e+02   3.6097823524e+02
   4830.0000000000   3.6336583918e+02   2.3395304912e+02   3.6109157833e+02
   4831.0000000000   3.6348340612e+02   2.3406183417e+02   3.6120432161e+02
   4832.0000000000   3.6359962241e+02   2.3416451401e+02   3.6131655843e+02
   4833.0000000000   3.6371495108e+02   2.3426564645e+02   3.6142835364e+02
   4834.0000000000   3.6382959594e+02   2.3436576513e+02   3.6153975492e+02
   4835.0000000000   3.6394367452e+02   2.3447399009e+02   3.6165079888e+02
   4836.0000000000   3.6405726437e+02   2.3458525742e+02   3.6176151455e+02
   4837.0000000000   3.6417042103e+02   2.3468992145e+02   3.6187192557e+02
   4838.0000000000   3.6428318651e+02   2.3479280662e+02   3.6198205157e+02
   4839.0000000000   3.6439559381e+02   2.3489453474e+02   3.6209190915e+02
   4840.0000000000   3.6450766968e+02   2.3499538619e+02   3.6221039354e+02
   4841.0000000000   3.6461943630e+02   2.3510440369e+02   3.6232343378e+02
   4842.0000000000   3.6473091237e+02   2.3520761000e+02   3.6243538718e+02
   4843.0000000000   3.6484211394e+02   2.3530942693e+02   3.6254667624e+02
   4844.0000000000   3.6495305492e+02   2.3541032386e+02   3.6265746948e+02
   4845.0000000000   3.6506374755e+02   2.3551050486e+02   3.6277673763e+02
   4846.0000000000   3.6517420265e+02   2.3561008747e+02   3.6289045310e+02
   4847.0000000000   3.6528442988e+02   2.3570914967e+02   3.6300300047e+02
   4848.0000000000   3.6540284446e+02   2.3580774778e+02   3.6311482049e+02
   4849.0000000000   3.6551612331e+02   2.3590592480e+02   3.6323497547e+02
   4850.0000000000   3.6563679435e+02   2.3600371490e+02   3.6334948122e+02
   4851.0000000000   3.6575192397e+02   2.3610114605e+02   3.6346274689e+02
   4852.0000000000   3.6586578381e+02   2.3620712259e+02   3.6357522888e+02
   4853.0000000000   3.6597884785e+02   2.3630758112e+02   3.6368711921e+02
   4854.0000000000   3.6609131873e+02   2.3640688529e+02   3.6379852470e+02
   4855.0000000000   3.6620330890e+02   2.3650546300e+02   3.6390951390e+02
   4856.0000000000   3.6631488980e+02   2.3660348748e+02   3.6402013479e+02
   4857.0000000000   3.6642611084e+02   2.3670993355e+02   3.6413042306e+02
   4858.0000000000   3.6653700826e+02   2.3681077725e+02   3.6424040639e+02
   4859.0000000000   3.6664760982e+02   2.3691040636e+02   3.6435010696e+02
   4860.0000000000   3.6675793755e+02   2.3701814552e+02   3.6445954300e+02
   4861.0000000000   3.6686800934e+02   2.3712009534e+02   3.6456872980e+02
   4862.0000000000   3.6698624664e+02   2.3722070372e+02   3.6467768043e+02
   4863.0000000000   3.6709933110e+02   2.3732932938e+02   3.6478640615e+02
   4864.0000000000   3.6721138781e+02   2.3743209439e+02   3.6489491685e+02
   4865.0000000000   3.6732281704e+02   2.3753346111e+02   3.6501210223e+02
   4866.0000000000   3.6745059152e+02   2.3763391759e+02   3.6512388676e+02
   4867.0000000000   3.6756813438e+02   2.3773367683e+02   3.6523462387e+02
   4868.0000000000   3.6768372685e+02   2.3783286055e+02   3.6535361374e+02
   4869.0000000000   3.6779818657e+02   2.3794042945e+02   3.6546693873e+02
   4870.0000000000   3.6791184261e+02   2.3804235690e+02   3.6557903257e+02
   4871.0000000000   3.6802487042e+02   2.3814303202e+02   3.6569036169e+02
   4872.0000000000   3.6814578478e+02   2.3824290107e+02   3.6581000323e+02
   4873.0000000000   3.6826132799e+02   2.3834215098e+02   3.6593286303e+02
   4874.0000000000   3.6837566703e+02   2.3844088608e+02   3.6604927288e+02
   4875.0000000000   3.6848923247e+02   2.3853917391e+02   3.6616403953e+02
   4876.0000000000   3.6860220678e+02   2.3863706236e+02   3.6628665159e+02
   4877.0000000000   3.6871469256e+02   2.3873458746e+02   3.6641217537e+02
   4878.0000000000   3.6882675644e+02   2.3883177756e+02   3.6653102589e+02
   4879.0000000000   3.6893844563e+02   2.3892865567e+02   3.6665694112e+02
   4880.0000000000   3.6904979562e+02   2.3902524093e+02   3.6677647867e+02
   4881.0000000000   3.6916083418e+02   2.3912154960e+02   3.6689427713e+02
   4882.0000000000   3.6927999028e+02   2.3922647665e+02   3.6701091872e+02
   4883.0000000000   3.6939395151e+02   2.3932595100e+02   3.6712667442e+02
   4884.0000000000   3.6950684779e+02   2.3942432989e+02   3.6724170493e+02
   4885.0000000000   3.6961908333e+02   2.3952203581e+02   3.6735611772e+02
   4886.0000000000   3.6973082116e+02   2.3961923734e+02   3.6746999013e+02
   4887.0000000000   3.6984214912e+02   2.3971602432e+02   3.6758338067e+02
   4888.0000000000   3.6995312239e+02   2.3981245259e+02   3.6769633520e+02
   4889.0000000000   3.7006377912e+02   2.3990856044e+02   3.6781777167e+02
   4890.0000000000   3.7017414745e+02   2.4000437591e+02   3.6793363725e+02
   4891.0000000000   3.7028424918e+02   2.4009992059e+02   3.6804830393e+02
   4892.0000000000   3.7039410178e+02   2.4019521175e+02   3.6816220635e+02
   4893.0000000000   3.7050371966e+02   2.4029026359e+02   3.6827552319e+02
   4894.0000000000   3.7061311496e+02   2.4038508805e+02   3.6838835281e+02
   4895.0000000000   3.7072229810e+02   2.4047969539e+02   3.6850075833e+02
   4896.0000000000   3.7083127815e+02   2.4057409453e+02   3.6861278422e+02
   4897.0000000000   3.7094006307e+02   2.4066829336e+02   3.6872446393e+02
   4898.0000000000   3.7104865998e+02   2.4076229888e+02   3.6883582375e+02
   4899.0000000000   3.7115707524e+02   2.4085611743e+02   3.6896464699e+02
   4900.0000000000   3.7126531464e+02   2.4094975472e+02   3.6909166579e+02
   4901.0000000000   3.7137338340e+02   2.4104321598e+02   3.6921150488e+02
   4902.0000000000   3.7148128634e+02   2.4113650602e+02   3.6932934952e+02
   4903.0000000000   3.7158902789e+02   2.4123851024e+02   3.6944594390e+02
   4904.0000000000   3.7170501864e+02   2.4133514942e+02   3.6956162211e+02
   4905.0000000000   3.7181593146e+02   2.4143077383e+02   3.6967657271e+02
   4906.0000000000   3.7194269716e+02   2.4152579992e+02   3.6979091609e+02
   4907.0000000000   3.7205904794e+02   2.4162039094e+02   3.6990473551e+02
   4908.0000000000   3.7218177329e+02   2.4171463208e+02   3.7001809189e+02
   4909.0000000000   3.7229840439e+02   2.4182633696e+02   3.7013103172e+02
   4910.0000000000   3.7242181364e+02   2.4193625446e+02   3.7024359166e+02
   4911.0000000000   3.7253924880e+02   2.4203901887e+02   3.7035580140e+02
   4912.0000000000   3.7265509104e+02   2.4213982090e+02   3.7046768546e+02
   4913.0000000000   3.7276988644e+02   2.4223940780e+02   3.7057926448e+02
   4914.0000000000   3.7290070095e+02   2.4234699617e+02   3.7069943707e+02
   4915.0000000000   3.7302102179e+02   2.4244869185e+02   3.7081413515e+02
   4916.0000000000   3.7314758297e+02   2.4255784260e+02   3.7092771850e+02
   4917.0000000000   3.7326790590e+02   2.4266086081e+02   3.7104061175e+02
   4918.0000000000   3.7338646067e+02   2.4277119407e+02   3.7117074724e+02
   4919.0000000000   3.7350383466e+02   2.4287529960e+02   3.7129004975e+02
   4920.0000000000   3.7362030455e+02   2.4297776823e+02   3.7141615031e+02
   4921.0000000000   3.7373603514e+02   2.4307915527e+02   3.7153583078e+02
   4922.0000000000   3.7385113684e+02   2.4317971496e+02   3.7166266748e+02
   4923.0000000000   3.7396568916e+02   2.4327959676e+02   3.7178317647e+02
   4924.0000000000   3.7407975227e+02   2.4338778116e+02   3.7190197961e+02
   4925.0000000000   3.7419337336e+02   2.4349025636e+02   3.7201965017e+02
   4926.0000000000   3.7430659049e+02   2.4359142283e+02   3.7213645347e+02
   4927.0000000000   3.7441943500e+02   2.4369173585e+02   3.7225254617e+02
   4928.0000000000   3.7453193319e+02   2.4379138955e+02   3.7236803273e+02
   4929.0000000000   3.7466092050e+02   2.4389937513e+02   3.7248298808e+02
   4930.0000000000   3.7477975428e+02   2.4400168168e+02   3.7259746881e+02
   4931.0000000000   3.7489667983e+02   2.4410270760e+02   3.7271151919e+02
   4932.0000000000   3.7501249352e+02   2.4421178619e+02   3.7282517491e+02
   4933.0000000000   3.7512751117e+02   2.4432390628e+02   3.7293846534e+02
   4934.0000000000   3.7524189972e+02   2.4442943851e+02   3.7305141512e+02
   4935.0000000000   3.7535576191e+02   2.4453321218e+02   3.7316404522e+02
   4936.0000000000   3.7546916731e+02   2.4463584993e+02   3.7327637373e+02
   4937.0000000000   3.7558216624e+02   2.4473763138e+02   3.7338841644e+02
   4938.0000000000   3.7570320349e+02   2.4484759791e+02   3.7350018723e+02
   4939.0000000000   3.7582738474e+02   2.4496065182e+02   3.7362057940e+02
   4940.0000000000   3.7594551772e+02   2.4507601111e+02   3.7373552066e+02
   4941.0000000000   3.7606212775e+02   2.4518440697e+02   3.7384936735e+02
   4942.0000000000   3.7618618068e+02   2.4529080153e+02   3.7396254133e+02
   4943.0000000000   3.7630458927e+02   2.4539588400e+02   3.7407521069e+02
   4944.0000000000   3.7642160432e+02   2.4549997332e+02   3.7418746492e+02
   4945.0000000000   3.7653770407e+02   2.4560325567e+02   3.7429935961e+02
   4946.0000000000   3.7665310081e+02   2.4570585372e+02   3.7441093284e+02
   4947.0000000000   3.7676791718e+02   2.4580785474e+02   3.7452221252e+02
   4948.0000000000   3.7689064057e+02   2.4590932414e+02   3.7463322013e+02
   4949.0000000000   3.7700799777e+02   2.4601919388e+02   3.7474397288e+02
   4950.0000000000   3.7712414658e+02   2.4612342157e+02   3.7485448490e+02
   4951.0000000000   3.7723951195e+02   2.4622638728e+02   3.7496476811e+02
   4952.0000000000   3.7735427285e+02   2.4632853206e+02   3.7507483275e+02
   4953.0000000000   3.7746852973e+02   2.4643892077e+02   3.7518468774e+02
   4954.0000000000   3.7758234795e+02   2.4654357278e+02   3.7530322190e+02
   4955.0000000000   3.7769577400e+02   2.4664690128e+02   3.7541635896e+02
   4956.0000000000   3.7780884304e+02   2.4674936673e+02   3.7552845165e+02
   4957.0000000000   3.7792158279e+02   2.4685116520e+02   3.7563991859e+02
   4958.0000000000   3.7803401578e+02   2.4695240735e+02   3.7575092494e+02
   4959.0000000000   3.7814616082e+02   2.4705316537e+02   3.7586155751e+02
   4960.0000000000   3.7825803388e+02   2.4715349069e+02   3.7597186948e+02
   4961.0000000000   3.7837805528e+02   2.4725342219e+02   3.7608189672e+02
   4962.0000000000   3.7849290612e+02   2.4735299056e+02   3.7619166512e+02
   4963.0000000000   3.7860671128e+02   2.4745222077e+02   3.7630119432e+02
   4964.0000000000   3.7871987106e+02   2.4755113365e+02   3.7641938079e+02
   4965.0000000000   3.7883254537e+02   2.4764974693e+02   3.7653215378e+02
   4966.0000000000   3.7894481958e+02   2.4774807592e+02   3.7665275118e+02
   4967.0000000000   3.7905674681e+02   2.4784613403e+02   3.7676751142e+02
   4968.0000000000   3.7917677008e+02   2.4794393310e+02   3.7688094854e+02
   4969.0000000000   3.7929158523e+02   2.4804148373e+02   3.7699356412e+02
   4970.0000000000   3.7940532714e+02   2.4813879544e+02   3.7710557278e+02
   4971.0000000000   3.7951840315e+02   2.4823587686e+02   3.7721709358e+02
   4972.0000000000   3.7963097825e+02   2.4833273586e+02   3.7733708309e+02
   4973.0000000000   3.7974314157e+02   2.4843826062e+02   3.7745151014e+02
   4974.0000000000   3.7986335560e+02   2.4853837444e+02   3.7756475934e+02
   4975.0000000000   3.7997832802e+02   2.4863742990e+02   3.7768615368e+02
   4976.0000000000   3.8009220154e+02   2.4873584555e+02   3.7780179276e+02
   4977.0000000000   3.8021379544e+02   2.4883378660e+02   3.7791612368e+02
   4978.0000000000   3.8032994772e+02   2.4893134003e+02   3.7803850446e+02
   4979.0000000000   3.8045327120e+02   2.4902855917e+02   3.7815505644e+02
   4980.0000000000   3.8057088399e+02   2.4912548014e+02   3.7827024127e+02
   4981.0000000000   3.8068709214e+02   2.4922212907e+02   3.7838454625e+02
   4982.0000000000   3.8080239398e+02   2.4932740686e+02   3.7849818361e+02
   4983.0000000000   3.8091701011e+02   2.4942724595e+02   3.7861127433e+02
   4984.0000000000   3.8103106675e+02   2.4952600566e+02   3.7873277833e+02
   4985.0000000000   3.8114464612e+02   2.4963299059e+02   3.7884866821e+02
   4986.0000000000   3.8125780625e+02   2.4973428652e+02   3.7896333234e+02
   4987.0000000000   3.8137059044e+02   2.4983432987e+02   3.7907721623e+02
   4988.0000000000   3.8148303228e+02   2.4994247022e+02   3.7919050608e+02
   4989.0000000000   3.8159515867e+02   2.5004482214e+02   3.7931218646e+02
   4990.0000000000   3.8171539819e+02   2.5014584173e+02   3.7942824092e+02
   4991.0000000000   3.8183043832e+02   2.5024601172e+02   3.7954306308e+02
   4992.0000000000   3.8194440900e+02   2.5034554051e+02   3.7965710120e+02
   4993.0000000000   3.8205771451e+02   2.5044454586e+02   3.7977054289e+02
   4994.0000000000   3.8217051803e+02   2.5054310395e+02   3.7988349255e+02
   4995.0000000000   3.8228290755e+02   2.5065014934e+02   3.7999601748e+02
   4996.0000000000   3.8239493840e+02   2.5075163859e+02   3.8010816507e+02
   4997.0000000000   3.8250664888e+02   2.5086083001e+02   3.8021997083e+02
   4998.0000000000   3.8261806729e+02   2.5096407786e+02   3.8034034347e+02
   4999.0000000000   3.8272921557e+02   2.5106590876e+02   3.8045522210e+02
   5000.0000000000   3.8284011134e+02   2.5116683451e+02   3.8056897168e+02
   5001.0000000000   3.8295076913e+02   2.5126707817e+02   3.8068202073e+02
   5002.0000000000   3.8306960775e+02   2.5136676589e+02   3.8079454261e+02
   5003.0000000000   3.8318330678e+02   2.5146597928e+02   3.8090663101e+02
   5004.0000000000   3.8329598963e+02   2.5156477566e+02   3.8101834492e+02
   5005.0000000000   3.8340805520e+02   2.5166319768e+02   3.8112972521e+02
   5006.0000000000   3.8351966207e+02   2.5176127839e+02   3.8124080209e+02
   5007.0000000000   3.8363089434e+02   2.5185904426e+02   3.8136047993e+02
   5008.0000000000   3.8374180400e+02   2.5195651698e+02   3.8147469421e+02
   5009.0000000000   3.8386083296e+02   2.5206259568e+02   3.8158780686e+02
   5010.0000000000   3.8397467603e+02   2.5216321250e+02   3.8170912480e+02
   5011.0000000000   3.8409587366e+02   2.5226272720e+02   3.8182473582e+02
   5012.0000000000   3.8421990789e+02   2.5237044526e+02   3.8193907814e+02
   5013.0000000000   3.8433772614e+02   2.5247245353e+02   3.8206150290e+02
   5014.0000000000   3.8445392179e+02   2.5257318959e+02   3.8217812608e+02
   5015.0000000000   3.8456909226e+02   2.5268200417e+02   3.8229340505e+02
   5016.0000000000   3.8469191103e+02   2.5278501301e+02   3.8240782364e+02
   5017.0000000000   3.8480919872e+02   2.5288667330e+02   3.8252159129e+02
   5018.0000000000   3.8492516706e+02   2.5298746880e+02   3.8263482663e+02
   5019.0000000000   3.8504027479e+02   2.5308760891e+02   3.8274760669e+02
   5020.0000000000   3.8516312976e+02   2.5318721228e+02   3.8285998578e+02
   5021.0000000000   3.8528051694e+02   2.5328635595e+02   3.8297200445e+02
   5022.0000000000   3.8539662697e+02   2.5338509430e+02   3.8308369421e+02
   5023.0000000000   3.8551190527e+02   2.5349234891e+02   3.8319508035e+02
   5024.0000000000   3.8562654439e+02   2.5359406804e+02   3.8330618361e+02
   5025.0000000000   3.8574065430e+02   2.5369462347e+02   3.8341702140e+02
   5026.0000000000   3.8585430720e+02   2.5380332988e+02   3.8352760853e+02
   5027.0000000000   3.8596755469e+02   2.5390628135e+02   3.8364683877e+02
   5028.0000000000   3.8608884231e+02   2.5400792122e+02   3.8376063995e+02
   5029.0000000000   3.8620486979e+02   2.5410872396e+02   3.8387336838e+02
   5030.0000000000   3.8631977626e+02   2.5420889247e+02   3.8398544568e+02
   5031.0000000000   3.8643397315e+02   2.5431742173e+02   3.8409703963e+02
   5032.0000000000   3.8654762930e+02   2.5442030203e+02   3.8420823933e+02
   5033.0000000000   3.8666083729e+02   2.5452193162e+02   3.8431909995e+02
   5034.0000000000   3.8677365625e+02   2.5462276199e+02   3.8442965912e+02
   5035.0000000000   3.8688612765e+02   2.5472298312e+02   3.8455770621e+02
   5036.0000000000   3.8699828247e+02   2.5483158214e+02   3.8467509560e+02
   5037.0000000000   3.8711014495e+02   2.5493454432e+02   3.8479053689e+02
   5038.0000000000   3.8722173469e+02   2.5503626457e+02   3.8490486947e+02
   5039.0000000000   3.8733306797e+02   2.5513719205e+02   3.8502730562e+02
   5040.0000000000   3.8744415857e+02   2.5523751510e+02   3.8514393582e+02
   5041.0000000000   3.8755501836e+02   2.5534621966e+02   3.8525921244e+02
   5042.0000000000   3.8766565771e+02   2.5544929011e+02   3.8537361928e+02
   5043.0000000000   3.8777608577e+02   2.5555112069e+02   3.8548736695e+02
   5044.0000000000   3.8788631070e+02   2.5565216005e+02   3.8560057552e+02
   5045.0000000000   3.8799633982e+02   2.5575259613e+02   3.8572220427e+02
   5046.0000000000   3.8810617976e+02   2.5585253359e+02   3.8583822531e+02
   5047.0000000000   3.8821583657e+02   2.5595203990e+02   3.8596190753e+02
   5048.0000000000   3.8832531576e+02   2.5606004361e+02   3.8607961278e+02
   5049.0000000000   3.8844302896e+02   2.5616249707e+02   3.8619587333e+02
   5050.0000000000   3.8855564990e+02   2.5627265556e+02   3.8631120534e+02
   5051.0000000000   3.8866729717e+02   2.5637687117e+02   3.8642583531e+02
   5052.0000000000   3.8877836565e+02   2.5647966892e+02   3.8653989218e+02
   5053.0000000000   3.8889741701e+02   2.5658155947e+02   3.8665345981e+02
   5054.0000000000   3.8901120148e+02   2.5669164597e+02   3.8676659744e+02
   5055.0000000000   3.8912388275e+02   2.5680485163e+02   3.8687934932e+02
   5056.0000000000   3.8923588481e+02   2.5692040168e+02   3.8700063081e+02
   5057.0000000000   3.8935578938e+02   2.5702902913e+02   3.8712526721e+02
   5058.0000000000   3.8947036115e+02   2.5713569564e+02   3.8726130626e+02
   5059.0000000000   3.8958377457e+02   2.5724108892e+02   3.8738535967e+02
   5060.0000000000   3.8969646194e+02   2.5734552602e+02   3.8750670931e+02
   5061.0000000000   3.8980860498e+02   2.5744919110e+02   3.8762643685e+02
   5062.0000000000   3.8992030454e+02   2.5755220484e+02   3.8774500511e+02
   5063.0000000000   3.9003162512e+02   2.5767241453e+02   3.8786266937e+02
   5064.0000000000   3.9014261170e+02   2.5778171713e+02   3.8797959048e+02
   5065.0000000000   3.9025329759e+02   2.5788885482e+02   3.8810475960e+02
   5066.0000000000   3.9037211500e+02   2.5799469269e+02   3.8822417346e+02
   5067.0000000000   3.9049416000e+02   2.5809958276e+02   3.8834223919e+02
   5068.0000000000   3.9061023265e+02   2.5820371593e+02   3.8845941722e+02
   5069.0000000000   3.9072485197e+02   2.5830721236e+02   3.8857590576e+02
   5070.0000000000   3.9083857204e+02   2.5841015507e+02   3.8869181829e+02
   5071.0000000000   3.9095163210e+02   2.5851260514e+02   3.8880722989e+02
   5072.0000000000   3.9106416481e+02   2.5861460956e+02   3.8892219468e+02
   5073.0000000000   3.9117625419e+02   2.5871620574e+02   3.8903675395e+02
   5074.0000000000   3.9128795815e+02   2.5882630524e+02   3.8915094050e+02
   5075.0000000000   3.9139931899e+02   2.5893085028e+02   3.8926478117e+02
   5076.0000000000   3.9151036904e+02   2.5903420896e+02   3.8937829839e+02
   5077.0000000000   3.9162113378e+02   2.5913681282e+02   3.8949151127e+02
   5078.0000000000   3.9173163390e+02   2.5924771901e+02   3.8960443631e+02
   5079.0000000000   3.9184188649e+02   2.5935294056e+02   3.8971708795e+02
   5080.0000000000   3.9195190601e+02   2.5945688535e+02   3.8982947892e+02
   5081.0000000000   3.9207011131e+02   2.5956000938e+02   3.8994162059e+02
   5082.0000000000   3.9218318215e+02   2.5967138584e+02   3.9005352313e+02
   5083.0000000000   3.9230364864e+02   2.5977703877e+02   3.9016519574e+02
   5084.0000000000   3.9241857894e+02   2.5988138394e+02   3.9027664680e+02
   5085.0000000000   3.9253224605e+02   2.5998488313e+02   3.9038788392e+02
   5086.0000000000   3.9264512503e+02   2.6008773292e+02   3.9050779507e+02
   5087.0000000000   3.9275741938e+02   2.6019892501e+02   3.9062230340e+02
   5088.0000000000   3.9287764876e+02   2.6030444802e+02   3.9073576129e+02
   5089.0000000000   3.9300096072e+02   2.6040869941e+02   3.9084858714e+02
   5090.0000000000   3.9311818837e+02   2.6051213041e+02   3.9096094601e+02
   5091.0000000000   3.9323387331e+02   2.6061493100e+02   3.9107292474e+02
   5092.0000000000   3.9334858574e+02   2.6073496953e+02   3.9118457653e+02
   5093.0000000000   3.9346257686e+02   2.6084414827e+02   3.9129593735e+02
   5094.0000000000   3.9357598847e+02   2.6095120897e+02   3.9140703323e+02
   5095.0000000000   3.9369731825e+02   2.6105701411e+02   3.9151788395e+02
   5096.0000000000   3.9381329883e+02   2.6116191240e+02   3.9162850516e+02
   5097.0000000000   3.9392809141e+02   2.6126609130e+02   3.9173890962e+02
   5098.0000000000   3.9404212289e+02   2.6136966771e+02   3.9184910799e+02
   5099.0000000000   3.9415557334e+02   2.6147272163e+02   3.9195910934e+02
   5100.0000000000   3.9426854375e+02   2.6157531139e+02   3.9206892153e+02
   5101.0000000000   3.9438950618e+02   2.6167748150e+02   3.9217855146e+02
   5102.0000000000   3.9450517612e+02   2.6177926716e+02   3.9229688623e+02
   5103.0000000000   3.9461970276e+02   2.6188069696e+02   3.9240984802e+02
   5104.0000000000   3.9474191081e+02   2.6198179465e+02   3.9252178824e+02
   5105.0000000000   3.9487545592e+02   2.6208258030e+02   3.9263312428e+02
   5106.0000000000   3.9499788641e+02   2.6218307114e+02   3.9274402023e+02
   5107.0000000000   3.9511788322e+02   2.6229216310e+02   3.9285456192e+02
   5108.0000000000   3.9523642268e+02   2.6239578601e+02   3.9296480165e+02
   5109.0000000000   3.9535391764e+02   2.6249829798e+02   3.9308365542e+02
   5110.0000000000   3.9547059484e+02   2.6260012227e+02   3.9319706507e+02
   5111.0000000000   3.9558659707e+02   2.6270142820e+02   3.9331827695e+02
   5112.0000000000   3.9570202227e+02   2.6280230627e+02   3.9343363545e+02
   5113.0000000000   3.9581694174e+02   2.6290281296e+02   3.9355653989e+02
   5114.0000000000   3.9593140967e+02   2.6300298709e+02   3.9367341173e+02
   5115.0000000000   3.9604546864e+02   2.6310285724e+02   3.9378881445e+02
   5116.0000000000   3.9616755955e+02   2.6320244548e+02   3.9391216281e+02
   5117.0000000000   3.9629278628e+02   2.6330176952e+02   3.9403849144e+02
   5118.0000000000   3.9642036241e+02   2.6340084397e+02   3.9416707975e+02
   5119.0000000000   3.9654148223e+02   2.6350856212e+02   3.9428869155e+02
   5120.0000000000   3.9666081959e+02   2.6361085127e+02   3.9440830768e+02
   5121.0000000000   3.9677900950e+02   2.6371206710e+02   3.9452662862e+02
   5122.0000000000   3.9689634045e+02   2.6382151163e+02   3.9464398021e+02
   5123.0000000000   3.9702138461e+02   2.6392526876e+02   3.9476055293e+02
   5124.0000000000   3.9714091866e+02   2.6402777354e+02   3.9488535301e+02
   5125.0000000000   3.9725913246e+02   2.6412949352e+02   3.9500438590e+02
   5126.0000000000   3.9737647297e+02   2.6423062583e+02   3.9512206421e+02
   5127.0000000000   3.9750154150e+02   2.6433127957e+02   3.9524773302e+02
   5128.0000000000   3.9762952588e+02   2.6444040511e+02   3.9537639074e+02
   5129.0000000000   3.9775128381e+02   2.6454396733e+02   3.9549841583e+02
   5130.0000000000   3.9787137402e+02   2.6464634813e+02   3.9561864402e+02
   5131.0000000000   3.9799037956e+02   2.6474798767e+02   3.9573770320e+02
   5132.0000000000   3.9810856188e+02   2.6484906758e+02   3.9585587738e+02
   5133.0000000000   3.9822607118e+02   2.6495856859e+02   3.9597333067e+02
   5134.0000000000   3.9834300573e+02   2.6506247089e+02   3.9609905176e+02
   5135.0000000000   3.9846784173e+02   2.6516516522e+02   3.9621903389e+02
   5136.0000000000   3.9858730049e+02   2.6526709733e+02   3.9633768093e+02
   5137.0000000000   3.9870553706e+02   2.6536845265e+02   3.9645545060e+02
   5138.0000000000   3.9882297509e+02   2.6547821461e+02   3.9657253889e+02
   5139.0000000000   3.9894819958e+02   2.6558236545e+02   3.9668905755e+02
   5140.0000000000   3.9906797999e+02   2.6568529752e+02   3.9680508023e+02
   5141.0000000000   3.9918649613e+02   2.6578745783e+02   3.9692954092e+02
   5142.0000000000   3.9930418570e+02   2.6588903283e+02   3.9704839672e+02
   5143.0000000000   3.9942123570e+02   2.6599012586e+02   3.9716602618e+02
   5144.0000000000   3.9953775199e+02   2.6609080323e+02   3.9728286841e+02
   5145.0000000000   3.9965380377e+02   2.6619111145e+02   3.9739910533e+02
   5146.0000000000   3.9976944044e+02   2.6629108522e+02   3.9751483771e+02
   5147.0000000000   3.9988469936e+02   2.6639075156e+02   3.9763901145e+02
   5148.0000000000   4.0000801658e+02   2.6649013219e+02   3.9776647015e+02
   5149.0000000000   4.0012608515e+02   2.6658924508e+02   3.9788751153e+02
   5150.0000000000   4.0024303936e+02   2.6668810531e+02   3.9800692214e+02
   5151.0000000000   4.0036769357e+02   2.6678672584e+02   3.9812529696e+02
   5152.0000000000   4.0049528946e+02   2.6688511788e+02   3.9824289644e+02
   5153.0000000000   4.0061670082e+02   2.6699217226e+02   3.9835986709e+02
   5154.0000000000   4.0074489670e+02   2.6709381441e+02   3.9847630302e+02
   5155.0000000000   4.0086712854e+02   2.6719439857e+02   3.9859226998e+02
   5156.0000000000   4.0098776959e+02   2.6729434464e+02   3.9871669765e+02
   5157.0000000000   4.0110735788e+02   2.6739381895e+02   3.9883554036e+02
   5158.0000000000   4.0122613994e+02   2.6749290932e+02   3.9895317460e+02
   5159.0000000000   4.0135266666e+02   2.6760055079e+02   3.9907003790e+02
   5160.0000000000   4.0147370271e+02   2.6771157767e+02   3.9918631080e+02
   5161.0000000000   4.0159343065e+02   2.6781627967e+02   3.9930209286e+02
   5162.0000000000   4.0171229271e+02   2.6792831736e+02   3.9941744798e+02
   5163.0000000000   4.0183048047e+02   2.6803419623e+02   3.9953242115e+02
   5164.0000000000   4.0194810395e+02   2.6813851776e+02   3.9964704610e+02
   5165.0000000000   4.0206523593e+02   2.6824183649e+02   3.9976134931e+02
   5166.0000000000   4.0218192887e+02   2.6834440210e+02   3.9987535224e+02
   5167.0000000000   4.0229822273e+02   2.6845523945e+02   3.9998907277e+02
   5168.0000000000   4.0241414921e+02   2.6856924006e+02   4.0010252605e+02
   5169.0000000000   4.0253814075e+02   2.6867673324e+02   4.0021572518e+02
   5170.0000000000   4.0265688803e+02   2.6878252749e+02   4.0032868162e+02
   5171.0000000000   4.0277452370e+02   2.6888723361e+02   4.0044140547e+02
   5172.0000000000   4.0289145447e+02   2.6899112382e+02   4.0055390580e+02
   5173.0000000000   4.0301625214e+02   2.6909435357e+02   4.0066619073e+02
   5174.0000000000   4.0313567567e+02   2.6919702389e+02   4.0077826764e+02
   5175.0000000000   4.0325389637e+02   2.6929920594e+02   4.0089014327e+02
   5176.0000000000   4.0337134490e+02   2.6940095275e+02   4.0100182376e+02
   5177.0000000000   4.0349660892e+02   2.6950230540e+02   4.0113107675e+02
   5178.0000000000   4.0361645838e+02   2.6960329677e+02   4.0124974086e+02
   5179.0000000000   4.0373507248e+02   2.6971283476e+02   4.0136651382e+02
   5180.0000000000   4.0385288779e+02   2.6981685852e+02   4.0148222592e+02
   5181.0000000000   4.0397008987e+02   2.6991973358e+02   4.0159720123e+02
   5182.0000000000   4.0408678309e+02   2.7002188924e+02   4.0171160779e+02
   5183.0000000000   4.0420303516e+02   2.7012349971e+02   4.0182554678e+02
   5184.0000000000   4.0431889401e+02   2.7022465957e+02   4.0193908521e+02
   5185.0000000000   4.0443439563e+02   2.7032542869e+02   4.0205227052e+02
   5186.0000000000   4.0454956820e+02   2.7042584876e+02   4.0216513797e+02
   5187.0000000000   4.0466443454e+02   2.7052595078e+02   4.0227771480e+02
   5188.0000000000   4.0477901355e+02   2.7062575890e+02   4.0239002267e+02
   5189.0000000000   4.0489332121e+02   2.7072529262e+02   4.0250207927e+02
   5190.0000000000   4.0500737125e+02   2.7082456807e+02   4.0261389930e+02
   5191.0000000000   4.0512117563e+02   2.7092359894e+02   4.0273437620e+02
   5192.0000000000   4.0524315143e+02   2.7103127796e+02   4.0284943737e+02
   5193.0000000000   4.0536838358e+02   2.7113353208e+02   4.0296343855e+02
   5194.0000000000   4.0548766378e+02   2.7123471681e+02   4.0308568177e+02
   5195.0000000000   4.0560550465e+02   2.7133525310e+02   4.0320225092e+02
   5196.0000000000   4.0572245528e+02   2.7144418913e+02   4.0332646193e+02
   5197.0000000000   4.0583875100e+02   2.7154753018e+02   4.0346246088e+02
   5198.0000000000   4.0595452135e+02   2.7164967741e+02   4.0358662457e+02
   5199.0000000000   4.0606984785e+02   2.7175108094e+02   4.0370816768e+02
   5200.0000000000   4.0619319291e+02   2.7185192780e+02   4.0382814510e+02
   5201.0000000000   4.0631967279e+02   2.7196120174e+02   4.0394700667e+02
   5202.0000000000   4.0644010174e+02   2.7206488461e+02   4.0406500045e+02
   5203.0000000000   4.0655900922e+02   2.7216736808e+02   4.0419116369e+02
   5204.0000000000   4.0667695720e+02   2.7226909834e+02   4.0431152012e+02
   5205.0000000000   4.0679419107e+02   2.7237026098e+02   4.0443049386e+02
   5206.0000000000   4.0691084844e+02   2.7247095850e+02   4.0454855660e+02
   5207.0000000000   4.0703542386e+02   2.7257125635e+02   4.0466591425e+02
   5208.0000000000   4.0715464762e+02   2.7267120029e+02   4.0478268579e+02
   5209.0000000000   4.0727267908e+02   2.7277082427e+02   4.0489895023e+02
   5210.0000000000   4.0738994377e+02   2.7287015463e+02   4.0501476459e+02
   5211.0000000000   4.0750662064e+02   2.7296921247e+02   4.0513017234e+02
   5212.0000000000   4.0762280982e+02   2.7306801516e+02   4.0524520790e+02
   5213.0000000000   4.0773857617e+02   2.7316657725e+02   4.0535989933e+02
   5214.0000000000   4.0786237213e+02   2.7326491118e+02   4.0547427000e+02
   5215.0000000000   4.0798090126e+02   2.7336302771e+02   4.0558833971e+02
   5216.0000000000   4.0809830485e+02   2.7346093626e+02   4.0570212550e+02
   5217.0000000000   4.0822340215e+02   2.7355864518e+02   4.0581564220e+02
   5218.0000000000   4.0834303174e+02   2.7365616190e+02   4.0592890286e+02
   5219.0000000000   4.0846140089e+02   2.7375349312e+02   4.0604191901e+02
   5220.0000000000   4.0858736624e+02   2.7385064490e+02   4.0616358198e+02
   5221.0000000000   4.0870778977e+02   2.7394762276e+02   4.0627981773e+02
   5222.0000000000   4.0882689436e+02   2.7404443175e+02   4.0640386208e+02
   5223.0000000000   4.0894514112e+02   2.7414107653e+02   4.0652205222e+02
   5224.0000000000   4.0906273103e+02   2.7423756140e+02   4.0663890150e+02
   5225.0000000000   4.0917977877e+02   2.7434277131e+02   4.0675491123e+02
   5226.0000000000   4.0929635937e+02   2.7445150763e+02   4.0687029597e+02
   5227.0000000000   4.0941252613e+02   2.7456291791e+02   4.0698517496e+02
   5228.0000000000   4.0952831911e+02   2.7467656234e+02   4.0709962404e+02
   5229.0000000000   4.0964376968e+02   2.7478327988e+02   4.0721369576e+02
   5230.0000000000   4.0975890312e+02   2.7488807462e+02   4.0732742871e+02
   5231.0000000000   4.0987374034e+02   2.7499165280e+02   4.0744085249e+02
   5232.0000000000   4.0998829897e+02   2.7509433938e+02   4.0756287157e+02
   5233.0000000000   4.1010259406e+02   2.7519632133e+02   4.0769718370e+02
   5234.0000000000   4.1021663869e+02   2.7529771953e+02   4.0781998461e+02
   5235.0000000000   4.1033044434e+02   2.7539861815e+02   4.0794039354e+02
   5236.0000000000   4.1044402115e+02   2.7549907892e+02   4.0806828872e+02
   5237.0000000000   4.1055737818e+02   2.7559914892e+02   4.0819887976e+02
   5238.0000000000   4.1067052361e+02   2.7569886516e+02   4.0832265145e+02
   5239.0000000000   4.1078346480e+02   2.7579825745e+02   4.0844450020e+02
   5240.0000000000   4.1089620847e+02   2.7590623124e+02   4.0857397240e+02
   5241.0000000000   4.1100876080e+02   2.7601760468e+02   4.0871505518e+02
   5242.0000000000   4.1112112742e+02   2.7612265822e+02   4.0884410912e+02
   5243.0000000000   4.1123331357e+02   2.7623504706e+02   4.0897035940e+02
   5244.0000000000   4.1134532408e+02   2.7634127357e+02   4.0909487668e+02
   5245.0000000000   4.1145716345e+02   2.7645481844e+02   4.0921812646e+02
   5246.0000000000   4.1157724242e+02   2.7656215194e+02   4.0934037101e+02
   5247.0000000000   4.1170064049e+02   2.7666786983e+02   4.0946177913e+02
   5248.0000000000   4.1181814461e+02   2.7677252875e+02   4.0958246879e+02
   5249.0000000000   4.1194266985e+02   2.7687638265e+02   4.0970252719e+02
   5250.0000000000   4.1206143068e+02   2.7698846096e+02   4.0982202150e+02
   5251.0000000000   4.1218717997e+02   2.7709477863e+02   4.0994100503e+02
   5252.0000000000   4.1230710425e+02   2.7719975223e+02   4.1006840215e+02
   5253.0000000000   4.1242554807e+02   2.7730384737e+02   4.1019016557e+02
   5254.0000000000   4.1254303343e+02   2.7740726512e+02   4.1031067210e+02
   5255.0000000000   4.1265979639e+02   2.7751012058e+02   4.1043036059e+02
   5256.0000000000   4.1277597370e+02   2.7761248964e+02   4.1054941342e+02
   5257.0000000000   4.1289165500e+02   2.7771442680e+02   4.1066793225e+02
   5258.0000000000   4.1300690374e+02   2.7781597347e+02   4.1078598311e+02
   5259.0000000000   4.1312176716e+02   2.7791716236e+02   4.1090361314e+02
   5260.0000000000   4.1323628186e+02   2.7801802010e+02   4.1102085812e+02
   5261.0000000000   4.1335047702e+02   2.7811856887e+02   4.1113774650e+02
   5262.0000000000   4.1346437644e+02   2.7821882747e+02   4.1125430158e+02
   5263.0000000000   4.1357799992e+02   2.7831881207e+02   4.1137054297e+02
   5264.0000000000   4.1369136420e+02   2.7842741773e+02   4.1149536843e+02
   5265.0000000000   4.1381289016e+02   2.7853057353e+02   4.1161470924e+02
   5266.0000000000   4.1392925926e+02   2.7863263692e+02   4.1173292468e+02
   5267.0000000000   4.1405300316e+02   2.7873403060e+02   4.1185043906e+02
   5268.0000000000   4.1417119133e+02   2.7883492336e+02   4.1196742255e+02
   5269.0000000000   4.1428809795e+02   2.7894428623e+02   4.1208396645e+02
   5270.0000000000   4.1440419914e+02   2.7904809192e+02   4.1220012792e+02
   5271.0000000000   4.1451969932e+02   2.7916848725e+02   4.1231594639e+02
   5272.0000000000   4.1463471246e+02   2.7927774667e+02   4.1243145103e+02
   5273.0000000000   4.1474931131e+02   2.7938474469e+02   4.1254666442e+02
   5274.0000000000   4.1486354636e+02   2.7949928740e+02   4.1266160474e+02
   5275.0000000000   4.1497745480e+02   2.7960767435e+02   4.1277628705e+02
   5276.0000000000   4.1509947174e+02   2.7971445981e+02   4.1289072408e+02
   5277.0000000000   4.1521628893e+02   2.7982018644e+02   4.1300492683e+02
   5278.0000000000   4.1533203913e+02   2.7992510271e+02   4.1311890491e+02
   5279.0000000000   4.1545553511e+02   2.8002935478e+02   4.1324154780e+02
   5280.0000000000   4.1557361035e+02   2.8013303997e+02   4.1335877980e+02
   5281.0000000000   4.1569887451e+02   2.8024510906e+02   4.1347495422e+02
   5282.0000000000   4.1581844335e+02   2.8036041241e+02   4.1359049018e+02
   5283.0000000000   4.1593662116e+02   2.8047813538e+02   4.1370555333e+02
   5284.0000000000   4.1606231144e+02   2.8058898721e+02   4.1382023094e+02
   5285.0000000000   4.1618240279e+02   2.8069791452e+02   4.1393457661e+02
   5286.0000000000   4.1630113478e+02   2.8081447603e+02   4.1405750758e+02
   5287.0000000000   4.1641897976e+02   2.8092489868e+02   4.1417496680e+02
   5288.0000000000   4.1653614656e+02   2.8103370825e+02   4.1429132071e+02
   5289.0000000000   4.1666116213e+02   2.8114143486e+02   4.1440699798e+02
   5290.0000000000   4.1678918136e+02   2.8124832123e+02   4.1452217145e+02
   5291.0000000000   4.1691104410e+02   2.8135451112e+02   4.1463693391e+02
   5292.0000000000   4.1703129802e+02   2.8146010113e+02   4.1475134326e+02
   5293.0000000000   4.1715051864e+02   2.8156516130e+02   4.1486543920e+02
   5294.0000000000   4.1726896189e+02   2.8166974503e+02   4.1497925075e+02
   5295.0000000000   4.1739518022e+02   2.8177389459e+02   4.1509280018e+02
   5296.0000000000   4.1751593751e+02   2.8187764433e+02   4.1521498614e+02
   5297.0000000000   4.1763541485e+02   2.8198102280e+02   4.1533173975e+02
   5298.0000000000   4.1775405288e+02   2.8208405415e+02   4.1544741952e+02
   5299.0000000000   4.1787204168e+02   2.8218675910e+02   4.1556244858e+02
   5300.0000000000   4.1798948992e+02   2.8228915563e+02   4.1567699575e+02
   5301.0000000000   4.1810646915e+02   2.8239125952e+02   4.1579115080e+02
   5302.0000000000   4.1822303075e+02   2.8249308475e+02   4.1590496935e+02
   5303.0000000000   4.1833921373e+02   2.8259464377e+02   4.1601848929e+02
   5304.0000000000   4.1845504892e+02   2.8269594779e+02   4.1613173821e+02
   5305.0000000000   4.1857056142e+02   2.8279700692e+02   4.1624473720e+02
   5306.0000000000   4.1868577218e+02   2.8289783037e+02   4.1636638394e+02
   5307.0000000000   4.1880069895e+02   2.8300730748e+02   4.1649148970e+02
   5308.0000000000   4.1891535704e+02   2.8311136266e+02   4.1661032900e+02
   5309.0000000000   4.1902975978e+02   2.8322323038e+02   4.1673655177e+02
   5310.0000000000   4.1914391895e+02   2.8332924676e+02   4.1685665585e+02
   5311.0000000000   4.1925784500e+02   2.8343392421e+02   4.1697523692e+02
   5312.0000000000   4.1937154729e+02   2.8353776327e+02   4.1709284505e+02
   5313.0000000000   4.1948503428e+02   2.8364097785e+02   4.1720972644e+02
   5314.0000000000   4.1959831365e+02   2.8374368665e+02   4.1732602209e+02
   5315.0000000000   4.1971139238e+02   2.8384596506e+02   4.1744182358e+02
   5316.0000000000   4.1983268343e+02   2.8394786523e+02   4.1755719515e+02
   5317.0000000000   4.1995726826e+02   2.8405830639e+02   4.1767218436e+02
   5318.0000000000   4.2007593561e+02   2.8417211551e+02   4.1778682783e+02
   5319.0000000000   4.2020160213e+02   2.8427957898e+02   4.1790115464e+02
   5320.0000000000   4.2032148373e+02   2.8438547504e+02   4.1801518846e+02
   5321.0000000000   4.2043992807e+02   2.8449927320e+02   4.1812894890e+02
   5322.0000000000   4.2055745382e+02   2.8461602642e+02   4.1824245254e+02
   5323.0000000000   4.2067429237e+02   2.8472614006e+02   4.1835571354e+02
   5324.0000000000   4.2079057590e+02   2.8483446390e+02   4.1846874418e+02
   5325.0000000000   4.2090639002e+02   2.8494163337e+02   4.1858155521e+02
   5326.0000000000   4.2102179469e+02   2.8504793638e+02   4.1870303706e+02
   5327.0000000000   4.2114524072e+02   2.8515353888e+02   4.1881911488e+02
   5328.0000000000   4.2126343127e+02   2.8525854927e+02   4.1894302362e+02
   5329.0000000000   4.2138050762e+02   2.8537192502e+02   4.1906109967e+02
   5330.0000000000   4.2149688259e+02   2.8547963978e+02   4.1917785559e+02
   5331.0000000000   4.2161272582e+02   2.8558608412e+02   4.1929379190e+02
   5332.0000000000   4.2172813038e+02   2.8569170615e+02   4.1941800340e+02
   5333.0000000000   4.2184315559e+02   2.8579669459e+02   4.1953652531e+02
   5334.0000000000   4.2195784296e+02   2.8591891742e+02   4.1966266021e+02
   5335.0000000000   4.2208062993e+02   2.8603915803e+02   4.1978278954e+02
   5336.0000000000   4.2220661615e+02   2.8615207520e+02   4.1990145764e+02
   5337.0000000000   4.2232660430e+02   2.8626287833e+02   4.2002806936e+02
   5338.0000000000   4.2244511544e+02   2.8637232950e+02   4.2014877298e+02
   5339.0000000000   4.2256270527e+02   2.8648077658e+02   4.2026804730e+02
   5340.0000000000   4.2267961441e+02   2.8658841898e+02   4.2039527235e+02
   5341.0000000000   4.2279597669e+02   2.8669538585e+02   4.2051658555e+02
   5342.0000000000   4.2291187715e+02   2.8680176767e+02   4.2063646069e+02
   5343.0000000000   4.2304418764e+02   2.8690763137e+02   4.2075539450e+02
   5344.0000000000   4.2316628938e+02   2.8701302853e+02   4.2087360677e+02
   5345.0000000000   4.2328644389e+02   2.8712688111e+02   4.2099122456e+02
   5346.0000000000   4.2340545894e+02   2.8723513923e+02   4.2110833188e+02
   5347.0000000000   4.2352365857e+02   2.8734217710e+02   4.2123386987e+02
   5348.0000000000   4.2364121574e+02   2.8745731205e+02   4.2136268167e+02
   5349.0000000000   4.2375823765e+02   2.8756664083e+02   4.2148506613e+02
   5350.0000000000   4.2389161027e+02   2.8767460939e+02   4.2160581149e+02
   5351.0000000000   4.2401472460e+02   2.8778169463e+02   4.2172551443e+02
   5352.0000000000   4.2413584931e+02   2.8789698276e+02   4.2184443706e+02
   5353.0000000000   4.2426420418e+02   2.8800650661e+02   4.2196272736e+02
   5354.0000000000   4.2438678659e+02   2.8811468825e+02   4.2208936170e+02
   5355.0000000000   4.2450788722e+02   2.8822199423e+02   4.2222808559e+02
   5356.0000000000   4.2462800696e+02   2.8832862484e+02   4.2235512847e+02
   5357.0000000000   4.2474737252e+02   2.8843469376e+02   4.2247963455e+02
   5358.0000000000   4.2486611648e+02   2.8854027538e+02   4.2260262023e+02
   5359.0000000000   4.2498432692e+02   2.8864542273e+02   4.2272451261e+02
   5360.0000000000   4.2511888012e+02   2.8875017588e+02   4.2285442653e+02
   5361.0000000000   4.2524316197e+02   2.8885456638e+02   4.2297842584e+02
   5362.0000000000   4.2536543849e+02   2.8895861985e+02   4.2310095802e+02
   5363.0000000000   4.2549492818e+02   2.8907123858e+02   4.2322250963e+02
   5364.0000000000   4.2561862795e+02   2.8917835734e+02   4.2334329675e+02
   5365.0000000000   4.2574082842e+02   2.8928433811e+02   4.2346344567e+02
   5366.0000000000   4.2586203072e+02   2.8938960736e+02   4.2358304094e+02
   5367.0000000000   4.2598246197e+02   2.8949433698e+02   4.2370214393e+02
   5368.0000000000   4.2610225525e+02   2.8959861965e+02   4.2382080163e+02
   5369.0000000000   4.2622149916e+02   2.8970251366e+02   4.2393905138e+02
   5370.0000000000   4.2635707053e+02   2.8980605941e+02   4.2405692371e+02
   5371.0000000000   4.2648235582e+02   2.8991816778e+02   4.2417444412e+02
   5372.0000000000   4.2660562160e+02   2.9002477870e+02   4.2429163429e+02
   5373.0000000000   4.2672768037e+02   2.9013025732e+02   4.2440851291e+02
   5374.0000000000   4.2685726704e+02   2.9023503202e+02   4.2452509628e+02
   5375.0000000000   4.2698122753e+02   2.9033927585e+02   4.2464139878e+02
   5376.0000000000   4.2710378688e+02   2.9045196310e+02   4.2475743316e+02
   5377.0000000000   4.2723381860e+02   2.9055906908e+02   4.2487321088e+02
   5378.0000000000   4.2735819899e+02   2.9066498072e+02   4.2499762320e+02
   5379.0000000000   4.2748116282e+02   2.9077014077e+02   4.2511659615e+02
   5380.0000000000   4.2760318112e+02   2.9087473224e+02   4.2523448468e+02
   5381.0000000000   4.2772446317e+02   2.9097885570e+02   4.2535170947e+02
   5382.0000000000   4.2784513073e+02   2.9109145610e+02   4.2546843759e+02
   5383.0000000000   4.2796526487e+02   2.9119849475e+02   4.2558475769e+02
   5384.0000000000   4.2808492412e+02   2.9131323214e+02   4.2570072461e+02
   5385.0000000000   4.2820415311e+02   2.9142202349e+02   4.2581637581e+02
   5386.0000000000   4.2832298720e+02   2.9152939575e+02   4.2593173865e+02
   5387.0000000000   4.2844986177e+02   2.9163586078e+02   4.2604683414e+02
   5388.0000000000   4.2857987646e+02   2.9174164149e+02   4.2616167906e+02
   5389.0000000000   4.2870383500e+02   2.9184686386e+02   4.2627628718e+02
   5390.0000000000   4.2882626007e+02   2.9195160928e+02   4.2639067012e+02
   5391.0000000000   4.2895611576e+02   2.9205593487e+02   4.2650483781e+02
   5392.0000000000   4.2908031369e+02   2.9216876404e+02   4.2661879894e+02
   5393.0000000000   4.2920310392e+02   2.9228492734e+02   4.2673256114e+02
   5394.0000000000   4.2932496423e+02   2.9239471417e+02   4.2684613124e+02
   5395.0000000000   4.2944610671e+02   2.9251178638e+02   4.2695951539e+02
   5396.0000000000   4.2956665390e+02   2.9262265148e+02   4.2707271917e+02
   5397.0000000000   4.2968668671e+02   2.9273191318e+02   4.2718574767e+02
   5398.0000000000   4.2981466950e+02   2.9284012836e+02   4.2729860560e+02
   5399.0000000000   4.2993731504e+02   2.9294754897e+02   4.2742017824e+02
   5400.0000000000   4.3005877191e+02   2.9305432103e+02   4.2753638630e+02
   5401.0000000000   4.3017945874e+02   2.9316054047e+02   4.2765157996e+02
   5402.0000000000   4.3029954997e+02   2.9326627536e+02   4.2776617559e+02
   5403.0000000000   4.3041914273e+02   2.9338045763e+02   4.2788033639e+02
   5404.0000000000   4.3053829986e+02   2.9348904360e+02   4.2799414749e+02
   5405.0000000000   4.3065706595e+02   2.9360529249e+02   4.2810766053e+02
   5406.0000000000   4.3077547466e+02   2.9372444092e+02   4.2822091001e+02
   5407.0000000000   4.3089355253e+02   2.9383693377e+02   4.2833392060e+02
   5408.0000000000   4.3101132120e+02   2.9394763094e+02   4.2844671086e+02
   5409.0000000000   4.3113720525e+02   2.9406605093e+02   4.2855929527e+02
   5410.0000000000   4.3125788911e+02   2.9417839807e+02   4.2868056648e+02
   5411.0000000000   4.3138590687e+02   2.9428918389e+02   4.2879645081e+02
   5412.0000000000   4.3150833005e+02   2.9439892869e+02   4.2891130284e+02
   5413.0000000000   4.3162943461e+02   2.9450786811e+02   4.2903442337e+02
   5414.0000000000   4.3174969825e+02   2.9461614047e+02   4.2915189508e+02
   5415.0000000000   4.3186932681e+02   2.9472383817e+02   4.2927703275e+02
   5416.0000000000   4.3198843553e+02   2.9483102784e+02   4.2939621941e+02
   5417.0000000000   4.3210709833e+02   2.9493776009e+02   4.2951399745e+02
   5418.0000000000   4.3223377333e+02   2.9504407487e+02   4.2964864963e+02
   5419.0000000000   4.3235516776e+02   2.9515000457e+02   4.2977223755e+02
   5420.0000000000   4.3247542540e+02   2.9525557606e+02   4.2989358322e+02
   5421.0000000000   4.3259496064e+02   2.9536969301e+02   4.3001359558e+02
   5422.0000000000   4.3271394421e+02   2.9547829157e+02   4.3013265253e+02
   5423.0000000000   4.3283246998e+02   2.9558573505e+02   4.3025096097e+02
   5424.0000000000   4.3296741093e+02   2.9571021306e+02   4.3037753220e+02
   5425.0000000000   4.3309214717e+02   2.9582373199e+02   4.3049837250e+02
   5426.0000000000   4.3321493852e+02   2.9593507843e+02   4.3061789356e+02
   5427.0000000000   4.3334499758e+02   2.9604513734e+02   4.3074543890e+02
   5428.0000000000   4.3346931591e+02   2.9615426980e+02   4.3086712413e+02
   5429.0000000000   4.3360899242e+02   2.9626267052e+02   4.3098740920e+02
   5430.0000000000   4.3374626863e+02   2.9637046091e+02   4.3110678160e+02
   5431.0000000000   4.3387626542e+02   2.9648660479e+02   4.3122545470e+02
   5432.0000000000   4.3400400841e+02   2.9659707903e+02   4.3134355102e+02
   5433.0000000000   4.3413027683e+02   2.9670627584e+02   4.3147003218e+02
   5434.0000000000   4.3425543849e+02   2.9681464412e+02   4.3159087253e+02
   5435.0000000000   4.3438811581e+02   2.9692237297e+02   4.3171934306e+02
   5436.0000000000   4.3451512007e+02   2.9702956855e+02   4.3184180758e+02
   5437.0000000000   4.3464066632e+02   2.9713629992e+02   4.3196280020e+02
   5438.0000000000   4.3477362708e+02   2.9724261624e+02   4.3208283879e+02
   5439.0000000000   4.3490088102e+02   2.9735743562e+02   4.3221103239e+02
   5440.0000000000   4.3503507301e+02   2.9746670402e+02   4.3234230904e+02
   5441.0000000000   4.3516334693e+02   2.9758367268e+02   4.3247589804e+02
   5442.0000000000   4.3529003004e+02   2.9769469099e+02   4.3260253582e+02
   5443.0000000000   4.3541563830e+02   2.9781316317e+02   4.3272718699e+02
   5444.0000000000   4.3554040730e+02   2.9793439629e+02   4.3285054179e+02
   5445.0000000000   4.3566447598e+02   2.9804887485e+02   4.3298180046e+02
   5446.0000000000   4.3579634414e+02   2.9816148316e+02   4.3310706575e+02
   5447.0000000000   4.3593115500e+02   2.9828175577e+02   4.3323080648e+02
   5448.0000000000   4.3605974355e+02   2.9839590811e+02   4.3335352237e+02
   5449.0000000000   4.3618665590e+02   2.9850845970e+02   4.3347543826e+02
   5450.0000000000   4.3631246777e+02   2.9861993675e+02   4.3359668668e+02
   5451.0000000000   4.3643743614e+02   2.9873946038e+02   4.3371735677e+02
   5452.0000000000   4.3656170856e+02   2.9885308911e+02   4.3383751343e+02
   5453.0000000000   4.3668538167e+02   2.9896526456e+02   4.3395720642e+02
   5454.0000000000   4.3680852427e+02   2.9907646849e+02   4.3407647531e+02
   5455.0000000000   4.3693118820e+02   2.9919579425e+02   4.3420423342e+02
   5456.0000000000   4.3705341412e+02   2.9930928203e+02   4.3432642447e+02
   5457.0000000000   4.3718364149e+02   2.9942136067e+02   4.3444741784e+02
   5458.0000000000   4.3730856666e+02   2.9953250279e+02   4.3456764619e+02
   5459.0000000000   4.3743232697e+02   2.9965179495e+02   4.3468728668e+02
   5460.0000000000   4.3755533306e+02   2.9976527222e+02   4.3480643650e+02
   5461.0000000000   4.3767775357e+02   2.9988624044e+02   4.3492515786e+02
   5462.0000000000   4.3779968132e+02   3.0000108578e+02   4.3505237555e+02
   5463.0000000000   4.3792117592e+02   3.0011435781e+02   4.3517403916e+02
   5464.0000000000   4.3804227950e+02   3.0023546672e+02   4.3529452101e+02
   5465.0000000000   4.3816302381e+02   3.0035056593e+02   4.3541425506e+02
   5466.0000000000   4.3828343394e+02   3.0046413915e+02   4.3553341884e+02
   5467.0000000000   4.3840353037e+02   3.0057669006e+02   4.3565210938e+02
   5468.0000000000   4.3852333027e+02   3.0068844373e+02   4.3577926940e+02
   5469.0000000000   4.3864284833e+02   3.0079953151e+02   4.3590973972e+02
   5470.0000000000   4.3876209733e+02   3.0091004102e+02   4.3604269662e+02
   5471.0000000000   4.3888108852e+02   3.0102003560e+02   4.3616884124e+02
   5472.0000000000   4.3900823847e+02   3.0112956355e+02   4.3629311313e+02
   5473.0000000000   4.3913022521e+02   3.0123866315e+02   4.3641618396e+02
   5474.0000000000   4.3925117116e+02   3.0134736566e+02   4.3654723969e+02
   5475.0000000000   4.3937147457e+02   3.0145569712e+02   4.3667237181e+02
   5476.0000000000   4.3949129363e+02   3.0156367970e+02   4.3680492105e+02
   5477.0000000000   4.3961911880e+02   3.0167133248e+02   4.3693129636e+02
   5478.0000000000   4.3974167106e+02   3.0177867214e+02   4.3705606285e+02
   5479.0000000000   4.3987150665e+02   3.0188571338e+02   4.3717976068e+02
   5480.0000000000   4.3999571134e+02   3.0199246928e+02   4.3730263448e+02
   5481.0000000000   4.4011857066e+02   3.0209895157e+02   4.3742482738e+02
   5482.0000000000   4.4024056896e+02   3.0220517085e+02   4.3754643454e+02
   5483.0000000000   4.4036191682e+02   3.0231113673e+02   4.3767640539e+02
   5484.0000000000   4.4048273295e+02   3.0242573898e+02   4.3780070850e+02
   5485.0000000000   4.4060309381e+02   3.0253490234e+02   4.3792373116e+02
   5486.0000000000   4.4073145943e+02   3.0264298066e+02   4.3804591935e+02
   5487.0000000000   4.4085453849e+02   3.0275039367e+02   4.3816746043e+02
   5488.0000000000   4.4097647588e+02   3.0285730768e+02   4.3828845960e+02
   5489.0000000000   4.4109768686e+02   3.0296381063e+02   4.3840898542e+02
   5490.0000000000   4.4121834280e+02   3.0306995679e+02   4.3852908687e+02
   5491.0000000000   4.4133853808e+02   3.0317578311e+02   4.3865768207e+02
   5492.0000000000   4.4145833303e+02   3.0329019746e+02   4.3878959810e+02
   5493.0000000000   4.4157776998e+02   3.0339913718e+02   4.3891512212e+02
   5494.0000000000   4.4169688050e+02   3.0352472709e+02   4.3903903356e+02
   5495.0000000000   4.4181568926e+02   3.0363922690e+02   4.3916192239e+02
   5496.0000000000   4.4194262267e+02   3.0375150077e+02   4.3928404541e+02
   5497.0000000000   4.4206436624e+02   3.0386246618e+02   4.3940554642e+02
   5498.0000000000   4.4218504814e+02   3.0397250017e+02   4.3952651746e+02
   5499.0000000000   4.4232188419e+02   3.0408180602e+02   4.3964702266e+02
   5500.0000000000   4.4244837428e+02   3.0419050992e+02   4.3976710946e+02
   5501.0000000000   4.4258124024e+02   3.0430757842e+02   4.3988681448e+02
   5502.0000000000   4.4270798702e+02   3.0441898990e+02   4.4000616697e+02
   5503.0000000000   4.4283306901e+02   3.0452913736e+02   4.4012519092e+02
   5504.0000000000   4.4295705979e+02   3.0463847000e+02   4.4024390638e+02
   5505.0000000000   4.4308022421e+02   3.0474717693e+02   4.4037121144e+02
   5506.0000000000   4.4320271702e+02   3.0485536414e+02   4.4049303755e+02
   5507.0000000000   4.4333304660e+02   3.0496310038e+02   4.4061374406e+02
   5508.0000000000   4.4345795424e+02   3.0507043444e+02   4.4075151722e+02
   5509.0000000000   4.4358160811e+02   3.0518628400e+02   4.4087836048e+02
   5510.0000000000   4.4370444084e+02   3.0529659457e+02   4.4100305789e+02
   5511.0000000000   4.4382663721e+02   3.0540573595e+02   4.4113537316e+02
   5512.0000000000   4.4394830218e+02   3.0551414039e+02   4.4126158208e+02
   5513.0000000000   4.4406950465e+02   3.0562198424e+02   4.4138622408e+02
   5514.0000000000   4.4419029394e+02   3.0573824460e+02   4.4150983188e+02
   5515.0000000000   4.4431070750e+02   3.0584889915e+02   4.4163264686e+02
   5516.0000000000   4.4443077492e+02   3.0596721788e+02   4.4176369096e+02
   5517.0000000000   4.4455052030e+02   3.0607956200e+02   4.4188897424e+02
   5518.0000000000   4.4467837025e+02   3.0619046256e+02   4.4201290992e+02
   5519.0000000000   4.4480101089e+02   3.0630043433e+02   4.4213596117e+02
   5520.0000000000   4.4492257117e+02   3.0640970245e+02   4.4226720823e+02
   5521.0000000000   4.4504345474e+02   3.0651839462e+02   4.4239268150e+02
   5522.0000000000   4.4516382429e+02   3.0662659362e+02   4.4252568324e+02
   5523.0000000000   4.4528376755e+02   3.0673435771e+02   4.4265259668e+02
   5524.0000000000   4.4540333967e+02   3.0685061129e+02   4.4277796894e+02
   5525.0000000000   4.4553098539e+02   3.0696130474e+02   4.4290232711e+02
   5526.0000000000   4.4565340206e+02   3.0707081152e+02   4.4302590608e+02
   5527.0000000000   4.4578313240e+02   3.0717956668e+02   4.4314884149e+02
   5528.0000000000   4.4591566050e+02   3.0728774876e+02   4.4328010366e+02
   5529.0000000000   4.4604193565e+02   3.0739545562e+02   4.4340567308e+02
   5530.0000000000   4.4617495944e+02   3.0750274969e+02   4.4352994433e+02
   5531.0000000000   4.4630199991e+02   3.0760967470e+02   4.4365336805e+02
   5532.0000000000   4.4642743967e+02   3.0771626328e+02   4.4378501573e+02
   5533.0000000000   4.4655182239e+02   3.0782254093e+02   4.4391091136e+02
   5534.0000000000   4.4668380472e+02   3.0792852822e+02   4.4404435245e+02
   5535.0000000000   4.4681020236e+02   3.0803424222e+02   4.4417171861e+02
   5536.0000000000   4.4693522668e+02   3.0813969740e+02   4.4429755414e+02
   5537.0000000000   4.4705933779e+02   3.0824490617e+02   4.4442238395e+02
   5538.0000000000   4.4718273912e+02   3.0834987941e+02   4.4454644116e+02
   5539.0000000000   4.4730554893e+02   3.0845462667e+02   4.4467874100e+02
   5540.0000000000   4.4742784591e+02   3.0855915650e+02   4.4480528834e+02
   5541.0000000000   4.4754968689e+02   3.0866347658e+02   4.4493049250e+02
   5542.0000000000   4.4767111515e+02   3.0876759383e+02   4.4505481373e+02
   5543.0000000000   4.4779216494e+02   3.0887151460e+02   4.4517844912e+02
   5544.0000000000   4.4791286415e+02   3.0897524467e+02   4.4530151071e+02
   5545.0000000000   4.4803323598e+02   3.0907878937e+02   4.4542407213e+02
   5546.0000000000   4.4815330010e+02   3.0918215364e+02   4.4554618613e+02
   5547.0000000000   4.4827307342e+02   3.0929422303e+02   4.4566789276e+02
   5548.0000000000   4.4839257065e+02   3.0940979944e+02   4.4578922374e+02
   5549.0000000000   4.4851180474e+02   3.0951914998e+02   4.4591020493e+02
   5550.0000000000   4.4863919371e+02   3.0962703768e+02   4.4603085795e+02
   5551.0000000000   4.4876141685e+02   3.0973403884e+02   4.4615120118e+02
   5552.0000000000   4.4888259766e+02   3.0984039870e+02   4.4627125052e+02
   5553.0000000000   4.4900313532e+02   3.0994625111e+02   4.4639101988e+02
   5554.0000000000   4.4912318882e+02   3.1005167952e+02   4.4651052155e+02
   5555.0000000000   4.4924284280e+02   3.1016562147e+02   4.4662976651e+02
   5556.0000000000   4.4936214977e+02   3.1027403444e+02   4.4674876461e+02
   5557.0000000000   4.4948114573e+02   3.1038129556e+02   4.4687640576e+02
   5558.0000000000   4.4959985702e+02   3.1048784166e+02   4.4699861476e+02
   5559.0000000000   4.4971830394e+02   3.1059385185e+02   4.4711974550e+02
   5560.0000000000   4.4983650273e+02   3.1069942394e+02   4.4724021769e+02
   5561.0000000000   4.4995446674e+02   3.1081350079e+02   4.4736019755e+02
   5562.0000000000   4.5008061375e+02   3.1092204205e+02   4.4749753492e+02
   5563.0000000000   4.5020162247e+02   3.1102942586e+02   4.4762411732e+02
   5564.0000000000   4.5032161557e+02   3.1113608957e+02   4.4774867445e+02
   5565.0000000000   4.5044099129e+02   3.1125109362e+02   4.4788093983e+02
   5566.0000000000   4.5055990764e+02   3.1136933370e+02   4.4800717049e+02
   5567.0000000000   4.5069526131e+02   3.1149001602e+02   4.4813189322e+02
   5568.0000000000   4.5083725497e+02   3.1160385974e+02   4.4825563170e+02
   5569.0000000000   4.5096749021e+02   3.1171581599e+02   4.4837862059e+02
   5570.0000000000   4.5109500255e+02   3.1182656425e+02   4.4850099560e+02
   5571.0000000000   4.5122089577e+02   3.1193641492e+02   4.4862284594e+02
   5572.0000000000   4.5134564327e+02   3.1204554668e+02   4.4874423496e+02
   5573.0000000000   4.5148631817e+02   3.1215407567e+02   4.4886521013e+02
   5574.0000000000   4.5161642139e+02   3.1226208331e+02   4.4898580839e+02
   5575.0000000000   4.5174429220e+02   3.1236962987e+02   4.4910605938e+02
   5576.0000000000   4.5187079211e+02   3.1247676173e+02   4.4922598743e+02
   5577.0000000000   4.5199628400e+02   3.1258351569e+02   4.4934561290e+02
   5578.0000000000   4.5212096996e+02   3.1268992164e+02   4.4946495313e+02
   5579.0000000000   4.5224497964e+02   3.1279600441e+02   4.4958402304e+02
   5580.0000000000   4.5237681022e+02   3.1291066586e+02   4.4970283564e+02
   5581.0000000000   4.5251160444e+02   3.1301984054e+02   4.4982140240e+02
   5582.0000000000   4.5264019746e+02   3.1312789035e+02   4.4994861448e+02
   5583.0000000000   4.5276713563e+02   3.1324412263e+02   4.5007039766e+02
   5584.0000000000   4.5289299488e+02   3.1335462588e+02   4.5019110661e+02
   5585.0000000000   4.5301803228e+02   3.1346383915e+02   4.5031116165e+02
   5586.0000000000   4.5314239536e+02   3.1357223351e+02   4.5043072947e+02
   5587.0000000000   4.5326618065e+02   3.1368000914e+02   4.5054989832e+02
   5588.0000000000   4.5338945675e+02   3.1378727787e+02   4.5066872267e+02
   5589.0000000000   4.5351227519e+02   3.1389411150e+02   4.5078723954e+02
   5590.0000000000   4.5363467635e+02   3.1400056035e+02   4.5090547591e+02
   5591.0000000000   4.5377350583e+02   3.1410666181e+02   4.5102345239e+02
   5592.0000000000   4.5390212865e+02   3.1421244489e+02   4.5114118538e+02
   5593.0000000000   4.5402879598e+02   3.1432681380e+02   4.5126756927e+02
   5594.0000000000   4.5416271537e+02   3.1443570434e+02   4.5138853197e+02
   5595.0000000000   4.5429087545e+02   3.1454347899e+02   4.5151731050e+02
   5596.0000000000   4.5441756048e+02   3.1465056432e+02   4.5164024272e+02
   5597.0000000000   4.5454326659e+02   3.1475713208e+02   4.5176184234e+02
   5598.0000000000   4.5466821688e+02   3.1486327470e+02   4.5190037268e+02
   5599.0000000000   4.5479254121e+02   3.1496905007e+02   4.5202788160e+02
   5600.0000000000   4.5491632556e+02   3.1507449815e+02   4.5215318103e+02
   5601.0000000000   4.5504803806e+02   3.1517964837e+02   4.5227717230e+02
   5602.0000000000   4.5517439431e+02   3.1528452346e+02   4.5240022748e+02
   5603.0000000000   4.5529954514e+02   3.1539802260e+02   4.5253142984e+02
   5604.0000000000   4.5542391098e+02   3.1550607746e+02   4.5265682274e+02
   5605.0000000000   4.5554766774e+02   3.1562192807e+02   4.5278972024e+02
   5606.0000000000   4.5567091377e+02   3.1573191477e+02   4.5291651474e+02
   5607.0000000000   4.5580211949e+02   3.1584055331e+02   4.5304176029e+02
   5608.0000000000   4.5592799940e+02   3.1594834686e+02   4.5317487014e+02
   5609.0000000000   4.5605270216e+02   3.1605551139e+02   4.5330199973e+02
   5610.0000000000   4.5617664579e+02   3.1616216729e+02   4.5342763401e+02
   5611.0000000000   4.5630000385e+02   3.1626839128e+02   4.5355227738e+02
   5612.0000000000   4.5642287257e+02   3.1637423660e+02   4.5367615518e+02
   5613.0000000000   4.5654531389e+02   3.1647974240e+02   4.5379939877e+02
   5614.0000000000   4.5666737157e+02   3.1658493871e+02   4.5392209557e+02
   5615.0000000000   4.5678907853e+02   3.1668984938e+02   4.5404430855e+02
   5616.0000000000   4.5691886716e+02   3.1679449383e+02   4.5417496650e+02
   5617.0000000000   4.5704342751e+02   3.1689888820e+02   4.5430890482e+02
   5618.0000000000   4.5717529787e+02   3.1700304617e+02   4.5443641726e+02
   5619.0000000000   4.5730995952e+02   3.1710697949e+02   4.5456228856e+02
   5620.0000000000   4.5743835998e+02   3.1721069838e+02   4.5468711299e+02
   5621.0000000000   4.5756509323e+02   3.1731421183e+02   4.5482003189e+02
   5622.0000000000   4.5769075755e+02   3.1741752783e+02   4.5494710868e+02
   5623.0000000000   4.5781562092e+02   3.1752953448e+02   4.5507278430e+02
   5624.0000000000   4.5793983603e+02   3.1763615490e+02   4.5519753784e+02
   5625.0000000000   4.5806350154e+02   3.1775062235e+02   4.5532157840e+02
   5626.0000000000   4.5819509305e+02   3.1785927168e+02   4.5544502615e+02
   5627.0000000000   4.5832133071e+02   3.1796661416e+02   4.5557684132e+02
   5628.0000000000   4.5844636816e+02   3.1807314915e+02   4.5570299742e+02
   5629.0000000000   4.5859584715e+02   3.1817908947e+02   4.5582788397e+02
   5630.0000000000   4.5872995179e+02   3.1829343371e+02   4.5596082880e+02
   5631.0000000000   4.5886112376e+02   3.1840217294e+02   4.5608793612e+02
   5632.0000000000   4.5899059967e+02   3.1850970476e+02   4.5621365737e+02
   5633.0000000000   4.5912728577e+02   3.1861647937e+02   4.5633847359e+02
   5634.0000000000   4.5925811840e+02   3.1872268512e+02   4.5646259321e+02
   5635.0000000000   4.5938737725e+02   3.1882842645e+02   4.5659501584e+02
   5636.0000000000   4.5951556530e+02   3.1893377020e+02   4.5673061676e+02
   5637.0000000000   4.5964291489e+02   3.1903876313e+02   4.5685971437e+02
   5638.0000000000   4.5977797138e+02   3.1915232087e+02   4.5698710964e+02
   5639.0000000000   4.5990749781e+02   3.1926926794e+02   4.5712228910e+02
   5640.0000000000   4.6003567697e+02   3.1938876989e+02   4.5725143791e+02
   5641.0000000000   4.6016295222e+02   3.1950152031e+02   4.5737905529e+02
   5642.0000000000   4.6028951664e+02   3.1961245315e+02   4.5750565323e+02
   5643.0000000000   4.6041548189e+02   3.1973111672e+02   4.5763146151e+02
   5644.0000000000   4.6054092244e+02   3.1984372917e+02   4.5775661421e+02
   5645.0000000000   4.6066589236e+02   3.1995480887e+02   4.5788120055e+02
   5646.0000000000   4.6079043316e+02   3.2006487953e+02   4.5801416572e+02
   5647.0000000000   4.6092298450e+02   3.2018305930e+02   4.5814147516e+02
   5648.0000000000   4.6105024268e+02   3.2029540374e+02   4.5826751379e+02
   5649.0000000000   4.6117634481e+02   3.2040635159e+02   4.5839272569e+02
   5650.0000000000   4.6131010780e+02   3.2051638195e+02   4.5851729674e+02
   5651.0000000000   4.6143836904e+02   3.2062570473e+02   4.5864133089e+02
   5652.0000000000   4.6156533528e+02   3.2073444112e+02   4.5876489570e+02
   5653.0000000000   4.6169145664e+02   3.2084267145e+02   4.5889692028e+02
   5654.0000000000   4.6181692633e+02   3.2095933446e+02   4.5903223872e+02
   5655.0000000000   4.6194185346e+02   3.2107039072e+02   4.5916114296e+02
   5656.0000000000   4.6207471548e+02   3.2118910232e+02   4.5928841584e+02
   5657.0000000000   4.6220223171e+02   3.2130182697e+02   4.5941464982e+02
   5658.0000000000   4.6233696070e+02   3.2141309446e+02   4.5954898460e+02
   5659.0000000000   4.6246599197e+02   3.2152341948e+02   4.5967748216e+02
   5660.0000000000   4.6259361514e+02   3.2164190865e+02   4.5980458216e+02
   5661.0000000000   4.6272872514e+02   3.2175460721e+02   4.5993076257e+02
   5662.0000000000   4.6285820540e+02   3.2186594536e+02   4.6005623154e+02
   5663.0000000000   4.6299469893e+02   3.2197639525e+02   4.6018110838e+02
   5664.0000000000   4.6313375180e+02   3.2208616125e+02   4.6030547164e+02
   5665.0000000000   4.6326635515e+02   3.2219536009e+02   4.6042937751e+02
   5666.0000000000   4.6339713399e+02   3.2230406846e+02   4.6055286855e+02
   5667.0000000000   4.6352670972e+02   3.2241234117e+02   4.6068485925e+02
   5668.0000000000   4.6365536809e+02   3.2252021972e+02   4.6081129350e+02
   5669.0000000000   4.6378327579e+02   3.2262773678e+02   4.6094542134e+02
   5670.0000000000   4.6391054280e+02   3.2273491888e+02   4.6107359148e+02
   5671.0000000000   4.6403724747e+02   3.2284178808e+02   4.6120032676e+02
   5672.0000000000   4.6416344862e+02   3.2294836305e+02   4.6132613643e+02
   5673.0000000000   4.6428919220e+02   3.2306354081e+02   4.6145124179e+02
   5674.0000000000   4.6441451515e+02   3.2317325202e+02   4.6157576786e+02
   5675.0000000000   4.6454785440e+02   3.2328185542e+02   4.6169979548e+02
   5676.0000000000   4.6467590452e+02   3.2338977479e+02   4.6182338156e+02
   5677.0000000000   4.6481120801e+02   3.2349717984e+02   4.6194656854e+02
   5678.0000000000   4.6494084352e+02   3.2360416141e+02   4.6206938945e+02
   5679.0000000000   4.6506909305e+02   3.2371077620e+02   4.6219187081e+02
   5680.0000000000   4.6519643951e+02   3.2381706326e+02   4.6231403451e+02
   5681.0000000000   4.6532309327e+02   3.2392305133e+02   4.6243589894e+02
   5682.0000000000   4.6544917354e+02   3.2403764357e+02   4.6255747986e+02
   5683.0000000000   4.6557475771e+02   3.2415565543e+02   4.6267879091e+02
   5684.0000000000   4.6569990046e+02   3.2426736473e+02   4.6280872505e+02
   5685.0000000000   4.6582464274e+02   3.2438642411e+02   4.6294209057e+02
   5686.0000000000   4.6595742308e+02   3.2449933368e+02   4.6306916008e+02
   5687.0000000000   4.6608493633e+02   3.2461069109e+02   4.6319470145e+02
   5688.0000000000   4.6621131811e+02   3.2472104814e+02   4.6331929522e+02
   5689.0000000000   4.6633697726e+02   3.2483065253e+02   4.6346095236e+02
   5690.0000000000   4.6646208063e+02   3.2493964664e+02   4.6359164346e+02
   5691.0000000000   4.6658671936e+02   3.2504812327e+02   4.6372014786e+02
   5692.0000000000   4.6671095143e+02   3.2515614779e+02   4.6384735061e+02
   5693.0000000000   4.6683481743e+02   3.2526376878e+02   4.6397361480e+02
   5694.0000000000   4.6695834772e+02   3.2537102383e+02   4.6410801841e+02
   5695.0000000000   4.6708156602e+02   3.2548682384e+02   4.6423660157e+02
   5696.0000000000   4.6720449160e+02   3.2559710998e+02   4.6437267631e+02
   5697.0000000000   4.6732714046e+02   3.2570624908e+02   4.6450263376e+02
   5698.0000000000   4.6744952623e+02   3.2581467125e+02   4.6463102719e+02
   5699.0000000000   4.6758006721e+02   3.2592255126e+02   4.6475838843e+02
   5700.0000000000   4.6770544276e+02   3.2602998402e+02   4.6489383696e+02
   5701.0000000000   4.6782977629e+02   3.2613702957e+02   4.6502342792e+02
   5702.0000000000   4.6795346680e+02   3.2625261067e+02   4.6515159928e+02
   5703.0000000000   4.6807667306e+02   3.2636267500e+02   4.6528771043e+02
   5704.0000000000   4.6820788597e+02   3.2647159313e+02   4.6541788746e+02
   5705.0000000000   4.6834223338e+02   3.2657979733e+02   4.6554659772e+02
   5706.0000000000   4.6847053428e+02   3.2668746358e+02   4.6567433424e+02
   5707.0000000000   4.6859731984e+02   3.2679468745e+02   4.6581019568e+02
   5708.0000000000   4.6873155883e+02   3.2690152934e+02   4.6594022471e+02
   5709.0000000000   4.6886016529e+02   3.2700803113e+02   4.6606885135e+02
   5710.0000000000   4.6898739037e+02   3.2712310480e+02   4.6619654860e+02
   5711.0000000000   4.6912211863e+02   3.2723269106e+02   4.6632352211e+02
   5712.0000000000   4.6925123090e+02   3.2735003659e+02   4.6645877105e+02
   5713.0000000000   4.6937896338e+02   3.2747924877e+02   4.6658829027e+02
   5714.0000000000   4.6950578696e+02   3.2759668069e+02   4.6671648249e+02
   5715.0000000000   4.6963190994e+02   3.2771153158e+02   4.6684380344e+02
   5716.0000000000   4.6975745270e+02   3.2782484577e+02   4.6697044702e+02
   5717.0000000000   4.6988249470e+02   3.2793706563e+02   4.6709652299e+02
   5718.0000000000   4.7000709280e+02   3.2804843375e+02   4.6722210325e+02
   5719.0000000000   4.7013969648e+02   3.2815910238e+02   4.6735612024e+02
   5720.0000000000   4.7026700852e+02   3.2826917548e+02   4.6748452974e+02
   5721.0000000000   4.7039317042e+02   3.2837872838e+02   4.6761170911e+02
   5722.0000000000   4.7052700207e+02   3.2848781803e+02   4.6773809651e+02
   5723.0000000000   4.7065534292e+02   3.2859648901e+02   4.6786387298e+02
   5724.0000000000   4.7079080764e+02   3.2870477708e+02   4.6798913856e+02
   5725.0000000000   4.7092051631e+02   3.2881271163e+02   4.6811395756e+02
   5726.0000000000   4.7104877696e+02   3.2892031719e+02   4.6823837539e+02
   5727.0000000000   4.7117608985e+02   3.2902761456e+02   4.6836242617e+02
   5728.0000000000   4.7130267742e+02   3.2914350259e+02   4.6848613679e+02
   5729.0000000000   4.7142866762e+02   3.2925391350e+02   4.6860952908e+02
   5730.0000000000   4.7155414426e+02   3.2936320736e+02   4.6873262127e+02
   5731.0000000000   4.7168757344e+02   3.2948069006e+02   4.6885542888e+02
   5732.0000000000   4.7181566887e+02   3.2960132990e+02   4.6897796536e+02
   5733.0000000000   4.7194257972e+02   3.2971548168e+02   4.6910024248e+02
   5734.0000000000   4.7206872489e+02   3.2982796212e+02   4.6922227068e+02
   5735.0000000000   4.7219427894e+02   3.2993938367e+02   4.6934405933e+02
   5736.0000000000   4.7231933900e+02   3.3005001752e+02   4.6946561685e+02
   5737.0000000000   4.7244396785e+02   3.3016889805e+02   4.6958695090e+02
   5738.0000000000   4.7256820996e+02   3.3028204062e+02   4.6970806849e+02
   5739.0000000000   4.7269209885e+02   3.3039386050e+02   4.6982897605e+02
   5740.0000000000   4.7281566087e+02   3.3050482136e+02   4.6994967952e+02
   5741.0000000000   4.7293891748e+02   3.3061512221e+02   4.7007018440e+02
   5742.0000000000   4.7306188653e+02   3.3072487613e+02   4.7019049581e+02
   5743.0000000000   4.7318458322e+02   3.3083415716e+02   4.7031949950e+02
   5744.0000000000   4.7330702067e+02   3.3094301810e+02   4.7044311662e+02
   5745.0000000000   4.7342921034e+02   3.3105149882e+02   4.7057457878e+02
   5746.0000000000   4.7355956891e+02   3.3115963070e+02   4.7070021946e+02
   5747.0000000000   4.7368477450e+02   3.3126743914e+02   4.7082454876e+02
   5748.0000000000   4.7380894949e+02   3.3137494526e+02   4.7094806508e+02
   5749.0000000000   4.7393249207e+02   3.3149104785e+02   4.7107986137e+02
   5750.0000000000   4.7405556037e+02   3.3160167893e+02   4.7120597123e+02
   5751.0000000000   4.7417823817e+02   3.3171119827e+02   4.7133081490e+02
   5752.0000000000   4.7430057730e+02   3.3182003044e+02   4.7146373687e+02
   5753.0000000000   4.7442261304e+02   3.3192834576e+02   4.7159085066e+02
   5754.0000000000   4.7454437116e+02   3.3203623557e+02   4.7171661279e+02
   5755.0000000000   4.7466587140e+02   3.3214375696e+02   4.7184150696e+02
   5756.0000000000   4.7478712947e+02   3.3225983025e+02   4.7196574272e+02
   5757.0000000000   4.7491656480e+02   3.3237040110e+02   4.7208943892e+02
   5758.0000000000   4.7504085727e+02   3.3247983835e+02   4.7221267279e+02
   5759.0000000000   4.7516413038e+02   3.3258857283e+02   4.7233549887e+02
   5760.0000000000   4.7528678300e+02   3.3269677927e+02   4.7245795785e+02
   5761.0000000000   4.7541738015e+02   3.3281343315e+02   4.7258008140e+02
   5762.0000000000   4.7554267482e+02   3.3293339157e+02   4.7270189487e+02
   5763.0000000000   4.7567523962e+02   3.3304695873e+02   4.7282341912e+02
   5764.0000000000   4.7580216960e+02   3.3315892424e+02   4.7294467160e+02
   5765.0000000000   4.7592775596e+02   3.3326988429e+02   4.7306566716e+02
   5766.0000000000   4.7605248667e+02   3.3338009954e+02   4.7319529959e+02
   5767.0000000000   4.7617657472e+02   3.3348971615e+02   4.7331949676e+02
   5768.0000000000   4.7630014040e+02   3.3359882754e+02   4.7344261495e+02
   5769.0000000000   4.7642326126e+02   3.3370749859e+02   4.7356507579e+02
   5770.0000000000   4.7655439807e+02   3.3382465800e+02   4.7368704706e+02
   5771.0000000000   4.7668025998e+02   3.3393625910e+02   4.7380861787e+02
   5772.0000000000   4.7681339870e+02   3.3404667738e+02   4.7393872432e+02
   5773.0000000000   4.7694930522e+02   3.3415634935e+02   4.7406332072e+02
   5774.0000000000   4.7707893427e+02   3.3426545457e+02   4.7418678093e+02
   5775.0000000000   4.7720688525e+02   3.3437409169e+02   4.7430953882e+02
   5776.0000000000   4.7733376063e+02   3.3449120464e+02   4.7444953297e+02
   5777.0000000000   4.7746823815e+02   3.3460275424e+02   4.7457869240e+02
   5778.0000000000   4.7759714206e+02   3.3471311983e+02   4.7470577018e+02
   5779.0000000000   4.7772468726e+02   3.3482273996e+02   4.7484051451e+02
   5780.0000000000   4.7785133520e+02   3.3494955722e+02   4.7496919243e+02
   5781.0000000000   4.7797728959e+02   3.3506550413e+02   4.7510521888e+02
   5782.0000000000   4.7810266848e+02   3.3517933677e+02   4.7523503957e+02
   5783.0000000000   4.7822755013e+02   3.3529192508e+02   4.7536323968e+02
   5784.0000000000   4.7835199080e+02   3.3540362178e+02   4.7549037104e+02
   5785.0000000000   4.7847603318e+02   3.3552349747e+02   4.7561668532e+02
   5786.0000000000   4.7859971092e+02   3.3564646786e+02   4.7574232999e+02
   5787.0000000000   4.7872305133e+02   3.3576287659e+02   4.7586740295e+02
   5788.0000000000   4.7884607706e+02   3.3587754142e+02   4.7599197431e+02
   5789.0000000000   4.7896880724e+02   3.3599107957e+02   4.7611609692e+02
   5790.0000000000   4.7909125828e+02   3.3610376793e+02   4.7623981216e+02
   5791.0000000000   4.7922185096e+02   3.3621576552e+02   4.7637203432e+02
   5792.0000000000   4.7934726681e+02   3.3632717615e+02   4.7649870752e+02
   5793.0000000000   4.7947163115e+02   3.3643807329e+02   4.7662420122e+02
   5794.0000000000   4.7959534466e+02   3.3654851183e+02   4.7674894787e+02
   5795.0000000000   4.7971856758e+02   3.3665853447e+02   4.7687312428e+02
   5796.0000000000   4.7984979209e+02   3.3676817548e+02   4.7699682722e+02
   5797.0000000000   4.7997574067e+02   3.3687746297e+02   4.7712011837e+02
   5798.0000000000   4.8010056427e+02   3.3698642051e+02   4.7724304099e+02
   5799.0000000000   4.8022468069e+02   3.3709506814e+02   4.7736562740e+02
   5800.0000000000   4.8034826214e+02   3.3720342314e+02   4.7748790294e+02
   5801.0000000000   4.8047140296e+02   3.3731150058e+02   4.7760988810e+02
   5802.0000000000   4.8059416301e+02   3.3741931374e+02   4.7773159991e+02
   5803.0000000000   4.8072499049e+02   3.3753575538e+02   4.7785305284e+02
   5804.0000000000   4.8085058526e+02   3.3765563369e+02   4.7797425936e+02
   5805.0000000000   4.8097508545e+02   3.3777810226e+02   4.7809523036e+02
   5806.0000000000   4.8110730753e+02   3.3789384568e+02   4.7821597549e+02
   5807.0000000000   4.8123408767e+02   3.3800779100e+02   4.7833650335e+02
   5808.0000000000   4.8135963099e+02   3.3812060020e+02   4.7845682167e+02
   5809.0000000000   4.8149279225e+02   3.3824145150e+02   4.7857693748e+02
   5810.0000000000   4.8162043177e+02   3.3835643013e+02   4.7870573812e+02
   5811.0000000000   4.8174677091e+02   3.3846999071e+02   4.7882914614e+02
   5812.0000000000   4.8187226946e+02   3.3858262116e+02   4.7895151337e+02
   5813.0000000000   4.8199712717e+02   3.3869453651e+02   4.7907325765e+02
   5814.0000000000   4.8212145767e+02   3.3880586093e+02   4.7920342451e+02
   5815.0000000000   4.8224533497e+02   3.3891667644e+02   4.7934577888e+02
   5816.0000000000   4.8236881149e+02   3.3902704177e+02   4.7947655333e+02
   5817.0000000000   4.8249192648e+02   3.3913700131e+02   4.7960488909e+02
   5818.0000000000   4.8261471052e+02   3.3924658994e+02   4.7973179741e+02
   5819.0000000000   4.8275400129e+02   3.3935583586e+02   4.7985769953e+02
   5820.0000000000   4.8289997020e+02   3.3946476243e+02   4.7998282349e+02
   5821.0000000000   4.8303420085e+02   3.3958227030e+02   4.8010731088e+02
   5822.0000000000   4.8316571785e+02   3.3970317396e+02   4.8023125754e+02
   5823.0000000000   4.8329561814e+02   3.3981775114e+02   4.8035473238e+02
   5824.0000000000   4.8342437073e+02   3.3993965491e+02   4.8048666817e+02
   5825.0000000000   4.8355223285e+02   3.4005538604e+02   4.8061302185e+02
   5826.0000000000   4.8368777203e+02   3.4017842398e+02   4.8073817204e+02
   5827.0000000000   4.8381776692e+02   3.4029523809e+02   4.8086255789e+02
   5828.0000000000   4.8394641093e+02   3.4041042339e+02   4.8098636119e+02
   5829.0000000000   4.8407415459e+02   3.4053341698e+02   4.8110968244e+02
   5830.0000000000   4.8420119589e+02   3.4065038910e+02   4.8123258621e+02
   5831.0000000000   4.8432764983e+02   3.4076583440e+02   4.8136399893e+02
   5832.0000000000   4.8445359313e+02   3.4088914477e+02   4.8148987135e+02
   5833.0000000000   4.8457908141e+02   3.4100646686e+02   4.8161457656e+02
   5834.0000000000   4.8470415716e+02   3.4112228182e+02   4.8173854898e+02
   5835.0000000000   4.8482885418e+02   3.4123709240e+02   4.8186196640e+02
   5836.0000000000   4.8495320005e+02   3.4135112338e+02   4.8199380694e+02
   5837.0000000000   4.8507721784e+02   3.4146450606e+02   4.8212892995e+02
   5838.0000000000   4.8520092714e+02   3.4157732810e+02   4.8225764161e+02
   5839.0000000000   4.8532434483e+02   3.4169853378e+02   4.8238473323e+02
   5840.0000000000   4.8544748566e+02   3.4181408806e+02   4.8251080249e+02
   5841.0000000000   4.8557036260e+02   3.4192837556e+02   4.8264499237e+02
   5842.0000000000   4.8569298719e+02   3.4204184026e+02   4.8277336684e+02
   5843.0000000000   4.8581536977e+02   3.4215466797e+02   4.8290036681e+02
   5844.0000000000   4.8593751964e+02   3.4226696265e+02   4.8302647093e+02
   5845.0000000000   4.8605944525e+02   3.4237879190e+02   4.8315188769e+02
   5846.0000000000   4.8618115431e+02   3.4249020387e+02   4.8327673648e+02
   5847.0000000000   4.8631106038e+02   3.4260123507e+02   4.8340997670e+02
   5848.0000000000   4.8643583900e+02   3.4271191434e+02   4.8353758103e+02
   5849.0000000000   4.8655961038e+02   3.4282226528e+02   4.8367281911e+02
   5850.0000000000   4.8669117742e+02   3.4293230760e+02   4.8380205365e+02
   5851.0000000000   4.8681736568e+02   3.4305093911e+02   4.8392981780e+02
   5852.0000000000   4.8694237185e+02   3.4316409104e+02   4.8405662866e+02
   5853.0000000000   4.8706663734e+02   3.4327612263e+02   4.8418271358e+02
   5854.0000000000   4.8719034779e+02   3.4338745807e+02   4.8430820236e+02
   5855.0000000000   4.8731360567e+02   3.4349826740e+02   4.8443317969e+02
   5856.0000000000   4.8743647601e+02   3.4360864176e+02   4.8455770557e+02
   5857.0000000000   4.8755900386e+02   3.4371863817e+02   4.8468182497e+02
   5858.0000000000   4.8768122233e+02   3.4382829591e+02   4.8480557300e+02
   5859.0000000000   4.8780315685e+02   3.4394652494e+02   4.8493785892e+02
   5860.0000000000   4.8792482764e+02   3.4405926438e+02   4.8507350370e+02
   5861.0000000000   4.8804625117e+02   3.4417087867e+02   4.8520279007e+02
   5862.0000000000   4.8816744119e+02   3.4428179558e+02   4.8533049411e+02
   5863.0000000000   4.8828840939e+02   3.4439218761e+02   4.8545720314e+02
   5864.0000000000   4.8840916581e+02   3.4450214762e+02   4.8558317182e+02
   5865.0000000000   4.8852971924e+02   3.4461173380e+02   4.8570854215e+02
   5866.0000000000   4.8865848394e+02   3.4472098628e+02   4.8583340463e+02
   5867.0000000000   4.8878213586e+02   3.4483881555e+02   4.8597558404e+02
   5868.0000000000   4.8891320195e+02   3.4496004208e+02   4.8610695999e+02
   5869.0000000000   4.8903874769e+02   3.4508382819e+02   4.8624514193e+02
   5870.0000000000   4.8917145030e+02   3.4520086489e+02   4.8637690058e+02
   5871.0000000000   4.8929845194e+02   3.4531608403e+02   4.8650692537e+02
   5872.0000000000   4.8942406865e+02   3.4543015125e+02   4.8663581248e+02
   5873.0000000000   4.8954880290e+02   3.4554336663e+02   4.8676383568e+02
   5874.0000000000   4.8967287674e+02   3.4565590096e+02   4.8690003557e+02
   5875.0000000000   4.8979641649e+02   3.4576786412e+02   4.8703043399e+02
   5876.0000000000   4.8991950383e+02   3.4588821360e+02   4.8715945208e+02
   5877.0000000000   4.9004219594e+02   3.4600292229e+02   4.8728755868e+02
   5878.0000000000   4.9016453509e+02   3.4611637970e+02   4.8741495726e+02
   5879.0000000000   4.9029496035e+02   3.4622903275e+02   4.8754176476e+02
   5880.0000000000   4.9042016657e+02   3.4634106894e+02   4.8766805857e+02
