E_cm1  rho_reactant_cm  rho_MECP_shifted_LZ  rho_MECP_internal_WC
      1.0000000000   1.0319087960e-02   0.0000000000e+00   1.0044473537e-02
      2.0000000000   1.4593394144e-02   0.0000000000e+00   1.4205030702e-02
      3.0000000000   1.7873184634e-02   0.0000000000e+00   1.7397538501e-02
      4.0000000000   2.0638175920e-02   0.0000000000e+00   2.0088947073e-02
      5.0000000000   2.3074182144e-02   0.0000000000e+00   2.2460125626e-02
      6.0000000000   2.5276500112e-02   0.0000000000e+00   2.4603834900e-02
      7.0000000000   2.7301740499e-02   0.0000000000e+00   2.6575179029e-02
      8.0000000000   2.9186788288e-02   0.0000000000e+00   2.8410061405e-02
      9.0000000000   3.0957263879e-02   0.0000000000e+00   3.0133420610e-02
     10.0000000000   3.2631821329e-02   0.0000000000e+00   3.1763414273e-02
     11.0000000000   4.4543630901e-02   0.0000000000e+00   3.3313749938e-02
     12.0000000000   5.0339763412e-02   0.0000000000e+00   3.4795077001e-02
     13.0000000000   5.5079185389e-02   0.0000000000e+00   3.6215864371e-02
     14.0000000000   5.9248667609e-02   0.0000000000e+00   3.7582978605e-02
     15.0000000000   6.3039837960e-02   0.0000000000e+00   3.8902078729e-02
     16.0000000000   6.6552851951e-02   0.0000000000e+00   4.0177894147e-02
     17.0000000000   6.9848430117e-02   0.0000000000e+00   4.1414425345e-02
     18.0000000000   7.2966970720e-02   0.0000000000e+00   4.2615092107e-02
     19.0000000000   7.5937125486e-02   0.0000000000e+00   4.3782845087e-02
     20.0000000000   7.8780185616e-02   0.0000000000e+00   4.4920251252e-02
     21.0000000000   9.1831632580e-02   0.0000000000e+00   4.6029560298e-02
     22.0000000000   9.8740576206e-02   0.0000000000e+00   4.7112756975e-02
     23.0000000000   1.0456779272e-01   0.0000000000e+00   4.8171602822e-02
     24.0000000000   1.0980166783e-01   0.0000000000e+00   4.9207669799e-02
     25.0000000000   1.1463527776e-01   0.0000000000e+00   5.0222367683e-02
     26.0000000000   1.1917008282e-01   0.0000000000e+00   5.1216966567e-02
     27.0000000000   1.2346798402e-01   0.0000000000e+00   5.2192615502e-02
     28.0000000000   1.2757045172e-01   0.0000000000e+00   5.3150358057e-02
     29.0000000000   1.3150711481e-01   0.0000000000e+00   5.4091145396e-02
     30.0000000000   1.3530015810e-01   0.0000000000e+00   5.5015847343e-02
     31.0000000000   1.5960497074e-01   0.0000000000e+00   5.5925261801e-02
     32.0000000000   1.7170754693e-01   0.0000000000e+00   5.6820122810e-02
     33.0000000000   1.8171962459e-01   0.0000000000e+00   5.7701107483e-02
     34.0000000000   1.9060994925e-01   0.0000000000e+00   5.8568842001e-02
     35.0000000000   1.9875800756e-01   0.0000000000e+00   5.9423906822e-02
     36.0000000000   2.0636111069e-01   0.0000000000e+00   6.0266841220e-02
     37.0000000000   2.2385737407e-01   0.0000000000e+00   6.1098147265e-02
     38.0000000000   2.3496176447e-01   0.0000000000e+00   6.1918293322e-02
     39.0000000000   2.4478024698e-01   0.0000000000e+00   6.2727717131e-02
     40.0000000000   2.5383379801e-01   0.0000000000e+00   6.3526828546e-02
     41.0000000000   2.7265901009e-01   0.0000000000e+00   7.4360485491e-02
     42.0000000000   2.8501235547e-01   0.0000000000e+00   7.9300659145e-02
     43.0000000000   2.9602096614e-01   0.0000000000e+00   8.3263556226e-02
     44.0000000000   3.0621813919e-01   0.0000000000e+00   8.6716446949e-02
     45.0000000000   3.1582929155e-01   0.0000000000e+00   9.9884976041e-02
     46.0000000000   3.2498024342e-01   0.0000000000e+00   1.0693379963e-01
     47.0000000000   3.3375188101e-01   0.0000000000e+00   1.1283415874e-01
     48.0000000000   3.4220087227e-01   0.0000000000e+00   1.1808916248e-01
     49.0000000000   3.5036927654e-01   0.0000000000e+00   1.2290486099e-01
     50.0000000000   3.5828962746e-01   0.0000000000e+00   1.2739240268e-01
     51.0000000000   3.7630697061e-01   0.0000000000e+00   1.3162081783e-01
     52.0000000000   3.8807865224e-01   0.0000000000e+00   1.3563686715e-01
     53.0000000000   3.9867261613e-01   0.0000000000e+00   1.3947415611e-01
     54.0000000000   4.1890263016e-01   0.0000000000e+00   1.4315789758e-01
     55.0000000000   4.3260347191e-01   0.0000000000e+00   1.4670763811e-01
     56.0000000000   4.4493183342e-01   0.0000000000e+00   1.5013892836e-01
     57.0000000000   4.5643378557e-01   0.0000000000e+00   1.5346440191e-01
     58.0000000000   4.7765971703e-01   0.0000000000e+00   1.5669450213e-01
     59.0000000000   4.9237432369e-01   0.0000000000e+00   1.5983798901e-01
     60.0000000000   5.0570998095e-01   0.0000000000e+00   1.6290230286e-01
     61.0000000000   5.2852262071e-01   0.0000000000e+00   1.6589383183e-01
     62.0000000000   5.5499540888e-01   0.0000000000e+00   1.6881811280e-01
     63.0000000000   5.7394245741e-01   0.0000000000e+00   1.7167998499e-01
     64.0000000000   5.9097611779e-01   0.0000000000e+00   1.8452818288e-01
     65.0000000000   6.0681979368e-01   0.0000000000e+00   1.9143809328e-01
     66.0000000000   6.2179766753e-01   0.0000000000e+00   1.9732895081e-01
     67.0000000000   6.4641414218e-01   0.0000000000e+00   2.0267072470e-01
     68.0000000000   6.6442557266e-01   0.0000000000e+00   2.0764700417e-01
     69.0000000000   6.8096664000e-01   0.0000000000e+00   2.1235301155e-01
     70.0000000000   6.9657964549e-01   0.0000000000e+00   2.1684608790e-01
     71.0000000000   7.1149868670e-01   0.0000000000e+00   2.2116417712e-01
     72.0000000000   7.3617654768e-01   0.0000000000e+00   2.2533408569e-01
     73.0000000000   7.5433724877e-01   0.0000000000e+00   2.2937568667e-01
     74.0000000000   7.8141300753e-01   0.0000000000e+00   2.3330426778e-01
     75.0000000000   8.1188630315e-01   0.0000000000e+00   2.3713193813e-01
     76.0000000000   8.3466675294e-01   0.0000000000e+00   2.4086851858e-01
     77.0000000000   8.5540994319e-01   0.0000000000e+00   2.4452213093e-01
     78.0000000000   8.7486313207e-01   0.0000000000e+00   2.4809960236e-01
     79.0000000000   8.9336550923e-01   0.0000000000e+00   2.6165122525e-01
     80.0000000000   9.1111275004e-01   0.0000000000e+00   2.6925362832e-01
     81.0000000000   9.2823273390e-01   0.0000000000e+00   2.7582705166e-01
     82.0000000000   9.5513491154e-01   0.0000000000e+00   2.9188676385e-01
     83.0000000000   9.7552279846e-01   0.0000000000e+00   3.0168865143e-01
     84.0000000000   9.9449893246e-01   0.0000000000e+00   3.1024438271e-01
     85.0000000000   1.0229039061e+00   0.0000000000e+00   3.1807874223e-01
     86.0000000000   1.0445938736e+00   0.0000000000e+00   3.2541096790e-01
     87.0000000000   1.0647429467e+00   0.0000000000e+00   3.3236099631e-01
     88.0000000000   1.0839116566e+00   0.0000000000e+00   3.4904860235e-01
     89.0000000000   1.1023434968e+00   0.0000000000e+00   3.6964134761e-01
     90.0000000000   1.1201774515e+00   0.0000000000e+00   3.8316401268e-01
     91.0000000000   1.1375046357e+00   0.0000000000e+00   3.9502762299e-01
     92.0000000000   1.1750282150e+00   0.0000000000e+00   4.0590203503e-01
     93.0000000000   1.2000695082e+00   0.0000000000e+00   4.1607854435e-01
     94.0000000000   1.2227676125e+00   0.0000000000e+00   4.2571947654e-01
     95.0000000000   1.2441132121e+00   0.0000000000e+00   4.4497235690e-01
     96.0000000000   1.2748229508e+00   0.0000000000e+00   4.5797981659e-01
     97.0000000000   1.2987454700e+00   0.0000000000e+00   4.6970952949e-01
     98.0000000000   1.3210630692e+00   0.0000000000e+00   4.8066784574e-01
     99.0000000000   1.3423455869e+00   0.0000000000e+00   4.9106657064e-01
    100.0000000000   1.3628444433e+00   0.0000000000e+00   5.0102337563e-01
    101.0000000000   1.3827049782e+00   0.0000000000e+00   5.2065831104e-01
    102.0000000000   1.4123424326e+00   0.0000000000e+00   5.3409600190e-01
    103.0000000000   1.4354619380e+00   0.0000000000e+00   5.4629176022e-01
    104.0000000000   1.4571660439e+00   0.0000000000e+00   5.5774314107e-01
    105.0000000000   1.4882947434e+00   0.0000000000e+00   5.6865551334e-01
    106.0000000000   1.5230224809e+00   0.0000000000e+00   5.7914172954e-01
    107.0000000000   1.5604777652e+00   0.0000000000e+00   5.9931816367e-01
    108.0000000000   1.5899067549e+00   0.0000000000e+00   6.1330659197e-01
    109.0000000000   1.6170822363e+00   0.0000000000e+00   6.2606008961e-01
    110.0000000000   1.6428081216e+00   0.0000000000e+00   6.3807443563e-01
    111.0000000000   1.6777752057e+00   0.0000000000e+00   6.4955357539e-01
    112.0000000000   1.7161551626e+00   0.0000000000e+00   6.6060921107e-01
    113.0000000000   1.7467765707e+00   0.0000000000e+00   6.7131230727e-01
    114.0000000000   1.7855892605e+00   0.0000000000e+00   6.8171226430e-01
    115.0000000000   1.8169701618e+00   0.0000000000e+00   6.9184566062e-01
    116.0000000000   1.8566281938e+00   0.0000000000e+00   7.0174080530e-01
    117.0000000000   1.8888778820e+00   0.0000000000e+00   7.2146481764e-01
    118.0000000000   1.9190871218e+00   0.0000000000e+00   7.3510789199e-01
    119.0000000000   1.9479254357e+00   0.0000000000e+00   7.4760145901e-01
    120.0000000000   1.9757066803e+00   0.0000000000e+00   7.5942571892e-01
    121.0000000000   2.0026191278e+00   0.0000000000e+00   7.7077297564e-01
    122.0000000000   2.0391094337e+00   0.0000000000e+00   7.9179044459e-01
    123.0000000000   2.0792258387e+00   0.0000000000e+00   8.0661363717e-01
    124.0000000000   2.1117260031e+00   0.0000000000e+00   8.2020214228e-01
    125.0000000000   2.1421964792e+00   0.0000000000e+00   8.3305484793e-01
    126.0000000000   2.1713489272e+00   0.0000000000e+00   8.5542156025e-01
    127.0000000000   2.1995028756e+00   0.0000000000e+00   8.8153054418e-01
    128.0000000000   2.2268427751e+00   0.0000000000e+00   9.0044023225e-01
    129.0000000000   2.2534900771e+00   0.0000000000e+00   9.1758257176e-01
    130.0000000000   2.2795315862e+00   0.0000000000e+00   9.3364155648e-01
    131.0000000000   2.3050329104e+00   0.0000000000e+00   9.5896313377e-01
    132.0000000000   2.3300456776e+00   0.0000000000e+00   9.7778893986e-01
    133.0000000000   2.3649308547e+00   0.0000000000e+00   9.9514395394e-01
    134.0000000000   2.4139975283e+00   0.0000000000e+00   1.0216155440e+00
    135.0000000000   2.4495976573e+00   0.0000000000e+00   1.0415121001e+00
    136.0000000000   2.4823367803e+00   0.0000000000e+00   1.0598851430e+00
    137.0000000000   2.5133821514e+00   0.0000000000e+00   1.0873351619e+00
    138.0000000000   2.5432200510e+00   0.0000000000e+00   1.1081781080e+00
    139.0000000000   2.5721148612e+00   0.0000000000e+00   1.1274703830e+00
    140.0000000000   2.6002320534e+00   0.0000000000e+00   1.1457714321e+00
    141.0000000000   2.6276848555e+00   0.0000000000e+00   1.1633281636e+00
    142.0000000000   2.6545556987e+00   0.0000000000e+00   1.1802831260e+00
    143.0000000000   2.6912264793e+00   0.0000000000e+00   1.1967304510e+00
    144.0000000000   2.7213828814e+00   0.0000000000e+00   1.2127375428e+00
    145.0000000000   2.7501153546e+00   0.0000000000e+00   1.2283553520e+00
    146.0000000000   2.7882560166e+00   0.0000000000e+00   1.2436239117e+00
    147.0000000000   2.8196549339e+00   0.0000000000e+00   1.2585756038e+00
    148.0000000000   2.8598008584e+00   0.0000000000e+00   1.2732372200e+00
    149.0000000000   2.9032062548e+00   0.0000000000e+00   1.2876313314e+00
    150.0000000000   2.9387985744e+00   0.0000000000e+00   1.3017772375e+00
    151.0000000000   2.9825640625e+00   0.0000000000e+00   1.3156916460e+00
    152.0000000000   3.0292132493e+00   0.0000000000e+00   1.3293891729e+00
    153.0000000000   3.0780967521e+00   0.0000000000e+00   1.3428827203e+00
    154.0000000000   3.1185809663e+00   0.0000000000e+00   1.3561837667e+00
    155.0000000000   3.1565132895e+00   0.0000000000e+00   1.3693025946e+00
    156.0000000000   3.1927480231e+00   0.0000000000e+00   1.3822484707e+00
    157.0000000000   3.2276929499e+00   0.0000000000e+00   1.4050742656e+00
    158.0000000000   3.2615914883e+00   0.0000000000e+00   1.4319037084e+00
    159.0000000000   3.2946066535e+00   0.0000000000e+00   1.4517312685e+00
    160.0000000000   3.3371748235e+00   0.0000000000e+00   1.4699461828e+00
    161.0000000000   3.3730208033e+00   0.0000000000e+00   1.4872021864e+00
    162.0000000000   3.4072643850e+00   0.0000000000e+00   1.5037783786e+00
    163.0000000000   3.4507604320e+00   0.0000000000e+00   1.5298721697e+00
    164.0000000000   3.4873771048e+00   0.0000000000e+00   1.5496508941e+00
    165.0000000000   3.5222987625e+00   0.0000000000e+00   1.5680956584e+00
    166.0000000000   3.5560947923e+00   0.0000000000e+00   1.5857206192e+00
    167.0000000000   3.5890164249e+00   0.0000000000e+00   1.6027423609e+00
    168.0000000000   3.6212094685e+00   0.0000000000e+00   1.6192816149e+00
    169.0000000000   3.6630901955e+00   0.0000000000e+00   1.6354160027e+00
    170.0000000000   3.7086842531e+00   0.0000000000e+00   1.6511999656e+00
    171.0000000000   3.7467320027e+00   0.0000000000e+00   1.6666739903e+00
    172.0000000000   3.7828064453e+00   0.0000000000e+00   1.6818694807e+00
    173.0000000000   3.8279275147e+00   0.0000000000e+00   1.6968115796e+00
    174.0000000000   3.8763611940e+00   0.0000000000e+00   1.7115209221e+00
    175.0000000000   3.9169711374e+00   0.0000000000e+00   1.7360592570e+00
    176.0000000000   3.9554028101e+00   0.0000000000e+00   1.7545128943e+00
    177.0000000000   3.9924035473e+00   0.0000000000e+00   1.7818548545e+00
    178.0000000000   4.0283158452e+00   0.0000000000e+00   1.8126792359e+00
    179.0000000000   4.0736587357e+00   0.0000000000e+00   1.8361641356e+00
    180.0000000000   4.1122006497e+00   0.0000000000e+00   1.8577937989e+00
    181.0000000000   4.1490864936e+00   0.0000000000e+00   1.8782789115e+00
    182.0000000000   4.1848674030e+00   0.0000000000e+00   1.8979360045e+00
    183.0000000000   4.2301043193e+00   0.0000000000e+00   1.9169442273e+00
    184.0000000000   4.2788930555e+00   0.0000000000e+00   1.9354185304e+00
    185.0000000000   4.3303331878e+00   0.0000000000e+00   1.9534387620e+00
    186.0000000000   4.3736593177e+00   0.0000000000e+00   1.9710635421e+00
    187.0000000000   4.4146399267e+00   0.0000000000e+00   1.9883377056e+00
    188.0000000000   4.4540779761e+00   0.0000000000e+00   2.0153411206e+00
    189.0000000000   4.4923458652e+00   0.0000000000e+00   2.0361740522e+00
    190.0000000000   4.5296615641e+00   0.0000000000e+00   2.0758649949e+00
    191.0000000000   4.5661691701e+00   0.0000000000e+00   2.1030440257e+00
    192.0000000000   4.6122906244e+00   0.0000000000e+00   2.1377851980e+00
    193.0000000000   4.6517394744e+00   0.0000000000e+00   2.1652014405e+00
    194.0000000000   4.6999456635e+00   0.0000000000e+00   2.1906382528e+00
    195.0000000000   4.7410738948e+00   0.0000000000e+00   2.2147952743e+00
    196.0000000000   4.7804005833e+00   0.0000000000e+00   2.2379985228e+00
    197.0000000000   4.8185346820e+00   0.0000000000e+00   2.2604396681e+00
    198.0000000000   4.8557476263e+00   0.0000000000e+00   2.2822454498e+00
    199.0000000000   4.8921967230e+00   0.0000000000e+00   2.3035060240e+00
    200.0000000000   4.9383052950e+00   0.0000000000e+00   2.3242888446e+00
    201.0000000000   4.9777844674e+00   0.0000000000e+00   2.3446462971e+00
    202.0000000000   5.0157415556e+00   0.0000000000e+00   2.3746647252e+00
    203.0000000000   5.0527014486e+00   0.0000000000e+00   2.4084944540e+00
    204.0000000000   5.0992059114e+00   0.0000000000e+00   2.4351514924e+00
    205.0000000000   5.1390171645e+00   0.0000000000e+00   2.4600428050e+00
    206.0000000000   5.1772682916e+00   0.0000000000e+00   2.4838369190e+00
    207.0000000000   5.2144985387e+00   0.0000000000e+00   2.5068254239e+00
    208.0000000000   5.2509391537e+00   0.0000000000e+00   2.5291719139e+00
    209.0000000000   5.2867216079e+00   0.0000000000e+00   2.5509812905e+00
    210.0000000000   5.3322513145e+00   0.0000000000e+00   2.5823712347e+00
    211.0000000000   5.3815453736e+00   0.0000000000e+00   2.6074675320e+00
    212.0000000000   5.4233372267e+00   0.0000000000e+00   2.6312279006e+00
    213.0000000000   5.4735132399e+00   0.0000000000e+00   2.6541526970e+00
    214.0000000000   5.5370437524e+00   0.0000000000e+00   2.6864946225e+00
    215.0000000000   5.5865579554e+00   0.0000000000e+00   2.7124409201e+00
    216.0000000000   5.6328098231e+00   0.0000000000e+00   2.7369820072e+00
    217.0000000000   5.6770570159e+00   0.0000000000e+00   2.7606375048e+00
    218.0000000000   5.7198455754e+00   0.0000000000e+00   2.7836278492e+00
    219.0000000000   5.7614817223e+00   0.0000000000e+00   2.8060768514e+00
    220.0000000000   5.8021614998e+00   0.0000000000e+00   2.8280647845e+00
    221.0000000000   5.8420212328e+00   0.0000000000e+00   2.8496484675e+00
    222.0000000000   5.8914803662e+00   0.0000000000e+00   2.8708705652e+00
    223.0000000000   5.9445711506e+00   0.0000000000e+00   2.9018089720e+00
    224.0000000000   6.0003601245e+00   0.0000000000e+00   2.9265623200e+00
    225.0000000000   6.0583821208e+00   0.0000000000e+00   2.9500688678e+00
    226.0000000000   6.1080302522e+00   0.0000000000e+00   2.9728144862e+00
    227.0000000000   6.1654694623e+00   0.0000000000e+00   2.9949962878e+00
    228.0000000000   6.2151830826e+00   0.0000000000e+00   3.0167211631e+00
    229.0000000000   6.2626217811e+00   0.0000000000e+00   3.0380566438e+00
    230.0000000000   6.3085022786e+00   0.0000000000e+00   3.0590496672e+00
    231.0000000000   6.3531681270e+00   0.0000000000e+00   3.0797350482e+00
    232.0000000000   6.4071467422e+00   0.0000000000e+00   3.1001398469e+00
    233.0000000000   6.4542161243e+00   0.0000000000e+00   3.1202858455e+00
    234.0000000000   6.5098493015e+00   0.0000000000e+00   3.1502355307e+00
    235.0000000000   6.5582416047e+00   0.0000000000e+00   3.1740757299e+00
    236.0000000000   6.6046922196e+00   0.0000000000e+00   3.2067798616e+00
    237.0000000000   6.6498276174e+00   0.0000000000e+00   3.2328978845e+00
    238.0000000000   6.6939330792e+00   0.0000000000e+00   3.2575365868e+00
    239.0000000000   6.7371770968e+00   0.0000000000e+00   3.2812646318e+00
    240.0000000000   6.7796731050e+00   0.0000000000e+00   3.3043260329e+00
    241.0000000000   6.8215037823e+00   0.0000000000e+00   3.3268567281e+00
    242.0000000000   6.8627326781e+00   0.0000000000e+00   3.3489433819e+00
    243.0000000000   6.9034105270e+00   0.0000000000e+00   3.3706461172e+00
    244.0000000000   6.9538980853e+00   0.0000000000e+00   3.4020536300e+00
    245.0000000000   7.0081855528e+00   0.0000000000e+00   3.4272714893e+00
    246.0000000000   7.0549892113e+00   0.0000000000e+00   3.4612869906e+00
    247.0000000000   7.0998649408e+00   0.0000000000e+00   3.4886606579e+00
    248.0000000000   7.1435009800e+00   0.0000000000e+00   3.5145075080e+00
    249.0000000000   7.1861985507e+00   0.0000000000e+00   3.5394027363e+00
    250.0000000000   7.2281275225e+00   0.0000000000e+00   3.5635956267e+00
    251.0000000000   7.2797166410e+00   0.0000000000e+00   3.5872264282e+00
    252.0000000000   7.3246791776e+00   0.0000000000e+00   3.6204298492e+00
    253.0000000000   7.3681230013e+00   0.0000000000e+00   3.6473406103e+00
    254.0000000000   7.4208918526e+00   0.0000000000e+00   3.6829657990e+00
    255.0000000000   7.4771630027e+00   0.0000000000e+00   3.7118800856e+00
    256.0000000000   7.5257481400e+00   0.0000000000e+00   3.7392090081e+00
    257.0000000000   7.5722592053e+00   0.0000000000e+00   3.7655358376e+00
    258.0000000000   7.6174204000e+00   0.0000000000e+00   3.7911162174e+00
    259.0000000000   7.6718765305e+00   0.0000000000e+00   3.8160955118e+00
    260.0000000000   7.7194510317e+00   0.0000000000e+00   3.8405681432e+00
    261.0000000000   7.7653166588e+00   0.0000000000e+00   3.8746451766e+00
    262.0000000000   7.8100399666e+00   0.0000000000e+00   3.9124923731e+00
    263.0000000000   7.8538718615e+00   0.0000000000e+00   3.9431358153e+00
    264.0000000000   7.9072775522e+00   0.0000000000e+00   3.9719892678e+00
    265.0000000000   7.9643098072e+00   0.0000000000e+00   3.9997259713e+00
    266.0000000000   8.0137257048e+00   0.0000000000e+00   4.0266408523e+00
    267.0000000000   8.0920665698e+00   0.0000000000e+00   4.0629443809e+00
    268.0000000000   8.1509493332e+00   0.0000000000e+00   4.0928148222e+00
    269.0000000000   8.2058411165e+00   0.0000000000e+00   4.1212425445e+00
    270.0000000000   8.2583624607e+00   0.0000000000e+00   4.1487496360e+00
    271.0000000000   8.3195085273e+00   0.0000000000e+00   4.1755595381e+00
    272.0000000000   8.3732855878e+00   0.0000000000e+00   4.2017989600e+00
    273.0000000000   8.4249770585e+00   0.0000000000e+00   4.2275507735e+00
    274.0000000000   8.4855419862e+00   0.0000000000e+00   4.2629185364e+00
    275.0000000000   8.5492383311e+00   0.0000000000e+00   4.2920184768e+00
    276.0000000000   8.6049369227e+00   0.0000000000e+00   4.3198015617e+00
    277.0000000000   8.6582946125e+00   0.0000000000e+00   4.3467632087e+00
    278.0000000000   8.7100706715e+00   0.0000000000e+00   4.3731079261e+00
    279.0000000000   8.7606188308e+00   0.0000000000e+00   4.3989484764e+00
    280.0000000000   8.8101491919e+00   0.0000000000e+00   4.4243571484e+00
    281.0000000000   8.8588030907e+00   0.0000000000e+00   4.4493847985e+00
    282.0000000000   8.9066831570e+00   0.0000000000e+00   4.4740695163e+00
    283.0000000000   8.9538678683e+00   0.0000000000e+00   4.4984411321e+00
    284.0000000000   9.0004195097e+00   0.0000000000e+00   4.5426127434e+00
    285.0000000000   9.0567080103e+00   0.0000000000e+00   4.5747476272e+00
    286.0000000000   9.1064119187e+00   0.0000000000e+00   4.6046945127e+00
    287.0000000000   9.1546175198e+00   0.0000000000e+00   4.6334019366e+00
    288.0000000000   9.2121546461e+00   0.0000000000e+00   4.6612444111e+00
    289.0000000000   9.2628722947e+00   0.0000000000e+00   4.6884187302e+00
    290.0000000000   9.3222589453e+00   0.0000000000e+00   4.7150451441e+00
    291.0000000000   9.3848273168e+00   0.0000000000e+00   4.7412044774e+00
    292.0000000000   9.4395054631e+00   0.0000000000e+00   4.7669547619e+00
    293.0000000000   9.4919613728e+00   0.0000000000e+00   4.7923397324e+00
    294.0000000000   9.5429513361e+00   0.0000000000e+00   4.8173935906e+00
    295.0000000000   9.6031406428e+00   0.0000000000e+00   4.8421438727e+00
    296.0000000000   9.6666859146e+00   0.0000000000e+00   4.8666132739e+00
    297.0000000000   9.7327253827e+00   0.0000000000e+00   4.8908208617e+00
    298.0000000000   9.7905197864e+00   0.0000000000e+00   4.9147829140e+00
    299.0000000000   9.8458561287e+00   0.0000000000e+00   4.9385135156e+00
    300.0000000000   9.8995509932e+00   0.0000000000e+00   4.9620249946e+00
    301.0000000000   9.9519871088e+00   0.0000000000e+00   4.9953727222e+00
    302.0000000000   1.0013709570e+01   0.0000000000e+00   5.0226380250e+00
    303.0000000000   1.0068504994e+01   0.0000000000e+00   5.0587899724e+00
    304.0000000000   1.0131850771e+01   0.0000000000e+00   5.0883750182e+00
    305.0000000000   1.0187944434e+01   0.0000000000e+00   5.1164970789e+00
    306.0000000000   1.0252405316e+01   0.0000000000e+00   5.1437224317e+00
    307.0000000000   1.0309496447e+01   0.0000000000e+00   5.1702930824e+00
    308.0000000000   1.0364553453e+01   0.0000000000e+00   5.1963432614e+00
    309.0000000000   1.0418224428e+01   0.0000000000e+00   5.2219581668e+00
    310.0000000000   1.0470808406e+01   0.0000000000e+00   5.2471966513e+00
    311.0000000000   1.0522483094e+01   0.0000000000e+00   5.2821463026e+00
    312.0000000000   1.0573368368e+01   0.0000000000e+00   5.3109117160e+00
    313.0000000000   1.0623551560e+01   0.0000000000e+00   5.3484793263e+00
    314.0000000000   1.0683418771e+01   0.0000000000e+00   5.3794088921e+00
    315.0000000000   1.0736659509e+01   0.0000000000e+00   5.4188592208e+00
    316.0000000000   1.0809005943e+01   0.0000000000e+00   5.4514765048e+00
    317.0000000000   1.0868246669e+01   0.0000000000e+00   5.4924698164e+00
    318.0000000000   1.0924699243e+01   0.0000000000e+00   5.5365619394e+00
    319.0000000000   1.0979445382e+01   0.0000000000e+00   5.5730110020e+00
    320.0000000000   1.1043256030e+01   0.0000000000e+00   5.6073552811e+00
    321.0000000000   1.1100015676e+01   0.0000000000e+00   5.6503885448e+00
    322.0000000000   1.1154932050e+01   0.0000000000e+00   5.6865277030e+00
    323.0000000000   1.1208594025e+01   0.0000000000e+00   5.7208899129e+00
    324.0000000000   1.1261267877e+01   0.0000000000e+00   5.7540745609e+00
    325.0000000000   1.1313110924e+01   0.0000000000e+00   5.7964009426e+00
    326.0000000000   1.1374548328e+01   0.0000000000e+00   5.8321036293e+00
    327.0000000000   1.1429293613e+01   0.0000000000e+00   5.8662080792e+00
    328.0000000000   1.1482456561e+01   0.0000000000e+00   5.8992606899e+00
    329.0000000000   1.1534564404e+01   0.0000000000e+00   5.9315028837e+00
    330.0000000000   1.1585841968e+01   0.0000000000e+00   5.9630752623e+00
    331.0000000000   1.1636417294e+01   0.0000000000e+00   5.9940717673e+00
    332.0000000000   1.1696694046e+01   0.0000000000e+00   6.0245605097e+00
    333.0000000000   1.1750369470e+01   0.0000000000e+00   6.0545936017e+00
    334.0000000000   1.1812859790e+01   0.0000000000e+00   6.0842124559e+00
    335.0000000000   1.1878637416e+01   0.0000000000e+00   6.1134509219e+00
    336.0000000000   1.1946924547e+01   0.0000000000e+00   6.1423372741e+00
    337.0000000000   1.2007008677e+01   0.0000000000e+00   6.1708955418e+00
    338.0000000000   1.2075003723e+01   0.0000000000e+00   6.1991464365e+00
    339.0000000000   1.2145682179e+01   0.0000000000e+00   6.2271080203e+00
    340.0000000000   1.2218430147e+01   0.0000000000e+00   6.2547962021e+00
    341.0000000000   1.2282636595e+01   0.0000000000e+00   6.2822251143e+00
    342.0000000000   1.2344164379e+01   0.0000000000e+00   6.3094074047e+00
    343.0000000000   1.2403878988e+01   0.0000000000e+00   6.3363544662e+00
    344.0000000000   1.2462196654e+01   0.0000000000e+00   6.3630766205e+00
    345.0000000000   1.2519367405e+01   0.0000000000e+00   6.3895832674e+00
    346.0000000000   1.2585878657e+01   0.0000000000e+00   6.4158830064e+00
    347.0000000000   1.2645488209e+01   0.0000000000e+00   6.4419837383e+00
    348.0000000000   1.2713657771e+01   0.0000000000e+00   6.4678927490e+00
    349.0000000000   1.2774575861e+01   0.0000000000e+00   6.5036612550e+00
    350.0000000000   1.2833537349e+01   0.0000000000e+00   6.5333671259e+00
    351.0000000000   1.2891165863e+01   0.0000000000e+00   6.5719765307e+00
    352.0000000000   1.2947744758e+01   0.0000000000e+00   6.6040334712e+00
    353.0000000000   1.3003441191e+01   0.0000000000e+00   6.6446842500e+00
    354.0000000000   1.3058367660e+01   0.0000000000e+00   6.6785649663e+00
    355.0000000000   1.3112606177e+01   0.0000000000e+00   6.7108319526e+00
    356.0000000000   1.3176538908e+01   0.0000000000e+00   6.7521295289e+00
    357.0000000000   1.3244171472e+01   0.0000000000e+00   6.7867942119e+00
    358.0000000000   1.3304231701e+01   0.0000000000e+00   6.8198924676e+00
    359.0000000000   1.3362284406e+01   0.0000000000e+00   6.8519885742e+00
    360.0000000000   1.3419024904e+01   0.0000000000e+00   6.8833315054e+00
    361.0000000000   1.3474760150e+01   0.0000000000e+00   6.9140643617e+00
    362.0000000000   1.3529664743e+01   0.0000000000e+00   6.9442809887e+00
    363.0000000000   1.3583852297e+01   0.0000000000e+00   6.9740480481e+00
    364.0000000000   1.3637403310e+01   0.0000000000e+00   7.0034155121e+00
    365.0000000000   1.3700697354e+01   0.0000000000e+00   7.0324223293e+00
    366.0000000000   1.3757417994e+01   0.0000000000e+00   7.0711442428e+00
    367.0000000000   1.3822973006e+01   0.0000000000e+00   7.1036785589e+00
    368.0000000000   1.3881510160e+01   0.0000000000e+00   7.1349626648e+00
    369.0000000000   1.3948611684e+01   0.0000000000e+00   7.1654818176e+00
    370.0000000000   1.4008512040e+01   0.0000000000e+00   7.1954326669e+00
    371.0000000000   1.4076843371e+01   0.0000000000e+00   7.2249217306e+00
    372.0000000000   1.4137871698e+01   0.0000000000e+00   7.2540162239e+00
    373.0000000000   1.4207250465e+01   0.0000000000e+00   7.2827628032e+00
    374.0000000000   1.4269260784e+01   0.0000000000e+00   7.3111960265e+00
    375.0000000000   1.4329248119e+01   0.0000000000e+00   7.3493871881e+00
    376.0000000000   1.4387865871e+01   0.0000000000e+00   7.3814294540e+00
    377.0000000000   1.4455734873e+01   0.0000000000e+00   7.4223009626e+00
    378.0000000000   1.4516670136e+01   0.0000000000e+00   7.4565552856e+00
    379.0000000000   1.4575842048e+01   0.0000000000e+00   7.4993465136e+00
    380.0000000000   1.4633817349e+01   0.0000000000e+00   7.5453616512e+00
    381.0000000000   1.4690848221e+01   0.0000000000e+00   7.5838340200e+00
    382.0000000000   1.4747082495e+01   0.0000000000e+00   7.6202838810e+00
    383.0000000000   1.4802619565e+01   0.0000000000e+00   7.6554469714e+00
    384.0000000000   1.4867851028e+01   0.0000000000e+00   7.6997025722e+00
    385.0000000000   1.4926468839e+01   0.0000000000e+00   7.7373152765e+00
    386.0000000000   1.4983567911e+01   0.0000000000e+00   7.7733266850e+00
    387.0000000000   1.5049983779e+01   0.0000000000e+00   7.8082922074e+00
    388.0000000000   1.5109569275e+01   0.0000000000e+00   7.8424583485e+00
    389.0000000000   1.5167496389e+01   0.0000000000e+00   7.8759685192e+00
    390.0000000000   1.5224324385e+01   0.0000000000e+00   7.9089181093e+00
    391.0000000000   1.5280296105e+01   0.0000000000e+00   7.9413758439e+00
    392.0000000000   1.5335550331e+01   0.0000000000e+00   7.9834384062e+00
    393.0000000000   1.5390178310e+01   0.0000000000e+00   8.0192185950e+00
    394.0000000000   1.5444245413e+01   0.0000000000e+00   8.0637101787e+00
    395.0000000000   1.5497801267e+01   0.0000000000e+00   8.1014794526e+00
    396.0000000000   1.5561204233e+01   0.0000000000e+00   8.1376465769e+00
    397.0000000000   1.5628441595e+01   0.0000000000e+00   8.1727913361e+00
    398.0000000000   1.5688226571e+01   0.0000000000e+00   8.2071671183e+00
    399.0000000000   1.5746112012e+01   0.0000000000e+00   8.2409178536e+00
    400.0000000000   1.5823421433e+01   0.0000000000e+00   8.2841815621e+00
    401.0000000000   1.5887725584e+01   0.0000000000e+00   8.3210959536e+00
    402.0000000000   1.5949292316e+01   0.0000000000e+00   8.3566263486e+00
    403.0000000000   1.6009188353e+01   0.0000000000e+00   8.3912782659e+00
    404.0000000000   1.6067860274e+01   0.0000000000e+00   8.4353080902e+00
    405.0000000000   1.6135873340e+01   0.0000000000e+00   8.4729057998e+00
    406.0000000000   1.6207339058e+01   0.0000000000e+00   8.5191083855e+00
    407.0000000000   1.6281371194e+01   0.0000000000e+00   8.5585087352e+00
    408.0000000000   1.6347215503e+01   0.0000000000e+00   8.5962444923e+00
    409.0000000000   1.6410648964e+01   0.0000000000e+00   8.6329075234e+00
    410.0000000000   1.6472480989e+01   0.0000000000e+00   8.6788043731e+00
    411.0000000000   1.6533088905e+01   0.0000000000e+00   8.7181570248e+00
    412.0000000000   1.6592694477e+01   0.0000000000e+00   8.7559798012e+00
    413.0000000000   1.6651444752e+01   0.0000000000e+00   8.7928095789e+00
    414.0000000000   1.6709444900e+01   0.0000000000e+00   8.8288797221e+00
    415.0000000000   1.6766774172e+01   0.0000000000e+00   8.8643240195e+00
    416.0000000000   1.6823494623e+01   0.0000000000e+00   8.8992306359e+00
    417.0000000000   1.6889975379e+01   0.0000000000e+00   8.9336627622e+00
    418.0000000000   1.6949893864e+01   0.0000000000e+00   8.9676682978e+00
    419.0000000000   1.7018654158e+01   0.0000000000e+00   9.0113295029e+00
    420.0000000000   1.7080401768e+01   0.0000000000e+00   9.0487486996e+00
    421.0000000000   1.7140398440e+01   0.0000000000e+00   9.0848673013e+00
    422.0000000000   1.7209560733e+01   0.0000000000e+00   9.1201739038e+00
    423.0000000000   1.7282106133e+01   0.0000000000e+00   9.1548679956e+00
    424.0000000000   1.7346870892e+01   0.0000000000e+00   9.1890585559e+00
    425.0000000000   1.7409483089e+01   0.0000000000e+00   9.2228149667e+00
    426.0000000000   1.7480997208e+01   0.0000000000e+00   9.2561858153e+00
    427.0000000000   1.7555702301e+01   0.0000000000e+00   9.2892073972e+00
    428.0000000000   1.7632797243e+01   0.0000000000e+00   9.3319525828e+00
    429.0000000000   1.7701575334e+01   0.0000000000e+00   9.3685159772e+00
    430.0000000000   1.7767842921e+01   0.0000000000e+00   9.4038325665e+00
    431.0000000000   1.7832428919e+01   0.0000000000e+00   9.4383855310e+00
    432.0000000000   1.7895724328e+01   0.0000000000e+00   9.4723697496e+00
    433.0000000000   1.7957960925e+01   0.0000000000e+00   9.5058902420e+00
    434.0000000000   1.8019293344e+01   0.0000000000e+00   9.5390129615e+00
    435.0000000000   1.8079832671e+01   0.0000000000e+00   9.5717835053e+00
    436.0000000000   1.8149981971e+01   0.0000000000e+00   9.6142800173e+00
    437.0000000000   1.8213443279e+01   0.0000000000e+00   9.6506001862e+00
    438.0000000000   1.8285639175e+01   0.0000000000e+00   9.6856808155e+00
    439.0000000000   1.8350729485e+01   0.0000000000e+00   9.7200061376e+00
    440.0000000000   1.8413987299e+01   0.0000000000e+00   9.7537716056e+00
    441.0000000000   1.8476019260e+01   0.0000000000e+00   9.7870825078e+00
    442.0000000000   1.8537095169e+01   0.0000000000e+00   9.8200048680e+00
    443.0000000000   1.8607690256e+01   0.0000000000e+00   9.8626286979e+00
    444.0000000000   1.8671544050e+01   0.0000000000e+00   9.8990591345e+00
    445.0000000000   1.8744100301e+01   0.0000000000e+00   9.9442823993e+00
    446.0000000000   1.8809531478e+01   0.0000000000e+00   9.9828577573e+00
    447.0000000000   1.8873118534e+01   0.0000000000e+00   1.0029943449e+01
    448.0000000000   1.8945792234e+01   0.0000000000e+00   1.0070185117e+01
    449.0000000000   1.9021780884e+01   0.0000000000e+00   1.0108746862e+01
    450.0000000000   1.9089929197e+01   0.0000000000e+00   1.0146234955e+01
    451.0000000000   1.9155872005e+01   0.0000000000e+00   1.0182919680e+01
    452.0000000000   1.9220350196e+01   0.0000000000e+00   1.0218956191e+01
    453.0000000000   1.9304340315e+01   0.0000000000e+00   1.0254445715e+01
    454.0000000000   1.9375311811e+01   0.0000000000e+00   1.0289459719e+01
    455.0000000000   1.9443495626e+01   0.0000000000e+00   1.0324051468e+01
    456.0000000000   1.9520263590e+01   0.0000000000e+00   1.0358262266e+01
    457.0000000000   1.9589693938e+01   0.0000000000e+00   1.0392125131e+01
    458.0000000000   1.9667401981e+01   0.0000000000e+00   1.0425667098e+01
    459.0000000000   1.9737661603e+01   0.0000000000e+00   1.0458910743e+01
    460.0000000000   1.9805819796e+01   0.0000000000e+00   1.0491875229e+01
    461.0000000000   1.9872534189e+01   0.0000000000e+00   1.0524577040e+01
    462.0000000000   1.9938111429e+01   0.0000000000e+00   1.0557030528e+01
    463.0000000000   2.0013054347e+01   0.0000000000e+00   1.0589248313e+01
    464.0000000000   2.0081123748e+01   0.0000000000e+00   1.0621241590e+01
    465.0000000000   2.0147461080e+01   0.0000000000e+00   1.0653020368e+01
    466.0000000000   2.0212616193e+01   0.0000000000e+00   1.0684593656e+01
    467.0000000000   2.0287149915e+01   0.0000000000e+00   1.0726014087e+01
    468.0000000000   2.0365158597e+01   0.0000000000e+00   1.0761360702e+01
    469.0000000000   2.0435423619e+01   0.0000000000e+00   1.0805600641e+01
    470.0000000000   2.0503544534e+01   0.0000000000e+00   1.0843278716e+01
    471.0000000000   2.0570240728e+01   0.0000000000e+00   1.0879497433e+01
    472.0000000000   2.0635836648e+01   0.0000000000e+00   1.0924866321e+01
    473.0000000000   2.0700520078e+01   0.0000000000e+00   1.0963697933e+01
    474.0000000000   2.0764414863e+01   0.0000000000e+00   1.1011085905e+01
    475.0000000000   2.0827609630e+01   0.0000000000e+00   1.1051653175e+01
    476.0000000000   2.0890171444e+01   0.0000000000e+00   1.1090554602e+01
    477.0000000000   2.0952153152e+01   0.0000000000e+00   1.1128392361e+01
    478.0000000000   2.1023916786e+01   0.0000000000e+00   1.1165434831e+01
    479.0000000000   2.1089134213e+01   0.0000000000e+00   1.1201836248e+01
    480.0000000000   2.1183843276e+01   0.0000000000e+00   1.1237697385e+01
    481.0000000000   2.1259458203e+01   0.0000000000e+00   1.1273089476e+01
    482.0000000000   2.1331338401e+01   0.0000000000e+00   1.1308065654e+01
    483.0000000000   2.1401038435e+01   0.0000000000e+00   1.1342667135e+01
    484.0000000000   2.1469190271e+01   0.0000000000e+00   1.1376926862e+01
    485.0000000000   2.1536132770e+01   0.0000000000e+00   1.1410871802e+01
    486.0000000000   2.1602075927e+01   0.0000000000e+00   1.1444524453e+01
    487.0000000000   2.1677481366e+01   0.0000000000e+00   1.1487948366e+01
    488.0000000000   2.1746088257e+01   0.0000000000e+00   1.1525231547e+01
    489.0000000000   2.1823343976e+01   0.0000000000e+00   1.1571348591e+01
    490.0000000000   2.1893425578e+01   0.0000000000e+00   1.1610850575e+01
    491.0000000000   2.1961618528e+01   0.0000000000e+00   1.1648845323e+01
    492.0000000000   2.2028538593e+01   0.0000000000e+00   1.1695946917e+01
    493.0000000000   2.2094462469e+01   0.0000000000e+00   1.1736471838e+01
    494.0000000000   2.2159551604e+01   0.0000000000e+00   1.1775472663e+01
    495.0000000000   2.2223913558e+01   0.0000000000e+00   1.1813503700e+01
    496.0000000000   2.2287626037e+01   0.0000000000e+00   1.1850806565e+01
    497.0000000000   2.2350748339e+01   0.0000000000e+00   1.1887518802e+01
    498.0000000000   2.2413327524e+01   0.0000000000e+00   1.1923729980e+01
    499.0000000000   2.2485721150e+01   0.0000000000e+00   1.1959503410e+01
    500.0000000000   2.2551597526e+01   0.0000000000e+00   1.1994886406e+01
    501.0000000000   2.2626353418e+01   0.0000000000e+00   1.2029915780e+01
    502.0000000000   2.2694128379e+01   0.0000000000e+00   1.2064621061e+01
    503.0000000000   2.2760179246e+01   0.0000000000e+00   1.2109070989e+01
    504.0000000000   2.2825099398e+01   0.0000000000e+00   1.2147357511e+01
    505.0000000000   2.2889147657e+01   0.0000000000e+00   1.2194458282e+01
    506.0000000000   2.2952470958e+01   0.0000000000e+00   1.2234926808e+01
    507.0000000000   2.3025483983e+01   0.0000000000e+00   1.2283917346e+01
    508.0000000000   2.3102209669e+01   0.0000000000e+00   1.2326072721e+01
    509.0000000000   2.3181704358e+01   0.0000000000e+00   1.2366555007e+01
    510.0000000000   2.3253174024e+01   0.0000000000e+00   1.2405968986e+01
    511.0000000000   2.3322366738e+01   0.0000000000e+00   1.2444583841e+01
    512.0000000000   2.3390070127e+01   0.0000000000e+00   1.2482553899e+01
    513.0000000000   2.3456644626e+01   0.0000000000e+00   1.2519979758e+01
    514.0000000000   2.3522298595e+01   0.0000000000e+00   1.2556932406e+01
    515.0000000000   2.3587168248e+01   0.0000000000e+00   1.2593464737e+01
    516.0000000000   2.3651349850e+01   0.0000000000e+00   1.2629617765e+01
    517.0000000000   2.3735553417e+01   0.0000000000e+00   1.2665424283e+01
    518.0000000000   2.3807107020e+01   0.0000000000e+00   1.2700911146e+01
    519.0000000000   2.3896794091e+01   0.0000000000e+00   1.2736100788e+01
    520.0000000000   2.3972883055e+01   0.0000000000e+00   1.2771012256e+01
    521.0000000000   2.4056195938e+01   0.0000000000e+00   1.2805661941e+01
    522.0000000000   2.4131545113e+01   0.0000000000e+00   1.2850108593e+01
    523.0000000000   2.4204488342e+01   0.0000000000e+00   1.2898480851e+01
    524.0000000000   2.4286108588e+01   0.0000000000e+00   1.2939777333e+01
    525.0000000000   2.4360409734e+01   0.0000000000e+00   1.2979390819e+01
    526.0000000000   2.4432663990e+01   0.0000000000e+00   1.3017978099e+01
    527.0000000000   2.4524139244e+01   0.0000000000e+00   1.3055820928e+01
    528.0000000000   2.4602402278e+01   0.0000000000e+00   1.3103119043e+01
    529.0000000000   2.4688050684e+01   0.0000000000e+00   1.3154086306e+01
    530.0000000000   2.4765801783e+01   0.0000000000e+00   1.3197777263e+01
    531.0000000000   2.4841167118e+01   0.0000000000e+00   1.3239623572e+01
    532.0000000000   2.4914886291e+01   0.0000000000e+00   1.3280310240e+01
    533.0000000000   2.5007951967e+01   0.0000000000e+00   1.3330184673e+01
    534.0000000000   2.5098170112e+01   0.0000000000e+00   1.3373490077e+01
    535.0000000000   2.5179423435e+01   0.0000000000e+00   1.3425297448e+01
    536.0000000000   2.5268147472e+01   0.0000000000e+00   1.3470222755e+01
    537.0000000000   2.5348911615e+01   0.0000000000e+00   1.3513420019e+01
    538.0000000000   2.5427207663e+01   0.0000000000e+00   1.3555493123e+01
    539.0000000000   2.5503777039e+01   0.0000000000e+00   1.3596713195e+01
    540.0000000000   2.5589299396e+01   0.0000000000e+00   1.3637237582e+01
    541.0000000000   2.5677951032e+01   0.0000000000e+00   1.3677170205e+01
    542.0000000000   2.5758570293e+01   0.0000000000e+00   1.3716585340e+01
    543.0000000000   2.5836799101e+01   0.0000000000e+00   1.3755538986e+01
    544.0000000000   2.5913389415e+01   0.0000000000e+00   1.3794075026e+01
    545.0000000000   2.5988691398e+01   0.0000000000e+00   1.3832228868e+01
    546.0000000000   2.6062913580e+01   0.0000000000e+00   1.3870029746e+01
    547.0000000000   2.6136196847e+01   0.0000000000e+00   1.3917546723e+01
    548.0000000000   2.6218963122e+01   0.0000000000e+00   1.3958872406e+01
    549.0000000000   2.6294927605e+01   0.0000000000e+00   1.3998940822e+01
    550.0000000000   2.6379522756e+01   0.0000000000e+00   1.4038234803e+01
    551.0000000000   2.6456916212e+01   0.0000000000e+00   1.4086993708e+01
    552.0000000000   2.6532387493e+01   0.0000000000e+00   1.4129394383e+01
    553.0000000000   2.6606548680e+01   0.0000000000e+00   1.4170418978e+01
    554.0000000000   2.6689993369e+01   0.0000000000e+00   1.4210580431e+01
    555.0000000000   2.6766517966e+01   0.0000000000e+00   1.4250093700e+01
    556.0000000000   2.6841279819e+01   0.0000000000e+00   1.4289078042e+01
    557.0000000000   2.6914836351e+01   0.0000000000e+00   1.4327609910e+01
    558.0000000000   2.6987432996e+01   0.0000000000e+00   1.4365742884e+01
    559.0000000000   2.7059212663e+01   0.0000000000e+00   1.4403516861e+01
    560.0000000000   2.7140590220e+01   0.0000000000e+00   1.4440962876e+01
    561.0000000000   2.7215271658e+01   0.0000000000e+00   1.4478105885e+01
    562.0000000000   2.7288361136e+01   0.0000000000e+00   1.4525010949e+01
    563.0000000000   2.7360381625e+01   0.0000000000e+00   1.4565767018e+01
    564.0000000000   2.7431554688e+01   0.0000000000e+00   1.4605304808e+01
    565.0000000000   2.7502005840e+01   0.0000000000e+00   1.4644104167e+01
    566.0000000000   2.7582136781e+01   0.0000000000e+00   1.4682357296e+01
    567.0000000000   2.7655643220e+01   0.0000000000e+00   1.4720167013e+01
    568.0000000000   2.7727621091e+01   0.0000000000e+00   1.4777686372e+01
    569.0000000000   2.7798586645e+01   0.0000000000e+00   1.4823102617e+01
    570.0000000000   2.7879074952e+01   0.0000000000e+00   1.4876324263e+01
    571.0000000000   2.7952842954e+01   0.0000000000e+00   1.4922381708e+01
    572.0000000000   2.8025019515e+01   0.0000000000e+00   1.4966572441e+01
    573.0000000000   2.8096140473e+01   0.0000000000e+00   1.5009565275e+01
    574.0000000000   2.8166434296e+01   0.0000000000e+00   1.5051665027e+01
    575.0000000000   2.8236030176e+01   0.0000000000e+00   1.5093048029e+01
    576.0000000000   2.8315331643e+01   0.0000000000e+00   1.5143873958e+01
    577.0000000000   2.8388035152e+01   0.0000000000e+00   1.5188295642e+01
    578.0000000000   2.8469555807e+01   0.0000000000e+00   1.5241333778e+01
    579.0000000000   2.8554364765e+01   0.0000000000e+00   1.5287573568e+01
    580.0000000000   2.8641682932e+01   0.0000000000e+00   1.5332148890e+01
    581.0000000000   2.8731115619e+01   0.0000000000e+00   1.5375649754e+01
    582.0000000000   2.8812092569e+01   0.0000000000e+00   1.5418337343e+01
    583.0000000000   2.8890480176e+01   0.0000000000e+00   1.5460361635e+01
    584.0000000000   2.8967137700e+01   0.0000000000e+00   1.5511865425e+01
    585.0000000000   2.9042472813e+01   0.0000000000e+00   1.5556990241e+01
    586.0000000000   2.9116726948e+01   0.0000000000e+00   1.5600704498e+01
    587.0000000000   2.9200379615e+01   0.0000000000e+00   1.5643516248e+01
    588.0000000000   2.9277181555e+01   0.0000000000e+00   1.5685639494e+01
    589.0000000000   2.9352269167e+01   0.0000000000e+00   1.5727194355e+01
    590.0000000000   2.9436508459e+01   0.0000000000e+00   1.5768258948e+01
    591.0000000000   2.9524094445e+01   0.0000000000e+00   1.5808888848e+01
    592.0000000000   2.9614172281e+01   0.0000000000e+00   1.5849126025e+01
    593.0000000000   2.9706320959e+01   0.0000000000e+00   1.5889003545e+01
    594.0000000000   2.9789960934e+01   0.0000000000e+00   1.5928548296e+01
    595.0000000000   2.9870956218e+01   0.0000000000e+00   1.5967782669e+01
    596.0000000000   2.9950166718e+01   0.0000000000e+00   1.6006725677e+01
    597.0000000000   3.0028002112e+01   0.0000000000e+00   1.6045393708e+01
    598.0000000000   3.0104706407e+01   0.0000000000e+00   1.6083801073e+01
    599.0000000000   3.0180442781e+01   0.0000000000e+00   1.6121960403e+01
    600.0000000000   3.0265647687e+01   0.0000000000e+00   1.6159882946e+01
    601.0000000000   3.0354365119e+01   0.0000000000e+00   1.6207623271e+01
    602.0000000000   3.0435351178e+01   0.0000000000e+00   1.6249262113e+01
    603.0000000000   3.0514192158e+01   0.0000000000e+00   1.6289723634e+01
    604.0000000000   3.0601919219e+01   0.0000000000e+00   1.6329482365e+01
    605.0000000000   3.0682488784e+01   0.0000000000e+00   1.6378770611e+01
    606.0000000000   3.0761136519e+01   0.0000000000e+00   1.6421759163e+01
    607.0000000000   3.0838464638e+01   0.0000000000e+00   1.6463424938e+01
    608.0000000000   3.0925065939e+01   0.0000000000e+00   1.6504276309e+01
    609.0000000000   3.1004738564e+01   0.0000000000e+00   1.6554568704e+01
    610.0000000000   3.1082642125e+01   0.0000000000e+00   1.6608533934e+01
    611.0000000000   3.1169655283e+01   0.0000000000e+00   1.6655232797e+01
    612.0000000000   3.1249661464e+01   0.0000000000e+00   1.6700098897e+01
    613.0000000000   3.1327855373e+01   0.0000000000e+00   1.6743817447e+01
    614.0000000000   3.1404813747e+01   0.0000000000e+00   1.6786690865e+01
    615.0000000000   3.1480793246e+01   0.0000000000e+00   1.6828889941e+01
    616.0000000000   3.1555943835e+01   0.0000000000e+00   1.6870524430e+01
    617.0000000000   3.1630365980e+01   0.0000000000e+00   1.6911670842e+01
    618.0000000000   3.1704132775e+01   0.0000000000e+00   1.6952385599e+01
    619.0000000000   3.1777300403e+01   0.0000000000e+00   1.6992712069e+01
    620.0000000000   3.1849913773e+01   0.0000000000e+00   1.7032684662e+01
    621.0000000000   3.1932328925e+01   0.0000000000e+00   1.7072331381e+01
    622.0000000000   3.2008213093e+01   0.0000000000e+00   1.7121719953e+01
    623.0000000000   3.2082643191e+01   0.0000000000e+00   1.7174986109e+01
    624.0000000000   3.2156122101e+01   0.0000000000e+00   1.7221134160e+01
    625.0000000000   3.2228856018e+01   0.0000000000e+00   1.7275605996e+01
    626.0000000000   3.2300958352e+01   0.0000000000e+00   1.7323133847e+01
    627.0000000000   3.2382821040e+01   0.0000000000e+00   1.7368918532e+01
    628.0000000000   3.2468450848e+01   0.0000000000e+00   1.7413584961e+01
    629.0000000000   3.2546573123e+01   0.0000000000e+00   1.7477503026e+01
    630.0000000000   3.2622748684e+01   0.0000000000e+00   1.7539022218e+01
    631.0000000000   3.2707987427e+01   0.0000000000e+00   1.7592151532e+01
    632.0000000000   3.2796546951e+01   0.0000000000e+00   1.7642815309e+01
    633.0000000000   3.2877283833e+01   0.0000000000e+00   1.7701942254e+01
    634.0000000000   3.2955837507e+01   0.0000000000e+00   1.7754013402e+01
    635.0000000000   3.3032950126e+01   0.0000000000e+00   1.7814226433e+01
    636.0000000000   3.3108959708e+01   0.0000000000e+00   1.7867274939e+01
    637.0000000000   3.3194381387e+01   0.0000000000e+00   1.7918364904e+01
    638.0000000000   3.3272980185e+01   0.0000000000e+00   1.7968137194e+01
    639.0000000000   3.3360217105e+01   0.0000000000e+00   1.8016890467e+01
    640.0000000000   3.3450595862e+01   0.0000000000e+00   1.8064803283e+01
    641.0000000000   3.3543361457e+01   0.0000000000e+00   1.8111996355e+01
    642.0000000000   3.3627818527e+01   0.0000000000e+00   1.8168602023e+01
    643.0000000000   3.3709775116e+01   0.0000000000e+00   1.8218759093e+01
    644.0000000000   3.3790058897e+01   0.0000000000e+00   1.8267436685e+01
    645.0000000000   3.3869058806e+01   0.0000000000e+00   1.8315145098e+01
    646.0000000000   3.3947004457e+01   0.0000000000e+00   1.8362101244e+01
    647.0000000000   3.4024048466e+01   0.0000000000e+00   1.8408428360e+01
    648.0000000000   3.4100300112e+01   0.0000000000e+00   1.8454207692e+01
    649.0000000000   3.4175841786e+01   0.0000000000e+00   1.8509542300e+01
    650.0000000000   3.4250738007e+01   0.0000000000e+00   1.8558548619e+01
    651.0000000000   3.4335359881e+01   0.0000000000e+00   1.8606178259e+01
    652.0000000000   3.4413386460e+01   0.0000000000e+00   1.8662972022e+01
    653.0000000000   3.4489904095e+01   0.0000000000e+00   1.8723251567e+01
    654.0000000000   3.4565423313e+01   0.0000000000e+00   1.8776118289e+01
    655.0000000000   3.4640156588e+01   0.0000000000e+00   1.8827028488e+01
    656.0000000000   3.4714222537e+01   0.0000000000e+00   1.8876682041e+01
    657.0000000000   3.4787698372e+01   0.0000000000e+00   1.8925391857e+01
    658.0000000000   3.4860639326e+01   0.0000000000e+00   1.8973336798e+01
    659.0000000000   3.4933087488e+01   0.0000000000e+00   1.9020633151e+01
    660.0000000000   3.5005076385e+01   0.0000000000e+00   1.9077407384e+01
    661.0000000000   3.5076633610e+01   0.0000000000e+00   1.9127792250e+01
    662.0000000000   3.5158101535e+01   0.0000000000e+00   1.9176751128e+01
    663.0000000000   3.5233136312e+01   0.0000000000e+00   1.9234833542e+01
    664.0000000000   3.5317124784e+01   0.0000000000e+00   1.9286323290e+01
    665.0000000000   3.5394198264e+01   0.0000000000e+00   1.9336255265e+01
    666.0000000000   3.5469606652e+01   0.0000000000e+00   1.9385173913e+01
    667.0000000000   3.5574894681e+01   0.0000000000e+00   1.9453404310e+01
    668.0000000000   3.5661224477e+01   0.0000000000e+00   1.9509224303e+01
    669.0000000000   3.5764527529e+01   0.0000000000e+00   1.9562553837e+01
    670.0000000000   3.5863926063e+01   0.0000000000e+00   1.9614389743e+01
    671.0000000000   3.5953778490e+01   0.0000000000e+00   1.9665141306e+01
    672.0000000000   3.6061066407e+01   0.0000000000e+00   1.9715031477e+01
    673.0000000000   3.6164439504e+01   0.0000000000e+00   1.9764200859e+01
    674.0000000000   3.6258151356e+01   0.0000000000e+00   1.9812746543e+01
    675.0000000000   3.6358840748e+01   0.0000000000e+00   1.9860739840e+01
    676.0000000000   3.6471840411e+01   0.0000000000e+00   1.9908235528e+01
    677.0000000000   3.6580316517e+01   0.0000000000e+00   1.9955277128e+01
    678.0000000000   3.6678805173e+01   0.0000000000e+00   2.0001900147e+01
    679.0000000000   3.6784037890e+01   0.0000000000e+00   2.0048134169e+01
    680.0000000000   3.6880754804e+01   0.0000000000e+00   2.0094004280e+01
    681.0000000000   3.6974558779e+01   0.0000000000e+00   2.0139532055e+01
    682.0000000000   3.7076588060e+01   0.0000000000e+00   2.0184736280e+01
    683.0000000000   3.7170896526e+01   0.0000000000e+00   2.0239677956e+01
    684.0000000000   3.7262799140e+01   0.0000000000e+00   2.0288443366e+01
    685.0000000000   3.7352961781e+01   0.0000000000e+00   2.0335961507e+01
    686.0000000000   3.7441709636e+01   0.0000000000e+00   2.0382711155e+01
    687.0000000000   3.7529246831e+01   0.0000000000e+00   2.0428883901e+01
    688.0000000000   3.7615717595e+01   0.0000000000e+00   2.0474582278e+01
    689.0000000000   3.7701231026e+01   0.0000000000e+00   2.0519870338e+01
    690.0000000000   3.7785873369e+01   0.0000000000e+00   2.0574836690e+01
    691.0000000000   3.7869714953e+01   0.0000000000e+00   2.0623585486e+01
    692.0000000000   3.7963133552e+01   0.0000000000e+00   2.0671057798e+01
    693.0000000000   3.8060134238e+01   0.0000000000e+00   2.0717740837e+01
    694.0000000000   3.8149446370e+01   0.0000000000e+00   2.0763832234e+01
    695.0000000000   3.8246956483e+01   0.0000000000e+00   2.0809438938e+01
    696.0000000000   3.8336999235e+01   0.0000000000e+00   2.0854628282e+01
    697.0000000000   3.8424935309e+01   0.0000000000e+00   2.0919535816e+01
    698.0000000000   3.8511422555e+01   0.0000000000e+00   2.0972339178e+01
    699.0000000000   3.8607082985e+01   0.0000000000e+00   2.1022896745e+01
    700.0000000000   3.8695731921e+01   0.0000000000e+00   2.1072163784e+01
    701.0000000000   3.8792859074e+01   0.0000000000e+00   2.1130564127e+01
    702.0000000000   3.8892986807e+01   0.0000000000e+00   2.1182369756e+01
    703.0000000000   3.8985054326e+01   0.0000000000e+00   2.1232619488e+01
    704.0000000000   3.9074740277e+01   0.0000000000e+00   2.1281863178e+01
    705.0000000000   3.9162810582e+01   0.0000000000e+00   2.1340385827e+01
    706.0000000000   3.9249619980e+01   0.0000000000e+00   2.1402441311e+01
    707.0000000000   3.9335377413e+01   0.0000000000e+00   2.1457107459e+01
    708.0000000000   3.9420222284e+01   0.0000000000e+00   2.1519875860e+01
    709.0000000000   3.9504255128e+01   0.0000000000e+00   2.1575514289e+01
    710.0000000000   3.9587552416e+01   0.0000000000e+00   2.1629250070e+01
    711.0000000000   3.9670174621e+01   0.0000000000e+00   2.1691772989e+01
    712.0000000000   3.9762490089e+01   0.0000000000e+00   2.1747451709e+01
    713.0000000000   3.9848176011e+01   0.0000000000e+00   2.1801376884e+01
    714.0000000000   3.9942636614e+01   0.0000000000e+00   2.1854131770e+01
    715.0000000000   4.0030017817e+01   0.0000000000e+00   2.1905980689e+01
    716.0000000000   4.0115581965e+01   0.0000000000e+00   2.1957079431e+01
    717.0000000000   4.0199927262e+01   0.0000000000e+00   2.2007532524e+01
    718.0000000000   4.0283316795e+01   0.0000000000e+00   2.2057415748e+01
    719.0000000000   4.0365901303e+01   0.0000000000e+00   2.2106786951e+01
    720.0000000000   4.0447779800e+01   0.0000000000e+00   2.2155691951e+01
    721.0000000000   4.0529023098e+01   0.0000000000e+00   2.2204168060e+01
    722.0000000000   4.0609684872e+01   0.0000000000e+00   2.2252246331e+01
    723.0000000000   4.0700126648e+01   0.0000000000e+00   2.2299953060e+01
    724.0000000000   4.0784019197e+01   0.0000000000e+00   2.2347310839e+01
    725.0000000000   4.0866441770e+01   0.0000000000e+00   2.2394339315e+01
    726.0000000000   4.0958217909e+01   0.0000000000e+00   2.2441055747e+01
    727.0000000000   4.1043191010e+01   0.0000000000e+00   2.2487475432e+01
    728.0000000000   4.1126525486e+01   0.0000000000e+00   2.2533612035e+01
    729.0000000000   4.1208774413e+01   0.0000000000e+00   2.2579477847e+01
    730.0000000000   4.1300494597e+01   0.0000000000e+00   2.2625083985e+01
    731.0000000000   4.1385456666e+01   0.0000000000e+00   2.2680485040e+01
    732.0000000000   4.1468798511e+01   0.0000000000e+00   2.2729761867e+01
    733.0000000000   4.1582019400e+01   0.0000000000e+00   2.2777838823e+01
    734.0000000000   4.1676260522e+01   0.0000000000e+00   2.2825190685e+01
    735.0000000000   4.1766804964e+01   0.0000000000e+00   2.2872005562e+01
    736.0000000000   4.1855178580e+01   0.0000000000e+00   2.2918382936e+01
    737.0000000000   4.1942000796e+01   0.0000000000e+00   2.2964384170e+01
    738.0000000000   4.2048242669e+01   0.0000000000e+00   2.3020095485e+01
    739.0000000000   4.2141383434e+01   0.0000000000e+00   2.3069618900e+01
    740.0000000000   4.2231664581e+01   0.0000000000e+00   2.3117893576e+01
    741.0000000000   4.2330466823e+01   0.0000000000e+00   2.3165404999e+01
    742.0000000000   4.2421875476e+01   0.0000000000e+00   2.3212349243e+01
    743.0000000000   4.2521511434e+01   0.0000000000e+00   2.3258831837e+01
    744.0000000000   4.2613652999e+01   0.0000000000e+00   2.3304918822e+01
    745.0000000000   4.2703650683e+01   0.0000000000e+00   2.3350655616e+01
    746.0000000000   4.2802484035e+01   0.0000000000e+00   2.3396075552e+01
    747.0000000000   4.2894098135e+01   0.0000000000e+00   2.3441204269e+01
    748.0000000000   4.2983728880e+01   0.0000000000e+00   2.3486062212e+01
    749.0000000000   4.3071982229e+01   0.0000000000e+00   2.3550755091e+01
    750.0000000000   4.3159136487e+01   0.0000000000e+00   2.3603440182e+01
    751.0000000000   4.3255677278e+01   0.0000000000e+00   2.3653961222e+01
    752.0000000000   4.3355673299e+01   0.0000000000e+00   2.3703262520e+01
    753.0000000000   4.3458213562e+01   0.0000000000e+00   2.3751714954e+01
    754.0000000000   4.3552528873e+01   0.0000000000e+00   2.3809556631e+01
    755.0000000000   4.3654706065e+01   0.0000000000e+00   2.3871021111e+01
    756.0000000000   4.3749184949e+01   0.0000000000e+00   2.3925174245e+01
    757.0000000000   4.3841389610e+01   0.0000000000e+00   2.3987499171e+01
    758.0000000000   4.3932019472e+01   0.0000000000e+00   2.4042757100e+01
    759.0000000000   4.4021406311e+01   0.0000000000e+00   2.4096169971e+01
    760.0000000000   4.4120069247e+01   0.0000000000e+00   2.4158423023e+01
    761.0000000000   4.4222099371e+01   0.0000000000e+00   2.4213880998e+01
    762.0000000000   4.4316282336e+01   0.0000000000e+00   2.4267631124e+01
    763.0000000000   4.4418543392e+01   0.0000000000e+00   2.4320253636e+01
    764.0000000000   4.4513244811e+01   0.0000000000e+00   2.4372010165e+01
    765.0000000000   4.4605767528e+01   0.0000000000e+00   2.4423054095e+01
    766.0000000000   4.4696784578e+01   0.0000000000e+00   2.4473487786e+01
    767.0000000000   4.4786610478e+01   0.0000000000e+00   2.4533429529e+01
    768.0000000000   4.4885752487e+01   0.0000000000e+00   2.4587006996e+01
    769.0000000000   4.4977974136e+01   0.0000000000e+00   2.4639180245e+01
    770.0000000000   4.5068418699e+01   0.0000000000e+00   2.4690452046e+01
    771.0000000000   4.5157637351e+01   0.0000000000e+00   2.4751077420e+01
    772.0000000000   4.5245872867e+01   0.0000000000e+00   2.4805245770e+01
    773.0000000000   4.5343586323e+01   0.0000000000e+00   2.4857949490e+01
    774.0000000000   4.5434509579e+01   0.0000000000e+00   2.4909709992e+01
    775.0000000000   4.5534082226e+01   0.0000000000e+00   2.4960749335e+01
    776.0000000000   4.5626474584e+01   0.0000000000e+00   2.5011192795e+01
    777.0000000000   4.5716966644e+01   0.0000000000e+00   2.5061121969e+01
    778.0000000000   4.5806169842e+01   0.0000000000e+00   2.5110594877e+01
    779.0000000000   4.5894357476e+01   0.0000000000e+00   2.5159655276e+01
    780.0000000000   4.5981688347e+01   0.0000000000e+00   2.5208337581e+01
    781.0000000000   4.6068267957e+01   0.0000000000e+00   2.5266714196e+01
    782.0000000000   4.6154172422e+01   0.0000000000e+00   2.5318879959e+01
    783.0000000000   4.6239459813e+01   0.0000000000e+00   2.5379814900e+01
    784.0000000000   4.6334495343e+01   0.0000000000e+00   2.5444119004e+01
    785.0000000000   4.6422952903e+01   0.0000000000e+00   2.5500975409e+01
    786.0000000000   4.6509914412e+01   0.0000000000e+00   2.5555872731e+01
    787.0000000000   4.6595886619e+01   0.0000000000e+00   2.5619569975e+01
    788.0000000000   4.6681078783e+01   0.0000000000e+00   2.5676458695e+01
    789.0000000000   4.6765606786e+01   0.0000000000e+00   2.5731636970e+01
    790.0000000000   4.6859864600e+01   0.0000000000e+00   2.5785689462e+01
    791.0000000000   4.6957860691e+01   0.0000000000e+00   2.5838879404e+01
    792.0000000000   4.7058640934e+01   0.0000000000e+00   2.5891360476e+01
    793.0000000000   4.7151403516e+01   0.0000000000e+00   2.5943234730e+01
    794.0000000000   4.7252209669e+01   0.0000000000e+00   2.5994575419e+01
    795.0000000000   4.7345478562e+01   0.0000000000e+00   2.6045437948e+01
    796.0000000000   4.7436617284e+01   0.0000000000e+00   2.6095865843e+01
    797.0000000000   4.7526311040e+01   0.0000000000e+00   2.6145894296e+01
    798.0000000000   4.7614879544e+01   0.0000000000e+00   2.6195552412e+01
    799.0000000000   4.7702512483e+01   0.0000000000e+00   2.6244864707e+01
    800.0000000000   4.7820294036e+01   0.0000000000e+00   2.6303896621e+01
    801.0000000000   4.7919224031e+01   0.0000000000e+00   2.6356737926e+01
    802.0000000000   4.8014522568e+01   0.0000000000e+00   2.6408320393e+01
    803.0000000000   4.8107683322e+01   0.0000000000e+00   2.6459125030e+01
    804.0000000000   4.8209626965e+01   0.0000000000e+00   2.6509345235e+01
    805.0000000000   4.8304312081e+01   0.0000000000e+00   2.6559085016e+01
    806.0000000000   4.8396989621e+01   0.0000000000e+00   2.6608409636e+01
    807.0000000000   4.8488276394e+01   0.0000000000e+00   2.6667408705e+01
    808.0000000000   4.8578458026e+01   0.0000000000e+00   2.6720187202e+01
    809.0000000000   4.8667705925e+01   0.0000000000e+00   2.6771686886e+01
    810.0000000000   4.8766455894e+01   0.0000000000e+00   2.6822395541e+01
    811.0000000000   4.8868748820e+01   0.0000000000e+00   2.6872511277e+01
    812.0000000000   4.8973656279e+01   0.0000000000e+00   2.6932185913e+01
    813.0000000000   4.9070397227e+01   0.0000000000e+00   2.6985558724e+01
    814.0000000000   4.9175049943e+01   0.0000000000e+00   2.7037592457e+01
    815.0000000000   4.9272047780e+01   0.0000000000e+00   2.7088788709e+01
    816.0000000000   4.9377128859e+01   0.0000000000e+00   2.7139355181e+01
    817.0000000000   4.9474624672e+01   0.0000000000e+00   2.7199450630e+01
    818.0000000000   4.9569913914e+01   0.0000000000e+00   2.7253219516e+01
    819.0000000000   4.9663673532e+01   0.0000000000e+00   2.7305628564e+01
    820.0000000000   4.9756222824e+01   0.0000000000e+00   2.7367226958e+01
    821.0000000000   4.9858073375e+01   0.0000000000e+00   2.7422296497e+01
    822.0000000000   4.9952992310e+01   0.0000000000e+00   2.7475869345e+01
    823.0000000000   5.0046125810e+01   0.0000000000e+00   2.7538531430e+01
    824.0000000000   5.0148346461e+01   0.0000000000e+00   2.7594587459e+01
    825.0000000000   5.0243535019e+01   0.0000000000e+00   2.7649084976e+01
    826.0000000000   5.0336885210e+01   0.0000000000e+00   2.7702576325e+01
    827.0000000000   5.0428973656e+01   0.0000000000e+00   2.7755302649e+01
    828.0000000000   5.0520057347e+01   0.0000000000e+00   2.7807401760e+01
    829.0000000000   5.0610286799e+01   0.0000000000e+00   2.7858963864e+01
    830.0000000000   5.0699763133e+01   0.0000000000e+00   2.7910053084e+01
    831.0000000000   5.0788560133e+01   0.0000000000e+00   2.7960717612e+01
    832.0000000000   5.0876734669e+01   0.0000000000e+00   2.8010995150e+01
    833.0000000000   5.0964332315e+01   0.0000000000e+00   2.8070960574e+01
    834.0000000000   5.1061709745e+01   0.0000000000e+00   2.8124710600e+01
    835.0000000000   5.1152534787e+01   0.0000000000e+00   2.8177182228e+01
    836.0000000000   5.1241884913e+01   0.0000000000e+00   2.8228860477e+01
    837.0000000000   5.1340582614e+01   0.0000000000e+00   2.8279941872e+01
    838.0000000000   5.1432470699e+01   0.0000000000e+00   2.8340577363e+01
    839.0000000000   5.1522713295e+01   0.0000000000e+00   2.8394905795e+01
    840.0000000000   5.1611863386e+01   0.0000000000e+00   2.8447889764e+01
    841.0000000000   5.1700158725e+01   0.0000000000e+00   2.8500030881e+01
    842.0000000000   5.1787733922e+01   0.0000000000e+00   2.8551536968e+01
    843.0000000000   5.1884995853e+01   0.0000000000e+00   2.8602522494e+01
    844.0000000000   5.1975643125e+01   0.0000000000e+00   2.8663105000e+01
    845.0000000000   5.2085411370e+01   0.0000000000e+00   2.8717407188e+01
    846.0000000000   5.2192408855e+01   0.0000000000e+00   2.8770382929e+01
    847.0000000000   5.2290588357e+01   0.0000000000e+00   2.8822528729e+01
    848.0000000000   5.2386080176e+01   0.0000000000e+00   2.8874049227e+01
    849.0000000000   5.2490132918e+01   0.0000000000e+00   2.8925056807e+01
    850.0000000000   5.2586814680e+01   0.0000000000e+00   2.8975623109e+01
    851.0000000000   5.2691745350e+01   0.0000000000e+00   2.9025798213e+01
    852.0000000000   5.2789204363e+01   0.0000000000e+00   2.9095708327e+01
    853.0000000000   5.2894862141e+01   0.0000000000e+00   2.9153525665e+01
    854.0000000000   5.2993015485e+01   0.0000000000e+00   2.9209105299e+01
    855.0000000000   5.3099342423e+01   0.0000000000e+00   2.9263400405e+01
    856.0000000000   5.3198143823e+01   0.0000000000e+00   2.9326833452e+01
    857.0000000000   5.3294781198e+01   0.0000000000e+00   2.9383675518e+01
    858.0000000000   5.3389921133e+01   0.0000000000e+00   2.9438964806e+01
    859.0000000000   5.3483876321e+01   0.0000000000e+00   2.9493250746e+01
    860.0000000000   5.3576834829e+01   0.0000000000e+00   2.9546773569e+01
    861.0000000000   5.3668924565e+01   0.0000000000e+00   2.9599670854e+01
    862.0000000000   5.3760239201e+01   0.0000000000e+00   2.9652032799e+01
    863.0000000000   5.3850850833e+01   0.0000000000e+00   2.9703923586e+01
    864.0000000000   5.3951136056e+01   0.0000000000e+00   2.9755391473e+01
    865.0000000000   5.4055097214e+01   0.0000000000e+00   2.9806474214e+01
    866.0000000000   5.4151460143e+01   0.0000000000e+00   2.9867246720e+01
    867.0000000000   5.4256107491e+01   0.0000000000e+00   2.9921805725e+01
    868.0000000000   5.4363689000e+01   0.0000000000e+00   2.9975088234e+01
    869.0000000000   5.4463197501e+01   0.0000000000e+00   3.0027579258e+01
    870.0000000000   5.4560337234e+01   0.0000000000e+00   3.0079475306e+01
    871.0000000000   5.4666206205e+01   0.0000000000e+00   3.0140927306e+01
    872.0000000000   5.4764802001e+01   0.0000000000e+00   3.0196074075e+01
    873.0000000000   5.4861387177e+01   0.0000000000e+00   3.0249878175e+01
    874.0000000000   5.4956582309e+01   0.0000000000e+00   3.0302841186e+01
    875.0000000000   5.5060993182e+01   0.0000000000e+00   3.0355170893e+01
    876.0000000000   5.5158427386e+01   0.0000000000e+00   3.0406981727e+01
    877.0000000000   5.5254051576e+01   0.0000000000e+00   3.0458346720e+01
    878.0000000000   5.5348430679e+01   0.0000000000e+00   3.0509316924e+01
    879.0000000000   5.5441816128e+01   0.0000000000e+00   3.0559930305e+01
    880.0000000000   5.5534355617e+01   0.0000000000e+00   3.0620260855e+01
    881.0000000000   5.5626148751e+01   0.0000000000e+00   3.0684448392e+01
    882.0000000000   5.5727587548e+01   0.0000000000e+00   3.0741499977e+01
    883.0000000000   5.5822364500e+01   0.0000000000e+00   3.0796814929e+01
    884.0000000000   5.5915575122e+01   0.0000000000e+00   3.0851055207e+01
    885.0000000000   5.6018055582e+01   0.0000000000e+00   3.0904506730e+01
    886.0000000000   5.6123978438e+01   0.0000000000e+00   3.0967372638e+01
    887.0000000000   5.6222152449e+01   0.0000000000e+00   3.1023825145e+01
    888.0000000000   5.6318187767e+01   0.0000000000e+00   3.1078849555e+01
    889.0000000000   5.6412807556e+01   0.0000000000e+00   3.1143008146e+01
    890.0000000000   5.6516656086e+01   0.0000000000e+00   3.1200592309e+01
    891.0000000000   5.6613556594e+01   0.0000000000e+00   3.1256641468e+01
    892.0000000000   5.6719000955e+01   0.0000000000e+00   3.1311702710e+01
    893.0000000000   5.6817192044e+01   0.0000000000e+00   3.1386102546e+01
    894.0000000000   5.6913431332e+01   0.0000000000e+00   3.1448119476e+01
    895.0000000000   5.7018664114e+01   0.0000000000e+00   3.1507673587e+01
    896.0000000000   5.7116810302e+01   0.0000000000e+00   3.1575805978e+01
    897.0000000000   5.7213086588e+01   0.0000000000e+00   3.1636997113e+01
    898.0000000000   5.7318402934e+01   0.0000000000e+00   3.1696385230e+01
    899.0000000000   5.7426980739e+01   0.0000000000e+00   3.1764621678e+01
    900.0000000000   5.7537982097e+01   0.0000000000e+00   3.1826055290e+01
    901.0000000000   5.7640678345e+01   0.0000000000e+00   3.1895809711e+01
    902.0000000000   5.7740861856e+01   0.0000000000e+00   3.1958532597e+01
    903.0000000000   5.7839352226e+01   0.0000000000e+00   3.2019399322e+01
    904.0000000000   5.7946853123e+01   0.0000000000e+00   3.2079029260e+01
    905.0000000000   5.8057546991e+01   0.0000000000e+00   3.2147749835e+01
    906.0000000000   5.8201547931e+01   0.0000000000e+00   3.2219843834e+01
    907.0000000000   5.8319039127e+01   0.0000000000e+00   3.2294454744e+01
    908.0000000000   5.8430969370e+01   0.0000000000e+00   3.2371162074e+01
    909.0000000000   5.8549922300e+01   0.0000000000e+00   3.2439662472e+01
    910.0000000000   5.8660481452e+01   0.0000000000e+00   3.2515705336e+01
    911.0000000000   5.8778534100e+01   0.0000000000e+00   3.2584197353e+01
    912.0000000000   5.8898840592e+01   0.0000000000e+00   3.2650451753e+01
    913.0000000000   5.9010496185e+01   0.0000000000e+00   3.2725216343e+01
    914.0000000000   5.9139926647e+01   0.0000000000e+00   3.2792901451e+01
    915.0000000000   5.9255249784e+01   0.0000000000e+00   3.2858629034e+01
    916.0000000000   5.9377300231e+01   0.0000000000e+00   3.2923006702e+01
    917.0000000000   5.9490929387e+01   0.0000000000e+00   3.2986318239e+01
    918.0000000000   5.9601735866e+01   0.0000000000e+00   3.3048735341e+01
    919.0000000000   5.9710520752e+01   0.0000000000e+00   3.3110375766e+01
    920.0000000000   5.9817684444e+01   0.0000000000e+00   3.3171326469e+01
    921.0000000000   5.9923477242e+01   0.0000000000e+00   3.3231654855e+01
    922.0000000000   6.0028073768e+01   0.0000000000e+00   3.3291415008e+01
    923.0000000000   6.0141923287e+01   0.0000000000e+00   3.3350651450e+01
    924.0000000000   6.0248763413e+01   0.0000000000e+00   3.3409401580e+01
    925.0000000000   6.0353726131e+01   0.0000000000e+00   3.3467697320e+01
    926.0000000000   6.0477996776e+01   0.0000000000e+00   3.3525566278e+01
    927.0000000000   6.0589090171e+01   0.0000000000e+00   3.3583032599e+01
    928.0000000000   6.0697250649e+01   0.0000000000e+00   3.3640117598e+01
    929.0000000000   6.0803536251e+01   0.0000000000e+00   3.3696840248e+01
    930.0000000000   6.0918711341e+01   0.0000000000e+00   3.3753217553e+01
    931.0000000000   6.1026660747e+01   0.0000000000e+00   3.3809264853e+01
    932.0000000000   6.1132595546e+01   0.0000000000e+00   3.3864996062e+01
    933.0000000000   6.1247428350e+01   0.0000000000e+00   3.3940512808e+01
    934.0000000000   6.1365385801e+01   0.0000000000e+00   3.4014014400e+01
    935.0000000000   6.1475316868e+01   0.0000000000e+00   3.4079414856e+01
    936.0000000000   6.1593181849e+01   0.0000000000e+00   3.4152618271e+01
    937.0000000000   6.1703364760e+01   0.0000000000e+00   3.4228578540e+01
    938.0000000000   6.1811261211e+01   0.0000000000e+00   3.4296658002e+01
    939.0000000000   6.1917554800e+01   0.0000000000e+00   3.4362450336e+01
    940.0000000000   6.2022568051e+01   0.0000000000e+00   3.4426737643e+01
    941.0000000000   6.2126495460e+01   0.0000000000e+00   3.4489886235e+01
    942.0000000000   6.2239788679e+01   0.0000000000e+00   3.4552111704e+01
    943.0000000000   6.2356500268e+01   0.0000000000e+00   3.4613556721e+01
    944.0000000000   6.2465391794e+01   0.0000000000e+00   3.4684367344e+01
    945.0000000000   6.2572053446e+01   0.0000000000e+00   3.4748691285e+01
    946.0000000000   6.2687519403e+01   0.0000000000e+00   3.4811503599e+01
    947.0000000000   6.2795748597e+01   0.0000000000e+00   3.4883363103e+01
    948.0000000000   6.2912297974e+01   0.0000000000e+00   3.4948561117e+01
    949.0000000000   6.3021407851e+01   0.0000000000e+00   3.5012138707e+01
    950.0000000000   6.3128404023e+01   0.0000000000e+00   3.5084689927e+01
    951.0000000000   6.3233929923e+01   0.0000000000e+00   3.5150526836e+01
    952.0000000000   6.3338282318e+01   0.0000000000e+00   3.5214703595e+01
    953.0000000000   6.3441637894e+01   0.0000000000e+00   3.5287822988e+01
    954.0000000000   6.3544116200e+01   0.0000000000e+00   3.5354203148e+01
    955.0000000000   6.3645804666e+01   0.0000000000e+00   3.5418902623e+01
    956.0000000000   6.3757089751e+01   0.0000000000e+00   3.5482482981e+01
    957.0000000000   6.3861661489e+01   0.0000000000e+00   3.5555237707e+01
    958.0000000000   6.3964614517e+01   0.0000000000e+00   3.5631427504e+01
    959.0000000000   6.4076784976e+01   0.0000000000e+00   3.5710180487e+01
    960.0000000000   6.4202664962e+01   0.0000000000e+00   3.5781020473e+01
    961.0000000000   6.4314700084e+01   0.0000000000e+00   3.5849564034e+01
    962.0000000000   6.4423551637e+01   0.0000000000e+00   3.5916593666e+01
    963.0000000000   6.4530423458e+01   0.0000000000e+00   3.5992516784e+01
    964.0000000000   6.4646146633e+01   0.0000000000e+00   3.6061617328e+01
    965.0000000000   6.4754640712e+01   0.0000000000e+00   3.6128951397e+01
    966.0000000000   6.4861136109e+01   0.0000000000e+00   3.6195085900e+01
    967.0000000000   6.4976556544e+01   0.0000000000e+00   3.6260276824e+01
    968.0000000000   6.5084815957e+01   0.0000000000e+00   3.6324675615e+01
    969.0000000000   6.5191130719e+01   0.0000000000e+00   3.6388384608e+01
    970.0000000000   6.5296093535e+01   0.0000000000e+00   3.6451478627e+01
    971.0000000000   6.5399973197e+01   0.0000000000e+00   3.6514015297e+01
    972.0000000000   6.5502929129e+01   0.0000000000e+00   3.6576040663e+01
    973.0000000000   6.5615388424e+01   0.0000000000e+00   3.6637592541e+01
    974.0000000000   6.5721066428e+01   0.0000000000e+00   3.6708747132e+01
    975.0000000000   6.5825074649e+01   0.0000000000e+00   3.6773603120e+01
    976.0000000000   6.5927941949e+01   0.0000000000e+00   3.6837099802e+01
    977.0000000000   6.6040213786e+01   0.0000000000e+00   3.6909769116e+01
    978.0000000000   6.6145655787e+01   0.0000000000e+00   3.6975881676e+01
    979.0000000000   6.6249404166e+01   0.0000000000e+00   3.7040462284e+01
    980.0000000000   6.6352001052e+01   0.0000000000e+00   3.7104047521e+01
    981.0000000000   6.6453680352e+01   0.0000000000e+00   3.7166867295e+01
    982.0000000000   6.6554575995e+01   0.0000000000e+00   3.7229051249e+01
    983.0000000000   6.6654776592e+01   0.0000000000e+00   3.7290683562e+01
    984.0000000000   6.6764665237e+01   0.0000000000e+00   3.7361868340e+01
    985.0000000000   6.6867927094e+01   0.0000000000e+00   3.7426722023e+01
    986.0000000000   6.6969651590e+01   0.0000000000e+00   3.7490195657e+01
    987.0000000000   6.7080669785e+01   0.0000000000e+00   3.7552784707e+01
    988.0000000000   6.7184830833e+01   0.0000000000e+00   3.7614693747e+01
    989.0000000000   6.7287303681e+01   0.0000000000e+00   3.7676035648e+01
    990.0000000000   6.7388645060e+01   0.0000000000e+00   3.7736882854e+01
    991.0000000000   6.7489095695e+01   0.0000000000e+00   3.7797286423e+01
    992.0000000000   6.7588792592e+01   0.0000000000e+00   3.7857284695e+01
    993.0000000000   6.7687825505e+01   0.0000000000e+00   3.7916907789e+01
    994.0000000000   6.7786258547e+01   0.0000000000e+00   3.7976180179e+01
    995.0000000000   6.7884140282e+01   0.0000000000e+00   3.8035122274e+01
    996.0000000000   6.7991828175e+01   0.0000000000e+00   3.8093751449e+01
    997.0000000000   6.8103308756e+01   0.0000000000e+00   3.8152082737e+01
    998.0000000000   6.8207294608e+01   0.0000000000e+00   3.8210129328e+01
    999.0000000000   6.8309338051e+01   0.0000000000e+00   3.8267902922e+01
   1000.0000000000   6.8420443067e+01   0.0000000000e+00   3.8325413998e+01
   1001.0000000000   6.8534862995e+01   0.0000000000e+00   3.8382672017e+01
   1002.0000000000   6.8641451249e+01   0.0000000000e+00   3.8439685586e+01
   1003.0000000000   6.8756163946e+01   0.0000000000e+00   3.8496462576e+01
   1004.0000000000   6.8863377501e+01   0.0000000000e+00   3.8553010229e+01
   1005.0000000000   6.8968478718e+01   0.0000000000e+00   3.8609335236e+01
   1006.0000000000   6.9072142176e+01   0.0000000000e+00   3.8675488283e+01
   1007.0000000000   6.9185000703e+01   0.0000000000e+00   3.8735546767e+01
   1008.0000000000   6.9290876581e+01   0.0000000000e+00   3.8794431964e+01
   1009.0000000000   6.9394944809e+01   0.0000000000e+00   3.8862660370e+01
   1010.0000000000   6.9497775142e+01   0.0000000000e+00   3.8924489234e+01
   1011.0000000000   6.9599621777e+01   0.0000000000e+00   3.8984931679e+01
   1012.0000000000   6.9700633912e+01   0.0000000000e+00   3.9044514010e+01
   1013.0000000000   6.9811230955e+01   0.0000000000e+00   3.9113501495e+01
   1014.0000000000   6.9925441263e+01   0.0000000000e+00   3.9176087262e+01
   1015.0000000000   7.0042326567e+01   0.0000000000e+00   3.9247308541e+01
   1016.0000000000   7.0161416988e+01   0.0000000000e+00   3.9311756959e+01
   1017.0000000000   7.0282420443e+01   0.0000000000e+00   3.9374568136e+01
   1018.0000000000   7.0405134229e+01   0.0000000000e+00   3.9436331557e+01
   1019.0000000000   7.0519088653e+01   0.0000000000e+00   3.9497306781e+01
   1020.0000000000   7.0630211248e+01   0.0000000000e+00   3.9557641662e+01
   1021.0000000000   7.0739402082e+01   0.0000000000e+00   3.9617432207e+01
   1022.0000000000   7.0847097866e+01   0.0000000000e+00   3.9686790472e+01
   1023.0000000000   7.0953561686e+01   0.0000000000e+00   3.9759882815e+01
   1024.0000000000   7.1058970682e+01   0.0000000000e+00   3.9825735654e+01
   1025.0000000000   7.1163452748e+01   0.0000000000e+00   3.9889762913e+01
   1026.0000000000   7.1267104794e+01   0.0000000000e+00   3.9952637875e+01
   1027.0000000000   7.1370002939e+01   0.0000000000e+00   4.0014655428e+01
   1028.0000000000   7.1482527732e+01   0.0000000000e+00   4.0075981483e+01
   1029.0000000000   7.1588366039e+01   0.0000000000e+00   4.0136722579e+01
   1030.0000000000   7.1692610773e+01   0.0000000000e+00   4.0196953082e+01
   1031.0000000000   7.1795778037e+01   0.0000000000e+00   4.0256727987e+01
   1032.0000000000   7.1898085094e+01   0.0000000000e+00   4.0316089726e+01
   1033.0000000000   7.2009973802e+01   0.0000000000e+00   4.0375072107e+01
   1034.0000000000   7.2125480225e+01   0.0000000000e+00   4.0433702765e+01
   1035.0000000000   7.2233349196e+01   0.0000000000e+00   4.0492004758e+01
   1036.0000000000   7.2339155624e+01   0.0000000000e+00   4.0549997653e+01
   1037.0000000000   7.2443601105e+01   0.0000000000e+00   4.0607698288e+01
   1038.0000000000   7.2567634797e+01   0.0000000000e+00   4.0665121332e+01
   1039.0000000000   7.2678706206e+01   0.0000000000e+00   4.0722279697e+01
   1040.0000000000   7.2787031247e+01   0.0000000000e+00   4.0779184845e+01
   1041.0000000000   7.2893651043e+01   0.0000000000e+00   4.0845891511e+01
   1042.0000000000   7.3009317605e+01   0.0000000000e+00   4.0906480553e+01
   1043.0000000000   7.3117905636e+01   0.0000000000e+00   4.0975920696e+01
   1044.0000000000   7.3224617415e+01   0.0000000000e+00   4.1038758145e+01
   1045.0000000000   7.3330038590e+01   0.0000000000e+00   4.1110141116e+01
   1046.0000000000   7.3434433429e+01   0.0000000000e+00   4.1174707378e+01
   1047.0000000000   7.3548277032e+01   0.0000000000e+00   4.1237614729e+01
   1048.0000000000   7.3665629806e+01   0.0000000000e+00   4.1309508786e+01
   1049.0000000000   7.3775254919e+01   0.0000000000e+00   4.1374727214e+01
   1050.0000000000   7.3882741418e+01   0.0000000000e+00   4.1438337506e+01
   1051.0000000000   7.3988802006e+01   0.0000000000e+00   4.1510949334e+01
   1052.0000000000   7.4093756548e+01   0.0000000000e+00   4.1576884109e+01
   1053.0000000000   7.4197789486e+01   0.0000000000e+00   4.1641201547e+01
   1054.0000000000   7.4321660294e+01   0.0000000000e+00   4.1704463127e+01
   1055.0000000000   7.4432727834e+01   0.0000000000e+00   4.1776961471e+01
   1056.0000000000   7.4551477139e+01   0.0000000000e+00   4.1842911493e+01
   1057.0000000000   7.4672874328e+01   0.0000000000e+00   4.1917368106e+01
   1058.0000000000   7.4796338279e+01   0.0000000000e+00   4.1984937527e+01
   1059.0000000000   7.4911260422e+01   0.0000000000e+00   4.2050767571e+01
   1060.0000000000   7.5023499201e+01   0.0000000000e+00   4.2115458042e+01
   1061.0000000000   7.5133914553e+01   0.0000000000e+00   4.2179277313e+01
   1062.0000000000   7.5242917542e+01   0.0000000000e+00   4.2242380839e+01
   1063.0000000000   7.5350753766e+01   0.0000000000e+00   4.2304871227e+01
   1064.0000000000   7.5467906954e+01   0.0000000000e+00   4.2366821833e+01
   1065.0000000000   7.5578131861e+01   0.0000000000e+00   4.2428288016e+01
   1066.0000000000   7.5707206776e+01   0.0000000000e+00   4.2499357688e+01
   1067.0000000000   7.5833273367e+01   0.0000000000e+00   4.2564137568e+01
   1068.0000000000   7.5960630276e+01   0.0000000000e+00   4.2627572563e+01
   1069.0000000000   7.6079065821e+01   0.0000000000e+00   4.2690154093e+01
   1070.0000000000   7.6204897054e+01   0.0000000000e+00   4.2762128440e+01
   1071.0000000000   7.6333006182e+01   0.0000000000e+00   4.2827678119e+01
   1072.0000000000   7.6452528985e+01   0.0000000000e+00   4.2891790000e+01
   1073.0000000000   7.6569265548e+01   0.0000000000e+00   4.2954980997e+01
   1074.0000000000   7.6684062999e+01   0.0000000000e+00   4.3017469451e+01
   1075.0000000000   7.6797333507e+01   0.0000000000e+00   4.3079377537e+01
   1076.0000000000   7.6909328350e+01   0.0000000000e+00   4.3150828712e+01
   1077.0000000000   7.7020219167e+01   0.0000000000e+00   4.3215950382e+01
   1078.0000000000   7.7130131670e+01   0.0000000000e+00   4.3279700262e+01
   1079.0000000000   7.7249481508e+01   0.0000000000e+00   4.3342578074e+01
   1080.0000000000   7.7361981590e+01   0.0000000000e+00   4.3404791189e+01
   1081.0000000000   7.7472744873e+01   0.0000000000e+00   4.3466454347e+01
   1082.0000000000   7.7592622428e+01   0.0000000000e+00   4.3527641245e+01
   1083.0000000000   7.7705480526e+01   0.0000000000e+00   4.3588403775e+01
   1084.0000000000   7.7816502850e+01   0.0000000000e+00   4.3648780809e+01
   1085.0000000000   7.7926258905e+01   0.0000000000e+00   4.3708802784e+01
   1086.0000000000   7.8035000560e+01   0.0000000000e+00   4.3768494335e+01
   1087.0000000000   7.8142874605e+01   0.0000000000e+00   4.3827875916e+01
   1088.0000000000   7.8249979428e+01   0.0000000000e+00   4.3886964856e+01
   1089.0000000000   7.8366705893e+01   0.0000000000e+00   4.3945776079e+01
   1090.0000000000   7.8476745527e+01   0.0000000000e+00   4.4004322613e+01
   1091.0000000000   7.8585193096e+01   0.0000000000e+00   4.4062615958e+01
   1092.0000000000   7.8692565133e+01   0.0000000000e+00   4.4120666366e+01
   1093.0000000000   7.8799078607e+01   0.0000000000e+00   4.4188527521e+01
   1094.0000000000   7.8904855659e+01   0.0000000000e+00   4.4260323847e+01
   1095.0000000000   7.9020295444e+01   0.0000000000e+00   4.4325050415e+01
   1096.0000000000   7.9129091721e+01   0.0000000000e+00   4.4398141469e+01
   1097.0000000000   7.9236338902e+01   0.0000000000e+00   4.4464322840e+01
   1098.0000000000   7.9342552038e+01   0.0000000000e+00   4.4528789942e+01
   1099.0000000000   7.9478903420e+01   0.0000000000e+00   4.4592163079e+01
   1100.0000000000   7.9596421479e+01   0.0000000000e+00   4.4654719241e+01
   1101.0000000000   7.9710334993e+01   0.0000000000e+00   4.4726661280e+01
   1102.0000000000   7.9822138726e+01   0.0000000000e+00   4.4792163484e+01
   1103.0000000000   7.9932432365e+01   0.0000000000e+00   4.4856213692e+01
   1104.0000000000   8.0041535360e+01   0.0000000000e+00   4.4919332113e+01
   1105.0000000000   8.0149645102e+01   0.0000000000e+00   4.4981740630e+01
   1106.0000000000   8.0256895462e+01   0.0000000000e+00   4.5043564584e+01
   1107.0000000000   8.0373702342e+01   0.0000000000e+00   4.5104885610e+01
   1108.0000000000   8.0483775254e+01   0.0000000000e+00   4.5165761651e+01
   1109.0000000000   8.0602541211e+01   0.0000000000e+00   4.5226236272e+01
   1110.0000000000   8.0714162663e+01   0.0000000000e+00   4.5296388071e+01
   1111.0000000000   8.0823914229e+01   0.0000000000e+00   4.5370360692e+01
   1112.0000000000   8.0942722482e+01   0.0000000000e+00   4.5437164413e+01
   1113.0000000000   8.1054493769e+01   0.0000000000e+00   4.5502201273e+01
   1114.0000000000   8.1164434645e+01   0.0000000000e+00   4.5566135557e+01
   1115.0000000000   8.1273128204e+01   0.0000000000e+00   4.5629255180e+01
   1116.0000000000   8.1380834536e+01   0.0000000000e+00   4.5691720543e+01
   1117.0000000000   8.1487705377e+01   0.0000000000e+00   4.5753633755e+01
   1118.0000000000   8.1593842004e+01   0.0000000000e+00   4.5815065574e+01
   1119.0000000000   8.1719955916e+01   0.0000000000e+00   4.5876068018e+01
   1120.0000000000   8.1833375437e+01   0.0000000000e+00   4.5936681030e+01
   1121.0000000000   8.1944245677e+01   0.0000000000e+00   4.5996936320e+01
   1122.0000000000   8.2063881655e+01   0.0000000000e+00   4.6056859741e+01
   1123.0000000000   8.2176321706e+01   0.0000000000e+00   4.6126517292e+01
   1124.0000000000   8.2286832779e+01   0.0000000000e+00   4.6189998824e+01
   1125.0000000000   8.2406349493e+01   0.0000000000e+00   4.6252235891e+01
   1126.0000000000   8.2518787377e+01   0.0000000000e+00   4.6313709102e+01
   1127.0000000000   8.2629360792e+01   0.0000000000e+00   4.6374611345e+01
   1128.0000000000   8.2738659072e+01   0.0000000000e+00   4.6435046054e+01
   1129.0000000000   8.2857266319e+01   0.0000000000e+00   4.6495077889e+01
   1130.0000000000   8.2968974298e+01   0.0000000000e+00   4.6554751370e+01
   1131.0000000000   8.3089256746e+01   0.0000000000e+00   4.6624143725e+01
   1132.0000000000   8.3202305336e+01   0.0000000000e+00   4.6697396326e+01
   1133.0000000000   8.3323733337e+01   0.0000000000e+00   4.6763516897e+01
   1134.0000000000   8.3437798143e+01   0.0000000000e+00   4.6827904927e+01
   1135.0000000000   8.3549830331e+01   0.0000000000e+00   4.6891222273e+01
   1136.0000000000   8.3660473535e+01   0.0000000000e+00   4.6973843548e+01
   1137.0000000000   8.3770022865e+01   0.0000000000e+00   4.7044070311e+01
   1138.0000000000   8.3878652579e+01   0.0000000000e+00   4.7111834531e+01
   1139.0000000000   8.3986479511e+01   0.0000000000e+00   4.7178139166e+01
   1140.0000000000   8.4103907392e+01   0.0000000000e+00   4.7253440903e+01
   1141.0000000000   8.4214636981e+01   0.0000000000e+00   4.7322035418e+01
   1142.0000000000   8.4323769794e+01   0.0000000000e+00   4.7388979228e+01
   1143.0000000000   8.4431827377e+01   0.0000000000e+00   4.7454835786e+01
   1144.0000000000   8.4549349548e+01   0.0000000000e+00   4.7519856313e+01
   1145.0000000000   8.4660097413e+01   0.0000000000e+00   4.7584187166e+01
   1146.0000000000   8.4769203454e+01   0.0000000000e+00   4.7647925673e+01
   1147.0000000000   8.4877206641e+01   0.0000000000e+00   4.7711141887e+01
   1148.0000000000   8.4984338155e+01   0.0000000000e+00   4.7773888962e+01
   1149.0000000000   8.5090729541e+01   0.0000000000e+00   4.7836208782e+01
   1150.0000000000   8.5206786376e+01   0.0000000000e+00   4.7898135296e+01
   1151.0000000000   8.5326525987e+01   0.0000000000e+00   4.7969741120e+01
   1152.0000000000   8.5449001171e+01   0.0000000000e+00   4.8035121609e+01
   1153.0000000000   8.5563415633e+01   0.0000000000e+00   4.8099212966e+01
   1154.0000000000   8.5675515986e+01   0.0000000000e+00   4.8162499773e+01
   1155.0000000000   8.5796408026e+01   0.0000000000e+00   4.8235222822e+01
   1156.0000000000   8.5910087756e+01   0.0000000000e+00   4.8301560147e+01
   1157.0000000000   8.6032132577e+01   0.0000000000e+00   4.8366494898e+01
   1158.0000000000   8.6146794405e+01   0.0000000000e+00   4.8430540859e+01
   1159.0000000000   8.6269724649e+01   0.0000000000e+00   4.8493913713e+01
   1160.0000000000   8.6395525436e+01   0.0000000000e+00   4.8556733347e+01
   1161.0000000000   8.6523500604e+01   0.0000000000e+00   4.8619076762e+01
   1162.0000000000   8.6642993328e+01   0.0000000000e+00   4.8680998018e+01
   1163.0000000000   8.6759838551e+01   0.0000000000e+00   4.8742537437e+01
   1164.0000000000   8.6874883621e+01   0.0000000000e+00   4.8803726436e+01
   1165.0000000000   8.6988532396e+01   0.0000000000e+00   4.8864590307e+01
   1166.0000000000   8.7101026133e+01   0.0000000000e+00   4.8925149947e+01
   1167.0000000000   8.7212526753e+01   0.0000000000e+00   4.8985422970e+01
   1168.0000000000   8.7323151117e+01   0.0000000000e+00   4.9055468954e+01
   1169.0000000000   8.7432987894e+01   0.0000000000e+00   4.9119372637e+01
   1170.0000000000   8.7552425966e+01   0.0000000000e+00   4.9182061431e+01
   1171.0000000000   8.7665157971e+01   0.0000000000e+00   4.9244012539e+01
   1172.0000000000   8.7776280949e+01   0.0000000000e+00   4.9305416016e+01
   1173.0000000000   8.7896633139e+01   0.0000000000e+00   4.9366372913e+01
   1174.0000000000   8.8010070224e+01   0.0000000000e+00   4.9436990335e+01
   1175.0000000000   8.8121767007e+01   0.0000000000e+00   4.9501382675e+01
   1176.0000000000   8.8232285429e+01   0.0000000000e+00   4.9564497054e+01
   1177.0000000000   8.8341870834e+01   0.0000000000e+00   4.9646913351e+01
   1178.0000000000   8.8450664328e+01   0.0000000000e+00   4.9716974760e+01
   1179.0000000000   8.8558759300e+01   0.0000000000e+00   4.9784621440e+01
   1180.0000000000   8.8676542183e+01   0.0000000000e+00   4.9860900017e+01
   1181.0000000000   8.8798019635e+01   0.0000000000e+00   4.9930290985e+01
   1182.0000000000   8.8911919001e+01   0.0000000000e+00   4.9997930440e+01
   1183.0000000000   8.9034122959e+01   0.0000000000e+00   5.0064422288e+01
   1184.0000000000   8.9159280502e+01   0.0000000000e+00   5.0130040557e+01
   1185.0000000000   8.9276383326e+01   0.0000000000e+00   5.0194945397e+01
   1186.0000000000   8.9411772526e+01   0.0000000000e+00   5.0259242905e+01
   1187.0000000000   8.9533497899e+01   0.0000000000e+00   5.0323008926e+01
   1188.0000000000   8.9652020063e+01   0.0000000000e+00   5.0386300546e+01
   1189.0000000000   8.9768509412e+01   0.0000000000e+00   5.0449162371e+01
   1190.0000000000   8.9893796260e+01   0.0000000000e+00   5.0511630273e+01
   1191.0000000000   9.0011807024e+01   0.0000000000e+00   5.0573733757e+01
   1192.0000000000   9.0127780247e+01   0.0000000000e+00   5.0635497548e+01
   1193.0000000000   9.0242328156e+01   0.0000000000e+00   5.0696942680e+01
   1194.0000000000   9.0355735170e+01   0.0000000000e+00   5.0758087287e+01
   1195.0000000000   9.0468173003e+01   0.0000000000e+00   5.0818947172e+01
   1196.0000000000   9.0579759343e+01   0.0000000000e+00   5.0879536242e+01
   1197.0000000000   9.0690581102e+01   0.0000000000e+00   5.0939866841e+01
   1198.0000000000   9.0800705694e+01   0.0000000000e+00   5.0999950003e+01
   1199.0000000000   9.0910187261e+01   0.0000000000e+00   5.1069840133e+01
   1200.0000000000   9.1039708615e+01   0.0000000000e+00   5.1133617834e+01
   1201.0000000000   9.1166898659e+01   0.0000000000e+00   5.1206251632e+01
   1202.0000000000   9.1285526171e+01   0.0000000000e+00   5.1272287571e+01
   1203.0000000000   9.1401628690e+01   0.0000000000e+00   5.1346873738e+01
   1204.0000000000   9.1516081968e+01   0.0000000000e+00   5.1414647796e+01
   1205.0000000000   9.1629284017e+01   0.0000000000e+00   5.1480767458e+01
   1206.0000000000   9.1741462637e+01   0.0000000000e+00   5.1545833788e+01
   1207.0000000000   9.1852765548e+01   0.0000000000e+00   5.1610112781e+01
   1208.0000000000   9.1973615652e+01   0.0000000000e+00   5.1673756004e+01
   1209.0000000000   9.2087726283e+01   0.0000000000e+00   5.1736861656e+01
   1210.0000000000   9.2200207587e+01   0.0000000000e+00   5.1809543096e+01
   1211.0000000000   9.2321906330e+01   0.0000000000e+00   5.1875922980e+01
   1212.0000000000   9.2436683870e+01   0.0000000000e+00   5.1940956560e+01
   1213.0000000000   9.2549718833e+01   0.0000000000e+00   5.2005142125e+01
   1214.0000000000   9.2661575759e+01   0.0000000000e+00   5.2068686110e+01
   1215.0000000000   9.2782820852e+01   0.0000000000e+00   5.2131702555e+01
   1216.0000000000   9.2907551632e+01   0.0000000000e+00   5.2194264572e+01
   1217.0000000000   9.3024548686e+01   0.0000000000e+00   5.2266467997e+01
   1218.0000000000   9.3149728947e+01   0.0000000000e+00   5.2332422810e+01
   1219.0000000000   9.3267445838e+01   0.0000000000e+00   5.2407119303e+01
   1220.0000000000   9.3383071860e+01   0.0000000000e+00   5.2475120191e+01
   1221.0000000000   9.3507591409e+01   0.0000000000e+00   5.2541542194e+01
   1222.0000000000   9.3624948171e+01   0.0000000000e+00   5.2606961886e+01
   1223.0000000000   9.3740374354e+01   0.0000000000e+00   5.2671629706e+01
   1224.0000000000   9.3854471502e+01   0.0000000000e+00   5.2735686896e+01
   1225.0000000000   9.3967513452e+01   0.0000000000e+00   5.2799224561e+01
   1226.0000000000   9.4089981573e+01   0.0000000000e+00   5.2862306581e+01
   1227.0000000000   9.4205621543e+01   0.0000000000e+00   5.2924980397e+01
   1228.0000000000   9.4319563569e+01   0.0000000000e+00   5.2987282744e+01
   1229.0000000000   9.4432348817e+01   0.0000000000e+00   5.3049242998e+01
   1230.0000000000   9.4544212118e+01   0.0000000000e+00   5.3141018664e+01
   1231.0000000000   9.4665608065e+01   0.0000000000e+00   5.3214844728e+01
   1232.0000000000   9.4780263107e+01   0.0000000000e+00   5.3285485941e+01
   1233.0000000000   9.4893293150e+01   0.0000000000e+00   5.3364402427e+01
   1234.0000000000   9.5005228420e+01   0.0000000000e+00   5.3436221326e+01
   1235.0000000000   9.5116295180e+01   0.0000000000e+00   5.3506148187e+01
   1236.0000000000   9.5226622098e+01   0.0000000000e+00   5.3574825418e+01
   1237.0000000000   9.5336293940e+01   0.0000000000e+00   5.3642550697e+01
   1238.0000000000   9.5445371777e+01   0.0000000000e+00   5.3709499816e+01
   1239.0000000000   9.5553902304e+01   0.0000000000e+00   5.3785834290e+01
   1240.0000000000   9.5661922760e+01   0.0000000000e+00   5.3855709571e+01
   1241.0000000000   9.5779782867e+01   0.0000000000e+00   5.3924104669e+01
   1242.0000000000   9.5891144560e+01   0.0000000000e+00   5.3991535866e+01
   1243.0000000000   9.6001080258e+01   0.0000000000e+00   5.4068268147e+01
   1244.0000000000   9.6110088978e+01   0.0000000000e+00   5.4148542941e+01
   1245.0000000000   9.6228692648e+01   0.0000000000e+00   5.4231474578e+01
   1246.0000000000   9.6350956962e+01   0.0000000000e+00   5.4316621046e+01
   1247.0000000000   9.6475957660e+01   0.0000000000e+00   5.4393662546e+01
   1248.0000000000   9.6592910101e+01   0.0000000000e+00   5.4468291066e+01
   1249.0000000000   9.6717886062e+01   0.0000000000e+00   5.4541331281e+01
   1250.0000000000   9.6845630578e+01   0.0000000000e+00   5.4623216499e+01
   1251.0000000000   9.6985829548e+01   0.0000000000e+00   5.4698247610e+01
   1252.0000000000   9.7111493765e+01   0.0000000000e+00   5.4771492334e+01
   1253.0000000000   9.7233525300e+01   0.0000000000e+00   5.4853570305e+01
   1254.0000000000   9.7384217818e+01   0.0000000000e+00   5.4928815134e+01
   1255.0000000000   9.7515074563e+01   0.0000000000e+00   5.5002298613e+01
   1256.0000000000   9.7651904757e+01   0.0000000000e+00   5.5074593416e+01
   1257.0000000000   9.7780003553e+01   0.0000000000e+00   5.5166046771e+01
   1258.0000000000   9.7905132865e+01   0.0000000000e+00   5.5254998761e+01
   1259.0000000000   9.8028172509e+01   0.0000000000e+00   5.5345499906e+01
   1260.0000000000   9.8159885246e+01   0.0000000000e+00   5.5427546512e+01
   1261.0000000000   9.8294502208e+01   0.0000000000e+00   5.5506940742e+01
   1262.0000000000   9.8431219322e+01   0.0000000000e+00   5.5584561901e+01
   1263.0000000000   9.8559342867e+01   0.0000000000e+00   5.5660831526e+01
   1264.0000000000   9.8695015548e+01   0.0000000000e+00   5.5736000881e+01
   1265.0000000000   9.8822720000e+01   0.0000000000e+00   5.5810237774e+01
   1266.0000000000   9.8958233115e+01   0.0000000000e+00   5.5893707106e+01
   1267.0000000000   9.9085917572e+01   0.0000000000e+00   5.5970571344e+01
   1268.0000000000   9.9221496700e+01   0.0000000000e+00   5.6045817480e+01
   1269.0000000000   9.9349304823e+01   0.0000000000e+00   5.6119969756e+01
   1270.0000000000   9.9474729410e+01   0.0000000000e+00   5.6203300709e+01
   1271.0000000000   9.9598457921e+01   0.0000000000e+00   5.6280014314e+01
   1272.0000000000   9.9731139375e+01   0.0000000000e+00   5.6355115282e+01
   1273.0000000000   9.9866931585e+01   0.0000000000e+00   5.6429135582e+01
   1274.0000000000   9.9994661287e+01   0.0000000000e+00   5.6502306423e+01
   1275.0000000000   1.0011996292e+02   0.0000000000e+00   5.6574761095e+01
   1276.0000000000   1.0024358355e+02   0.0000000000e+00   5.6646588272e+01
   1277.0000000000   1.0037618922e+02   0.0000000000e+00   5.6717852273e+01
   1278.0000000000   1.0050162254e+02   0.0000000000e+00   5.6788602498e+01
   1279.0000000000   1.0063539243e+02   0.0000000000e+00   5.6858878446e+01
   1280.0000000000   1.0076171682e+02   0.0000000000e+00   5.6928712658e+01
   1281.0000000000   1.0088591048e+02   0.0000000000e+00   5.6998132554e+01
   1282.0000000000   1.0101893050e+02   0.0000000000e+00   5.7067161657e+01
   1283.0000000000   1.0114470730e+02   0.0000000000e+00   5.7135820440e+01
   1284.0000000000   1.0126846699e+02   0.0000000000e+00   5.7224215879e+01
   1285.0000000000   1.0139080888e+02   0.0000000000e+00   5.7300507230e+01
   1286.0000000000   1.0151200680e+02   0.0000000000e+00   5.7374540607e+01
   1287.0000000000   1.0163222427e+02   0.0000000000e+00   5.7447262901e+01
   1288.0000000000   1.0175157279e+02   0.0000000000e+00   5.7529092131e+01
   1289.0000000000   1.0187013467e+02   0.0000000000e+00   5.7604296221e+01
   1290.0000000000   1.0198797394e+02   0.0000000000e+00   5.7677911155e+01
   1291.0000000000   1.0211546137e+02   0.0000000000e+00   5.7750484832e+01
   1292.0000000000   1.0224659503e+02   0.0000000000e+00   5.7822256461e+01
   1293.0000000000   1.0237009767e+02   0.0000000000e+00   5.7893362980e+01
   1294.0000000000   1.0249153058e+02   0.0000000000e+00   5.7963894238e+01
   1295.0000000000   1.0261158665e+02   0.0000000000e+00   5.8033914288e+01
   1296.0000000000   1.0273057115e+02   0.0000000000e+00   5.8103471425e+01
   1297.0000000000   1.0284865756e+02   0.0000000000e+00   5.8172603573e+01
   1298.0000000000   1.0296595876e+02   0.0000000000e+00   5.8251385910e+01
   1299.0000000000   1.0308255481e+02   0.0000000000e+00   5.8323915513e+01
   1300.0000000000   1.0319850599e+02   0.0000000000e+00   5.8395129786e+01
   1301.0000000000   1.0331385967e+02   0.0000000000e+00   5.8465514183e+01
   1302.0000000000   1.0343897346e+02   0.0000000000e+00   5.8535265685e+01
   1303.0000000000   1.0355751558e+02   0.0000000000e+00   5.8604491242e+01
   1304.0000000000   1.0367456361e+02   0.0000000000e+00   5.8683303046e+01
   1305.0000000000   1.0379062091e+02   0.0000000000e+00   5.8755819924e+01
   1306.0000000000   1.0391621310e+02   0.0000000000e+00   5.8847081842e+01
   1307.0000000000   1.0404540906e+02   0.0000000000e+00   5.8925726415e+01
   1308.0000000000   1.0416696827e+02   0.0000000000e+00   5.9001788443e+01
   1309.0000000000   1.0428647245e+02   0.0000000000e+00   5.9076313035e+01
   1310.0000000000   1.0440462628e+02   0.0000000000e+00   5.9159777175e+01
   1311.0000000000   1.0452174186e+02   0.0000000000e+00   5.9246531909e+01
   1312.0000000000   1.0464831567e+02   0.0000000000e+00   5.9325711724e+01
   1313.0000000000   1.0476809876e+02   0.0000000000e+00   5.9402799922e+01
   1314.0000000000   1.0488622238e+02   0.0000000000e+00   5.9478517327e+01
   1315.0000000000   1.0500322664e+02   0.0000000000e+00   5.9553193042e+01
   1316.0000000000   1.0511934442e+02   0.0000000000e+00   5.9627018556e+01
   1317.0000000000   1.0524502794e+02   0.0000000000e+00   5.9700120125e+01
   1318.0000000000   1.0536400119e+02   0.0000000000e+00   5.9772587709e+01
   1319.0000000000   1.0548137765e+02   0.0000000000e+00   5.9844488895e+01
   1320.0000000000   1.0559768521e+02   0.0000000000e+00   5.9925920942e+01
   1321.0000000000   1.0571314799e+02   0.0000000000e+00   6.0000997918e+01
   1322.0000000000   1.0582789264e+02   0.0000000000e+00   6.0074670646e+01
   1323.0000000000   1.0595232114e+02   0.0000000000e+00   6.0147435401e+01
   1324.0000000000   1.0607012901e+02   0.0000000000e+00   6.0219498045e+01
   1325.0000000000   1.0618641162e+02   0.0000000000e+00   6.0301017392e+01
   1326.0000000000   1.0630168452e+02   0.0000000000e+00   6.0376138996e+01
   1327.0000000000   1.0641616282e+02   0.0000000000e+00   6.0449831238e+01
   1328.0000000000   1.0654028553e+02   0.0000000000e+00   6.0522600777e+01
   1329.0000000000   1.0665776643e+02   0.0000000000e+00   6.0604704342e+01
   1330.0000000000   1.0677371095e+02   0.0000000000e+00   6.0680331938e+01
   1331.0000000000   1.0689895964e+02   0.0000000000e+00   6.0754476003e+01
   1332.0000000000   1.0702768648e+02   0.0000000000e+00   6.0827657723e+01
   1333.0000000000   1.0716933830e+02   0.0000000000e+00   6.0920187753e+01
   1334.0000000000   1.0731743471e+02   0.0000000000e+00   6.1000334204e+01
   1335.0000000000   1.0745007021e+02   0.0000000000e+00   6.1078010027e+01
   1336.0000000000   1.0757862828e+02   0.0000000000e+00   6.1154206794e+01
   1337.0000000000   1.0771494440e+02   0.0000000000e+00   6.1239374162e+01
   1338.0000000000   1.0785365673e+02   0.0000000000e+00   6.1317803412e+01
   1339.0000000000   1.0799415984e+02   0.0000000000e+00   6.1404592802e+01
   1340.0000000000   1.0812587050e+02   0.0000000000e+00   6.1484375746e+01
   1341.0000000000   1.0825467908e+02   0.0000000000e+00   6.1562318403e+01
   1342.0000000000   1.0838147476e+02   0.0000000000e+00   6.1639033646e+01
   1343.0000000000   1.0852733165e+02   0.0000000000e+00   6.1724844050e+01
   1344.0000000000   1.0865978838e+02   0.0000000000e+00   6.1803984180e+01
   1345.0000000000   1.0878912740e+02   0.0000000000e+00   6.1881478468e+01
   1346.0000000000   1.0892676025e+02   0.0000000000e+00   6.1957872068e+01
   1347.0000000000   1.0905679663e+02   0.0000000000e+00   6.2033405239e+01
   1348.0000000000   1.0918455822e+02   0.0000000000e+00   6.2108217589e+01
   1349.0000000000   1.0932102282e+02   0.0000000000e+00   6.2182402261e+01
   1350.0000000000   1.0945014079e+02   0.0000000000e+00   6.2256026751e+01
   1351.0000000000   1.0957715511e+02   0.0000000000e+00   6.2329142711e+01
   1352.0000000000   1.0973363623e+02   0.0000000000e+00   6.2401791237e+01
   1353.0000000000   1.0989141589e+02   0.0000000000e+00   6.2474005974e+01
   1354.0000000000   1.1003309000e+02   0.0000000000e+00   6.2545815091e+01
   1355.0000000000   1.1017031746e+02   0.0000000000e+00   6.2617242589e+01
   1356.0000000000   1.1030470385e+02   0.0000000000e+00   6.2688309221e+01
   1357.0000000000   1.1043697611e+02   0.0000000000e+00   6.2759033144e+01
   1358.0000000000   1.1057786994e+02   0.0000000000e+00   6.2829430408e+01
   1359.0000000000   1.1072161115e+02   0.0000000000e+00   6.2899515321e+01
   1360.0000000000   1.1085707639e+02   0.0000000000e+00   6.2969300739e+01
   1361.0000000000   1.1100025604e+02   0.0000000000e+00   6.3038798288e+01
   1362.0000000000   1.1113556107e+02   0.0000000000e+00   6.3108018542e+01
   1363.0000000000   1.1127872921e+02   0.0000000000e+00   6.3176971169e+01
   1364.0000000000   1.1141409955e+02   0.0000000000e+00   6.3245665049e+01
   1365.0000000000   1.1155738028e+02   0.0000000000e+00   6.3314108376e+01
   1366.0000000000   1.1169289552e+02   0.0000000000e+00   6.3392353209e+01
   1367.0000000000   1.1182602563e+02   0.0000000000e+00   6.3464478205e+01
   1368.0000000000   1.1196777208e+02   0.0000000000e+00   6.3535405800e+01
   1369.0000000000   1.1210209723e+02   0.0000000000e+00   6.3605609087e+01
   1370.0000000000   1.1224457030e+02   0.0000000000e+00   6.3675274689e+01
   1371.0000000000   1.1237944546e+02   0.0000000000e+00   6.3744500776e+01
   1372.0000000000   1.1251206174e+02   0.0000000000e+00   6.3813347544e+01
   1373.0000000000   1.1265339365e+02   0.0000000000e+00   6.3881855705e+01
   1374.0000000000   1.1278738478e+02   0.0000000000e+00   6.3950054742e+01
   1375.0000000000   1.1291927154e+02   0.0000000000e+00   6.4017967119e+01
   1376.0000000000   1.1304966154e+02   0.0000000000e+00   6.4085610629e+01
   1377.0000000000   1.1317883543e+02   0.0000000000e+00   6.4163044281e+01
   1378.0000000000   1.1330696246e+02   0.0000000000e+00   6.4234351852e+01
   1379.0000000000   1.1343415900e+02   0.0000000000e+00   6.4304459602e+01
   1380.0000000000   1.1356051155e+02   0.0000000000e+00   6.4383887979e+01
   1381.0000000000   1.1368608778e+02   0.0000000000e+00   6.4456897410e+01
   1382.0000000000   1.1381094258e+02   0.0000000000e+00   6.4528503603e+01
   1383.0000000000   1.1393512165e+02   0.0000000000e+00   6.4609279456e+01
   1384.0000000000   1.1406898295e+02   0.0000000000e+00   6.4683519134e+01
   1385.0000000000   1.1419619618e+02   0.0000000000e+00   6.4756261488e+01
   1386.0000000000   1.1433216011e+02   0.0000000000e+00   6.4828051591e+01
   1387.0000000000   1.1446101662e+02   0.0000000000e+00   6.4899124423e+01
   1388.0000000000   1.1458802503e+02   0.0000000000e+00   6.4969612515e+01
   1389.0000000000   1.1472410039e+02   0.0000000000e+00   6.5039601500e+01
   1390.0000000000   1.1485314024e+02   0.0000000000e+00   6.5109151518e+01
   1391.0000000000   1.1498034433e+02   0.0000000000e+00   6.5188351730e+01
   1392.0000000000   1.1510629047e+02   0.0000000000e+00   6.5261308350e+01
   1393.0000000000   1.1523123462e+02   0.0000000000e+00   6.5353053838e+01
   1394.0000000000   1.1536564439e+02   0.0000000000e+00   6.5432221007e+01
   1395.0000000000   1.1549325464e+02   0.0000000000e+00   6.5508841379e+01
   1396.0000000000   1.1561918699e+02   0.0000000000e+00   6.5594002159e+01
   1397.0000000000   1.1574397566e+02   0.0000000000e+00   6.5672205647e+01
   1398.0000000000   1.1587816896e+02   0.0000000000e+00   6.5748601207e+01
   1399.0000000000   1.1600553389e+02   0.0000000000e+00   6.5823801569e+01
   1400.0000000000   1.1614152631e+02   0.0000000000e+00   6.5898087018e+01
   1401.0000000000   1.1627032454e+02   0.0000000000e+00   6.5991711314e+01
   1402.0000000000   1.1641785071e+02   0.0000000000e+00   6.6072927387e+01
   1403.0000000000   1.1656230942e+02   0.0000000000e+00   6.6151645692e+01
   1404.0000000000   1.1670803037e+02   0.0000000000e+00   6.6238904039e+01
   1405.0000000000   1.1684481816e+02   0.0000000000e+00   6.6319182339e+01
   1406.0000000000   1.1698899861e+02   0.0000000000e+00   6.6407663981e+01
   1407.0000000000   1.1712513948e+02   0.0000000000e+00   6.6499073130e+01
   1408.0000000000   1.1726906181e+02   0.0000000000e+00   6.6582675891e+01
   1409.0000000000   1.1741547161e+02   0.0000000000e+00   6.6674064304e+01
   1410.0000000000   1.1755342280e+02   0.0000000000e+00   6.6758068298e+01
   1411.0000000000   1.1768867140e+02   0.0000000000e+00   6.6839957335e+01
   1412.0000000000   1.1782203829e+02   0.0000000000e+00   6.6930451603e+01
   1413.0000000000   1.1795391886e+02   0.0000000000e+00   6.7013942704e+01
   1414.0000000000   1.1809487208e+02   0.0000000000e+00   6.7095539197e+01
   1415.0000000000   1.1822869766e+02   0.0000000000e+00   6.7175838688e+01
   1416.0000000000   1.1836056564e+02   0.0000000000e+00   6.7265161718e+01
   1417.0000000000   1.1849104779e+02   0.0000000000e+00   6.7347745470e+01
   1418.0000000000   1.1862040319e+02   0.0000000000e+00   6.7438663078e+01
   1419.0000000000   1.1874878704e+02   0.0000000000e+00   6.7522535952e+01
   1420.0000000000   1.1887630594e+02   0.0000000000e+00   6.7624613730e+01
   1421.0000000000   1.1900303924e+02   0.0000000000e+00   6.7733739435e+01
   1422.0000000000   1.1913936821e+02   0.0000000000e+00   6.7828165990e+01
   1423.0000000000   1.1926897951e+02   0.0000000000e+00   6.7918822886e+01
   1424.0000000000   1.1940728461e+02   0.0000000000e+00   6.8017160264e+01
   1425.0000000000   1.1953843522e+02   0.0000000000e+00   6.8107876951e+01
   1426.0000000000   1.1966769841e+02   0.0000000000e+00   6.8196245808e+01
   1427.0000000000   1.1981631451e+02   0.0000000000e+00   6.8282964554e+01
   1428.0000000000   1.1995182223e+02   0.0000000000e+00   6.8368375653e+01
   1429.0000000000   1.2010511389e+02   0.0000000000e+00   6.8452691462e+01
   1430.0000000000   1.2024452274e+02   0.0000000000e+00   6.8536059265e+01
   1431.0000000000   1.2038059395e+02   0.0000000000e+00   6.8618588256e+01
   1432.0000000000   1.2051453318e+02   0.0000000000e+00   6.8710407573e+01
   1433.0000000000   1.2065718855e+02   0.0000000000e+00   6.8795656632e+01
   1434.0000000000   1.2080281587e+02   0.0000000000e+00   6.8889351435e+01
   1435.0000000000   1.2094029638e+02   0.0000000000e+00   6.8976077137e+01
   1436.0000000000   1.2107529718e+02   0.0000000000e+00   6.9060970103e+01
   1437.0000000000   1.2121890489e+02   0.0000000000e+00   6.9144624197e+01
   1438.0000000000   1.2135511588e+02   0.0000000000e+00   6.9227305158e+01
   1439.0000000000   1.2152015287e+02   0.0000000000e+00   6.9309167837e+01
   1440.0000000000   1.2166554938e+02   0.0000000000e+00   6.9390315513e+01
   1441.0000000000   1.2180674796e+02   0.0000000000e+00   6.9470823011e+01
   1442.0000000000   1.2194536431e+02   0.0000000000e+00   6.9550747655e+01
   1443.0000000000   1.2208207708e+02   0.0000000000e+00   6.9630135148e+01
   1444.0000000000   1.2221726193e+02   0.0000000000e+00   6.9709023030e+01
   1445.0000000000   1.2236147757e+02   0.0000000000e+00   6.9787442853e+01
   1446.0000000000   1.2250884613e+02   0.0000000000e+00   6.9865421619e+01
   1447.0000000000   1.2264817740e+02   0.0000000000e+00   6.9942982781e+01
   1448.0000000000   1.2278509661e+02   0.0000000000e+00   7.0020146956e+01
   1449.0000000000   1.2292034527e+02   0.0000000000e+00   7.0096932451e+01
   1450.0000000000   1.2305426665e+02   0.0000000000e+00   7.0173355664e+01
   1451.0000000000   1.2319738366e+02   0.0000000000e+00   7.0249431389e+01
   1452.0000000000   1.2333347001e+02   0.0000000000e+00   7.0325173058e+01
   1453.0000000000   1.2346767644e+02   0.0000000000e+00   7.0400592940e+01
   1454.0000000000   1.2360056005e+02   0.0000000000e+00   7.0475702288e+01
   1455.0000000000   1.2374268761e+02   0.0000000000e+00   7.0550511477e+01
   1456.0000000000   1.2387784145e+02   0.0000000000e+00   7.0635074581e+01
   1457.0000000000   1.2401117125e+02   0.0000000000e+00   7.0713472121e+01
   1458.0000000000   1.2414323024e+02   0.0000000000e+00   7.0790628269e+01
   1459.0000000000   1.2428458074e+02   0.0000000000e+00   7.0867017732e+01
   1460.0000000000   1.2441900075e+02   0.0000000000e+00   7.0942828648e+01
   1461.0000000000   1.2455163599e+02   0.0000000000e+00   7.1028205075e+01
   1462.0000000000   1.2468303616e+02   0.0000000000e+00   7.1107280152e+01
   1463.0000000000   1.2481344136e+02   0.0000000000e+00   7.1185011708e+01
   1464.0000000000   1.2494299071e+02   0.0000000000e+00   7.1261897360e+01
   1465.0000000000   1.2509241541e+02   0.0000000000e+00   7.1338141554e+01
   1466.0000000000   1.2523937462e+02   0.0000000000e+00   7.1423900377e+01
   1467.0000000000   1.2538797647e+02   0.0000000000e+00   7.1513360548e+01
   1468.0000000000   1.2552790891e+02   0.0000000000e+00   7.1595558565e+01
   1469.0000000000   1.2566510844e+02   0.0000000000e+00   7.1675913477e+01
   1470.0000000000   1.2580046074e+02   0.0000000000e+00   7.1755101143e+01
   1471.0000000000   1.2594470477e+02   0.0000000000e+00   7.1833417663e+01
   1472.0000000000   1.2608172469e+02   0.0000000000e+00   7.1911029411e+01
   1473.0000000000   1.2621673528e+02   0.0000000000e+00   7.1988042974e+01
   1474.0000000000   1.2635033381e+02   0.0000000000e+00   7.2064532552e+01
   1475.0000000000   1.2650343269e+02   0.0000000000e+00   7.2140552861e+01
   1476.0000000000   1.2665378771e+02   0.0000000000e+00   7.2226190481e+01
   1477.0000000000   1.2679524786e+02   0.0000000000e+00   7.2305550496e+01
   1478.0000000000   1.2693390570e+02   0.0000000000e+00   7.2383576089e+01
   1479.0000000000   1.2707067685e+02   0.0000000000e+00   7.2460756970e+01
   1480.0000000000   1.2720598943e+02   0.0000000000e+00   7.2547337781e+01
   1481.0000000000   1.2734009470e+02   0.0000000000e+00   7.2627499499e+01
   1482.0000000000   1.2748347816e+02   0.0000000000e+00   7.2706227561e+01
   1483.0000000000   1.2761989500e+02   0.0000000000e+00   7.2784037559e+01
   1484.0000000000   1.2775448532e+02   0.0000000000e+00   7.2861146626e+01
   1485.0000000000   1.2789811842e+02   0.0000000000e+00   7.2937675824e+01
   1486.0000000000   1.2803467322e+02   0.0000000000e+00   7.3013703123e+01
   1487.0000000000   1.2816934248e+02   0.0000000000e+00   7.3089283396e+01
   1488.0000000000   1.2830270235e+02   0.0000000000e+00   7.3164457648e+01
   1489.0000000000   1.2843500965e+02   0.0000000000e+00   7.3239257881e+01
   1490.0000000000   1.2857673403e+02   0.0000000000e+00   7.3313709898e+01
   1491.0000000000   1.2871161292e+02   0.0000000000e+00   7.3387835040e+01
   1492.0000000000   1.2885508973e+02   0.0000000000e+00   7.3461651320e+01
   1493.0000000000   1.2899133751e+02   0.0000000000e+00   7.3535174198e+01
   1494.0000000000   1.2912563829e+02   0.0000000000e+00   7.3608417123e+01
   1495.0000000000   1.2926892415e+02   0.0000000000e+00   7.3691436410e+01
   1496.0000000000   1.2940510577e+02   0.0000000000e+00   7.3768314197e+01
   1497.0000000000   1.2953939322e+02   0.0000000000e+00   7.3854020264e+01
   1498.0000000000   1.2967237258e+02   0.0000000000e+00   7.3943146173e+01
   1499.0000000000   1.2980430651e+02   0.0000000000e+00   7.4024868026e+01
   1500.0000000000   1.2993534900e+02   0.0000000000e+00   7.4104668494e+01
   1501.0000000000   1.3006560334e+02   0.0000000000e+00   7.4203345969e+01
   1502.0000000000   1.3020546377e+02   0.0000000000e+00   7.4289359227e+01
   1503.0000000000   1.3033862416e+02   0.0000000000e+00   7.4382762864e+01
   1504.0000000000   1.3048049996e+02   0.0000000000e+00   7.4468676758e+01
   1505.0000000000   1.3061524493e+02   0.0000000000e+00   7.4552457918e+01
   1506.0000000000   1.3075844614e+02   0.0000000000e+00   7.4634817115e+01
   1507.0000000000   1.3089434205e+02   0.0000000000e+00   7.4716090035e+01
   1508.0000000000   1.3102824909e+02   0.0000000000e+00   7.4806520973e+01
   1509.0000000000   1.3116080005e+02   0.0000000000e+00   7.4890315101e+01
   1510.0000000000   1.3130260064e+02   0.0000000000e+00   7.4982528645e+01
   1511.0000000000   1.3143745449e+02   0.0000000000e+00   7.5067772461e+01
   1512.0000000000   1.3157052324e+02   0.0000000000e+00   7.5151199794e+01
   1513.0000000000   1.3171268586e+02   0.0000000000e+00   7.5243460244e+01
   1514.0000000000   1.3184782524e+02   0.0000000000e+00   7.5338943184e+01
   1515.0000000000   1.3198113511e+02   0.0000000000e+00   7.5426795974e+01
   1516.0000000000   1.3212351015e+02   0.0000000000e+00   7.5512507993e+01
   1517.0000000000   1.3225884192e+02   0.0000000000e+00   7.5596803936e+01
   1518.0000000000   1.3239232943e+02   0.0000000000e+00   7.5690060398e+01
   1519.0000000000   1.3252455169e+02   0.0000000000e+00   7.5786587565e+01
   1520.0000000000   1.3266608558e+02   0.0000000000e+00   7.5875501534e+01
   1521.0000000000   1.3281103675e+02   0.0000000000e+00   7.5962277255e+01
   1522.0000000000   1.3295851126e+02   0.0000000000e+00   7.6047632143e+01
   1523.0000000000   1.3309774817e+02   0.0000000000e+00   7.6131894471e+01
   1524.0000000000   1.3323451917e+02   0.0000000000e+00   7.6215256276e+01
   1525.0000000000   1.3336962965e+02   0.0000000000e+00   7.6297845105e+01
   1526.0000000000   1.3351377298e+02   0.0000000000e+00   7.6379752588e+01
   1527.0000000000   1.3365080479e+02   0.0000000000e+00   7.6461048162e+01
   1528.0000000000   1.3378592070e+02   0.0000000000e+00   7.6541786515e+01
   1529.0000000000   1.3391970436e+02   0.0000000000e+00   7.6622011993e+01
   1530.0000000000   1.3405241995e+02   0.0000000000e+00   7.6701761386e+01
   1531.0000000000   1.3418422420e+02   0.0000000000e+00   7.6781065777e+01
   1532.0000000000   1.3431522335e+02   0.0000000000e+00   7.6859951827e+01
   1533.0000000000   1.3445581442e+02   0.0000000000e+00   7.6938442691e+01
   1534.0000000000   1.3458969377e+02   0.0000000000e+00   7.7026603166e+01
   1535.0000000000   1.3473227906e+02   0.0000000000e+00   7.7108522866e+01
   1536.0000000000   1.3487804503e+02   0.0000000000e+00   7.7189133733e+01
   1537.0000000000   1.3501589743e+02   0.0000000000e+00   7.7268917170e+01
   1538.0000000000   1.3515149026e+02   0.0000000000e+00   7.7348067119e+01
   1539.0000000000   1.3528557061e+02   0.0000000000e+00   7.7426688232e+01
   1540.0000000000   1.3541847841e+02   0.0000000000e+00   7.7504846483e+01
   1541.0000000000   1.3555041065e+02   0.0000000000e+00   7.7582587753e+01
   1542.0000000000   1.3568149692e+02   0.0000000000e+00   7.7669990652e+01
   1543.0000000000   1.3581182951e+02   0.0000000000e+00   7.7751153457e+01
   1544.0000000000   1.3594147791e+02   0.0000000000e+00   7.7831013641e+01
   1545.0000000000   1.3607049658e+02   0.0000000000e+00   7.7910056156e+01
   1546.0000000000   1.3621956773e+02   0.0000000000e+00   7.7988477206e+01
   1547.0000000000   1.3635600007e+02   0.0000000000e+00   7.8066382848e+01
   1548.0000000000   1.3648992496e+02   0.0000000000e+00   7.8143839875e+01
   1549.0000000000   1.3663264736e+02   0.0000000000e+00   7.8220894594e+01
   1550.0000000000   1.3677851714e+02   0.0000000000e+00   7.8297581291e+01
   1551.0000000000   1.3691643154e+02   0.0000000000e+00   7.8373926592e+01
   1552.0000000000   1.3705205177e+02   0.0000000000e+00   7.8449951933e+01
   1553.0000000000   1.3718613327e+02   0.0000000000e+00   7.8525675059e+01
   1554.0000000000   1.3731902294e+02   0.0000000000e+00   7.8601110986e+01
   1555.0000000000   1.3745092326e+02   0.0000000000e+00   7.8686317125e+01
   1556.0000000000   1.3758196797e+02   0.0000000000e+00   7.8765376399e+01
   1557.0000000000   1.3773289076e+02   0.0000000000e+00   7.8843214684e+01
   1558.0000000000   1.3787103581e+02   0.0000000000e+00   7.8920307884e+01
   1559.0000000000   1.3800656000e+02   0.0000000000e+00   7.8996844943e+01
   1560.0000000000   1.3814046827e+02   0.0000000000e+00   7.9072925961e+01
   1561.0000000000   1.3827316984e+02   0.0000000000e+00   7.9148612756e+01
   1562.0000000000   1.3841520609e+02   0.0000000000e+00   7.9233991883e+01
   1563.0000000000   1.3855035352e+02   0.0000000000e+00   7.9313165603e+01
   1564.0000000000   1.3868375971e+02   0.0000000000e+00   7.9391073245e+01
   1565.0000000000   1.3881597632e+02   0.0000000000e+00   7.9478244889e+01
   1566.0000000000   1.3894724479e+02   0.0000000000e+00   7.9558948292e+01
   1567.0000000000   1.3908802405e+02   0.0000000000e+00   7.9648249372e+01
   1568.0000000000   1.3922204350e+02   0.0000000000e+00   7.9730752750e+01
   1569.0000000000   1.3935442108e+02   0.0000000000e+00   7.9811600588e+01
   1570.0000000000   1.3949600751e+02   0.0000000000e+00   7.9891385921e+01
   1571.0000000000   1.3964098531e+02   0.0000000000e+00   7.9970370344e+01
   1572.0000000000   1.3977817027e+02   0.0000000000e+00   8.0048702944e+01
   1573.0000000000   1.3991317769e+02   0.0000000000e+00   8.0136524971e+01
   1574.0000000000   1.4004673454e+02   0.0000000000e+00   8.0217976122e+01
   1575.0000000000   1.4017916894e+02   0.0000000000e+00   8.0298022883e+01
   1576.0000000000   1.4031067024e+02   0.0000000000e+00   8.0377171385e+01
   1577.0000000000   1.4045168181e+02   0.0000000000e+00   8.0455633783e+01
   1578.0000000000   1.4058592822e+02   0.0000000000e+00   8.0533528434e+01
   1579.0000000000   1.4071852623e+02   0.0000000000e+00   8.0610931810e+01
   1580.0000000000   1.4087064583e+02   0.0000000000e+00   8.0687897948e+01
   1581.0000000000   1.4102010629e+02   0.0000000000e+00   8.0764467393e+01
   1582.0000000000   1.4116077441e+02   0.0000000000e+00   8.0850716365e+01
   1583.0000000000   1.4129874592e+02   0.0000000000e+00   8.0940786614e+01
   1584.0000000000   1.4144525338e+02   0.0000000000e+00   8.1023686884e+01
   1585.0000000000   1.4158435691e+02   0.0000000000e+00   8.1114862436e+01
   1586.0000000000   1.4173167234e+02   0.0000000000e+00   8.1199048129e+01
   1587.0000000000   1.4188179621e+02   0.0000000000e+00   8.1291491357e+01
   1588.0000000000   1.4202371517e+02   0.0000000000e+00   8.1376890356e+01
   1589.0000000000   1.4216313998e+02   0.0000000000e+00   8.1460443360e+01
   1590.0000000000   1.4230085926e+02   0.0000000000e+00   8.1542780317e+01
   1591.0000000000   1.4243724427e+02   0.0000000000e+00   8.1624188773e+01
   1592.0000000000   1.4257251630e+02   0.0000000000e+00   8.1704836952e+01
   1593.0000000000   1.4270682416e+02   0.0000000000e+00   8.1784836278e+01
   1594.0000000000   1.4284027565e+02   0.0000000000e+00   8.1864266376e+01
   1595.0000000000   1.4297295294e+02   0.0000000000e+00   8.1943187171e+01
   1596.0000000000   1.4311524009e+02   0.0000000000e+00   8.2021645495e+01
   1597.0000000000   1.4326114516e+02   0.0000000000e+00   8.2099679021e+01
   1598.0000000000   1.4339939849e+02   0.0000000000e+00   8.2177318759e+01
   1599.0000000000   1.4355620544e+02   0.0000000000e+00   8.2264635183e+01
   1600.0000000000   1.4370985482e+02   0.0000000000e+00   8.2345722049e+01
   1601.0000000000   1.4385439220e+02   0.0000000000e+00   8.2425514325e+01
   1602.0000000000   1.4399600361e+02   0.0000000000e+00   8.2504495631e+01
   1603.0000000000   1.4413565555e+02   0.0000000000e+00   8.2582861517e+01
   1604.0000000000   1.4427380629e+02   0.0000000000e+00   8.2670762261e+01
   1605.0000000000   1.4441072608e+02   0.0000000000e+00   8.2752336251e+01
   1606.0000000000   1.4456723199e+02   0.0000000000e+00   8.2832545774e+01
   1607.0000000000   1.4472104290e+02   0.0000000000e+00   8.2911892252e+01
   1608.0000000000   1.4486599122e+02   0.0000000000e+00   8.2990583393e+01
   1609.0000000000   1.4500816133e+02   0.0000000000e+00   8.3078778091e+01
   1610.0000000000   1.4514846458e+02   0.0000000000e+00   8.3160621017e+01
   1611.0000000000   1.4529764584e+02   0.0000000000e+00   8.3241079159e+01
   1612.0000000000   1.4543959117e+02   0.0000000000e+00   8.3320657522e+01
   1613.0000000000   1.4557951650e+02   0.0000000000e+00   8.3399566603e+01
   1614.0000000000   1.4571802015e+02   0.0000000000e+00   8.3487967493e+01
   1615.0000000000   1.4585537749e+02   0.0000000000e+00   8.3570006620e+01
   1616.0000000000   1.4599175412e+02   0.0000000000e+00   8.3650652394e+01
   1617.0000000000   1.4612726353e+02   0.0000000000e+00   8.3730410984e+01
   1618.0000000000   1.4627230878e+02   0.0000000000e+00   8.3809493849e+01
   1619.0000000000   1.4641059135e+02   0.0000000000e+00   8.3888018406e+01
   1620.0000000000   1.4655753329e+02   0.0000000000e+00   8.3966060146e+01
   1621.0000000000   1.4669729408e+02   0.0000000000e+00   8.4043672183e+01
   1622.0000000000   1.4684546577e+02   0.0000000000e+00   8.4120894220e+01
   1623.0000000000   1.4699661029e+02   0.0000000000e+00   8.4207801736e+01
   1624.0000000000   1.4713968404e+02   0.0000000000e+00   8.4288491355e+01
   1625.0000000000   1.4728037348e+02   0.0000000000e+00   8.4367899646e+01
   1626.0000000000   1.4741944795e+02   0.0000000000e+00   8.4446511037e+01
   1627.0000000000   1.4755726346e+02   0.0000000000e+00   8.4524521401e+01
   1628.0000000000   1.4770434815e+02   0.0000000000e+00   8.4602036555e+01
   1629.0000000000   1.4784447709e+02   0.0000000000e+00   8.4679123096e+01
   1630.0000000000   1.4798280031e+02   0.0000000000e+00   8.4755827139e+01
   1631.0000000000   1.4814051125e+02   0.0000000000e+00   8.4832182781e+01
   1632.0000000000   1.4828512746e+02   0.0000000000e+00   8.4908216446e+01
   1633.0000000000   1.4842689303e+02   0.0000000000e+00   8.4983949355e+01
   1634.0000000000   1.4856686406e+02   0.0000000000e+00   8.5079487970e+01
   1635.0000000000   1.4870548299e+02   0.0000000000e+00   8.5162990291e+01
   1636.0000000000   1.4884299519e+02   0.0000000000e+00   8.5244300738e+01
   1637.0000000000   1.4897955791e+02   0.0000000000e+00   8.5324364264e+01
   1638.0000000000   1.4912560045e+02   0.0000000000e+00   8.5403552354e+01
   1639.0000000000   1.4926484101e+02   0.0000000000e+00   8.5492103685e+01
   1640.0000000000   1.4940239367e+02   0.0000000000e+00   8.5574207877e+01
   1641.0000000000   1.4953878944e+02   0.0000000000e+00   8.5654859666e+01
   1642.0000000000   1.4968457553e+02   0.0000000000e+00   8.5734582320e+01
   1643.0000000000   1.4982351897e+02   0.0000000000e+00   8.5813598922e+01
   1644.0000000000   1.4996075711e+02   0.0000000000e+00   8.5902079560e+01
   1645.0000000000   1.5009683298e+02   0.0000000000e+00   8.5984177280e+01
   1646.0000000000   1.5023198123e+02   0.0000000000e+00   8.6074909939e+01
   1647.0000000000   1.5036633639e+02   0.0000000000e+00   8.6158859132e+01
   1648.0000000000   1.5051030665e+02   0.0000000000e+00   8.6241155153e+01
   1649.0000000000   1.5064759253e+02   0.0000000000e+00   8.6322384711e+01
   1650.0000000000   1.5078329366e+02   0.0000000000e+00   8.6402806035e+01
   1651.0000000000   1.5091792917e+02   0.0000000000e+00   8.6482566502e+01
   1652.0000000000   1.5106203645e+02   0.0000000000e+00   8.6571806614e+01
   1653.0000000000   1.5119937430e+02   0.0000000000e+00   8.6654665886e+01
   1654.0000000000   1.5133507310e+02   0.0000000000e+00   8.6746155430e+01
   1655.0000000000   1.5146966999e+02   0.0000000000e+00   8.6830853339e+01
   1656.0000000000   1.5160339449e+02   0.0000000000e+00   8.6913888097e+01
   1657.0000000000   1.5173637671e+02   0.0000000000e+00   8.6995845532e+01
   1658.0000000000   1.5187902097e+02   0.0000000000e+00   8.7076983529e+01
   1659.0000000000   1.5201502439e+02   0.0000000000e+00   8.7157449432e+01
   1660.0000000000   1.5215980266e+02   0.0000000000e+00   8.7237339428e+01
   1661.0000000000   1.5230782747e+02   0.0000000000e+00   8.7316721685e+01
   1662.0000000000   1.5244800108e+02   0.0000000000e+00   8.7395647304e+01
   1663.0000000000   1.5258597400e+02   0.0000000000e+00   8.7474156181e+01
   1664.0000000000   1.5272248993e+02   0.0000000000e+00   8.7562324909e+01
   1665.0000000000   1.5285788561e+02   0.0000000000e+00   8.7654296069e+01
   1666.0000000000   1.5300267415e+02   0.0000000000e+00   8.7739079422e+01
   1667.0000000000   1.5314061853e+02   0.0000000000e+00   8.7822076829e+01
   1668.0000000000   1.5328717785e+02   0.0000000000e+00   8.7903952602e+01
   1669.0000000000   1.5342653512e+02   0.0000000000e+00   8.7984994815e+01
   1670.0000000000   1.5356397875e+02   0.0000000000e+00   8.8065364108e+01
   1671.0000000000   1.5370012578e+02   0.0000000000e+00   8.8145162882e+01
   1672.0000000000   1.5384557239e+02   0.0000000000e+00   8.8224462214e+01
   1673.0000000000   1.5398411601e+02   0.0000000000e+00   8.8303314456e+01
   1674.0000000000   1.5413123312e+02   0.0000000000e+00   8.8381759892e+01
   1675.0000000000   1.5427111669e+02   0.0000000000e+00   8.8459830573e+01
   1676.0000000000   1.5440906141e+02   0.0000000000e+00   8.8547597160e+01
   1677.0000000000   1.5454568866e+02   0.0000000000e+00   8.8629153116e+01
   1678.0000000000   1.5469159771e+02   0.0000000000e+00   8.8709432869e+01
   1679.0000000000   1.5484090744e+02   0.0000000000e+00   8.8788919364e+01
   1680.0000000000   1.5498241321e+02   0.0000000000e+00   8.8867807426e+01
   1681.0000000000   1.5512172363e+02   0.0000000000e+00   8.8946202120e+01
   1682.0000000000   1.5525956408e+02   0.0000000000e+00   8.9024169499e+01
   1683.0000000000   1.5539626305e+02   0.0000000000e+00   8.9101755285e+01
   1684.0000000000   1.5553201110e+02   0.0000000000e+00   8.9189037759e+01
   1685.0000000000   1.5566693398e+02   0.0000000000e+00   8.9270114746e+01
   1686.0000000000   1.5581144069e+02   0.0000000000e+00   8.9349923184e+01
   1687.0000000000   1.5594923528e+02   0.0000000000e+00   8.9428947433e+01
   1688.0000000000   1.5608542144e+02   0.0000000000e+00   8.9517427538e+01
   1689.0000000000   1.5624116033e+02   0.0000000000e+00   8.9599540510e+01
   1690.0000000000   1.5638394596e+02   0.0000000000e+00   8.9680268342e+01
   1691.0000000000   1.5653432361e+02   0.0000000000e+00   8.9760123618e+01
   1692.0000000000   1.5667697158e+02   0.0000000000e+00   8.9839320824e+01
   1693.0000000000   1.5681737135e+02   0.0000000000e+00   8.9917978684e+01
   1694.0000000000   1.5695623886e+02   0.0000000000e+00   8.9996173083e+01
   1695.0000000000   1.5709390957e+02   0.0000000000e+00   9.0084001501e+01
   1696.0000000000   1.5723058253e+02   0.0000000000e+00   9.0165574874e+01
   1697.0000000000   1.5738702908e+02   0.0000000000e+00   9.0245839552e+01
   1698.0000000000   1.5753061741e+02   0.0000000000e+00   9.0325286906e+01
   1699.0000000000   1.5768183989e+02   0.0000000000e+00   9.0404117884e+01
   1700.0000000000   1.5782534935e+02   0.0000000000e+00   9.0482442104e+01
   1701.0000000000   1.5796661410e+02   0.0000000000e+00   9.0560329061e+01
   1702.0000000000   1.5811666201e+02   0.0000000000e+00   9.0637827125e+01
   1703.0000000000   1.5825946077e+02   0.0000000000e+00   9.0725016636e+01
   1704.0000000000   1.5840025757e+02   0.0000000000e+00   9.0816041509e+01
   1705.0000000000   1.5856030238e+02   0.0000000000e+00   9.0899911578e+01
   1706.0000000000   1.5870714873e+02   0.0000000000e+00   9.0982028093e+01
   1707.0000000000   1.5885106512e+02   0.0000000000e+00   9.1063054400e+01
   1708.0000000000   1.5899312499e+02   0.0000000000e+00   9.1143277432e+01
   1709.0000000000   1.5914410260e+02   0.0000000000e+00   9.1232901088e+01
   1710.0000000000   1.5928788913e+02   0.0000000000e+00   9.1316098153e+01
   1711.0000000000   1.5942969960e+02   0.0000000000e+00   9.1407898841e+01
   1712.0000000000   1.5957012984e+02   0.0000000000e+00   9.1492892902e+01
   1713.0000000000   1.5970945247e+02   0.0000000000e+00   9.1576216243e+01
   1714.0000000000   1.5984783047e+02   0.0000000000e+00   9.1658459574e+01
   1715.0000000000   1.5998537490e+02   0.0000000000e+00   9.1749928531e+01
   1716.0000000000   1.6012216760e+02   0.0000000000e+00   9.1834844302e+01
   1717.0000000000   1.6025827197e+02   0.0000000000e+00   9.1918220473e+01
   1718.0000000000   1.6039373900e+02   0.0000000000e+00   9.2010637692e+01
   1719.0000000000   1.6053892987e+02   0.0000000000e+00   9.2096400255e+01
   1720.0000000000   1.6067751620e+02   0.0000000000e+00   9.2180557167e+01
   1721.0000000000   1.6081457869e+02   0.0000000000e+00   9.2263662913e+01
   1722.0000000000   1.6095062349e+02   0.0000000000e+00   9.2356005421e+01
   1723.0000000000   1.6108585966e+02   0.0000000000e+00   9.2441796383e+01
   1724.0000000000   1.6122040314e+02   0.0000000000e+00   9.2526044001e+01
   1725.0000000000   1.6135432899e+02   0.0000000000e+00   9.2609281312e+01
   1726.0000000000   1.6148769076e+02   0.0000000000e+00   9.2701783637e+01
   1727.0000000000   1.6163084824e+02   0.0000000000e+00   9.2787754672e+01
   1728.0000000000   1.6176746999e+02   0.0000000000e+00   9.2872197257e+01
   1729.0000000000   1.6191295207e+02   0.0000000000e+00   9.2955640682e+01
   1730.0000000000   1.6205143291e+02   0.0000000000e+00   9.3038313088e+01
   1731.0000000000   1.6218816802e+02   0.0000000000e+00   9.3130389029e+01
   1732.0000000000   1.6232374945e+02   0.0000000000e+00   9.3226070047e+01
   1733.0000000000   1.6247907290e+02   0.0000000000e+00   9.3314404790e+01
   1734.0000000000   1.6264219453e+02   0.0000000000e+00   9.3400822439e+01
   1735.0000000000   1.6279058158e+02   0.0000000000e+00   9.3486007412e+01
   1736.0000000000   1.6294567980e+02   0.0000000000e+00   9.3570263122e+01
   1737.0000000000   1.6309250628e+02   0.0000000000e+00   9.3653762239e+01
   1738.0000000000   1.6323671252e+02   0.0000000000e+00   9.3736616824e+01
   1739.0000000000   1.6337911354e+02   0.0000000000e+00   9.3818905858e+01
   1740.0000000000   1.6353042732e+02   0.0000000000e+00   9.3900688261e+01
   1741.0000000000   1.6368485148e+02   0.0000000000e+00   9.3992054328e+01
   1742.0000000000   1.6383123656e+02   0.0000000000e+00   9.4077112440e+01
   1743.0000000000   1.6397523147e+02   0.0000000000e+00   9.4160808717e+01
   1744.0000000000   1.6411759205e+02   0.0000000000e+00   9.4243635498e+01
   1745.0000000000   1.6425867040e+02   0.0000000000e+00   9.4335839781e+01
   1746.0000000000   1.6439867577e+02   0.0000000000e+00   9.4421604664e+01
   1747.0000000000   1.6453774897e+02   0.0000000000e+00   9.4505917498e+01
   1748.0000000000   1.6467599230e+02   0.0000000000e+00   9.4589295608e+01
   1749.0000000000   1.6481348392e+02   0.0000000000e+00   9.4671957693e+01
   1750.0000000000   1.6496060495e+02   0.0000000000e+00   9.4754026244e+01
   1751.0000000000   1.6510104214e+02   0.0000000000e+00   9.4845625002e+01
   1752.0000000000   1.6525020701e+02   0.0000000000e+00   9.4930881631e+01
   1753.0000000000   1.6539225122e+02   0.0000000000e+00   9.5014754086e+01
   1754.0000000000   1.6553244165e+02   0.0000000000e+00   9.5097742306e+01
   1755.0000000000   1.6567138018e+02   0.0000000000e+00   9.5180053871e+01
   1756.0000000000   1.6580933285e+02   0.0000000000e+00   9.5261803712e+01
   1757.0000000000   1.6594645285e+02   0.0000000000e+00   9.5343065708e+01
   1758.0000000000   1.6608284119e+02   0.0000000000e+00   9.5423891924e+01
   1759.0000000000   1.6622888944e+02   0.0000000000e+00   9.5504321394e+01
   1760.0000000000   1.6637860786e+02   0.0000000000e+00   9.5594429183e+01
   1761.0000000000   1.6652072643e+02   0.0000000000e+00   9.5688356159e+01
   1762.0000000000   1.6666081073e+02   0.0000000000e+00   9.5775110394e+01
   1763.0000000000   1.6680987517e+02   0.0000000000e+00   9.5860092168e+01
   1764.0000000000   1.6695186238e+02   0.0000000000e+00   9.5943964355e+01
   1765.0000000000   1.6709199656e+02   0.0000000000e+00   9.6027013735e+01
   1766.0000000000   1.6723087021e+02   0.0000000000e+00   9.6109399791e+01
   1767.0000000000   1.6736874878e+02   0.0000000000e+00   9.6191223898e+01
   1768.0000000000   1.6750578718e+02   0.0000000000e+00   9.6272556217e+01
   1769.0000000000   1.6764208859e+02   0.0000000000e+00   9.6353448288e+01
   1770.0000000000   1.6778804657e+02   0.0000000000e+00   9.6433939672e+01
   1771.0000000000   1.6793767308e+02   0.0000000000e+00   9.6514061777e+01
   1772.0000000000   1.6807969948e+02   0.0000000000e+00   9.6603884689e+01
   1773.0000000000   1.6821969243e+02   0.0000000000e+00   9.6687501360e+01
   1774.0000000000   1.6835834811e+02   0.0000000000e+00   9.6769845759e+01
   1775.0000000000   1.6850629276e+02   0.0000000000e+00   9.6851400420e+01
   1776.0000000000   1.6864733695e+02   0.0000000000e+00   9.6942404274e+01
   1777.0000000000   1.6878664413e+02   0.0000000000e+00   9.7037078138e+01
   1778.0000000000   1.6892477394e+02   0.0000000000e+00   9.7124475244e+01
   1779.0000000000   1.6908261018e+02   0.0000000000e+00   9.7210023864e+01
   1780.0000000000   1.6923788622e+02   0.0000000000e+00   9.7294405381e+01
   1781.0000000000   1.6938443302e+02   0.0000000000e+00   9.7377919423e+01
   1782.0000000000   1.6952832835e+02   0.0000000000e+00   9.7460734726e+01
   1783.0000000000   1.6967047551e+02   0.0000000000e+00   9.7542959529e+01
   1784.0000000000   1.6982161126e+02   0.0000000000e+00   9.7624669214e+01
   1785.0000000000   1.6996561403e+02   0.0000000000e+00   9.7715963842e+01
   1786.0000000000   1.7010769272e+02   0.0000000000e+00   9.7811002252e+01
   1787.0000000000   1.7024843930e+02   0.0000000000e+00   9.7898805885e+01
   1788.0000000000   1.7038812341e+02   0.0000000000e+00   9.7984785246e+01
   1789.0000000000   1.7052690547e+02   0.0000000000e+00   9.8069611192e+01
   1790.0000000000   1.7067521338e+02   0.0000000000e+00   9.8153576862e+01
   1791.0000000000   1.7082708210e+02   0.0000000000e+00   9.8236846878e+01
   1792.0000000000   1.7097125954e+02   0.0000000000e+00   9.8329571294e+01
   1793.0000000000   1.7111332489e+02   0.0000000000e+00   9.8415895372e+01
   1794.0000000000   1.7127462230e+02   0.0000000000e+00   9.8500789436e+01
   1795.0000000000   1.7143305821e+02   0.0000000000e+00   9.8584762461e+01
   1796.0000000000   1.7158255018e+02   0.0000000000e+00   9.8668028823e+01
   1797.0000000000   1.7172922654e+02   0.0000000000e+00   9.8750708695e+01
   1798.0000000000   1.7188434224e+02   0.0000000000e+00   9.8852969020e+01
   1799.0000000000   1.7204229266e+02   0.0000000000e+00   9.8943008372e+01
   1800.0000000000   1.7220234193e+02   0.0000000000e+00   9.9030700182e+01
   1801.0000000000   1.7236414630e+02   0.0000000000e+00   9.9117011128e+01
   1802.0000000000   1.7251717961e+02   0.0000000000e+00   9.9212374010e+01
   1803.0000000000   1.7266734455e+02   0.0000000000e+00   9.9301068062e+01
   1804.0000000000   1.7281553001e+02   0.0000000000e+00   9.9388138092e+01
   1805.0000000000   1.7296216811e+02   0.0000000000e+00   9.9474138986e+01
   1806.0000000000   1.7310752057e+02   0.0000000000e+00   9.9559315556e+01
   1807.0000000000   1.7325176488e+02   0.0000000000e+00   9.9643809283e+01
   1808.0000000000   1.7341566832e+02   0.0000000000e+00   9.9727713724e+01
   1809.0000000000   1.7356660171e+02   0.0000000000e+00   9.9831184936e+01
   1810.0000000000   1.7372506260e+02   0.0000000000e+00   9.9922416963e+01
   1811.0000000000   1.7388602900e+02   0.0000000000e+00   1.0001128157e+02
   1812.0000000000   1.7406956877e+02   0.0000000000e+00   1.0010878959e+02
   1813.0000000000   1.7423235532e+02   0.0000000000e+00   1.0019940131e+02
   1814.0000000000   1.7439035628e+02   0.0000000000e+00   1.0029828537e+02
   1815.0000000000   1.7454539873e+02   0.0000000000e+00   1.0040015455e+02
   1816.0000000000   1.7469827225e+02   0.0000000000e+00   1.0049426599e+02
   1817.0000000000   1.7485973826e+02   0.0000000000e+00   1.0058616008e+02
   1818.0000000000   1.7501371627e+02   0.0000000000e+00   1.0068663376e+02
   1819.0000000000   1.7516545387e+02   0.0000000000e+00   1.0079015188e+02
   1820.0000000000   1.7531557635e+02   0.0000000000e+00   1.0088590669e+02
   1821.0000000000   1.7547470057e+02   0.0000000000e+00   1.0098946122e+02
   1822.0000000000   1.7563696594e+02   0.0000000000e+00   1.0108563196e+02
   1823.0000000000   1.7580150698e+02   0.0000000000e+00   1.0117968153e+02
   1824.0000000000   1.7596790597e+02   0.0000000000e+00   1.0127228192e+02
   1825.0000000000   1.7612559134e+02   0.0000000000e+00   1.0136375107e+02
   1826.0000000000   1.7628043647e+02   0.0000000000e+00   1.0147436948e+02
   1827.0000000000   1.7644362981e+02   0.0000000000e+00   1.0157241040e+02
   1828.0000000000   1.7660954531e+02   0.0000000000e+00   1.0167784498e+02
   1829.0000000000   1.7676712183e+02   0.0000000000e+00   1.0177575145e+02
   1830.0000000000   1.7692206033e+02   0.0000000000e+00   1.0187146517e+02
   1831.0000000000   1.7708546998e+02   0.0000000000e+00   1.0196568568e+02
   1832.0000000000   1.7724136338e+02   0.0000000000e+00   1.0205874326e+02
   1833.0000000000   1.7739501844e+02   0.0000000000e+00   1.0215083569e+02
   1834.0000000000   1.7754707026e+02   0.0000000000e+00   1.0224209648e+02
   1835.0000000000   1.7769781880e+02   0.0000000000e+00   1.0233262264e+02
   1836.0000000000   1.7784744754e+02   0.0000000000e+00   1.0243253276e+02
   1837.0000000000   1.7799608367e+02   0.0000000000e+00   1.0252595721e+02
   1838.0000000000   1.7814382214e+02   0.0000000000e+00   1.0261785970e+02
   1839.0000000000   1.7829073736e+02   0.0000000000e+00   1.0270874703e+02
   1840.0000000000   1.7843688964e+02   0.0000000000e+00   1.0279883385e+02
   1841.0000000000   1.7859264829e+02   0.0000000000e+00   1.0288824195e+02
   1842.0000000000   1.7874169203e+02   0.0000000000e+00   1.0297705169e+02
   1843.0000000000   1.7888910784e+02   0.0000000000e+00   1.0306532118e+02
   1844.0000000000   1.7904572661e+02   0.0000000000e+00   1.0315309507e+02
   1845.0000000000   1.7920571768e+02   0.0000000000e+00   1.0324040911e+02
   1846.0000000000   1.7935788796e+02   0.0000000000e+00   1.0332729287e+02
   1847.0000000000   1.7950784670e+02   0.0000000000e+00   1.0341377134e+02
   1848.0000000000   1.7965631679e+02   0.0000000000e+00   1.0349986604e+02
   1849.0000000000   1.7980362356e+02   0.0000000000e+00   1.0358559578e+02
   1850.0000000000   1.7994995462e+02   0.0000000000e+00   1.0367097717e+02
   1851.0000000000   1.8011607133e+02   0.0000000000e+00   1.0375602506e+02
   1852.0000000000   1.8026933383e+02   0.0000000000e+00   1.0384075280e+02
   1853.0000000000   1.8043022806e+02   0.0000000000e+00   1.0392517248e+02
   1854.0000000000   1.8059372088e+02   0.0000000000e+00   1.0400929516e+02
   1855.0000000000   1.8074891269e+02   0.0000000000e+00   1.0409313093e+02
   1856.0000000000   1.8090155939e+02   0.0000000000e+00   1.0417668911e+02
   1857.0000000000   1.8105246971e+02   0.0000000000e+00   1.0425997833e+02
   1858.0000000000   1.8121234353e+02   0.0000000000e+00   1.0434300656e+02
   1859.0000000000   1.8136504278e+02   0.0000000000e+00   1.0442578126e+02
   1860.0000000000   1.8152608767e+02   0.0000000000e+00   1.0450830938e+02
   1861.0000000000   1.8167970266e+02   0.0000000000e+00   1.0459059744e+02
   1862.0000000000   1.8184152521e+02   0.0000000000e+00   1.0467265155e+02
   1863.0000000000   1.8199583128e+02   0.0000000000e+00   1.0475447748e+02
   1864.0000000000   1.8214796606e+02   0.0000000000e+00   1.0483608064e+02
   1865.0000000000   1.8230890411e+02   0.0000000000e+00   1.0491746619e+02
   1866.0000000000   1.8247290550e+02   0.0000000000e+00   1.0501872792e+02
   1867.0000000000   1.8263915816e+02   0.0000000000e+00   1.0510801366e+02
   1868.0000000000   1.8279695200e+02   0.0000000000e+00   1.0520520402e+02
   1869.0000000000   1.8295209345e+02   0.0000000000e+00   1.0530535313e+02
   1870.0000000000   1.8310541319e+02   0.0000000000e+00   1.0539781419e+02
   1871.0000000000   1.8325730479e+02   0.0000000000e+00   1.0549820380e+02
   1872.0000000000   1.8341832204e+02   0.0000000000e+00   1.0559135523e+02
   1873.0000000000   1.8357225875e+02   0.0000000000e+00   1.0568253323e+02
   1874.0000000000   1.8372427930e+02   0.0000000000e+00   1.0578245030e+02
   1875.0000000000   1.8387495034e+02   0.0000000000e+00   1.0587548941e+02
   1876.0000000000   1.8402452643e+02   0.0000000000e+00   1.0596675050e+02
   1877.0000000000   1.8417315881e+02   0.0000000000e+00   1.0605682296e+02
   1878.0000000000   1.8432095066e+02   0.0000000000e+00   1.0614597518e+02
   1879.0000000000   1.8446797831e+02   0.0000000000e+00   1.0623436565e+02
   1880.0000000000   1.8461430134e+02   0.0000000000e+00   1.0632210070e+02
   1881.0000000000   1.8477028706e+02   0.0000000000e+00   1.0640925725e+02
   1882.0000000000   1.8492993083e+02   0.0000000000e+00   1.0649589383e+02
   1883.0000000000   1.8508195311e+02   0.0000000000e+00   1.0658205665e+02
   1884.0000000000   1.8524223241e+02   0.0000000000e+00   1.0666778319e+02
   1885.0000000000   1.8540541524e+02   0.0000000000e+00   1.0677319344e+02
   1886.0000000000   1.8557081098e+02   0.0000000000e+00   1.0686645681e+02
   1887.0000000000   1.8572775800e+02   0.0000000000e+00   1.0695742743e+02
   1888.0000000000   1.8588208390e+02   0.0000000000e+00   1.0705710310e+02
   1889.0000000000   1.8603462861e+02   0.0000000000e+00   1.0714993413e+02
   1890.0000000000   1.8618578928e+02   0.0000000000e+00   1.0724103692e+02
   1891.0000000000   1.8633580130e+02   0.0000000000e+00   1.0733100199e+02
   1892.0000000000   1.8649514068e+02   0.0000000000e+00   1.0742009397e+02
   1893.0000000000   1.8665787524e+02   0.0000000000e+00   1.0751851080e+02
   1894.0000000000   1.8681277646e+02   0.0000000000e+00   1.0761042529e+02
   1895.0000000000   1.8696544109e+02   0.0000000000e+00   1.0770082558e+02
   1896.0000000000   1.8712690768e+02   0.0000000000e+00   1.0779023304e+02
   1897.0000000000   1.8728113808e+02   0.0000000000e+00   1.0787887118e+02
   1898.0000000000   1.8743337207e+02   0.0000000000e+00   1.0796686715e+02
   1899.0000000000   1.8758421504e+02   0.0000000000e+00   1.0806434896e+02
   1900.0000000000   1.8773394323e+02   0.0000000000e+00   1.0815544805e+02
   1901.0000000000   1.8788272071e+02   0.0000000000e+00   1.0824512568e+02
   1902.0000000000   1.8804097761e+02   0.0000000000e+00   1.0833388471e+02
   1903.0000000000   1.8819243137e+02   0.0000000000e+00   1.0842193525e+02
   1904.0000000000   1.8834219496e+02   0.0000000000e+00   1.0850939445e+02
   1905.0000000000   1.8849079832e+02   0.0000000000e+00   1.0860638264e+02
   1906.0000000000   1.8863846861e+02   0.0000000000e+00   1.0869702523e+02
   1907.0000000000   1.8878533595e+02   0.0000000000e+00   1.0879632312e+02
   1908.0000000000   1.8893148675e+02   0.0000000000e+00   1.0888884683e+02
   1909.0000000000   1.8908730289e+02   0.0000000000e+00   1.0897971912e+02
   1910.0000000000   1.8923646889e+02   0.0000000000e+00   1.0907956587e+02
   1911.0000000000   1.8938407390e+02   0.0000000000e+00   1.0917271310e+02
   1912.0000000000   1.8954094891e+02   0.0000000000e+00   1.0926422132e+02
   1913.0000000000   1.8969094314e+02   0.0000000000e+00   1.0936469594e+02
   1914.0000000000   1.8983922572e+02   0.0000000000e+00   1.0945845587e+02
   1915.0000000000   1.8999667266e+02   0.0000000000e+00   1.0956060391e+02
   1916.0000000000   1.9014716107e+02   0.0000000000e+00   1.0966581693e+02
   1917.0000000000   1.9029587846e+02   0.0000000000e+00   1.0976333039e+02
   1918.0000000000   1.9045371365e+02   0.0000000000e+00   1.0986871502e+02
   1919.0000000000   1.9062519114e+02   0.0000000000e+00   1.0996678517e+02
   1920.0000000000   1.9078277755e+02   0.0000000000e+00   1.1006279849e+02
   1921.0000000000   1.9093714838e+02   0.0000000000e+00   1.1015742148e+02
   1922.0000000000   1.9108951728e+02   0.0000000000e+00   1.1025096676e+02
   1923.0000000000   1.9126104140e+02   0.0000000000e+00   1.1034362101e+02
   1924.0000000000   1.9141928141e+02   0.0000000000e+00   1.1043550994e+02
   1925.0000000000   1.9157452158e+02   0.0000000000e+00   1.1053676906e+02
   1926.0000000000   1.9172784888e+02   0.0000000000e+00   1.1063153927e+02
   1927.0000000000   1.9189004792e+02   0.0000000000e+00   1.1072479113e+02
   1928.0000000000   1.9204501758e+02   0.0000000000e+00   1.1081703595e+02
   1929.0000000000   1.9219797868e+02   0.0000000000e+00   1.1090849136e+02
   1930.0000000000   1.9234953145e+02   0.0000000000e+00   1.1099928116e+02
   1931.0000000000   1.9249995189e+02   0.0000000000e+00   1.1108948701e+02
   1932.0000000000   1.9265972465e+02   0.0000000000e+00   1.1117916785e+02
   1933.0000000000   1.9282291810e+02   0.0000000000e+00   1.1126836878e+02
   1934.0000000000   1.9297830208e+02   0.0000000000e+00   1.1135712581e+02
   1935.0000000000   1.9313147129e+02   0.0000000000e+00   1.1144546852e+02
   1936.0000000000   1.9328314332e+02   0.0000000000e+00   1.1153342183e+02
   1937.0000000000   1.9343364222e+02   0.0000000000e+00   1.1163105155e+02
   1938.0000000000   1.9358315613e+02   0.0000000000e+00   1.1172244785e+02
   1939.0000000000   1.9373180957e+02   0.0000000000e+00   1.1181254293e+02
   1940.0000000000   1.9387969198e+02   0.0000000000e+00   1.1190181825e+02
   1941.0000000000   1.9402687132e+02   0.0000000000e+00   1.1199046768e+02
   1942.0000000000   1.9417340132e+02   0.0000000000e+00   1.1207859572e+02
   1943.0000000000   1.9432964488e+02   0.0000000000e+00   1.1216626813e+02
   1944.0000000000   1.9448959378e+02   0.0000000000e+00   1.1225353057e+02
   1945.0000000000   1.9465228460e+02   0.0000000000e+00   1.1234041691e+02
   1946.0000000000   1.9480691032e+02   0.0000000000e+00   1.1242695354e+02
   1947.0000000000   1.9495921021e+02   0.0000000000e+00   1.1252320629e+02
   1948.0000000000   1.9510996588e+02   0.0000000000e+00   1.1261326450e+02
   1949.0000000000   1.9525953358e+02   0.0000000000e+00   1.1270205910e+02
   1950.0000000000   1.9540811877e+02   0.0000000000e+00   1.1279007009e+02
   1951.0000000000   1.9555585565e+02   0.0000000000e+00   1.1287748978e+02
   1952.0000000000   1.9570283913e+02   0.0000000000e+00   1.1296442110e+02
   1953.0000000000   1.9585945925e+02   0.0000000000e+00   1.1305092826e+02
   1954.0000000000   1.9600940740e+02   0.0000000000e+00   1.1314709990e+02
   1955.0000000000   1.9616809736e+02   0.0000000000e+00   1.1323704009e+02
   1956.0000000000   1.9631968160e+02   0.0000000000e+00   1.1333573420e+02
   1957.0000000000   1.9646942703e+02   0.0000000000e+00   1.1342774088e+02
   1958.0000000000   1.9661793502e+02   0.0000000000e+00   1.1351817338e+02
   1959.0000000000   1.9676547088e+02   0.0000000000e+00   1.1361764985e+02
   1960.0000000000   1.9691218685e+02   0.0000000000e+00   1.1371048984e+02
   1961.0000000000   1.9705818299e+02   0.0000000000e+00   1.1380174833e+02
   1962.0000000000   1.9720353076e+02   0.0000000000e+00   1.1390202604e+02
   1963.0000000000   1.9737924150e+02   0.0000000000e+00   1.1399563772e+02
   1964.0000000000   1.9753626624e+02   0.0000000000e+00   1.1408763810e+02
   1965.0000000000   1.9768979045e+02   0.0000000000e+00   1.1417858478e+02
   1966.0000000000   1.9784128220e+02   0.0000000000e+00   1.1426872286e+02
   1967.0000000000   1.9800164263e+02   0.0000000000e+00   1.1436823772e+02
   1968.0000000000   1.9815481498e+02   0.0000000000e+00   1.1447133806e+02
   1969.0000000000   1.9830603797e+02   0.0000000000e+00   1.1456707744e+02
   1970.0000000000   1.9845591842e+02   0.0000000000e+00   1.1466088847e+02
   1971.0000000000   1.9860473372e+02   0.0000000000e+00   1.1475345799e+02
   1972.0000000000   1.9876296749e+02   0.0000000000e+00   1.1484509114e+02
   1973.0000000000   1.9892468583e+02   0.0000000000e+00   1.1493596184e+02
   1974.0000000000   1.9907865582e+02   0.0000000000e+00   1.1502618305e+02
   1975.0000000000   1.9923046926e+02   0.0000000000e+00   1.1511583438e+02
   1976.0000000000   1.9939115989e+02   0.0000000000e+00   1.1520497521e+02
   1977.0000000000   1.9954468510e+02   0.0000000000e+00   1.1529365167e+02
   1978.0000000000   1.9969628061e+02   0.0000000000e+00   1.1538190073e+02
   1979.0000000000   1.9984654814e+02   0.0000000000e+00   1.1546975279e+02
   1980.0000000000   1.9999576062e+02   0.0000000000e+00   1.1556727778e+02
   1981.0000000000   2.0014407913e+02   0.0000000000e+00   1.1565856898e+02
   1982.0000000000   2.0029161199e+02   0.0000000000e+00   1.1574856100e+02
   1983.0000000000   2.0043843801e+02   0.0000000000e+00   1.1583773713e+02
   1984.0000000000   2.0059493671e+02   0.0000000000e+00   1.1592629267e+02
   1985.0000000000   2.0074479235e+02   0.0000000000e+00   1.1602437769e+02
   1986.0000000000   2.0089309463e+02   0.0000000000e+00   1.1611613041e+02
   1987.0000000000   2.0104035628e+02   0.0000000000e+00   1.1621655745e+02
   1988.0000000000   2.0119711038e+02   0.0000000000e+00   1.1632027623e+02
   1989.0000000000   2.0134711269e+02   0.0000000000e+00   1.1641648185e+02
   1990.0000000000   2.0149549144e+02   0.0000000000e+00   1.1651067148e+02
   1991.0000000000   2.0164278209e+02   0.0000000000e+00   1.1660356596e+02
   1992.0000000000   2.0179953201e+02   0.0000000000e+00   1.1669549002e+02
   1993.0000000000   2.0194950644e+02   0.0000000000e+00   1.1678662956e+02
   1994.0000000000   2.0210815915e+02   0.0000000000e+00   1.1687710521e+02
   1995.0000000000   2.0225966631e+02   0.0000000000e+00   1.1696700167e+02
   1996.0000000000   2.0240930976e+02   0.0000000000e+00   1.1705638177e+02
   1997.0000000000   2.0255770078e+02   0.0000000000e+00   1.1714529401e+02
   1998.0000000000   2.0270511141e+02   0.0000000000e+00   1.1723377707e+02
   1999.0000000000   2.0286201776e+02   0.0000000000e+00   1.1733190698e+02
   2000.0000000000   2.0302247849e+02   0.0000000000e+00   1.1743382615e+02
   2001.0000000000   2.0318557305e+02   0.0000000000e+00   1.1752854434e+02
   2002.0000000000   2.0336116163e+02   0.0000000000e+00   1.1763150802e+02
   2003.0000000000   2.0352227628e+02   0.0000000000e+00   1.1772745327e+02
   2004.0000000000   2.0369013317e+02   0.0000000000e+00   1.1782158424e+02
   2005.0000000000   2.0386001435e+02   0.0000000000e+00   1.1791452872e+02
   2006.0000000000   2.0403151089e+02   0.0000000000e+00   1.1800657021e+02
   2007.0000000000   2.0419412027e+02   0.0000000000e+00   1.1809787276e+02
   2008.0000000000   2.0435377159e+02   0.0000000000e+00   1.1818854402e+02
   2009.0000000000   2.0452169356e+02   0.0000000000e+00   1.1827866038e+02
   2010.0000000000   2.0468196983e+02   0.0000000000e+00   1.1836827903e+02
   2011.0000000000   2.0483992383e+02   0.0000000000e+00   1.1846748896e+02
   2012.0000000000   2.0499622134e+02   0.0000000000e+00   1.1856039754e+02
   2013.0000000000   2.0515118378e+02   0.0000000000e+00   1.1865194999e+02
   2014.0000000000   2.0531532911e+02   0.0000000000e+00   1.1874263791e+02
   2015.0000000000   2.0548275098e+02   0.0000000000e+00   1.1883266314e+02
   2016.0000000000   2.0564223909e+02   0.0000000000e+00   1.1892213655e+02
   2017.0000000000   2.0579940407e+02   0.0000000000e+00   1.1902117356e+02
   2018.0000000000   2.0595497647e+02   0.0000000000e+00   1.1911389562e+02
   2019.0000000000   2.0611961025e+02   0.0000000000e+00   1.1920525599e+02
   2020.0000000000   2.0627713871e+02   0.0000000000e+00   1.1929575089e+02
   2021.0000000000   2.0643274434e+02   0.0000000000e+00   1.1938558497e+02
   2022.0000000000   2.0658700292e+02   0.0000000000e+00   1.1947487077e+02
   2023.0000000000   2.0675049300e+02   0.0000000000e+00   1.1956368020e+02
   2024.0000000000   2.0691732382e+02   0.0000000000e+00   1.1965206368e+02
   2025.0000000000   2.0709692473e+02   0.0000000000e+00   1.1974005887e+02
   2026.0000000000   2.0726217526e+02   0.0000000000e+00   1.1983773963e+02
   2027.0000000000   2.0743422072e+02   0.0000000000e+00   1.1992920135e+02
   2028.0000000000   2.0760830541e+02   0.0000000000e+00   1.2001937960e+02
   2029.0000000000   2.0779431774e+02   0.0000000000e+00   1.2011880249e+02
   2030.0000000000   2.0796537820e+02   0.0000000000e+00   1.2022178135e+02
   2031.0000000000   2.0814277712e+02   0.0000000000e+00   1.2031740895e+02
   2032.0000000000   2.0831153492e+02   0.0000000000e+00   1.2042117877e+02
   2033.0000000000   2.0847733211e+02   0.0000000000e+00   1.2051785602e+02
   2034.0000000000   2.0865133418e+02   0.0000000000e+00   1.2061266403e+02
   2035.0000000000   2.0881760479e+02   0.0000000000e+00   1.2070624382e+02
   2036.0000000000   2.0899178078e+02   0.0000000000e+00   1.2079888832e+02
   2037.0000000000   2.0916848293e+02   0.0000000000e+00   1.2089076850e+02
   2038.0000000000   2.0933672118e+02   0.0000000000e+00   1.2098199723e+02
   2039.0000000000   2.0950222747e+02   0.0000000000e+00   1.2107265488e+02
   2040.0000000000   2.0966580924e+02   0.0000000000e+00   1.2116280175e+02
   2041.0000000000   2.0982785442e+02   0.0000000000e+00   1.2125248480e+02
   2042.0000000000   2.0998859900e+02   0.0000000000e+00   1.2134174172e+02
   2043.0000000000   2.1014820485e+02   0.0000000000e+00   1.2144064795e+02
   2044.0000000000   2.1030679135e+02   0.0000000000e+00   1.2153330099e+02
   2045.0000000000   2.1047477011e+02   0.0000000000e+00   1.2163468324e+02
   2046.0000000000   2.1063585150e+02   0.0000000000e+00   1.2172935222e+02
   2047.0000000000   2.1079514698e+02   0.0000000000e+00   1.2182242124e+02
   2048.0000000000   2.1095318776e+02   0.0000000000e+00   1.2191446455e+02
   2049.0000000000   2.1111020369e+02   0.0000000000e+00   1.2201577554e+02
   2050.0000000000   2.1126632824e+02   0.0000000000e+00   1.2211056607e+02
   2051.0000000000   2.1142165151e+02   0.0000000000e+00   1.2220384245e+02
   2052.0000000000   2.1157624002e+02   0.0000000000e+00   1.2229613515e+02
   2053.0000000000   2.1173014586e+02   0.0000000000e+00   1.2238767227e+02
   2054.0000000000   2.1188341146e+02   0.0000000000e+00   1.2247858328e+02
   2055.0000000000   2.1204639152e+02   0.0000000000e+00   1.2256895269e+02
   2056.0000000000   2.1220275269e+02   0.0000000000e+00   1.2265884061e+02
   2057.0000000000   2.1235757185e+02   0.0000000000e+00   1.2274829231e+02
   2058.0000000000   2.1251135221e+02   0.0000000000e+00   1.2283734329e+02
   2059.0000000000   2.1266430056e+02   0.0000000000e+00   1.2293606679e+02
   2060.0000000000   2.1281653109e+02   0.0000000000e+00   1.2302855823e+02
   2061.0000000000   2.1296811755e+02   0.0000000000e+00   1.2311975362e+02
   2062.0000000000   2.1311911248e+02   0.0000000000e+00   1.2321013719e+02
   2063.0000000000   2.1326955588e+02   0.0000000000e+00   1.2329990485e+02
   2064.0000000000   2.1341947965e+02   0.0000000000e+00   1.2338916260e+02
   2065.0000000000   2.1357922925e+02   0.0000000000e+00   1.2347797727e+02
   2066.0000000000   2.1375310133e+02   0.0000000000e+00   1.2356639530e+02
   2067.0000000000   2.1392375687e+02   0.0000000000e+00   1.2365445110e+02
   2068.0000000000   2.1408542927e+02   0.0000000000e+00   1.2374217143e+02
   2069.0000000000   2.1424432921e+02   0.0000000000e+00   1.2383962234e+02
   2070.0000000000   2.1440141699e+02   0.0000000000e+00   1.2393089329e+02
   2071.0000000000   2.1455713804e+02   0.0000000000e+00   1.2402091525e+02
   2072.0000000000   2.1471174912e+02   0.0000000000e+00   1.2411016818e+02
   2073.0000000000   2.1486541668e+02   0.0000000000e+00   1.2419884432e+02
   2074.0000000000   2.1501825718e+02   0.0000000000e+00   1.2428704646e+02
   2075.0000000000   2.1519099480e+02   0.0000000000e+00   1.2437483869e+02
   2076.0000000000   2.1535096797e+02   0.0000000000e+00   1.2446226497e+02
   2077.0000000000   2.1550832977e+02   0.0000000000e+00   1.2454935758e+02
   2078.0000000000   2.1567440151e+02   0.0000000000e+00   1.2463614136e+02
   2079.0000000000   2.1583322655e+02   0.0000000000e+00   1.2472263615e+02
   2080.0000000000   2.1599007590e+02   0.0000000000e+00   1.2480885828e+02
   2081.0000000000   2.1614556838e+02   0.0000000000e+00   1.2489482146e+02
   2082.0000000000   2.1629998611e+02   0.0000000000e+00   1.2499058191e+02
   2083.0000000000   2.1646381451e+02   0.0000000000e+00   1.2508022147e+02
   2084.0000000000   2.1662080123e+02   0.0000000000e+00   1.2516866501e+02
   2085.0000000000   2.1678639643e+02   0.0000000000e+00   1.2525638748e+02
   2086.0000000000   2.1694477766e+02   0.0000000000e+00   1.2535362144e+02
   2087.0000000000   2.1710122995e+02   0.0000000000e+00   1.2544453778e+02
   2088.0000000000   2.1725636828e+02   0.0000000000e+00   1.2554415788e+02
   2089.0000000000   2.1741046844e+02   0.0000000000e+00   1.2565715061e+02
   2090.0000000000   2.1756369102e+02   0.0000000000e+00   1.2575678589e+02
   2091.0000000000   2.1771614273e+02   0.0000000000e+00   1.2585347799e+02
   2092.0000000000   2.1786790054e+02   0.0000000000e+00   1.2594841482e+02
   2093.0000000000   2.1802934217e+02   0.0000000000e+00   1.2604210148e+02
   2094.0000000000   2.1818415022e+02   0.0000000000e+00   1.2613481579e+02
   2095.0000000000   2.1833741290e+02   0.0000000000e+00   1.2623677694e+02
   2096.0000000000   2.1849996074e+02   0.0000000000e+00   1.2633217599e+02
   2097.0000000000   2.1866596180e+02   0.0000000000e+00   1.2642601541e+02
   2098.0000000000   2.1882422111e+02   0.0000000000e+00   1.2651882765e+02
   2099.0000000000   2.1898034573e+02   0.0000000000e+00   1.2661084477e+02
   2100.0000000000   2.1913505618e+02   0.0000000000e+00   1.2670220064e+02
   2101.0000000000   2.1928867536e+02   0.0000000000e+00   1.2680302850e+02
   2102.0000000000   2.1944138839e+02   0.0000000000e+00   1.2690750846e+02
   2103.0000000000   2.1960363514e+02   0.0000000000e+00   1.2700467675e+02
   2104.0000000000   2.1975913722e+02   0.0000000000e+00   1.2709995476e+02
   2105.0000000000   2.1991300891e+02   0.0000000000e+00   1.2719402176e+02
   2106.0000000000   2.2007609898e+02   0.0000000000e+00   1.2728717753e+02
   2107.0000000000   2.2025290779e+02   0.0000000000e+00   1.2737959214e+02
   2108.0000000000   2.2041588641e+02   0.0000000000e+00   1.2747137567e+02
   2109.0000000000   2.2057569971e+02   0.0000000000e+00   1.2756260557e+02
   2110.0000000000   2.2073355382e+02   0.0000000000e+00   1.2767342849e+02
   2111.0000000000   2.2090028125e+02   0.0000000000e+00   1.2777203247e+02
   2112.0000000000   2.2105980229e+02   0.0000000000e+00   1.2786828518e+02
   2113.0000000000   2.2122766677e+02   0.0000000000e+00   1.2797319454e+02
   2114.0000000000   2.2139843454e+02   0.0000000000e+00   1.2807121867e+02
   2115.0000000000   2.2156106953e+02   0.0000000000e+00   1.2816748008e+02
   2116.0000000000   2.2173158653e+02   0.0000000000e+00   1.2826257416e+02
   2117.0000000000   2.2189439962e+02   0.0000000000e+00   1.2835676955e+02
   2118.0000000000   2.2205492254e+02   0.0000000000e+00   1.2846026743e+02
   2119.0000000000   2.2221385035e+02   0.0000000000e+00   1.2855724338e+02
   2120.0000000000   2.2237151303e+02   0.0000000000e+00   1.2865268781e+02
   2121.0000000000   2.2252810995e+02   0.0000000000e+00   1.2874712408e+02
   2122.0000000000   2.2268377684e+02   0.0000000000e+00   1.2884077737e+02
   2123.0000000000   2.2283861306e+02   0.0000000000e+00   1.2893377628e+02
   2124.0000000000   2.2299269493e+02   0.0000000000e+00   1.2903625009e+02
   2125.0000000000   2.2314608324e+02   0.0000000000e+00   1.2913233135e+02
   2126.0000000000   2.2330914681e+02   0.0000000000e+00   1.2922698231e+02
   2127.0000000000   2.2346556328e+02   0.0000000000e+00   1.2932070667e+02
   2128.0000000000   2.2363073731e+02   0.0000000000e+00   1.2941371531e+02
   2129.0000000000   2.2378881518e+02   0.0000000000e+00   1.2950612609e+02
   2130.0000000000   2.2394505951e+02   0.0000000000e+00   1.2959801546e+02
   2131.0000000000   2.2410006870e+02   0.0000000000e+00   1.2968943776e+02
   2132.0000000000   2.2427474415e+02   0.0000000000e+00   1.2979047854e+02
   2133.0000000000   2.2444682801e+02   0.0000000000e+00   1.2988524181e+02
   2134.0000000000   2.2461015598e+02   0.0000000000e+00   1.2997866987e+02
   2135.0000000000   2.2477080854e+02   0.0000000000e+00   1.3007125172e+02
   2136.0000000000   2.2494000973e+02   0.0000000000e+00   1.3017323151e+02
   2137.0000000000   2.2510181444e+02   0.0000000000e+00   1.3026878985e+02
   2138.0000000000   2.2526151596e+02   0.0000000000e+00   1.3036291196e+02
   2139.0000000000   2.2541975323e+02   0.0000000000e+00   1.3046615779e+02
   2140.0000000000   2.2558714386e+02   0.0000000000e+00   1.3056281603e+02
   2141.0000000000   2.2576814165e+02   0.0000000000e+00   1.3065792363e+02
   2142.0000000000   2.2593519122e+02   0.0000000000e+00   1.3075202557e+02
   2143.0000000000   2.2609896223e+02   0.0000000000e+00   1.3084535766e+02
   2144.0000000000   2.2626066869e+02   0.0000000000e+00   1.3093805378e+02
   2145.0000000000   2.2642083239e+02   0.0000000000e+00   1.3103020117e+02
   2146.0000000000   2.2659006452e+02   0.0000000000e+00   1.3112186166e+02
   2147.0000000000   2.2675218890e+02   0.0000000000e+00   1.3121308166e+02
   2148.0000000000   2.2691238719e+02   0.0000000000e+00   1.3130389749e+02
   2149.0000000000   2.2709187480e+02   0.0000000000e+00   1.3139433844e+02
   2150.0000000000   2.2725818533e+02   0.0000000000e+00   1.3149447324e+02
   2151.0000000000   2.2742157502e+02   0.0000000000e+00   1.3158839393e+02
   2152.0000000000   2.2758310947e+02   0.0000000000e+00   1.3169107837e+02
   2153.0000000000   2.2774323869e+02   0.0000000000e+00   1.3178708035e+02
   2154.0000000000   2.2790221420e+02   0.0000000000e+00   1.3188150998e+02
   2155.0000000000   2.2806019835e+02   0.0000000000e+00   1.3197493883e+02
   2156.0000000000   2.2821730560e+02   0.0000000000e+00   1.3206761349e+02
   2157.0000000000   2.2838394070e+02   0.0000000000e+00   1.3215967221e+02
   2158.0000000000   2.2855412574e+02   0.0000000000e+00   1.3225120370e+02
   2159.0000000000   2.2871660108e+02   0.0000000000e+00   1.3234226994e+02
   2160.0000000000   2.2887694128e+02   0.0000000000e+00   1.3243291686e+02
   2161.0000000000   2.2903584947e+02   0.0000000000e+00   1.3252317994e+02
   2162.0000000000   2.2919363900e+02   0.0000000000e+00   1.3261308757e+02
   2163.0000000000   2.2936080885e+02   0.0000000000e+00   1.3270266299e+02
   2164.0000000000   2.2952111321e+02   0.0000000000e+00   1.3279192571e+02
   2165.0000000000   2.2967968667e+02   0.0000000000e+00   1.3288089232e+02
   2166.0000000000   2.2983707270e+02   0.0000000000e+00   1.3296957717e+02
   2167.0000000000   2.3000382650e+02   0.0000000000e+00   1.3305799283e+02
   2168.0000000000   2.3016372044e+02   0.0000000000e+00   1.3314615041e+02
   2169.0000000000   2.3032189555e+02   0.0000000000e+00   1.3323405981e+02
   2170.0000000000   2.3047889746e+02   0.0000000000e+00   1.3332172995e+02
   2171.0000000000   2.3063496272e+02   0.0000000000e+00   1.3340916889e+02
   2172.0000000000   2.3079022725e+02   0.0000000000e+00   1.3349638400e+02
   2173.0000000000   2.3094478120e+02   0.0000000000e+00   1.3358338201e+02
   2174.0000000000   2.3109868978e+02   0.0000000000e+00   1.3367016911e+02
   2175.0000000000   2.3125200296e+02   0.0000000000e+00   1.3375675105e+02
   2176.0000000000   2.3142539882e+02   0.0000000000e+00   1.3386322209e+02
   2177.0000000000   2.3159650156e+02   0.0000000000e+00   1.3396777488e+02
   2178.0000000000   2.3175907552e+02   0.0000000000e+00   1.3406431740e+02
   2179.0000000000   2.3191915416e+02   0.0000000000e+00   1.3415870376e+02
   2180.0000000000   2.3207760952e+02   0.0000000000e+00   1.3425176672e+02
   2181.0000000000   2.3223483628e+02   0.0000000000e+00   1.3434387653e+02
   2182.0000000000   2.3239105923e+02   0.0000000000e+00   1.3443523978e+02
   2183.0000000000   2.3254642339e+02   0.0000000000e+00   1.3452598681e+02
   2184.0000000000   2.3270103012e+02   0.0000000000e+00   1.3461620669e+02
   2185.0000000000   2.3286527354e+02   0.0000000000e+00   1.3470596374e+02
   2186.0000000000   2.3302284767e+02   0.0000000000e+00   1.3480535096e+02
   2187.0000000000   2.3318916804e+02   0.0000000000e+00   1.3490852227e+02
   2188.0000000000   2.3334838828e+02   0.0000000000e+00   1.3500449539e+02
   2189.0000000000   2.3351609516e+02   0.0000000000e+00   1.3509867792e+02
   2190.0000000000   2.3367652670e+02   0.0000000000e+00   1.3519173831e+02
   2191.0000000000   2.3383499877e+02   0.0000000000e+00   1.3529401215e+02
   2192.0000000000   2.3399214355e+02   0.0000000000e+00   1.3538973389e+02
   2193.0000000000   2.3414824700e+02   0.0000000000e+00   1.3548392341e+02
   2194.0000000000   2.3430347590e+02   0.0000000000e+00   1.3557711992e+02
   2195.0000000000   2.3445794090e+02   0.0000000000e+00   1.3566955749e+02
   2196.0000000000   2.3462204057e+02   0.0000000000e+00   1.3576136972e+02
   2197.0000000000   2.3478979033e+02   0.0000000000e+00   1.3585264419e+02
   2198.0000000000   2.3498088132e+02   0.0000000000e+00   1.3594344320e+02
   2199.0000000000   2.3516210955e+02   0.0000000000e+00   1.3603381370e+02
   2200.0000000000   2.3533295954e+02   0.0000000000e+00   1.3612379243e+02
   2201.0000000000   2.3550022898e+02   0.0000000000e+00   1.3621340908e+02
   2202.0000000000   2.3566513031e+02   0.0000000000e+00   1.3631273264e+02
   2203.0000000000   2.3582824913e+02   0.0000000000e+00   1.3640585537e+02
   2204.0000000000   2.3598993105e+02   0.0000000000e+00   1.3649771082e+02
   2205.0000000000   2.3615040360e+02   0.0000000000e+00   1.3658878123e+02
   2206.0000000000   2.3630982763e+02   0.0000000000e+00   1.3667926089e+02
   2207.0000000000   2.3648896091e+02   0.0000000000e+00   1.3676925441e+02
   2208.0000000000   2.3665516804e+02   0.0000000000e+00   1.3685882746e+02
   2209.0000000000   2.3681862303e+02   0.0000000000e+00   1.3694802546e+02
   2210.0000000000   2.3698034513e+02   0.0000000000e+00   1.3703688192e+02
   2211.0000000000   2.3714075570e+02   0.0000000000e+00   1.3712542280e+02
   2212.0000000000   2.3731040637e+02   0.0000000000e+00   1.3721366893e+02
   2213.0000000000   2.3748340153e+02   0.0000000000e+00   1.3730163753e+02
   2214.0000000000   2.3764853247e+02   0.0000000000e+00   1.3739938755e+02
   2215.0000000000   2.3781140764e+02   0.0000000000e+00   1.3750104754e+02
   2216.0000000000   2.3797275396e+02   0.0000000000e+00   1.3759561581e+02
   2217.0000000000   2.3813290212e+02   0.0000000000e+00   1.3769852923e+02
   2218.0000000000   2.3830236419e+02   0.0000000000e+00   1.3780456019e+02
   2219.0000000000   2.3847522361e+02   0.0000000000e+00   1.3791302194e+02
   2220.0000000000   2.3864025913e+02   0.0000000000e+00   1.3801352369e+02
   2221.0000000000   2.3880307094e+02   0.0000000000e+00   1.3812177091e+02
   2222.0000000000   2.3896438018e+02   0.0000000000e+00   1.3823268690e+02
   2223.0000000000   2.3913483237e+02   0.0000000000e+00   1.3833563626e+02
   2224.0000000000   2.3929825337e+02   0.0000000000e+00   1.3843622240e+02
   2225.0000000000   2.3945981911e+02   0.0000000000e+00   1.3853523798e+02
   2226.0000000000   2.3962009957e+02   0.0000000000e+00   1.3863305904e+02
   2227.0000000000   2.3977934912e+02   0.0000000000e+00   1.3872990955e+02
   2228.0000000000   2.3994803630e+02   0.0000000000e+00   1.3882593931e+02
   2229.0000000000   2.4010989801e+02   0.0000000000e+00   1.3892125588e+02
   2230.0000000000   2.4027005819e+02   0.0000000000e+00   1.3901594040e+02
   2231.0000000000   2.4042905349e+02   0.0000000000e+00   1.3912010076e+02
   2232.0000000000   2.4058711537e+02   0.0000000000e+00   1.3921785950e+02
   2233.0000000000   2.4074437683e+02   0.0000000000e+00   1.3931417436e+02
   2234.0000000000   2.4090092627e+02   0.0000000000e+00   1.3940954724e+02
   2235.0000000000   2.4105682789e+02   0.0000000000e+00   1.3950418872e+02
   2236.0000000000   2.4121213107e+02   0.0000000000e+00   1.3959821704e+02
   2237.0000000000   2.4136687543e+02   0.0000000000e+00   1.3969170948e+02
   2238.0000000000   2.4154173185e+02   0.0000000000e+00   1.3978472137e+02
   2239.0000000000   2.4170400026e+02   0.0000000000e+00   1.3987729481e+02
   2240.0000000000   2.4186380501e+02   0.0000000000e+00   1.3996946327e+02
   2241.0000000000   2.4202212634e+02   0.0000000000e+00   1.4006125417e+02
   2242.0000000000   2.4217935426e+02   0.0000000000e+00   1.4015269053e+02
   2243.0000000000   2.4233569578e+02   0.0000000000e+00   1.4024379202e+02
   2244.0000000000   2.4250159800e+02   0.0000000000e+00   1.4033457572e+02
   2245.0000000000   2.4266078422e+02   0.0000000000e+00   1.4042505665e+02
   2246.0000000000   2.4281836820e+02   0.0000000000e+00   1.4053533706e+02
   2247.0000000000   2.4297487818e+02   0.0000000000e+00   1.4063357207e+02
   2248.0000000000   2.4314085758e+02   0.0000000000e+00   1.4072960418e+02
   2249.0000000000   2.4331038839e+02   0.0000000000e+00   1.4082437701e+02
   2250.0000000000   2.4348255902e+02   0.0000000000e+00   1.4091826120e+02
   2251.0000000000   2.4364659490e+02   0.0000000000e+00   1.4101145043e+02
   2252.0000000000   2.4381857593e+02   0.0000000000e+00   1.4110406240e+02
   2253.0000000000   2.4398293476e+02   0.0000000000e+00   1.4119617586e+02
   2254.0000000000   2.4414508855e+02   0.0000000000e+00   1.4128784713e+02
   2255.0000000000   2.4430573026e+02   0.0000000000e+00   1.4137911851e+02
   2256.0000000000   2.4447550480e+02   0.0000000000e+00   1.4147002302e+02
   2257.0000000000   2.4463824289e+02   0.0000000000e+00   1.4156058719e+02
   2258.0000000000   2.4480944481e+02   0.0000000000e+00   1.4165083287e+02
   2259.0000000000   2.4497332114e+02   0.0000000000e+00   1.4174077843e+02
   2260.0000000000   2.4513518002e+02   0.0000000000e+00   1.4183043954e+02
   2261.0000000000   2.4529565333e+02   0.0000000000e+00   1.4191982978e+02
   2262.0000000000   2.4546534870e+02   0.0000000000e+00   1.4201900551e+02
   2263.0000000000   2.4562807271e+02   0.0000000000e+00   1.4212209336e+02
   2264.0000000000   2.4579930926e+02   0.0000000000e+00   1.4221809022e+02
   2265.0000000000   2.4596325746e+02   0.0000000000e+00   1.4232243184e+02
   2266.0000000000   2.4613553624e+02   0.0000000000e+00   1.4241984534e+02
   2267.0000000000   2.4631072657e+02   0.0000000000e+00   1.4251552721e+02
   2268.0000000000   2.4648811785e+02   0.0000000000e+00   1.4261009869e+02
   2269.0000000000   2.4665704310e+02   0.0000000000e+00   1.4270383757e+02
   2270.0000000000   2.4682332992e+02   0.0000000000e+00   1.4279690291e+02
   2271.0000000000   2.4698782022e+02   0.0000000000e+00   1.4289944248e+02
   2272.0000000000   2.4715091377e+02   0.0000000000e+00   1.4300564486e+02
   2273.0000000000   2.4731284870e+02   0.0000000000e+00   1.4310455125e+02
   2274.0000000000   2.4747378451e+02   0.0000000000e+00   1.4320158591e+02
   2275.0000000000   2.4763383617e+02   0.0000000000e+00   1.4329742959e+02
   2276.0000000000   2.4779309084e+02   0.0000000000e+00   1.4339238278e+02
   2277.0000000000   2.4795161713e+02   0.0000000000e+00   1.4348661569e+02
   2278.0000000000   2.4810947058e+02   0.0000000000e+00   1.4358023822e+02
   2279.0000000000   2.4827701628e+02   0.0000000000e+00   1.4368337187e+02
   2280.0000000000   2.4844824826e+02   0.0000000000e+00   1.4378014543e+02
   2281.0000000000   2.4861188615e+02   0.0000000000e+00   1.4388556345e+02
   2282.0000000000   2.4878380782e+02   0.0000000000e+00   1.4398419978e+02
   2283.0000000000   2.4894834023e+02   0.0000000000e+00   1.4408118003e+02
   2284.0000000000   2.4911083710e+02   0.0000000000e+00   1.4417708803e+02
   2285.0000000000   2.4927195002e+02   0.0000000000e+00   1.4427218021e+02
   2286.0000000000   2.4943197624e+02   0.0000000000e+00   1.4436660286e+02
   2287.0000000000   2.4960140886e+02   0.0000000000e+00   1.4446045136e+02
   2288.0000000000   2.4976399966e+02   0.0000000000e+00   1.4455379326e+02
   2289.0000000000   2.4993520110e+02   0.0000000000e+00   1.4465672366e+02
   2290.0000000000   2.5009919207e+02   0.0000000000e+00   1.4475335371e+02
   2291.0000000000   2.5026125835e+02   0.0000000000e+00   1.4484863107e+02
   2292.0000000000   2.5043233446e+02   0.0000000000e+00   1.4494304898e+02
   2293.0000000000   2.5059633259e+02   0.0000000000e+00   1.4503681037e+02
   2294.0000000000   2.5075846372e+02   0.0000000000e+00   1.4513002691e+02
   2295.0000000000   2.5091931436e+02   0.0000000000e+00   1.4522277005e+02
   2296.0000000000   2.5107914733e+02   0.0000000000e+00   1.4531509005e+02
   2297.0000000000   2.5123811656e+02   0.0000000000e+00   1.4540702451e+02
   2298.0000000000   2.5140664421e+02   0.0000000000e+00   1.4549860292e+02
   2299.0000000000   2.5157876033e+02   0.0000000000e+00   1.4558984916e+02
   2300.0000000000   2.5174320862e+02   0.0000000000e+00   1.4568078307e+02
   2301.0000000000   2.5190556472e+02   0.0000000000e+00   1.4578146598e+02
   2302.0000000000   2.5207685067e+02   0.0000000000e+00   1.4587598401e+02
   2303.0000000000   2.5225133417e+02   0.0000000000e+00   1.4596926573e+02
   2304.0000000000   2.5241788030e+02   0.0000000000e+00   1.4607183378e+02
   2305.0000000000   2.5258213575e+02   0.0000000000e+00   1.4616795065e+02
   2306.0000000000   2.5274484891e+02   0.0000000000e+00   1.4626263397e+02
   2307.0000000000   2.5290636319e+02   0.0000000000e+00   1.4635641395e+02
   2308.0000000000   2.5306687936e+02   0.0000000000e+00   1.4644951481e+02
   2309.0000000000   2.5323684956e+02   0.0000000000e+00   1.4654206104e+02
   2310.0000000000   2.5341032433e+02   0.0000000000e+00   1.4664417667e+02
   2311.0000000000   2.5357606212e+02   0.0000000000e+00   1.4673998870e+02
   2312.0000000000   2.5373964954e+02   0.0000000000e+00   1.4684449847e+02
   2313.0000000000   2.5390179800e+02   0.0000000000e+00   1.4694227617e+02
   2314.0000000000   2.5407314570e+02   0.0000000000e+00   1.4703844379e+02
   2315.0000000000   2.5423751279e+02   0.0000000000e+00   1.4713358176e+02
   2316.0000000000   2.5440007061e+02   0.0000000000e+00   1.4722794337e+02
   2317.0000000000   2.5456138532e+02   0.0000000000e+00   1.4732167204e+02
   2318.0000000000   2.5473202716e+02   0.0000000000e+00   1.4741486058e+02
   2319.0000000000   2.5491641716e+02   0.0000000000e+00   1.4750757418e+02
   2320.0000000000   2.5508697622e+02   0.0000000000e+00   1.4760990584e+02
   2321.0000000000   2.5526467525e+02   0.0000000000e+00   1.4770596476e+02
   2322.0000000000   2.5543435070e+02   0.0000000000e+00   1.4781074138e+02
   2323.0000000000   2.5560156374e+02   0.0000000000e+00   1.4790879893e+02
   2324.0000000000   2.5577739658e+02   0.0000000000e+00   1.4800525480e+02
   2325.0000000000   2.5594585172e+02   0.0000000000e+00   1.4810068629e+02
   2326.0000000000   2.5611220016e+02   0.0000000000e+00   1.4819534452e+02
   2327.0000000000   2.5627707078e+02   0.0000000000e+00   1.4828937140e+02
   2328.0000000000   2.5644075758e+02   0.0000000000e+00   1.4838285865e+02
   2329.0000000000   2.5661375734e+02   0.0000000000e+00   1.4847587072e+02
   2330.0000000000   2.5677982788e+02   0.0000000000e+00   1.4856845556e+02
   2331.0000000000   2.5694410918e+02   0.0000000000e+00   1.4866065040e+02
   2332.0000000000   2.5711746952e+02   0.0000000000e+00   1.4875248506e+02
   2333.0000000000   2.5728378654e+02   0.0000000000e+00   1.4884398402e+02
   2334.0000000000   2.5744825166e+02   0.0000000000e+00   1.4893516781e+02
   2335.0000000000   2.5761143975e+02   0.0000000000e+00   1.4903609840e+02
   2336.0000000000   2.5777360643e+02   0.0000000000e+00   1.4913086253e+02
   2337.0000000000   2.5793490114e+02   0.0000000000e+00   1.4922438927e+02
   2338.0000000000   2.5809542414e+02   0.0000000000e+00   1.4931715726e+02
   2339.0000000000   2.5825524849e+02   0.0000000000e+00   1.4940935778e+02
   2340.0000000000   2.5842474956e+02   0.0000000000e+00   1.4950109291e+02
   2341.0000000000   2.5859792766e+02   0.0000000000e+00   1.4959242621e+02
   2342.0000000000   2.5876350636e+02   0.0000000000e+00   1.4969344573e+02
   2343.0000000000   2.5892704698e+02   0.0000000000e+00   1.4979829952e+02
   2344.0000000000   2.5908924196e+02   0.0000000000e+00   1.4989599965e+02
   2345.0000000000   2.5926071493e+02   0.0000000000e+00   1.4999194859e+02
   2346.0000000000   2.5942527455e+02   0.0000000000e+00   1.5008681032e+02
   2347.0000000000   2.5958808296e+02   0.0000000000e+00   1.5019091652e+02
   2348.0000000000   2.5974969886e+02   0.0000000000e+00   1.5028849832e+02
   2349.0000000000   2.5991036725e+02   0.0000000000e+00   1.5038457271e+02
   2350.0000000000   2.6008054878e+02   0.0000000000e+00   1.5048972087e+02
   2351.0000000000   2.6024397365e+02   0.0000000000e+00   1.5058824631e+02
   2352.0000000000   2.6040576002e+02   0.0000000000e+00   1.5068519664e+02
   2353.0000000000   2.6056643954e+02   0.0000000000e+00   1.5080121369e+02
   2354.0000000000   2.6072623930e+02   0.0000000000e+00   1.5091472692e+02
   2355.0000000000   2.6088528843e+02   0.0000000000e+00   1.5101977809e+02
   2356.0000000000   2.6104367194e+02   0.0000000000e+00   1.5112230774e+02
   2357.0000000000   2.6120145097e+02   0.0000000000e+00   1.5122320915e+02
   2358.0000000000   2.6135867219e+02   0.0000000000e+00   1.5132289732e+02
   2359.0000000000   2.6151537277e+02   0.0000000000e+00   1.5142161324e+02
   2360.0000000000   2.6168190228e+02   0.0000000000e+00   1.5152955898e+02
   2361.0000000000   2.6185224161e+02   0.0000000000e+00   1.5163091728e+02
   2362.0000000000   2.6201509915e+02   0.0000000000e+00   1.5173068658e+02
   2363.0000000000   2.6217602401e+02   0.0000000000e+00   1.5182939762e+02
   2364.0000000000   2.6233569857e+02   0.0000000000e+00   1.5192728206e+02
   2365.0000000000   2.6250473806e+02   0.0000000000e+00   1.5202447406e+02
   2366.0000000000   2.6266694400e+02   0.0000000000e+00   1.5213110761e+02
   2367.0000000000   2.6283779144e+02   0.0000000000e+00   1.5223131929e+02
   2368.0000000000   2.6300146987e+02   0.0000000000e+00   1.5233007481e+02
   2369.0000000000   2.6316326985e+02   0.0000000000e+00   1.5242788081e+02
   2370.0000000000   2.6334444669e+02   0.0000000000e+00   1.5252495076e+02
   2371.0000000000   2.6352286789e+02   0.0000000000e+00   1.5262140470e+02
   2372.0000000000   2.6371306820e+02   0.0000000000e+00   1.5271732102e+02
   2373.0000000000   2.6388843508e+02   0.0000000000e+00   1.5281275576e+02
   2374.0000000000   2.6405999589e+02   0.0000000000e+00   1.5290775148e+02
   2375.0000000000   2.6422914346e+02   0.0000000000e+00   1.5300234188e+02
   2376.0000000000   2.6440682181e+02   0.0000000000e+00   1.5309655455e+02
   2377.0000000000   2.6457702433e+02   0.0000000000e+00   1.5319041258e+02
   2378.0000000000   2.6474503274e+02   0.0000000000e+00   1.5328393568e+02
   2379.0000000000   2.6491148890e+02   0.0000000000e+00   1.5337714093e+02
   2380.0000000000   2.6508701763e+02   0.0000000000e+00   1.5347004331e+02
   2381.0000000000   2.6525544266e+02   0.0000000000e+00   1.5356265610e+02
   2382.0000000000   2.6542194413e+02   0.0000000000e+00   1.5365499118e+02
   2383.0000000000   2.6558709822e+02   0.0000000000e+00   1.5374705925e+02
   2384.0000000000   2.6575116580e+02   0.0000000000e+00   1.5383887001e+02
   2385.0000000000   2.6591430252e+02   0.0000000000e+00   1.5393043231e+02
   2386.0000000000   2.6607661472e+02   0.0000000000e+00   1.5402175427e+02
   2387.0000000000   2.6623818109e+02   0.0000000000e+00   1.5411284334e+02
   2388.0000000000   2.6639906296e+02   0.0000000000e+00   1.5421375092e+02
   2389.0000000000   2.6655930986e+02   0.0000000000e+00   1.5430855502e+02
   2390.0000000000   2.6672928195e+02   0.0000000000e+00   1.5440217747e+02
   2391.0000000000   2.6689265016e+02   0.0000000000e+00   1.5449509079e+02
   2392.0000000000   2.6705449468e+02   0.0000000000e+00   1.5458748107e+02
   2393.0000000000   2.6721532131e+02   0.0000000000e+00   1.5467944597e+02
   2394.0000000000   2.6737533884e+02   0.0000000000e+00   1.5478108967e+02
   2395.0000000000   2.6753466303e+02   0.0000000000e+00   1.5487652403e+02
   2396.0000000000   2.6769336880e+02   0.0000000000e+00   1.5497069396e+02
   2397.0000000000   2.6785150959e+02   0.0000000000e+00   1.5506408845e+02
   2398.0000000000   2.6804008329e+02   0.0000000000e+00   1.5516695025e+02
   2399.0000000000   2.6822034975e+02   0.0000000000e+00   1.5526345787e+02
   2400.0000000000   2.6840144166e+02   0.0000000000e+00   1.5535859409e+02
   2401.0000000000   2.6859414525e+02   0.0000000000e+00   1.5545287180e+02
   2402.0000000000   2.6877183963e+02   0.0000000000e+00   1.5555654997e+02
   2403.0000000000   2.6894559375e+02   0.0000000000e+00   1.5565381876e+02
   2404.0000000000   2.6911683307e+02   0.0000000000e+00   1.5574966960e+02
   2405.0000000000   2.6928620528e+02   0.0000000000e+00   1.5585466655e+02
   2406.0000000000   2.6945408354e+02   0.0000000000e+00   1.5595310098e+02
   2407.0000000000   2.6963102974e+02   0.0000000000e+00   1.5605001156e+02
   2408.0000000000   2.6980085049e+02   0.0000000000e+00   1.5614594430e+02
   2409.0000000000   2.6996872223e+02   0.0000000000e+00   1.5624113558e+02
   2410.0000000000   2.7013522181e+02   0.0000000000e+00   1.5633571951e+02
   2411.0000000000   2.7031093117e+02   0.0000000000e+00   1.5642978330e+02
   2412.0000000000   2.7047964435e+02   0.0000000000e+00   1.5652338859e+02
   2413.0000000000   2.7064652012e+02   0.0000000000e+00   1.5661658147e+02
   2414.0000000000   2.7081211883e+02   0.0000000000e+00   1.5670939786e+02
   2415.0000000000   2.7098700835e+02   0.0000000000e+00   1.5680186659e+02
   2416.0000000000   2.7115497111e+02   0.0000000000e+00   1.5689401138e+02
   2417.0000000000   2.7132115630e+02   0.0000000000e+00   1.5698585213e+02
   2418.0000000000   2.7148611637e+02   0.0000000000e+00   1.5707740583e+02
   2419.0000000000   2.7165009360e+02   0.0000000000e+00   1.5716868712e+02
   2420.0000000000   2.7181322883e+02   0.0000000000e+00   1.5726975329e+02
   2421.0000000000   2.7198593551e+02   0.0000000000e+00   1.5736468726e+02
   2422.0000000000   2.7215191865e+02   0.0000000000e+00   1.5745841496e+02
   2423.0000000000   2.7232660079e+02   0.0000000000e+00   1.5755141237e+02
   2424.0000000000   2.7249414048e+02   0.0000000000e+00   1.5764386850e+02
   2425.0000000000   2.7265980914e+02   0.0000000000e+00   1.5773588352e+02
   2426.0000000000   2.7282421167e+02   0.0000000000e+00   1.5782751929e+02
   2427.0000000000   2.7298761623e+02   0.0000000000e+00   1.5791881791e+02
   2428.0000000000   2.7315017744e+02   0.0000000000e+00   1.5800981004e+02
   2429.0000000000   2.7331199739e+02   0.0000000000e+00   1.5810051910e+02
   2430.0000000000   2.7348346838e+02   0.0000000000e+00   1.5819096373e+02
   2431.0000000000   2.7365860124e+02   0.0000000000e+00   1.5828115913e+02
   2432.0000000000   2.7383644547e+02   0.0000000000e+00   1.5837111805e+02
   2433.0000000000   2.7401652219e+02   0.0000000000e+00   1.5847089582e+02
   2434.0000000000   2.7418821334e+02   0.0000000000e+00   1.5857461795e+02
   2435.0000000000   2.7436767470e+02   0.0000000000e+00   1.5867128019e+02
   2436.0000000000   2.7453938200e+02   0.0000000000e+00   1.5876627268e+02
   2437.0000000000   2.7470877954e+02   0.0000000000e+00   1.5887029431e+02
   2438.0000000000   2.7487657869e+02   0.0000000000e+00   1.5897774073e+02
   2439.0000000000   2.7504311843e+02   0.0000000000e+00   1.5907775269e+02
   2440.0000000000   2.7520860323e+02   0.0000000000e+00   1.5917580896e+02
   2441.0000000000   2.7538349069e+02   0.0000000000e+00   1.5927262277e+02
   2442.0000000000   2.7555151776e+02   0.0000000000e+00   1.5936851507e+02
   2443.0000000000   2.7571781170e+02   0.0000000000e+00   1.5947371396e+02
   2444.0000000000   2.7588291316e+02   0.0000000000e+00   1.5957241009e+02
   2445.0000000000   2.7604705754e+02   0.0000000000e+00   1.5966960270e+02
   2446.0000000000   2.7622070043e+02   0.0000000000e+00   1.5976582037e+02
   2447.0000000000   2.7638756945e+02   0.0000000000e+00   1.5986129140e+02
   2448.0000000000   2.7655278168e+02   0.0000000000e+00   1.5995614614e+02
   2449.0000000000   2.7671686849e+02   0.0000000000e+00   1.6005047025e+02
   2450.0000000000   2.7688005722e+02   0.0000000000e+00   1.6014432494e+02
   2451.0000000000   2.7707343478e+02   0.0000000000e+00   1.6024780095e+02
   2452.0000000000   2.7724799526e+02   0.0000000000e+00   1.6034500628e+02
   2453.0000000000   2.7741895135e+02   0.0000000000e+00   1.6044088625e+02
   2454.0000000000   2.7758778966e+02   0.0000000000e+00   1.6053593224e+02
   2455.0000000000   2.7775510557e+02   0.0000000000e+00   1.6063034571e+02
   2456.0000000000   2.7792121624e+02   0.0000000000e+00   1.6072423707e+02
   2457.0000000000   2.7808631791e+02   0.0000000000e+00   1.6081767675e+02
   2458.0000000000   2.7825054391e+02   0.0000000000e+00   1.6091071407e+02
   2459.0000000000   2.7841399090e+02   0.0000000000e+00   1.6101343033e+02
   2460.0000000000   2.7857673234e+02   0.0000000000e+00   1.6114005930e+02
   2461.0000000000   2.7873882606e+02   0.0000000000e+00   1.6124775491e+02
   2462.0000000000   2.7892095710e+02   0.0000000000e+00   1.6135175097e+02
   2463.0000000000   2.7909043655e+02   0.0000000000e+00   1.6145364547e+02
   2464.0000000000   2.7925739772e+02   0.0000000000e+00   1.6155408780e+02
   2465.0000000000   2.7943314721e+02   0.0000000000e+00   1.6166346801e+02
   2466.0000000000   2.7961203626e+02   0.0000000000e+00   1.6176606972e+02
   2467.0000000000   2.7978296330e+02   0.0000000000e+00   1.6186695100e+02
   2468.0000000000   2.7996190959e+02   0.0000000000e+00   1.6196668039e+02
   2469.0000000000   2.8013326756e+02   0.0000000000e+00   1.6207555918e+02
   2470.0000000000   2.8030243510e+02   0.0000000000e+00   1.6217781059e+02
   2471.0000000000   2.8048041409e+02   0.0000000000e+00   1.6227845246e+02
   2472.0000000000   2.8066147987e+02   0.0000000000e+00   1.6237802586e+02
   2473.0000000000   2.8083451007e+02   0.0000000000e+00   1.6247676834e+02
   2474.0000000000   2.8100516364e+02   0.0000000000e+00   1.6257481760e+02
   2475.0000000000   2.8117419968e+02   0.0000000000e+00   1.6268230985e+02
   2476.0000000000   2.8134197070e+02   0.0000000000e+00   1.6278338308e+02
   2477.0000000000   2.8150868515e+02   0.0000000000e+00   1.6289304836e+02
   2478.0000000000   2.8167448252e+02   0.0000000000e+00   1.6300592904e+02
   2479.0000000000   2.8183946360e+02   0.0000000000e+00   1.6311122642e+02
   2480.0000000000   2.8200370509e+02   0.0000000000e+00   1.6321444363e+02
   2481.0000000000   2.8216726762e+02   0.0000000000e+00   1.6331630701e+02
   2482.0000000000   2.8234051957e+02   0.0000000000e+00   1.6341714631e+02
   2483.0000000000   2.8250713806e+02   0.0000000000e+00   1.6351715198e+02
   2484.0000000000   2.8267220809e+02   0.0000000000e+00   1.6361644874e+02
   2485.0000000000   2.8283623921e+02   0.0000000000e+00   1.6371512499e+02
   2486.0000000000   2.8299944323e+02   0.0000000000e+00   1.6382329134e+02
   2487.0000000000   2.8316193829e+02   0.0000000000e+00   1.6393511541e+02
   2488.0000000000   2.8333412039e+02   0.0000000000e+00   1.6403962604e+02
   2489.0000000000   2.8350999977e+02   0.0000000000e+00   1.6414224009e+02
   2490.0000000000   2.8367830481e+02   0.0000000000e+00   1.6425367839e+02
   2491.0000000000   2.8384459899e+02   0.0000000000e+00   1.6435831051e+02
   2492.0000000000   2.8403021362e+02   0.0000000000e+00   1.6447126568e+02
   2493.0000000000   2.8420272541e+02   0.0000000000e+00   1.6458723629e+02
   2494.0000000000   2.8438272599e+02   0.0000000000e+00   1.6469546773e+02
   2495.0000000000   2.8455492200e+02   0.0000000000e+00   1.6480149309e+02
   2496.0000000000   2.8472481344e+02   0.0000000000e+00   1.6490606006e+02
   2497.0000000000   2.8489312885e+02   0.0000000000e+00   1.6501955866e+02
   2498.0000000000   2.8507053169e+02   0.0000000000e+00   1.6512626300e+02
   2499.0000000000   2.8524086363e+02   0.0000000000e+00   1.6524126757e+02
   2500.0000000000   2.8541963201e+02   0.0000000000e+00   1.6534920683e+02
   2501.0000000000   2.8559105229e+02   0.0000000000e+00   1.6545524980e+02
   2502.0000000000   2.8578107429e+02   0.0000000000e+00   1.6556001275e+02
   2503.0000000000   2.8595760481e+02   0.0000000000e+00   1.6566377728e+02
   2504.0000000000   2.8613103496e+02   0.0000000000e+00   1.6576670967e+02
   2505.0000000000   2.8631281536e+02   0.0000000000e+00   1.6586892159e+02
   2506.0000000000   2.8648706966e+02   0.0000000000e+00   1.6598053856e+02
   2507.0000000000   2.8666944215e+02   0.0000000000e+00   1.6608569419e+02
   2508.0000000000   2.8686486480e+02   0.0000000000e+00   1.6618935356e+02
   2509.0000000000   2.8704597123e+02   0.0000000000e+00   1.6629202380e+02
   2510.0000000000   2.8722353042e+02   0.0000000000e+00   1.6639391933e+02
   2511.0000000000   2.8740913595e+02   0.0000000000e+00   1.6649516140e+02
   2512.0000000000   2.8759730512e+02   0.0000000000e+00   1.6659582967e+02
   2513.0000000000   2.8777704505e+02   0.0000000000e+00   1.6670602595e+02
   2514.0000000000   2.8795409463e+02   0.0000000000e+00   1.6681991012e+02
   2515.0000000000   2.8812926711e+02   0.0000000000e+00   1.6693654909e+02
   2516.0000000000   2.8830295400e+02   0.0000000000e+00   1.6704542600e+02
   2517.0000000000   2.8847539313e+02   0.0000000000e+00   1.6716217322e+02
   2518.0000000000   2.8864674697e+02   0.0000000000e+00   1.6727162369e+02
   2519.0000000000   2.8881713471e+02   0.0000000000e+00   1.6737904009e+02
   2520.0000000000   2.8899696723e+02   0.0000000000e+00   1.6748508906e+02
   2521.0000000000   2.8918027293e+02   0.0000000000e+00   1.6760012607e+02
   2522.0000000000   2.8935579817e+02   0.0000000000e+00   1.6770840720e+02
   2523.0000000000   2.8954976121e+02   0.0000000000e+00   1.6781497172e+02
   2524.0000000000   2.8973014246e+02   0.0000000000e+00   1.6793041996e+02
   2525.0000000000   2.8990736030e+02   0.0000000000e+00   1.6803907171e+02
   2526.0000000000   2.9008255813e+02   0.0000000000e+00   1.6814598856e+02
   2527.0000000000   2.9025622931e+02   0.0000000000e+00   1.6825173538e+02
   2528.0000000000   2.9043897110e+02   0.0000000000e+00   1.6835656438e+02
   2529.0000000000   2.9061459960e+02   0.0000000000e+00   1.6846062313e+02
   2530.0000000000   2.9078829183e+02   0.0000000000e+00   1.6856401043e+02
   2531.0000000000   2.9096062211e+02   0.0000000000e+00   1.6866679803e+02
   2532.0000000000   2.9114216902e+02   0.0000000000e+00   1.6878912988e+02
   2533.0000000000   2.9133736139e+02   0.0000000000e+00   1.6889919299e+02
   2534.0000000000   2.9152894627e+02   0.0000000000e+00   1.6900685496e+02
   2535.0000000000   2.9171121800e+02   0.0000000000e+00   1.6911307976e+02
   2536.0000000000   2.9190075191e+02   0.0000000000e+00   1.6921825475e+02
   2537.0000000000   2.9208217986e+02   0.0000000000e+00   1.6932258762e+02
   2538.0000000000   2.9226102591e+02   0.0000000000e+00   1.6942620798e+02
   2539.0000000000   2.9243804976e+02   0.0000000000e+00   1.6953924927e+02
   2540.0000000000   2.9261362302e+02   0.0000000000e+00   1.6964584829e+02
   2541.0000000000   2.9278797381e+02   0.0000000000e+00   1.6975097098e+02
   2542.0000000000   2.9296125878e+02   0.0000000000e+00   1.6985512415e+02
   2543.0000000000   2.9314391217e+02   0.0000000000e+00   1.6995852128e+02
   2544.0000000000   2.9331965886e+02   0.0000000000e+00   1.7006128244e+02
   2545.0000000000   2.9351425803e+02   0.0000000000e+00   1.7016348597e+02
   2546.0000000000   2.9369551958e+02   0.0000000000e+00   1.7026518789e+02
   2547.0000000000   2.9387377827e+02   0.0000000000e+00   1.7036643070e+02
   2548.0000000000   2.9405012999e+02   0.0000000000e+00   1.7046724814e+02
   2549.0000000000   2.9422503845e+02   0.0000000000e+00   1.7056766779e+02
   2550.0000000000   2.9439876209e+02   0.0000000000e+00   1.7066771278e+02
   2551.0000000000   2.9457146705e+02   0.0000000000e+00   1.7076740289e+02
   2552.0000000000   2.9474327002e+02   0.0000000000e+00   1.7086675529e+02
   2553.0000000000   2.9493489624e+02   0.0000000000e+00   1.7096578505e+02
   2554.0000000000   2.9511368583e+02   0.0000000000e+00   1.7106450560e+02
   2555.0000000000   2.9528979399e+02   0.0000000000e+00   1.7117297342e+02
   2556.0000000000   2.9546422533e+02   0.0000000000e+00   1.7128531544e+02
   2557.0000000000   2.9563738958e+02   0.0000000000e+00   1.7139052903e+02
   2558.0000000000   2.9581982909e+02   0.0000000000e+00   1.7149400601e+02
   2559.0000000000   2.9599532162e+02   0.0000000000e+00   1.7159640252e+02
   2560.0000000000   2.9616901620e+02   0.0000000000e+00   1.7169799984e+02
   2561.0000000000   2.9634146596e+02   0.0000000000e+00   1.7179895294e+02
   2562.0000000000   2.9651291391e+02   0.0000000000e+00   1.7189935945e+02
   2563.0000000000   2.9669382052e+02   0.0000000000e+00   1.7199928638e+02
   2564.0000000000   2.9686791669e+02   0.0000000000e+00   1.7209878261e+02
   2565.0000000000   2.9704032185e+02   0.0000000000e+00   1.7219788544e+02
   2566.0000000000   2.9722188818e+02   0.0000000000e+00   1.7229662433e+02
   2567.0000000000   2.9739648047e+02   0.0000000000e+00   1.7240506769e+02
   2568.0000000000   2.9756927974e+02   0.0000000000e+00   1.7251735151e+02
   2569.0000000000   2.9774085230e+02   0.0000000000e+00   1.7262248011e+02
   2570.0000000000   2.9791144664e+02   0.0000000000e+00   1.7272585080e+02
   2571.0000000000   2.9808120624e+02   0.0000000000e+00   1.7282812402e+02
   2572.0000000000   2.9825022629e+02   0.0000000000e+00   1.7292958453e+02
   2573.0000000000   2.9841857553e+02   0.0000000000e+00   1.7303039012e+02
   2574.0000000000   2.9859662565e+02   0.0000000000e+00   1.7313064068e+02
   2575.0000000000   2.9876805463e+02   0.0000000000e+00   1.7323040511e+02
   2576.0000000000   2.9893794714e+02   0.0000000000e+00   1.7333977832e+02
   2577.0000000000   2.9910681182e+02   0.0000000000e+00   1.7344287048e+02
   2578.0000000000   2.9927485925e+02   0.0000000000e+00   1.7354462801e+02
   2579.0000000000   2.9944220627e+02   0.0000000000e+00   1.7364554269e+02
   2580.0000000000   2.9960892848e+02   0.0000000000e+00   1.7374581604e+02
   2581.0000000000   2.9977507967e+02   0.0000000000e+00   1.7384555829e+02
   2582.0000000000   2.9995101972e+02   0.0000000000e+00   1.7394483957e+02
   2583.0000000000   3.0012041716e+02   0.0000000000e+00   1.7404370886e+02
   2584.0000000000   3.0030898702e+02   0.0000000000e+00   1.7414220260e+02
   2585.0000000000   3.0048450371e+02   0.0000000000e+00   1.7424034920e+02
   2586.0000000000   3.0065727283e+02   0.0000000000e+00   1.7433817151e+02
   2587.0000000000   3.0082836595e+02   0.0000000000e+00   1.7443568847e+02
   2588.0000000000   3.0099822622e+02   0.0000000000e+00   1.7453291607e+02
   2589.0000000000   3.0116709444e+02   0.0000000000e+00   1.7462986804e+02
   2590.0000000000   3.0134544060e+02   0.0000000000e+00   1.7472655636e+02
   2591.0000000000   3.0151700420e+02   0.0000000000e+00   1.7482299158e+02
   2592.0000000000   3.0168691086e+02   0.0000000000e+00   1.7491918310e+02
   2593.0000000000   3.0185569781e+02   0.0000000000e+00   1.7501513938e+02
   2594.0000000000   3.0204423445e+02   0.0000000000e+00   1.7511086804e+02
   2595.0000000000   3.0221992525e+02   0.0000000000e+00   1.7522646500e+02
   2596.0000000000   3.0239295798e+02   0.0000000000e+00   1.7535016879e+02
   2597.0000000000   3.0256435491e+02   0.0000000000e+00   1.7545996024e+02
   2598.0000000000   3.0273453555e+02   0.0000000000e+00   1.7556661041e+02
   2599.0000000000   3.0291404765e+02   0.0000000000e+00   1.7567141998e+02
   2600.0000000000   3.0308667171e+02   0.0000000000e+00   1.7577494092e+02
   2601.0000000000   3.0325755790e+02   0.0000000000e+00   1.7587747333e+02
   2602.0000000000   3.0343757858e+02   0.0000000000e+00   1.7597920337e+02
   2603.0000000000   3.0362093143e+02   0.0000000000e+00   1.7608025659e+02
   2604.0000000000   3.0380676240e+02   0.0000000000e+00   1.7618072285e+02
   2605.0000000000   3.0398433117e+02   0.0000000000e+00   1.7628066932e+02
   2606.0000000000   3.0415942133e+02   0.0000000000e+00   1.7638014801e+02
   2607.0000000000   3.0433284563e+02   0.0000000000e+00   1.7647920025e+02
   2608.0000000000   3.0450498316e+02   0.0000000000e+00   1.7658790416e+02
   2609.0000000000   3.0467605663e+02   0.0000000000e+00   1.7669035920e+02
   2610.0000000000   3.0484621365e+02   0.0000000000e+00   1.7679150471e+02
   2611.0000000000   3.0503619786e+02   0.0000000000e+00   1.7691191662e+02
   2612.0000000000   3.0521336100e+02   0.0000000000e+00   1.7701993632e+02
   2613.0000000000   3.0538786577e+02   0.0000000000e+00   1.7712550339e+02
   2614.0000000000   3.0558135994e+02   0.0000000000e+00   1.7722962015e+02
   2615.0000000000   3.0576152877e+02   0.0000000000e+00   1.7733269604e+02
   2616.0000000000   3.0594901731e+02   0.0000000000e+00   1.7743495208e+02
   2617.0000000000   3.0612856408e+02   0.0000000000e+00   1.7753652614e+02
   2618.0000000000   3.0630569051e+02   0.0000000000e+00   1.7763751233e+02
   2619.0000000000   3.0649145979e+02   0.0000000000e+00   1.7773797903e+02
   2620.0000000000   3.0668018343e+02   0.0000000000e+00   1.7785806713e+02
   2621.0000000000   3.0686076285e+02   0.0000000000e+00   1.7796596071e+02
   2622.0000000000   3.0703887374e+02   0.0000000000e+00   1.7808156901e+02
   2623.0000000000   3.0721528767e+02   0.0000000000e+00   1.7818992484e+02
   2624.0000000000   3.0740068587e+02   0.0000000000e+00   1.7829632875e+02
   2625.0000000000   3.0757892056e+02   0.0000000000e+00   1.7840145283e+02
   2626.0000000000   3.0775518774e+02   0.0000000000e+00   1.7850560511e+02
   2627.0000000000   3.0793007308e+02   0.0000000000e+00   1.7860896500e+02
   2628.0000000000   3.0810384346e+02   0.0000000000e+00   1.7871165058e+02
   2629.0000000000   3.0827665851e+02   0.0000000000e+00   1.7881374572e+02
   2630.0000000000   3.0844862734e+02   0.0000000000e+00   1.7891531324e+02
   2631.0000000000   3.0861983063e+02   0.0000000000e+00   1.7901640204e+02
   2632.0000000000   3.0879033117e+02   0.0000000000e+00   1.7911705133e+02
   2633.0000000000   3.0898081781e+02   0.0000000000e+00   1.7921729334e+02
   2634.0000000000   3.0915860481e+02   0.0000000000e+00   1.7931715501e+02
   2635.0000000000   3.0934414729e+02   0.0000000000e+00   1.7941665930e+02
   2636.0000000000   3.0952207136e+02   0.0000000000e+00   1.7951582597e+02
   2637.0000000000   3.0969782554e+02   0.0000000000e+00   1.7962471673e+02
   2638.0000000000   3.0987210358e+02   0.0000000000e+00   1.7972741839e+02
   2639.0000000000   3.1004522537e+02   0.0000000000e+00   1.7983890476e+02
   2640.0000000000   3.1021737866e+02   0.0000000000e+00   1.7995377095e+02
   2641.0000000000   3.1038868819e+02   0.0000000000e+00   1.8007124065e+02
   2642.0000000000   3.1055924348e+02   0.0000000000e+00   1.8018087090e+02
   2643.0000000000   3.1072911232e+02   0.0000000000e+00   1.8028828947e+02
   2644.0000000000   3.1090866717e+02   0.0000000000e+00   1.8039428106e+02
   2645.0000000000   3.1109190657e+02   0.0000000000e+00   1.8049920690e+02
   2646.0000000000   3.1126755294e+02   0.0000000000e+00   1.8060327589e+02
   2647.0000000000   3.1144116675e+02   0.0000000000e+00   1.8070662415e+02
   2648.0000000000   3.1161343978e+02   0.0000000000e+00   1.8080934732e+02
   2649.0000000000   3.1178467604e+02   0.0000000000e+00   1.8091151629e+02
   2650.0000000000   3.1195504761e+02   0.0000000000e+00   1.8102323015e+02
   2651.0000000000   3.1212466595e+02   0.0000000000e+00   1.8112860390e+02
   2652.0000000000   3.1229360970e+02   0.0000000000e+00   1.8123258873e+02
   2653.0000000000   3.1246193771e+02   0.0000000000e+00   1.8133568094e+02
   2654.0000000000   3.1262969597e+02   0.0000000000e+00   1.8143808616e+02
   2655.0000000000   3.1280724072e+02   0.0000000000e+00   1.8154996285e+02
   2656.0000000000   3.1298855798e+02   0.0000000000e+00   1.8165545612e+02
   2657.0000000000   3.1316236019e+02   0.0000000000e+00   1.8175953385e+02
   2658.0000000000   3.1333419976e+02   0.0000000000e+00   1.8187274662e+02
   2659.0000000000   3.1350476177e+02   0.0000000000e+00   1.8197937777e+02
   2660.0000000000   3.1367434460e+02   0.0000000000e+00   1.8208446100e+02
   2661.0000000000   3.1385343463e+02   0.0000000000e+00   1.8218853931e+02
   2662.0000000000   3.1402577532e+02   0.0000000000e+00   1.8229184727e+02
   2663.0000000000   3.1419649198e+02   0.0000000000e+00   1.8239451796e+02
   2664.0000000000   3.1437643912e+02   0.0000000000e+00   1.8249663812e+02
   2665.0000000000   3.1457012006e+02   0.0000000000e+00   1.8260831376e+02
   2666.0000000000   3.1474998730e+02   0.0000000000e+00   1.8272370720e+02
   2667.0000000000   3.1493702537e+02   0.0000000000e+00   1.8283184215e+02
   2668.0000000000   3.1512639568e+02   0.0000000000e+00   1.8293813068e+02
   2669.0000000000   3.1530729776e+02   0.0000000000e+00   1.8304324485e+02
   2670.0000000000   3.1548554539e+02   0.0000000000e+00   1.8314747877e+02
   2671.0000000000   3.1566198405e+02   0.0000000000e+00   1.8325099786e+02
   2672.0000000000   3.1583701920e+02   0.0000000000e+00   1.8335390841e+02
   2673.0000000000   3.1602121301e+02   0.0000000000e+00   1.8345628468e+02
   2674.0000000000   3.1619836493e+02   0.0000000000e+00   1.8357827064e+02
   2675.0000000000   3.1639428118e+02   0.0000000000e+00   1.8368805206e+02
   2676.0000000000   3.1658712202e+02   0.0000000000e+00   1.8379549466e+02
   2677.0000000000   3.1677087997e+02   0.0000000000e+00   1.8390156019e+02
   2678.0000000000   3.1696203565e+02   0.0000000000e+00   1.8401667818e+02
   2679.0000000000   3.1714517980e+02   0.0000000000e+00   1.8413517007e+02
   2680.0000000000   3.1732581520e+02   0.0000000000e+00   1.8424615069e+02
   2681.0000000000   3.1750468915e+02   0.0000000000e+00   1.8435508962e+02
   2682.0000000000   3.1768216544e+02   0.0000000000e+00   1.8446269777e+02
   2683.0000000000   3.1785846680e+02   0.0000000000e+00   1.8456929686e+02
   2684.0000000000   3.1803374602e+02   0.0000000000e+00   1.8467507273e+02
   2685.0000000000   3.1821843440e+02   0.0000000000e+00   1.8480023618e+02
   2686.0000000000   3.1840657354e+02   0.0000000000e+00   1.8491301689e+02
   2687.0000000000   3.1858691867e+02   0.0000000000e+00   1.8502331135e+02
   2688.0000000000   3.1876505603e+02   0.0000000000e+00   1.8514214841e+02
   2689.0000000000   3.1894169815e+02   0.0000000000e+00   1.8525400194e+02
   2690.0000000000   3.1911716600e+02   0.0000000000e+00   1.8536400669e+02
   2691.0000000000   3.1929164583e+02   0.0000000000e+00   1.8547276777e+02
   2692.0000000000   3.1947558012e+02   0.0000000000e+00   1.8558056166e+02
   2693.0000000000   3.1966301291e+02   0.0000000000e+00   1.8568755159e+02
   2694.0000000000   3.1984269822e+02   0.0000000000e+00   1.8579384692e+02
   2695.0000000000   3.2002021966e+02   0.0000000000e+00   1.8589952681e+02
   2696.0000000000   3.2021692475e+02   0.0000000000e+00   1.8600465158e+02
   2697.0000000000   3.2041072264e+02   0.0000000000e+00   1.8611931342e+02
   2698.0000000000   3.2059553315e+02   0.0000000000e+00   1.8623766724e+02
   2699.0000000000   3.2077748655e+02   0.0000000000e+00   1.8634873279e+02
   2700.0000000000   3.2096783948e+02   0.0000000000e+00   1.8645792025e+02
   2701.0000000000   3.2115066977e+02   0.0000000000e+00   1.8656590093e+02
   2702.0000000000   3.2133128770e+02   0.0000000000e+00   1.8668301337e+02
   2703.0000000000   3.2153098346e+02   0.0000000000e+00   1.8679349502e+02
   2704.0000000000   3.2172765730e+02   0.0000000000e+00   1.8690236868e+02
   2705.0000000000   3.2193587202e+02   0.0000000000e+00   1.8701017639e+02
   2706.0000000000   3.2213935774e+02   0.0000000000e+00   1.8712719941e+02
   2707.0000000000   3.2233279778e+02   0.0000000000e+00   1.8723764560e+02
   2708.0000000000   3.2252265209e+02   0.0000000000e+00   1.8734652086e+02
   2709.0000000000   3.2271003971e+02   0.0000000000e+00   1.8746440130e+02
   2710.0000000000   3.2289551617e+02   0.0000000000e+00   1.8757558858e+02
   2711.0000000000   3.2307941903e+02   0.0000000000e+00   1.8768513020e+02
   2712.0000000000   3.2327229567e+02   0.0000000000e+00   1.8779357991e+02
   2713.0000000000   3.2345794742e+02   0.0000000000e+00   1.8790118093e+02
   2714.0000000000   3.2364154998e+02   0.0000000000e+00   1.8801811789e+02
   2715.0000000000   3.2383400077e+02   0.0000000000e+00   1.8812855506e+02
   2716.0000000000   3.2402952051e+02   0.0000000000e+00   1.8823747484e+02
   2717.0000000000   3.2422727583e+02   0.0000000000e+00   1.8835543921e+02
   2718.0000000000   3.2443718298e+02   0.0000000000e+00   1.8847678507e+02
   2719.0000000000   3.2464263322e+02   0.0000000000e+00   1.8859062521e+02
   2720.0000000000   3.2483819049e+02   0.0000000000e+00   1.8870242469e+02
   2721.0000000000   3.2504057561e+02   0.0000000000e+00   1.8882293474e+02
   2722.0000000000   3.2523451038e+02   0.0000000000e+00   1.8894658989e+02
   2723.0000000000   3.2542557946e+02   0.0000000000e+00   1.8908264996e+02
   2724.0000000000   3.2561458598e+02   0.0000000000e+00   1.8920476101e+02
   2725.0000000000   3.2581225318e+02   0.0000000000e+00   1.8932348773e+02
   2726.0000000000   3.2601278961e+02   0.0000000000e+00   1.8944010148e+02
   2727.0000000000   3.2620505839e+02   0.0000000000e+00   1.8955516167e+02
   2728.0000000000   3.2639472106e+02   0.0000000000e+00   1.8967902939e+02
   2729.0000000000   3.2658254544e+02   0.0000000000e+00   1.8979598036e+02
   2730.0000000000   3.2677921392e+02   0.0000000000e+00   1.8991107315e+02
   2731.0000000000   3.2696858222e+02   0.0000000000e+00   1.9002488019e+02
   2732.0000000000   3.2716617000e+02   0.0000000000e+00   1.9014770809e+02
   2733.0000000000   3.2736652319e+02   0.0000000000e+00   1.9026378577e+02
   2734.0000000000   3.2755860019e+02   0.0000000000e+00   1.9037813676e+02
   2735.0000000000   3.2774809567e+02   0.0000000000e+00   1.9049130760e+02
   2736.0000000000   3.2795642733e+02   0.0000000000e+00   1.9060354101e+02
   2737.0000000000   3.2815123387e+02   0.0000000000e+00   1.9071497950e+02
   2738.0000000000   3.2834283494e+02   0.0000000000e+00   1.9083576376e+02
   2739.0000000000   3.2854265740e+02   0.0000000000e+00   1.9095003594e+02
   2740.0000000000   3.2874513651e+02   0.0000000000e+00   1.9106276650e+02
   2741.0000000000   3.2894955184e+02   0.0000000000e+00   1.9117446629e+02
   2742.0000000000   3.2915556856e+02   0.0000000000e+00   1.9128535246e+02
   2743.0000000000   3.2935266729e+02   0.0000000000e+00   1.9139554841e+02
   2744.0000000000   3.2954675653e+02   0.0000000000e+00   1.9151518004e+02
   2745.0000000000   3.2973873054e+02   0.0000000000e+00   1.9162837776e+02
   2746.0000000000   3.2993934547e+02   0.0000000000e+00   1.9174010254e+02
   2747.0000000000   3.3013250389e+02   0.0000000000e+00   1.9185085742e+02
   2748.0000000000   3.3032343798e+02   0.0000000000e+00   1.9196085303e+02
   2749.0000000000   3.3051276074e+02   0.0000000000e+00   1.9207020727e+02
   2750.0000000000   3.3070076049e+02   0.0000000000e+00   1.9217899686e+02
   2751.0000000000   3.3088761421e+02   0.0000000000e+00   1.9228727658e+02
   2752.0000000000   3.3108376446e+02   0.0000000000e+00   1.9239508802e+02
   2753.0000000000   3.3127294019e+02   0.0000000000e+00   1.9251250870e+02
   2754.0000000000   3.3146026488e+02   0.0000000000e+00   1.9263368176e+02
   2755.0000000000   3.3164627798e+02   0.0000000000e+00   1.9274761746e+02
   2756.0000000000   3.3184153437e+02   0.0000000000e+00   1.9285971813e+02
   2757.0000000000   3.3204012719e+02   0.0000000000e+00   1.9297064856e+02
   2758.0000000000   3.3223083632e+02   0.0000000000e+00   1.9308069737e+02
   2759.0000000000   3.3241926101e+02   0.0000000000e+00   1.9320007025e+02
   2760.0000000000   3.3260612105e+02   0.0000000000e+00   1.9331294182e+02
   2761.0000000000   3.3279174184e+02   0.0000000000e+00   1.9342429967e+02
   2762.0000000000   3.3297631242e+02   0.0000000000e+00   1.9353466374e+02
   2763.0000000000   3.3315995815e+02   0.0000000000e+00   1.9364425587e+02
   2764.0000000000   3.3334276930e+02   0.0000000000e+00   1.9375320156e+02
   2765.0000000000   3.3352481465e+02   0.0000000000e+00   1.9387162726e+02
   2766.0000000000   3.3372678702e+02   0.0000000000e+00   1.9398366302e+02
   2767.0000000000   3.3392632249e+02   0.0000000000e+00   1.9409426890e+02
   2768.0000000000   3.3411719527e+02   0.0000000000e+00   1.9420394669e+02
   2769.0000000000   3.3430544715e+02   0.0000000000e+00   1.9431290559e+02
   2770.0000000000   3.3449195735e+02   0.0000000000e+00   1.9442126198e+02
   2771.0000000000   3.3468744589e+02   0.0000000000e+00   1.9452909104e+02
   2772.0000000000   3.3487577923e+02   0.0000000000e+00   1.9463644601e+02
   2773.0000000000   3.3506215758e+02   0.0000000000e+00   1.9474336698e+02
   2774.0000000000   3.3524716647e+02   0.0000000000e+00   1.9484988553e+02
   2775.0000000000   3.3543107075e+02   0.0000000000e+00   1.9495602731e+02
   2776.0000000000   3.3561402729e+02   0.0000000000e+00   1.9506181377e+02
   2777.0000000000   3.3581678041e+02   0.0000000000e+00   1.9516726313e+02
   2778.0000000000   3.3600668015e+02   0.0000000000e+00   1.9527239117e+02
   2779.0000000000   3.3619388712e+02   0.0000000000e+00   1.9537721171e+02
   2780.0000000000   3.3637940895e+02   0.0000000000e+00   1.9548173701e+02
   2781.0000000000   3.3656365704e+02   0.0000000000e+00   1.9559602251e+02
   2782.0000000000   3.3675717460e+02   0.0000000000e+00   1.9570414971e+02
   2783.0000000000   3.3694373978e+02   0.0000000000e+00   1.9581104346e+02
   2784.0000000000   3.3712850167e+02   0.0000000000e+00   1.9591717893e+02
   2785.0000000000   3.3731201332e+02   0.0000000000e+00   1.9604283347e+02
   2786.0000000000   3.3749451752e+02   0.0000000000e+00   1.9615625003e+02
   2787.0000000000   3.3768647448e+02   0.0000000000e+00   1.9626732192e+02
   2788.0000000000   3.3787161479e+02   0.0000000000e+00   1.9637702494e+02
   2789.0000000000   3.3806537663e+02   0.0000000000e+00   1.9648575139e+02
   2790.0000000000   3.3825192890e+02   0.0000000000e+00   1.9659371021e+02
   2791.0000000000   3.3843655022e+02   0.0000000000e+00   1.9670103026e+02
   2792.0000000000   3.3861985075e+02   0.0000000000e+00   1.9681784312e+02
   2793.0000000000   3.3880210260e+02   0.0000000000e+00   1.9692828314e+02
   2794.0000000000   3.3898346349e+02   0.0000000000e+00   1.9703731355e+02
   2795.0000000000   3.3916403793e+02   0.0000000000e+00   1.9714543829e+02
   2796.0000000000   3.3935422024e+02   0.0000000000e+00   1.9725286803e+02
   2797.0000000000   3.3954802292e+02   0.0000000000e+00   1.9735972003e+02
   2798.0000000000   3.3973417776e+02   0.0000000000e+00   1.9747611442e+02
   2799.0000000000   3.3992857097e+02   0.0000000000e+00   1.9759622071e+02
   2800.0000000000   3.4012585437e+02   0.0000000000e+00   1.9770906643e+02
   2801.0000000000   3.4031502198e+02   0.0000000000e+00   1.9782006580e+02
   2802.0000000000   3.4050177870e+02   0.0000000000e+00   1.9794998095e+02
   2803.0000000000   3.4070754191e+02   0.0000000000e+00   1.9806724979e+02
   2804.0000000000   3.4089994540e+02   0.0000000000e+00   1.9818186971e+02
   2805.0000000000   3.4108930193e+02   0.0000000000e+00   1.9829488093e+02
   2806.0000000000   3.4128703076e+02   0.0000000000e+00   1.9840671935e+02
   2807.0000000000   3.4148755943e+02   0.0000000000e+00   1.9853771430e+02
   2808.0000000000   3.4167984092e+02   0.0000000000e+00   1.9865616151e+02
   2809.0000000000   3.4186957799e+02   0.0000000000e+00   1.9877199826e+02
   2810.0000000000   3.4205755810e+02   0.0000000000e+00   1.9888623591e+02
   2811.0000000000   3.4224415342e+02   0.0000000000e+00   1.9900934002e+02
   2812.0000000000   3.4243990583e+02   0.0000000000e+00   1.9912561472e+02
   2813.0000000000   3.4262860189e+02   0.0000000000e+00   1.9924012425e+02
   2814.0000000000   3.4281540124e+02   0.0000000000e+00   1.9936348347e+02
   2815.0000000000   3.4300086722e+02   0.0000000000e+00   1.9948002144e+02
   2816.0000000000   3.4319557103e+02   0.0000000000e+00   1.9959480596e+02
   2817.0000000000   3.4338329814e+02   0.0000000000e+00   1.9971845076e+02
   2818.0000000000   3.4358983865e+02   0.0000000000e+00   1.9983528285e+02
   2819.0000000000   3.4378301962e+02   0.0000000000e+00   1.9995036806e+02
   2820.0000000000   3.4397318589e+02   0.0000000000e+00   2.0006427395e+02
   2821.0000000000   3.4416143948e+02   0.0000000000e+00   2.0018729905e+02
   2822.0000000000   3.4434824792e+02   0.0000000000e+00   2.0030366381e+02
   2823.0000000000   3.4453387202e+02   0.0000000000e+00   2.0041838386e+02
   2824.0000000000   3.4472879847e+02   0.0000000000e+00   2.0054204310e+02
   2825.0000000000   3.4492710003e+02   0.0000000000e+00   2.0065894955e+02
   2826.0000000000   3.4511755063e+02   0.0000000000e+00   2.0077415605e+02
   2827.0000000000   3.4531606741e+02   0.0000000000e+00   2.0088822087e+02
   2828.0000000000   3.4552764487e+02   0.0000000000e+00   2.0100139111e+02
   2829.0000000000   3.4572493174e+02   0.0000000000e+00   2.0111381031e+02
   2830.0000000000   3.4591869806e+02   0.0000000000e+00   2.0122557405e+02
   2831.0000000000   3.4611021502e+02   0.0000000000e+00   2.0133675148e+02
   2832.0000000000   3.4630004016e+02   0.0000000000e+00   2.0145743992e+02
   2833.0000000000   3.4648848963e+02   0.0000000000e+00   2.0157175300e+02
   2834.0000000000   3.4667576815e+02   0.0000000000e+00   2.0168464095e+02
   2835.0000000000   3.4687233877e+02   0.0000000000e+00   2.0180664400e+02
   2836.0000000000   3.4706194475e+02   0.0000000000e+00   2.0192203916e+02
   2837.0000000000   3.4724971947e+02   0.0000000000e+00   2.0203585630e+02
   2838.0000000000   3.4744652826e+02   0.0000000000e+00   2.0214863606e+02
   2839.0000000000   3.4763624765e+02   0.0000000000e+00   2.0227065615e+02
   2840.0000000000   3.4783438799e+02   0.0000000000e+00   2.0239616502e+02
   2841.0000000000   3.4802516066e+02   0.0000000000e+00   2.0252428109e+02
   2842.0000000000   3.4821387217e+02   0.0000000000e+00   2.0265456483e+02
   2843.0000000000   3.4841147157e+02   0.0000000000e+00   2.0277669800e+02
   2844.0000000000   3.4861220100e+02   0.0000000000e+00   2.0289637363e+02
   2845.0000000000   3.4880491612e+02   0.0000000000e+00   2.0301441715e+02
   2846.0000000000   3.4899526072e+02   0.0000000000e+00   2.0313121795e+02
   2847.0000000000   3.4918398318e+02   0.0000000000e+00   2.0324700577e+02
   2848.0000000000   3.4938174734e+02   0.0000000000e+00   2.0338202182e+02
   2849.0000000000   3.4957239209e+02   0.0000000000e+00   2.0350451789e+02
   2850.0000000000   3.4976110298e+02   0.0000000000e+00   2.0362440722e+02
   2851.0000000000   3.4994845738e+02   0.0000000000e+00   2.0374268721e+02
   2852.0000000000   3.5013471545e+02   0.0000000000e+00   2.0385977057e+02
   2853.0000000000   3.5032003138e+02   0.0000000000e+00   2.0397588468e+02
   2854.0000000000   3.5052514796e+02   0.0000000000e+00   2.0409117479e+02
   2855.0000000000   3.5071741440e+02   0.0000000000e+00   2.0420574251e+02
   2856.0000000000   3.5090699090e+02   0.0000000000e+00   2.0431966337e+02
   2857.0000000000   3.5110520404e+02   0.0000000000e+00   2.0444304056e+02
   2858.0000000000   3.5131673953e+02   0.0000000000e+00   2.0455999279e+02
   2859.0000000000   3.5151414413e+02   0.0000000000e+00   2.0467547471e+02
   2860.0000000000   3.5170814025e+02   0.0000000000e+00   2.0478998585e+02
   2861.0000000000   3.5189997217e+02   0.0000000000e+00   2.0490373490e+02
   2862.0000000000   3.5209018031e+02   0.0000000000e+00   2.0501683869e+02
   2863.0000000000   3.5227906906e+02   0.0000000000e+00   2.0513941787e+02
   2864.0000000000   3.5246683450e+02   0.0000000000e+00   2.0525559860e+02
   2865.0000000000   3.5266393313e+02   0.0000000000e+00   2.0537033829e+02
   2866.0000000000   3.5286442218e+02   0.0000000000e+00   2.0548413697e+02
   2867.0000000000   3.5305706698e+02   0.0000000000e+00   2.0559720270e+02
   2868.0000000000   3.5326809880e+02   0.0000000000e+00   2.0571969562e+02
   2869.0000000000   3.5346550718e+02   0.0000000000e+00   2.0584580660e+02
   2870.0000000000   3.5365971705e+02   0.0000000000e+00   2.0596457616e+02
   2871.0000000000   3.5385187658e+02   0.0000000000e+00   2.0608142719e+02
   2872.0000000000   3.5405280177e+02   0.0000000000e+00   2.0620708366e+02
   2873.0000000000   3.5424640959e+02   0.0000000000e+00   2.0632591664e+02
   2874.0000000000   3.5444825137e+02   0.0000000000e+00   2.0644301154e+02
   2875.0000000000   3.5464257127e+02   0.0000000000e+00   2.0655894481e+02
   2876.0000000000   3.5483470115e+02   0.0000000000e+00   2.0668401870e+02
   2877.0000000000   3.5503560973e+02   0.0000000000e+00   2.0680245483e+02
   2878.0000000000   3.5524987369e+02   0.0000000000e+00   2.0691926860e+02
   2879.0000000000   3.5546031622e+02   0.0000000000e+00   2.0703499852e+02
   2880.0000000000   3.5566127744e+02   0.0000000000e+00   2.0716996869e+02
   2881.0000000000   3.5585904389e+02   0.0000000000e+00   2.0730250235e+02
   2882.0000000000   3.5605463262e+02   0.0000000000e+00   2.0742659272e+02
   2883.0000000000   3.5624853318e+02   0.0000000000e+00   2.0754815437e+02
   2884.0000000000   3.5644103756e+02   0.0000000000e+00   2.0766806537e+02
   2885.0000000000   3.5663234104e+02   0.0000000000e+00   2.0778673134e+02
   2886.0000000000   3.5682258401e+02   0.0000000000e+00   2.0790438726e+02
   2887.0000000000   3.5701187271e+02   0.0000000000e+00   2.0803123131e+02
   2888.0000000000   3.5721060966e+02   0.0000000000e+00   2.0816148817e+02
   2889.0000000000   3.5742313663e+02   0.0000000000e+00   2.0828422628e+02
   2890.0000000000   3.5764247011e+02   0.0000000000e+00   2.0841493578e+02
   2891.0000000000   3.5784650962e+02   0.0000000000e+00   2.0854843082e+02
   2892.0000000000   3.5806717936e+02   0.0000000000e+00   2.0867401374e+02
   2893.0000000000   3.5827321280e+02   0.0000000000e+00   2.0879724966e+02
   2894.0000000000   3.5847535989e+02   0.0000000000e+00   2.0891890669e+02
   2895.0000000000   3.5868526687e+02   0.0000000000e+00   2.0903934452e+02
   2896.0000000000   3.5888717824e+02   0.0000000000e+00   2.0915877610e+02
   2897.0000000000   3.5909681928e+02   0.0000000000e+00   2.0927734365e+02
   2898.0000000000   3.5929854128e+02   0.0000000000e+00   2.0939514955e+02
   2899.0000000000   3.5950806744e+02   0.0000000000e+00   2.0951227141e+02
   2900.0000000000   3.5970973516e+02   0.0000000000e+00   2.0962877027e+02
   2901.0000000000   3.5991925483e+02   0.0000000000e+00   2.0974469558e+02
   2902.0000000000   3.6012095377e+02   0.0000000000e+00   2.0986008829e+02
   2903.0000000000   3.6032021553e+02   0.0000000000e+00   2.0997498295e+02
   2904.0000000000   3.6051772539e+02   0.0000000000e+00   2.1008940915e+02
   2905.0000000000   3.6071381209e+02   0.0000000000e+00   2.1020339254e+02
   2906.0000000000   3.6090867764e+02   0.0000000000e+00   2.1031695562e+02
   2907.0000000000   3.6110246217e+02   0.0000000000e+00   2.1043011830e+02
   2908.0000000000   3.6129527019e+02   0.0000000000e+00   2.1054289834e+02
   2909.0000000000   3.6149750252e+02   0.0000000000e+00   2.1065531169e+02
   2910.0000000000   3.6169286145e+02   0.0000000000e+00   2.1077741726e+02
   2911.0000000000   3.6188645218e+02   0.0000000000e+00   2.1090334424e+02
   2912.0000000000   3.6207880094e+02   0.0000000000e+00   2.1102209209e+02
   2913.0000000000   3.6227013358e+02   0.0000000000e+00   2.1113905464e+02
   2914.0000000000   3.6247089938e+02   0.0000000000e+00   2.1125488984e+02
   2915.0000000000   3.6266482183e+02   0.0000000000e+00   2.1136988070e+02
   2916.0000000000   3.6285701544e+02   0.0000000000e+00   2.1148418379e+02
   2917.0000000000   3.6305832913e+02   0.0000000000e+00   2.1159789822e+02
   2918.0000000000   3.6326294474e+02   0.0000000000e+00   2.1172113688e+02
   2919.0000000000   3.6346999722e+02   0.0000000000e+00   2.1183802158e+02
   2920.0000000000   3.6366873858e+02   0.0000000000e+00   2.1196355116e+02
   2921.0000000000   3.6386494705e+02   0.0000000000e+00   2.1209233927e+02
   2922.0000000000   3.6405943162e+02   0.0000000000e+00   2.1221357930e+02
   2923.0000000000   3.6425256884e+02   0.0000000000e+00   2.1233276771e+02
   2924.0000000000   3.6444457976e+02   0.0000000000e+00   2.1246066972e+02
   2925.0000000000   3.6463561093e+02   0.0000000000e+00   2.1258168186e+02
   2926.0000000000   3.6482576732e+02   0.0000000000e+00   2.1270090629e+02
   2927.0000000000   3.6501512821e+02   0.0000000000e+00   2.1281893104e+02
   2928.0000000000   3.6520375591e+02   0.0000000000e+00   2.1293602223e+02
   2929.0000000000   3.6540201998e+02   0.0000000000e+00   2.1305233598e+02
   2930.0000000000   3.6560391751e+02   0.0000000000e+00   2.1316797647e+02
   2931.0000000000   3.6580848943e+02   0.0000000000e+00   2.1329306329e+02
   2932.0000000000   3.6601525138e+02   0.0000000000e+00   2.1341172508e+02
   2933.0000000000   3.6622390091e+02   0.0000000000e+00   2.1354901168e+02
   2934.0000000000   3.6642390863e+02   0.0000000000e+00   2.1367356976e+02
   2935.0000000000   3.6662116303e+02   0.0000000000e+00   2.1379544223e+02
   2936.0000000000   3.6681653712e+02   0.0000000000e+00   2.1391568138e+02
   2937.0000000000   3.6701044798e+02   0.0000000000e+00   2.1403472602e+02
   2938.0000000000   3.6720314403e+02   0.0000000000e+00   2.1415281669e+02
   2939.0000000000   3.6739479115e+02   0.0000000000e+00   2.1427010529e+02
   2940.0000000000   3.6759582753e+02   0.0000000000e+00   2.1438669668e+02
   2941.0000000000   3.6780029831e+02   0.0000000000e+00   2.1450266772e+02
   2942.0000000000   3.6799696038e+02   0.0000000000e+00   2.1461807736e+02
   2943.0000000000   3.6819140059e+02   0.0000000000e+00   2.1473297231e+02
   2944.0000000000   3.6838433148e+02   0.0000000000e+00   2.1484739062e+02
   2945.0000000000   3.6857607368e+02   0.0000000000e+00   2.1496136393e+02
   2946.0000000000   3.6876681292e+02   0.0000000000e+00   2.1507491902e+02
   2947.0000000000   3.6895667200e+02   0.0000000000e+00   2.1519812339e+02
   2948.0000000000   3.6915605819e+02   0.0000000000e+00   2.1531506863e+02
   2949.0000000000   3.6935899368e+02   0.0000000000e+00   2.1543068820e+02
   2950.0000000000   3.6957485609e+02   0.0000000000e+00   2.1554546466e+02
   2951.0000000000   3.6979712908e+02   0.0000000000e+00   2.1566963728e+02
   2952.0000000000   3.7000388714e+02   0.0000000000e+00   2.1579742747e+02
   2953.0000000000   3.7020650213e+02   0.0000000000e+00   2.1591788919e+02
   2954.0000000000   3.7040648364e+02   0.0000000000e+00   2.1603645154e+02
   2955.0000000000   3.7061482983e+02   0.0000000000e+00   2.1615379675e+02
   2956.0000000000   3.7081556380e+02   0.0000000000e+00   2.1628026984e+02
   2957.0000000000   3.7101398556e+02   0.0000000000e+00   2.1641015652e+02
   2958.0000000000   3.7122106829e+02   0.0000000000e+00   2.1653255341e+02
   2959.0000000000   3.7142076261e+02   0.0000000000e+00   2.1666296406e+02
   2960.0000000000   3.7162863206e+02   0.0000000000e+00   2.1678616438e+02
   2961.0000000000   3.7182892752e+02   0.0000000000e+00   2.1691743192e+02
   2962.0000000000   3.7202698578e+02   0.0000000000e+00   2.1704148791e+02
   2963.0000000000   3.7222346042e+02   0.0000000000e+00   2.1716354856e+02
   2964.0000000000   3.7242897635e+02   0.0000000000e+00   2.1728425825e+02
   2965.0000000000   3.7262735427e+02   0.0000000000e+00   2.1740391631e+02
   2966.0000000000   3.7283408995e+02   0.0000000000e+00   2.1752270073e+02
   2967.0000000000   3.7303339259e+02   0.0000000000e+00   2.1765077567e+02
   2968.0000000000   3.7324088988e+02   0.0000000000e+00   2.1777229939e+02
   2969.0000000000   3.7344085134e+02   0.0000000000e+00   2.1789225375e+02
   2970.0000000000   3.7364893702e+02   0.0000000000e+00   2.1801115783e+02
   2971.0000000000   3.7384943569e+02   0.0000000000e+00   2.1812923481e+02
   2972.0000000000   3.7404770066e+02   0.0000000000e+00   2.1824661258e+02
   2973.0000000000   3.7424439288e+02   0.0000000000e+00   2.1836337592e+02
   2974.0000000000   3.7446045946e+02   0.0000000000e+00   2.1847958615e+02
   2975.0000000000   3.7466335821e+02   0.0000000000e+00   2.1860533477e+02
   2976.0000000000   3.7486331598e+02   0.0000000000e+00   2.1873477538e+02
   2977.0000000000   3.7506138496e+02   0.0000000000e+00   2.1885692631e+02
   2978.0000000000   3.7525800844e+02   0.0000000000e+00   2.1897719633e+02
   2979.0000000000   3.7546375354e+02   0.0000000000e+00   2.1909625545e+02
   2980.0000000000   3.7568305510e+02   0.0000000000e+00   2.1921439660e+02
   2981.0000000000   3.7588834925e+02   0.0000000000e+00   2.1933178461e+02
   2982.0000000000   3.7609030158e+02   0.0000000000e+00   2.1945857001e+02
   2983.0000000000   3.7629012427e+02   0.0000000000e+00   2.1957889873e+02
   2984.0000000000   3.7649865754e+02   0.0000000000e+00   2.1969774189e+02
   2985.0000000000   3.7669982971e+02   0.0000000000e+00   2.1981560935e+02
   2986.0000000000   3.7689887925e+02   0.0000000000e+00   2.1993271639e+02
   2987.0000000000   3.7709641804e+02   0.0000000000e+00   2.2004918414e+02
   2988.0000000000   3.7730304944e+02   0.0000000000e+00   2.2017513604e+02
   2989.0000000000   3.7750258144e+02   0.0000000000e+00   2.2030474446e+02
   2990.0000000000   3.7772082062e+02   0.0000000000e+00   2.2042703952e+02
   2991.0000000000   3.7793592562e+02   0.0000000000e+00   2.2055748223e+02
   2992.0000000000   3.7814188716e+02   0.0000000000e+00   2.2068081951e+02
   2993.0000000000   3.7834486533e+02   0.0000000000e+00   2.2081230831e+02
   2994.0000000000   3.7854581376e+02   0.0000000000e+00   2.2094669913e+02
   2995.0000000000   3.7874518440e+02   0.0000000000e+00   2.2108331276e+02
   2996.0000000000   3.7895356370e+02   0.0000000000e+00   2.2121177210e+02
   2997.0000000000   3.7915476582e+02   0.0000000000e+00   2.2133775223e+02
   2998.0000000000   3.7936428786e+02   0.0000000000e+00   2.2146207329e+02
   2999.0000000000   3.7956634228e+02   0.0000000000e+00   2.2159516843e+02
   3000.0000000000   3.7976624108e+02   0.0000000000e+00   2.2172133996e+02
   3001.0000000000   3.7997493983e+02   0.0000000000e+00   2.2184565756e+02
   3002.0000000000   3.8017636799e+02   0.0000000000e+00   2.2198878741e+02
   3003.0000000000   3.8038607010e+02   0.0000000000e+00   2.2211913672e+02
   3004.0000000000   3.8058828113e+02   0.0000000000e+00   2.2224669502e+02
   3005.0000000000   3.8078832472e+02   0.0000000000e+00   2.2238254815e+02
   3006.0000000000   3.8098684376e+02   0.0000000000e+00   2.2251120843e+02
   3007.0000000000   3.8118413523e+02   0.0000000000e+00   2.2263783834e+02
   3008.0000000000   3.8139069553e+02   0.0000000000e+00   2.2276306395e+02
   3009.0000000000   3.8160060021e+02   0.0000000000e+00   2.2288717820e+02
   3010.0000000000   3.8180262397e+02   0.0000000000e+00   2.2301035752e+02
   3011.0000000000   3.8201268412e+02   0.0000000000e+00   2.2313272219e+02
   3012.0000000000   3.8221513708e+02   0.0000000000e+00   2.2325436049e+02
   3013.0000000000   3.8241535942e+02   0.0000000000e+00   2.2337534050e+02
   3014.0000000000   3.8261402085e+02   0.0000000000e+00   2.2349571665e+02
   3015.0000000000   3.8281143338e+02   0.0000000000e+00   2.2361553356e+02
   3016.0000000000   3.8300778328e+02   0.0000000000e+00   2.2374487314e+02
   3017.0000000000   3.8320319647e+02   0.0000000000e+00   2.2386783886e+02
   3018.0000000000   3.8339776487e+02   0.0000000000e+00   2.2398937415e+02
   3019.0000000000   3.8360187819e+02   0.0000000000e+00   2.2410997002e+02
   3020.0000000000   3.8379922893e+02   0.0000000000e+00   2.2423987307e+02
   3021.0000000000   3.8400523269e+02   0.0000000000e+00   2.2436326657e+02
   3022.0000000000   3.8420404417e+02   0.0000000000e+00   2.2448513847e+02
   3023.0000000000   3.8440093261e+02   0.0000000000e+00   2.2460600693e+02
   3024.0000000000   3.8459650179e+02   0.0000000000e+00   2.2472609165e+02
   3025.0000000000   3.8480133849e+02   0.0000000000e+00   2.2485556072e+02
   3026.0000000000   3.8499923341e+02   0.0000000000e+00   2.2497856617e+02
   3027.0000000000   3.8519533908e+02   0.0000000000e+00   2.2510008114e+02
   3028.0000000000   3.8539020882e+02   0.0000000000e+00   2.2523066035e+02
   3029.0000000000   3.8558408454e+02   0.0000000000e+00   2.2535459047e+02
   3030.0000000000   3.8577710612e+02   0.0000000000e+00   2.2547690803e+02
   3031.0000000000   3.8597968576e+02   0.0000000000e+00   2.2559815843e+02
   3032.0000000000   3.8617552715e+02   0.0000000000e+00   2.2571857835e+02
   3033.0000000000   3.8638005151e+02   0.0000000000e+00   2.2583830276e+02
   3034.0000000000   3.8658773523e+02   0.0000000000e+00   2.2595742010e+02
   3035.0000000000   3.8678748470e+02   0.0000000000e+00   2.2608603793e+02
   3036.0000000000   3.8698495401e+02   0.0000000000e+00   2.2620827555e+02
   3037.0000000000   3.8719120918e+02   0.0000000000e+00   2.2632908637e+02
   3038.0000000000   3.8739022590e+02   0.0000000000e+00   2.2645901232e+02
   3039.0000000000   3.8760788923e+02   0.0000000000e+00   2.2658233131e+02
   3040.0000000000   3.8781208030e+02   0.0000000000e+00   2.2670407353e+02
   3041.0000000000   3.8803381553e+02   0.0000000000e+00   2.2682477966e+02
   3042.0000000000   3.8824149101e+02   0.0000000000e+00   2.2694468272e+02
   3043.0000000000   3.8845600871e+02   0.0000000000e+00   2.2707395929e+02
   3044.0000000000   3.8866223537e+02   0.0000000000e+00   2.2719676706e+02
   3045.0000000000   3.8886576793e+02   0.0000000000e+00   2.2731808305e+02
   3046.0000000000   3.8907771876e+02   0.0000000000e+00   2.2744846474e+02
   3047.0000000000   3.8928211459e+02   0.0000000000e+00   2.2757220077e+02
   3048.0000000000   3.8948424584e+02   0.0000000000e+00   2.2769432909e+02
   3049.0000000000   3.8968475702e+02   0.0000000000e+00   2.2781539612e+02
   3050.0000000000   3.8988395497e+02   0.0000000000e+00   2.2793563927e+02
   3051.0000000000   3.9009234708e+02   0.0000000000e+00   2.2805519404e+02
   3052.0000000000   3.9029370008e+02   0.0000000000e+00   2.2817414922e+02
   3053.0000000000   3.9049316152e+02   0.0000000000e+00   2.2829256815e+02
   3054.0000000000   3.9070160614e+02   0.0000000000e+00   2.2841049863e+02
   3055.0000000000   3.9091323630e+02   0.0000000000e+00   2.2852797830e+02
   3056.0000000000   3.9111688443e+02   0.0000000000e+00   2.2864503767e+02
   3057.0000000000   3.9131817997e+02   0.0000000000e+00   2.2876170215e+02
   3058.0000000000   3.9151786208e+02   0.0000000000e+00   2.2887799323e+02
   3059.0000000000   3.9171626941e+02   0.0000000000e+00   2.2899392945e+02
   3060.0000000000   3.9191360055e+02   0.0000000000e+00   2.2910952696e+02
   3061.0000000000   3.9210998794e+02   0.0000000000e+00   2.2922480003e+02
   3062.0000000000   3.9232616542e+02   0.0000000000e+00   2.2933976137e+02
   3063.0000000000   3.9252947823e+02   0.0000000000e+00   2.2945442237e+02
   3064.0000000000   3.9273008480e+02   0.0000000000e+00   2.2956879335e+02
   3065.0000000000   3.9293931099e+02   0.0000000000e+00   2.2969292818e+02
   3066.0000000000   3.9315152325e+02   0.0000000000e+00   2.2981090706e+02
   3067.0000000000   3.9336595142e+02   0.0000000000e+00   2.2992765377e+02
   3068.0000000000   3.9357190402e+02   0.0000000000e+00   2.3006373149e+02
   3069.0000000000   3.9377519623e+02   0.0000000000e+00   2.3018747110e+02
   3070.0000000000   3.9399730092e+02   0.0000000000e+00   2.3030880340e+02
   3071.0000000000   3.9420588564e+02   0.0000000000e+00   2.3042872329e+02
   3072.0000000000   3.9442160519e+02   0.0000000000e+00   2.3054763392e+02
   3073.0000000000   3.9462921265e+02   0.0000000000e+00   2.3066575094e+02
   3074.0000000000   3.9483424352e+02   0.0000000000e+00   2.3078320761e+02
   3075.0000000000   3.9503745441e+02   0.0000000000e+00   2.3090009405e+02
   3076.0000000000   3.9523921237e+02   0.0000000000e+00   2.3101647515e+02
   3077.0000000000   3.9543974166e+02   0.0000000000e+00   2.3113239982e+02
   3078.0000000000   3.9563919598e+02   0.0000000000e+00   2.3124790629e+02
   3079.0000000000   3.9583768829e+02   0.0000000000e+00   2.3136302525e+02
   3080.0000000000   3.9603530567e+02   0.0000000000e+00   2.3147778192e+02
   3081.0000000000   3.9623211761e+02   0.0000000000e+00   2.3159219745e+02
   3082.0000000000   3.9643850018e+02   0.0000000000e+00   2.3170628982e+02
   3083.0000000000   3.9663813717e+02   0.0000000000e+00   2.3183011903e+02
   3084.0000000000   3.9683611942e+02   0.0000000000e+00   2.3194777023e+02
   3085.0000000000   3.9703296167e+02   0.0000000000e+00   2.3206417125e+02
   3086.0000000000   3.9722888034e+02   0.0000000000e+00   2.3217979966e+02
   3087.0000000000   3.9742399771e+02   0.0000000000e+00   2.3229484589e+02
   3088.0000000000   3.9761839443e+02   0.0000000000e+00   2.3240941129e+02
   3089.0000000000   3.9781212894e+02   0.0000000000e+00   2.3252355882e+02
   3090.0000000000   3.9800524631e+02   0.0000000000e+00   2.3263733152e+02
   3091.0000000000   3.9820810196e+02   0.0000000000e+00   2.3275076092e+02
   3092.0000000000   3.9841468133e+02   0.0000000000e+00   2.3286387123e+02
   3093.0000000000   3.9861369656e+02   0.0000000000e+00   2.3297668180e+02
   3094.0000000000   3.9881069999e+02   0.0000000000e+00   2.3308920849e+02
   3095.0000000000   3.9900637683e+02   0.0000000000e+00   2.3320146466e+02
   3096.0000000000   3.9920102571e+02   0.0000000000e+00   2.3331346175e+02
   3097.0000000000   3.9939481432e+02   0.0000000000e+00   2.3342520971e+02
   3098.0000000000   3.9959816955e+02   0.0000000000e+00   2.3353671730e+02
   3099.0000000000   3.9979480310e+02   0.0000000000e+00   2.3364799235e+02
   3100.0000000000   4.0000014060e+02   0.0000000000e+00   2.3375904188e+02
   3101.0000000000   4.0019834171e+02   0.0000000000e+00   2.3388996122e+02
   3102.0000000000   4.0040499691e+02   0.0000000000e+00   2.3400889939e+02
   3103.0000000000   4.0060434655e+02   0.0000000000e+00   2.3412569349e+02
   3104.0000000000   4.0080170803e+02   0.0000000000e+00   2.3424128233e+02
   3105.0000000000   4.0099771448e+02   0.0000000000e+00   2.3435603224e+02
   3106.0000000000   4.0119265252e+02   0.0000000000e+00   2.3447013301e+02
   3107.0000000000   4.0138668938e+02   0.0000000000e+00   2.3458369882e+02
   3108.0000000000   4.0157993602e+02   0.0000000000e+00   2.3469680524e+02
   3109.0000000000   4.0177247210e+02   0.0000000000e+00   2.3481955013e+02
   3110.0000000000   4.0196435802e+02   0.0000000000e+00   2.3493604475e+02
   3111.0000000000   4.0215564135e+02   0.0000000000e+00   2.3505123552e+02
   3112.0000000000   4.0234636076e+02   0.0000000000e+00   2.3516561369e+02
   3113.0000000000   4.0255718658e+02   0.0000000000e+00   2.3527937989e+02
   3114.0000000000   4.0275541830e+02   0.0000000000e+00   2.3540268779e+02
   3115.0000000000   4.0295117994e+02   0.0000000000e+00   2.3551967802e+02
   3116.0000000000   4.0314545138e+02   0.0000000000e+00   2.3563531426e+02
   3117.0000000000   4.0333862234e+02   0.0000000000e+00   2.3575009877e+02
   3118.0000000000   4.0353089948e+02   0.0000000000e+00   2.3586423967e+02
   3119.0000000000   4.0372241049e+02   0.0000000000e+00   2.3597785150e+02
   3120.0000000000   4.0391324222e+02   0.0000000000e+00   2.3609100725e+02
   3121.0000000000   4.0410345781e+02   0.0000000000e+00   2.3620375780e+02
   3122.0000000000   4.0429310549e+02   0.0000000000e+00   2.3631614085e+02
   3123.0000000000   4.0449254254e+02   0.0000000000e+00   2.3644827456e+02
   3124.0000000000   4.0469575536e+02   0.0000000000e+00   2.3657837001e+02
   3125.0000000000   4.0489145635e+02   0.0000000000e+00   2.3670034977e+02
   3126.0000000000   4.0508519765e+02   0.0000000000e+00   2.3683012417e+02
   3127.0000000000   4.0528798302e+02   0.0000000000e+00   2.3695260728e+02
   3128.0000000000   4.0548374645e+02   0.0000000000e+00   2.3707309323e+02
   3129.0000000000   4.0567770498e+02   0.0000000000e+00   2.3720230685e+02
   3130.0000000000   4.0587044509e+02   0.0000000000e+00   2.3732463673e+02
   3131.0000000000   4.0607254616e+02   0.0000000000e+00   2.3744518550e+02
   3132.0000000000   4.0627811386e+02   0.0000000000e+00   2.3756454387e+02
   3133.0000000000   4.0648625295e+02   0.0000000000e+00   2.3769302535e+02
   3134.0000000000   4.0668620058e+02   0.0000000000e+00   2.3781486035e+02
   3135.0000000000   4.0689404535e+02   0.0000000000e+00   2.3793507119e+02
   3136.0000000000   4.0709422643e+02   0.0000000000e+00   2.3805420175e+02
   3137.0000000000   4.0729216606e+02   0.0000000000e+00   2.3817249145e+02
   3138.0000000000   4.0748856118e+02   0.0000000000e+00   2.3829007919e+02
   3139.0000000000   4.0769405986e+02   0.0000000000e+00   2.3840705749e+02
   3140.0000000000   4.0789249538e+02   0.0000000000e+00   2.3852349326e+02
   3141.0000000000   4.0809937009e+02   0.0000000000e+00   2.3863943753e+02
   3142.0000000000   4.0829889630e+02   0.0000000000e+00   2.3878506423e+02
   3143.0000000000   4.0850670264e+02   0.0000000000e+00   2.3891262123e+02
   3144.0000000000   4.0871737740e+02   0.0000000000e+00   2.3903688370e+02
   3145.0000000000   4.0891989652e+02   0.0000000000e+00   2.3915927588e+02
   3146.0000000000   4.0911996127e+02   0.0000000000e+00   2.3929040499e+02
   3147.0000000000   4.0931835246e+02   0.0000000000e+00   2.3941463850e+02
   3148.0000000000   4.0951543505e+02   0.0000000000e+00   2.3953707303e+02
   3149.0000000000   4.0971142526e+02   0.0000000000e+00   2.3965829698e+02
   3150.0000000000   4.0990646776e+02   0.0000000000e+00   2.3977857832e+02
   3151.0000000000   4.1010066694e+02   0.0000000000e+00   2.3989807534e+02
   3152.0000000000   4.1029410215e+02   0.0000000000e+00   2.4002693877e+02
   3153.0000000000   4.1049715508e+02   0.0000000000e+00   2.4015936168e+02
   3154.0000000000   4.1069351269e+02   0.0000000000e+00   2.4028439025e+02
   3155.0000000000   4.1088826746e+02   0.0000000000e+00   2.4040745373e+02
   3156.0000000000   4.1108193479e+02   0.0000000000e+00   2.4052923773e+02
   3157.0000000000   4.1127473115e+02   0.0000000000e+00   2.4065004728e+02
   3158.0000000000   4.1146677848e+02   0.0000000000e+00   2.4077005681e+02
   3159.0000000000   4.1165815678e+02   0.0000000000e+00   2.4088938014e+02
   3160.0000000000   4.1186956189e+02   0.0000000000e+00   2.4100809794e+02
   3161.0000000000   4.1207862932e+02   0.0000000000e+00   2.4112627071e+02
   3162.0000000000   4.1227913109e+02   0.0000000000e+00   2.4124394575e+02
   3163.0000000000   4.1248742520e+02   0.0000000000e+00   2.4136116119e+02
   3164.0000000000   4.1268802385e+02   0.0000000000e+00   2.4148799300e+02
   3165.0000000000   4.1288637504e+02   0.0000000000e+00   2.4161858382e+02
   3166.0000000000   4.1309350474e+02   0.0000000000e+00   2.4174194384e+02
   3167.0000000000   4.1330370089e+02   0.0000000000e+00   2.4186347559e+02
   3168.0000000000   4.1350584810e+02   0.0000000000e+00   2.4198384418e+02
   3169.0000000000   4.1370560924e+02   0.0000000000e+00   2.4211338302e+02
   3170.0000000000   4.1391406474e+02   0.0000000000e+00   2.4223632525e+02
   3171.0000000000   4.1411520454e+02   0.0000000000e+00   2.4235769005e+02
   3172.0000000000   4.1432460707e+02   0.0000000000e+00   2.4247801634e+02
   3173.0000000000   4.1452652800e+02   0.0000000000e+00   2.4259753822e+02
   3174.0000000000   4.1473662335e+02   0.0000000000e+00   2.4272643404e+02
   3175.0000000000   4.1493918092e+02   0.0000000000e+00   2.4284886341e+02
   3176.0000000000   4.1513955386e+02   0.0000000000e+00   2.4296980506e+02
   3177.0000000000   4.1533840318e+02   0.0000000000e+00   2.4308977350e+02
   3178.0000000000   4.1553603768e+02   0.0000000000e+00   2.4320898704e+02
   3179.0000000000   4.1573264270e+02   0.0000000000e+00   2.4332756884e+02
   3180.0000000000   4.1592834414e+02   0.0000000000e+00   2.4344559929e+02
   3181.0000000000   4.1612323422e+02   0.0000000000e+00   2.4357318016e+02
   3182.0000000000   4.1632770305e+02   0.0000000000e+00   2.4369442644e+02
   3183.0000000000   4.1652544346e+02   0.0000000000e+00   2.4381428821e+02
   3184.0000000000   4.1673187134e+02   0.0000000000e+00   2.4393326028e+02
   3185.0000000000   4.1693114155e+02   0.0000000000e+00   2.4405154678e+02
   3186.0000000000   4.1712852341e+02   0.0000000000e+00   2.4416926021e+02
   3187.0000000000   4.1733493981e+02   0.0000000000e+00   2.4428647277e+02
   3188.0000000000   4.1753429445e+02   0.0000000000e+00   2.4440323527e+02
   3189.0000000000   4.1773179204e+02   0.0000000000e+00   2.4451958587e+02
   3190.0000000000   4.1792801436e+02   0.0000000000e+00   2.4463555451e+02
   3191.0000000000   4.1814385874e+02   0.0000000000e+00   2.4475116549e+02
   3192.0000000000   4.1834674857e+02   0.0000000000e+00   2.4486643905e+02
   3193.0000000000   4.1854688522e+02   0.0000000000e+00   2.4498139242e+02
   3194.0000000000   4.1875562028e+02   0.0000000000e+00   2.4509604048e+02
   3195.0000000000   4.1895701742e+02   0.0000000000e+00   2.4521039625e+02
   3196.0000000000   4.1915636202e+02   0.0000000000e+00   2.4532447129e+02
   3197.0000000000   4.1936460261e+02   0.0000000000e+00   2.4543827592e+02
   3198.0000000000   4.1957598462e+02   0.0000000000e+00   2.4557190840e+02
   3199.0000000000   4.1977936715e+02   0.0000000000e+00   2.4569352041e+02
   3200.0000000000   4.1999071589e+02   0.0000000000e+00   2.4581295139e+02
   3201.0000000000   4.2019441750e+02   0.0000000000e+00   2.4593114235e+02
   3202.0000000000   4.2039586855e+02   0.0000000000e+00   2.4604846156e+02
   3203.0000000000   4.2059575256e+02   0.0000000000e+00   2.4616510062e+02
   3204.0000000000   4.2080471043e+02   0.0000000000e+00   2.4628117536e+02
   3205.0000000000   4.2100657163e+02   0.0000000000e+00   2.4640680735e+02
   3206.0000000000   4.2120651762e+02   0.0000000000e+00   2.4652612299e+02
   3207.0000000000   4.2140512390e+02   0.0000000000e+00   2.4664407911e+02
   3208.0000000000   4.2160264984e+02   0.0000000000e+00   2.4677121890e+02
   3209.0000000000   4.2181988744e+02   0.0000000000e+00   2.4689182025e+02
   3210.0000000000   4.2202421348e+02   0.0000000000e+00   2.4701091262e+02
   3211.0000000000   4.2223612449e+02   0.0000000000e+00   2.4712903548e+02
   3212.0000000000   4.2245059480e+02   0.0000000000e+00   2.4724642044e+02
   3213.0000000000   4.2265673049e+02   0.0000000000e+00   2.4736319797e+02
   3214.0000000000   4.2287061098e+02   0.0000000000e+00   2.4747945252e+02
   3215.0000000000   4.2307668475e+02   0.0000000000e+00   2.4759524356e+02
   3216.0000000000   4.2328038582e+02   0.0000000000e+00   2.4771061548e+02
   3217.0000000000   4.2348242220e+02   0.0000000000e+00   2.4783564728e+02
   3218.0000000000   4.2368313268e+02   0.0000000000e+00   2.4795443830e+02
   3219.0000000000   4.2388272293e+02   0.0000000000e+00   2.4807192722e+02
   3220.0000000000   4.2408133341e+02   0.0000000000e+00   2.4819864464e+02
   3221.0000000000   4.2427906711e+02   0.0000000000e+00   2.4831885939e+02
   3222.0000000000   4.2448632238e+02   0.0000000000e+00   2.4843759426e+02
   3223.0000000000   4.2468679855e+02   0.0000000000e+00   2.4855538370e+02
   3224.0000000000   4.2489591672e+02   0.0000000000e+00   2.4867245546e+02
   3225.0000000000   4.2509783599e+02   0.0000000000e+00   2.4879898148e+02
   3226.0000000000   4.2529782926e+02   0.0000000000e+00   2.4891911543e+02
   3227.0000000000   4.2549650330e+02   0.0000000000e+00   2.4904787523e+02
   3228.0000000000   4.2569412828e+02   0.0000000000e+00   2.4917988674e+02
   3229.0000000000   4.2589086083e+02   0.0000000000e+00   2.4930435156e+02
   3230.0000000000   4.2608680497e+02   0.0000000000e+00   2.4942677195e+02
   3231.0000000000   4.2628203576e+02   0.0000000000e+00   2.4954787278e+02
   3232.0000000000   4.2647661051e+02   0.0000000000e+00   2.4966798200e+02
   3233.0000000000   4.2667057484e+02   0.0000000000e+00   2.4978728815e+02
   3234.0000000000   4.2686396614e+02   0.0000000000e+00   2.4990591401e+02
   3235.0000000000   4.2706713490e+02   0.0000000000e+00   2.5002394607e+02
   3236.0000000000   4.2726374411e+02   0.0000000000e+00   2.5014144864e+02
   3237.0000000000   4.2745886739e+02   0.0000000000e+00   2.5025847147e+02
   3238.0000000000   4.2765300498e+02   0.0000000000e+00   2.5037505428e+02
   3239.0000000000   4.2784636095e+02   0.0000000000e+00   2.5049122954e+02
   3240.0000000000   4.2804936604e+02   0.0000000000e+00   2.5060702431e+02
   3241.0000000000   4.2824572779e+02   0.0000000000e+00   2.5072246154e+02
   3242.0000000000   4.2844054682e+02   0.0000000000e+00   2.5084760541e+02
   3243.0000000000   4.2863434077e+02   0.0000000000e+00   2.5096654468e+02
   3244.0000000000   4.2884796361e+02   0.0000000000e+00   2.5108421027e+02
   3245.0000000000   4.2905912655e+02   0.0000000000e+00   2.5121112695e+02
   3246.0000000000   4.2927196259e+02   0.0000000000e+00   2.5133155910e+02
   3247.0000000000   4.2947617218e+02   0.0000000000e+00   2.5145052606e+02
   3248.0000000000   4.2967769807e+02   0.0000000000e+00   2.5156855960e+02
   3249.0000000000   4.2987742875e+02   0.0000000000e+00   2.5168588528e+02
   3250.0000000000   4.3007578493e+02   0.0000000000e+00   2.5180262887e+02
   3251.0000000000   4.3028333345e+02   0.0000000000e+00   2.5191887104e+02
   3252.0000000000   4.3049419307e+02   0.0000000000e+00   2.5203466823e+02
   3253.0000000000   4.3070748544e+02   0.0000000000e+00   2.5215006233e+02
   3254.0000000000   4.3091246350e+02   0.0000000000e+00   2.5226508584e+02
   3255.0000000000   4.3112522956e+02   0.0000000000e+00   2.5237976480e+02
   3256.0000000000   4.3133023450e+02   0.0000000000e+00   2.5249412063e+02
   3257.0000000000   4.3153291049e+02   0.0000000000e+00   2.5260817131e+02
   3258.0000000000   4.3173396296e+02   0.0000000000e+00   2.5272193220e+02
   3259.0000000000   4.3193372815e+02   0.0000000000e+00   2.5284546109e+02
   3260.0000000000   4.3213240950e+02   0.0000000000e+00   2.5297288574e+02
   3261.0000000000   4.3234046454e+02   0.0000000000e+00   2.5309320395e+02
   3262.0000000000   4.3255194973e+02   0.0000000000e+00   2.5321180780e+02
   3263.0000000000   4.3275562915e+02   0.0000000000e+00   2.5332935344e+02
   3264.0000000000   4.3295709456e+02   0.0000000000e+00   2.5345616651e+02
   3265.0000000000   4.3318801919e+02   0.0000000000e+00   2.5357647338e+02
   3266.0000000000   4.3339963463e+02   0.0000000000e+00   2.5369528726e+02
   3267.0000000000   4.3360727929e+02   0.0000000000e+00   2.5382318623e+02
   3268.0000000000   4.3381251656e+02   0.0000000000e+00   2.5395451574e+02
   3269.0000000000   4.3401599317e+02   0.0000000000e+00   2.5407839290e+02
   3270.0000000000   4.3421806287e+02   0.0000000000e+00   2.5420028465e+02
   3271.0000000000   4.3441894915e+02   0.0000000000e+00   2.5432089821e+02
   3272.0000000000   4.3461880644e+02   0.0000000000e+00   2.5444055159e+02
   3273.0000000000   4.3481774812e+02   0.0000000000e+00   2.5455942719e+02
   3274.0000000000   4.3501586122e+02   0.0000000000e+00   2.5467764375e+02
   3275.0000000000   4.3522353388e+02   0.0000000000e+00   2.5479528492e+02
   3276.0000000000   4.3542445852e+02   0.0000000000e+00   2.5491241296e+02
   3277.0000000000   4.3562373223e+02   0.0000000000e+00   2.5502907604e+02
   3278.0000000000   4.3582187438e+02   0.0000000000e+00   2.5515535713e+02
   3279.0000000000   4.3601910482e+02   0.0000000000e+00   2.5527535928e+02
   3280.0000000000   4.3622586756e+02   0.0000000000e+00   2.5540406908e+02
   3281.0000000000   4.3642588136e+02   0.0000000000e+00   2.5552604732e+02
   3282.0000000000   4.3662425643e+02   0.0000000000e+00   2.5564640987e+02
   3283.0000000000   4.3684215691e+02   0.0000000000e+00   2.5576573303e+02
   3284.0000000000   4.3704707806e+02   0.0000000000e+00   2.5588426738e+02
   3285.0000000000   4.3725956570e+02   0.0000000000e+00   2.5600215450e+02
   3286.0000000000   4.3746429822e+02   0.0000000000e+00   2.5612953045e+02
   3287.0000000000   4.3766675711e+02   0.0000000000e+00   2.5626057575e+02
   3288.0000000000   4.3786765822e+02   0.0000000000e+00   2.5638432590e+02
   3289.0000000000   4.3806733691e+02   0.0000000000e+00   2.5650620107e+02
   3290.0000000000   4.3826599219e+02   0.0000000000e+00   2.5662687903e+02
   3291.0000000000   4.3846375718e+02   0.0000000000e+00   2.5675670258e+02
   3292.0000000000   4.3866072782e+02   0.0000000000e+00   2.5687991191e+02
   3293.0000000000   4.3885697689e+02   0.0000000000e+00   2.5700153160e+02
   3294.0000000000   4.3905256173e+02   0.0000000000e+00   2.5712210477e+02
   3295.0000000000   4.3924752883e+02   0.0000000000e+00   2.5724186882e+02
   3296.0000000000   4.3946255496e+02   0.0000000000e+00   2.5736096025e+02
   3297.0000000000   4.3967526410e+02   0.0000000000e+00   2.5747946915e+02
   3298.0000000000   4.3987942094e+02   0.0000000000e+00   2.5759746006e+02
   3299.0000000000   4.4008105953e+02   0.0000000000e+00   2.5771498189e+02
   3300.0000000000   4.4028105268e+02   0.0000000000e+00   2.5784211767e+02
   3301.0000000000   4.4047979581e+02   0.0000000000e+00   2.5796297031e+02
   3302.0000000000   4.4067751448e+02   0.0000000000e+00   2.5808248166e+02
   3303.0000000000   4.4087435446e+02   0.0000000000e+00   2.5822122964e+02
   3304.0000000000   4.4108073690e+02   0.0000000000e+00   2.5834755722e+02
   3305.0000000000   4.4128037360e+02   0.0000000000e+00   2.5847140537e+02
   3306.0000000000   4.4148869241e+02   0.0000000000e+00   2.5859377755e+02
   3307.0000000000   4.4168985591e+02   0.0000000000e+00   2.5872512871e+02
   3308.0000000000   4.4188913848e+02   0.0000000000e+00   2.5884975243e+02
   3309.0000000000   4.4208714720e+02   0.0000000000e+00   2.5897270328e+02
   3310.0000000000   4.4228415181e+02   0.0000000000e+00   2.5909454311e+02
   3311.0000000000   4.4248030808e+02   0.0000000000e+00   2.5921552188e+02
   3312.0000000000   4.4267571889e+02   0.0000000000e+00   2.5934582944e+02
   3313.0000000000   4.4288077711e+02   0.0000000000e+00   2.5946963399e+02
   3314.0000000000   4.4307917484e+02   0.0000000000e+00   2.5959192094e+02
   3315.0000000000   4.4327600658e+02   0.0000000000e+00   2.5972325449e+02
   3316.0000000000   4.4348210717e+02   0.0000000000e+00   2.5984792875e+02
   3317.0000000000   4.4368132861e+02   0.0000000000e+00   2.5997098616e+02
   3318.0000000000   4.4387884204e+02   0.0000000000e+00   2.6009297686e+02
   3319.0000000000   4.4407520586e+02   0.0000000000e+00   2.6021414136e+02
   3320.0000000000   4.4428098119e+02   0.0000000000e+00   2.6033461775e+02
   3321.0000000000   4.4449026128e+02   0.0000000000e+00   2.6045449701e+02
   3322.0000000000   4.4469182305e+02   0.0000000000e+00   2.6057384432e+02
   3323.0000000000   4.4489126120e+02   0.0000000000e+00   2.6069270908e+02
   3324.0000000000   4.4508929028e+02   0.0000000000e+00   2.6081113024e+02
   3325.0000000000   4.4528623014e+02   0.0000000000e+00   2.6092913949e+02
   3326.0000000000   4.4549258333e+02   0.0000000000e+00   2.6104676320e+02
   3327.0000000000   4.4569210585e+02   0.0000000000e+00   2.6117406819e+02
   3328.0000000000   4.4588993291e+02   0.0000000000e+00   2.6130518981e+02
   3329.0000000000   4.4608660795e+02   0.0000000000e+00   2.6143917679e+02
   3330.0000000000   4.4628236654e+02   0.0000000000e+00   2.6156549835e+02
   3331.0000000000   4.4648766321e+02   0.0000000000e+00   2.6169977581e+02
   3332.0000000000   4.4668622384e+02   0.0000000000e+00   2.6182683316e+02
   3333.0000000000   4.4689348262e+02   0.0000000000e+00   2.6196197012e+02
   3334.0000000000   4.4709360497e+02   0.0000000000e+00   2.6208991870e+02
   3335.0000000000   4.4730218551e+02   0.0000000000e+00   2.6221590041e+02
   3336.0000000000   4.4752410590e+02   0.0000000000e+00   2.6234056205e+02
   3337.0000000000   4.4773195827e+02   0.0000000000e+00   2.6246420389e+02
   3338.0000000000   4.4793647824e+02   0.0000000000e+00   2.6258700400e+02
   3339.0000000000   4.4813891345e+02   0.0000000000e+00   2.6270908168e+02
   3340.0000000000   4.4833980406e+02   0.0000000000e+00   2.6283052294e+02
   3341.0000000000   4.4854977176e+02   0.0000000000e+00   2.6295139300e+02
   3342.0000000000   4.4875264646e+02   0.0000000000e+00   2.6307174316e+02
   3343.0000000000   4.4896393237e+02   0.0000000000e+00   2.6319161491e+02
   3344.0000000000   4.4916784477e+02   0.0000000000e+00   2.6331104251e+02
   3345.0000000000   4.4936969619e+02   0.0000000000e+00   2.6344009933e+02
   3346.0000000000   4.4958044142e+02   0.0000000000e+00   2.6356288161e+02
   3347.0000000000   4.4979432756e+02   0.0000000000e+00   2.6368432657e+02
   3348.0000000000   4.5001053337e+02   0.0000000000e+00   2.6380491981e+02
   3349.0000000000   4.5021834198e+02   0.0000000000e+00   2.6392485867e+02
   3350.0000000000   4.5042355455e+02   0.0000000000e+00   2.6404425057e+02
   3351.0000000000   4.5062699752e+02   0.0000000000e+00   2.6417320823e+02
   3352.0000000000   4.5082906093e+02   0.0000000000e+00   2.6429585102e+02
   3353.0000000000   4.5102997651e+02   0.0000000000e+00   2.6441713050e+02
   3354.0000000000   4.5122989934e+02   0.0000000000e+00   2.6454758607e+02
   3355.0000000000   4.5143926034e+02   0.0000000000e+00   2.6467149290e+02
   3356.0000000000   4.5164178055e+02   0.0000000000e+00   2.6479387855e+02
   3357.0000000000   4.5187353438e+02   0.0000000000e+00   2.6491528117e+02
   3358.0000000000   4.5209628331e+02   0.0000000000e+00   2.6503593150e+02
   3359.0000000000   4.5230904509e+02   0.0000000000e+00   2.6515595947e+02
   3360.0000000000   4.5251844247e+02   0.0000000000e+00   2.6527544923e+02
   3361.0000000000   4.5272560184e+02   0.0000000000e+00   2.6539446014e+02
   3362.0000000000   4.5293106011e+02   0.0000000000e+00   2.6551303659e+02
   3363.0000000000   4.5313513291e+02   0.0000000000e+00   2.6563121322e+02
   3364.0000000000   4.5333802821e+02   0.0000000000e+00   2.6574901796e+02
   3365.0000000000   4.5355021261e+02   0.0000000000e+00   2.6586647386e+02
   3366.0000000000   4.5375543249e+02   0.0000000000e+00   2.6598360038e+02
   3367.0000000000   4.5396914284e+02   0.0000000000e+00   2.6611045865e+02
   3368.0000000000   4.5417552805e+02   0.0000000000e+00   2.6624117923e+02
   3369.0000000000   4.5437988043e+02   0.0000000000e+00   2.6636476235e+02
   3370.0000000000   4.5458282198e+02   0.0000000000e+00   2.6648660212e+02
   3371.0000000000   4.5480527324e+02   0.0000000000e+00   2.6660735650e+02
   3372.0000000000   4.5501467305e+02   0.0000000000e+00   2.6672730824e+02
   3373.0000000000   4.5522123414e+02   0.0000000000e+00   2.6684661351e+02
   3374.0000000000   4.5543631694e+02   0.0000000000e+00   2.6696537091e+02
   3375.0000000000   4.5564399234e+02   0.0000000000e+00   2.6709369271e+02
   3376.0000000000   4.5584955173e+02   0.0000000000e+00   2.6721570003e+02
   3377.0000000000   4.5606394880e+02   0.0000000000e+00   2.6733634657e+02
   3378.0000000000   4.5628143343e+02   0.0000000000e+00   2.6745612915e+02
   3379.0000000000   4.5649086865e+02   0.0000000000e+00   2.6757525293e+02
   3380.0000000000   4.5670822361e+02   0.0000000000e+00   2.6769383083e+02
   3381.0000000000   4.5692820715e+02   0.0000000000e+00   2.6781193502e+02
   3382.0000000000   4.5713985472e+02   0.0000000000e+00   2.6793966053e+02
   3383.0000000000   4.5734890264e+02   0.0000000000e+00   2.6806111666e+02
   3384.0000000000   4.5755615468e+02   0.0000000000e+00   2.6818124866e+02
   3385.0000000000   4.5776199208e+02   0.0000000000e+00   2.6831059163e+02
   3386.0000000000   4.5796664320e+02   0.0000000000e+00   2.6843341764e+02
   3387.0000000000   4.5818058125e+02   0.0000000000e+00   2.6855475186e+02
   3388.0000000000   4.5838755440e+02   0.0000000000e+00   2.6867513054e+02
   3389.0000000000   4.5859269853e+02   0.0000000000e+00   2.6879478281e+02
   3390.0000000000   4.5880688035e+02   0.0000000000e+00   2.6892388174e+02
   3391.0000000000   4.5901397718e+02   0.0000000000e+00   2.6904658186e+02
   3392.0000000000   4.5921918075e+02   0.0000000000e+00   2.6916785736e+02
   3393.0000000000   4.5944370475e+02   0.0000000000e+00   2.6929826308e+02
   3394.0000000000   4.5965507787e+02   0.0000000000e+00   2.6943212975e+02
   3395.0000000000   4.5986355098e+02   0.0000000000e+00   2.6955856471e+02
   3396.0000000000   4.6007018471e+02   0.0000000000e+00   2.6968302820e+02
   3397.0000000000   4.6028574376e+02   0.0000000000e+00   2.6980622269e+02
   3398.0000000000   4.6050443115e+02   0.0000000000e+00   2.6992846277e+02
   3399.0000000000   4.6071509249e+02   0.0000000000e+00   2.7004992832e+02
   3400.0000000000   4.6092336954e+02   0.0000000000e+00   2.7017073622e+02
   3401.0000000000   4.6113001128e+02   0.0000000000e+00   2.7029096872e+02
   3402.0000000000   4.6133536380e+02   0.0000000000e+00   2.7041068701e+02
   3403.0000000000   4.6153963137e+02   0.0000000000e+00   2.7052993846e+02
   3404.0000000000   4.6175326982e+02   0.0000000000e+00   2.7064876092e+02
   3405.0000000000   4.6196001424e+02   0.0000000000e+00   2.7076718539e+02
   3406.0000000000   4.6216499044e+02   0.0000000000e+00   2.7089528221e+02
   3407.0000000000   4.6237905712e+02   0.0000000000e+00   2.7101714497e+02
   3408.0000000000   4.6258608512e+02   0.0000000000e+00   2.7114775292e+02
   3409.0000000000   4.6280157994e+02   0.0000000000e+00   2.7127166108e+02
   3410.0000000000   4.6302006786e+02   0.0000000000e+00   2.7139398067e+02
   3411.0000000000   4.6323048796e+02   0.0000000000e+00   2.7151528427e+02
   3412.0000000000   4.6343851738e+02   0.0000000000e+00   2.7163581933e+02
   3413.0000000000   4.6365523914e+02   0.0000000000e+00   2.7175572487e+02
   3414.0000000000   4.6386464211e+02   0.0000000000e+00   2.7187509032e+02
   3415.0000000000   4.6407198357e+02   0.0000000000e+00   2.7200402274e+02
   3416.0000000000   4.6427788087e+02   0.0000000000e+00   2.7212664022e+02
   3417.0000000000   4.6448261874e+02   0.0000000000e+00   2.7224789462e+02
   3418.0000000000   4.6469668656e+02   0.0000000000e+00   2.7237832618e+02
   3419.0000000000   4.6490383622e+02   0.0000000000e+00   2.7250221103e+02
   3420.0000000000   4.6510920292e+02   0.0000000000e+00   2.7263462212e+02
   3421.0000000000   4.6531333195e+02   0.0000000000e+00   2.7276017006e+02
   3422.0000000000   4.6551646165e+02   0.0000000000e+00   2.7289404659e+02
   3423.0000000000   4.6572904965e+02   0.0000000000e+00   2.7302092080e+02
   3424.0000000000   4.6593482506e+02   0.0000000000e+00   2.7314597403e+02
   3425.0000000000   4.6613890614e+02   0.0000000000e+00   2.7326982575e+02
   3426.0000000000   4.6634182525e+02   0.0000000000e+00   2.7339275661e+02
   3427.0000000000   4.6654381055e+02   0.0000000000e+00   2.7351493017e+02
   3428.0000000000   4.6675531157e+02   0.0000000000e+00   2.7363645455e+02
   3429.0000000000   4.6696005079e+02   0.0000000000e+00   2.7376745149e+02
   3430.0000000000   4.6717346014e+02   0.0000000000e+00   2.7389205079e+02
   3431.0000000000   4.6737970351e+02   0.0000000000e+00   2.7401521383e+02
   3432.0000000000   4.6758405552e+02   0.0000000000e+00   2.7413744427e+02
   3433.0000000000   4.6778712299e+02   0.0000000000e+00   2.7425895324e+02
   3434.0000000000   4.6798917528e+02   0.0000000000e+00   2.7437985891e+02
   3435.0000000000   4.6820068684e+02   0.0000000000e+00   2.7450023810e+02
   3436.0000000000   4.6840539635e+02   0.0000000000e+00   2.7463018994e+02
   3437.0000000000   4.6860842754e+02   0.0000000000e+00   2.7475382738e+02
   3438.0000000000   4.6882063501e+02   0.0000000000e+00   2.7487609891e+02
   3439.0000000000   4.6902588475e+02   0.0000000000e+00   2.7499749809e+02
   3440.0000000000   4.6922935827e+02   0.0000000000e+00   2.7511822798e+02
   3441.0000000000   4.6943162193e+02   0.0000000000e+00   2.7523840024e+02
   3442.0000000000   4.6963292398e+02   0.0000000000e+00   2.7535808631e+02
   3443.0000000000   4.6983340746e+02   0.0000000000e+00   2.7547733638e+02
   3444.0000000000   4.7003316704e+02   0.0000000000e+00   2.7560623251e+02
   3445.0000000000   4.7023227086e+02   0.0000000000e+00   2.7572887577e+02
   3446.0000000000   4.7043077088e+02   0.0000000000e+00   2.7585020589e+02
   3447.0000000000   4.7062870831e+02   0.0000000000e+00   2.7597070966e+02
   3448.0000000000   4.7083643599e+02   0.0000000000e+00   2.7610062929e+02
   3449.0000000000   4.7103761832e+02   0.0000000000e+00   2.7622414370e+02
   3450.0000000000   4.7123732970e+02   0.0000000000e+00   2.7634623658e+02
   3451.0000000000   4.7143607079e+02   0.0000000000e+00   2.7646742205e+02
   3452.0000000000   4.7163404579e+02   0.0000000000e+00   2.7659796045e+02
   3453.0000000000   4.7184168541e+02   0.0000000000e+00   2.7672204336e+02
   3454.0000000000   4.7205301610e+02   0.0000000000e+00   2.7684466369e+02
   3455.0000000000   4.7225677436e+02   0.0000000000e+00   2.7696634243e+02
   3456.0000000000   4.7245852780e+02   0.0000000000e+00   2.7708730074e+02
   3457.0000000000   4.7265897158e+02   0.0000000000e+00   2.7720766276e+02
   3458.0000000000   4.7286873010e+02   0.0000000000e+00   2.7732750882e+02
   3459.0000000000   4.7307161165e+02   0.0000000000e+00   2.7744689567e+02
   3460.0000000000   4.7327277738e+02   0.0000000000e+00   2.7756586581e+02
   3461.0000000000   4.7347278461e+02   0.0000000000e+00   2.7769449691e+02
   3462.0000000000   4.7367187678e+02   0.0000000000e+00   2.7781688737e+02
   3463.0000000000   4.7387019387e+02   0.0000000000e+00   2.7793797521e+02
   3464.0000000000   4.7407814733e+02   0.0000000000e+00   2.7806829055e+02
   3465.0000000000   4.7431039687e+02   0.0000000000e+00   2.7819210186e+02
   3466.0000000000   4.7452295148e+02   0.0000000000e+00   2.7831443172e+02
   3467.0000000000   4.7475211959e+02   0.0000000000e+00   2.7843581439e+02
   3468.0000000000   4.7497714991e+02   0.0000000000e+00   2.7855647753e+02
   3469.0000000000   4.7519245884e+02   0.0000000000e+00   2.7867654855e+02
   3470.0000000000   4.7540442154e+02   0.0000000000e+00   2.7879610948e+02
   3471.0000000000   4.7562443495e+02   0.0000000000e+00   2.7891521788e+02
   3472.0000000000   4.7584698430e+02   0.0000000000e+00   2.7903391663e+02
   3473.0000000000   4.7606107532e+02   0.0000000000e+00   2.7915223899e+02
   3474.0000000000   4.7627245209e+02   0.0000000000e+00   2.7927021171e+02
   3475.0000000000   4.7648193374e+02   0.0000000000e+00   2.7938785677e+02
   3476.0000000000   4.7670023605e+02   0.0000000000e+00   2.7950519266e+02
   3477.0000000000   4.7691123720e+02   0.0000000000e+00   2.7962223517e+02
   3478.0000000000   4.7712015320e+02   0.0000000000e+00   2.7973899799e+02
   3479.0000000000   4.7733790459e+02   0.0000000000e+00   2.7985549312e+02
   3480.0000000000   4.7754840701e+02   0.0000000000e+00   2.7997173120e+02
   3481.0000000000   4.7776719977e+02   0.0000000000e+00   2.8010781068e+02
   3482.0000000000   4.7797851632e+02   0.0000000000e+00   2.8023188333e+02
   3483.0000000000   4.7819799963e+02   0.0000000000e+00   2.8035378864e+02
   3484.0000000000   4.7840992961e+02   0.0000000000e+00   2.8047446759e+02
   3485.0000000000   4.7861965472e+02   0.0000000000e+00   2.8059428839e+02
   3486.0000000000   4.7882783321e+02   0.0000000000e+00   2.8071344255e+02
   3487.0000000000   4.7903477244e+02   0.0000000000e+00   2.8083204580e+02
   3488.0000000000   4.7924065704e+02   0.0000000000e+00   2.8095017508e+02
   3489.0000000000   4.7945593192e+02   0.0000000000e+00   2.8107792951e+02
   3490.0000000000   4.7966432565e+02   0.0000000000e+00   2.8119942150e+02
   3491.0000000000   4.7987095999e+02   0.0000000000e+00   2.8132964300e+02
   3492.0000000000   4.8007637197e+02   0.0000000000e+00   2.8145315780e+02
   3493.0000000000   4.8028079465e+02   0.0000000000e+00   2.8157508329e+02
   3494.0000000000   4.8048436308e+02   0.0000000000e+00   2.8169599642e+02
   3495.0000000000   4.8069748703e+02   0.0000000000e+00   2.8181614782e+02
   3496.0000000000   4.8090386904e+02   0.0000000000e+00   2.8193567875e+02
   3497.0000000000   4.8110861097e+02   0.0000000000e+00   2.8205468025e+02
   3498.0000000000   4.8131223421e+02   0.0000000000e+00   2.8217321607e+02
   3499.0000000000   4.8152527832e+02   0.0000000000e+00   2.8229133347e+02
   3500.0000000000   4.8173150420e+02   0.0000000000e+00   2.8240906900e+02
   3501.0000000000   4.8193604426e+02   0.0000000000e+00   2.8253649629e+02
   3502.0000000000   4.8213943745e+02   0.0000000000e+00   2.8266775527e+02
   3503.0000000000   4.8235223416e+02   0.0000000000e+00   2.8279185336e+02
   3504.0000000000   4.8256852133e+02   0.0000000000e+00   2.8291419029e+02
   3505.0000000000   4.8277707209e+02   0.0000000000e+00   2.8303542848e+02
   3506.0000000000   4.8298347883e+02   0.0000000000e+00   2.8315585425e+02
   3507.0000000000   4.8319877383e+02   0.0000000000e+00   2.8327562667e+02
   3508.0000000000   4.8340691228e+02   0.0000000000e+00   2.8339484670e+02
   3509.0000000000   4.8362344664e+02   0.0000000000e+00   2.8352362856e+02
   3510.0000000000   4.8383261254e+02   0.0000000000e+00   2.8364609500e+02
   3511.0000000000   4.8403973111e+02   0.0000000000e+00   2.8376720105e+02
   3512.0000000000   4.8424544132e+02   0.0000000000e+00   2.8388744467e+02
   3513.0000000000   4.8445003567e+02   0.0000000000e+00   2.8400703195e+02
   3514.0000000000   4.8466400596e+02   0.0000000000e+00   2.8412607662e+02
   3515.0000000000   4.8487110412e+02   0.0000000000e+00   2.8424465151e+02
   3516.0000000000   4.8507646437e+02   0.0000000000e+00   2.8436280774e+02
   3517.0000000000   4.8529094963e+02   0.0000000000e+00   2.8448058348e+02
   3518.0000000000   4.8549843270e+02   0.0000000000e+00   2.8459800851e+02
   3519.0000000000   4.8571441978e+02   0.0000000000e+00   2.8472515134e+02
   3520.0000000000   4.8592311801e+02   0.0000000000e+00   2.8485614790e+02
   3521.0000000000   4.8612982986e+02   0.0000000000e+00   2.8499004693e+02
   3522.0000000000   4.8633518143e+02   0.0000000000e+00   2.8511631726e+02
   3523.0000000000   4.8653945605e+02   0.0000000000e+00   2.8524053508e+02
   3524.0000000000   4.8674281966e+02   0.0000000000e+00   2.8536345200e+02
   3525.0000000000   4.8694538294e+02   0.0000000000e+00   2.8548540655e+02
   3526.0000000000   4.8715754500e+02   0.0000000000e+00   2.8560659125e+02
   3527.0000000000   4.8736300296e+02   0.0000000000e+00   2.8572712997e+02
   3528.0000000000   4.8756685547e+02   0.0000000000e+00   2.8584710890e+02
   3529.0000000000   4.8779025995e+02   0.0000000000e+00   2.8599672483e+02
   3530.0000000000   4.8800070749e+02   0.0000000000e+00   2.8612824113e+02
   3531.0000000000   4.8821874114e+02   0.0000000000e+00   2.8625644379e+02
   3532.0000000000   4.8842903738e+02   0.0000000000e+00   2.8638276479e+02
   3533.0000000000   4.8863707624e+02   0.0000000000e+00   2.8650777252e+02
   3534.0000000000   4.8884357249e+02   0.0000000000e+00   2.8663176697e+02
   3535.0000000000   4.8904886062e+02   0.0000000000e+00   2.8675493202e+02
   3536.0000000000   4.8925313888e+02   0.0000000000e+00   2.8687739145e+02
   3537.0000000000   4.8945653976e+02   0.0000000000e+00   2.8699923411e+02
   3538.0000000000   4.8965915864e+02   0.0000000000e+00   2.8712052690e+02
   3539.0000000000   4.8986106781e+02   0.0000000000e+00   2.8725136645e+02
   3540.0000000000   4.9007264322e+02   0.0000000000e+00   2.8737586623e+02
   3541.0000000000   4.9028788618e+02   0.0000000000e+00   2.8749897646e+02
   3542.0000000000   4.9049552130e+02   0.0000000000e+00   2.8762119279e+02
   3543.0000000000   4.9070111081e+02   0.0000000000e+00   2.8774272050e+02
   3544.0000000000   4.9090534794e+02   0.0000000000e+00   2.8787371778e+02
   3545.0000000000   4.9110853783e+02   0.0000000000e+00   2.8799832961e+02
   3546.0000000000   4.9131085354e+02   0.0000000000e+00   2.8812152380e+02
   3547.0000000000   4.9152272640e+02   0.0000000000e+00   2.8824380647e+02
   3548.0000000000   4.9172787181e+02   0.0000000000e+00   2.8836538932e+02
   3549.0000000000   4.9193139942e+02   0.0000000000e+00   2.8848639024e+02
   3550.0000000000   4.9216479266e+02   0.0000000000e+00   2.8860688529e+02
   3551.0000000000   4.9237918326e+02   0.0000000000e+00   2.8873697272e+02
   3552.0000000000   4.9258984841e+02   0.0000000000e+00   2.8886076451e+02
   3553.0000000000   4.9279831017e+02   0.0000000000e+00   2.8899325267e+02
   3554.0000000000   4.9300518550e+02   0.0000000000e+00   2.8911900145e+02
   3555.0000000000   4.9321080565e+02   0.0000000000e+00   2.8925317342e+02
   3556.0000000000   4.9342569560e+02   0.0000000000e+00   2.8938041800e+02
   3557.0000000000   4.9364395082e+02   0.0000000000e+00   2.8950590263e+02
   3558.0000000000   4.9386467852e+02   0.0000000000e+00   2.8963023655e+02
   3559.0000000000   4.9407712209e+02   0.0000000000e+00   2.8975369272e+02
   3560.0000000000   4.9429737721e+02   0.0000000000e+00   2.8987642868e+02
   3561.0000000000   4.9450989000e+02   0.0000000000e+00   2.9000859229e+02
   3562.0000000000   4.9472008910e+02   0.0000000000e+00   2.9013432860e+02
   3563.0000000000   4.9492867725e+02   0.0000000000e+00   2.9025860854e+02
   3564.0000000000   4.9513598866e+02   0.0000000000e+00   2.9038194201e+02
   3565.0000000000   4.9534222516e+02   0.0000000000e+00   2.9050454440e+02
   3566.0000000000   4.9554752394e+02   0.0000000000e+00   2.9062653691e+02
   3567.0000000000   4.9575198520e+02   0.0000000000e+00   2.9074799849e+02
   3568.0000000000   4.9596600491e+02   0.0000000000e+00   2.9087902989e+02
   3569.0000000000   4.9617328031e+02   0.0000000000e+00   2.9100374525e+02
   3570.0000000000   4.9639954974e+02   0.0000000000e+00   2.9113713845e+02
   3571.0000000000   4.9661260681e+02   0.0000000000e+00   2.9127381981e+02
   3572.0000000000   4.9682277320e+02   0.0000000000e+00   2.9140298043e+02
   3573.0000000000   4.9703113407e+02   0.0000000000e+00   2.9153011521e+02
   3574.0000000000   4.9723814420e+02   0.0000000000e+00   2.9165594374e+02
   3575.0000000000   4.9744405441e+02   0.0000000000e+00   2.9178079014e+02
   3576.0000000000   4.9764902430e+02   0.0000000000e+00   2.9190484005e+02
   3577.0000000000   4.9785316488e+02   0.0000000000e+00   2.9202821413e+02
   3578.0000000000   4.9806687730e+02   0.0000000000e+00   2.9215099721e+02
   3579.0000000000   4.9827386114e+02   0.0000000000e+00   2.9227325236e+02
   3580.0000000000   4.9848953647e+02   0.0000000000e+00   2.9239502839e+02
   3581.0000000000   4.9870837986e+02   0.0000000000e+00   2.9251636429e+02
   3582.0000000000   4.9891929842e+02   0.0000000000e+00   2.9263729195e+02
   3583.0000000000   4.9912794718e+02   0.0000000000e+00   2.9275783803e+02
   3584.0000000000   4.9933507406e+02   0.0000000000e+00   2.9288806962e+02
   3585.0000000000   4.9954101958e+02   0.0000000000e+00   2.9301207781e+02
   3586.0000000000   4.9974598123e+02   0.0000000000e+00   2.9313479544e+02
   3587.0000000000   4.9997072713e+02   0.0000000000e+00   2.9325670441e+02
   3588.0000000000   5.0018262215e+02   0.0000000000e+00   2.9337799884e+02
   3589.0000000000   5.0040215562e+02   0.0000000000e+00   2.9349878337e+02
   3590.0000000000   5.0061397776e+02   0.0000000000e+00   2.9361912379e+02
   3591.0000000000   5.0083387370e+02   0.0000000000e+00   2.9373906571e+02
   3592.0000000000   5.0104618648e+02   0.0000000000e+00   2.9386868738e+02
   3593.0000000000   5.0125629630e+02   0.0000000000e+00   2.9399208667e+02
   3594.0000000000   5.0146487844e+02   0.0000000000e+00   2.9411420058e+02
   3595.0000000000   5.0168256873e+02   0.0000000000e+00   2.9424555809e+02
   3596.0000000000   5.0189319308e+02   0.0000000000e+00   2.9438047098e+02
   3597.0000000000   5.0210193016e+02   0.0000000000e+00   2.9451807678e+02
   3598.0000000000   5.0231967235e+02   0.0000000000e+00   2.9464789620e+02
   3599.0000000000   5.0253031327e+02   0.0000000000e+00   2.9477553874e+02
   3600.0000000000   5.0275969359e+02   0.0000000000e+00   2.9490177879e+02
   3601.0000000000   5.0298598748e+02   0.0000000000e+00   2.9502697122e+02
   3602.0000000000   5.0320319311e+02   0.0000000000e+00   2.9515132077e+02
   3603.0000000000   5.0341747406e+02   0.0000000000e+00   2.9528500514e+02
   3604.0000000000   5.0362978537e+02   0.0000000000e+00   2.9541218952e+02
   3605.0000000000   5.0384057919e+02   0.0000000000e+00   2.9553785906e+02
   3606.0000000000   5.0405012248e+02   0.0000000000e+00   2.9566253413e+02
   3607.0000000000   5.0425859240e+02   0.0000000000e+00   2.9578643801e+02
   3608.0000000000   5.0446611568e+02   0.0000000000e+00   2.9591974248e+02
   3609.0000000000   5.0467278772e+02   0.0000000000e+00   2.9604660294e+02
   3610.0000000000   5.0487868322e+02   0.0000000000e+00   2.9618203983e+02
   3611.0000000000   5.0509418144e+02   0.0000000000e+00   2.9631063741e+02
   3612.0000000000   5.0530296817e+02   0.0000000000e+00   2.9643752853e+02
   3613.0000000000   5.0551013542e+02   0.0000000000e+00   2.9656330235e+02
   3614.0000000000   5.0571619857e+02   0.0000000000e+00   2.9668821941e+02
   3615.0000000000   5.0593169336e+02   0.0000000000e+00   2.9681242923e+02
   3616.0000000000   5.0615069730e+02   0.0000000000e+00   2.9693602984e+02
   3617.0000000000   5.0637229635e+02   0.0000000000e+00   2.9705909099e+02
   3618.0000000000   5.0658571475e+02   0.0000000000e+00   2.9721179861e+02
   3619.0000000000   5.0679671299e+02   0.0000000000e+00   2.9734640863e+02
   3620.0000000000   5.0701640688e+02   0.0000000000e+00   2.9747770190e+02
   3621.0000000000   5.0723911910e+02   0.0000000000e+00   2.9760710676e+02
   3622.0000000000   5.0745375009e+02   0.0000000000e+00   2.9773518900e+02
   3623.0000000000   5.0768660894e+02   0.0000000000e+00   2.9787229125e+02
   3624.0000000000   5.0791605284e+02   0.0000000000e+00   2.9800266768e+02
   3625.0000000000   5.0813617493e+02   0.0000000000e+00   2.9813135703e+02
   3626.0000000000   5.0836351483e+02   0.0000000000e+00   2.9825891447e+02
   3627.0000000000   5.0858270102e+02   0.0000000000e+00   2.9838558734e+02
   3628.0000000000   5.0879926192e+02   0.0000000000e+00   2.9852156481e+02
   3629.0000000000   5.0901396312e+02   0.0000000000e+00   2.9865101532e+02
   3630.0000000000   5.0922718185e+02   0.0000000000e+00   2.9878896942e+02
   3631.0000000000   5.0945978932e+02   0.0000000000e+00   2.9892001937e+02
   3632.0000000000   5.0967921854e+02   0.0000000000e+00   2.9904930454e+02
   3633.0000000000   5.0990600774e+02   0.0000000000e+00   2.9917741947e+02
   3634.0000000000   5.1013516312e+02   0.0000000000e+00   2.9930462921e+02
   3635.0000000000   5.1035581581e+02   0.0000000000e+00   2.9943108711e+02
   3636.0000000000   5.1057374623e+02   0.0000000000e+00   2.9956693900e+02
   3637.0000000000   5.1078978313e+02   0.0000000000e+00   2.9970637357e+02
   3638.0000000000   5.1100432389e+02   0.0000000000e+00   2.9983843333e+02
   3639.0000000000   5.1121760823e+02   0.0000000000e+00   2.9996854445e+02
   3640.0000000000   5.1142979883e+02   0.0000000000e+00   3.0009738997e+02
   3641.0000000000   5.1165133351e+02   0.0000000000e+00   3.0022527279e+02
   3642.0000000000   5.1186593944e+02   0.0000000000e+00   3.0036241004e+02
   3643.0000000000   5.1207873930e+02   0.0000000000e+00   3.0050303016e+02
   3644.0000000000   5.1231091016e+02   0.0000000000e+00   3.0064624450e+02
   3645.0000000000   5.1254027862e+02   0.0000000000e+00   3.0078156695e+02
   3646.0000000000   5.1276071864e+02   0.0000000000e+00   3.0091460760e+02
   3647.0000000000   5.1298865186e+02   0.0000000000e+00   3.0104614441e+02
   3648.0000000000   5.1320863423e+02   0.0000000000e+00   3.0117653698e+02
   3649.0000000000   5.1342614591e+02   0.0000000000e+00   3.0130599505e+02
   3650.0000000000   5.1364191858e+02   0.0000000000e+00   3.0143465684e+02
   3651.0000000000   5.1385630472e+02   0.0000000000e+00   3.0158270959e+02
   3652.0000000000   5.1409015691e+02   0.0000000000e+00   3.0171837026e+02
   3653.0000000000   5.1432121291e+02   0.0000000000e+00   3.0185152812e+02
   3654.0000000000   5.1454331675e+02   0.0000000000e+00   3.0198316331e+02
   3655.0000000000   5.1477287980e+02   0.0000000000e+00   3.0212372009e+02
   3656.0000000000   5.1499445542e+02   0.0000000000e+00   3.0225748752e+02
   3657.0000000000   5.1521352420e+02   0.0000000000e+00   3.0238951891e+02
   3658.0000000000   5.1543081953e+02   0.0000000000e+00   3.0252037652e+02
   3659.0000000000   5.1564669604e+02   0.0000000000e+00   3.0265031164e+02
   3660.0000000000   5.1586137033e+02   0.0000000000e+00   3.0277947147e+02
   3661.0000000000   5.1607499096e+02   0.0000000000e+00   3.0290795466e+02
   3662.0000000000   5.1630830544e+02   0.0000000000e+00   3.0303583286e+02
   3663.0000000000   5.1652867045e+02   0.0000000000e+00   3.0316316098e+02
   3664.0000000000   5.1674625400e+02   0.0000000000e+00   3.0328998275e+02
   3665.0000000000   5.1697239005e+02   0.0000000000e+00   3.0341633399e+02
   3666.0000000000   5.1719113281e+02   0.0000000000e+00   3.0354224470e+02
   3667.0000000000   5.1740776278e+02   0.0000000000e+00   3.0366774045e+02
   3668.0000000000   5.1762290718e+02   1.0044473537e-02   3.0379284338e+02
   3669.0000000000   5.1783685558e+02   1.4205030702e-02   3.0391757283e+02
   3670.0000000000   5.1804978104e+02   1.7397538501e-02   3.0404194593e+02
   3671.0000000000   5.1826180112e+02   2.0088947073e-02   3.0417602243e+02
   3672.0000000000   5.1848332118e+02   2.2460125626e-02   3.0430388765e+02
   3673.0000000000   5.1869804408e+02   2.4603834900e-02   3.0443046988e+02
   3674.0000000000   5.1891107359e+02   2.6575179029e-02   3.0455624737e+02
   3675.0000000000   5.1912293359e+02   2.8410061405e-02   3.0468141132e+02
   3676.0000000000   5.1933384713e+02   3.0133420610e-02   3.0480606398e+02
   3677.0000000000   5.1955426055e+02   3.1763414273e-02   3.0493026922e+02
   3678.0000000000   5.1977821349e+02   3.3313749938e-02   3.0505407104e+02
   3679.0000000000   5.1999445369e+02   3.4795077001e-02   3.0517750194e+02
   3680.0000000000   5.2020855855e+02   3.6215864371e-02   3.0530058708e+02
   3681.0000000000   5.2042123178e+02   3.7582978605e-02   3.0542334676e+02
   3682.0000000000   5.2064310529e+02   3.8902078729e-02   3.0554579778e+02
   3683.0000000000   5.2085799413e+02   4.0177894147e-02   3.0566795440e+02
   3684.0000000000   5.2107106542e+02   4.1414425345e-02   3.0578982893e+02
   3685.0000000000   5.2128288192e+02   4.2615092107e-02   3.0591143218e+02
   3686.0000000000   5.2149369199e+02   4.3782845087e-02   3.0604281821e+02
   3687.0000000000   5.2172427822e+02   4.4920251252e-02   3.0616806724e+02
   3688.0000000000   5.2194200937e+02   4.6029560298e-02   3.0630214742e+02
   3689.0000000000   5.2216737509e+02   4.7112756975e-02   3.0642960439e+02
   3690.0000000000   5.2238502474e+02   4.8171602822e-02   3.0657563037e+02
   3691.0000000000   5.2260042317e+02   4.9207669799e-02   3.0670893432e+02
   3692.0000000000   5.2282459512e+02   5.0222367683e-02   3.0684963400e+02
   3693.0000000000   5.2304150550e+02   5.1216966567e-02   3.0698286878e+02
   3694.0000000000   5.2325639918e+02   5.2192615502e-02   3.0711400118e+02
   3695.0000000000   5.2346988591e+02   5.3150358057e-02   3.0724374230e+02
   3696.0000000000   5.2368224526e+02   5.4091145396e-02   3.0737242615e+02
   3697.0000000000   5.2389364374e+02   5.5015847343e-02   3.0752033911e+02
   3698.0000000000   5.2410419411e+02   5.5925261801e-02   3.0765575539e+02
   3699.0000000000   5.2431397891e+02   5.6820122810e-02   3.0778860010e+02
   3700.0000000000   5.2452306170e+02   5.7701107483e-02   3.0791987707e+02
   3701.0000000000   5.2473149326e+02   5.8568842001e-02   3.0805000238e+02
   3702.0000000000   5.2495995351e+02   5.9423906822e-02   3.0817920499e+02
   3703.0000000000   5.2517574976e+02   6.0266841220e-02   3.0830763064e+02
   3704.0000000000   5.2538901245e+02   6.1098147265e-02   3.0843538073e+02
   3705.0000000000   5.2561104608e+02   6.1918293322e-02   3.0856253020e+02
   3706.0000000000   5.2582588114e+02   6.2727717131e-02   3.0868913686e+02
   3707.0000000000   5.2603877866e+02   6.3526828546e-02   3.0881524677e+02
   3708.0000000000   5.2626066870e+02   7.4360485491e-02   3.0894089756e+02
   3709.0000000000   5.2647546321e+02   7.9300659145e-02   3.0906612062e+02
   3710.0000000000   5.2668837370e+02   8.3263556226e-02   3.0919094257e+02
   3711.0000000000   5.2689998725e+02   8.6716446949e-02   3.0931538626e+02
   3712.0000000000   5.2711056703e+02   9.9884976041e-02   3.0943947158e+02
   3713.0000000000   5.2733058627e+02   1.0693379963e-01   3.0956321601e+02
   3714.0000000000   5.2754378425e+02   1.1283415874e-01   3.0968663501e+02
   3715.0000000000   5.2775528606e+02   1.1808916248e-01   3.0980974241e+02
   3716.0000000000   5.2797594778e+02   1.2290486099e-01   3.0993255062e+02
   3717.0000000000   5.2818963690e+02   1.2739240268e-01   3.1006511537e+02
   3718.0000000000   5.2840153632e+02   1.3162081783e-01   3.1019151847e+02
   3719.0000000000   5.2862253269e+02   1.3563686715e-01   3.1031668513e+02
   3720.0000000000   5.2883651153e+02   1.3947415611e-01   3.1044109087e+02
   3721.0000000000   5.2904866711e+02   1.4315789758e-01   3.1056492445e+02
   3722.0000000000   5.2925957468e+02   1.4670763811e-01   3.1068828594e+02
   3723.0000000000   5.2947980803e+02   1.5013892836e-01   3.1081123722e+02
   3724.0000000000   5.2969315122e+02   1.5346440191e-01   3.1093382050e+02
   3725.0000000000   5.2991507201e+02   1.5669450213e-01   3.1105606663e+02
   3726.0000000000   5.3012975739e+02   1.5983798901e-01   3.1117799926e+02
   3727.0000000000   5.3034249779e+02   1.6290230286e-01   3.1129963729e+02
   3728.0000000000   5.3055391144e+02   1.6589383183e-01   3.1143104071e+02
   3729.0000000000   5.3076427612e+02   1.6881811280e-01   3.1155629419e+02
   3730.0000000000   5.3098407277e+02   1.7167998499e-01   3.1168032480e+02
   3731.0000000000   5.3120736415e+02   1.8452818288e-01   3.1182369821e+02
   3732.0000000000   5.3142291413e+02   1.9143809328e-01   3.1196479160e+02
   3733.0000000000   5.3166726891e+02   1.9732895081e-01   3.1209760877e+02
   3734.0000000000   5.3189204908e+02   2.0267072470e-01   3.1223810600e+02
   3735.0000000000   5.3211272463e+02   2.0764700417e-01   3.1239131475e+02
   3736.0000000000   5.3233091838e+02   2.1235301155e-01   3.1253069119e+02
   3737.0000000000   5.3254730831e+02   2.1684608790e-01   3.1267680491e+02
   3738.0000000000   5.3277258525e+02   2.2116417712e-01   3.1281498781e+02
   3739.0000000000   5.3299061987e+02   2.2533408569e-01   3.1295071125e+02
   3740.0000000000   5.3320662389e+02   2.2937568667e-01   3.1308475678e+02
   3741.0000000000   5.3343151412e+02   2.3330426778e-01   3.1321750780e+02
   3742.0000000000   5.3364920261e+02   2.3713193813e-01   3.1336928717e+02
   3743.0000000000   5.3387522517e+02   2.4086851858e-01   3.1351844158e+02
   3744.0000000000   5.3409381191e+02   2.4452213093e-01   3.1365898981e+02
   3745.0000000000   5.3431028356e+02   2.4809960236e-01   3.1379686942e+02
   3746.0000000000   5.3453560009e+02   2.6165122525e-01   3.1393297806e+02
   3747.0000000000   5.3475369312e+02   2.6925362832e-01   3.1406773780e+02
   3748.0000000000   5.3496978900e+02   2.7582705166e-01   3.1421144192e+02
   3749.0000000000   5.3518448670e+02   2.9188676385e-01   3.1434832737e+02
   3750.0000000000   5.3540837842e+02   3.0168865143e-01   3.1448342843e+02
   3751.0000000000   5.3562526289e+02   3.1024438271e-01   3.1461730140e+02
   3752.0000000000   5.3584030084e+02   3.1807874223e-01   3.1475019716e+02
   3753.0000000000   5.3607469132e+02   3.2541096790e-01   3.1488226489e+02
   3754.0000000000   5.3629595528e+02   3.3236099631e-01   3.1501360626e+02
   3755.0000000000   5.3651433902e+02   3.4904860235e-01   3.1514429626e+02
   3756.0000000000   5.3673090030e+02   3.6964134761e-01   3.1527439315e+02
   3757.0000000000   5.3694608280e+02   3.8316401268e-01   3.1540394389e+02
   3758.0000000000   5.3716013292e+02   3.9502762299e-01   3.1553298728e+02
   3759.0000000000   5.3737320879e+02   4.0590203503e-01   3.1567160058e+02
   3760.0000000000   5.3759574045e+02   4.1607854435e-01   3.1580388351e+02
   3761.0000000000   5.3782176584e+02   4.2571947654e-01   3.1593477637e+02
   3762.0000000000   5.3806067395e+02   4.4497235690e-01   3.1606476759e+02
   3763.0000000000   5.3829563792e+02   4.5797981659e-01   3.1619405706e+02
   3764.0000000000   5.3852110272e+02   4.6970952949e-01   3.1632275455e+02
   3765.0000000000   5.3874339521e+02   4.8066784574e-01   3.1645093050e+02
   3766.0000000000   5.3896354948e+02   4.9106657064e-01   3.1657863465e+02
   3767.0000000000   5.3919238134e+02   5.0102337563e-01   3.1670590457e+02
   3768.0000000000   5.3941382148e+02   5.2065831104e-01   3.1683276995e+02
   3769.0000000000   5.3964343477e+02   5.3409600190e-01   3.1695925509e+02
   3770.0000000000   5.3986547661e+02   5.4629176022e-01   3.1710546935e+02
   3771.0000000000   5.4009560696e+02   5.5774314107e-01   3.1723957348e+02
   3772.0000000000   5.4031811869e+02   5.6865551334e-01   3.1737141445e+02
   3773.0000000000   5.4053837015e+02   5.7914172954e-01   3.1751198413e+02
   3774.0000000000   5.4077766538e+02   5.9931816367e-01   3.1764572787e+02
   3775.0000000000   5.4100358994e+02   6.1330659197e-01   3.1779784684e+02
   3776.0000000000   5.4122643375e+02   6.2606008961e-01   3.1793707124e+02
   3777.0000000000   5.4144728581e+02   6.3807443563e-01   3.1807349447e+02
   3778.0000000000   5.4166661325e+02   6.4955357539e-01   3.1820820130e+02
   3779.0000000000   5.4188468069e+02   6.6060921107e-01   3.1834165249e+02
   3780.0000000000   5.4211197985e+02   6.7131230727e-01   3.1847410394e+02
   3781.0000000000   5.4234258870e+02   6.8171226430e-01   3.1861576312e+02
   3782.0000000000   5.4256528616e+02   6.9184566062e-01   3.1875081467e+02
   3783.0000000000   5.4279599392e+02   7.0174080530e-01   3.1888425752e+02
   3784.0000000000   5.4302939155e+02   7.2146481764e-01   3.1901662229e+02
   3785.0000000000   5.4326481446e+02   7.3510789199e-01   3.1915818474e+02
   3786.0000000000   5.4349162193e+02   7.4760145901e-01   3.1929315018e+02
   3787.0000000000   5.4371565869e+02   7.5942571892e-01   3.1942652357e+02
   3788.0000000000   5.4393777892e+02   7.7077297564e-01   3.1955883640e+02
   3789.0000000000   5.4415839175e+02   7.9179044459e-01   3.1969031901e+02
   3790.0000000000   5.4437774278e+02   8.0661363717e-01   3.1982110357e+02
   3791.0000000000   5.4459599774e+02   8.2020214228e-01   3.1995127750e+02
   3792.0000000000   5.4482359592e+02   8.3305484793e-01   3.2008090380e+02
   3793.0000000000   5.4504426522e+02   8.5542156025e-01   3.2021003055e+02
   3794.0000000000   5.4527344760e+02   8.8153054418e-01   3.2033869591e+02
   3795.0000000000   5.4549531804e+02   9.0044023225e-01   3.2046693113e+02
   3796.0000000000   5.4571516185e+02   9.1758257176e-01   3.2059476238e+02
   3797.0000000000   5.4593359577e+02   9.3364155648e-01   3.2073225647e+02
   3798.0000000000   5.4616121723e+02   9.5896313377e-01   3.2086350431e+02
   3799.0000000000   5.4640246398e+02   9.7778893986e-01   3.2099343871e+02
   3800.0000000000   5.4662976832e+02   9.9514395394e-01   3.2112254162e+02
   3801.0000000000   5.4685379050e+02   1.0216155440e+00   3.2125100731e+02
   3802.0000000000   5.4707573737e+02   1.0415121001e+00   3.2137894058e+02
   3803.0000000000   5.4730644431e+02   1.0598851430e+00   3.2150640746e+02
   3804.0000000000   5.4754015444e+02   1.0873351619e+00   3.2163345382e+02
   3805.0000000000   5.4776573862e+02   1.1081781080e+00   3.2176011370e+02
   3806.0000000000   5.4798885573e+02   1.1274703830e+00   3.2188641366e+02
   3807.0000000000   5.4821026690e+02   1.1457714321e+00   3.2201237515e+02
   3808.0000000000   5.4843032733e+02   1.1633281636e+00   3.2213801603e+02
   3809.0000000000   5.4864924825e+02   1.1802831260e+00   3.2227339592e+02
   3810.0000000000   5.4886717188e+02   1.1967304510e+00   3.2240259956e+02
   3811.0000000000   5.4908420165e+02   1.2127375428e+00   3.2253055432e+02
   3812.0000000000   5.4930041672e+02   1.2283553520e+00   3.2265773738e+02
   3813.0000000000   5.4951588003e+02   1.2436239117e+00   3.2279438324e+02
   3814.0000000000   5.4975128125e+02   1.2585756038e+00   3.2292466457e+02
   3815.0000000000   5.4997393570e+02   1.2732372200e+00   3.2305355991e+02
   3816.0000000000   5.5019398055e+02   1.2876313314e+00   3.2318157903e+02
   3817.0000000000   5.5041240691e+02   1.3017772375e+00   3.2330893414e+02
   3818.0000000000   5.5063993320e+02   1.3156916460e+00   3.2343574206e+02
   3819.0000000000   5.5086041061e+02   1.3293891729e+00   3.2357212160e+02
   3820.0000000000   5.5107902447e+02   1.3428827203e+00   3.2370219605e+02
   3821.0000000000   5.5129634786e+02   1.3561837667e+00   3.2383091950e+02
   3822.0000000000   5.5151263560e+02   1.3693025946e+00   3.2395878845e+02
   3823.0000000000   5.5172803642e+02   1.3822484707e+00   3.2408600741e+02
   3824.0000000000   5.5195296897e+02   1.4050742656e+00   3.2421268854e+02
   3825.0000000000   5.5217114173e+02   1.4319037084e+00   3.2434894770e+02
   3826.0000000000   5.5238766052e+02   1.4517312685e+00   3.2447890632e+02
   3827.0000000000   5.5260304945e+02   1.4699461828e+00   3.2460751723e+02
   3828.0000000000   5.5281753086e+02   1.4872021864e+00   3.2473527614e+02
   3829.0000000000   5.5303123077e+02   1.5037783786e+00   3.2487243146e+02
   3830.0000000000   5.5325455126e+02   1.5298721697e+00   3.2500316660e+02
   3831.0000000000   5.5347118827e+02   1.5496508941e+00   3.2513246858e+02
   3832.0000000000   5.5368623790e+02   1.5680956584e+00   3.2527089846e+02
   3833.0000000000   5.5390021650e+02   1.5857206192e+00   3.2540274560e+02
   3834.0000000000   5.5411334013e+02   1.6027423609e+00   3.2553304729e+02
   3835.0000000000   5.5433604874e+02   1.6192816149e+00   3.2567239311e+02
   3836.0000000000   5.5456237615e+02   1.6354160027e+00   3.2580509045e+02
   3837.0000000000   5.5480170309e+02   1.6511999656e+00   3.2593618890e+02
   3838.0000000000   5.5502687446e+02   1.6666739903e+00   3.2606624243e+02
   3839.0000000000   5.5524869024e+02   1.6818694807e+00   3.2619549346e+02
   3840.0000000000   5.5546841881e+02   1.6968115796e+00   3.2632408084e+02
   3841.0000000000   5.5568660716e+02   1.7115209221e+00   3.2645209565e+02
   3842.0000000000   5.5590355952e+02   1.7360592570e+00   3.2657960275e+02
   3843.0000000000   5.5611946921e+02   1.7545128943e+00   3.2670665095e+02
   3844.0000000000   5.5633446983e+02   1.7818548545e+00   3.2683327849e+02
   3845.0000000000   5.5655897834e+02   1.8126792359e+00   3.2695951623e+02
   3846.0000000000   5.5678702483e+02   1.8361641356e+00   3.2708538970e+02
   3847.0000000000   5.5700735491e+02   1.8577937989e+00   3.2721092040e+02
   3848.0000000000   5.5722554663e+02   1.8782789115e+00   3.2733612671e+02
   3849.0000000000   5.5744230539e+02   1.8979360045e+00   3.2746102459e+02
   3850.0000000000   5.5765794596e+02   1.9169442273e+00   3.2759567249e+02
   3851.0000000000   5.5787264910e+02   1.9354185304e+00   3.2772415441e+02
   3852.0000000000   5.5808653336e+02   1.9534387620e+00   3.2786144172e+02
   3853.0000000000   5.5829968320e+02   1.9710635421e+00   3.2799208292e+02
   3854.0000000000   5.5852248146e+02   1.9883377056e+00   3.2814127268e+02
   3855.0000000000   5.5874893349e+02   2.0153411206e+00   3.2827772211e+02
   3856.0000000000   5.5896776635e+02   2.0361740522e+00   3.2841150640e+02
   3857.0000000000   5.5918454383e+02   2.0758649949e+00   3.2854369498e+02
   3858.0000000000   5.5939996015e+02   2.1030440257e+00   3.2867473600e+02
   3859.0000000000   5.5961432110e+02   2.1377851980e+00   3.2880487491e+02
   3860.0000000000   5.5983811923e+02   2.1652014405e+00   3.2893426604e+02
   3861.0000000000   5.6005510320e+02   2.1906382528e+00   3.2907305957e+02
   3862.0000000000   5.6027040273e+02   2.2147952743e+00   3.2920540395e+02
   3863.0000000000   5.6048455704e+02   2.2379985228e+00   3.2933627334e+02
   3864.0000000000   5.6070811755e+02   2.2604396681e+00   3.2947622491e+02
   3865.0000000000   5.6093517233e+02   2.2822454498e+00   3.2960954803e+02
   3866.0000000000   5.6116481463e+02   2.3035060240e+00   3.2974128165e+02
   3867.0000000000   5.6138627375e+02   2.3242888446e+00   3.2987197327e+02
   3868.0000000000   5.6160531376e+02   2.3446462971e+00   3.3000186128e+02
   3869.0000000000   5.6182273387e+02   2.3746647252e+00   3.3013108205e+02
   3870.0000000000   5.6203890330e+02   2.4084944540e+00   3.3025972506e+02
   3871.0000000000   5.6226435637e+02   2.4351514924e+00   3.3038785423e+02
   3872.0000000000   5.6248287098e+02   2.4600428050e+00   3.3051551783e+02
   3873.0000000000   5.6270991731e+02   2.4838369190e+00   3.3065279829e+02
   3874.0000000000   5.6292968687e+02   2.5068254239e+00   3.3078379801e+02
   3875.0000000000   5.6315779389e+02   2.5291719139e+00   3.3091345840e+02
   3876.0000000000   5.6338881613e+02   2.5509812905e+00   3.3104226801e+02
   3877.0000000000   5.6361172161e+02   2.5823712347e+00   3.3117042629e+02
   3878.0000000000   5.6383220541e+02   2.6074675320e+00   3.3129804215e+02
   3879.0000000000   5.6405104343e+02   2.6312279006e+00   3.3143522936e+02
   3880.0000000000   5.6426859669e+02   2.6541526970e+00   3.3156610806e+02
   3881.0000000000   5.6448507813e+02   2.6864946225e+00   3.3169563033e+02
   3882.0000000000   5.6470062973e+02   2.7124409201e+00   3.3182429145e+02
   3883.0000000000   5.6491535361e+02   2.7369820072e+00   3.3195229523e+02
   3884.0000000000   5.6512932721e+02   2.7606375048e+00   3.3207975349e+02
   3885.0000000000   5.6536324964e+02   2.7836278492e+00   3.3220673750e+02
   3886.0000000000   5.6558444261e+02   2.8060768514e+00   3.3233329713e+02
   3887.0000000000   5.6580304764e+02   2.8280647845e+00   3.3245946953e+02
   3888.0000000000   5.6603037788e+02   2.8496484675e+00   3.3258528368e+02
   3889.0000000000   5.6625047082e+02   2.8708705652e+00   3.3271076293e+02
   3890.0000000000   5.6648923132e+02   2.9018089720e+00   3.3283592665e+02
   3891.0000000000   5.6671454727e+02   2.9265623200e+00   3.3296079119e+02
   3892.0000000000   5.6693679891e+02   2.9500688678e+00   3.3308537064e+02
   3893.0000000000   5.6715711022e+02   2.9728144862e+00   3.3320967727e+02
   3894.0000000000   5.6737596294e+02   2.9949962878e+00   3.3334376639e+02
   3895.0000000000   5.6759362741e+02   3.0167211631e+00   3.3347171926e+02
   3896.0000000000   5.6782059682e+02   3.0380566438e+00   3.3360850490e+02
   3897.0000000000   5.6805094847e+02   3.0590496672e+00   3.3373866972e+02
   3898.0000000000   5.6827345947e+02   3.0797350482e+00   3.3386731763e+02
   3899.0000000000   5.6849373011e+02   3.1001398469e+00   3.3399501489e+02
   3900.0000000000   5.6871248218e+02   3.1202858455e+00   3.3412200352e+02
   3901.0000000000   5.6893004293e+02   3.1502355307e+00   3.3424841777e+02
   3902.0000000000   5.6914660291e+02   3.1740757299e+00   3.3437434287e+02
   3903.0000000000   5.6936228851e+02   3.2067798616e+00   3.3450988219e+02
   3904.0000000000   5.6957719063e+02   3.2328978845e+00   3.3464919500e+02
   3905.0000000000   5.6979137836e+02   3.2575365868e+00   3.3478130181e+02
   3906.0000000000   5.7001522538e+02   3.2812646318e+00   3.3491161162e+02
   3907.0000000000   5.7023241234e+02   3.3043260329e+00   3.3504079352e+02
   3908.0000000000   5.7044802661e+02   3.3268567281e+00   3.3517918330e+02
   3909.0000000000   5.7066257943e+02   3.3489433819e+00   3.3531101541e+02
   3910.0000000000   5.7088660292e+02   3.3706461172e+00   3.3544130956e+02
   3911.0000000000   5.7110385225e+02   3.4020536300e+00   3.3558064922e+02
   3912.0000000000   5.7131945530e+02   3.4272714893e+00   3.3571333981e+02
   3913.0000000000   5.7153394735e+02   3.4612869906e+00   3.3584443056e+02
   3914.0000000000   5.7174755665e+02   3.4886606579e+00   3.3597447572e+02
   3915.0000000000   5.7196041232e+02   3.5145075080e+00   3.3610371827e+02
   3916.0000000000   5.7219323705e+02   3.5394027363e+00   3.3624234212e+02
   3917.0000000000   5.7241336358e+02   3.5635956267e+00   3.3638455504e+02
   3918.0000000000   5.7263093837e+02   3.5872264282e+00   3.3651940989e+02
   3919.0000000000   5.7284695729e+02   3.6204298492e+00   3.3665233879e+02
   3920.0000000000   5.7306182182e+02   3.6473406103e+00   3.3678402821e+02
   3921.0000000000   5.7328606667e+02   3.6829657990e+00   3.3691478304e+02
   3922.0000000000   5.7350346263e+02   3.7118800856e+00   3.3704477696e+02
   3923.0000000000   5.7371915240e+02   3.7392090081e+00   3.3717412277e+02
   3924.0000000000   5.7393368333e+02   3.7655358376e+00   3.3731294441e+02
   3925.0000000000   5.7416793136e+02   3.7911162174e+00   3.3744537272e+02
   3926.0000000000   5.7439962443e+02   3.8160955118e+00   3.3757636961e+02
   3927.0000000000   5.7462258962e+02   3.8405681432e+00   3.3770643889e+02
   3928.0000000000   5.7485322083e+02   3.8746451766e+00   3.3783579173e+02
   3929.0000000000   5.7507605524e+02   3.9124923731e+00   3.3796454625e+02
   3930.0000000000   5.7529655898e+02   3.9431358153e+00   3.3810282362e+02
   3931.0000000000   5.7552577169e+02   3.9719892678e+00   3.3823475000e+02
   3932.0000000000   5.7574767274e+02   3.9997259713e+00   3.3836528246e+02
   3933.0000000000   5.7597783804e+02   4.0266408523e+00   3.3851500940e+02
   3934.0000000000   5.7621084208e+02   4.0629443809e+00   3.3865228137e+02
   3935.0000000000   5.7643565838e+02   4.0928148222e+00   3.3879708940e+02
   3936.0000000000   5.7666830847e+02   4.1212425445e+00   3.3894455737e+02
   3937.0000000000   5.7689321161e+02   4.1487496360e+00   3.3908408659e+02
   3938.0000000000   5.7711578553e+02   4.1755595381e+00   3.3922128454e+02
   3939.0000000000   5.7733672856e+02   4.2017989600e+00   3.3935693993e+02
   3940.0000000000   5.7755637335e+02   4.2275507735e+00   3.3949142310e+02
   3941.0000000000   5.7777492155e+02   4.2629185364e+00   3.3962495249e+02
   3942.0000000000   5.7799251079e+02   4.2920184768e+00   3.3975767301e+02
   3943.0000000000   5.7821956116e+02   4.3198015617e+00   3.3988968807e+02
   3944.0000000000   5.7843978656e+02   4.3467632087e+00   3.4002107532e+02
   3945.0000000000   5.7865829928e+02   4.3731079261e+00   3.4015189526e+02
   3946.0000000000   5.7888594896e+02   4.3989484764e+00   3.4028219645e+02
   3947.0000000000   5.7911691912e+02   4.4243571484e+00   3.4041201872e+02
   3948.0000000000   5.7934002763e+02   4.4493847985e+00   3.4054139538e+02
   3949.0000000000   5.7956089230e+02   4.4740695163e+00   3.4067035471e+02
   3950.0000000000   5.7979056186e+02   4.4984411321e+00   3.4079892105e+02
   3951.0000000000   5.8002332229e+02   4.5426127434e+00   3.4092711558e+02
   3952.0000000000   5.8024805191e+02   4.5747476272e+00   3.4105495691e+02
   3953.0000000000   5.8047040744e+02   4.6046945127e+00   3.4119250600e+02
   3954.0000000000   5.8069114512e+02   4.6334019366e+00   3.4132384918e+02
   3955.0000000000   5.8091061473e+02   4.6612444111e+00   3.4145391554e+02
   3956.0000000000   5.8112902227e+02   4.6884187302e+00   3.4158318400e+02
   3957.0000000000   5.8135682427e+02   4.7150451441e+00   3.4172189078e+02
   3958.0000000000   5.8157775594e+02   4.7412044774e+00   3.4185421017e+02
   3959.0000000000   5.8180726194e+02   4.7669547619e+00   3.4198512225e+02
   3960.0000000000   5.8202951757e+02   4.7923397324e+00   3.4212518274e+02
   3961.0000000000   5.8224980729e+02   4.8173935906e+00   3.4226872129e+02
   3962.0000000000   5.8246874634e+02   4.8421438727e+00   3.4240484348e+02
   3963.0000000000   5.8268661125e+02   4.8666132739e+00   3.4253900764e+02
   3964.0000000000   5.8290356355e+02   4.8908208617e+00   3.4267191438e+02
   3965.0000000000   5.8311971105e+02   4.9147829140e+00   3.4280387658e+02
   3966.0000000000   5.8333513183e+02   4.9385135156e+00   3.4293507261e+02
   3967.0000000000   5.8356020471e+02   4.9620249946e+00   3.4306561799e+02
   3968.0000000000   5.8377861338e+02   4.9953727222e+00   3.4319559379e+02
   3969.0000000000   5.8399544708e+02   5.0226380250e+00   3.4333510463e+02
   3970.0000000000   5.8421121827e+02   5.0587899724e+00   3.4346826859e+02
   3971.0000000000   5.8442614071e+02   5.0883750182e+00   3.4360003862e+02
   3972.0000000000   5.8465065304e+02   5.1164970789e+00   3.4373091198e+02
   3973.0000000000   5.8486846929e+02   5.1437224317e+00   3.4386109480e+02
   3974.0000000000   5.8508469552e+02   5.1702930824e+00   3.4400074579e+02
   3975.0000000000   5.8529985398e+02   5.1963432614e+00   3.4413401011e+02
   3976.0000000000   5.8552448348e+02   5.2219581668e+00   3.4427590007e+02
   3977.0000000000   5.8575266249e+02   5.2471966513e+00   3.4441099331e+02
   3978.0000000000   5.8597315761e+02   5.2821463026e+00   3.4454441729e+02
   3979.0000000000   5.8619155602e+02   5.3109117160e+00   3.4467675665e+02
   3980.0000000000   5.8640856666e+02   5.3484793263e+00   3.4481831261e+02
   3981.0000000000   5.8662450503e+02   5.3794088921e+00   3.4495330309e+02
   3982.0000000000   5.8684987030e+02   5.4188592208e+00   3.4508673924e+02
   3983.0000000000   5.8706841575e+02   5.4514765048e+00   3.4521915538e+02
   3984.0000000000   5.8729559351e+02   5.4924698164e+00   3.4535078282e+02
   3985.0000000000   5.8751558135e+02   5.5365619394e+00   3.4548175366e+02
   3986.0000000000   5.8773366364e+02   5.5730110020e+00   3.4561215463e+02
   3987.0000000000   5.8796077338e+02   5.6073552811e+00   3.4575209221e+02
   3988.0000000000   5.8818082126e+02   5.6503885448e+00   3.4588568489e+02
   3989.0000000000   5.8839901679e+02   5.6865277030e+00   3.4601788548e+02
   3990.0000000000   5.8861594513e+02   5.7208899129e+00   3.4614919089e+02
   3991.0000000000   5.8884218689e+02   5.7540745609e+00   3.4627980691e+02
   3992.0000000000   5.8906153093e+02   5.7964009426e+00   3.4640984737e+02
   3993.0000000000   5.8927912948e+02   5.8321036293e+00   3.4653938553e+02
   3994.0000000000   5.8949553604e+02   5.8662080792e+00   3.4666847310e+02
   3995.0000000000   5.8971099277e+02   5.8992606899e+00   3.4679714892e+02
   3996.0000000000   5.8993595881e+02   5.9315028837e+00   3.4692544352e+02
   3997.0000000000   5.9016448259e+02   5.9630752623e+00   3.4706342616e+02
   3998.0000000000   5.9039563705e+02   5.9940717673e+00   3.4719518910e+02
   3999.0000000000   5.9061863999e+02   6.0245605097e+00   3.4733571022e+02
   4000.0000000000   5.9084956747e+02   6.0545936017e+00   3.4746954324e+02
   4001.0000000000   5.9107285026e+02   6.0842124559e+00   3.4760179816e+02
   4002.0000000000   5.9130422381e+02   6.1134509219e+00   3.4773304642e+02
   4003.0000000000   5.9154865521e+02   6.1423372741e+00   3.4787357895e+02
   4004.0000000000   5.9177879297e+02   6.1708955418e+00   3.4800760546e+02
   4005.0000000000   5.9200541231e+02   6.1991464365e+00   3.4814013043e+02
   4006.0000000000   5.9222978987e+02   6.2271080203e+00   3.4827168268e+02
   4007.0000000000   5.9246280693e+02   6.2547962021e+00   3.4840248887e+02
   4008.0000000000   5.9268841944e+02   6.2822251143e+00   3.4853267718e+02
   4009.0000000000   5.9292220426e+02   6.3094074047e+00   3.4866233099e+02
   4010.0000000000   5.9314842330e+02   6.3363544662e+00   3.4879150940e+02
   4011.0000000000   5.9337242130e+02   6.3630766205e+00   3.4893030124e+02
   4012.0000000000   5.9360517659e+02   6.3895832674e+00   3.4906281282e+02
   4013.0000000000   5.9383063501e+02   6.4158830064e+00   3.4919398801e+02
   4014.0000000000   5.9405403408e+02   6.4419837383e+00   3.4932431692e+02
   4015.0000000000   5.9427598178e+02   6.4678927490e+00   3.4945399996e+02
   4016.0000000000   5.9449675847e+02   6.5036612550e+00   3.4959319110e+02
   4017.0000000000   5.9472685184e+02   6.5333671259e+00   3.4972603159e+02
   4018.0000000000   5.9496033253e+02   6.5719765307e+00   3.4985748598e+02
   4019.0000000000   5.9518597229e+02   6.6040334712e+00   3.4998805747e+02
   4020.0000000000   5.9541968661e+02   6.6446842500e+00   3.5011795523e+02
   4021.0000000000   5.9564583065e+02   6.6785649663e+00   3.5025733932e+02
   4022.0000000000   5.9586978010e+02   6.7108319526e+00   3.5039035541e+02
   4023.0000000000   5.9609220402e+02   6.7521295289e+00   3.5052197127e+02
   4024.0000000000   5.9631341388e+02   6.7867942119e+00   3.5065269258e+02
   4025.0000000000   5.9653359547e+02   6.8198924676e+00   3.5078273043e+02
   4026.0000000000   5.9675287429e+02   6.8519885742e+00   3.5091220190e+02
   4027.0000000000   5.9697134186e+02   6.8833315054e+00   3.5105122671e+02
   4028.0000000000   5.9719938749e+02   6.9140643617e+00   3.5118392937e+02
   4029.0000000000   5.9743102238e+02   6.9442809887e+00   3.5131526526e+02
   4030.0000000000   5.9765497880e+02   6.9740480481e+00   3.5144573221e+02
   4031.0000000000   5.9787682518e+02   7.0034155121e+00   3.5157553596e+02
   4032.0000000000   5.9809725984e+02   7.0324223293e+00   3.5170478989e+02
   4033.0000000000   5.9831659226e+02   7.0711442428e+00   3.5183356648e+02
   4034.0000000000   5.9853499922e+02   7.1036785589e+00   3.5197196104e+02
   4035.0000000000   5.9875259621e+02   7.1349626648e+00   3.5210408313e+02
   4036.0000000000   5.9896946538e+02   7.1654818176e+00   3.5223487819e+02
   4037.0000000000   5.9918566869e+02   7.1954326669e+00   3.5236483705e+02
   4038.0000000000   5.9942189304e+02   7.2249217306e+00   3.5249416036e+02
   4039.0000000000   5.9964545031e+02   7.2540162239e+00   3.5262295758e+02
   4040.0000000000   5.9986647402e+02   7.2827628032e+00   3.5275129816e+02
   4041.0000000000   6.0008595165e+02   7.3111960265e+00   3.5288927499e+02
   4042.0000000000   6.0031459811e+02   7.3493871881e+00   3.5303104010e+02
   4043.0000000000   6.0053626135e+02   7.3814294540e+00   3.5316560894e+02
   4044.0000000000   6.0075612359e+02   7.4223009626e+00   3.5329838683e+02
   4045.0000000000   6.0098507418e+02   7.4565552856e+00   3.5343004019e+02
   4046.0000000000   6.0120700142e+02   7.4993465136e+00   3.5356085837e+02
   4047.0000000000   6.0142710186e+02   7.5453616512e+00   3.5369100271e+02
   4048.0000000000   6.0165627159e+02   7.5838340200e+00   3.5382057599e+02
   4049.0000000000   6.0188872189e+02   7.6202838810e+00   3.5395969387e+02
   4050.0000000000   6.0212360715e+02   7.6554469714e+00   3.5409248028e+02
   4051.0000000000   6.0235019264e+02   7.6997025722e+00   3.5423393571e+02
   4052.0000000000   6.0257426587e+02   7.7373152765e+00   3.5436863057e+02
   4053.0000000000   6.0279664245e+02   7.7733266850e+00   3.5450168752e+02
   4054.0000000000   6.0302802272e+02   7.8082922074e+00   3.5463368787e+02
   4055.0000000000   6.0326258630e+02   7.8424583485e+00   3.5476488587e+02
   4056.0000000000   6.0349948765e+02   7.8759685192e+00   3.5489542588e+02
   4057.0000000000   6.0374863767e+02   7.9089181093e+00   3.5503544608e+02
   4058.0000000000   6.0399342392e+02   7.9413758439e+00   3.5516908417e+02
   4059.0000000000   6.0422840689e+02   7.9834384062e+00   3.5530130532e+02
   4060.0000000000   6.0445998487e+02   8.0192185950e+00   3.5544265933e+02
   4061.0000000000   6.0469955911e+02   8.0637101787e+00   3.5557742945e+02
   4062.0000000000   6.0493129666e+02   8.1014794526e+00   3.5571064964e+02
   4063.0000000000   6.0516056772e+02   8.1376465769e+00   3.5584286319e+02
   4064.0000000000   6.0539838608e+02   8.1727913361e+00   3.5598434950e+02
   4065.0000000000   6.0562872848e+02   8.2071671183e+00   3.5611931354e+02
   4066.0000000000   6.0585685747e+02   8.2409178536e+00   3.5625275815e+02
   4067.0000000000   6.0608340107e+02   8.2841815621e+00   3.5638521202e+02
   4068.0000000000   6.0631897493e+02   8.3210959536e+00   3.5651690241e+02
   4069.0000000000   6.0654739694e+02   8.3566263486e+00   3.5665800286e+02
   4070.0000000000   6.0677384367e+02   8.3912782659e+00   3.5679266945e+02
   4071.0000000000   6.0699888928e+02   8.4353080902e+00   3.5692587822e+02
   4072.0000000000   6.0723311275e+02   8.4729057998e+00   3.5705814154e+02
   4073.0000000000   6.0747062465e+02   8.5191083855e+00   3.5718967602e+02
   4074.0000000000   6.0770021791e+02   8.5585087352e+00   3.5732060336e+02
   4075.0000000000   6.0792750174e+02   8.5962444923e+00   3.5745100274e+02
   4076.0000000000   6.0817384188e+02   8.6329075234e+00   3.5758093039e+02
   4077.0000000000   6.0840684212e+02   8.6788043731e+00   3.5771042877e+02
   4078.0000000000   6.0863679694e+02   8.7181570248e+00   3.5783953124e+02
   4079.0000000000   6.0887511416e+02   8.7559798012e+00   3.5796826494e+02
   4080.0000000000   6.0910589500e+02   8.7928095789e+00   3.5809665241e+02
   4081.0000000000   6.0934477083e+02   8.8288797221e+00   3.5822471280e+02
   4082.0000000000   6.0957602746e+02   8.8643240195e+00   3.5835246259e+02
   4083.0000000000   6.0980502125e+02   8.8992306359e+00   3.5847991617e+02
   4084.0000000000   6.1003241742e+02   8.9336627622e+00   3.5860708624e+02
   4085.0000000000   6.1025852898e+02   8.9676682978e+00   3.5874402859e+02
   4086.0000000000   6.1048354510e+02   9.0113295029e+00   3.5888486944e+02
   4087.0000000000   6.1070759522e+02   9.0487486996e+00   3.5901860546e+02
   4088.0000000000   6.1093077469e+02   9.0848673013e+00   3.5915062780e+02
   4089.0000000000   6.1116347649e+02   9.1201739038e+00   3.5928159192e+02
   4090.0000000000   6.1138939606e+02   9.1548679956e+00   3.5943186741e+02
   4091.0000000000   6.1161363258e+02   9.1890585559e+00   3.5956975182e+02
   4092.0000000000   6.1183670695e+02   9.2228149667e+00   3.5970517390e+02
   4093.0000000000   6.1205884027e+02   9.2561858153e+00   3.5983913395e+02
   4094.0000000000   6.1229047756e+02   9.2892073972e+00   3.5997204202e+02
   4095.0000000000   6.1251533846e+02   9.3319525828e+00   3.6010412036e+02
   4096.0000000000   6.1273853400e+02   9.3685159772e+00   3.6023550809e+02
   4097.0000000000   6.1296059087e+02   9.4038325665e+00   3.6037634491e+02
   4098.0000000000   6.1318173278e+02   9.4383855310e+00   3.6052081616e+02
   4099.0000000000   6.1341240565e+02   9.4723697496e+00   3.6065796197e+02
   4100.0000000000   6.1363632907e+02   9.5058902420e+00   3.6079320660e+02
   4101.0000000000   6.1385861348e+02   9.5390129615e+00   3.6092723131e+02
   4102.0000000000   6.1407978470e+02   9.5717835053e+00   3.6106033735e+02
   4103.0000000000   6.1433102270e+02   9.6142800173e+00   3.6119269580e+02
   4104.0000000000   6.1456336163e+02   9.6506001862e+00   3.6132441745e+02
   4105.0000000000   6.1479203466e+02   9.6856808155e+00   3.6145558024e+02
   4106.0000000000   6.1501854007e+02   9.7200061376e+00   3.6158624221e+02
   4107.0000000000   6.1525379947e+02   9.7537716056e+00   3.6171644837e+02
   4108.0000000000   6.1549208988e+02   9.7870825078e+00   3.6184623479e+02
   4109.0000000000   6.1573261616e+02   9.8200048680e+00   3.6197563109e+02
   4110.0000000000   6.1596467997e+02   9.8626286979e+00   3.6210466204e+02
   4111.0000000000   6.1619409540e+02   9.8990591345e+00   3.6223334876e+02
   4112.0000000000   6.1642169792e+02   9.9442823993e+00   3.6236170945e+02
   4113.0000000000   6.1664788404e+02   9.9828577573e+00   3.6248976000e+02
   4114.0000000000   6.1687289016e+02   1.0029943449e+01   3.6262755892e+02
   4115.0000000000   6.1709687482e+02   1.0070185117e+01   3.6275919027e+02
   4116.0000000000   6.1731995246e+02   1.0108746862e+01   3.6288958109e+02
   4117.0000000000   6.1754220996e+02   1.0146234955e+01   3.6302925287e+02
   4118.0000000000   6.1776371577e+02   1.0182919680e+01   3.6316246724e+02
   4119.0000000000   6.1799484446e+02   1.0218956191e+01   3.6329424117e+02
   4120.0000000000   6.1821927816e+02   1.0254445715e+01   3.6342510435e+02
   4121.0000000000   6.1844210596e+02   1.0289459719e+01   3.6355528060e+02
   4122.0000000000   6.1866384084e+02   1.0324051468e+01   3.6368489411e+02
   4123.0000000000   6.1888469752e+02   1.0358262266e+01   3.6381402418e+02
   4124.0000000000   6.1910479663e+02   1.0392125131e+01   3.6394272603e+02
   4125.0000000000   6.1933453634e+02   1.0425667098e+01   3.6407104050e+02
   4126.0000000000   6.1955760971e+02   1.0458910743e+01   3.6420904357e+02
   4127.0000000000   6.1977911066e+02   1.0491875229e+01   3.6434083205e+02
   4128.0000000000   6.1999955390e+02   1.0524577040e+01   3.6447134243e+02
   4129.0000000000   6.2021915418e+02   1.0557030528e+01   3.6460105893e+02
   4130.0000000000   6.2044835045e+02   1.0589248313e+01   3.6474022164e+02
   4131.0000000000   6.2069149483e+02   1.0621241590e+01   3.6487300763e+02
   4132.0000000000   6.2092096532e+02   1.0653020368e+01   3.6500439904e+02
   4133.0000000000   6.2115770340e+02   1.0684593656e+01   3.6513490855e+02
   4134.0000000000   6.2139684300e+02   1.0726014087e+01   3.6527479525e+02
   4135.0000000000   6.2162756491e+02   1.0761360702e+01   3.6540824958e+02
   4136.0000000000   6.2185566945e+02   1.0805600641e+01   3.6554026339e+02
   4137.0000000000   6.2208199215e+02   1.0843278716e+01   3.6567135673e+02
   4138.0000000000   6.2230693084e+02   1.0879497433e+01   3.6581179433e+02
   4139.0000000000   6.2253072269e+02   1.0924866321e+01   3.6594577111e+02
   4140.0000000000   6.2276384537e+02   1.0963697933e+01   3.6607828251e+02
   4141.0000000000   6.2300036811e+02   1.1011085905e+01   3.6620985152e+02
   4142.0000000000   6.2322906339e+02   1.1051653175e+01   3.6634070083e+02
   4143.0000000000   6.2345552870e+02   1.1090554602e+01   3.6647095579e+02
   4144.0000000000   6.2368048397e+02   1.1128392361e+01   3.6660069769e+02
   4145.0000000000   6.2390425522e+02   1.1165434831e+01   3.6672998404e+02
   4146.0000000000   6.2412703208e+02   1.1201836248e+01   3.6685885793e+02
   4147.0000000000   6.2434894025e+02   1.1237697385e+01   3.6699739753e+02
   4148.0000000000   6.2457007006e+02   1.1273089476e+01   3.6712970160e+02
   4149.0000000000   6.2479049015e+02   1.1308065654e+01   3.6726070846e+02
   4150.0000000000   6.2503089292e+02   1.1342667135e+01   3.6739090396e+02
   4151.0000000000   6.2525859481e+02   1.1376926862e+01   3.6752048517e+02
   4152.0000000000   6.2548373315e+02   1.1410871802e+01   3.6764955889e+02
   4153.0000000000   6.2570729866e+02   1.1444524453e+01   3.6777819256e+02
   4154.0000000000   6.2592968992e+02   1.1487948366e+01   3.6790643300e+02
   4155.0000000000   6.2615112108e+02   1.1525231547e+01   3.6803431492e+02
   4156.0000000000   6.2638204522e+02   1.1571348591e+01   3.6816186524e+02
   4157.0000000000   6.2660619077e+02   1.1610850575e+01   3.6828910565e+02
   4158.0000000000   6.2682867586e+02   1.1648845323e+01   3.6841605403e+02
   4159.0000000000   6.2705003253e+02   1.1695946917e+01   3.6854272549e+02
   4160.0000000000   6.2728080754e+02   1.1736471838e+01   3.6866913302e+02
   4161.0000000000   6.2750476669e+02   1.1775472663e+01   3.6880533238e+02
   4162.0000000000   6.2772704575e+02   1.1813503700e+01   3.6893540515e+02
   4163.0000000000   6.2794818605e+02   1.1850806565e+01   3.6907432054e+02
   4164.0000000000   6.2817873955e+02   1.1887518802e+01   3.6920662508e+02
   4165.0000000000   6.2841279430e+02   1.1923729980e+01   3.6933742271e+02
   4166.0000000000   6.2863912413e+02   1.1959503410e+01   3.6946727971e+02
   4167.0000000000   6.2886332185e+02   1.1994886406e+01   3.6959643807e+02
   4168.0000000000   6.2909641996e+02   1.2029915780e+01   3.6972503198e+02
   4169.0000000000   6.2932237373e+02   1.2064621061e+01   3.6986319108e+02
   4170.0000000000   6.2955673558e+02   1.2109070989e+01   3.6999504578e+02
   4171.0000000000   6.2978374102e+02   1.2147357511e+01   3.7013559950e+02
   4172.0000000000   6.3000871101e+02   1.2194458282e+01   3.7027946821e+02
   4173.0000000000   6.3023228428e+02   1.2234926808e+01   3.7041584633e+02
   4174.0000000000   6.3045475308e+02   1.2283917346e+01   3.7055023058e+02
   4175.0000000000   6.3067628984e+02   1.2326072721e+01   3.7069338594e+02
   4176.0000000000   6.3089701007e+02   1.2366555007e+01   3.7082970839e+02
   4177.0000000000   6.3111699742e+02   1.2405968986e+01   3.7098438828e+02
   4178.0000000000   6.3133631570e+02   1.2444583841e+01   3.7113620049e+02
   4179.0000000000   6.3155501546e+02   1.2482553899e+01   3.7127931351e+02
   4180.0000000000   6.3178345702e+02   1.2519979758e+01   3.7141973223e+02
   4181.0000000000   6.3200531090e+02   1.2556932406e+01   3.7155838851e+02
   4182.0000000000   6.3222565656e+02   1.2593464737e+01   3.7170576728e+02
   4183.0000000000   6.3244499889e+02   1.2629617765e+01   3.7184619916e+02
   4184.0000000000   6.3266354568e+02   1.2665424283e+01   3.7198477091e+02
   4185.0000000000   6.3290204979e+02   1.2700911146e+01   3.7212207077e+02
   4186.0000000000   6.3312785733e+02   1.2736100788e+01   3.7225837019e+02
   4187.0000000000   6.3335112122e+02   1.2771012256e+01   3.7239383217e+02
   4188.0000000000   6.3357284050e+02   1.2805661941e+01   3.7253861233e+02
   4189.0000000000   6.3379341818e+02   1.2850108593e+01   3.7268690844e+02
   4190.0000000000   6.3401307058e+02   1.2898480851e+01   3.7282777099e+02
   4191.0000000000   6.3424225163e+02   1.2939777333e+01   3.7296663315e+02
   4192.0000000000   6.3446468979e+02   1.2979390819e+01   3.7310418403e+02
   4193.0000000000   6.3468550277e+02   1.3017978099e+01   3.7324073177e+02
   4194.0000000000   6.3491554100e+02   1.3055820928e+01   3.7337645361e+02
   4195.0000000000   6.3513866736e+02   1.3103119043e+01   3.7351146584e+02
   4196.0000000000   6.3536006084e+02   1.3154086306e+01   3.7364585134e+02
   4197.0000000000   6.3558028564e+02   1.3197777263e+01   3.7377967261e+02
   4198.0000000000   6.3580990723e+02   1.3239623572e+01   3.7391297870e+02
   4199.0000000000   6.3603270312e+02   1.3280310240e+01   3.7404580934e+02
   4200.0000000000   6.3625381670e+02   1.3330184673e+01   3.7417819746e+02
   4201.0000000000   6.3648411353e+02   1.3373490077e+01   3.7431017092e+02
   4202.0000000000   6.3670746620e+02   1.3425297448e+01   3.7446184253e+02
   4203.0000000000   6.3692906030e+02   1.3470222755e+01   3.7461142076e+02
   4204.0000000000   6.3714946477e+02   1.3513420019e+01   3.7475282721e+02
   4205.0000000000   6.3738956770e+02   1.3555493123e+01   3.7489192782e+02
   4206.0000000000   6.3762710449e+02   1.3596713195e+01   3.7502956576e+02
   4207.0000000000   6.3785590707e+02   1.3637237582e+01   3.7516612044e+02
   4208.0000000000   6.3808205361e+02   1.3677170205e+01   3.7530180662e+02
   4209.0000000000   6.3831676658e+02   1.3716585340e+01   3.7543676196e+02
   4210.0000000000   6.3855441879e+02   1.3755538986e+01   3.7558112654e+02
   4211.0000000000   6.3879425782e+02   1.3794075026e+01   3.7571904225e+02
   4212.0000000000   6.3902560820e+02   1.3832228868e+01   3.7585547888e+02
   4213.0000000000   6.3927493590e+02   1.3870029746e+01   3.7599094610e+02
   4214.0000000000   6.3951035752e+02   1.3917546723e+01   3.7612565953e+02
   4215.0000000000   6.3974237618e+02   1.3958872406e+01   3.7625974081e+02
   4216.0000000000   6.3997219201e+02   1.3998940822e+01   3.7640331395e+02
   4217.0000000000   6.4020033833e+02   1.4038234803e+01   3.7654050742e+02
   4218.0000000000   6.4043744160e+02   1.4086993708e+01   3.7667628025e+02
   4219.0000000000   6.4066733982e+02   1.4129394383e+01   3.7684126698e+02
   4220.0000000000   6.4089522680e+02   1.4170418978e+01   3.7699793567e+02
   4221.0000000000   6.4114232820e+02   1.4210580431e+01   3.7714522163e+02
   4222.0000000000   6.4137618614e+02   1.4250093700e+01   3.7728951658e+02
   4223.0000000000   6.4162770222e+02   1.4289078042e+01   3.7743188319e+02
   4224.0000000000   6.4187553942e+02   1.4327609910e+01   3.7757282063e+02
   4225.0000000000   6.4212420859e+02   1.4365742884e+01   3.7772266299e+02
   4226.0000000000   6.4237393054e+02   1.4403516861e+01   3.7786567032e+02
   4227.0000000000   6.4263504728e+02   1.4440962876e+01   3.7800689062e+02
   4228.0000000000   6.4288085514e+02   1.4478105885e+01   3.7814688847e+02
   4229.0000000000   6.4312241718e+02   1.4525010949e+01   3.7828591978e+02
   4230.0000000000   6.4336117365e+02   1.4565767018e+01   3.7842413679e+02
   4231.0000000000   6.4360811138e+02   1.4605304808e+01   3.7856164288e+02
   4232.0000000000   6.4384726002e+02   1.4644104167e+01   3.7869851398e+02
   4233.0000000000   6.4408393164e+02   1.4682357296e+01   3.7883480874e+02
   4234.0000000000   6.4431879367e+02   1.4720167013e+01   3.7898061858e+02
   4235.0000000000   6.4455217357e+02   1.4777686372e+01   3.7913009822e+02
   4236.0000000000   6.4478427752e+02   1.4823102617e+01   3.7927226754e+02
   4237.0000000000   6.4501525149e+02   1.4876324263e+01   3.7941253702e+02
   4238.0000000000   6.4524520597e+02   1.4922381708e+01   3.7955157842e+02
   4239.0000000000   6.4547422835e+02   1.4966572441e+01   3.7968968630e+02
   4240.0000000000   6.4570238989e+02   1.5009565275e+01   3.7983707150e+02
   4241.0000000000   6.4594006914e+02   1.5051665027e+01   3.7997791310e+02
   4242.0000000000   6.4618127185e+02   1.5093048029e+01   3.8011720260e+02
   4243.0000000000   6.4641472794e+02   1.5143873958e+01   3.8025546338e+02
   4244.0000000000   6.4664600537e+02   1.5188295642e+01   3.8039292030e+02
   4245.0000000000   6.4687580312e+02   1.5241333778e+01   3.8052970155e+02
   4246.0000000000   6.4710443203e+02   1.5287573568e+01   3.8066589147e+02
   4247.0000000000   6.4733207061e+02   1.5332148890e+01   3.8081159512e+02
   4248.0000000000   6.4755883633e+02   1.5375649754e+01   3.8095093021e+02
   4249.0000000000   6.4778481342e+02   1.5418337343e+01   3.8108884915e+02
   4250.0000000000   6.4801006594e+02   1.5460361635e+01   3.8122584876e+02
   4251.0000000000   6.4823464475e+02   1.5511865425e+01   3.8136213493e+02
   4252.0000000000   6.4846891059e+02   1.5556990241e+01   3.8150786622e+02
   4253.0000000000   6.4869653459e+02   1.5600704498e+01   3.8164718784e+02
   4254.0000000000   6.4893291608e+02   1.5643516248e+01   3.8178506774e+02
   4255.0000000000   6.4917251605e+02   1.5685639494e+01   3.8192201218e+02
   4256.0000000000   6.4940422968e+02   1.5727194355e+01   3.8205823302e+02
   4257.0000000000   6.4963370269e+02   1.5768258948e+01   3.8219384828e+02
   4258.0000000000   6.4986167561e+02   1.5808888848e+01   3.8233897870e+02
   4259.0000000000   6.5008848305e+02   1.5849126025e+01   3.8248779430e+02
   4260.0000000000   6.5031431771e+02   1.5889003545e+01   3.8262932314e+02
   4261.0000000000   6.5053930561e+02   1.5928548296e+01   3.8277902443e+02
   4262.0000000000   6.5078417432e+02   1.5967782669e+01   3.8292164351e+02
   4263.0000000000   6.5102658223e+02   1.6006725677e+01   3.8307243595e+02
   4264.0000000000   6.5128095661e+02   1.6045393708e+01   3.8322615102e+02
   4265.0000000000   6.5152062175e+02   1.6083801073e+01   3.8337206396e+02
   4266.0000000000   6.5176688363e+02   1.6121960403e+01   3.8351572507e+02
   4267.0000000000   6.5200474382e+02   1.6159882946e+01   3.8365789269e+02
   4268.0000000000   6.5223985816e+02   1.6207623271e+01   3.8379891924e+02
   4269.0000000000   6.5247304948e+02   1.6249262113e+01   3.8393901180e+02
   4270.0000000000   6.5270472447e+02   1.6289723634e+01   3.8407830766e+02
   4271.0000000000   6.5293513248e+02   1.6329482365e+01   3.8421690493e+02
   4272.0000000000   6.5317476288e+02   1.6378770611e+01   3.8437496640e+02
   4273.0000000000   6.5340737607e+02   1.6421759163e+01   3.8452069298e+02
   4274.0000000000   6.5363811729e+02   1.6463424938e+01   3.8466396283e+02
   4275.0000000000   6.5386754138e+02   1.6504276309e+01   3.8480574804e+02
   4276.0000000000   6.5409589516e+02   1.6554568704e+01   3.8494644241e+02
   4277.0000000000   6.5432332454e+02   1.6608533934e+01   3.8508625876e+02
   4278.0000000000   6.5454992883e+02   1.6655232797e+01   3.8523537534e+02
   4279.0000000000   6.5478610061e+02   1.6700098897e+01   3.8537795611e+02
   4280.0000000000   6.5502585243e+02   1.6743817447e+01   3.8551898495e+02
   4281.0000000000   6.5527855533e+02   1.6786690865e+01   3.8565898122e+02
   4282.0000000000   6.5552736931e+02   1.6828889941e+01   3.8579816762e+02
   4283.0000000000   6.5576672945e+02   1.6870524430e+01   3.8593667120e+02
   4284.0000000000   6.5600295495e+02   1.6911670842e+01   3.8607457578e+02
   4285.0000000000   6.5624739301e+02   1.6952385599e+01   3.8621194173e+02
   4286.0000000000   6.5648417166e+02   1.6992712069e+01   3.8634881513e+02
   4287.0000000000   6.5672895092e+02   1.7032684662e+01   3.8648523264e+02
   4288.0000000000   6.5696603898e+02   1.7072331381e+01   3.8662122430e+02
   4289.0000000000   6.5720080880e+02   1.7121719953e+01   3.8675681534e+02
   4290.0000000000   6.5744425706e+02   1.7174986109e+01   3.8689202732e+02
   4291.0000000000   6.5768034213e+02   1.7221134160e+01   3.8702687892e+02
   4292.0000000000   6.5792462961e+02   1.7275605996e+01   3.8716138659e+02
   4293.0000000000   6.5816137018e+02   1.7323133847e+01   3.8729556488e+02
   4294.0000000000   6.5839589952e+02   1.7368918532e+01   3.8742942685e+02
   4295.0000000000   6.5862886983e+02   1.7413584961e+01   3.8757302873e+02
   4296.0000000000   6.5886058549e+02   1.7477503026e+01   3.8771045281e+02
   4297.0000000000   6.5909122970e+02   1.7539022218e+01   3.8784662471e+02
   4298.0000000000   6.5935188486e+02   1.7592151532e+01   3.8798202031e+02
   4299.0000000000   6.5959355155e+02   1.7642815309e+01   3.8811682873e+02
   4300.0000000000   6.5983145204e+02   1.7701942254e+01   3.8826119484e+02
   4301.0000000000   6.6006708290e+02   1.7754013402e+01   3.8839925244e+02
   4302.0000000000   6.6031136807e+02   1.7814226433e+01   3.8854600438e+02
   4303.0000000000   6.6054826955e+02   1.7867274939e+01   3.8868602033e+02
   4304.0000000000   6.6078304172e+02   1.7918364904e+01   3.8884450992e+02
   4305.0000000000   6.6101630472e+02   1.7968137194e+01   3.8899019523e+02
   4306.0000000000   6.6124834744e+02   1.8016890467e+01   3.8913315974e+02
   4307.0000000000   6.6147934437e+02   1.8064803283e+01   3.8927447932e+02
   4308.0000000000   6.6170941520e+02   1.8111996355e+01   3.8942465168e+02
   4309.0000000000   6.6193864840e+02   1.8168602023e+01   3.8956799800e+02
   4310.0000000000   6.6216711271e+02   1.8218759093e+01   3.8970959185e+02
   4311.0000000000   6.6240518258e+02   1.8267436685e+01   3.8985000871e+02
   4312.0000000000   6.6263653991e+02   1.8315145098e+01   3.8998950866e+02
   4313.0000000000   6.6287659270e+02   1.8362101244e+01   3.9012824480e+02
   4314.0000000000   6.6310948995e+02   1.8408428360e+01   3.9026631973e+02
   4315.0000000000   6.6335081570e+02   1.8454207692e+01   3.9040380776e+02
   4316.0000000000   6.6360544466e+02   1.8509542300e+01   3.9054076553e+02
   4317.0000000000   6.6385628344e+02   1.8558548619e+01   3.9067723781e+02
   4318.0000000000   6.6409770082e+02   1.8606178259e+01   3.9081326102e+02
   4319.0000000000   6.6434631188e+02   1.8662972022e+01   3.9095890989e+02
   4320.0000000000   6.6458677151e+02   1.8723251567e+01   3.9109828162e+02
   4321.0000000000   6.6482461783e+02   1.8776118289e+01   3.9123631402e+02
   4322.0000000000   6.6506061945e+02   1.8827028488e+01   3.9137349311e+02
   4323.0000000000   6.6530547286e+02   1.8876682041e+01   3.9151001650e+02
   4324.0000000000   6.6554304611e+02   1.8925391857e+01   3.9164599177e+02
   4325.0000000000   6.6578886772e+02   1.8973336798e+01   3.9178148727e+02
   4326.0000000000   6.6602717033e+02   1.9020633151e+01   3.9192659525e+02
   4327.0000000000   6.6626327985e+02   1.9077407384e+01   3.9206542305e+02
   4328.0000000000   6.6649784269e+02   1.9127792250e+01   3.9220291446e+02
   4329.0000000000   6.6673115958e+02   1.9176751128e+01   3.9233955909e+02
   4330.0000000000   6.6696341131e+02   1.9234833542e+01   3.9247555670e+02
   4331.0000000000   6.6720504038e+02   1.9286323290e+01   3.9261101607e+02
   4332.0000000000   6.6743977390e+02   1.9336255265e+01   3.9274600620e+02
   4333.0000000000   6.6768305177e+02   1.9385173913e+01   3.9288057518e+02
   4334.0000000000   6.6791904657e+02   1.9453404310e+01   3.9301475873e+02
   4335.0000000000   6.6815304122e+02   1.9509224303e+01   3.9314858469e+02
   4336.0000000000   6.6838565026e+02   1.9562553837e+01   3.9329211997e+02
   4337.0000000000   6.6861715002e+02   1.9614389743e+01   3.9342945479e+02
   4338.0000000000   6.6885802125e+02   1.9665141306e+01   3.9356552075e+02
   4339.0000000000   6.6909200826e+02   1.9715031477e+01   3.9370079835e+02
   4340.0000000000   6.6932423987e+02   1.9764200859e+01   3.9383548031e+02
   4341.0000000000   6.6955525613e+02   1.9812746543e+01   3.9397971432e+02
   4342.0000000000   6.6978529105e+02   1.9860739840e+01   3.9411763643e+02
   4343.0000000000   6.7002479869e+02   1.9908235528e+01   3.9425420685e+02
   4344.0000000000   6.7025750519e+02   1.9955277128e+01   3.9438992509e+02
   4345.0000000000   6.7048852636e+02   2.0001900147e+01   3.9452499715e+02
   4346.0000000000   6.7072871156e+02   2.0048134169e+01   3.9465953591e+02
   4347.0000000000   6.7096192337e+02   2.0094004280e+01   3.9479361302e+02
   4348.0000000000   6.7119334099e+02   2.0139532055e+01   3.9492727833e+02
   4349.0000000000   6.7142352925e+02   2.0184736280e+01   3.9506056875e+02
   4350.0000000000   6.7165273544e+02   2.0239677956e+01   3.9519351286e+02
   4351.0000000000   6.7189142109e+02   2.0288443366e+01   3.9533617802e+02
   4352.0000000000   6.7213363574e+02   2.0335961507e+01   3.9548269916e+02
   4353.0000000000   6.7237845290e+02   2.0382711155e+01   3.9563212408e+02
   4354.0000000000   6.7261509063e+02   2.0428883901e+01   3.9577392075e+02
   4355.0000000000   6.7284930604e+02   2.0474582278e+01   3.9591366462e+02
   4356.0000000000   6.7308189387e+02   2.0519870338e+01   3.9605210659e+02
   4357.0000000000   6.7331322036e+02   2.0574836690e+01   3.9618958457e+02
   4358.0000000000   6.7354349869e+02   2.0623585486e+01   3.9632629055e+02
   4359.0000000000   6.7377286921e+02   2.0671057798e+01   3.9646234790e+02
   4360.0000000000   6.7400143176e+02   2.0717740837e+01   3.9660788681e+02
   4361.0000000000   6.7422926136e+02   2.0763832234e+01   3.9674704188e+02
   4362.0000000000   6.7445641662e+02   2.0809438938e+01   3.9688477715e+02
   4363.0000000000   6.7469326390e+02   2.0854628282e+01   3.9702159763e+02
   4364.0000000000   6.7492347834e+02   2.0919535816e+01   3.9715771503e+02
   4365.0000000000   6.7515214309e+02   2.0972339178e+01   3.9729324764e+02
   4366.0000000000   6.7537976602e+02   2.1022896745e+01   3.9742827204e+02
   4367.0000000000   6.7560655737e+02   2.1072163784e+01   3.9757288695e+02
   4368.0000000000   6.7583263388e+02   2.1130564127e+01   3.9771120481e+02
   4369.0000000000   6.7606839027e+02   2.1182369756e+01   3.9784817352e+02
   4370.0000000000   6.7629751657e+02   2.1232619488e+01   3.9798428600e+02
   4371.0000000000   6.7652510400e+02   2.1281863178e+01   3.9812978915e+02
   4372.0000000000   6.7676198393e+02   2.1340385827e+01   3.9826886561e+02
   4373.0000000000   6.7699200507e+02   2.1402441311e+01   3.9841654651e+02
   4374.0000000000   6.7723065466e+02   2.1457107459e+01   3.9855742000e+02
   4375.0000000000   6.7746212460e+02   2.1519875860e+01   3.9869661982e+02
   4376.0000000000   6.7769170483e+02   2.1575514289e+01   3.9883473455e+02
   4377.0000000000   6.7794064921e+02   2.1629250070e+01   3.9897202348e+02
   4378.0000000000   6.7817650455e+02   2.1691772989e+01   3.9910863461e+02
   4379.0000000000   6.7840952980e+02   2.1747451709e+01   3.9924466433e+02
   4380.0000000000   6.7864078862e+02   2.1801376884e+01   3.9938018078e+02
   4381.0000000000   6.7887072703e+02   2.1854131770e+01   3.9952527933e+02
   4382.0000000000   6.7909959171e+02   2.1905980689e+01   3.9966407124e+02
   4383.0000000000   6.7932753993e+02   2.1957079431e+01   3.9980150420e+02
   4384.0000000000   6.7956500022e+02   2.2007532524e+01   3.9993807135e+02
   4385.0000000000   6.7979568955e+02   2.2057415748e+01   4.0008401998e+02
   4386.0000000000   6.8002472056e+02   2.2106786951e+01   4.0022353322e+02
   4387.0000000000   6.8025262266e+02   2.2155691951e+01   4.0036159824e+02
   4388.0000000000   6.8047962232e+02   2.2204168060e+01   4.0049873205e+02
   4389.0000000000   6.8071616790e+02   2.2252246331e+01   4.0063515298e+02
   4390.0000000000   6.8094598097e+02   2.2299953060e+01   4.0077098311e+02
   4391.0000000000   6.8117417356e+02   2.2347310839e+01   4.0090630124e+02
   4392.0000000000   6.8141159177e+02   2.2394339315e+01   4.0104116299e+02
   4393.0000000000   6.8164209534e+02   2.2441055747e+01   4.0117560999e+02
   4394.0000000000   6.8188118000e+02   2.2487475432e+01   4.0130967478e+02
   4395.0000000000   6.8213368257e+02   2.2533612035e+01   4.0144338362e+02
   4396.0000000000   6.8238248986e+02   2.2579477847e+01   4.0157675826e+02
   4397.0000000000   6.8263227781e+02   2.2625083985e+01   4.0171986155e+02
   4398.0000000000   6.8287297058e+02   2.2680485040e+01   4.0186682532e+02
   4399.0000000000   6.8311063141e+02   2.2729761867e+01   4.0201669524e+02
   4400.0000000000   6.8335654246e+02   2.2777838823e+01   4.0215893782e+02
   4401.0000000000   6.8359481093e+02   2.2825190685e+01   4.0230917194e+02
   4402.0000000000   6.8383077089e+02   2.2872005562e+01   4.0245221939e+02
   4403.0000000000   6.8406509261e+02   2.2918382936e+01   4.0259333347e+02
   4404.0000000000   6.8430841803e+02   2.2964384170e+01   4.0274321724e+02
   4405.0000000000   6.8454458200e+02   2.3020095485e+01   4.0288624633e+02
   4406.0000000000   6.8477877227e+02   2.3069618900e+01   4.0302751498e+02
   4407.0000000000   6.8502188957e+02   2.3117893576e+01   4.0316760816e+02
   4408.0000000000   6.8525783494e+02   2.3165404999e+01   4.0330679079e+02
   4409.0000000000   6.8549181741e+02   2.3212349243e+01   4.0344521866e+02
   4410.0000000000   6.8572442547e+02   2.3258831837e+01   4.0359304039e+02
   4411.0000000000   6.8596624468e+02   2.3304918822e+01   4.0373440278e+02
   4412.0000000000   6.8620106936e+02   2.3350655616e+01   4.0387427883e+02
   4413.0000000000   6.8644437634e+02   2.3396075552e+01   4.0401318056e+02
   4414.0000000000   6.8669067966e+02   2.3441204269e+01   4.0415132538e+02
   4415.0000000000   6.8692891289e+02   2.3486062212e+01   4.0428883634e+02
   4416.0000000000   6.8716475071e+02   2.3550755091e+01   4.0442579407e+02
   4417.0000000000   6.8739895616e+02   2.3603440182e+01   4.0456225637e+02
   4418.0000000000   6.8763188181e+02   2.3653961222e+01   4.0469826713e+02
   4419.0000000000   6.8786373490e+02   2.3703262520e+01   4.0483386112e+02
   4420.0000000000   6.8809465348e+02   2.3751714954e+01   4.0496906672e+02
   4421.0000000000   6.8832473695e+02   2.3809556631e+01   4.0510390766e+02
   4422.0000000000   6.8855406083e+02   2.3871021111e+01   4.0524844863e+02
   4423.0000000000   6.8879300386e+02   2.3925174245e+01   4.0538677870e+02
   4424.0000000000   6.8904588887e+02   2.3987499171e+01   4.0552382903e+02
   4425.0000000000   6.8928507878e+02   2.4042757100e+01   4.0566008008e+02
   4426.0000000000   6.8953150721e+02   2.4096169971e+01   4.0579572478e+02
   4427.0000000000   6.8976998506e+02   2.4158423023e+01   4.0593086673e+02
   4428.0000000000   6.9000605526e+02   2.4213880998e+01   4.0607561531e+02
   4429.0000000000   6.9024046746e+02   2.4267631124e+01   4.0621408696e+02
   4430.0000000000   6.9047357777e+02   2.4320253636e+01   4.0636127513e+02
   4431.0000000000   6.9070559903e+02   2.4372010165e+01   4.0650174404e+02
   4432.0000000000   6.9093667411e+02   2.4423054095e+01   4.0664061106e+02
   4433.0000000000   6.9116690618e+02   2.4473487786e+01   4.0678849744e+02
   4434.0000000000   6.9139637356e+02   2.4533429529e+01   4.0692972521e+02
   4435.0000000000   6.9163545708e+02   2.4587006996e+01   4.0707939580e+02
   4436.0000000000   6.9186784293e+02   2.4639180245e+01   4.0722213867e+02
   4437.0000000000   6.9210894198e+02   2.4690452046e+01   4.0737315871e+02
   4438.0000000000   6.9234290520e+02   2.4751077420e+01   4.0752717895e+02
   4439.0000000000   6.9257499878e+02   2.4805245770e+01   4.0767345939e+02
   4440.0000000000   6.9280582394e+02   2.4857949490e+01   4.0781754071e+02
   4441.0000000000   6.9303564611e+02   2.4909709992e+01   4.0797021921e+02
   4442.0000000000   6.9326461792e+02   2.4960749335e+01   4.0811591422e+02
   4443.0000000000   6.9349283987e+02   2.5011192795e+01   4.0826978965e+02
   4444.0000000000   6.9372038397e+02   2.5061121969e+01   4.0841651859e+02
   4445.0000000000   6.9395762395e+02   2.5110594877e+01   4.0856129369e+02
   4446.0000000000   6.9419855825e+02   2.5159655276e+01   4.0870474662e+02
   4447.0000000000   6.9443190855e+02   2.5208337581e+01   4.0885721395e+02
   4448.0000000000   6.9466323433e+02   2.5266714196e+01   4.0900294100e+02
   4449.0000000000   6.9489322627e+02   2.5318879959e+01   4.0914696068e+02
   4450.0000000000   6.9512218727e+02   2.5379814900e+01   4.0928982497e+02
   4451.0000000000   6.9535028835e+02   2.5444119004e+01   4.0943177970e+02
   4452.0000000000   6.9557763998e+02   2.5500975409e+01   4.0957296911e+02
   4453.0000000000   6.9580431985e+02   2.5555872731e+01   4.0971349023e+02
   4454.0000000000   6.9604070505e+02   2.5619569975e+01   4.0985341382e+02
   4455.0000000000   6.9628079598e+02   2.5676458695e+01   4.0999279434e+02
   4456.0000000000   6.9651331546e+02   2.5731636970e+01   4.1013167532e+02
   4457.0000000000   6.9674382360e+02   2.5785689462e+01   4.1027009247e+02
   4458.0000000000   6.9697301135e+02   2.5838879404e+01   4.1040807578e+02
   4459.0000000000   6.9720118168e+02   2.5891360476e+01   4.1054565086e+02
   4460.0000000000   6.9743882461e+02   2.5943234730e+01   4.1068283986e+02
   4461.0000000000   6.9766968654e+02   2.5994575419e+01   4.1081966218e+02
   4462.0000000000   6.9789889518e+02   2.6045437948e+01   4.1096617943e+02
   4463.0000000000   6.9813730704e+02   2.6095865843e+01   4.1110647852e+02
   4464.0000000000   6.9837910803e+02   2.6145894296e+01   4.1125553351e+02
   4465.0000000000   6.9862343503e+02   2.6195552412e+01   4.1139789538e+02
   4466.0000000000   6.9885954055e+02   2.6244864707e+01   4.1153867213e+02
   4467.0000000000   6.9909320235e+02   2.6303896621e+01   4.1167843379e+02
   4468.0000000000   6.9933554750e+02   2.6356737926e+01   4.1181742577e+02
   4469.0000000000   6.9957058721e+02   2.6408320393e+01   4.1195578545e+02
   4470.0000000000   6.9980359108e+02   2.6459125030e+01   4.1209360093e+02
   4471.0000000000   7.0003518352e+02   2.6509345235e+01   4.1223093374e+02
   4472.0000000000   7.0026565332e+02   2.6559085016e+01   4.1236782948e+02
   4473.0000000000   7.0049517305e+02   2.6608409636e+01   4.1250432346e+02
   4474.0000000000   7.0072385962e+02   2.6667408705e+01   4.1264044393e+02
   4475.0000000000   7.0096211745e+02   2.6720187202e+01   4.1277621411e+02
   4476.0000000000   7.0120396727e+02   2.6771686886e+01   4.1291165349e+02
   4477.0000000000   7.0144846671e+02   2.6822395541e+01   4.1304677872e+02
   4478.0000000000   7.0168482452e+02   2.6872511277e+01   4.1318160423e+02
   4479.0000000000   7.0191879211e+02   2.6932185913e+01   4.1331614268e+02
   4480.0000000000   7.0216147969e+02   2.6985558724e+01   4.1346044978e+02
   4481.0000000000   7.0239688724e+02   2.7037592457e+01   4.1359860719e+02
   4482.0000000000   7.0263027660e+02   2.7088788709e+01   4.1373553982e+02
   4483.0000000000   7.0286226671e+02   2.7139355181e+01   4.1388176734e+02
   4484.0000000000   7.0309314244e+02   2.7199450630e+01   4.1402154973e+02
   4485.0000000000   7.0333339257e+02   2.7253219516e+01   4.1416994701e+02
   4486.0000000000   7.0356676799e+02   2.7305628564e+01   4.1431155920e+02
   4487.0000000000   7.0380872181e+02   2.7367226958e+01   4.1445152484e+02
   4488.0000000000   7.0404343422e+02   2.7422296497e+01   4.1459043407e+02
   4489.0000000000   7.0427619253e+02   2.7475869345e+01   4.1472854616e+02
   4490.0000000000   7.0450761372e+02   2.7538531430e+01   4.1486600826e+02
   4491.0000000000   7.0473797535e+02   2.7594587459e+01   4.1501296005e+02
   4492.0000000000   7.0496743950e+02   2.7649084976e+01   4.1516358439e+02
   4493.0000000000   7.0520643335e+02   2.7702576325e+01   4.1530691828e+02
   4494.0000000000   7.0543867116e+02   2.7755302649e+01   4.1546847173e+02
   4495.0000000000   7.0566926286e+02   2.7807401760e+01   4.1561706627e+02
   4496.0000000000   7.0591937374e+02   2.7858963864e+01   4.1576283220e+02
   4497.0000000000   7.0615650064e+02   2.7910053084e+01   4.1590687208e+02
   4498.0000000000   7.0640119092e+02   2.7960717612e+01   4.1604965629e+02
   4499.0000000000   7.0664844351e+02   2.8010995150e+01   4.1619144637e+02
   4500.0000000000   7.0690801543e+02   2.8070960574e+01   4.1633240884e+02
   4501.0000000000   7.0715294611e+02   2.8124710600e+01   4.1647265901e+02
   4502.0000000000   7.0739415204e+02   2.8177182228e+01   4.1661228145e+02
   4503.0000000000   7.0763297822e+02   2.8228860477e+01   4.1677142980e+02
   4504.0000000000   7.0788034438e+02   2.8279941872e+01   4.1691829837e+02
   4505.0000000000   7.0812023028e+02   2.8340577363e+01   4.1706276028e+02
   4506.0000000000   7.0836822856e+02   2.8394905795e+01   4.1720578369e+02
   4507.0000000000   7.0860861210e+02   2.8447889764e+01   4.1735780360e+02
   4508.0000000000   7.0884673365e+02   2.8500030881e+01   4.1750310173e+02
   4509.0000000000   7.0909357748e+02   2.8551536968e+01   4.1764672539e+02
   4510.0000000000   7.0933309404e+02   2.8602522494e+01   4.1778923187e+02
   4511.0000000000   7.0957052448e+02   2.8663105000e+01   4.1793086827e+02
   4512.0000000000   7.0981679874e+02   2.8717407188e+01   4.1807177816e+02
   4513.0000000000   7.1005583571e+02   2.8770382929e+01   4.1821205705e+02
   4514.0000000000   7.1029285623e+02   2.8822528729e+01   4.1835177384e+02
   4515.0000000000   7.1052845707e+02   2.8874049227e+01   4.1849098100e+02
   4516.0000000000   7.1077322992e+02   2.8925056807e+01   4.1862972005e+02
   4517.0000000000   7.1101097379e+02   2.8975623109e+01   4.1876802484e+02
   4518.0000000000   7.1124685014e+02   2.9025798213e+01   4.1890592358e+02
   4519.0000000000   7.1149173986e+02   2.9095708327e+01   4.1904344021e+02
   4520.0000000000   7.1172952877e+02   2.9153525665e+01   4.1918059534e+02
   4521.0000000000   7.1197573304e+02   2.9209105299e+01   4.1931740696e+02
   4522.0000000000   7.1221456783e+02   2.9263400405e+01   4.1946393539e+02
   4523.0000000000   7.1245134224e+02   2.9326833452e+01   4.1960426632e+02
   4524.0000000000   7.1269700709e+02   2.9383675518e+01   4.1975337271e+02
   4525.0000000000   7.1293548671e+02   2.9438964806e+01   4.1989580452e+02
   4526.0000000000   7.1318232063e+02   2.9493250746e+01   4.2004671327e+02
   4527.0000000000   7.1342173915e+02   2.9546773569e+01   4.2019073972e+02
   4528.0000000000   7.1366938078e+02   2.9599670854e+01   4.2034308883e+02
   4529.0000000000   7.1395079703e+02   2.9652032799e+01   4.2049848025e+02
   4530.0000000000   7.1420587621e+02   2.9703923586e+01   4.2065621419e+02
   4531.0000000000   7.1446579235e+02   2.9755391473e+01   4.2080589874e+02
   4532.0000000000   7.1471640377e+02   2.9806474214e+01   4.2095319768e+02
   4533.0000000000   7.1497400408e+02   2.9867246720e+01   4.2109892223e+02
   4534.0000000000   7.1522321283e+02   2.9921805725e+01   4.2124345379e+02
   4535.0000000000   7.1546958202e+02   2.9975088234e+01   4.2139706147e+02
   4536.0000000000   7.1572422213e+02   3.0027579258e+01   4.2154396556e+02
   4537.0000000000   7.1598148821e+02   3.0079475306e+01   4.2168918781e+02
   4538.0000000000   7.1623031856e+02   3.0140927306e+01   4.2184331891e+02
   4539.0000000000   7.1647641954e+02   3.0196074075e+01   4.2199067302e+02
   4540.0000000000   7.1672058829e+02   3.0249878175e+01   4.2213630810e+02
   4541.0000000000   7.1697352749e+02   3.0302841186e+01   4.2228078663e+02
   4542.0000000000   7.1721910754e+02   3.0355170893e+01   4.2243440359e+02
   4543.0000000000   7.1746253995e+02   3.0406981727e+01   4.2259142135e+02
   4544.0000000000   7.1770442380e+02   3.0458346720e+01   4.2274092521e+02
   4545.0000000000   7.1794503760e+02   3.0509316924e+01   4.2288836895e+02
   4546.0000000000   7.1819487028e+02   3.0559930305e+01   4.2304449917e+02
   4547.0000000000   7.1843767608e+02   3.0620260855e+01   4.2319370432e+02
   4548.0000000000   7.1867859397e+02   3.0684448392e+01   4.2334108348e+02
   4549.0000000000   7.1891817357e+02   3.0741499977e+01   4.2348722418e+02
   4550.0000000000   7.1915665781e+02   3.0796814929e+01   4.2363239334e+02
   4551.0000000000   7.1939418975e+02   3.0851055207e+01   4.2377674856e+02
   4552.0000000000   7.1963086678e+02   3.0904506730e+01   4.2393044031e+02
   4553.0000000000   7.1986676110e+02   3.0967372638e+01   4.2407761725e+02
   4554.0000000000   7.2011224840e+02   3.1023825145e+01   4.2422325425e+02
   4555.0000000000   7.2035101092e+02   3.1078849555e+01   4.2436786520e+02
   4556.0000000000   7.2058813754e+02   3.1143008146e+01   4.2451166931e+02
   4557.0000000000   7.2083446010e+02   3.1200592309e+01   4.2466483587e+02
   4558.0000000000   7.2107382927e+02   3.1256641468e+01   4.2481151886e+02
   4559.0000000000   7.2132173501e+02   3.1311702710e+01   4.2495669356e+02
   4560.0000000000   7.2156237229e+02   3.1386102546e+01   4.2510087239e+02
   4561.0000000000   7.2181135341e+02   3.1448119476e+01   4.2524427249e+02
   4562.0000000000   7.2205293345e+02   3.1507673587e+01   4.2539706093e+02
   4563.0000000000   7.2229244043e+02   3.1575805978e+01   4.2555343398e+02
   4564.0000000000   7.2254083471e+02   3.1636997113e+01   4.2570243653e+02
   4565.0000000000   7.2278204547e+02   3.1696385230e+01   4.2584949506e+02
   4566.0000000000   7.2303161460e+02   3.1764621678e+01   4.2599529200e+02
   4567.0000000000   7.2328409246e+02   3.1826055290e+01   4.2614012932e+02
   4568.0000000000   7.2352843481e+02   3.1895809711e+01   4.2628417868e+02
   4569.0000000000   7.2378064976e+02   3.1958532597e+01   4.2642755140e+02
   4570.0000000000   7.2403546527e+02   3.2019399322e+01   4.2658037043e+02
   4571.0000000000   7.2428192707e+02   3.2079029260e+01   4.2672676599e+02
   4572.0000000000   7.2452577726e+02   3.2147749835e+01   4.2687169959e+02
   4573.0000000000   7.2476782299e+02   3.2219843834e+01   4.2701567489e+02
   4574.0000000000   7.2501876654e+02   3.2294454744e+01   4.2716894748e+02
   4575.0000000000   7.2526247350e+02   3.2371162074e+01   4.2731570722e+02
   4576.0000000000   7.2550414887e+02   3.2439662472e+01   4.2746094687e+02
   4577.0000000000   7.2575470374e+02   3.2515705336e+01   4.2761523265e+02
   4578.0000000000   7.2599804572e+02   3.2584197353e+01   4.2776285857e+02
   4579.0000000000   7.2623938820e+02   3.2650451753e+01   4.2790886612e+02
   4580.0000000000   7.2647932273e+02   3.2725216343e+01   4.2805380422e+02
   4581.0000000000   7.2671811797e+02   3.2792901451e+01   4.2819791211e+02
   4582.0000000000   7.2695593378e+02   3.2858629034e+01   4.2834132672e+02
   4583.0000000000   7.2720319801e+02   3.2923006702e+01   4.2848413794e+02
   4584.0000000000   7.2744362693e+02   3.2986318239e+01   4.2863645450e+02
   4585.0000000000   7.2768233304e+02   3.3048735341e+01   4.2878239658e+02
   4586.0000000000   7.2791984622e+02   3.3110375766e+01   4.2892691832e+02
   4587.0000000000   7.2816671293e+02   3.3171326469e+01   4.2907051776e+02
   4588.0000000000   7.2840669975e+02   3.3231654855e+01   4.2921340162e+02
   4589.0000000000   7.2865526292e+02   3.3291415008e+01   4.2935568460e+02
   4590.0000000000   7.2889658158e+02   3.3350651450e+01   4.2949744070e+02
   4591.0000000000   7.2913594072e+02   3.3409401580e+01   4.2963872231e+02
   4592.0000000000   7.2937395477e+02   3.3467697320e+01   4.2977956893e+02
   4593.0000000000   7.2961089888e+02   3.3525566278e+01   4.2992001167e+02
   4594.0000000000   7.2984693305e+02   3.3583032599e+01   4.3006007588e+02
   4595.0000000000   7.3009248264e+02   3.3640117598e+01   4.3019978275e+02
   4596.0000000000   7.3034157952e+02   3.3696840248e+01   4.3033915031e+02
   4597.0000000000   7.3060360670e+02   3.3753217553e+01   4.3047819419e+02
   4598.0000000000   7.3085141281e+02   3.3809264853e+01   4.3062697260e+02
   4599.0000000000   7.3109580189e+02   3.3864996062e+01   4.3076956931e+02
   4600.0000000000   7.3133804627e+02   3.3940512808e+01   4.3091091109e+02
   4601.0000000000   7.3157869667e+02   3.4014014400e+01   4.3105147472e+02
   4602.0000000000   7.3181806072e+02   3.4079414856e+01   4.3120149451e+02
   4603.0000000000   7.3205633485e+02   3.4152618271e+01   4.3134514299e+02
   4604.0000000000   7.3230397454e+02   3.4228578540e+01   4.3148739866e+02
   4605.0000000000   7.3255503547e+02   3.4296658002e+01   4.3162877132e+02
   4606.0000000000   7.3279828120e+02   3.4362450336e+01   4.3176947321e+02
   4607.0000000000   7.3303930306e+02   3.4426737643e+01   4.3190962125e+02
   4608.0000000000   7.3328913564e+02   3.4489886235e+01   4.3205933432e+02
   4609.0000000000   7.3353173784e+02   3.4552111704e+01   4.3220273583e+02
   4610.0000000000   7.3378266619e+02   3.4613556721e+01   4.3234477999e+02
   4611.0000000000   7.3402616037e+02   3.4684367344e+01   4.3248596342e+02
   4612.0000000000   7.3426754537e+02   3.4748691285e+01   4.3262649074e+02
   4613.0000000000   7.3450746374e+02   3.4811503599e+01   4.3277651870e+02
   4614.0000000000   7.3474621127e+02   3.4883363103e+01   4.3292019043e+02
   4615.0000000000   7.3498396365e+02   3.4948561117e+01   4.3306247171e+02
   4616.0000000000   7.3522083940e+02   3.5012138707e+01   4.3320386662e+02
   4617.0000000000   7.3545692495e+02   3.5084689927e+01   4.3334458484e+02
   4618.0000000000   7.3570260574e+02   3.5150526836e+01   4.3348474235e+02
   4619.0000000000   7.3594157083e+02   3.5214703595e+01   4.3363445785e+02
   4620.0000000000   7.3618923298e+02   3.5287822988e+01   4.3379794396e+02
   4621.0000000000   7.3642974443e+02   3.5354203148e+01   4.3394829855e+02
   4622.0000000000   7.3666837234e+02   3.5418902623e+01   4.3409585048e+02
   4623.0000000000   7.3690571864e+02   3.5482482981e+01   4.3424173884e+02
   4624.0000000000   7.3714204932e+02   3.5555237707e+01   4.3439648267e+02
   4625.0000000000   7.3737751748e+02   3.5631427504e+01   4.3454441113e+02
   4626.0000000000   7.3761222401e+02   3.5710180487e+01   4.3469060072e+02
   4627.0000000000   7.3784624126e+02   3.5781020473e+01   4.3483562773e+02
   4628.0000000000   7.3810026234e+02   3.5849564034e+01   4.3497975216e+02
   4629.0000000000   7.3834160300e+02   3.5916593666e+01   4.3512312667e+02
   4630.0000000000   7.3858039930e+02   3.5992516784e+01   4.3526585324e+02
   4631.0000000000   7.3881764038e+02   3.6061617328e+01   4.3540800553e+02
   4632.0000000000   7.3905372324e+02   3.6128951397e+01   4.3554963953e+02
   4633.0000000000   7.3928886044e+02   3.6195085900e+01   4.3569079942e+02
   4634.0000000000   7.3952318450e+02   3.6260276824e+01   4.3583152106e+02
   4635.0000000000   7.3976710543e+02   3.6324675615e+01   4.3597183416e+02
   4636.0000000000   7.4001464503e+02   3.6388384608e+01   4.3612180832e+02
   4637.0000000000   7.4025454087e+02   3.6451478627e+01   4.3626553666e+02
   4638.0000000000   7.4052332098e+02   3.6514015297e+01   4.3640795370e+02
   4639.0000000000   7.4077259270e+02   3.6576040663e+01   4.3655958723e+02
   4640.0000000000   7.4101781596e+02   3.6637592541e+01   4.3671474869e+02
   4641.0000000000   7.4127092480e+02   3.6708747132e+01   4.3686253121e+02
   4642.0000000000   7.4151622705e+02   3.6773603120e+01   4.3700838433e+02
   4643.0000000000   7.4175913955e+02   3.6837099802e+01   4.3715300225e+02
   4644.0000000000   7.4200037228e+02   3.6909769116e+01   4.3730673753e+02
   4645.0000000000   7.4224026889e+02   3.6975881676e+01   4.3745383652e+02
   4646.0000000000   7.4247903964e+02   3.7040462284e+01   4.3759932778e+02
   4647.0000000000   7.4272714767e+02   3.7104047521e+01   4.3774375713e+02
   4648.0000000000   7.4297865395e+02   3.7166867295e+01   4.3788736380e+02
   4649.0000000000   7.4323264525e+02   3.7229051249e+01   4.3804033008e+02
   4650.0000000000   7.4348867140e+02   3.7290683562e+01   4.3818681859e+02
   4651.0000000000   7.4373613711e+02   3.7361868340e+01   4.3833181045e+02
   4652.0000000000   7.4398089743e+02   3.7426722023e+01   4.3847582202e+02
   4653.0000000000   7.4422380706e+02   3.7490195657e+01   4.3861907313e+02
   4654.0000000000   7.4446527264e+02   3.7552784707e+01   4.3876168811e+02
   4655.0000000000   7.4470553645e+02   3.7614693747e+01   4.3890374833e+02
   4656.0000000000   7.4494476075e+02   3.7676035648e+01   4.3904531187e+02
   4657.0000000000   7.4518306250e+02   3.7736882854e+01   4.3918642274e+02
   4658.0000000000   7.4543084948e+02   3.7797286423e+01   4.3932711567e+02
   4659.0000000000   7.4567182768e+02   3.7857284695e+01   4.3946741896e+02
   4660.0000000000   7.4591110396e+02   3.7916907789e+01   4.3960735619e+02
   4661.0000000000   7.4614920495e+02   3.7976180179e+01   4.3974694742e+02
   4662.0000000000   7.4638635605e+02   3.8035122274e+01   4.3988620993e+02
   4663.0000000000   7.4662268653e+02   3.8093751449e+01   4.4003520332e+02
   4664.0000000000   7.4686860156e+02   3.8152082737e+01   4.4017801255e+02
   4665.0000000000   7.4710780003e+02   3.8210129328e+01   4.4033965434e+02
   4666.0000000000   7.4735569983e+02   3.8267902922e+01   4.4048874955e+02
   4667.0000000000   7.4759645594e+02   3.8325413998e+01   4.4063532046e+02
   4668.0000000000   7.4783533694e+02   3.8382672017e+01   4.4078040253e+02
   4669.0000000000   7.4809358363e+02   3.8439685586e+01   4.4093446513e+02
   4670.0000000000   7.4833873458e+02   3.8496462576e+01   4.4108180870e+02
   4671.0000000000   7.4858104345e+02   3.8553010229e+01   4.4122749109e+02
   4672.0000000000   7.4882157048e+02   3.8609335236e+01   4.4137207554e+02
   4673.0000000000   7.4906075949e+02   3.8675488283e+01   4.4151581241e+02
   4674.0000000000   7.4929885580e+02   3.8735546767e+01   4.4166889138e+02
   4675.0000000000   7.4953601589e+02   3.8794431964e+01   4.4181548021e+02
   4676.0000000000   7.4977234880e+02   3.8862660370e+01   4.4196056365e+02
   4677.0000000000   7.5001825435e+02   3.8924489234e+01   4.4210466074e+02
   4678.0000000000   7.5025743110e+02   3.8984931679e+01   4.4225803771e+02
   4679.0000000000   7.5051561742e+02   3.9044514010e+01   4.4240489202e+02
   4680.0000000000   7.5076060625e+02   3.9113501495e+01   4.4255022199e+02
   4681.0000000000   7.5101303734e+02   3.9176087262e+01   4.4269455353e+02
   4682.0000000000   7.5125763084e+02   3.9247308541e+01   4.4283811218e+02
   4683.0000000000   7.5149989055e+02   3.9311756959e+01   4.4299107042e+02
   4684.0000000000   7.5175086490e+02   3.9374568136e+01   4.4313758365e+02
   4685.0000000000   7.5199453427e+02   3.9436331557e+01   4.4329267203e+02
   4686.0000000000   7.5225679231e+02   3.9497306781e+01   4.4344091934e+02
   4687.0000000000   7.5250552864e+02   3.9557641662e+01   4.4358745795e+02
   4688.0000000000   7.5275112898e+02   3.9617432207e+01   4.4373287656e+02
   4689.0000000000   7.5301536169e+02   3.9686790472e+01   4.4387743525e+02
   4690.0000000000   7.5326598671e+02   3.9759882815e+01   4.4402128313e+02
   4691.0000000000   7.5351338030e+02   3.9825735654e+01   4.4416451787e+02
   4692.0000000000   7.5375868072e+02   3.9889762913e+01   4.4430720890e+02
   4693.0000000000   7.5400238583e+02   3.9952637875e+01   4.4445945291e+02
   4694.0000000000   7.5424478057e+02   4.0014655428e+01   4.4460536237e+02
   4695.0000000000   7.5448605161e+02   4.0075981483e+01   4.4474988617e+02
   4696.0000000000   7.5472633176e+02   4.0136722579e+01   4.4489351856e+02
   4697.0000000000   7.5496572084e+02   4.0196953082e+01   4.4503646343e+02
   4698.0000000000   7.5520429696e+02   4.0256727987e+01   4.4517883325e+02
   4699.0000000000   7.5545244218e+02   4.0316089726e+01   4.4532070028e+02
   4700.0000000000   7.5569384462e+02   4.0375072107e+01   4.4547215991e+02
   4701.0000000000   7.5594391737e+02   4.0433702765e+01   4.4561732203e+02
   4702.0000000000   7.5618681363e+02   4.0492004758e+01   4.4576113257e+02
   4703.0000000000   7.5642780184e+02   4.0549997653e+01   4.4590408292e+02
   4704.0000000000   7.5666748532e+02   4.0607698288e+01   4.4604637432e+02
   4705.0000000000   7.5690613152e+02   4.0665121332e+01   4.4619816134e+02
   4706.0000000000   7.5714389492e+02   4.0722279697e+01   4.4635363013e+02
   4707.0000000000   7.5738087776e+02   4.0779184845e+01   4.4650181721e+02
   4708.0000000000   7.5762747274e+02   4.0845891511e+01   4.4665818643e+02
   4709.0000000000   7.5787769121e+02   4.0906480553e+01   4.4680748578e+02
   4710.0000000000   7.5812026416e+02   4.0975920696e+01   4.4695492783e+02
   4711.0000000000   7.5838139629e+02   4.1038758145e+01   4.4710114655e+02
   4712.0000000000   7.5862905605e+02   4.1110141116e+01   4.4724643007e+02
   4713.0000000000   7.5887365134e+02   4.1174707378e+01   4.4739094597e+02
   4714.0000000000   7.5911631629e+02   4.1237614729e+01   4.4753480471e+02
   4715.0000000000   7.5935753608e+02   4.1309508786e+01   4.4767808486e+02
   4716.0000000000   7.5959758164e+02   4.1374727214e+01   4.4782084540e+02
   4717.0000000000   7.5983662647e+02   4.1438337506e+01   4.4796313230e+02
   4718.0000000000   7.6007479154e+02   4.1510949334e+01   4.4810498251e+02
   4719.0000000000   7.6033280446e+02   4.1576884109e+01   4.4825647088e+02
   4720.0000000000   7.6057800649e+02   4.1641201547e+01   4.4840169450e+02
   4721.0000000000   7.6083087227e+02   4.1704463127e+01   4.4854559094e+02
   4722.0000000000   7.6107604236e+02   4.1776961471e+01   4.4868864589e+02
   4723.0000000000   7.6131897625e+02   4.1842911493e+01   4.4883105658e+02
   4724.0000000000   7.6156037620e+02   4.1917368106e+01   4.4897293019e+02
   4725.0000000000   7.6180056879e+02   4.1984937527e+01   4.4911433468e+02
   4726.0000000000   7.6203974710e+02   4.2050767571e+01   4.4925531744e+02
   4727.0000000000   7.6227804019e+02   4.2115458042e+01   4.4939591380e+02
   4728.0000000000   7.6251554111e+02   4.2179277313e+01   4.4953615134e+02
   4729.0000000000   7.6276263964e+02   4.2242380839e+01   4.4967605236e+02
   4730.0000000000   7.6301334683e+02   4.2304871227e+01   4.4981563540e+02
   4731.0000000000   7.6326671351e+02   4.2366821833e+01   4.4996496067e+02
   4732.0000000000   7.6352226263e+02   4.2428288016e+01   4.5010811335e+02
   4733.0000000000   7.6377969719e+02   4.2499357688e+01   4.5025002121e+02
   4734.0000000000   7.6402849192e+02   4.2564137568e+01   4.5039116171e+02
   4735.0000000000   7.6427453853e+02   4.2627572563e+01   4.5053172516e+02
   4736.0000000000   7.6451871247e+02   4.2690154093e+01   4.5067181281e+02
   4737.0000000000   7.6476143278e+02   4.2762128440e+01   4.5081148747e+02
   4738.0000000000   7.6500294937e+02   4.2827678119e+01   4.5095079210e+02
   4739.0000000000   7.6524342934e+02   4.2891790000e+01   4.5109980259e+02
   4740.0000000000   7.6551394997e+02   4.2954980997e+01   4.5124261469e+02
   4741.0000000000   7.6577582938e+02   4.3017469451e+01   4.5138416353e+02
   4742.0000000000   7.6603824464e+02   4.3079377537e+01   4.5152493188e+02
   4743.0000000000   7.6631201677e+02   4.3150828712e+01   4.5166511388e+02
   4744.0000000000   7.6657055275e+02   4.3215950382e+01   4.5180481370e+02
   4745.0000000000   7.6682494431e+02   4.3279700262e+01   4.5194409635e+02
   4746.0000000000   7.6707663576e+02   4.3342578074e+01   4.5209305094e+02
   4747.0000000000   7.6732629069e+02   4.3404791189e+01   4.5224582626e+02
   4748.0000000000   7.6757429575e+02   4.3466454347e+01   4.5239143496e+02
   4749.0000000000   7.6782090534e+02   4.3527641245e+01   4.5253527990e+02
   4750.0000000000   7.6807661907e+02   4.3588403775e+01   4.5267802535e+02
   4751.0000000000   7.6833552711e+02   4.3648780809e+01   4.5281995872e+02
   4752.0000000000   7.6858642070e+02   4.3708802784e+01   4.5297128413e+02
   4753.0000000000   7.6883491370e+02   4.3768494335e+01   4.5312621889e+02
   4754.0000000000   7.6909205943e+02   4.3827875916e+01   4.5327382029e+02
   4755.0000000000   7.6934183249e+02   4.3886964856e+01   4.5341952221e+02
   4756.0000000000   7.6958948368e+02   4.3945776079e+01   4.5356401149e+02
   4757.0000000000   7.6983562801e+02   4.4004322613e+01   4.5370759256e+02
   4758.0000000000   7.7009086925e+02   4.4062615958e+01   4.5385043828e+02
   4759.0000000000   7.7033901499e+02   4.4120666366e+01   4.5399266037e+02
   4760.0000000000   7.7059555220e+02   4.4188527521e+01   4.5413433715e+02
   4761.0000000000   7.7084468384e+02   4.4260323847e+01   4.5428557115e+02
   4762.0000000000   7.7109171391e+02   4.4325050415e+01   4.5443047885e+02
   4763.0000000000   7.7133727230e+02   4.4398141469e+01   4.5457401185e+02
   4764.0000000000   7.7158164698e+02   4.4464322840e+01   4.5471666630e+02
   4765.0000000000   7.7182500874e+02   4.4528789942e+01   4.5485864742e+02
   4766.0000000000   7.7206747306e+02   4.4592163079e+01   4.5500006859e+02
   4767.0000000000   7.7230912449e+02   4.4654719241e+01   4.5514100265e+02
   4768.0000000000   7.7255002835e+02   4.4726661280e+01   4.5528150091e+02
   4769.0000000000   7.7279023707e+02   4.4792163484e+01   4.5542160184e+02
   4770.0000000000   7.7304011300e+02   4.4856213692e+01   4.5556133560e+02
   4771.0000000000   7.7328332881e+02   4.4919332113e+01   4.5570072662e+02
   4772.0000000000   7.7353528524e+02   4.4981740630e+01   4.5583979520e+02
   4773.0000000000   7.7378012546e+02   4.5043564584e+01   4.5597855851e+02
   4774.0000000000   7.7402310965e+02   4.5104885610e+01   4.5611703138e+02
   4775.0000000000   7.7426483428e+02   4.5165761651e+01   4.5626527120e+02
   4776.0000000000   7.7450556103e+02   4.5226236272e+01   4.5640736098e+02
   4777.0000000000   7.7474543952e+02   4.5296388071e+01   4.5654822675e+02
   4778.0000000000   7.7498456781e+02   4.5370360692e+01   4.5668834457e+02
   4779.0000000000   7.7522301595e+02   4.5437164413e+01   4.5682790357e+02
   4780.0000000000   7.7547115607e+02   4.5502201273e+01   4.5696700401e+02
   4781.0000000000   7.7571266622e+02   4.5566135557e+01   4.5711575234e+02
   4782.0000000000   7.7595263086e+02   4.5629255180e+01   4.5725826238e+02
   4783.0000000000   7.7619155834e+02   4.5691720543e+01   4.5739948076e+02
   4784.0000000000   7.7642965891e+02   4.5753633755e+01   4.5753989802e+02
   4785.0000000000   7.7666704907e+02   4.5815065574e+01   4.5767971373e+02
   4786.0000000000   7.7691412316e+02   4.5876068018e+01   4.5782908049e+02
   4787.0000000000   7.7715457077e+02   4.5936681030e+01   4.5799222682e+02
   4788.0000000000   7.7739348268e+02   4.5996936320e+01   4.5814225870e+02
   4789.0000000000   7.7763137072e+02   4.6056859741e+01   4.5828950929e+02
   4790.0000000000   7.7786844706e+02   4.6126517292e+01   4.5843511992e+02
   4791.0000000000   7.7811514828e+02   4.6189998824e+01   4.5857956624e+02
   4792.0000000000   7.7835518618e+02   4.6252235891e+01   4.5872310623e+02
   4793.0000000000   7.7859366459e+02   4.6313709102e+01   4.5886590054e+02
   4794.0000000000   7.7883110357e+02   4.6374611345e+01   4.5901810278e+02
   4795.0000000000   7.7907803988e+02   4.6435046054e+01   4.5916386331e+02
   4796.0000000000   7.7933886911e+02   4.6495077889e+01   4.5931820190e+02
   4797.0000000000   7.7959631128e+02   4.6554751370e+01   4.5946570351e+02
   4798.0000000000   7.7984463828e+02   4.6624143725e+01   4.5962154655e+02
   4799.0000000000   7.8009008747e+02   4.6697396326e+01   4.5977039286e+02
   4800.0000000000   7.8034395751e+02   4.6763516897e+01   4.5991741977e+02
   4801.0000000000   7.8061098256e+02   4.6827904927e+01   4.6006324450e+02
   4802.0000000000   7.8087407207e+02   4.6891222273e+01   4.6020814652e+02
   4803.0000000000   7.8112761753e+02   4.6973843548e+01   4.6036233326e+02
   4804.0000000000   7.8137793782e+02   4.7044070311e+01   4.6050998425e+02
   4805.0000000000   7.8162607117e+02   4.7111834531e+01   4.6065609258e+02
   4806.0000000000   7.8187252132e+02   4.7178139166e+01   4.6080118351e+02
   4807.0000000000   7.8211758997e+02   4.7253440903e+01   4.6094548362e+02
   4808.0000000000   7.8236147905e+02   4.7322035418e+01   4.6108912257e+02
   4809.0000000000   7.8260433357e+02   4.7388979228e+01   4.6123218595e+02
   4810.0000000000   7.8284626290e+02   4.7454835786e+01   4.6138477979e+02
   4811.0000000000   7.8309767164e+02   4.7519856313e+01   4.6153102257e+02
   4812.0000000000   7.8334226473e+02   4.7584187166e+01   4.6168591175e+02
   4813.0000000000   7.8359546809e+02   4.7647925673e+01   4.6183401619e+02
   4814.0000000000   7.8384144496e+02   4.7711141887e+01   4.6198045794e+02
   4815.0000000000   7.8408547174e+02   4.7773888962e+01   4.6212581821e+02
   4816.0000000000   7.8433847724e+02   4.7836208782e+01   4.6227035157e+02
   4817.0000000000   7.8459468935e+02   4.7898135296e+01   4.6242424736e+02
   4818.0000000000   7.8485327235e+02   4.7969741120e+01   4.6257167154e+02
   4819.0000000000   7.8510349816e+02   4.8035121609e+01   4.6271760681e+02
   4820.0000000000   7.8535115922e+02   4.8099212966e+01   4.6286257018e+02
   4821.0000000000   7.8560739408e+02   4.8162499773e+01   4.6300678166e+02
   4822.0000000000   7.8585622337e+02   4.8235222822e+01   4.6315036557e+02
   4823.0000000000   7.8610292453e+02   4.8301560147e+01   4.6329340309e+02
   4824.0000000000   7.8634812864e+02   4.8366494898e+01   4.6344599660e+02
   4825.0000000000   7.8659213030e+02   4.8430540859e+01   4.6359226147e+02
   4826.0000000000   7.8683510714e+02   4.8493913713e+01   4.6374719257e+02
   4827.0000000000   7.8707718055e+02   4.8556733347e+01   4.6390540101e+02
   4828.0000000000   7.8731843986e+02   4.8619076762e+01   4.6405607851e+02
   4829.0000000000   7.8755895420e+02   4.8680998018e+01   4.6420472052e+02
   4830.0000000000   7.8780909805e+02   4.8742537437e+01   4.6435204709e+02
   4831.0000000000   7.8806287221e+02   4.8803726436e+01   4.6449838271e+02
   4832.0000000000   7.8831932049e+02   4.8864590307e+01   4.6464391340e+02
   4833.0000000000   7.8857796086e+02   4.8925149947e+01   4.6478876010e+02
   4834.0000000000   7.8882817365e+02   4.8985422970e+01   4.6493300794e+02
   4835.0000000000   7.8907579483e+02   4.9055468954e+01   4.6507672021e+02
   4836.0000000000   7.8932166391e+02   4.9119372637e+01   4.6521994595e+02
   4837.0000000000   7.8956617518e+02   4.9182061431e+01   4.6536272436e+02
   4838.0000000000   7.8980956077e+02   4.9244012539e+01   4.6550508751e+02
   4839.0000000000   7.9005197450e+02   4.9305416016e+01   4.6564706223e+02
   4840.0000000000   7.9029352623e+02   4.9366372913e+01   4.6579871577e+02
   4841.0000000000   7.9054461772e+02   4.9436990335e+01   4.6596422833e+02
   4842.0000000000   7.9078894978e+02   4.9501382675e+01   4.6611667609e+02
   4843.0000000000   7.9103162483e+02   4.9564497054e+01   4.6626637280e+02
   4844.0000000000   7.9127316563e+02   4.9646913351e+01   4.6641444662e+02
   4845.0000000000   7.9152411332e+02   4.9716974760e+01   4.6656136404e+02
   4846.0000000000   7.9176823029e+02   4.9784621440e+01   4.6670737647e+02
   4847.0000000000   7.9201065030e+02   4.9860900017e+01   4.6685263984e+02
   4848.0000000000   7.9225191347e+02   4.9930290985e+01   4.6699725981e+02
   4849.0000000000   7.9250257120e+02   4.9997930440e+01   4.6714131261e+02
   4850.0000000000   7.9274639217e+02   5.0064422288e+01   4.6728485579e+02
   4851.0000000000   7.9298851409e+02   5.0130040557e+01   4.6742793437e+02
   4852.0000000000   7.9323979876e+02   5.0194945397e+01   4.6757058459e+02
   4853.0000000000   7.9348411628e+02   5.0259242905e+01   4.6771283624e+02
   4854.0000000000   7.9372665055e+02   5.0323008926e+01   4.6785471433e+02
   4855.0000000000   7.9396796945e+02   5.0386300546e+01   4.6799624015e+02
   4856.0000000000   7.9420832224e+02   5.0449162371e+01   4.6813743207e+02
   4857.0000000000   7.9444785261e+02   5.0511630273e+01   4.6827830616e+02
   4858.0000000000   7.9468665568e+02   5.0573733757e+01   4.6841887656e+02
   4859.0000000000   7.9493511903e+02   5.0635497548e+01   4.6855915586e+02
   4860.0000000000   7.9517693095e+02   5.0696942680e+01   4.6869915536e+02
   4861.0000000000   7.9541718311e+02   5.0758087287e+01   4.6883888523e+02
   4862.0000000000   7.9566670818e+02   5.0818947172e+01   4.6897835472e+02
   4863.0000000000   7.9591967556e+02   5.0879536242e+01   4.6911757228e+02
   4864.0000000000   7.9618552931e+02   5.0939866841e+01   4.6925654562e+02
   4865.0000000000   7.9643714929e+02   5.0999950003e+01   4.6940532637e+02
   4866.0000000000   7.9669567595e+02   5.1069840133e+01   4.6954799273e+02
   4867.0000000000   7.9694602794e+02   5.1133617834e+01   4.6968946667e+02
   4868.0000000000   7.9719381235e+02   5.1206251632e+01   4.6984026533e+02
   4869.0000000000   7.9745013939e+02   5.1272287571e+01   4.6998464650e+02
   4870.0000000000   7.9769902966e+02   5.1346873738e+01   4.7012762380e+02
   4871.0000000000   7.9794576647e+02   5.1414647796e+01   4.7026972396e+02
   4872.0000000000   7.9820130637e+02   5.1480767458e+01   4.7041116818e+02
   4873.0000000000   7.9844958564e+02   5.1545833788e+01   4.7056212277e+02
   4874.0000000000   7.9869583678e+02   5.1610112781e+01   4.7071678101e+02
   4875.0000000000   7.9894066459e+02   5.1673756004e+01   4.7086418373e+02
   4876.0000000000   7.9918434714e+02   5.1736861656e+01   4.7101979732e+02
   4877.0000000000   7.9942705115e+02   5.1809543096e+01   4.7116837122e+02
   4878.0000000000   7.9966889046e+02   5.1875922980e+01   4.7131511868e+02
   4879.0000000000   7.9990994897e+02   5.1940956560e+01   4.7146067388e+02
   4880.0000000000   8.0015029177e+02   5.2005142125e+01   4.7160532481e+02
   4881.0000000000   8.0038997116e+02   5.2068686110e+01   4.7174923872e+02
   4882.0000000000   8.0063934939e+02   5.2131702555e+01   4.7189252556e+02
   4883.0000000000   8.0088209896e+02   5.2194264572e+01   4.7203526333e+02
   4884.0000000000   8.0112330132e+02   5.2266467997e+01   4.7217751034e+02
   4885.0000000000   8.0136346321e+02   5.2332422810e+01   4.7232935637e+02
   4886.0000000000   8.0160279423e+02   5.2407119303e+01   4.7247490927e+02
   4887.0000000000   8.0184141073e+02   5.2475120191e+01   4.7261911459e+02
   4888.0000000000   8.0207938815e+02   5.2541542194e+01   4.7276246406e+02
   4889.0000000000   8.0231678033e+02   5.2606961886e+01   4.7290515956e+02
   4890.0000000000   8.0255362826e+02   5.2671629706e+01   4.7304731192e+02
   4891.0000000000   8.0280028368e+02   5.2735686896e+01   4.7318899195e+02
   4892.0000000000   8.0306104781e+02   5.2799224561e+01   4.7333024934e+02
   4893.0000000000   8.0331858500e+02   5.2862306581e+01   4.7347112126e+02
   4894.0000000000   8.0356713122e+02   5.2924980397e+01   4.7361163677e+02
   4895.0000000000   8.0381289915e+02   5.2987282744e+01   4.7375181939e+02
   4896.0000000000   8.0405685065e+02   5.3049242998e+01   4.7389168863e+02
   4897.0000000000   8.0429943235e+02   5.3141018664e+01   4.7403126104e+02
   4898.0000000000   8.0455122108e+02   5.3214844728e+01   4.7417055085e+02
   4899.0000000000   8.0479602018e+02   5.3285485941e+01   4.7430957050e+02
   4900.0000000000   8.0503899698e+02   5.3364402427e+01   4.7444833094e+02
   4901.0000000000   8.0528071767e+02   5.3436221326e+01   4.7459688644e+02
   4902.0000000000   8.0555239186e+02   5.3506148187e+01   4.7474936185e+02
   4903.0000000000   8.0580507604e+02   5.3574825418e+01   4.7489475259e+02
   4904.0000000000   8.0605402064e+02   5.3642550697e+01   4.7503844873e+02
   4905.0000000000   8.0630073741e+02   5.3709499816e+01   4.7518110470e+02
   4906.0000000000   8.0655615875e+02   5.3785834290e+01   4.7532300022e+02
   4907.0000000000   8.0680425127e+02   5.3855709571e+01   4.7546428879e+02
   4908.0000000000   8.0705027168e+02   5.3924104669e+01   4.7561511112e+02
   4909.0000000000   8.0729484110e+02   5.3991535866e+01   4.7575960450e+02
   4910.0000000000   8.0753824843e+02   5.4068268147e+01   4.7590273244e+02
   4911.0000000000   8.0778066769e+02   5.4148542941e+01   4.7604499802e+02
   4912.0000000000   8.0802221767e+02   5.4231474578e+01   4.7618661044e+02
   4913.0000000000   8.0827330482e+02   5.4316621046e+01   4.7632768534e+02
   4914.0000000000   8.0851763276e+02   5.4393662546e+01   4.7646829672e+02
   4915.0000000000   8.0876030579e+02   5.4468291066e+01   4.7660849636e+02
   4916.0000000000   8.0900184801e+02   5.4541331281e+01   4.7674832276e+02
   4917.0000000000   8.0925280157e+02   5.4623216499e+01   4.7689785030e+02
   4918.0000000000   8.0950724876e+02   5.4698247610e+01   4.7704117459e+02
   4919.0000000000   8.0975396010e+02   5.4771492334e+01   4.7719327572e+02
   4920.0000000000   8.0999852649e+02   5.4853570305e+01   4.7735879781e+02
   4921.0000000000   8.1024166037e+02   5.4928815134e+01   4.7751099497e+02
   4922.0000000000   8.1048368045e+02   5.5002298613e+01   4.7766027094e+02
   4923.0000000000   8.1073508883e+02   5.5074593416e+01   4.7780780635e+02
   4924.0000000000   8.1098996056e+02   5.5166046771e+01   4.7795410112e+02
   4925.0000000000   8.1123706724e+02   5.5254998761e+01   4.7809942933e+02
   4926.0000000000   8.1148200295e+02   5.5345499906e+01   4.7824396289e+02
   4927.0000000000   8.1172548354e+02   5.5427546512e+01   4.7838781919e+02
   4928.0000000000   8.1196783082e+02   5.5506940742e+01   4.7853108324e+02
   4929.0000000000   8.1220923049e+02   5.5584561901e+01   4.7868386378e+02
   4930.0000000000   8.1246012370e+02   5.5660831526e+01   4.7884032715e+02
   4931.0000000000   8.1271455277e+02   5.5736000881e+01   4.7898950118e+02
   4932.0000000000   8.1296126979e+02   5.5810237774e+01   4.7913680179e+02
   4933.0000000000   8.1322649454e+02   5.5893707106e+01   4.7928290445e+02
   4934.0000000000   8.1347820665e+02   5.5970571344e+01   4.7942810624e+02
   4935.0000000000   8.1373714158e+02   5.6045817480e+01   4.7957257514e+02
   4936.0000000000   8.1398807619e+02   5.6119969756e+01   4.7971641966e+02
   4937.0000000000   8.1423655116e+02   5.6203300709e+01   4.7986976045e+02
   4938.0000000000   8.1448332132e+02   5.6280014314e+01   4.8001672579e+02
   4939.0000000000   8.1472874939e+02   5.6355115282e+01   4.8016227550e+02
   4940.0000000000   8.1497305444e+02   5.6429135582e+01   4.8030691173e+02
   4941.0000000000   8.1521638483e+02   5.6502306423e+01   4.8046088876e+02
   4942.0000000000   8.1546916746e+02   5.6574761095e+01   4.8060839517e+02
   4943.0000000000   8.1572543982e+02   5.6646588272e+01   4.8075442257e+02
   4944.0000000000   8.1597395332e+02   5.6717852273e+01   4.8089949164e+02
   4945.0000000000   8.1622029080e+02   5.6788602498e+01   4.8104382376e+02
   4946.0000000000   8.1646516166e+02   5.6858878446e+01   4.8118754358e+02
   4947.0000000000   8.1670888410e+02   5.6928712658e+01   4.8133073215e+02
   4948.0000000000   8.1695164183e+02   5.6998132554e+01   4.8147344697e+02
   4949.0000000000   8.1719355600e+02   5.7067161657e+01   4.8162577581e+02
   4950.0000000000   8.1743471334e+02   5.7135820440e+01   4.8177182431e+02
   4951.0000000000   8.1768549873e+02   5.7224215879e+01   4.8191653588e+02
   4952.0000000000   8.1792960021e+02   5.7300507230e+01   4.8206040038e+02
   4953.0000000000   8.1818242943e+02   5.7374540607e+01   4.8220361805e+02
   4954.0000000000   8.1843845657e+02   5.7447262901e+01   4.8235634283e+02
   4955.0000000000   8.1868658384e+02   5.7529092131e+01   4.8251276044e+02
   4956.0000000000   8.1894278147e+02   5.7604296221e+01   4.8267195156e+02
   4957.0000000000   8.1919143037e+02   5.7677911155e+01   4.8282340696e+02
   4958.0000000000   8.1943791878e+02   5.7750484832e+01   4.8297271871e+02
   4959.0000000000   8.1968292180e+02   5.7822256461e+01   4.8312065035e+02
   4960.0000000000   8.1992675344e+02   5.7893362980e+01   4.8326754965e+02
   4961.0000000000   8.2016960010e+02   5.7963894238e+01   4.8342366101e+02
   4962.0000000000   8.2041158683e+02   5.8033914288e+01   4.8357318588e+02
   4963.0000000000   8.2066312315e+02   5.8103471425e+01   4.8372113130e+02
   4964.0000000000   8.2090791404e+02   5.8172603573e+01   4.8386803177e+02
   4965.0000000000   8.2116138326e+02   5.8251385910e+01   4.8401412027e+02
   4966.0000000000   8.2140769091e+02   5.8323915513e+01   4.8415953101e+02
   4967.0000000000   8.2165210987e+02   5.8395129786e+01   4.8430435292e+02
   4968.0000000000   8.2189524634e+02   5.8465514183e+01   4.8444865002e+02
   4969.0000000000   8.2213736960e+02   5.8535265685e+01   4.8459247106e+02
   4970.0000000000   8.2237863518e+02   5.8604491242e+01   4.8473585462e+02
   4971.0000000000   8.2261914592e+02   5.8683303046e+01   4.8488887661e+02
   4972.0000000000   8.2285897565e+02   5.8755819924e+01   4.8503563485e+02
   4973.0000000000   8.2309818049e+02   5.8847081842e+01   4.8518106746e+02
   4974.0000000000   8.2334712392e+02   5.8925726415e+01   4.8533570502e+02
   4975.0000000000   8.2359979739e+02   5.9001788443e+01   4.8548381670e+02
   4976.0000000000   8.2384491759e+02   5.9076313035e+01   4.8563042586e+02
   4977.0000000000   8.2409835936e+02   5.9159777175e+01   4.8577606764e+02
   4978.0000000000   8.2434444669e+02   5.9246531909e+01   4.8592097052e+02
   4979.0000000000   8.2459884959e+02   5.9325711724e+01   4.8606526279e+02
   4980.0000000000   8.2484585312e+02   5.9402799922e+01   4.8621907175e+02
   4981.0000000000   8.2510112143e+02   5.9478517327e+01   4.8636652739e+02
   4982.0000000000   8.2534894213e+02   5.9553193042e+01   4.8651258918e+02
   4983.0000000000   8.2559466483e+02   5.9627018556e+01   4.8666780256e+02
   4984.0000000000   8.2585958390e+02   5.9700120125e+01   4.8681644740e+02
   4985.0000000000   8.2611127527e+02   5.9772587709e+01   4.8697359943e+02
   4986.0000000000   8.2636001972e+02   5.9844488895e+01   4.8712387142e+02
   4987.0000000000   8.2661721690e+02   5.9925920942e+01   4.8727241236e+02
   4988.0000000000   8.2687728141e+02   6.0000997918e+01   4.8741982113e+02
   4989.0000000000   8.2712915719e+02   6.0074670646e+01   4.8756636436e+02
   4990.0000000000   8.2737854038e+02   6.0147435401e+01   4.8772224002e+02
   4991.0000000000   8.2762621342e+02   6.0219498045e+01   4.8787162034e+02
   4992.0000000000   8.2787254453e+02   6.0301017392e+01   4.8801949271e+02
   4993.0000000000   8.2811775335e+02   6.0376138996e+01   4.8817642222e+02
   4994.0000000000   8.2837230678e+02   6.0449831238e+01   4.8832670326e+02
   4995.0000000000   8.2863026721e+02   6.0522600777e+01   4.8847537820e+02
   4996.0000000000   8.2888040278e+02   6.0604704342e+01   4.8862299692e+02
   4997.0000000000   8.2913862723e+02   6.0680331938e+01   4.8877984406e+02
   4998.0000000000   8.2938929482e+02   6.0754476003e+01   4.8893012891e+02
   4999.0000000000   8.2963778070e+02   6.0827657723e+01   4.8907885789e+02
   5000.0000000000   8.2989507263e+02   6.0920187753e+01   4.8923660717e+02
   5001.0000000000   8.3014511786e+02   6.1000334204e+01   4.8938767819e+02
   5002.0000000000   8.3039315214e+02   6.1078010027e+01   4.8953711815e+02
   5003.0000000000   8.3065009949e+02   6.1154206794e+01   4.8968548039e+02
   5004.0000000000   8.3092051122e+02   6.1239374162e+01   4.8983300768e+02
   5005.0000000000   8.3117687509e+02   6.1317803412e+01   4.8997983973e+02
   5006.0000000000   8.3142988362e+02   6.1404592802e+01   4.9012606872e+02
   5007.0000000000   8.3168076448e+02   6.1484375746e+01   4.9027176073e+02
   5008.0000000000   8.3193004837e+02   6.1562318403e+01   4.9041696585e+02
   5009.0000000000   8.3218835269e+02   6.1639033646e+01   4.9056172360e+02
   5010.0000000000   8.3243950584e+02   6.1724844050e+01   4.9070606609e+02
   5011.0000000000   8.3268869298e+02   6.1803984180e+01   4.9085002003e+02
   5012.0000000000   8.3293649411e+02   6.1881478468e+01   4.9100365253e+02
   5013.0000000000   8.3318317285e+02   6.1957872068e+01   4.9115105469e+02
   5014.0000000000   8.3344952499e+02   6.2033405239e+01   4.9129715935e+02
   5015.0000000000   8.3372356875e+02   6.2108217589e+01   4.9145249290e+02
   5016.0000000000   8.3399307576e+02   6.2182402261e+01   4.9160132110e+02
   5017.0000000000   8.3425280427e+02   6.2256026751e+01   4.9174866449e+02
   5018.0000000000   8.3450918582e+02   6.2329142711e+01   4.9190510036e+02
   5019.0000000000   8.3476330401e+02   6.2401791237e+01   4.9206497132e+02
   5020.0000000000   8.3501568372e+02   6.2474005974e+01   4.9221739144e+02
   5021.0000000000   8.3526663763e+02   6.2545815091e+01   4.9236782497e+02
   5022.0000000000   8.3552669291e+02   6.2617242589e+01   4.9251697687e+02
   5023.0000000000   8.3577963451e+02   6.2688309221e+01   4.9266516332e+02
   5024.0000000000   8.3604094365e+02   6.2759033144e+01   4.9281256526e+02
   5025.0000000000   8.3629482356e+02   6.2829430408e+01   4.9295930029e+02
   5026.0000000000   8.3654658055e+02   6.2899515321e+01   4.9312554012e+02
   5027.0000000000   8.3679684740e+02   6.2969300739e+01   4.9328953401e+02
   5028.0000000000   8.3704591501e+02   6.3038798288e+01   4.9344523297e+02
   5029.0000000000   8.3729395681e+02   6.3108018542e+01   4.9359852485e+02
   5030.0000000000   8.3754109068e+02   6.3176971169e+01   4.9376031400e+02
   5031.0000000000   8.3778740324e+02   6.3245665049e+01   4.9391506446e+02
   5032.0000000000   8.3803296163e+02   6.3314108376e+01   4.9406791719e+02
   5033.0000000000   8.3828813889e+02   6.3392353209e+01   4.9421948511e+02
   5034.0000000000   8.3853661578e+02   6.3464478205e+01   4.9438009592e+02
   5035.0000000000   8.3879379933e+02   6.3535405800e+01   4.9453398987e+02
   5036.0000000000   8.3904383777e+02   6.3605609087e+01   4.9468619647e+02
   5037.0000000000   8.3929199536e+02   6.3675274689e+01   4.9483726520e+02
   5038.0000000000   8.3953887196e+02   6.3744500776e+01   4.9498743991e+02
   5039.0000000000   8.3979505119e+02   6.3813347544e+01   4.9513686322e+02
   5040.0000000000   8.4004432116e+02   6.3881855705e+01   4.9528563076e+02
   5041.0000000000   8.4030215138e+02   6.3950054742e+01   4.9543381215e+02
   5042.0000000000   8.4055272948e+02   6.4017967119e+01   4.9559150528e+02
   5043.0000000000   8.4080134613e+02   6.4085610629e+01   4.9574282437e+02
   5044.0000000000   8.4104861959e+02   6.4163044281e+01   4.9589272022e+02
   5045.0000000000   8.4131546585e+02   6.4234351852e+01   4.9604168907e+02
   5046.0000000000   8.4156931899e+02   6.4304459602e+01   4.9618993674e+02
   5047.0000000000   8.4182038715e+02   6.4383887979e+01   4.9633757759e+02
   5048.0000000000   8.4206970730e+02   6.4456897410e+01   4.9649473009e+02
   5049.0000000000   8.4231771015e+02   6.4528503603e+01   4.9664551843e+02
   5050.0000000000   8.4256463312e+02   6.4609279456e+01   4.9679489829e+02
   5051.0000000000   8.4281062768e+02   6.4683519134e+01   4.9694336814e+02
   5052.0000000000   8.4305579959e+02   6.4756261488e+01   4.9710117909e+02
   5053.0000000000   8.4331054644e+02   6.4828051591e+01   4.9725251712e+02
   5054.0000000000   8.4355856527e+02   6.4899124423e+01   4.9741241618e+02
   5055.0000000000   8.4381527427e+02   6.4969612515e+01   4.9756546677e+02
   5056.0000000000   8.4407514859e+02   6.5039601500e+01   4.9771680471e+02
   5057.0000000000   8.4432709424e+02   6.5109151518e+01   4.9786702043e+02
   5058.0000000000   8.4457676537e+02   6.5188351730e+01   4.9801637488e+02
   5059.0000000000   8.4482490918e+02   6.5261308350e+01   4.9816501756e+02
   5060.0000000000   8.4507186562e+02   6.5353053838e+01   4.9831304627e+02
   5061.0000000000   8.4531783170e+02   6.5432221007e+01   4.9846053042e+02
   5062.0000000000   8.4557325606e+02   6.5508841379e+01   4.9860752211e+02
   5063.0000000000   8.4582186709e+02   6.5594002159e+01   4.9877415105e+02
   5064.0000000000   8.4607910359e+02   6.5672205647e+01   4.9892859331e+02
   5065.0000000000   8.4633945490e+02   6.5748601207e+01   4.9908070780e+02
   5066.0000000000   8.4660215627e+02   6.5823801569e+01   4.9923145132e+02
   5067.0000000000   8.4686682464e+02   6.5898087018e+01   4.9938120519e+02
   5068.0000000000   8.4712289929e+02   6.5991711314e+01   4.9953017199e+02
   5069.0000000000   8.4737625458e+02   6.6072927387e+01   4.9967847685e+02
   5070.0000000000   8.4762775655e+02   6.6151645692e+01   4.9982620485e+02
   5071.0000000000   8.4788813776e+02   6.6238904039e+01   4.9998346219e+02
   5072.0000000000   8.4814128077e+02   6.6319182339e+01   5.0013436747e+02
   5073.0000000000   8.4839240066e+02   6.6407663981e+01   5.0028387367e+02
   5074.0000000000   8.4864209562e+02   6.6499073130e+01   5.0043247787e+02
   5075.0000000000   8.4890096010e+02   6.6582675891e+01   5.0058038597e+02
   5076.0000000000   8.4917343395e+02   6.6674064304e+01   5.0072771192e+02
   5077.0000000000   8.4943195303e+02   6.6758068298e+01   5.0087452903e+02
   5078.0000000000   8.4968718132e+02   6.6839957335e+01   5.0103093356e+02
   5079.0000000000   8.4994032910e+02   6.6930451603e+01   5.0118103601e+02
   5080.0000000000   8.5019191563e+02   6.7013942704e+01   5.0132978282e+02
   5081.0000000000   8.5044223135e+02   6.7095539197e+01   5.0147766576e+02
   5082.0000000000   8.5069146284e+02   6.7175838688e+01   5.0162488639e+02
   5083.0000000000   8.5093974073e+02   6.7265161718e+01   5.0177155507e+02
   5084.0000000000   8.5119748116e+02   6.7347745470e+01   5.0192778656e+02
   5085.0000000000   8.5145871463e+02   6.7438663078e+01   5.0207770169e+02
   5086.0000000000   8.5171218778e+02   6.7522535952e+01   5.0222625304e+02
   5087.0000000000   8.5196348014e+02   6.7624613730e+01   5.0237393625e+02
   5088.0000000000   8.5221329874e+02   6.7733739435e+01   5.0252095538e+02
   5089.0000000000   8.5246196010e+02   6.7828165990e+01   5.0266742247e+02
   5090.0000000000   8.5274060397e+02   6.7918822886e+01   5.0281340893e+02
   5091.0000000000   8.5300025900e+02   6.8017160264e+01   5.0295896475e+02
   5092.0000000000   8.5325616213e+02   6.8107876951e+01   5.0310412719e+02
   5093.0000000000   8.5350981783e+02   6.8196245808e+01   5.0324892530e+02
   5094.0000000000   8.5376183519e+02   6.8282964554e+01   5.0339338251e+02
   5095.0000000000   8.5401254220e+02   6.8368375653e+01   5.0353751824e+02
   5096.0000000000   8.5427246297e+02   6.8452691462e+01   5.0368134891e+02
   5097.0000000000   8.5452537421e+02   6.8536059265e+01   5.0382488866e+02
   5098.0000000000   8.5477642897e+02   6.8618588256e+01   5.0396814980e+02
   5099.0000000000   8.5502618559e+02   6.8710407573e+01   5.0411114323e+02
   5100.0000000000   8.5527489225e+02   6.8795656632e+01   5.0425387865e+02
   5101.0000000000   8.5552269500e+02   6.8889351435e+01   5.0439636479e+02
   5102.0000000000   8.5576969275e+02   6.8976077137e+01   5.0453860954e+02
   5103.0000000000   8.5601595820e+02   6.9060970103e+01   5.0468062012e+02
   5104.0000000000   8.5626154780e+02   6.9144624197e+01   5.0483244762e+02
   5105.0000000000   8.5650650706e+02   6.9227305158e+01   5.0498821420e+02
   5106.0000000000   8.5677151188e+02   6.9309167837e+01   5.0513691298e+02
   5107.0000000000   8.5702386647e+02   6.9390315513e+01   5.0529397649e+02
   5108.0000000000   8.5727369889e+02   6.9470823011e+01   5.0544412905e+02
   5109.0000000000   8.5752199259e+02   6.9550747655e+01   5.0560260922e+02
   5110.0000000000   8.5776914044e+02   6.9630135148e+01   5.0575410769e+02
   5111.0000000000   8.5801535196e+02   6.9709023030e+01   5.0591386075e+02
   5112.0000000000   8.5826075737e+02   6.9787442853e+01   5.0607660883e+02
   5113.0000000000   8.5851576495e+02   6.9865421619e+01   5.0623162209e+02
   5114.0000000000   8.5876407610e+02   6.9942982781e+01   5.0638444730e+02
   5115.0000000000   8.5902111032e+02   7.0020146956e+01   5.0653583992e+02
   5116.0000000000   8.5928134255e+02   7.0096932451e+01   5.0668614985e+02
   5117.0000000000   8.5953367782e+02   7.0173355664e+01   5.0683558188e+02
   5118.0000000000   8.5978376893e+02   7.0249431389e+01   5.0698427116e+02
   5119.0000000000   8.6003236159e+02   7.0325173058e+01   5.0713231379e+02
   5120.0000000000   8.6027979425e+02   7.0400592940e+01   5.0727978166e+02
   5121.0000000000   8.6052626240e+02   7.0475702288e+01   5.0742673068e+02
   5122.0000000000   8.6077189419e+02   7.0550511477e+01   5.0757320551e+02
   5123.0000000000   8.6101678054e+02   7.0635074581e+01   5.0771924273e+02
   5124.0000000000   8.6126098963e+02   7.0713472121e+01   5.0786487282e+02
   5125.0000000000   8.6150457469e+02   7.0790628269e+01   5.0801012160e+02
   5126.0000000000   8.6175789770e+02   7.0867017732e+01   5.0816505569e+02
   5127.0000000000   8.6202526835e+02   7.0942828648e+01   5.0831376593e+02
   5128.0000000000   8.6227903901e+02   7.1028205075e+01   5.0846118501e+02
   5129.0000000000   8.6252981543e+02   7.1107280152e+01   5.0860779477e+02
   5130.0000000000   8.6278908412e+02   7.1185011708e+01   5.0875378934e+02
   5131.0000000000   8.6304096757e+02   7.1261897360e+01   5.0889927338e+02
   5132.0000000000   8.6330109961e+02   7.1338141554e+01   5.0904431270e+02
   5133.0000000000   8.6355376162e+02   7.1423900377e+01   5.0919899741e+02
   5134.0000000000   8.6380430301e+02   7.1513360548e+01   5.0934743293e+02
   5135.0000000000   8.6405338130e+02   7.1595558565e+01   5.0950460588e+02
   5136.0000000000   8.6433225910e+02   7.1675913477e+01   5.0966512047e+02
   5137.0000000000   8.6459202668e+02   7.1755101143e+01   5.0981816259e+02
   5138.0000000000   8.6484795741e+02   7.1833417663e+01   5.0996922267e+02
   5139.0000000000   8.6510157945e+02   7.1911029411e+01   5.1011901643e+02
   5140.0000000000   8.6535351829e+02   7.1988042974e+01   5.1026786460e+02
   5141.0000000000   8.6560411372e+02   7.2064532552e+01   5.1041594987e+02
   5142.0000000000   8.6585357952e+02   7.2140552861e+01   5.1056339027e+02
   5143.0000000000   8.6610206295e+02   7.2226190481e+01   5.1072031278e+02
   5144.0000000000   8.6634967192e+02   7.2305550496e+01   5.1087084999e+02
   5145.0000000000   8.6659648910e+02   7.2383576089e+01   5.1101996471e+02
   5146.0000000000   8.6684258003e+02   7.2460756970e+01   5.1116816119e+02
   5147.0000000000   8.6709831713e+02   7.2547337781e+01   5.1131565067e+02
   5148.0000000000   8.6735769992e+02   7.2627499499e+01   5.1146255118e+02
   5149.0000000000   8.6760945231e+02   7.2706227561e+01   5.1160893917e+02
   5150.0000000000   8.6785913643e+02   7.2784037559e+01   5.1175486888e+02
   5151.0000000000   8.6810744576e+02   7.2861146626e+01   5.1190038115e+02
   5152.0000000000   8.6835468594e+02   7.2937675824e+01   5.1207564152e+02
   5153.0000000000   8.6860103061e+02   7.3013703123e+01   5.1224293536e+02
   5154.0000000000   8.6884659268e+02   7.3089283396e+01   5.1240110358e+02
   5155.0000000000   8.6909145209e+02   7.3164457648e+01   5.1255648128e+02
   5156.0000000000   8.6934598802e+02   7.3239257881e+01   5.1271009386e+02
   5157.0000000000   8.6960420278e+02   7.3313709898e+01   5.1286241430e+02
   5158.0000000000   8.6985482095e+02   7.3387835040e+01   5.1301371288e+02
   5159.0000000000   8.7010340421e+02   7.3461651320e+01   5.1316416328e+02
   5160.0000000000   8.7036096410e+02   7.3535174198e+01   5.1331388597e+02
   5161.0000000000   8.7062176011e+02   7.3608417123e+01   5.1346296917e+02
   5162.0000000000   8.7087465082e+02   7.3691436410e+01   5.1361148019e+02
   5163.0000000000   8.7112527762e+02   7.3768314197e+01   5.1375947201e+02
   5164.0000000000   8.7138470359e+02   7.3854020264e+01   5.1390698744e+02
   5165.0000000000   8.7163690464e+02   7.3943146173e+01   5.1406410622e+02
   5166.0000000000   8.7188712871e+02   7.4024868026e+01   5.1421492958e+02
   5167.0000000000   8.7215662408e+02   7.4104668494e+01   5.1436439859e+02
   5168.0000000000   8.7241294188e+02   7.4203345969e+01   5.1451300193e+02
   5169.0000000000   8.7267666708e+02   7.4289359227e+01   5.1466093940e+02
   5170.0000000000   8.7293250676e+02   7.4382762864e+01   5.1480832042e+02
   5171.0000000000   8.7318596402e+02   7.4468676758e+01   5.1495521488e+02
   5172.0000000000   8.7343777145e+02   7.4552457918e+01   5.1510167189e+02
   5173.0000000000   8.7369859674e+02   7.4634817115e+01   5.1524772826e+02
   5174.0000000000   8.7395228565e+02   7.4716090035e+01   5.1539341291e+02
   5175.0000000000   8.7420403020e+02   7.4806520973e+01   5.1553874932e+02
   5176.0000000000   8.7445441320e+02   7.4890315101e+01   5.1568375708e+02
   5177.0000000000   8.7471401829e+02   7.4982528645e+01   5.1583849733e+02
   5178.0000000000   8.7496663923e+02   7.5067772461e+01   5.1598705612e+02
   5179.0000000000   8.7521743367e+02   7.5151199794e+01   5.1613436198e+02
   5180.0000000000   8.7547727951e+02   7.5243460244e+01   5.1628089307e+02
   5181.0000000000   8.7573006010e+02   7.5338943184e+01   5.1642684031e+02
   5182.0000000000   8.7598097038e+02   7.5426795974e+01   5.1657230553e+02
   5183.0000000000   8.7623058749e+02   7.5512507993e+01   5.1671735207e+02
   5184.0000000000   8.7647916858e+02   7.5596803936e+01   5.1686202337e+02
   5185.0000000000   8.7672686412e+02   7.5690060398e+01   5.1700635127e+02
   5186.0000000000   8.7697377509e+02   7.5786587565e+01   5.1715036032e+02
   5187.0000000000   8.7724061324e+02   7.5875501534e+01   5.1729407015e+02
   5188.0000000000   8.7749470748e+02   7.5962277255e+01   5.1743749690e+02
   5189.0000000000   8.7774620365e+02   7.6047632143e+01   5.1758065420e+02
   5190.0000000000   8.7799609855e+02   7.6131894471e+01   5.1774364265e+02
   5191.0000000000   8.7824479527e+02   7.6215256276e+01   5.1790466014e+02
   5192.0000000000   8.7849251139e+02   7.6297845105e+01   5.1806766346e+02
   5193.0000000000   8.7873938360e+02   7.6379752588e+01   5.1822258201e+02
   5194.0000000000   8.7898550633e+02   7.6461048162e+01   5.1837516754e+02
   5195.0000000000   8.7923094922e+02   7.6541786515e+01   5.1852625995e+02
   5196.0000000000   8.7947576604e+02   7.6622011993e+01   5.1868629352e+02
   5197.0000000000   8.7975095712e+02   7.6701761386e+01   5.1883956503e+02
   5198.0000000000   8.8000746626e+02   7.6781065777e+01   5.1899113631e+02
   5199.0000000000   8.8026047405e+02   7.6859951827e+01   5.1914157617e+02
   5200.0000000000   8.8052176420e+02   7.6938442691e+01   5.1929114037e+02
   5201.0000000000   8.8078587150e+02   7.7026603166e+01   5.1943997894e+02
   5202.0000000000   8.8104178770e+02   7.7108522866e+01   5.1958819213e+02
   5203.0000000000   8.8130554896e+02   7.7189133733e+01   5.1973585231e+02
   5204.0000000000   8.8156158308e+02   7.7268917170e+01   5.1989305896e+02
   5205.0000000000   8.8181531227e+02   7.7348067119e+01   5.2004392707e+02
   5206.0000000000   8.8207775588e+02   7.7426688232e+01   5.2019340765e+02
   5207.0000000000   8.8233288323e+02   7.7504846483e+01   5.2034199679e+02
   5208.0000000000   8.8259626494e+02   7.7582587753e+01   5.2048989992e+02
   5209.0000000000   8.8285215369e+02   7.7669990652e+01   5.2063723079e+02
   5210.0000000000   8.8310588548e+02   7.7751153457e+01   5.2078406272e+02
   5211.0000000000   8.8335811190e+02   7.7831013641e+01   5.2093044753e+02
   5212.0000000000   8.8360913615e+02   7.7910056156e+01   5.2107642422e+02
   5213.0000000000   8.8385914003e+02   7.7988477206e+01   5.2122202348e+02
   5214.0000000000   8.8410824708e+02   7.8066382848e+01   5.2136727024e+02
   5215.0000000000   8.8435654786e+02   7.8143839875e+01   5.2152222975e+02
   5216.0000000000   8.8460411221e+02   7.8220894594e+01   5.2167099129e+02
   5217.0000000000   8.8485099595e+02   7.8297581291e+01   5.2181848597e+02
   5218.0000000000   8.8510756403e+02   7.8373926592e+01   5.2196519409e+02
   5219.0000000000   8.8535749105e+02   7.8449951933e+01   5.2211130831e+02
   5220.0000000000   8.8560586011e+02   7.8525675059e+01   5.2225693192e+02
   5221.0000000000   8.8586349843e+02   7.8601110986e+01   5.2240212950e+02
   5222.0000000000   8.8612457194e+02   7.8686317125e+01   5.2256703447e+02
   5223.0000000000   8.8637788433e+02   7.8765376399e+01   5.2271982281e+02
   5224.0000000000   8.8662904182e+02   7.8843214684e+01   5.2287035157e+02
   5225.0000000000   8.8687876447e+02   7.8920307884e+01   5.2301957494e+02
   5226.0000000000   8.8712737497e+02   7.8996844943e+01   5.2316787141e+02
   5227.0000000000   8.8737505839e+02   7.9072925961e+01   5.2331544061e+02
   5228.0000000000   8.8764257376e+02   7.9148612756e+01   5.2346240487e+02
   5229.0000000000   8.8789727899e+02   7.9233991883e+01   5.2360884657e+02
   5230.0000000000   8.8814933884e+02   7.9313165603e+01   5.2375482492e+02
   5231.0000000000   8.8841008204e+02   7.9391073245e+01   5.2390038455e+02
   5232.0000000000   8.8866355688e+02   7.9478244889e+01   5.2404556035e+02
   5233.0000000000   8.8891503774e+02   7.9558948292e+01   5.2420042490e+02
   5234.0000000000   8.8916514587e+02   7.9648249372e+01   5.2434907292e+02
   5235.0000000000   8.8941416515e+02   7.9730752750e+01   5.2449643971e+02
   5236.0000000000   8.8967258236e+02   7.9811600588e+01   5.2465305325e+02
   5237.0000000000   8.8993446524e+02   7.9891385921e+01   5.2480318033e+02
   5238.0000000000   8.9019890090e+02   7.9970370344e+01   5.2495184212e+02
   5239.0000000000   8.9045511777e+02   8.0048702944e+01   5.2510961620e+02
   5240.0000000000   8.9071920022e+02   8.0136524971e+01   5.2528088976e+02
   5241.0000000000   8.9097558560e+02   8.0217976122e+01   5.2543884843e+02
   5242.0000000000   8.9122969561e+02   8.0298022883e+01   5.2559387218e+02
   5243.0000000000   8.9148222745e+02   8.0377171385e+01   5.2575717713e+02
   5244.0000000000   8.9173351078e+02   8.0455633783e+01   5.2591333163e+02
   5245.0000000000   8.9198374369e+02   8.0533528434e+01   5.2606752492e+02
   5246.0000000000   8.9223306025e+02   8.0610931810e+01   5.2622039628e+02
   5247.0000000000   8.9248155804e+02   8.0687897948e+01   5.2637224487e+02
   5248.0000000000   8.9273963079e+02   8.0764467393e+01   5.2652324954e+02
   5249.0000000000   8.9299097380e+02   8.0850716365e+01   5.2667353082e+02
   5250.0000000000   8.9324068559e+02   8.0940786614e+01   5.2682317601e+02
   5251.0000000000   8.9348928605e+02   8.1023686884e+01   5.2697225148e+02
   5252.0000000000   8.9373699507e+02   8.1114862436e+01   5.2713085398e+02
   5253.0000000000   8.9398393728e+02   8.1199048129e+01   5.2729314190e+02
   5254.0000000000   8.9424051390e+02   8.1291491357e+01   5.2744813770e+02
   5255.0000000000   8.9449042043e+02   8.1376890356e+01   5.2760125361e+02
   5256.0000000000   8.9473875273e+02   8.1460443360e+01   5.2775316256e+02
   5257.0000000000   8.9498602705e+02   8.1542780317e+01   5.2790415990e+02
   5258.0000000000   8.9525309758e+02   8.1624188773e+01   5.2805441243e+02
   5259.0000000000   8.9550735744e+02   8.1704836952e+01   5.2820402785e+02
   5260.0000000000   8.9575898581e+02   8.1784836278e+01   5.2835308185e+02
   5261.0000000000   8.9600899829e+02   8.1864266376e+01   5.2850163080e+02
   5262.0000000000   8.9626812829e+02   8.1943187171e+01   5.2864971850e+02
   5263.0000000000   8.9653055554e+02   8.2021645495e+01   5.2879738015e+02
   5264.0000000000   8.9679542659e+02   8.2099679021e+01   5.2894464471e+02
   5265.0000000000   8.9705200476e+02   8.2177318759e+01   5.2909153651e+02
   5266.0000000000   8.9732671540e+02   8.2264635183e+01   5.2923807636e+02
   5267.0000000000   8.9758764645e+02   8.2345722049e+01   5.2938428227e+02
   5268.0000000000   8.9784527984e+02   8.2425514325e+01   5.2953017001e+02
   5269.0000000000   8.9811111860e+02   8.2504495631e+01   5.2968579804e+02
   5270.0000000000   8.9836931949e+02   8.2582861517e+01   5.2983525042e+02
   5271.0000000000   8.9862522995e+02   8.2670762261e+01   5.2998345422e+02
   5272.0000000000   8.9887952325e+02   8.2752336251e+01   5.3013088655e+02
   5273.0000000000   8.9913252188e+02   8.2832545774e+01   5.3028778196e+02
   5274.0000000000   8.9939474219e+02   8.2911892252e+01   5.3043831328e+02
   5275.0000000000   8.9966027518e+02   8.2990583393e+01   5.3058745924e+02
   5276.0000000000   8.9992822662e+02   8.3078778091e+01   5.3073572986e+02
   5277.0000000000   9.0018784020e+02   8.3160621017e+01   5.3088333757e+02
   5278.0000000000   9.0044489385e+02   8.3241079159e+01   5.3104044394e+02
   5279.0000000000   9.0071051848e+02   8.3320657522e+01   5.3119119513e+02
   5280.0000000000   9.0096873068e+02   8.3399566603e+01   5.3135060343e+02
   5281.0000000000   9.0122480592e+02   8.3487967493e+01   5.3151329030e+02
   5282.0000000000   9.0147937446e+02   8.3570006620e+01   5.3166845386e+02
   5283.0000000000   9.0174304981e+02   8.3650652394e+01   5.3182159352e+02
   5284.0000000000   9.0199964597e+02   8.3730410984e+01   5.3197343178e+02
   5285.0000000000   9.0225433503e+02   8.3809493849e+01   5.3213433912e+02
   5286.0000000000   9.0250768660e+02   8.3888018406e+01   5.3228857401e+02
   5287.0000000000   9.0275995622e+02   8.3966060146e+01   5.3244117367e+02
   5288.0000000000   9.0302161429e+02   8.4043672183e+01   5.3259269031e+02
   5289.0000000000   9.0328671886e+02   8.4120894220e+01   5.3274336804e+02
   5290.0000000000   9.0354403212e+02   8.4207801736e+01   5.3289334844e+02
   5291.0000000000   9.0379914301e+02   8.4288491355e+01   5.3304272552e+02
   5292.0000000000   9.0405276465e+02   8.4367899646e+01   5.3319156692e+02
   5293.0000000000   9.0430521764e+02   8.4446511037e+01   5.3333992401e+02
   5294.0000000000   9.0455668734e+02   8.4524521401e+01   5.3348783731e+02
   5295.0000000000   9.0480729608e+02   8.4602036555e+01   5.3363533973e+02
   5296.0000000000   9.0505713154e+02   8.4679123096e+01   5.3378245862e+02
   5297.0000000000   9.0530626025e+02   8.4755827139e+01   5.3392921707e+02
   5298.0000000000   9.0555473475e+02   8.4832182781e+01   5.3407563493e+02
   5299.0000000000   9.0581291698e+02   8.4908216446e+01   5.3423177390e+02
   5300.0000000000   9.0606447883e+02   8.4983949355e+01   5.3438172073e+02
   5301.0000000000   9.0631450099e+02   8.5079487970e+01   5.3453040470e+02
   5302.0000000000   9.0656348950e+02   8.5162990291e+01   5.3467830473e+02
   5303.0000000000   9.0681165317e+02   8.5244300738e+01   5.3482561248e+02
   5304.0000000000   9.0705910770e+02   8.5324364264e+01   5.3497243046e+02
   5305.0000000000   9.0730592789e+02   8.5403552354e+01   5.3511882266e+02
   5306.0000000000   9.0755216702e+02   8.5492103685e+01   5.3526483308e+02
   5307.0000000000   9.0779786555e+02   8.5574207877e+01   5.3541049415e+02
   5308.0000000000   9.0804305568e+02   8.5654859666e+01   5.3555583089e+02
   5309.0000000000   9.0829808301e+02   8.5734582320e+01   5.3572095233e+02
   5310.0000000000   9.0854660603e+02   8.5813598922e+01   5.3587401827e+02
   5311.0000000000   9.0880401339e+02   8.5902079560e+01   5.3602487442e+02
   5312.0000000000   9.0905443780e+02   8.5984177280e+01   5.3617446672e+02
   5313.0000000000   9.0930313031e+02   8.6074909939e+01   5.3632316739e+02
   5314.0000000000   9.0955067936e+02   8.6158859132e+01   5.3648121570e+02
   5315.0000000000   9.0979733949e+02   8.6241155153e+01   5.3663280175e+02
   5316.0000000000   9.1005357303e+02   8.6322384711e+01   5.3679296515e+02
   5317.0000000000   9.1030310846e+02   8.6402806035e+01   5.3694630109e+02
   5318.0000000000   9.1055106094e+02   8.6482566502e+01   5.3709794882e+02
   5319.0000000000   9.1081859670e+02   8.6571806614e+01   5.3724850114e+02
   5320.0000000000   9.1107321149e+02   8.6654665886e+01   5.3739822057e+02
   5321.0000000000   9.1132513142e+02   8.6746155430e+01   5.3754725758e+02
   5322.0000000000   9.1158571667e+02   8.6830853339e+01   5.3769571048e+02
   5323.0000000000   9.1183903302e+02   8.6913888097e+01   5.3784364889e+02
   5324.0000000000   9.1209036510e+02   8.6995845532e+01   5.3799112489e+02
   5325.0000000000   9.1235065943e+02   8.7076983529e+01   5.3813817902e+02
   5326.0000000000   9.1260383975e+02   8.7157449432e+01   5.3828484382e+02
   5327.0000000000   9.1285512626e+02   8.7237339428e+01   5.3844119052e+02
   5328.0000000000   9.1311543156e+02   8.7316721685e+01   5.3859131314e+02
   5329.0000000000   9.1336865984e+02   8.7395647304e+01   5.3875019111e+02
   5330.0000000000   9.1364065743e+02   8.7474156181e+01   5.3890237947e+02
   5331.0000000000   9.1389928232e+02   8.7562324909e+01   5.3905298935e+02
   5332.0000000000   9.1415489788e+02   8.7654296069e+01   5.3921263761e+02
   5333.0000000000   9.1441893690e+02   8.7739079422e+01   5.3936564312e+02
   5334.0000000000   9.1467551062e+02   8.7822076829e+01   5.3951706051e+02
   5335.0000000000   9.1492993511e+02   8.7903952602e+01   5.3966744591e+02
   5336.0000000000   9.1520349913e+02   8.7984994815e+01   5.3981704252e+02
   5337.0000000000   9.1546378042e+02   8.8065364108e+01   5.3996598930e+02
   5338.0000000000   9.1572106363e+02   8.8145162882e+01   5.4011437708e+02
   5339.0000000000   9.1597643361e+02   8.8224462214e+01   5.4026227031e+02
   5340.0000000000   9.1624067295e+02   8.8303314456e+01   5.4040971736e+02
   5341.0000000000   9.1649767908e+02   8.8381759892e+01   5.4055675596e+02
   5342.0000000000   9.1675267185e+02   8.8459830573e+01   5.4070341652e+02
   5343.0000000000   9.1700625091e+02   8.8547597160e+01   5.4084972410e+02
   5344.0000000000   9.1725869191e+02   8.8629153116e+01   5.4100574424e+02
   5345.0000000000   9.1752047936e+02   8.8709432869e+01   5.4116561102e+02
   5346.0000000000   9.1777536249e+02   8.8788919364e+01   5.4131832751e+02
   5347.0000000000   9.1802847503e+02   8.8867807426e+01   5.4147933463e+02
   5348.0000000000   9.1829068060e+02   8.8946202120e+01   5.4164340834e+02
   5349.0000000000   9.1855617239e+02   8.9024169499e+01   5.4179982051e+02
   5350.0000000000   9.1882409423e+02   8.9101755285e+01   5.4195411148e+02
   5351.0000000000   9.1908370519e+02   8.9189037759e+01   5.4210702881e+02
   5352.0000000000   9.1935110817e+02   8.9270114746e+01   5.4225891492e+02
   5353.0000000000   9.1961075281e+02   8.9349923184e+01   5.4240996803e+02
   5354.0000000000   9.1986806952e+02   8.9428947433e+01   5.4256031769e+02
   5355.0000000000   9.2012376198e+02   8.9517427538e+01   5.4272009973e+02
   5356.0000000000   9.2038848401e+02   8.9599540510e+01   5.4287345367e+02
   5357.0000000000   9.2064607388e+02   8.9680268342e+01   5.4303539235e+02
   5358.0000000000   9.2090171927e+02   8.9760123618e+01   5.4319049616e+02
   5359.0000000000   9.2115600030e+02   8.9839320824e+01   5.4334389596e+02
   5360.0000000000   9.2141949894e+02   8.9917978684e+01   5.4349617985e+02
   5361.0000000000   9.2167600789e+02   8.9996173083e+01   5.4364760783e+02
   5362.0000000000   9.2193068411e+02   9.0084001501e+01   5.4379832917e+02
   5363.0000000000   9.2218408604e+02   9.0165574874e+01   5.4394844176e+02
   5364.0000000000   9.2243646064e+02   9.0245839552e+01   5.4409801535e+02
   5365.0000000000   9.2268795251e+02   9.0325286906e+01   5.4424710244e+02
   5366.0000000000   9.2294897815e+02   9.0404117884e+01   5.4439574418e+02
   5367.0000000000   9.2320324508e+02   9.0482442104e+01   5.4454397384e+02
   5368.0000000000   9.2345585886e+02   9.0560329061e+01   5.4469181895e+02
   5369.0000000000   9.2370734369e+02   9.0637827125e+01   5.4485939168e+02
   5370.0000000000   9.2396824133e+02   9.0725016636e+01   5.4501485516e+02
   5371.0000000000   9.2422231440e+02   9.0816041509e+01   5.4516805839e+02
   5372.0000000000   9.2449533480e+02   9.0899911578e+01   5.4531995044e+02
   5373.0000000000   9.2475511486e+02   9.0982028093e+01   5.4547090649e+02
   5374.0000000000   9.2501198726e+02   9.1063054400e+01   5.4563116853e+02
   5375.0000000000   9.2526704386e+02   9.1143277432e+01   5.4578492917e+02
   5376.0000000000   9.2552074359e+02   9.1232901088e+01   5.4594723034e+02
   5377.0000000000   9.2577333991e+02   9.1316098153e+01   5.4610266938e+02
   5378.0000000000   9.2602499406e+02   9.1407898841e+01   5.4625638750e+02
   5379.0000000000   9.2627581807e+02   9.1492892902e+01   5.4640897929e+02
   5380.0000000000   9.2655685190e+02   9.1576216243e+01   5.4657075341e+02
   5381.0000000000   9.2681906771e+02   9.1658459574e+01   5.4672593349e+02
   5382.0000000000   9.2708798629e+02   9.1749928531e+01   5.4687953512e+02
   5383.0000000000   9.2734872458e+02   9.1834844302e+01   5.4703209616e+02
   5384.0000000000   9.2761724423e+02   9.1918220473e+01   5.4718385079e+02
   5385.0000000000   9.2788829576e+02   9.2010637692e+01   5.4733493343e+02
   5386.0000000000   9.2815094683e+02   9.2096400255e+01   5.4748543278e+02
   5387.0000000000   9.2841095579e+02   9.2180557167e+01   5.4763541247e+02
   5388.0000000000   9.2866914143e+02   9.2263662913e+01   5.4778492076e+02
   5389.0000000000   9.2892589536e+02   9.2356005421e+01   5.4793399574e+02
   5390.0000000000   9.2918145322e+02   9.2441796383e+01   5.4808266840e+02
   5391.0000000000   9.2944629339e+02   9.2526044001e+01   5.4823096452e+02
   5392.0000000000   9.2971448687e+02   9.2609281312e+01   5.4837890594e+02
   5393.0000000000   9.2998512744e+02   9.2701783637e+01   5.4854660043e+02
   5394.0000000000   9.3024745111e+02   9.2787754672e+01   5.4870220758e+02
   5395.0000000000   9.3050723046e+02   9.2872197257e+01   5.4886561802e+02
   5396.0000000000   9.3076527353e+02   9.2955640682e+01   5.4904193905e+02
   5397.0000000000   9.3103227704e+02   9.3038313088e+01   5.4920460298e+02
   5398.0000000000   9.3129210016e+02   9.3130389029e+01   5.4936410437e+02
   5399.0000000000   9.3154994202e+02   9.3226070047e+01   5.4952167760e+02
   5400.0000000000   9.3181670874e+02   9.3314404790e+01   5.4967785756e+02
   5401.0000000000   9.3208662283e+02   9.3400822439e+01   5.4983294262e+02
   5402.0000000000   9.3234853034e+02   9.3486007412e+01   5.4998712246e+02
   5403.0000000000   9.3260807018e+02   9.3570263122e+01   5.5015057240e+02
   5404.0000000000   9.3286598830e+02   9.3653762239e+01   5.5031750408e+02
   5405.0000000000   9.3313294739e+02   9.3736616824e+01   5.5047697773e+02
   5406.0000000000   9.3340310496e+02   9.3818905858e+01   5.5063443336e+02
   5407.0000000000   9.3366528264e+02   9.3900688261e+01   5.5079056494e+02
   5408.0000000000   9.3393542730e+02   9.3992054328e+01   5.5094568411e+02
   5409.0000000000   9.3420823430e+02   9.4077112440e+01   5.5109997061e+02
   5410.0000000000   9.3449336852e+02   9.4160808717e+01   5.5125354254e+02
   5411.0000000000   9.3477415152e+02   9.4243635498e+01   5.5141652857e+02
   5412.0000000000   9.3504511939e+02   9.4335839781e+01   5.5157306372e+02
   5413.0000000000   9.3531265979e+02   9.4421604664e+01   5.5172811361e+02
   5414.0000000000   9.3557784993e+02   9.4505917498e+01   5.5188218537e+02
   5415.0000000000   9.3584121840e+02   9.4589295608e+01   5.5203549315e+02
   5416.0000000000   9.3610308419e+02   9.4671957693e+01   5.5218815774e+02
   5417.0000000000   9.3636366205e+02   9.4754026244e+01   5.5234025827e+02
   5418.0000000000   9.3662310697e+02   9.4845625002e+01   5.5250189596e+02
   5419.0000000000   9.3688153639e+02   9.4930881631e+01   5.5265718563e+02
   5420.0000000000   9.3713904258e+02   9.5014754086e+01   5.5281107748e+02
   5421.0000000000   9.3740601916e+02   9.5097742306e+01   5.5296406661e+02
   5422.0000000000   9.3767648291e+02   9.5180053871e+01   5.5311635751e+02
   5423.0000000000   9.3794949109e+02   9.5261803712e+01   5.5326806314e+02
   5424.0000000000   9.3821425403e+02   9.5343065708e+01   5.5341925615e+02
   5425.0000000000   9.3847652574e+02   9.5423891924e+01   5.5356998784e+02
   5426.0000000000   9.3873710049e+02   9.5504321394e+01   5.5373034133e+02
   5427.0000000000   9.3899634548e+02   9.5594429183e+01   5.5390450757e+02
   5428.0000000000   9.3925447576e+02   9.5688356159e+01   5.5406557042e+02
   5429.0000000000   9.3952195304e+02   9.5775110394e+01   5.5422384925e+02
   5430.0000000000   9.3978251583e+02   9.5860092168e+01   5.5438047647e+02
   5431.0000000000   9.4005161109e+02   9.5943964355e+01   5.5453592187e+02
   5432.0000000000   9.4031341590e+02   9.6027013735e+01   5.5469043948e+02
   5433.0000000000   9.4057321612e+02   9.6109399791e+01   5.5484418733e+02
   5434.0000000000   9.4084194736e+02   9.6191223898e+01   5.5500731731e+02
   5435.0000000000   9.4112416156e+02   9.6272556217e+01   5.5516397870e+02
   5436.0000000000   9.4139234382e+02   9.6353448288e+01   5.5532919064e+02
   5437.0000000000   9.4166750227e+02   9.6433939672e+01   5.5548753775e+02
   5438.0000000000   9.4193449726e+02   9.6514061777e+01   5.5564415391e+02
   5439.0000000000   9.4219890662e+02   9.6603884689e+01   5.5579962944e+02
   5440.0000000000   9.4247182474e+02   9.6687501360e+01   5.5595422602e+02
   5441.0000000000   9.4275790166e+02   9.6769845759e+01   5.5610809424e+02
   5442.0000000000   9.4302968809e+02   9.6851400420e+01   5.5627137757e+02
   5443.0000000000   9.4329791948e+02   9.6942404274e+01   5.5643826269e+02
   5444.0000000000   9.4356385432e+02   9.7037078138e+01   5.5659779037e+02
   5445.0000000000   9.4382804627e+02   9.7124475244e+01   5.5676542972e+02
   5446.0000000000   9.4409081132e+02   9.7210023864e+01   5.5693597848e+02
   5447.0000000000   9.4435235568e+02   9.7294405381e+01   5.5709872583e+02
   5448.0000000000   9.4461282549e+02   9.7377919423e+01   5.5725922616e+02
   5449.0000000000   9.4488264936e+02   9.7460734726e+01   5.5741823863e+02
   5450.0000000000   9.4514554893e+02   9.7542959529e+01   5.5757611541e+02
   5451.0000000000   9.4540664330e+02   9.7624669214e+01   5.5773306301e+02
   5452.0000000000   9.4567678802e+02   9.7715963842e+01   5.5788921810e+02
   5453.0000000000   9.4593985275e+02   9.7811002252e+01   5.5804467822e+02
   5454.0000000000   9.4620102379e+02   9.7898805885e+01   5.5820956119e+02
   5455.0000000000   9.4646087275e+02   9.7984785246e+01   5.5837804038e+02
   5456.0000000000   9.4671965318e+02   9.8069611192e+01   5.5853914935e+02
   5457.0000000000   9.4697751329e+02   9.8153576862e+01   5.5870835333e+02
   5458.0000000000   9.4723455267e+02   9.8236846878e+01   5.5887040357e+02
   5459.0000000000   9.4750116319e+02   9.8329571294e+01   5.5903051669e+02
   5460.0000000000   9.4776103727e+02   9.8415895372e+01   5.5918933093e+02
   5461.0000000000   9.4801927047e+02   9.8500789436e+01   5.5934713860e+02
   5462.0000000000   9.4828669911e+02   9.8584762461e+01   5.5951415580e+02
   5463.0000000000   9.4855749601e+02   9.8668028823e+01   5.5967456837e+02
   5464.0000000000   9.4882047027e+02   9.8750708695e+01   5.5984341877e+02
   5465.0000000000   9.4909155158e+02   9.8852969020e+01   5.6000530778e+02
   5466.0000000000   9.4936541879e+02   9.8943008372e+01   5.6017542563e+02
   5467.0000000000   9.4963108401e+02   9.9030700182e+01   5.6033844337e+02
   5468.0000000000   9.4990458397e+02   9.9117011128e+01   5.6049954581e+02
   5469.0000000000   9.5017034345e+02   9.9212374010e+01   5.6065935644e+02
   5470.0000000000   9.5043378145e+02   9.9301068062e+01   5.6081816007e+02
   5471.0000000000   9.5070591467e+02   9.9388138092e+01   5.6097612433e+02
   5472.0000000000   9.5098102945e+02   9.9474138986e+01   5.6113336122e+02
   5473.0000000000   9.5124801196e+02   9.9559315556e+01   5.6128995165e+02
   5474.0000000000   9.5151252792e+02   9.9643809283e+01   5.6144595724e+02
   5475.0000000000   9.5177534201e+02   9.9727713724e+01   5.6160142668e+02
   5476.0000000000   9.5203681142e+02   9.9831184936e+01   5.6177648859e+02
   5477.0000000000   9.5230746762e+02   9.9922416963e+01   5.6193931919e+02
   5478.0000000000   9.5257108968e+02   1.0001128157e+02   5.6209977821e+02
   5479.0000000000   9.5284315075e+02   1.0010878959e+02   5.6225882364e+02
   5480.0000000000   9.5310784603e+02   1.0019940131e+02   5.6241683818e+02
   5481.0000000000   9.5337047459e+02   1.0029828537e+02   5.6257402586e+02
   5482.0000000000   9.5365230105e+02   1.0040015455e+02   5.6273051328e+02
   5483.0000000000   9.5392088305e+02   1.0049426599e+02   5.6289643143e+02
   5484.0000000000   9.5419680886e+02   1.0058616008e+02   5.6305591506e+02
   5485.0000000000   9.5446478776e+02   1.0068663376e+02   5.6321392839e+02
   5486.0000000000   9.5473032466e+02   1.0079015188e+02   5.6338102122e+02
   5487.0000000000   9.5499415381e+02   1.0088590669e+02   5.6354147739e+02
   5488.0000000000   9.5526694451e+02   1.0098946122e+02   5.6371037620e+02
   5489.0000000000   9.5553254410e+02   1.0108563196e+02   5.6387233361e+02
   5490.0000000000   9.5579614619e+02   1.0117968153e+02   5.6403250150e+02
   5491.0000000000   9.5605833510e+02   1.0127228192e+02   5.6419148139e+02
   5492.0000000000   9.5632969594e+02   1.0136375107e+02   5.6434954228e+02
   5493.0000000000   9.5659402396e+02   1.0147436948e+02   5.6450683986e+02
   5494.0000000000   9.5686679725e+02   1.0157241040e+02   5.6466347676e+02
   5495.0000000000   9.5714253123e+02   1.0167784498e+02   5.6481952635e+02
   5496.0000000000   9.5742047987e+02   1.0177575145e+02   5.6497504401e+02
   5497.0000000000   9.5768995522e+02   1.0187146517e+02   5.6513007324e+02
   5498.0000000000   9.5795677169e+02   1.0196568568e+02   5.6528464927e+02
   5499.0000000000   9.5822176258e+02   1.0205874326e+02   5.6543880132e+02
   5500.0000000000   9.5848532191e+02   1.0215083569e+02   5.6559255407e+02
   5501.0000000000   9.5875800296e+02   1.0224209648e+02   5.6574592871e+02
   5502.0000000000   9.5903391776e+02   1.0233262264e+02   5.6589894369e+02
   5503.0000000000   9.5930186586e+02   1.0243253276e+02   5.6605161523e+02
   5504.0000000000   9.5957778230e+02   1.0252595721e+02   5.6620395772e+02
   5505.0000000000   9.5984603655e+02   1.0261785970e+02   5.6636602854e+02
   5506.0000000000   9.6011201510e+02   1.0270874703e+02   5.6653195540e+02
   5507.0000000000   9.6037639538e+02   1.0279883385e+02   5.6670078082e+02
   5508.0000000000   9.6063949545e+02   1.0288824195e+02   5.6686196885e+02
   5509.0000000000   9.6090150647e+02   1.0297705169e+02   5.6702109203e+02
   5510.0000000000   9.6116255834e+02   1.0306532118e+02   5.6717889908e+02
   5511.0000000000   9.6143306531e+02   1.0315309507e+02   5.6733572628e+02
   5512.0000000000   9.6169673686e+02   1.0324040911e+02   5.6749176440e+02
   5513.0000000000   9.6196900099e+02   1.0332729287e+02   5.6764713590e+02
   5514.0000000000   9.6223402170e+02   1.0341377134e+02   5.6780192588e+02
   5515.0000000000   9.6249707555e+02   1.0349986604e+02   5.6795619686e+02
   5516.0000000000   9.6275877212e+02   1.0358559578e+02   5.6810999673e+02
   5517.0000000000   9.6301938380e+02   1.0367097717e+02   5.6827340786e+02
   5518.0000000000   9.6327906905e+02   1.0375602506e+02   5.6843053260e+02
   5519.0000000000   9.6353793340e+02   1.0384075280e+02   5.6858631234e+02
   5520.0000000000   9.6379605321e+02   1.0392517248e+02   5.6874123557e+02
   5521.0000000000   9.6405348691e+02   1.0400929516e+02   5.6889550162e+02
   5522.0000000000   9.6431028110e+02   1.0409313093e+02   5.6904921926e+02
   5523.0000000000   9.6457679314e+02   1.0417668911e+02   5.6920245766e+02
   5524.0000000000   9.6483669134e+02   1.0425997833e+02   5.6935526517e+02
   5525.0000000000   9.6509505357e+02   1.0434300656e+02   5.6950767785e+02
   5526.0000000000   9.6535238353e+02   1.0442578126e+02   5.6965972389e+02
   5527.0000000000   9.6560888817e+02   1.0450830938e+02   5.6981142605e+02
   5528.0000000000   9.6586468161e+02   1.0459059744e+02   5.6996280326e+02
   5529.0000000000   9.6611983735e+02   1.0467265155e+02   5.7012391603e+02
   5530.0000000000   9.6640536484e+02   1.0475447748e+02   5.7027884982e+02
   5531.0000000000   9.6668253108e+02   1.0483608064e+02   5.7043253259e+02
   5532.0000000000   9.6696047351e+02   1.0491746619e+02   5.7058544202e+02
   5533.0000000000   9.6723966259e+02   1.0501872792e+02   5.7073776853e+02
   5534.0000000000   9.6750984368e+02   1.0510801366e+02   5.7088961353e+02
   5535.0000000000   9.6777703725e+02   1.0520520402e+02   5.7104103993e+02
   5536.0000000000   9.6804219042e+02   1.0530535313e+02   5.7119209081e+02
   5537.0000000000   9.6830576618e+02   1.0539781419e+02   5.7134279767e+02
   5538.0000000000   9.6856804327e+02   1.0549820380e+02   5.7149318472e+02
   5539.0000000000   9.6882920865e+02   1.0559135523e+02   5.7164327131e+02
   5540.0000000000   9.6908939654e+02   1.0568253323e+02   5.7179307330e+02
   5541.0000000000   9.6934870806e+02   1.0578245030e+02   5.7194260406e+02
   5542.0000000000   9.6962786035e+02   1.0587548941e+02   5.7209187504e+02
   5543.0000000000   9.6990450815e+02   1.0596675050e+02   5.7224089620e+02
   5544.0000000000   9.7017244021e+02   1.0605682296e+02   5.7238967632e+02
   5545.0000000000   9.7044802888e+02   1.0614597518e+02   5.7253822324e+02
   5546.0000000000   9.7071579866e+02   1.0623436565e+02   5.7269658847e+02
   5547.0000000000   9.7098120812e+02   1.0632210070e+02   5.7284885002e+02
   5548.0000000000   9.7124497327e+02   1.0640925725e+02   5.7299992959e+02
   5549.0000000000   9.7150743472e+02   1.0649589383e+02   5.7315029949e+02
   5550.0000000000   9.7176879758e+02   1.0658205665e+02   5.7330014556e+02
   5551.0000000000   9.7202920078e+02   1.0666778319e+02   5.7345960962e+02
   5552.0000000000   9.7228874548e+02   1.0677319344e+02   5.7361282267e+02
   5553.0000000000   9.7256814723e+02   1.0686645681e+02   5.7376474050e+02
   5554.0000000000   9.7283473970e+02   1.0695742743e+02   5.7391585876e+02
   5555.0000000000   9.7309867349e+02   1.0705710310e+02   5.7406638001e+02
   5556.0000000000   9.7336094978e+02   1.0714993413e+02   5.7421641408e+02
   5557.0000000000   9.7362197562e+02   1.0724103692e+02   5.7437607435e+02
   5558.0000000000   9.7389229119e+02   1.0733100199e+02   5.7452947982e+02
   5559.0000000000   9.7415567244e+02   1.0742009397e+02   5.7468158101e+02
   5560.0000000000   9.7441726683e+02   1.0751851080e+02   5.7483287141e+02
   5561.0000000000   9.7467762616e+02   1.0761042529e+02   5.7500364187e+02
   5562.0000000000   9.7494731130e+02   1.0770082558e+02   5.7516214550e+02
   5563.0000000000   9.7522041778e+02   1.0779023304e+02   5.7531828341e+02
   5564.0000000000   9.7549604488e+02   1.0787887118e+02   5.7547303750e+02
   5565.0000000000   9.7576342696e+02   1.0796686715e+02   5.7562680484e+02
   5566.0000000000   9.7602833234e+02   1.0806434896e+02   5.7577979822e+02
   5567.0000000000   9.7629156396e+02   1.0815544805e+02   5.7593214954e+02
   5568.0000000000   9.7655349425e+02   1.0824512568e+02   5.7608394839e+02
   5569.0000000000   9.7682466040e+02   1.0833388471e+02   5.7624530400e+02
   5570.0000000000   9.7708884282e+02   1.0842193525e+02   5.7641038142e+02
   5571.0000000000   9.7735119489e+02   1.0850939445e+02   5.7656820647e+02
   5572.0000000000   9.7761227405e+02   1.0860638264e+02   5.7672419284e+02
   5573.0000000000   9.7787232704e+02   1.0869702523e+02   5.7687901371e+02
   5574.0000000000   9.7815213657e+02   1.0879632312e+02   5.7703296399e+02
   5575.0000000000   9.7841907225e+02   1.0888884683e+02   5.7718620963e+02
   5576.0000000000   9.7868330586e+02   1.0897971912e+02   5.7733885722e+02
   5577.0000000000   9.7894585191e+02   1.0907956587e+02   5.7749098119e+02
   5578.0000000000   9.7921744536e+02   1.0917271310e+02   5.7764263660e+02
   5579.0000000000   9.7948194949e+02   1.0926422132e+02   5.7779386590e+02
   5580.0000000000   9.7974455866e+02   1.0936469594e+02   5.7794470295e+02
   5581.0000000000   9.8000585290e+02   1.0945845587e+02   5.7809517541e+02
   5582.0000000000   9.8027641148e+02   1.0956060391e+02   5.7825535082e+02
   5583.0000000000   9.8054002351e+02   1.0966581693e+02   5.7840932036e+02
   5584.0000000000   9.8081216128e+02   1.0976333039e+02   5.7858210568e+02
   5585.0000000000   9.8108733480e+02   1.0986871502e+02   5.7874233162e+02
   5586.0000000000   9.8135447405e+02   1.0996678517e+02   5.7890002366e+02
   5587.0000000000   9.8161925048e+02   1.1006279849e+02   5.7905621991e+02
   5588.0000000000   9.8188242424e+02   1.1015742148e+02   5.7921134743e+02
   5589.0000000000   9.8214434527e+02   1.1025096676e+02   5.7936563688e+02
   5590.0000000000   9.8240521846e+02   1.1034362101e+02   5.7951923174e+02
   5591.0000000000   9.8266517974e+02   1.1043550994e+02   5.7967222957e+02
   5592.0000000000   9.8293464566e+02   1.1053676906e+02   5.7982470093e+02
   5593.0000000000   9.8319732613e+02   1.1063153927e+02   5.7997669917e+02
   5594.0000000000   9.8346864855e+02   1.1072479113e+02   5.8012826610e+02
   5595.0000000000   9.8374309495e+02   1.1081703595e+02   5.8027943534e+02
   5596.0000000000   9.8400957662e+02   1.1090849136e+02   5.8044027907e+02
   5597.0000000000   9.8428407099e+02   1.1099928116e+02   5.8059489211e+02
   5598.0000000000   9.8455096475e+02   1.1108948701e+02   5.8075825455e+02
   5599.0000000000   9.8481565091e+02   1.1117916785e+02   5.8091492199e+02
   5600.0000000000   9.8508912757e+02   1.1126836878e+02   5.8108005053e+02
   5601.0000000000   9.8535534820e+02   1.1135712581e+02   5.8123828458e+02
   5602.0000000000   9.8561955228e+02   1.1144546852e+02   5.8139478761e+02
   5603.0000000000   9.8588234701e+02   1.1153342183e+02   5.8157025460e+02
   5604.0000000000   9.8615432982e+02   1.1163105155e+02   5.8173309908e+02
   5605.0000000000   9.8641930283e+02   1.1172244785e+02   5.8190335258e+02
   5606.0000000000   9.8670306710e+02   1.1181254293e+02   5.8207616660e+02
   5607.0000000000   9.8697345720e+02   1.1190181825e+02   5.8224096217e+02
   5608.0000000000   9.8725114226e+02   1.1199046768e+02   5.8240336128e+02
   5609.0000000000   9.8752086414e+02   1.1207859572e+02   5.8256416367e+02
   5610.0000000000   9.8778814330e+02   1.1216626813e+02   5.8272374822e+02
   5611.0000000000   9.8806404127e+02   1.1225353057e+02   5.8288234011e+02
   5612.0000000000   9.8834286807e+02   1.1234041691e+02   5.8304008966e+02
   5613.0000000000   9.8861352397e+02   1.1242695354e+02   5.8321719363e+02
   5614.0000000000   9.8889200290e+02   1.1252320629e+02   5.8338187651e+02
   5615.0000000000   9.8916271199e+02   1.1261326450e+02   5.8354403357e+02
   5616.0000000000   9.8943106327e+02   1.1270205910e+02   5.8370464978e+02
   5617.0000000000   9.8969775232e+02   1.1279007009e+02   5.8386412885e+02
   5618.0000000000   9.8996311059e+02   1.1287748978e+02   5.8402269145e+02
   5619.0000000000   9.9022733931e+02   1.1296442110e+02   5.8418047764e+02
   5620.0000000000   9.9049057620e+02   1.1305092826e+02   5.8433758491e+02
   5621.0000000000   9.9075292260e+02   1.1314709990e+02   5.8449408551e+02
   5622.0000000000   9.9101445675e+02   1.1323704009e+02   5.8466007984e+02
   5623.0000000000   9.9128556036e+02   1.1333573420e+02   5.8481968434e+02
   5624.0000000000   9.9156024011e+02   1.1342774088e+02   5.8497785168e+02
   5625.0000000000   9.9183754462e+02   1.1351817338e+02   5.8513507967e+02
   5626.0000000000   9.9210667684e+02   1.1361764985e+02   5.8529157551e+02
   5627.0000000000   9.9237338442e+02   1.1371048984e+02   5.8545749917e+02
   5628.0000000000   9.9263845607e+02   1.1380174833e+02   5.8561699726e+02
   5629.0000000000   9.9290225416e+02   1.1390202604e+02   5.8577503909e+02
   5630.0000000000   9.9316498945e+02   1.1399563772e+02   5.8593213218e+02
   5631.0000000000   9.9342680080e+02   1.1408763810e+02   5.8608848958e+02
   5632.0000000000   9.9369810630e+02   1.1417858478e+02   5.8624423040e+02
   5633.0000000000   9.9396261667e+02   1.1426872286e+02   5.8641952083e+02
   5634.0000000000   9.9422544067e+02   1.1436823772e+02   5.8658255893e+02
   5635.0000000000   9.9450774355e+02   1.1447133806e+02   5.8674321787e+02
   5636.0000000000   9.9477702264e+02   1.1456707744e+02   5.8690246418e+02
   5637.0000000000   9.9504350697e+02   1.1466088847e+02   5.8706068622e+02
   5638.0000000000   9.9530824110e+02   1.1475345799e+02   5.8721809174e+02
   5639.0000000000   9.9557165842e+02   1.1484509114e+02   5.8738485434e+02
   5640.0000000000   9.9583399702e+02   1.1493596184e+02   5.8755517830e+02
   5641.0000000000   9.9609540825e+02   1.1502618305e+02   5.8772815982e+02
   5642.0000000000   9.9635599743e+02   1.1511583438e+02   5.8789330238e+02
   5643.0000000000   9.9662616162e+02   1.1520497521e+02   5.8805620849e+02
   5644.0000000000   9.9688959730e+02   1.1529365167e+02   5.8821765029e+02
   5645.0000000000   9.9716172218e+02   1.1538190073e+02   5.8837798280e+02
   5646.0000000000   9.9742669184e+02   1.1546975279e+02   5.8853741204e+02
   5647.0000000000   9.9768977578e+02   1.1556727778e+02   5.8870611757e+02
   5648.0000000000   9.9796189662e+02   1.1565856898e+02   5.8886826669e+02
   5649.0000000000   9.9822695767e+02   1.1574856100e+02   5.8902884675e+02
   5650.0000000000   9.9850048217e+02   1.1583773713e+02   5.8918838027e+02
   5651.0000000000   9.9876668744e+02   1.1592629267e+02   5.8934709265e+02
   5652.0000000000   9.9903088232e+02   1.1602437769e+02   5.8950511319e+02
   5653.0000000000   9.9930401612e+02   1.1611613041e+02   5.8966252759e+02
   5654.0000000000   9.9957001108e+02   1.1621655745e+02   5.8981939775e+02
   5655.0000000000   9.9985472345e+02   1.1632027623e+02   5.8999586000e+02
   5656.0000000000   1.0001363363e+03   1.1641648185e+02   5.9016009528e+02
   5657.0000000000   1.0004088530e+03   1.1651067148e+02   5.9034205519e+02
   5658.0000000000   1.0006784403e+03   1.1660356596e+02   5.9051084282e+02
   5659.0000000000   1.0009460550e+03   1.1669549002e+02   5.9067667382e+02
   5660.0000000000   1.0012224693e+03   1.1678662956e+02   5.9084068682e+02
   5661.0000000000   1.0014915869e+03   1.1687710521e+02   5.9100337064e+02
   5662.0000000000   1.0017586352e+03   1.1696700167e+02   5.9116499755e+02
   5663.0000000000   1.0020448589e+03   1.1705638177e+02   5.9133578545e+02
   5664.0000000000   1.0023178114e+03   1.1714529401e+02   5.9149992611e+02
   5665.0000000000   1.0025980819e+03   1.1723377707e+02   5.9166242357e+02
   5666.0000000000   1.0028703825e+03   1.1733190698e+02   5.9182381233e+02
   5667.0000000000   1.0031402213e+03   1.1743382615e+02   5.9198432672e+02
   5668.0000000000   1.0034083357e+03   1.1752854434e+02   5.9215414738e+02
   5669.0000000000   1.0036853977e+03   1.1763150802e+02   5.9231743701e+02
   5670.0000000000   1.0039552573e+03   1.1772745327e+02   5.9248922222e+02
   5671.0000000000   1.0042231100e+03   1.1782158424e+02   5.9265409252e+02
   5672.0000000000   1.0044895420e+03   1.1791452872e+02   5.9281718534e+02
   5673.0000000000   1.0047548211e+03   1.1800657021e+02   5.9297909381e+02
   5674.0000000000   1.0050191075e+03   1.1809787276e+02   5.9314008203e+02
   5675.0000000000   1.0052928303e+03   1.1818854402e+02   5.9330030268e+02
   5676.0000000000   1.0055597072e+03   1.1827866038e+02   5.9345985663e+02
   5677.0000000000   1.0058351709e+03   1.1836827903e+02   5.9362886068e+02
   5678.0000000000   1.0061033887e+03   1.1846748896e+02   5.9379144128e+02
   5679.0000000000   1.0063696393e+03   1.1856039754e+02   5.9396260205e+02
   5680.0000000000   1.0066448530e+03   1.1865194999e+02   5.9412691673e+02
   5681.0000000000   1.0069129394e+03   1.1874263791e+02   5.9429955584e+02
   5682.0000000000   1.0071791081e+03   1.1883266314e+02   5.9446517559e+02
   5683.0000000000   1.0074542642e+03   1.1892213655e+02   5.9462894923e+02
   5684.0000000000   1.0077223064e+03   1.1902117356e+02   5.9480153557e+02
   5685.0000000000   1.0079987583e+03   1.1911389562e+02   5.9496728362e+02
   5686.0000000000   1.0082781583e+03   1.1920525599e+02   5.9513127078e+02
   5687.0000000000   1.0085494541e+03   1.1929575089e+02   5.9529407093e+02
   5688.0000000000   1.0088286481e+03   1.1938558497e+02   5.9545594158e+02
   5689.0000000000   1.0091001448e+03   1.1947487077e+02   5.9561703342e+02
   5690.0000000000   1.0093693509e+03   1.1956368020e+02   5.9577744715e+02
   5691.0000000000   1.0096369556e+03   1.1965206368e+02   5.9593725561e+02
   5692.0000000000   1.0099032845e+03   1.1974005887e+02   5.9609651437e+02
   5693.0000000000   1.0101685336e+03   1.1983773963e+02   5.9625526750e+02
   5694.0000000000   1.0104328357e+03   1.1992920135e+02   5.9641355094e+02
   5695.0000000000   1.0106962880e+03   1.2001937960e+02   5.9657139468e+02
   5696.0000000000   1.0109692842e+03   1.2011880249e+02   5.9674891317e+02
   5697.0000000000   1.0112355196e+03   1.2022178135e+02   5.9691427158e+02
   5698.0000000000   1.0115000932e+03   1.2031740895e+02   5.9707732085e+02
   5699.0000000000   1.0117635253e+03   1.2042117877e+02   5.9723901178e+02
   5700.0000000000   1.0120260363e+03   1.2051785602e+02   5.9739972119e+02
   5701.0000000000   1.0122980703e+03   1.2061266403e+02   5.9755964810e+02
   5702.0000000000   1.0125633463e+03   1.2070624382e+02   5.9771891492e+02
   5703.0000000000   1.0128269744e+03   1.2079888832e+02   5.9787760456e+02
   5704.0000000000   1.0130894804e+03   1.2089076850e+02   5.9804582150e+02
   5705.0000000000   1.0133510873e+03   1.2098199723e+02   5.9820768297e+02
   5706.0000000000   1.0136325592e+03   1.2107265488e+02   5.9836814081e+02
   5707.0000000000   1.0139115703e+03   1.2116280175e+02   5.9852769122e+02
   5708.0000000000   1.0141922357e+03   1.2125248480e+02   5.9868653939e+02
   5709.0000000000   1.0144642466e+03   1.2134174172e+02   5.9884479866e+02
   5710.0000000000   1.0147335409e+03   1.2144064795e+02   5.9900254189e+02
   5711.0000000000   1.0150010045e+03   1.2153330099e+02   5.9915982046e+02
   5712.0000000000   1.0152670569e+03   1.2163468324e+02   5.9931667296e+02
   5713.0000000000   1.0155319454e+03   1.2172935222e+02   5.9948317419e+02
   5714.0000000000   1.0158061528e+03   1.2182242124e+02   5.9964342039e+02
   5715.0000000000   1.0160837509e+03   1.2191446455e+02   5.9980234797e+02
   5716.0000000000   1.0163638325e+03   1.2201577554e+02   5.9996044135e+02
   5717.0000000000   1.0166459508e+03   1.2211056607e+02   6.0011789651e+02
   5718.0000000000   1.0169195127e+03   1.2220384245e+02   6.0027481945e+02
   5719.0000000000   1.0171903739e+03   1.2229613515e+02   6.0044132150e+02
   5720.0000000000   1.0174593898e+03   1.2238767227e+02   6.0061156516e+02
   5721.0000000000   1.0177269671e+03   1.2247858328e+02   6.0077457231e+02
   5722.0000000000   1.0179933478e+03   1.2256895269e+02   6.0093575256e+02
   5723.0000000000   1.0182586939e+03   1.2265884061e+02   6.0109577531e+02
   5724.0000000000   1.0185231222e+03   1.2274829231e+02   6.0125493208e+02
   5725.0000000000   1.0187867210e+03   1.2283734329e+02   6.0141338590e+02
   5726.0000000000   1.0190598788e+03   1.2293606679e+02   6.0158128531e+02
   5727.0000000000   1.0193366071e+03   1.2302855823e+02   6.0174277420e+02
   5728.0000000000   1.0196056388e+03   1.2311975362e+02   6.0190282168e+02
   5729.0000000000   1.0198725431e+03   1.2321013719e+02   6.0207198008e+02
   5730.0000000000   1.0201483383e+03   1.2329990485e+02   6.0223453441e+02
   5731.0000000000   1.0204272899e+03   1.2338916260e+02   6.0239551986e+02
   5732.0000000000   1.0206982618e+03   1.2347797727e+02   6.0255548062e+02
   5733.0000000000   1.0209772192e+03   1.2356639530e+02   6.0271465223e+02
   5734.0000000000   1.0212485464e+03   1.2365445110e+02   6.0287316858e+02
   5735.0000000000   1.0215176373e+03   1.2374217143e+02   6.0303111703e+02
   5736.0000000000   1.0218058108e+03   1.2383962234e+02   6.0319860410e+02
   5737.0000000000   1.0220806586e+03   1.2393089329e+02   6.0336979252e+02
   5738.0000000000   1.0223524723e+03   1.2402091525e+02   6.0353370630e+02
   5739.0000000000   1.0226223406e+03   1.2411016818e+02   6.0369575781e+02
   5740.0000000000   1.0228907292e+03   1.2419884432e+02   6.0385661933e+02
   5741.0000000000   1.0231579008e+03   1.2428704646e+02   6.0402662959e+02
   5742.0000000000   1.0234240258e+03   1.2437483869e+02   6.0419002578e+02
   5743.0000000000   1.0236995439e+03   1.2446226497e+02   6.0435183018e+02
   5744.0000000000   1.0239785007e+03   1.2454935758e+02   6.0452262859e+02
   5745.0000000000   1.0242496531e+03   1.2463614136e+02   6.0468672859e+02
   5746.0000000000   1.0245185878e+03   1.2472263615e+02   6.0484918144e+02
   5747.0000000000   1.0248066556e+03   1.2480885828e+02   6.0501054324e+02
   5748.0000000000   1.0250814492e+03   1.2489482146e+02   6.0518110315e+02
   5749.0000000000   1.0253532550e+03   1.2499058191e+02   6.0534507386e+02
   5750.0000000000   1.0256231551e+03   1.2508022147e+02   6.0550746438e+02
   5751.0000000000   1.0258916094e+03   1.2516866501e+02   6.0566880845e+02
   5752.0000000000   1.0261588754e+03   1.2525638748e+02   6.0583938202e+02
   5753.0000000000   1.0264251194e+03   1.2535362144e+02   6.0600338934e+02
   5754.0000000000   1.0267007777e+03   1.2544453778e+02   6.0616583376e+02
   5755.0000000000   1.0270005309e+03   1.2554415788e+02   6.0632724506e+02
   5756.0000000000   1.0272907249e+03   1.2565715061e+02   6.0648785182e+02
   5757.0000000000   1.0275810003e+03   1.2575678589e+02   6.0664778454e+02
   5758.0000000000   1.0278617136e+03   1.2585347799e+02   6.0680712909e+02
   5759.0000000000   1.0281390857e+03   1.2594841482e+02   6.0698603598e+02
   5760.0000000000   1.0284141571e+03   1.2604210148e+02   6.0716273963e+02
   5761.0000000000   1.0286874438e+03   1.2613481579e+02   6.0734122481e+02
   5762.0000000000   1.0289592589e+03   1.2623677694e+02   6.0751144303e+02
   5763.0000000000   1.0292298133e+03   1.2633217599e+02   6.0767916399e+02
   5764.0000000000   1.0294992592e+03   1.2642601541e+02   6.0784524239e+02
   5765.0000000000   1.0297677117e+03   1.2651882765e+02   6.0801008054e+02
   5766.0000000000   1.0300352611e+03   1.2661084477e+02   6.0817391423e+02
   5767.0000000000   1.0303122993e+03   1.2670220064e+02   6.0833689859e+02
   5768.0000000000   1.0305825223e+03   1.2680302850e+02   6.0849914349e+02
   5769.0000000000   1.0308613499e+03   1.2690750846e+02   6.0866073084e+02
   5770.0000000000   1.0311329408e+03   1.2700467675e+02   6.0882172414e+02
   5771.0000000000   1.0314025681e+03   1.2709995476e+02   6.0898217406e+02
   5772.0000000000   1.0316708394e+03   1.2719402176e+02   6.0915216655e+02
   5773.0000000000   1.0319380254e+03   1.2728717753e+02   6.0932585222e+02
   5774.0000000000   1.0322042838e+03   1.2737959214e+02   6.0949224785e+02
   5775.0000000000   1.0324800385e+03   1.2747137567e+02   6.0966680585e+02
   5776.0000000000   1.0327490017e+03   1.2756260557e+02   6.0983426754e+02
   5777.0000000000   1.0330369201e+03   1.2767342849e+02   6.0999984157e+02
   5778.0000000000   1.0333115921e+03   1.2777203247e+02   6.1017420425e+02
   5779.0000000000   1.0335833424e+03   1.2786828518e+02   6.1034171422e+02
   5780.0000000000   1.0338738961e+03   1.2797319454e+02   6.1051749905e+02
   5781.0000000000   1.0341509814e+03   1.2807121867e+02   6.1069625231e+02
   5782.0000000000   1.0344249504e+03   1.2816748008e+02   6.1086722130e+02
   5783.0000000000   1.0347072417e+03   1.2826257416e+02   6.1103594115e+02
   5784.0000000000   1.0349922935e+03   1.2835676955e+02   6.1120316145e+02
   5785.0000000000   1.0352690651e+03   1.2846026743e+02   6.1136922943e+02
   5786.0000000000   1.0355432635e+03   1.2855724338e+02   6.1153434908e+02
   5787.0000000000   1.0358259978e+03   1.2865268781e+02   6.1169865585e+02
   5788.0000000000   1.0361012784e+03   1.2874712408e+02   6.1186224681e+02
   5789.0000000000   1.0363846990e+03   1.2884077737e+02   6.1202519524e+02
   5790.0000000000   1.0366605269e+03   1.2893377628e+02   6.1218755864e+02
   5791.0000000000   1.0369444277e+03   1.2903625009e+02   6.1234938342e+02
   5792.0000000000   1.0372206968e+03   1.2913233135e+02   6.1251070792e+02
   5793.0000000000   1.0375153323e+03   1.2922698231e+02   6.1267156445e+02
   5794.0000000000   1.0377962728e+03   1.2932070667e+02   6.1283198060e+02
   5795.0000000000   1.0380739325e+03   1.2941371531e+02   6.1299198025e+02
   5796.0000000000   1.0383597794e+03   1.2950612609e+02   6.1315158433e+02
   5797.0000000000   1.0386482700e+03   1.2959801546e+02   6.1331081132e+02
   5798.0000000000   1.0389283768e+03   1.2968943776e+02   6.1346967768e+02
   5799.0000000000   1.0392058170e+03   1.2979047854e+02   6.1362819820e+02
   5800.0000000000   1.0394813892e+03   1.2988524181e+02   6.1378638622e+02
   5801.0000000000   1.0397657940e+03   1.2997866987e+02   6.1396434280e+02
   5802.0000000000   1.0400428977e+03   1.3007125172e+02   6.1413022225e+02
   5803.0000000000   1.0403179078e+03   1.3017323151e+02   6.1429386645e+02
   5804.0000000000   1.0405914188e+03   1.3026878985e+02   6.1445621864e+02
   5805.0000000000   1.0408740244e+03   1.3036291196e+02   6.1461764921e+02
   5806.0000000000   1.0411495266e+03   1.3046615779e+02   6.1477835170e+02
   5807.0000000000   1.0414230903e+03   1.3056281603e+02   6.1493844378e+02
   5808.0000000000   1.0417159188e+03   1.3065792363e+02   6.1509800423e+02
   5809.0000000000   1.0419955373e+03   1.3075202557e+02   6.1526713391e+02
   5810.0000000000   1.0422721960e+03   1.3084535766e+02   6.1542994688e+02
   5811.0000000000   1.0425469564e+03   1.3093805378e+02   6.1559139216e+02
   5812.0000000000   1.0428202655e+03   1.3103020117e+02   6.1575196342e+02
   5813.0000000000   1.0430923728e+03   1.3112186166e+02   6.1591186361e+02
   5814.0000000000   1.0433634395e+03   1.3121308166e+02   6.1607120405e+02
   5815.0000000000   1.0436335791e+03   1.3130389749e+02   6.1623005577e+02
   5816.0000000000   1.0439028768e+03   1.3139433844e+02   6.1638846848e+02
   5817.0000000000   1.0441713994e+03   1.3149447324e+02   6.1654647928e+02
   5818.0000000000   1.0444495199e+03   1.3158839393e+02   6.1671416158e+02
   5819.0000000000   1.0447209193e+03   1.3169107837e+02   6.1687561037e+02
   5820.0000000000   1.0449906856e+03   1.3178708035e+02   6.1704580538e+02
   5821.0000000000   1.0452593311e+03   1.3188150998e+02   6.1720930156e+02
   5822.0000000000   1.0455270702e+03   1.3197493883e+02   6.1738125427e+02
   5823.0000000000   1.0457940231e+03   1.3206761349e+02   6.1754630715e+02
   5824.0000000000   1.0460602688e+03   1.3215967221e+02   6.1770962296e+02
   5825.0000000000   1.0463258641e+03   1.3225120370e+02   6.1788185149e+02
   5826.0000000000   1.0465908529e+03   1.3234226994e+02   6.1804733404e+02
   5827.0000000000   1.0468552702e+03   1.3243291686e+02   6.1821114123e+02
   5828.0000000000   1.0471397834e+03   1.3252317994e+02   6.1837384100e+02
   5829.0000000000   1.0474116895e+03   1.3261308757e+02   6.1853568558e+02
   5830.0000000000   1.0476811104e+03   1.3270266299e+02   6.1869682098e+02
   5831.0000000000   1.0479490247e+03   1.3279192571e+02   6.1886738813e+02
   5832.0000000000   1.0482261397e+03   1.3288089232e+02   6.1903152766e+02
   5833.0000000000   1.0485066165e+03   1.3296957717e+02   6.1919420757e+02
   5834.0000000000   1.0487792684e+03   1.3305799283e+02   6.1935593571e+02
   5835.0000000000   1.0490600308e+03   1.3314615041e+02   6.1951692601e+02
   5836.0000000000   1.0493332682e+03   1.3323405981e+02   6.1968734307e+02
   5837.0000000000   1.0496043598e+03   1.3332172995e+02   6.1985133664e+02
   5838.0000000000   1.0498842945e+03   1.3340916889e+02   6.2001387822e+02
   5839.0000000000   1.0501570188e+03   1.3349638400e+02   6.2018552128e+02
   5840.0000000000   1.0504277668e+03   1.3358338201e+02   6.2035055144e+02
   5841.0000000000   1.0506971412e+03   1.3367016911e+02   6.2052404877e+02
   5842.0000000000   1.0509757358e+03   1.3375675105e+02   6.2069062943e+02
   5843.0000000000   1.0512473497e+03   1.3386322209e+02   6.2085544516e+02
   5844.0000000000   1.0515171429e+03   1.3396777488e+02   6.2101909710e+02
   5845.0000000000   1.0517856753e+03   1.3406431740e+02   6.2118185380e+02
   5846.0000000000   1.0520531944e+03   1.3415870376e+02   6.2134387038e+02
   5847.0000000000   1.0523198446e+03   1.3425176672e+02   6.2150524888e+02
   5848.0000000000   1.0525960419e+03   1.3434387653e+02   6.2167610653e+02
   5849.0000000000   1.0528654929e+03   1.3443523978e+02   6.2184056968e+02
   5850.0000000000   1.0531333023e+03   1.3452598681e+02   6.2200359709e+02
   5851.0000000000   1.0533999935e+03   1.3461620669e+02   6.2216569033e+02
   5852.0000000000   1.0536761071e+03   1.3470596374e+02   6.2232705886e+02
   5853.0000000000   1.0539454049e+03   1.3480535096e+02   6.2248781955e+02
   5854.0000000000   1.0542233387e+03   1.3490852227e+02   6.2264804812e+02
   5855.0000000000   1.0544940838e+03   1.3500449539e+02   6.2280779836e+02
   5856.0000000000   1.0547629218e+03   1.3509867792e+02   6.2296711088e+02
   5857.0000000000   1.0550304640e+03   1.3519173831e+02   6.2312601772e+02
   5858.0000000000   1.0553073018e+03   1.3529401215e+02   6.2328454499e+02
   5859.0000000000   1.0555875479e+03   1.3538973389e+02   6.2344271447e+02
   5860.0000000000   1.0558599926e+03   1.3548392341e+02   6.2360054472e+02
   5861.0000000000   1.0561405594e+03   1.3557711992e+02   6.2375805180e+02
   5862.0000000000   1.0564136065e+03   1.3566955749e+02   6.2392529423e+02
   5863.0000000000   1.0566948288e+03   1.3576136972e+02   6.2408635608e+02
   5864.0000000000   1.0569788496e+03   1.3585264419e+02   6.2424616435e+02
   5865.0000000000   1.0572546647e+03   1.3594344320e+02   6.2441524049e+02
   5866.0000000000   1.0575486258e+03   1.3603381370e+02   6.2458789054e+02
   5867.0000000000   1.0578287936e+03   1.3612379243e+02   6.2476324753e+02
   5868.0000000000   1.0581056390e+03   1.3621340908e+02   6.2493082858e+02
   5869.0000000000   1.0583906601e+03   1.3631273264e+02   6.2509624030e+02
   5870.0000000000   1.0586680118e+03   1.3640585537e+02   6.2526025471e+02
   5871.0000000000   1.0589430411e+03   1.3649771082e+02   6.2542322473e+02
   5872.0000000000   1.0592164214e+03   1.3658878123e+02   6.2558535345e+02
   5873.0000000000   1.0594884760e+03   1.3667926089e+02   6.2575681720e+02
   5874.0000000000   1.0597594028e+03   1.3676925441e+02   6.2592177999e+02
   5875.0000000000   1.0600293386e+03   1.3685882746e+02   6.2609527046e+02
   5876.0000000000   1.0602983844e+03   1.3694802546e+02   6.2626187972e+02
   5877.0000000000   1.0605666186e+03   1.3703688192e+02   6.2642674618e+02
   5878.0000000000   1.0608341043e+03   1.3712542280e+02   6.2659046345e+02
   5879.0000000000   1.0611112124e+03   1.3721366893e+02   6.2675329561e+02
   5880.0000000000   1.0613816223e+03   1.3730163753e+02   6.2691539506e+02
   5881.0000000000   1.0616504216e+03   1.3739938755e+02   6.2707686215e+02
   5882.0000000000   1.0619284411e+03   1.3750104754e+02   6.2725785747e+02
   5883.0000000000   1.0621995308e+03   1.3759561581e+02   6.2742657828e+02
   5884.0000000000   1.0624688611e+03   1.3769852923e+02   6.2759289876e+02
   5885.0000000000   1.0627369903e+03   1.3780456019e+02   6.2775778710e+02
   5886.0000000000   1.0630041611e+03   1.3791302194e+02   6.2793167790e+02
   5887.0000000000   1.0632911504e+03   1.3801352369e+02   6.2809885227e+02
   5888.0000000000   1.0635653219e+03   1.3812177091e+02   6.2826435680e+02
   5889.0000000000   1.0638471612e+03   1.3823268690e+02   6.2842874806e+02
   5890.0000000000   1.0641213139e+03   1.3833563626e+02   6.2859227243e+02
   5891.0000000000   1.0643932418e+03   1.3843622240e+02   6.2875507283e+02
   5892.0000000000   1.0646636480e+03   1.3853523798e+02   6.2891724414e+02
   5893.0000000000   1.0649328590e+03   1.3863305904e+02   6.2907885469e+02
   5894.0000000000   1.0652010675e+03   1.3872990955e+02   6.2925000090e+02
   5895.0000000000   1.0654684018e+03   1.3882593931e+02   6.2941479543e+02
   5896.0000000000   1.0657452733e+03   1.3892125588e+02   6.2957818755e+02
   5897.0000000000   1.0660153881e+03   1.3901594040e+02   6.2974067203e+02
   5898.0000000000   1.0662941704e+03   1.3912010076e+02   6.2990245333e+02
   5899.0000000000   1.0665760999e+03   1.3921785950e+02   6.3007368896e+02
   5900.0000000000   1.0668604049e+03   1.3931417436e+02   6.3023852334e+02
   5901.0000000000   1.0671466971e+03   1.3940954724e+02   6.3041196827e+02
   5902.0000000000   1.0674347311e+03   1.3950418872e+02   6.3057860109e+02
   5903.0000000000   1.0677140144e+03   1.3959821704e+02   6.3075359358e+02
   5904.0000000000   1.0679904608e+03   1.3969170948e+02   6.3092160194e+02
   5905.0000000000   1.0682649617e+03   1.3978472137e+02   6.3108779881e+02
   5906.0000000000   1.0685379478e+03   1.3987729481e+02   6.3127288648e+02
   5907.0000000000   1.0688096779e+03   1.3996946327e+02   6.3144528443e+02
   5908.0000000000   1.0690803260e+03   1.4006125417e+02   6.3161498470e+02
   5909.0000000000   1.0693706558e+03   1.4015269053e+02   6.3178302688e+02
   5910.0000000000   1.0696480345e+03   1.4024379202e+02   6.3194984814e+02
   5911.0000000000   1.0699226375e+03   1.4033457572e+02   6.3212573525e+02
   5912.0000000000   1.0702058036e+03   1.4042505665e+02   6.3229491448e+02
   5913.0000000000   1.0704815905e+03   1.4053533706e+02   6.3246240936e+02
   5914.0000000000   1.0707552807e+03   1.4063357207e+02   6.3263881081e+02
   5915.0000000000   1.0710378223e+03   1.4072960418e+02   6.3280843256e+02
   5916.0000000000   1.0713234610e+03   1.4082437701e+02   6.3297633198e+02
   5917.0000000000   1.0716010568e+03   1.4091826120e+02   6.3314307089e+02
   5918.0000000000   1.0718762575e+03   1.4101145043e+02   6.3331894368e+02
   5919.0000000000   1.0721601341e+03   1.4110406240e+02   6.3348816773e+02
   5920.0000000000   1.0724366704e+03   1.4119617586e+02   6.3365575625e+02
   5921.0000000000   1.0727111220e+03   1.4128784713e+02   6.3382224678e+02
   5922.0000000000   1.0729841058e+03   1.4137911851e+02   6.3399791864e+02
   5923.0000000000   1.0732559071e+03   1.4147002302e+02   6.3416697913e+02
   5924.0000000000   1.0735266969e+03   1.4156058719e+02   6.3433443436e+02
   5925.0000000000   1.0737965921e+03   1.4165083287e+02   6.3450081658e+02
   5926.0000000000   1.0740656784e+03   1.4174077843e+02   6.3466635665e+02
   5927.0000000000   1.0743443414e+03   1.4183043954e+02   6.3483118711e+02
   5928.0000000000   1.0746265900e+03   1.4191982978e+02   6.3499539572e+02
   5929.0000000000   1.0749011545e+03   1.4201900551e+02   6.3515904575e+02
   5930.0000000000   1.0751942403e+03   1.4212209336e+02   6.3532218551e+02
   5931.0000000000   1.0754738170e+03   1.4221809022e+02   6.3548485340e+02
   5932.0000000000   1.0757606130e+03   1.4232243184e+02   6.3564708091e+02
   5933.0000000000   1.0760394001e+03   1.4241984534e+02   6.3580889440e+02
   5934.0000000000   1.0763157152e+03   1.4251552721e+02   6.3598036087e+02
   5935.0000000000   1.0765903106e+03   1.4261009869e+02   6.3614557147e+02
   5936.0000000000   1.0768738660e+03   1.4270383757e+02   6.3630945916e+02
   5937.0000000000   1.0771502352e+03   1.4279690291e+02   6.3647250610e+02
   5938.0000000000   1.0774349349e+03   1.4289944248e+02   6.3663490670e+02
   5939.0000000000   1.0777121879e+03   1.4300564486e+02   6.3679676597e+02
   5940.0000000000   1.0779976311e+03   1.4310455125e+02   6.3696819455e+02
   5941.0000000000   1.0782755404e+03   1.4320158591e+02   6.3713331008e+02
   5942.0000000000   1.0785512610e+03   1.4329742959e+02   6.3729706262e+02
   5943.0000000000   1.0788254488e+03   1.4339238278e+02   6.3745994582e+02
   5944.0000000000   1.0790984086e+03   1.4348661569e+02   6.3763220662e+02
   5945.0000000000   1.0793703233e+03   1.4358023822e+02   6.3779802737e+02
   5946.0000000000   1.0796516360e+03   1.4368337187e+02   6.3796239432e+02
   5947.0000000000   1.0799363927e+03   1.4378014543e+02   6.3812582356e+02
   5948.0000000000   1.0802236689e+03   1.4388556345e+02   6.3828853253e+02
   5949.0000000000   1.0805026869e+03   1.4398419978e+02   6.3847073143e+02
   5950.0000000000   1.0807895275e+03   1.4408118003e+02   6.3864064157e+02
   5951.0000000000   1.0810686265e+03   1.4417708803e+02   6.3881819409e+02
   5952.0000000000   1.0813454048e+03   1.4427218021e+02   6.3898843558e+02
   5953.0000000000   1.0816205596e+03   1.4436660286e+02   6.3916672015e+02
   5954.0000000000   1.0818944211e+03   1.4446045136e+02   6.3933779774e+02
   5955.0000000000   1.0821671879e+03   1.4455379326e+02   6.3950689667e+02
   5956.0000000000   1.0824389949e+03   1.4465672366e+02   6.3967466651e+02
   5957.0000000000   1.0827202597e+03   1.4475335371e+02   6.3984140862e+02
   5958.0000000000   1.0830050132e+03   1.4484863107e+02   6.4000730147e+02
   5959.0000000000   1.0832923209e+03   1.4494304898e+02   6.4017246443e+02
   5960.0000000000   1.0835817173e+03   1.4503681037e+02   6.4033698342e+02
   5961.0000000000   1.0838625954e+03   1.4513002691e+02   6.4051096801e+02
   5962.0000000000   1.0841408014e+03   1.4522277005e+02   6.4067854094e+02
   5963.0000000000   1.0844171830e+03   1.4531509005e+02   6.4086474833e+02
   5964.0000000000   1.0847024603e+03   1.4540702451e+02   6.4103823449e+02
   5965.0000000000   1.0849805072e+03   1.4549860292e+02   6.4120904073e+02
   5966.0000000000   1.0852565325e+03   1.4558984916e+02   6.4137821824e+02
   5967.0000000000   1.0855311299e+03   1.4568078307e+02   6.4154620508e+02
   5968.0000000000   1.0858148904e+03   1.4578146598e+02   6.4171324123e+02
   5969.0000000000   1.0860916133e+03   1.4587598401e+02   6.4187947820e+02
   5970.0000000000   1.0863767794e+03   1.4596926573e+02   6.4204502054e+02
   5971.0000000000   1.0866545867e+03   1.4607183378e+02   6.4220994489e+02
   5972.0000000000   1.0869303354e+03   1.4616795065e+02   6.4237431001e+02
   5973.0000000000   1.0872046520e+03   1.4626263397e+02   6.4253816249e+02
   5974.0000000000   1.0874778215e+03   1.4635641395e+02   6.4270154025e+02
   5975.0000000000   1.0877603313e+03   1.4644951481e+02   6.4287451932e+02
   5976.0000000000   1.0880359307e+03   1.4654206104e+02   6.4304119800e+02
   5977.0000000000   1.0883097524e+03   1.4664417667e+02   6.4321655956e+02
   5978.0000000000   1.0885823396e+03   1.4673998870e+02   6.4338516250e+02
   5979.0000000000   1.0888642479e+03   1.4684449847e+02   6.4355212108e+02
   5980.0000000000   1.0891495695e+03   1.4694227617e+02   6.4371801055e+02
   5981.0000000000   1.0894270825e+03   1.4703844379e+02   6.4388308076e+02
   5982.0000000000   1.0897127029e+03   1.4713358176e+02   6.4405751735e+02
   5983.0000000000   1.0899907841e+03   1.4722794337e+02   6.4422548330e+02
   5984.0000000000   1.0902666990e+03   1.4732167204e+02   6.4439195886e+02
   5985.0000000000   1.0905411138e+03   1.4741486058e+02   6.4456750352e+02
   5986.0000000000   1.0908143369e+03   1.4750757418e+02   6.4473640726e+02
   5987.0000000000   1.0910968705e+03   1.4760990584e+02   6.4490370889e+02
   5988.0000000000   1.0913724736e+03   1.4770596476e+02   6.4507999989e+02
   5989.0000000000   1.0916462856e+03   1.4781074138e+02   6.4525963413e+02
   5990.0000000000   1.0919188543e+03   1.4790879893e+02   6.4543173483e+02
   5991.0000000000   1.0922110577e+03   1.4800525480e+02   6.4560177376e+02
   5992.0000000000   1.0924903075e+03   1.4810068629e+02   6.4577046213e+02
   5993.0000000000   1.0927667977e+03   1.4819534452e+02   6.4593812143e+02
   5994.0000000000   1.0930415558e+03   1.4828937140e+02   6.4610493713e+02
   5995.0000000000   1.0933253253e+03   1.4838285865e+02   6.4628107521e+02
   5996.0000000000   1.0936122944e+03   1.4847587072e+02   6.4645069346e+02
   5997.0000000000   1.0938912976e+03   1.4856845556e+02   6.4662881675e+02
   5998.0000000000   1.0941679684e+03   1.4866065040e+02   6.4681007843e+02
   5999.0000000000   1.0944533680e+03   1.4875248506e+02   6.4698368728e+02
   6000.0000000000   1.0947314733e+03   1.4884398402e+02   6.4715515214e+02
   6001.0000000000   1.0950281723e+03   1.4893516781e+02   6.4732520390e+02
   6002.0000000000   1.0953113501e+03   1.4903609840e+02   6.4749417589e+02
   6003.0000000000   1.0956017077e+03   1.4913086253e+02   6.4766226153e+02
   6004.0000000000   1.0958943278e+03   1.4922438927e+02   6.4784967693e+02
   6005.0000000000   1.0961887014e+03   1.4931715726e+02   6.4803470025e+02
   6006.0000000000   1.0964742689e+03   1.4940935778e+02   6.4821130273e+02
   6007.0000000000   1.0967569238e+03   1.4950109291e+02   6.4838538718e+02
   6008.0000000000   1.0970375523e+03   1.4959242621e+02   6.4855782499e+02
   6009.0000000000   1.0973165858e+03   1.4969344573e+02   6.4872901777e+02
   6010.0000000000   1.0975942862e+03   1.4979829952e+02   6.4890924255e+02
   6011.0000000000   1.0978811504e+03   1.4989599965e+02   6.4908272311e+02
   6012.0000000000   1.0981712631e+03   1.4999194859e+02   6.4926452745e+02
   6013.0000000000   1.0984534099e+03   1.5008681032e+02   6.4943927451e+02
   6014.0000000000   1.0987435181e+03   1.5019091652e+02   6.4961212351e+02
   6015.0000000000   1.0990259533e+03   1.5028849832e+02   6.4978368424e+02
   6016.0000000000   1.0993164189e+03   1.5038457271e+02   6.4995423379e+02
   6017.0000000000   1.0995992276e+03   1.5048972087e+02   6.5012393525e+02
   6018.0000000000   1.0998900666e+03   1.5058824631e+02   6.5029289795e+02
   6019.0000000000   1.1001732429e+03   1.5068519664e+02   6.5046120123e+02
   6020.0000000000   1.1004541230e+03   1.5080121369e+02   6.5062890577e+02
   6021.0000000000   1.1007540156e+03   1.5091472692e+02   6.5079605981e+02
   6022.0000000000   1.1010405093e+03   1.5101977809e+02   6.5096270279e+02
   6023.0000000000   1.1013238961e+03   1.5112230774e+02   6.5112886768e+02
   6024.0000000000   1.1016052663e+03   1.5122320915e+02   6.5129458255e+02
   6025.0000000000   1.1018954073e+03   1.5132289732e+02   6.5145987164e+02
   6026.0000000000   1.1021782205e+03   1.5142161324e+02   6.5162475612e+02
   6027.0000000000   1.1024589295e+03   1.5152955898e+02   6.5178925469e+02
   6028.0000000000   1.1027381374e+03   1.5163091728e+02   6.5195338402e+02
   6029.0000000000   1.1030161229e+03   1.5173068658e+02   6.5211715904e+02
   6030.0000000000   1.1032930544e+03   1.5182939762e+02   6.5229063774e+02
   6031.0000000000   1.1035793668e+03   1.5192728206e+02   6.5245790400e+02
   6032.0000000000   1.1038587822e+03   1.5202447406e+02   6.5263392939e+02
   6033.0000000000   1.1041364182e+03   1.5213110761e+02   6.5280326274e+02
   6034.0000000000   1.1044128090e+03   1.5223131929e+02   6.5297101030e+02
   6035.0000000000   1.1046881854e+03   1.5233007481e+02   6.5313774053e+02
   6036.0000000000   1.1049626813e+03   1.5242788081e+02   6.5330369758e+02
   6037.0000000000   1.1052363862e+03   1.5252495076e+02   6.5346901768e+02
   6038.0000000000   1.1055196850e+03   1.5262140470e+02   6.5363378798e+02
   6039.0000000000   1.1057962650e+03   1.5271732102e+02   6.5379806918e+02
   6040.0000000000   1.1060712178e+03   1.5281275576e+02   6.5397195063e+02
   6041.0000000000   1.1063553767e+03   1.5290775148e+02   6.5413953862e+02
   6042.0000000000   1.1066325932e+03   1.5300234188e+02   6.5430577673e+02
   6043.0000000000   1.1069183573e+03   1.5309655455e+02   6.5447115464e+02
   6044.0000000000   1.1071968639e+03   1.5319041258e+02   6.5464591680e+02
   6045.0000000000   1.1074734061e+03   1.5328393568e+02   6.5481424385e+02
   6046.0000000000   1.1077486023e+03   1.5337714093e+02   6.5498112090e+02
   6047.0000000000   1.1080227298e+03   1.5347004331e+02   6.5514706318e+02
   6048.0000000000   1.1083062688e+03   1.5356265610e+02   6.5531228750e+02
   6049.0000000000   1.1085932811e+03   1.5365499118e+02   6.5547691464e+02
   6050.0000000000   1.1088725300e+03   1.5374705925e+02   6.5565106675e+02
   6051.0000000000   1.1091496036e+03   1.5383887001e+02   6.5581887008e+02
   6052.0000000000   1.1094355328e+03   1.5393043231e+02   6.5598528129e+02
   6053.0000000000   1.1097142723e+03   1.5402175427e+02   6.5615079915e+02
   6054.0000000000   1.1099910559e+03   1.5411284334e+02   6.5631563019e+02
   6055.0000000000   1.1102664834e+03   1.5421375092e+02   6.5647988835e+02
   6056.0000000000   1.1105511456e+03   1.5430855502e+02   6.5666373559e+02
   6057.0000000000   1.1108391575e+03   1.5440217747e+02   6.5683536641e+02
   6058.0000000000   1.1111193129e+03   1.5449509079e+02   6.5700465084e+02
   6059.0000000000   1.1113972198e+03   1.5458748107e+02   6.5717255271e+02
   6060.0000000000   1.1116736035e+03   1.5467944597e+02   6.5733945794e+02
   6061.0000000000   1.1119487929e+03   1.5478108967e+02   6.5750557212e+02
   6062.0000000000   1.1122332979e+03   1.5487652403e+02   6.5767102240e+02
   6063.0000000000   1.1125211999e+03   1.5497069396e+02   6.5783589520e+02
   6064.0000000000   1.1128012759e+03   1.5506408845e+02   6.5800025313e+02
   6065.0000000000   1.1130894434e+03   1.5516695025e+02   6.5816414374e+02
   6066.0000000000   1.1133700579e+03   1.5526345787e+02   6.5832760448e+02
   6067.0000000000   1.1136588138e+03   1.5535859409e+02   6.5849066565e+02
   6068.0000000000   1.1139503344e+03   1.5545287180e+02   6.5865335234e+02
   6069.0000000000   1.1142336163e+03   1.5555654997e+02   6.5882573021e+02
   6070.0000000000   1.1145143739e+03   1.5565381876e+02   6.5899188898e+02
   6071.0000000000   1.1147933969e+03   1.5574966960e+02   6.5915676028e+02
   6072.0000000000   1.1150813756e+03   1.5585466655e+02   6.5932082485e+02
   6073.0000000000   1.1153621669e+03   1.5595310098e+02   6.5948427580e+02
   6074.0000000000   1.1156616076e+03   1.5605001156e+02   6.5965726132e+02
   6075.0000000000   1.1159475566e+03   1.5614594430e+02   6.5982391795e+02
   6076.0000000000   1.1162303820e+03   1.5624113558e+02   6.5999925087e+02
   6077.0000000000   1.1165215220e+03   1.5633571951e+02   6.6016783169e+02
   6078.0000000000   1.1168154124e+03   1.5642978330e+02   6.6033478278e+02
   6079.0000000000   1.1171010108e+03   1.5652338859e+02   6.6050068440e+02
   6080.0000000000   1.1173840228e+03   1.5661658147e+02   6.6066578951e+02
   6081.0000000000   1.1176755571e+03   1.5670939786e+02   6.6083024113e+02
   6082.0000000000   1.1179699431e+03   1.5680186659e+02   6.6099413165e+02
   6083.0000000000   1.1182560915e+03   1.5689401138e+02   6.6115752591e+02
   6084.0000000000   1.1185500034e+03   1.5698585213e+02   6.6133051655e+02
   6085.0000000000   1.1188464101e+03   1.5707740583e+02   6.6150725698e+02
   6086.0000000000   1.1191446832e+03   1.5716868712e+02   6.6167676449e+02
   6087.0000000000   1.1194342082e+03   1.5726975329e+02   6.6184444640e+02
   6088.0000000000   1.1197208496e+03   1.5736468726e+02   6.6201097100e+02
   6089.0000000000   1.1200054766e+03   1.5745841496e+02   6.6217662936e+02
   6090.0000000000   1.1202885104e+03   1.5755141237e+02   6.6235162889e+02
   6091.0000000000   1.1205805255e+03   1.5764386850e+02   6.6252014536e+02
   6092.0000000000   1.1208756506e+03   1.5773588352e+02   6.6269721156e+02
   6093.0000000000   1.1211626990e+03   1.5782751929e+02   6.6286741951e+02
   6094.0000000000   1.1214472978e+03   1.5791881791e+02   6.6303590711e+02
   6095.0000000000   1.1217301898e+03   1.5800981004e+02   6.6321331130e+02
   6096.0000000000   1.1220117192e+03   1.5810051910e+02   6.6338396643e+02
   6097.0000000000   1.1222920907e+03   1.5819096373e+02   6.6355293936e+02
   6098.0000000000   1.1225714423e+03   1.5828115913e+02   6.6372079605e+02
   6099.0000000000   1.1228498751e+03   1.5837111805e+02   6.6388778773e+02
   6100.0000000000   1.1231274670e+03   1.5847089582e+02   6.6405406007e+02
   6101.0000000000   1.1234042801e+03   1.5857461795e+02   6.6421970951e+02
   6102.0000000000   1.1236906850e+03   1.5867128019e+02   6.6438480528e+02
   6103.0000000000   1.1239703607e+03   1.5876627268e+02   6.6454939984e+02
   6104.0000000000   1.1242483947e+03   1.5887029431e+02   6.6471353450e+02
   6105.0000000000   1.1245252986e+03   1.5897774073e+02   6.6487724275e+02
   6106.0000000000   1.1248012864e+03   1.5907775269e+02   6.6504055238e+02
   6107.0000000000   1.1250764785e+03   1.5917580896e+02   6.6520348689e+02
   6108.0000000000   1.1253612730e+03   1.5927262277e+02   6.6536606642e+02
   6109.0000000000   1.1256600013e+03   1.5936851507e+02   6.6552830848e+02
   6110.0000000000   1.1259450297e+03   1.5947371396e+02   6.6569022846e+02
   6111.0000000000   1.1262269739e+03   1.5957241009e+02   6.6585183998e+02
   6112.0000000000   1.1265070086e+03   1.5966960270e+02   6.6601315523e+02
   6113.0000000000   1.1267959448e+03   1.5976582037e+02   6.6617418515e+02
   6114.0000000000   1.1270776876e+03   1.5986129140e+02   6.6633493969e+02
   6115.0000000000   1.1273574566e+03   1.5995614614e+02   6.6649542789e+02
   6116.0000000000   1.1276358479e+03   1.6005047025e+02   6.6665565801e+02
   6117.0000000000   1.1279131326e+03   1.6014432494e+02   6.6681563766e+02
   6118.0000000000   1.1281894715e+03   1.6024780095e+02   6.6697537387e+02
   6119.0000000000   1.1284649729e+03   1.6034500628e+02   6.6713487314e+02
   6120.0000000000   1.1287397162e+03   1.6044088625e+02   6.6729414151e+02
   6121.0000000000   1.1290137622e+03   1.6053593224e+02   6.6745318465e+02
   6122.0000000000   1.1292871596e+03   1.6063034571e+02   6.6761200781e+02
   6123.0000000000   1.1295805866e+03   1.6072423707e+02   6.6777061595e+02
   6124.0000000000   1.1298613490e+03   1.6081767675e+02   6.6792901373e+02
   6125.0000000000   1.1301395760e+03   1.6091071407e+02   6.6809724999e+02
   6126.0000000000   1.1304162519e+03   1.6101343033e+02   6.6825940050e+02
   6127.0000000000   1.1306917703e+03   1.6114005930e+02   6.6843042952e+02
   6128.0000000000   1.1309766600e+03   1.6124775491e+02   6.6859487930e+02
   6129.0000000000   1.1312546879e+03   1.6135175097e+02   6.6876789461e+02
   6130.0000000000   1.1315413126e+03   1.6145364547e+02   6.6893411010e+02
   6131.0000000000   1.1318207156e+03   1.6155408780e+02   6.6909868082e+02
   6132.0000000000   1.1321085021e+03   1.6166346801e+02   6.6926220544e+02
   6133.0000000000   1.1324095617e+03   1.6176606972e+02   6.6942494777e+02
   6134.0000000000   1.1326964920e+03   1.6186695100e+02   6.6958705744e+02
   6135.0000000000   1.1329800332e+03   1.6196668039e+02   6.6975867532e+02
   6136.0000000000   1.1332614363e+03   1.6207555918e+02   6.6993398478e+02
   6137.0000000000   1.1335412441e+03   1.6217781059e+02   6.7010202288e+02
   6138.0000000000   1.1338197616e+03   1.6227845246e+02   6.7026821045e+02
   6139.0000000000   1.1341178227e+03   1.6237802586e+02   6.7044326991e+02
   6140.0000000000   1.1344028360e+03   1.6247676834e+02   6.7061157092e+02
   6141.0000000000   1.1346850030e+03   1.6257481760e+02   6.7077819746e+02
   6142.0000000000   1.1349653608e+03   1.6268230985e+02   6.7094372453e+02
   6143.0000000000   1.1352546620e+03   1.6278338308e+02   6.7110840843e+02
   6144.0000000000   1.1355367837e+03   1.6289304836e+02   6.7127239762e+02
   6145.0000000000   1.1358169313e+03   1.6300592904e+02   6.7143579010e+02
   6146.0000000000   1.1360956941e+03   1.6311122642e+02   6.7160870037e+02
   6147.0000000000   1.1363733397e+03   1.6321444363e+02   6.7177525276e+02
   6148.0000000000   1.1366500273e+03   1.6331630701e+02   6.7194040443e+02
   6149.0000000000   1.1369258651e+03   1.6341714631e+02   6.7211470007e+02
   6150.0000000000   1.1372009326e+03   1.6351715198e+02   6.7229246407e+02
   6151.0000000000   1.1374856105e+03   1.6361644874e+02   6.7247284418e+02
   6152.0000000000   1.1377635844e+03   1.6371512499e+02   6.7264536958e+02
   6153.0000000000   1.1380502646e+03   1.6382329134e+02   6.7281565684e+02
   6154.0000000000   1.1383298014e+03   1.6393511541e+02   6.7298448630e+02
   6155.0000000000   1.1386074604e+03   1.6403962604e+02   6.7315221794e+02
   6156.0000000000   1.1388838423e+03   1.6414224009e+02   6.7331906084e+02
   6157.0000000000   1.1391592123e+03   1.6425367839e+02   6.7349519649e+02
   6158.0000000000   1.1394337226e+03   1.6435831051e+02   6.7366479336e+02
   6159.0000000000   1.1397177926e+03   1.6447126568e+02   6.7383283950e+02
   6160.0000000000   1.1399951302e+03   1.6458723629e+02   6.7399985778e+02
   6161.0000000000   1.1402708401e+03   1.6469546773e+02   6.7417611820e+02
   6162.0000000000   1.1405454451e+03   1.6480149309e+02   6.7434582167e+02
   6163.0000000000   1.1408191663e+03   1.6490606006e+02   6.7451396959e+02
   6164.0000000000   1.1411024473e+03   1.6501955866e+02   6.7468109062e+02
   6165.0000000000   1.1413790061e+03   1.6512626300e+02   6.7484741273e+02
   6166.0000000000   1.1416539515e+03   1.6524126757e+02   6.7502311054e+02
   6167.0000000000   1.1419278080e+03   1.6534920683e+02   6.7519234139e+02
   6168.0000000000   1.1422007969e+03   1.6545524980e+02   6.7536008263e+02
   6169.0000000000   1.1424730427e+03   1.6556001275e+02   6.7552684797e+02
   6170.0000000000   1.1427652650e+03   1.6566377728e+02   6.7569285527e+02
   6171.0000000000   1.1430447940e+03   1.6576670967e+02   6.7585822749e+02
   6172.0000000000   1.1433217744e+03   1.6586892159e+02   6.7602304495e+02
   6173.0000000000   1.1436075195e+03   1.6598053856e+02   6.7619740946e+02
   6174.0000000000   1.1438963848e+03   1.6608569419e+02   6.7636543610e+02
   6175.0000000000   1.1441772715e+03   1.6618935356e+02   6.7654211956e+02
   6176.0000000000   1.1444558432e+03   1.6629202380e+02   6.7671202640e+02
   6177.0000000000   1.1447328573e+03   1.6639391933e+02   6.7688027675e+02
   6178.0000000000   1.1450086617e+03   1.6649516140e+02   6.7704745026e+02
   6179.0000000000   1.1452834599e+03   1.6659582967e+02   6.7722384457e+02
   6180.0000000000   1.1455573860e+03   1.6670602595e+02   6.7739367504e+02
   6181.0000000000   1.1458408552e+03   1.6681991012e+02   6.7756195092e+02
   6182.0000000000   1.1461175755e+03   1.6693654909e+02   6.7772920512e+02
   6183.0000000000   1.1463926538e+03   1.6704542600e+02   6.7789566786e+02
   6184.0000000000   1.1466769344e+03   1.6716217322e+02   6.7806147043e+02
   6185.0000000000   1.1469542767e+03   1.6727162369e+02   6.7822669893e+02
   6186.0000000000   1.1472298581e+03   1.6737904009e+02   6.7840145936e+02
   6187.0000000000   1.1475042417e+03   1.6748508906e+02   6.7856986984e+02
   6188.0000000000   1.1477776739e+03   1.6760012607e+02   6.7873688288e+02
   6189.0000000000   1.1480709341e+03   1.6770840720e+02   6.7890299517e+02
   6190.0000000000   1.1483513882e+03   1.6781497172e+02   6.7906841234e+02
   6191.0000000000   1.1486292038e+03   1.6793041996e+02   6.7923324809e+02
   6192.0000000000   1.1489053915e+03   1.6803907171e+02   6.7939757559e+02
   6193.0000000000   1.1491803637e+03   1.6814598856e+02   6.7956144647e+02
   6194.0000000000   1.1494646630e+03   1.6825173538e+02   6.7972489954e+02
   6195.0000000000   1.1497420667e+03   1.6835656438e+02   6.7989800976e+02
   6196.0000000000   1.1500383607e+03   1.6846062313e+02   6.8006487351e+02
   6197.0000000000   1.1503213687e+03   1.6856401043e+02   6.8023042730e+02
   6198.0000000000   1.1506014325e+03   1.6866679803e+02   6.8039515564e+02
   6199.0000000000   1.1508796508e+03   1.6878912988e+02   6.8055925455e+02
   6200.0000000000   1.1511668074e+03   1.6889919299e+02   6.8072283007e+02
   6201.0000000000   1.1514467959e+03   1.6900685496e+02   6.8088594906e+02
   6202.0000000000   1.1517248315e+03   1.6911307976e+02   6.8106874687e+02
   6203.0000000000   1.1520015086e+03   1.6921825475e+02   6.8123940112e+02
   6204.0000000000   1.1522874170e+03   1.6932258762e+02   6.8140777030e+02
   6205.0000000000   1.1525663537e+03   1.6942620798e+02   6.8157480985e+02
   6206.0000000000   1.1528434779e+03   1.6953924927e+02   6.8175094381e+02
   6207.0000000000   1.1531193489e+03   1.6964584829e+02   6.8192044442e+02
   6208.0000000000   1.1533942142e+03   1.6975097098e+02   6.8208835076e+02
   6209.0000000000   1.1536682180e+03   1.6985512415e+02   6.8225521294e+02
   6210.0000000000   1.1539414573e+03   1.6995852128e+02   6.8242127177e+02
   6211.0000000000   1.1542140028e+03   1.7006128244e+02   6.8258666529e+02
   6212.0000000000   1.1544859092e+03   1.7016348597e+02   6.8275148412e+02
   6213.0000000000   1.1547572200e+03   1.7026518789e+02   6.8293588175e+02
   6214.0000000000   1.1550486094e+03   1.7036643070e+02   6.8310804998e+02
   6215.0000000000   1.1553273802e+03   1.7046724814e+02   6.8327785859e+02
   6216.0000000000   1.1556036588e+03   1.7056766779e+02   6.8344627221e+02
   6217.0000000000   1.1558887465e+03   1.7066771278e+02   6.8362372244e+02
   6218.0000000000   1.1561666708e+03   1.7076740289e+02   6.8379448779e+02
   6219.0000000000   1.1564426904e+03   1.7086675529e+02   6.8396361263e+02
   6220.0000000000   1.1567174142e+03   1.7096578505e+02   6.8413165158e+02
   6221.0000000000   1.1570014350e+03   1.7106450560e+02   6.8429884930e+02
   6222.0000000000   1.1572785487e+03   1.7117297342e+02   6.8446534718e+02
   6223.0000000000   1.1575539112e+03   1.7128531544e+02   6.8463123872e+02
   6224.0000000000   1.1578280784e+03   1.7139052903e+02   6.8479659103e+02
   6225.0000000000   1.1581219317e+03   1.7149400601e+02   6.8497149938e+02
   6226.0000000000   1.1584028843e+03   1.7159640252e+02   6.8514007544e+02
   6227.0000000000   1.1586811300e+03   1.7169799984e+02   6.8530726756e+02
   6228.0000000000   1.1589576958e+03   1.7179895294e+02   6.8548361410e+02
   6229.0000000000   1.1592330052e+03   1.7189935945e+02   6.8565339037e+02
   6230.0000000000   1.1595176086e+03   1.7199928638e+02   6.8582162456e+02
   6231.0000000000   1.1597952892e+03   1.7209878261e+02   6.8598885573e+02
   6232.0000000000   1.1600711991e+03   1.7219788544e+02   6.8615531563e+02
   6233.0000000000   1.1603562125e+03   1.7229662433e+02   6.8632113522e+02
   6234.0000000000   1.1606445285e+03   1.7240506769e+02   6.8648639961e+02
   6235.0000000000   1.1609456134e+03   1.7251735151e+02   6.8665116911e+02
   6236.0000000000   1.1612426833e+03   1.7262248011e+02   6.8681548898e+02
   6237.0000000000   1.1615302092e+03   1.7272585080e+02   6.8697939466e+02
   6238.0000000000   1.1618145346e+03   1.7282812402e+02   6.8714291482e+02
   6239.0000000000   1.1620967050e+03   1.7292958453e+02   6.8730607318e+02
   6240.0000000000   1.1623772248e+03   1.7303039012e+02   6.8746888981e+02
   6241.0000000000   1.1626563943e+03   1.7313064068e+02   6.8763138193e+02
   6242.0000000000   1.1629344130e+03   1.7323040511e+02   6.8779356455e+02
   6243.0000000000   1.1632217425e+03   1.7333977832e+02   6.8795545085e+02
   6244.0000000000   1.1635021258e+03   1.7344287048e+02   6.8811705258e+02
   6245.0000000000   1.1637910156e+03   1.7354462801e+02   6.8828842473e+02
   6246.0000000000   1.1640725945e+03   1.7364554269e+02   6.8846369286e+02
   6247.0000000000   1.1643624726e+03   1.7374581604e+02   6.8864189756e+02
   6248.0000000000   1.1646449068e+03   1.7384555829e+02   6.8881250114e+02
   6249.0000000000   1.1649355478e+03   1.7394483957e+02   6.8898107451e+02
   6250.0000000000   1.1652289963e+03   1.7404370886e+02   6.8915840940e+02
   6251.0000000000   1.1655142359e+03   1.7414220260e+02   6.8932891234e+02
   6252.0000000000   1.1657969730e+03   1.7424034920e+02   6.8950773318e+02
   6253.0000000000   1.1660779923e+03   1.7433817151e+02   6.8967953178e+02
   6254.0000000000   1.1663679807e+03   1.7443568847e+02   6.8984948890e+02
   6255.0000000000   1.1666714312e+03   1.7453291607e+02   6.9001822574e+02
   6256.0000000000   1.1669608129e+03   1.7462986804e+02   6.9018602522e+02
   6257.0000000000   1.1672468123e+03   1.7472655636e+02   6.9035305300e+02
   6258.0000000000   1.1675306556e+03   1.7482299158e+02   6.9052946350e+02
   6259.0000000000   1.1678128736e+03   1.7491918310e+02   6.9069940713e+02
   6260.0000000000   1.1680937657e+03   1.7501513938e+02   6.9086785919e+02
   6261.0000000000   1.1683838444e+03   1.7511086804e+02   6.9103533318e+02
   6262.0000000000   1.1686668820e+03   1.7522646500e+02   6.9121209197e+02
   6263.0000000000   1.1689583495e+03   1.7535016879e+02   6.9138233086e+02
   6264.0000000000   1.1692424416e+03   1.7545996024e+02   6.9156109128e+02
   6265.0000000000   1.1695347770e+03   1.7556661041e+02   6.9174301430e+02
   6266.0000000000   1.1698299380e+03   1.7567141998e+02   6.9192735680e+02
   6267.0000000000   1.1701272163e+03   1.7577494092e+02   6.9210370082e+02
   6268.0000000000   1.1704159476e+03   1.7587747333e+02   6.9227769359e+02
   6269.0000000000   1.1707122812e+03   1.7597920337e+02   6.9245013530e+02
   6270.0000000000   1.1710110171e+03   1.7608025659e+02   6.9262139983e+02
   6271.0000000000   1.1713012440e+03   1.7618072285e+02   6.9279170650e+02
   6272.0000000000   1.1715887326e+03   1.7628066932e+02   6.9297124468e+02
   6273.0000000000   1.1718743102e+03   1.7638014801e+02   6.9314418908e+02
   6274.0000000000   1.1721583751e+03   1.7647920025e+02   6.9331553282e+02
   6275.0000000000   1.1724514877e+03   1.7658790416e+02   6.9348580300e+02
   6276.0000000000   1.1727374480e+03   1.7669035920e+02   6.9365522870e+02
   6277.0000000000   1.1730214263e+03   1.7679150471e+02   6.9382394224e+02
   6278.0000000000   1.1733143133e+03   1.7691191662e+02   6.9399203183e+02
   6279.0000000000   1.1736000043e+03   1.7701993632e+02   6.9415956145e+02
   6280.0000000000   1.1738837044e+03   1.7712550339e+02   6.9432658026e+02
   6281.0000000000   1.1741763190e+03   1.7722962015e+02   6.9449312748e+02
   6282.0000000000   1.1744617494e+03   1.7733269604e+02   6.9465923532e+02
   6283.0000000000   1.1747452032e+03   1.7743495208e+02   6.9485506429e+02
   6284.0000000000   1.1750272672e+03   1.7753652614e+02   6.9503285235e+02
   6285.0000000000   1.1753082063e+03   1.7763751233e+02   6.9520736717e+02
   6286.0000000000   1.1755984962e+03   1.7773797903e+02   6.9538002719e+02
   6287.0000000000   1.1758818795e+03   1.7785806713e+02   6.9555139062e+02
   6288.0000000000   1.1761738036e+03   1.7796596071e+02   6.9573179412e+02
   6289.0000000000   1.1764584450e+03   1.7808156901e+02   6.9590548715e+02
   6290.0000000000   1.1767410886e+03   1.7818992484e+02   6.9607750463e+02
   6291.0000000000   1.1770429881e+03   1.7829632875e+02   6.9625844313e+02
   6292.0000000000   1.1773316925e+03   1.7840145283e+02   6.9644266353e+02
   6293.0000000000   1.1776174641e+03   1.7850560511e+02   6.9661929588e+02
   6294.0000000000   1.1779013703e+03   1.7860896500e+02   6.9679381808e+02
   6295.0000000000   1.1781838611e+03   1.7871165058e+02   6.9696694669e+02
   6296.0000000000   1.1784755063e+03   1.7881374572e+02   6.9713900777e+02
   6297.0000000000   1.1787601031e+03   1.7891531324e+02   6.9731019078e+02
   6298.0000000000   1.1790428150e+03   1.7901640204e+02   6.9748062064e+02
   6299.0000000000   1.1793345251e+03   1.7911705133e+02   6.9765038648e+02
   6300.0000000000   1.1796294401e+03   1.7921729334e+02   6.9781955543e+02
   6301.0000000000   1.1799267136e+03   1.7931715501e+02   6.9798818008e+02
   6302.0000000000   1.1802156121e+03   1.7941665930e+02   6.9815630285e+02
   6303.0000000000   1.1805019248e+03   1.7951582597e+02   6.9833400328e+02
   6304.0000000000   1.1807864698e+03   1.7962471673e+02   6.9851542695e+02
   6305.0000000000   1.1810799497e+03   1.7972741839e+02   6.9868958658e+02
   6306.0000000000   1.1813765467e+03   1.7983890476e+02   6.9887193133e+02
   6307.0000000000   1.1816754177e+03   1.7995377095e+02   6.9904719977e+02
   6308.0000000000   1.1819658375e+03   1.8007124065e+02   6.9922059834e+02
   6309.0000000000   1.1822536048e+03   1.8018087090e+02   6.9940280143e+02
   6310.0000000000   1.1825395452e+03   1.8028828947e+02   6.9957816608e+02
   6311.0000000000   1.1828240494e+03   1.8039428106e+02   6.9975177402e+02
   6312.0000000000   1.1831073501e+03   1.8049920690e+02   6.9992420155e+02
   6313.0000000000   1.1833896035e+03   1.8060327589e+02   7.0009570748e+02
   6314.0000000000   1.1836709226e+03   1.8070662415e+02   7.0026644321e+02
   6315.0000000000   1.1839513936e+03   1.8080934732e+02   7.0043650974e+02
   6316.0000000000   1.1842414036e+03   1.8091151629e+02   7.0060597997e+02
   6317.0000000000   1.1845246443e+03   1.8102323015e+02   7.0077490942e+02
   6318.0000000000   1.1848062121e+03   1.8112860390e+02   7.0094334200e+02
   6319.0000000000   1.1850866257e+03   1.8123258873e+02   7.0111131344e+02
   6320.0000000000   1.1853867429e+03   1.8133568094e+02   7.0127885349e+02
   6321.0000000000   1.1856739606e+03   1.8143808616e+02   7.0144598738e+02
   6322.0000000000   1.1859687807e+03   1.8154996285e+02   7.0161273682e+02
   6323.0000000000   1.1862558587e+03   1.8165545612e+02   7.0177912072e+02
   6324.0000000000   1.1865406627e+03   1.8175953385e+02   7.0194515573e+02
   6325.0000000000   1.1868239002e+03   1.8187274662e+02   7.0211085668e+02
   6326.0000000000   1.1871162202e+03   1.8197937777e+02   7.0227623680e+02
   6327.0000000000   1.1874117734e+03   1.8208446100e+02   7.0244130808e+02
   6328.0000000000   1.1876993767e+03   1.8218853931e+02   7.0262617030e+02
   6329.0000000000   1.1879949735e+03   1.8229184727e+02   7.0280902108e+02
   6330.0000000000   1.1882829371e+03   1.8239451796e+02   7.0298377283e+02
   6331.0000000000   1.1885789744e+03   1.8249663812e+02   7.0316632817e+02
   6332.0000000000   1.1888673992e+03   1.8260831376e+02   7.0334159514e+02
   6333.0000000000   1.1891535793e+03   1.8272370720e+02   7.0351486317e+02
   6334.0000000000   1.1894485039e+03   1.8283184215e+02   7.0368680888e+02
   6335.0000000000   1.1897361235e+03   1.8293813068e+02   7.0385774628e+02
   6336.0000000000   1.1900319970e+03   1.8304324485e+02   7.0402785977e+02
   6337.0000000000   1.1903203690e+03   1.8314747877e+02   7.0420731568e+02
   6338.0000000000   1.1906065697e+03   1.8325099786e+02   7.0438027226e+02
   6339.0000000000   1.1909015660e+03   1.8335390841e+02   7.0456175467e+02
   6340.0000000000   1.1912099327e+03   1.8345628468e+02   7.0474639630e+02
   6341.0000000000   1.1915144911e+03   1.8357827064e+02   7.0492340578e+02
   6342.0000000000   1.1918095797e+03   1.8368805206e+02   7.0509829166e+02
   6343.0000000000   1.1921014837e+03   1.8379549466e+02   7.0527178438e+02
   6344.0000000000   1.1924015379e+03   1.8390156019e+02   7.0544421682e+02
   6345.0000000000   1.1926938668e+03   1.8401667818e+02   7.0561578186e+02
   6346.0000000000   1.1929838118e+03   1.8413517007e+02   7.0578660613e+02
   6347.0000000000   1.1932823659e+03   1.8424615069e+02   7.0595677951e+02
   6348.0000000000   1.1935734908e+03   1.8435508962e+02   7.0613641383e+02
   6349.0000000000   1.1938624374e+03   1.8446269777e+02   7.0631967766e+02
   6350.0000000000   1.1941498248e+03   1.8456929686e+02   7.0649560065e+02
   6351.0000000000   1.1944359426e+03   1.8467507273e+02   7.0667964478e+02
   6352.0000000000   1.1947312861e+03   1.8480023618e+02   7.0685655855e+02
   6353.0000000000   1.1950196131e+03   1.8491301689e+02   7.0705164520e+02
   6354.0000000000   1.1953060645e+03   1.8502331135e+02   7.0723368415e+02
   6355.0000000000   1.1955911912e+03   1.8514214841e+02   7.0741279772e+02
   6356.0000000000   1.1958752364e+03   1.8525400194e+02   7.0759008988e+02
   6357.0000000000   1.1961789813e+03   1.8536400669e+02   7.0776603523e+02
   6358.0000000000   1.1964697954e+03   1.8547276777e+02   7.0794090019e+02
   6359.0000000000   1.1967578510e+03   1.8558056166e+02   7.0811485614e+02
   6360.0000000000   1.1970441636e+03   1.8568755159e+02   7.0828802289e+02
   6361.0000000000   1.1973291503e+03   1.8579384692e+02   7.0846048917e+02
   6362.0000000000   1.1976130397e+03   1.8589952681e+02   7.0864236794e+02
   6363.0000000000   1.1979062965e+03   1.8600465158e+02   7.0881778536e+02
   6364.0000000000   1.1981926587e+03   1.8611931342e+02   7.0900174631e+02
   6365.0000000000   1.1984772523e+03   1.8623766724e+02   7.0917882645e+02
   6366.0000000000   1.1987606165e+03   1.8634873279e+02   7.0935415395e+02
   6367.0000000000   1.1990533038e+03   1.8645792025e+02   7.0952831552e+02
   6368.0000000000   1.1993390853e+03   1.8656590093e+02   7.0970157058e+02
   6369.0000000000   1.1996231013e+03   1.8668301337e+02   7.0988411287e+02
   6370.0000000000   1.1999058975e+03   1.8679349502e+02   7.1007015675e+02
   6371.0000000000   1.2001877102e+03   1.8690236868e+02   7.1024876004e+02
   6372.0000000000   1.2004686757e+03   1.8701017639e+02   7.1042535882e+02
   6373.0000000000   1.2007592037e+03   1.8712719941e+02   7.1060064295e+02
   6374.0000000000   1.2010429958e+03   1.8723764560e+02   7.1077492026e+02
   6375.0000000000   1.2013251528e+03   1.8734652086e+02   7.1094836711e+02
   6376.0000000000   1.2016165139e+03   1.8746440130e+02   7.1112109871e+02
   6377.0000000000   1.2019112536e+03   1.8757558858e+02   7.1129319680e+02
   6378.0000000000   1.2021981815e+03   1.8768513020e+02   7.1146472271e+02
   6379.0000000000   1.2024829088e+03   1.8779357991e+02   7.1163572442e+02
   6380.0000000000   1.2027661589e+03   1.8790118093e+02   7.1180624066e+02
   6381.0000000000   1.2030688956e+03   1.8801811789e+02   7.1197630346e+02
   6382.0000000000   1.2033792167e+03   1.8812855506e+02   7.1214593983e+02
   6383.0000000000   1.2036746176e+03   1.8823747484e+02   7.1231517293e+02
   6384.0000000000   1.2039662455e+03   1.8835543921e+02   7.1248402288e+02
   6385.0000000000   1.2042554969e+03   1.8847678507e+02   7.1265250735e+02
   6386.0000000000   1.2045429854e+03   1.8859062521e+02   7.1282064202e+02
   6387.0000000000   1.2048393754e+03   1.8870242469e+02   7.1298844092e+02
   6388.0000000000   1.2051285244e+03   1.8882293474e+02   7.1316596115e+02
   6389.0000000000   1.2054156368e+03   1.8894658989e+02   7.1333728580e+02
   6390.0000000000   1.2057013057e+03   1.8908264996e+02   7.1350734117e+02
   6391.0000000000   1.2059858042e+03   1.8920476101e+02   7.1367660381e+02
   6392.0000000000   1.2062692969e+03   1.8932348773e+02   7.1385530788e+02
   6393.0000000000   1.2065622157e+03   1.8944010148e+02   7.1402762589e+02
   6394.0000000000   1.2068585997e+03   1.8955516167e+02   7.1419853640e+02
   6395.0000000000   1.2071472004e+03   1.8967902939e+02   7.1438863824e+02
   6396.0000000000   1.2074542387e+03   1.8979598036e+02   7.1456628704e+02
   6397.0000000000   1.2077580149e+03   1.8991107315e+02   7.1474143159e+02
   6398.0000000000   1.2080525838e+03   1.9002488019e+02   7.1491508040e+02
   6399.0000000000   1.2083544575e+03   1.9014770809e+02   7.1508764721e+02
   6400.0000000000   1.2086482446e+03   1.9026378577e+02   7.1525935608e+02
   6401.0000000000   1.2089394585e+03   1.9037813676e+02   7.1543034711e+02
   6402.0000000000   1.2092288532e+03   1.9049130760e+02   7.1561076053e+02
   6403.0000000000   1.2095167969e+03   1.9060354101e+02   7.1578473758e+02
   6404.0000000000   1.2098035154e+03   1.9071497950e+02   7.1595724705e+02
   6405.0000000000   1.2100891637e+03   1.9083576376e+02   7.1612879755e+02
   6406.0000000000   1.2103738557e+03   1.9095003594e+02   7.1629960362e+02
   6407.0000000000   1.2106576789e+03   1.9106276650e+02   7.1646978583e+02
   6408.0000000000   1.2109510224e+03   1.9117446629e+02   7.1664946719e+02
   6409.0000000000   1.2112375794e+03   1.9128535246e+02   7.1683281969e+02
   6410.0000000000   1.2115224477e+03   1.9139554841e+02   7.1700887306e+02
   6411.0000000000   1.2118061477e+03   1.9151518004e+02   7.1718304344e+02
   6412.0000000000   1.2120889001e+03   1.9162837776e+02   7.1735600575e+02
   6413.0000000000   1.2123811496e+03   1.9174010254e+02   7.1752805621e+02
   6414.0000000000   1.2126666158e+03   1.9185085742e+02   7.1769936189e+02
   6415.0000000000   1.2129504097e+03   1.9196085303e+02   7.1787003035e+02
   6416.0000000000   1.2132330579e+03   1.9207020727e+02   7.1805018139e+02
   6417.0000000000   1.2135147840e+03   1.9217899686e+02   7.1822394251e+02
   6418.0000000000   1.2138266722e+03   1.9228727658e+02   7.1839627284e+02
   6419.0000000000   1.2141197143e+03   1.9239508802e+02   7.1857771842e+02
   6420.0000000000   1.2144091212e+03   1.9251250870e+02   7.1876260460e+02
   6421.0000000000   1.2147066972e+03   1.9263368176e+02   7.1894003542e+02
   6422.0000000000   1.2150069919e+03   1.9274761746e+02   7.1911546907e+02
   6423.0000000000   1.2153093270e+03   1.9285971813e+02   7.1928960676e+02
   6424.0000000000   1.2156030643e+03   1.9297064856e+02   7.1946276240e+02
   6425.0000000000   1.2159043714e+03   1.9308069737e+02   7.1963511553e+02
   6426.0000000000   1.2161977416e+03   1.9320007025e+02   7.1980678292e+02
   6427.0000000000   1.2164989552e+03   1.9331294182e+02   7.1997784689e+02
   6428.0000000000   1.2168026935e+03   1.9342429967e+02   7.2014836880e+02
   6429.0000000000   1.2170979945e+03   1.9353466374e+02   7.2031839631e+02
   6430.0000000000   1.2173906036e+03   1.9364425587e+02   7.2048796756e+02
   6431.0000000000   1.2176813339e+03   1.9375320156e+02   7.2065711390e+02
   6432.0000000000   1.2179705752e+03   1.9387162726e+02   7.2082586159e+02
   6433.0000000000   1.2182585633e+03   1.9398366302e+02   7.2099423297e+02
   6434.0000000000   1.2185454584e+03   1.9409426890e+02   7.2117229183e+02
   6435.0000000000   1.2188313778e+03   1.9420394669e+02   7.2134412662e+02
   6436.0000000000   1.2191164116e+03   1.9431290559e+02   7.2151466809e+02
   6437.0000000000   1.2194006314e+03   1.9442126198e+02   7.2168439644e+02
   6438.0000000000   1.2196944149e+03   1.9452909104e+02   7.2185350440e+02
   6439.0000000000   1.2199814471e+03   1.9463644601e+02   7.2203213993e+02
   6440.0000000000   1.2202668197e+03   1.9474336698e+02   7.2221448397e+02
   6441.0000000000   1.2205510484e+03   1.9484988553e+02   7.2238956879e+02
   6442.0000000000   1.2208343500e+03   1.9495602731e+02   7.2256281030e+02
   6443.0000000000   1.2211271666e+03   1.9506181377e+02   7.2273488202e+02
   6444.0000000000   1.2214132151e+03   1.9516726313e+02   7.2290607825e+02
   6445.0000000000   1.2216976048e+03   1.9527239117e+02   7.2307656395e+02
   6446.0000000000   1.2219808605e+03   1.9537721171e+02   7.2324644465e+02
   6447.0000000000   1.2222941620e+03   1.9548173701e+02   7.2341579366e+02
   6448.0000000000   1.2225988623e+03   1.9559602251e+02   7.2358466503e+02
   6449.0000000000   1.2228938309e+03   1.9570414971e+02   7.2376314479e+02
   6450.0000000000   1.2231856165e+03   1.9581104346e+02   7.2394538204e+02
   6451.0000000000   1.2234753017e+03   1.9591717893e+02   7.2412039120e+02
   6452.0000000000   1.2237633944e+03   1.9604283347e+02   7.2429357755e+02
   6453.0000000000   1.2240501895e+03   1.9615625003e+02   7.2447565242e+02
   6454.0000000000   1.2243461988e+03   1.9626732192e+02   7.2465097744e+02
   6455.0000000000   1.2246351938e+03   1.9637702494e+02   7.2483467510e+02
   6456.0000000000   1.2249223255e+03   1.9648575139e+02   7.2501138754e+02
   6457.0000000000   1.2252081514e+03   1.9659371021e+02   7.2518628353e+02
   6458.0000000000   1.2255032384e+03   1.9670103026e+02   7.2535997589e+02
   6459.0000000000   1.2257913685e+03   1.9681784312e+02   7.2553274151e+02
   6460.0000000000   1.2260776910e+03   1.9692828314e+02   7.2570474163e+02
   6461.0000000000   1.2263627584e+03   1.9703731355e+02   7.2587608292e+02
   6462.0000000000   1.2266468129e+03   1.9714543829e+02   7.2604684167e+02
   6463.0000000000   1.2269403144e+03   1.9725286803e+02   7.2621707540e+02
   6464.0000000000   1.2272269935e+03   1.9735972003e+02   7.2638682921e+02
   6465.0000000000   1.2275119693e+03   1.9747611442e+02   7.2655613948e+02
   6466.0000000000   1.2277957745e+03   1.9759622071e+02   7.2672503624e+02
   6467.0000000000   1.2280786377e+03   1.9770906643e+02   7.2689354478e+02
   6468.0000000000   1.2283606895e+03   1.9782006580e+02   7.2706168670e+02
   6469.0000000000   1.2286523353e+03   1.9794998095e+02   7.2722948068e+02
   6470.0000000000   1.2289372740e+03   1.9806724979e+02   7.2739694310e+02
   6471.0000000000   1.2292206037e+03   1.9818186971e+02   7.2756408842e+02
   6472.0000000000   1.2295028427e+03   1.9829488093e+02   7.2773092952e+02
   6473.0000000000   1.2297842085e+03   1.9840671935e+02   7.2789747796e+02
   6474.0000000000   1.2300751424e+03   1.9853771430e+02   7.2806374420e+02
   6475.0000000000   1.2303593602e+03   1.9865616151e+02   7.2822973772e+02
   6476.0000000000   1.2306419693e+03   1.9877199826e+02   7.2839546721e+02
   6477.0000000000   1.2309234928e+03   1.9888623591e+02   7.2856094061e+02
   6478.0000000000   1.2312041511e+03   1.9900934002e+02   7.2872616527e+02
   6479.0000000000   1.2315047063e+03   1.9912561472e+02   7.2889114796e+02
   6480.0000000000   1.2317925112e+03   1.9924012425e+02   7.2905589500e+02
   6481.0000000000   1.2320777238e+03   1.9936348347e+02   7.2922041225e+02
   6482.0000000000   1.2323613472e+03   1.9948002144e+02   7.2938470518e+02
   6483.0000000000   1.2326437876e+03   1.9959480596e+02   7.2954877895e+02
   6484.0000000000   1.2329252639e+03   1.9971845076e+02   7.2972268285e+02
   6485.0000000000   1.2332059133e+03   1.9983528285e+02   7.2989049302e+02
   6486.0000000000   1.2334858297e+03   1.9995036806e+02   7.3005712964e+02
   6487.0000000000   1.2337754012e+03   2.0006427395e+02   7.3022306368e+02
   6488.0000000000   1.2340686361e+03   2.0018729905e+02   7.3038847988e+02
   6489.0000000000   1.2343645819e+03   2.0030366381e+02   7.3055347462e+02
   6490.0000000000   1.2346627582e+03   2.0041838386e+02   7.3072815095e+02
   6491.0000000000   1.2349628649e+03   2.0054204310e+02   7.3089661969e+02
   6492.0000000000   1.2352543736e+03   2.0065894955e+02   7.3106382477e+02
   6493.0000000000   1.2355431732e+03   2.0077415605e+02   7.3124029880e+02
   6494.0000000000   1.2358301367e+03   2.0088822087e+02   7.3141031082e+02
   6495.0000000000   1.2361156805e+03   2.0100139111e+02   7.3157888286e+02
   6496.0000000000   1.2364000525e+03   2.0111381031e+02   7.3174654808e+02
   6497.0000000000   1.2366834176e+03   2.0122557405e+02   7.3191353264e+02
   6498.0000000000   1.2369658940e+03   2.0133675148e+02   7.3207996235e+02
   6499.0000000000   1.2372578897e+03   2.0145743992e+02   7.3224591751e+02
   6500.0000000000   1.2375431102e+03   2.0157175300e+02   7.3241145400e+02
   6501.0000000000   1.2378369807e+03   2.0168464095e+02   7.3257661299e+02
   6502.0000000000   1.2381236630e+03   2.0180664400e+02   7.3274142614e+02
   6503.0000000000   1.2384084316e+03   2.0192203916e+02   7.3290591862e+02
   6504.0000000000   1.2387022134e+03   2.0203585630e+02   7.3307011092e+02
   6505.0000000000   1.2390095534e+03   2.0214863606e+02   7.3323402012e+02
   6506.0000000000   1.2393029309e+03   2.0227065615e+02   7.3339766066e+02
   6507.0000000000   1.2395930302e+03   2.0239616502e+02   7.3356104497e+02
   6508.0000000000   1.2398913905e+03   2.0252428109e+02   7.3372418383e+02
   6509.0000000000   1.2401924909e+03   2.0265456483e+02   7.3388708674e+02
   6510.0000000000   1.2404853102e+03   2.0277669800e+02   7.3404976213e+02
   6511.0000000000   1.2407755655e+03   2.0289637363e+02   7.3421221754e+02
   6512.0000000000   1.2410640525e+03   2.0301441715e+02   7.3437445975e+02
   6513.0000000000   1.2413511487e+03   2.0313121795e+02   7.3454653941e+02
   6514.0000000000   1.2416370801e+03   2.0324700577e+02   7.3471253375e+02
   6515.0000000000   1.2419219994e+03   2.0338202182e+02   7.3487736379e+02
   6516.0000000000   1.2422060173e+03   2.0350451789e+02   7.3504150124e+02
   6517.0000000000   1.2424892184e+03   2.0362440722e+02   7.3520513136e+02
   6518.0000000000   1.2427716697e+03   2.0374268721e+02   7.3537839547e+02
   6519.0000000000   1.2430637446e+03   2.0385977057e+02   7.3556551304e+02
   6520.0000000000   1.2433491247e+03   2.0397588468e+02   7.3573958264e+02
   6521.0000000000   1.2436432176e+03   2.0409117479e+02   7.3591093122e+02
   6522.0000000000   1.2439301721e+03   2.0420574251e+02   7.3608069486e+02
   6523.0000000000   1.2442255719e+03   2.0431966337e+02   7.3625938920e+02
   6524.0000000000   1.2445136534e+03   2.0444304056e+02   7.3643133994e+02
   6525.0000000000   1.2447997315e+03   2.0455999279e+02   7.3660162019e+02
   6526.0000000000   1.2450947573e+03   2.0467547471e+02   7.3677080303e+02
   6527.0000000000   1.2453826527e+03   2.0478998585e+02   7.3694918990e+02
   6528.0000000000   1.2456789543e+03   2.0490373490e+02   7.3715113564e+02
   6529.0000000000   1.2459782081e+03   2.0501683869e+02   7.3734391476e+02
   6530.0000000000   1.2462900045e+03   2.0513941787e+02   7.3752688462e+02
   6531.0000000000   1.2465873019e+03   2.0525559860e+02   7.3771664096e+02
   6532.0000000000   1.2468809711e+03   2.0537033829e+02   7.3789839976e+02
   6533.0000000000   1.2471826478e+03   2.0548413697e+02   7.3807762498e+02
   6534.0000000000   1.2474868692e+03   2.0559720270e+02   7.3826514989e+02
   6535.0000000000   1.2477826523e+03   2.0571969562e+02   7.3844543807e+02
   6536.0000000000   1.2480860600e+03   2.0584580660e+02   7.3863369138e+02
   6537.0000000000   1.2483815439e+03   2.0596457616e+02   7.3881461373e+02
   6538.0000000000   1.2486745468e+03   2.0608142719e+02   7.3899342258e+02
   6539.0000000000   1.2489657863e+03   2.0620708366e+02   7.3917076983e+02
   6540.0000000000   1.2492659294e+03   2.0632591664e+02   7.3934696416e+02
   6541.0000000000   1.2495588260e+03   2.0644301154e+02   7.3952219305e+02
   6542.0000000000   1.2498496740e+03   2.0655894481e+02   7.3969658509e+02
   6543.0000000000   1.2501390623e+03   2.0668401870e+02   7.3987023509e+02
   6544.0000000000   1.2504272616e+03   2.0680245483e+02   7.4004321640e+02
   6545.0000000000   1.2507144349e+03   2.0691926860e+02   7.4021558770e+02
   6546.0000000000   1.2510006949e+03   2.0703499852e+02   7.4038739714e+02
   6547.0000000000   1.2512861252e+03   2.0716996869e+02   7.4055868507e+02
   6548.0000000000   1.2515707916e+03   2.0730250235e+02   7.4072948582e+02
   6549.0000000000   1.2518547472e+03   2.0742659272e+02   7.4090987344e+02
   6550.0000000000   1.2521483555e+03   2.0754815437e+02   7.4108394533e+02
   6551.0000000000   1.2524352903e+03   2.0766806537e+02   7.4125664006e+02
   6552.0000000000   1.2527206342e+03   2.0778673134e+02   7.4142844470e+02
   6553.0000000000   1.2530048955e+03   2.0790438726e+02   7.4159955812e+02
   6554.0000000000   1.2532986040e+03   2.0803123131e+02   7.4178013372e+02
   6555.0000000000   1.2535855136e+03   2.0816148817e+02   7.4195431285e+02
   6556.0000000000   1.2538707511e+03   2.0828422628e+02   7.4213710502e+02
   6557.0000000000   1.2541548514e+03   2.0841493578e+02   7.4231308588e+02
   6558.0000000000   1.2544380423e+03   2.0854843082e+02   7.4248738143e+02
   6559.0000000000   1.2547204529e+03   2.0867401374e+02   7.4267061980e+02
   6560.0000000000   1.2550228059e+03   2.0879724966e+02   7.4284712866e+02
   6561.0000000000   1.2553124342e+03   2.0891890669e+02   7.4302196977e+02
   6562.0000000000   1.2555994845e+03   2.0903934452e+02   7.4319570511e+02
   6563.0000000000   1.2558849528e+03   2.0915877610e+02   7.4336858285e+02
   6564.0000000000   1.2561692411e+03   2.0927734365e+02   7.4354074618e+02
   6565.0000000000   1.2564732034e+03   2.0939514955e+02   7.4371228965e+02
   6566.0000000000   1.2567642470e+03   2.0951227141e+02   7.4388328095e+02
   6567.0000000000   1.2570525652e+03   2.0962877027e+02   7.4405377134e+02
   6568.0000000000   1.2573391855e+03   2.0974469558e+02   7.4422380116e+02
   6569.0000000000   1.2576245318e+03   2.0986008829e+02   7.4439340316e+02
   6570.0000000000   1.2579191555e+03   2.0997498295e+02   7.4456260453e+02
   6571.0000000000   1.2582068400e+03   2.1008940915e+02   7.4474147277e+02
   6572.0000000000   1.2584927381e+03   2.1020339254e+02   7.4491409930e+02
   6573.0000000000   1.2587774051e+03   2.1031695562e+02   7.4509546169e+02
   6574.0000000000   1.2590610852e+03   2.1043011830e+02   7.4527011367e+02
   6575.0000000000   1.2593439205e+03   2.1054289834e+02   7.4544316548e+02
   6576.0000000000   1.2596260060e+03   2.1065531169e+02   7.4561518891e+02
   6577.0000000000   1.2599074107e+03   2.1077741726e+02   7.4578643085e+02
   6578.0000000000   1.2601881876e+03   2.1090334424e+02   7.4595702987e+02
   6579.0000000000   1.2604683790e+03   2.1102209209e+02   7.4612707504e+02
   6580.0000000000   1.2607583389e+03   2.1113905464e+02   7.4629662875e+02
   6581.0000000000   1.2610417327e+03   2.1125488984e+02   7.4646573727e+02
   6582.0000000000   1.2613236358e+03   2.1136988070e+02   7.4664448098e+02
   6583.0000000000   1.2616148687e+03   2.1148418379e+02   7.4681696022e+02
   6584.0000000000   1.2618992727e+03   2.1159789822e+02   7.4698811452e+02
   6585.0000000000   1.2621820103e+03   2.1172113688e+02   7.4715843067e+02
   6586.0000000000   1.2624636331e+03   2.1183802158e+02   7.4732810651e+02
   6587.0000000000   1.2627546966e+03   2.1196355116e+02   7.4749724950e+02
   6588.0000000000   1.2630389706e+03   2.1209233927e+02   7.4766592765e+02
   6589.0000000000   1.2633215918e+03   2.1221357930e+02   7.4783418829e+02
   6590.0000000000   1.2636031017e+03   2.1233276771e+02   7.4800206659e+02
   6591.0000000000   1.2638940514e+03   2.1246066972e+02   7.4816958993e+02
   6592.0000000000   1.2641988468e+03   2.1258168186e+02   7.4833678038e+02
   6593.0000000000   1.2644898965e+03   2.1270090629e+02   7.4850365622e+02
   6594.0000000000   1.2647881616e+03   2.1281893104e+02   7.4867023295e+02
   6595.0000000000   1.2650991079e+03   2.1293602223e+02   7.4883652389e+02
   6596.0000000000   1.2654058807e+03   2.1305233598e+02   7.4900254068e+02
   6597.0000000000   1.2657029736e+03   2.1316797647e+02   7.4916829363e+02
   6598.0000000000   1.2659967571e+03   2.1329306329e+02   7.4933379193e+02
   6599.0000000000   1.2662882985e+03   2.1341172508e+02   7.4949904386e+02
   6600.0000000000   1.2665884381e+03   2.1354901168e+02   7.4967410142e+02
   6601.0000000000   1.2668914441e+03   2.1367356976e+02   7.4984304306e+02
   6602.0000000000   1.2671965313e+03   2.1379544223e+02   7.5001079096e+02
   6603.0000000000   1.2674930161e+03   2.1391568138e+02   7.5017781788e+02
   6604.0000000000   1.2677867270e+03   2.1403472602e+02   7.5034431008e+02
   6605.0000000000   1.2680785133e+03   2.1415281669e+02   7.5052040982e+02
   6606.0000000000   1.2683687832e+03   2.1427010529e+02   7.5070029296e+02
   6607.0000000000   1.2686681026e+03   2.1438669668e+02   7.5087298728e+02
   6608.0000000000   1.2689602754e+03   2.1450266772e+02   7.5104390466e+02
   6609.0000000000   1.2692504740e+03   2.1461807736e+02   7.5121371496e+02
   6610.0000000000   1.2695392720e+03   2.1473297231e+02   7.5138270920e+02
   6611.0000000000   1.2698372485e+03   2.1484739062e+02   7.5155104937e+02
   6612.0000000000   1.2701281958e+03   2.1496136393e+02   7.5172888270e+02
   6613.0000000000   1.2704172713e+03   2.1507491902e+02   7.5190035167e+02
   6614.0000000000   1.2707050345e+03   2.1519812339e+02   7.5208046834e+02
   6615.0000000000   1.2709917337e+03   2.1531506863e+02   7.5225381072e+02
   6616.0000000000   1.2712775149e+03   2.1543068820e+02   7.5242550662e+02
   6617.0000000000   1.2715624770e+03   2.1554546466e+02   7.5260618536e+02
   6618.0000000000   1.2718466929e+03   2.1566963728e+02   7.5278017532e+02
   6619.0000000000   1.2721405381e+03   2.1579742747e+02   7.5295253849e+02
   6620.0000000000   1.2724276948e+03   2.1591788919e+02   7.5312383681e+02
   6621.0000000000   1.2727235702e+03   2.1603645154e+02   7.5329431812e+02
   6622.0000000000   1.2730123127e+03   2.1615379675e+02   7.5346412515e+02
   6623.0000000000   1.2732991861e+03   2.1628026984e+02   7.5364339625e+02
   6624.0000000000   1.2735847900e+03   2.1641015652e+02   7.5381627002e+02
   6625.0000000000   1.2738693883e+03   2.1653255341e+02   7.5398771277e+02
   6626.0000000000   1.2741634518e+03   2.1666296406e+02   7.5415823095e+02
   6627.0000000000   1.2744507162e+03   2.1678616438e+02   7.5432803731e+02
   6628.0000000000   1.2747363030e+03   2.1691743192e+02   7.5449725092e+02
   6629.0000000000   1.2750207461e+03   2.1704148791e+02   7.5466594901e+02
   6630.0000000000   1.2753042741e+03   2.1716354856e+02   7.5484423087e+02
   6631.0000000000   1.2755973363e+03   2.1728425825e+02   7.5501620941e+02
   6632.0000000000   1.2758836546e+03   2.1740391631e+02   7.5518683297e+02
   6633.0000000000   1.2761683413e+03   2.1752270073e+02   7.5535659486e+02
   6634.0000000000   1.2764519232e+03   2.1765077567e+02   7.5552569784e+02
   6635.0000000000   1.2767346238e+03   2.1777229939e+02   7.5569425326e+02
   6636.0000000000   1.2770268885e+03   2.1789225375e+02   7.5586233221e+02
   6637.0000000000   1.2773124361e+03   2.1801115783e+02   7.5602998453e+02
   6638.0000000000   1.2775963761e+03   2.1812923481e+02   7.5619724746e+02
   6639.0000000000   1.2778895524e+03   2.1824661258e+02   7.5636415010e+02
   6640.0000000000   1.2781758229e+03   2.1836337592e+02   7.5653071595e+02
   6641.0000000000   1.2784706815e+03   2.1847958615e+02   7.5670700900e+02
   6642.0000000000   1.2787686446e+03   2.1860533477e+02   7.5687711739e+02
   6643.0000000000   1.2790586425e+03   2.1873477538e+02   7.5704597119e+02
   6644.0000000000   1.2793463445e+03   2.1885692631e+02   7.5721404976e+02
   6645.0000000000   1.2796325078e+03   2.1897719633e+02   7.5739158941e+02
   6646.0000000000   1.2799174789e+03   2.1909625545e+02   7.5756276426e+02
   6647.0000000000   1.2802014594e+03   2.1921439660e+02   7.5773255407e+02
   6648.0000000000   1.2804845820e+03   2.1933178461e+02   7.5790146961e+02
   6649.0000000000   1.2807669410e+03   2.1945857001e+02   7.5807976841e+02
   6650.0000000000   1.2810486074e+03   2.1957889873e+02   7.5825163961e+02
   6651.0000000000   1.2813296368e+03   2.1969774189e+02   7.5842207398e+02
   6652.0000000000   1.2816307119e+03   2.1981560935e+02   7.5859159067e+02
   6653.0000000000   1.2819191418e+03   2.1993271639e+02   7.5878049811e+02
   6654.0000000000   1.2822050581e+03   2.2004918414e+02   7.5895706218e+02
   6655.0000000000   1.2824894468e+03   2.2017513604e+02   7.5914123811e+02
   6656.0000000000   1.2827830216e+03   2.2030474446e+02   7.5931808694e+02
   6657.0000000000   1.2830696292e+03   2.2042703952e+02   7.5950297216e+02
   6658.0000000000   1.2833544512e+03   2.2055748223e+02   7.5968065008e+02
   6659.0000000000   1.2836380568e+03   2.2068081951e+02   7.5985635351e+02
   6660.0000000000   1.2839310167e+03   2.2081230831e+02   7.6004077976e+02
   6661.0000000000   1.2842171124e+03   2.2094669913e+02   7.6022834866e+02
   6662.0000000000   1.2845221291e+03   2.2108331276e+02   7.6040822798e+02
   6663.0000000000   1.2848138884e+03   2.2121177210e+02   7.6058592125e+02
   6664.0000000000   1.2851027297e+03   2.2133775223e+02   7.6076216326e+02
   6665.0000000000   1.2853897496e+03   2.2146207329e+02   7.6095738246e+02
   6666.0000000000   1.2856857297e+03   2.2159516843e+02   7.6113992165e+02
   6667.0000000000   1.2859745624e+03   2.2172133996e+02   7.6131974532e+02
   6668.0000000000   1.2862614611e+03   2.2184565756e+02   7.6149788268e+02
   6669.0000000000   1.2865573381e+03   2.2198878741e+02   7.6167476750e+02
   6670.0000000000   1.2868460990e+03   2.2211913672e+02   7.6185064184e+02
   6671.0000000000   1.2871432733e+03   2.2224669502e+02   7.6202566158e+02
   6672.0000000000   1.2874434037e+03   2.2238254815e+02   7.6219993622e+02
   6673.0000000000   1.2877457606e+03   2.2251120843e+02   7.6237354736e+02
   6674.0000000000   1.2880396660e+03   2.2263783834e+02   7.6254655838e+02
   6675.0000000000   1.2883309410e+03   2.2276306395e+02   7.6271902009e+02
   6676.0000000000   1.2886307420e+03   2.2288717820e+02   7.6289097423e+02
   6677.0000000000   1.2889334209e+03   2.2301035752e+02   7.6306245574e+02
   6678.0000000000   1.2892279000e+03   2.2313272219e+02   7.6323349439e+02
   6679.0000000000   1.2895198671e+03   2.2325436049e+02   7.6340411583e+02
   6680.0000000000   1.2898101014e+03   2.2337534050e+02   7.6357434243e+02
   6681.0000000000   1.2900989701e+03   2.2349571665e+02   7.6374419390e+02
   6682.0000000000   1.2904073309e+03   2.2361553356e+02   7.6391368772e+02
   6683.0000000000   1.2907026045e+03   2.2374487314e+02   7.6408283955e+02
   6684.0000000000   1.2909949993e+03   2.2386783886e+02   7.6425166346e+02
   6685.0000000000   1.2912855572e+03   2.2398937415e+02   7.6443021668e+02
   6686.0000000000   1.2915850344e+03   2.2410997002e+02   7.6460258243e+02
   6687.0000000000   1.2918773112e+03   2.2423987307e+02   7.6477368718e+02
   6688.0000000000   1.2921675954e+03   2.2436326657e+02   7.6494400763e+02
   6689.0000000000   1.2924564785e+03   2.2448513847e+02   7.6512377809e+02
   6690.0000000000   1.2927442299e+03   2.2460600693e+02   7.6529717125e+02
   6691.0000000000   1.2930310105e+03   2.2472609165e+02   7.6546916577e+02
   6692.0000000000   1.2933272493e+03   2.2485556072e+02   7.6564027169e+02
   6693.0000000000   1.2936166632e+03   2.2497856617e+02   7.6583079045e+02
   6694.0000000000   1.2939146843e+03   2.2510008114e+02   7.6600898245e+02
   6695.0000000000   1.2942054793e+03   2.2523066035e+02   7.6618475412e+02
   6696.0000000000   1.2945046451e+03   2.2535459047e+02   7.6635909142e+02
   6697.0000000000   1.2947964282e+03   2.2547690803e+02   7.6653239470e+02
   6698.0000000000   1.2950861519e+03   2.2559815843e+02   7.6670487942e+02
   6699.0000000000   1.2953744544e+03   2.2571857835e+02   7.6687667979e+02
   6700.0000000000   1.2956616273e+03   2.2583830276e+02   7.6704788739e+02
   6701.0000000000   1.2959478420e+03   2.2595742010e+02   7.6722861320e+02
   6702.0000000000   1.2962332136e+03   2.2608603793e+02   7.6741302388e+02
   6703.0000000000   1.2965281443e+03   2.2620827555e+02   7.6759014668e+02
   6704.0000000000   1.2968163341e+03   2.2632908637e+02   7.6776539663e+02
   6705.0000000000   1.2971028837e+03   2.2645901232e+02   7.6793944814e+02
   6706.0000000000   1.2973883143e+03   2.2658233131e+02   7.6812264173e+02
   6707.0000000000   1.2976728464e+03   2.2670407353e+02   7.6829921604e+02
   6708.0000000000   1.2979566048e+03   2.2682477966e+02   7.6848423899e+02
   6709.0000000000   1.2982396718e+03   2.2694468272e+02   7.6866232454e+02
   6710.0000000000   1.2985324257e+03   2.2707395929e+02   7.6883862535e+02
   6711.0000000000   1.2988185481e+03   2.2719676706e+02   7.6902378894e+02
   6712.0000000000   1.2991031256e+03   2.2731808305e+02   7.6920215754e+02
   6713.0000000000   1.2994073063e+03   2.2744846474e+02   7.6937880409e+02
   6714.0000000000   1.2997088928e+03   2.2757220077e+02   7.6955429940e+02
   6715.0000000000   1.3000120579e+03   2.2769432909e+02   7.6973894313e+02
   6716.0000000000   1.3003065233e+03   2.2781539612e+02   7.6991695580e+02
   6717.0000000000   1.3006085636e+03   2.2793563927e+02   7.7009335248e+02
   6718.0000000000   1.3009027119e+03   2.2805519404e+02   7.7027871616e+02
   6719.0000000000   1.3011944450e+03   2.2817414922e+02   7.7045735380e+02
   6720.0000000000   1.3014844949e+03   2.2829256815e+02   7.7063431710e+02
   6721.0000000000   1.3017732145e+03   2.2841049863e+02   7.7081016315e+02
   6722.0000000000   1.3020608181e+03   2.2852797830e+02   7.7098513791e+02
   6723.0000000000   1.3023577705e+03   2.2864503767e+02   7.7115938377e+02
   6724.0000000000   1.3026478142e+03   2.2876170215e+02   7.7133299525e+02
   6725.0000000000   1.3029360807e+03   2.2887799323e+02   7.7150604046e+02
   6726.0000000000   1.3032231140e+03   2.2899392945e+02   7.7167857125e+02
   6727.0000000000   1.3035091523e+03   2.2910952696e+02   7.7185062870e+02
   6728.0000000000   1.3037943343e+03   2.2922480003e+02   7.7202224630e+02
   6729.0000000000   1.3040890723e+03   2.2933976137e+02   7.7219345202e+02
   6730.0000000000   1.3043873901e+03   2.2945442237e+02   7.7236426959e+02
   6731.0000000000   1.3046780270e+03   2.2956879335e+02   7.7253471951e+02
   6732.0000000000   1.3049665556e+03   2.2969292818e+02   7.7270481966e+02
   6733.0000000000   1.3052639958e+03   2.2981090706e+02   7.7287458582e+02
   6734.0000000000   1.3055542949e+03   2.2992765377e+02   7.7305407652e+02
   6735.0000000000   1.3058426807e+03   2.3006373149e+02   7.7322737596e+02
   6736.0000000000   1.3061297490e+03   2.3018747110e+02   7.7340945587e+02
   6737.0000000000   1.3064157679e+03   2.3030880340e+02   7.7359490964e+02
   6738.0000000000   1.3067008947e+03   2.3042872329e+02   7.7377291504e+02
   6739.0000000000   1.3069852347e+03   2.3054763392e+02   7.7394895633e+02
   6740.0000000000   1.3072688641e+03   2.3066575094e+02   7.7412374442e+02
   6741.0000000000   1.3075724797e+03   2.3078320761e+02   7.7429759625e+02
   6742.0000000000   1.3078633999e+03   2.3090009405e+02   7.7447069147e+02
   6743.0000000000   1.3081620825e+03   2.3101647515e+02   7.7464314566e+02
   6744.0000000000   1.3084634740e+03   2.3113239982e+02   7.7481503933e+02
   6745.0000000000   1.3087566594e+03   2.3124790629e+02   7.7498643182e+02
   6746.0000000000   1.3090473829e+03   2.3136302525e+02   7.7515736872e+02
   6747.0000000000   1.3093467629e+03   2.3147778192e+02   7.7532788621e+02
   6748.0000000000   1.3096388087e+03   2.3159219745e+02   7.7549801373e+02
   6749.0000000000   1.3099287899e+03   2.3170628982e+02   7.7566777576e+02
   6750.0000000000   1.3102276510e+03   2.3183011903e+02   7.7584723746e+02
   6751.0000000000   1.3105193177e+03   2.3194777023e+02   7.7602048822e+02
   6752.0000000000   1.3108090140e+03   2.3206417125e+02   7.7619245936e+02
   6753.0000000000   1.3111076566e+03   2.3217979966e+02   7.7636363140e+02
   6754.0000000000   1.3113991536e+03   2.3229484589e+02   7.7653419723e+02
   6755.0000000000   1.3116990362e+03   2.3240941129e+02   7.7670426039e+02
   6756.0000000000   1.3120018489e+03   2.3252355882e+02   7.7688393014e+02
   6757.0000000000   1.3122965441e+03   2.3263733152e+02   7.7705732278e+02
   6758.0000000000   1.3125991281e+03   2.3275076092e+02   7.7722938713e+02
   6759.0000000000   1.3128940089e+03   2.3286387123e+02   7.7740061564e+02
   6760.0000000000   1.3131969145e+03   2.3297668180e+02   7.7757120965e+02
   6761.0000000000   1.3135024919e+03   2.3308920849e+02   7.7774127880e+02
   6762.0000000000   1.3137997546e+03   2.3320146466e+02   7.7791089249e+02
   6763.0000000000   1.3140944300e+03   2.3331346175e+02   7.7808009887e+02
   6764.0000000000   1.3143976369e+03   2.3342520971e+02   7.7825897807e+02
   6765.0000000000   1.3146933907e+03   2.3353671730e+02   7.7843162931e+02
   6766.0000000000   1.3149869689e+03   2.3364799235e+02   7.7860299060e+02
   6767.0000000000   1.3152893238e+03   2.3375904188e+02   7.7877354716e+02
   6768.0000000000   1.3155947081e+03   2.3388996122e+02   7.7894349522e+02
   6769.0000000000   1.3158919889e+03   2.3400889939e+02   7.7911294072e+02
   6770.0000000000   1.3161868204e+03   2.3412569349e+02   7.7929199467e+02
   6771.0000000000   1.3164799602e+03   2.3424128233e+02   7.7946477468e+02
   6772.0000000000   1.3167717611e+03   2.3435603224e+02   7.7964627498e+02
   6773.0000000000   1.3170624325e+03   2.3447013301e+02   7.7982106034e+02
   6774.0000000000   1.3173624348e+03   2.3458369882e+02   7.8000429294e+02
   6775.0000000000   1.3176555066e+03   2.3469680524e+02   7.8018062137e+02
   6776.0000000000   1.3179467769e+03   2.3481955013e+02   7.8035521200e+02
   6777.0000000000   1.3182471072e+03   2.3493604475e+02   7.8052867289e+02
   6778.0000000000   1.3185403707e+03   2.3505123552e+02   7.8070127577e+02
   6779.0000000000   1.3188420750e+03   2.3516561369e+02   7.8088322145e+02
   6780.0000000000   1.3191364290e+03   2.3527937989e+02   7.8105868377e+02
   6781.0000000000   1.3194287373e+03   2.3540268779e+02   7.8123265089e+02
   6782.0000000000   1.3197196283e+03   2.3551967802e+02   7.8140564376e+02
   6783.0000000000   1.3200093873e+03   2.3563531426e+02   7.8157788517e+02
   6784.0000000000   1.3203085016e+03   2.3575009877e+02   7.8174950144e+02
   6785.0000000000   1.3206007199e+03   2.3586423967e+02   7.8193061969e+02
   6786.0000000000   1.3209118128e+03   2.3597785150e+02   7.8210537042e+02
   6787.0000000000   1.3212095949e+03   2.3609100725e+02   7.8227871399e+02
   6788.0000000000   1.3215044027e+03   2.3620375780e+02   7.8246119683e+02
   6789.0000000000   1.3217973322e+03   2.3631614085e+02   7.8263709979e+02
   6790.0000000000   1.3220888462e+03   2.3644827456e+02   7.8281145506e+02
   6791.0000000000   1.3223792016e+03   2.3657837001e+02   7.8298480464e+02
   6792.0000000000   1.3226788820e+03   2.3670034977e+02   7.8315738242e+02
   6793.0000000000   1.3229716387e+03   2.3683012417e+02   7.8332932100e+02
   6794.0000000000   1.3232729263e+03   2.3695260728e+02   7.8350070676e+02
   6795.0000000000   1.3235669267e+03   2.3707309323e+02   7.8368164541e+02
   6796.0000000000   1.3238692483e+03   2.3720230685e+02   7.8385625458e+02
   6797.0000000000   1.3241641459e+03   2.3732463673e+02   7.8402948613e+02
   6798.0000000000   1.3244569486e+03   2.3744518550e+02   7.8420183612e+02
   6799.0000000000   1.3247586190e+03   2.3756454387e+02   7.8437350946e+02
   6800.0000000000   1.3250530882e+03   2.3769302535e+02   7.8454461925e+02
   6801.0000000000   1.3253559002e+03   2.3781486035e+02   7.8471523800e+02
   6802.0000000000   1.3256512882e+03   2.3793507119e+02   7.8488541674e+02
   6803.0000000000   1.3259445737e+03   2.3805420175e+02   7.8505519370e+02
   6804.0000000000   1.3262467160e+03   2.3817249145e+02   7.8522459885e+02
   6805.0000000000   1.3265416457e+03   2.3829007919e+02   7.8539365643e+02
   6806.0000000000   1.3268345879e+03   2.3840705749e+02   7.8556238661e+02
   6807.0000000000   1.3271261401e+03   2.3852349326e+02   7.8573080646e+02
   6808.0000000000   1.3274268932e+03   2.3863943753e+02   7.8589893072e+02
   6809.0000000000   1.3277206448e+03   2.3878506423e+02   7.8606677225e+02
   6810.0000000000   1.3280125542e+03   2.3891262123e+02   7.8623434240e+02
   6811.0000000000   1.3283135006e+03   2.3903688370e+02   7.8640165132e+02
   6812.0000000000   1.3286073676e+03   2.3915927588e+02   7.8657875257e+02
   6813.0000000000   1.3288993505e+03   2.3929040499e+02   7.8674972603e+02
   6814.0000000000   1.3292003455e+03   2.3941463850e+02   7.8691949506e+02
   6815.0000000000   1.3294942460e+03   2.3953707303e+02   7.8709857798e+02
   6816.0000000000   1.3297965718e+03   2.3965829698e+02   7.8727123360e+02
   6817.0000000000   1.3300915396e+03   2.3977857832e+02   7.8744247640e+02
   6818.0000000000   1.3303947782e+03   2.3989807534e+02   7.8761283388e+02
   6819.0000000000   1.3306905554e+03   2.4002693877e+02   7.8778252788e+02
   6820.0000000000   1.3309945282e+03   2.4015936168e+02   7.8795168081e+02
   6821.0000000000   1.3312909820e+03   2.4028439025e+02   7.8812037039e+02
   6822.0000000000   1.3315852667e+03   2.4040745373e+02   7.8828865038e+02
   6823.0000000000   1.3318883588e+03   2.4052923773e+02   7.8845656030e+02
   6824.0000000000   1.3321842002e+03   2.4065004728e+02   7.8862413048e+02
   6825.0000000000   1.3324883428e+03   2.4077005681e+02   7.8879138499e+02
   6826.0000000000   1.3327953448e+03   2.4088938014e+02   7.8895834349e+02
   6827.0000000000   1.3330941687e+03   2.4100809794e+02   7.8912502230e+02
   6828.0000000000   1.3333905088e+03   2.4112627071e+02   7.8929143532e+02
   6829.0000000000   1.3336851425e+03   2.4124394575e+02   7.8946763895e+02
   6830.0000000000   1.3339784329e+03   2.4136116119e+02   7.8963771521e+02
   6831.0000000000   1.3342705955e+03   2.4148799300e+02   7.8980658915e+02
   6832.0000000000   1.3345617745e+03   2.4161858382e+02   7.8997473588e+02
   6833.0000000000   1.3348520746e+03   2.4174194384e+02   7.9014234361e+02
   6834.0000000000   1.3351415752e+03   2.4186347559e+02   7.9030951171e+02
   6835.0000000000   1.3354406587e+03   2.4198384418e+02   7.9048634579e+02
   6836.0000000000   1.3357330124e+03   2.4211338302e+02   7.9065695889e+02
   6837.0000000000   1.3360237294e+03   2.4223632525e+02   7.9082629687e+02
   6838.0000000000   1.3363236448e+03   2.4235769005e+02   7.9099484953e+02
   6839.0000000000   1.3366166119e+03   2.4247801634e+02   7.9117286027e+02
   6840.0000000000   1.3369078034e+03   2.4259753822e+02   7.9134450815e+02
   6841.0000000000   1.3371977798e+03   2.4272643404e+02   7.9151477641e+02
   6842.0000000000   1.3374867851e+03   2.4284886341e+02   7.9169422279e+02
   6843.0000000000   1.3377749594e+03   2.4296980506e+02   7.9186713369e+02
   6844.0000000000   1.3380623952e+03   2.4308977350e+02   7.9204858825e+02
   6845.0000000000   1.3383594784e+03   2.4320898704e+02   7.9222320081e+02
   6846.0000000000   1.3386808533e+03   2.4332756884e+02   7.9239612091e+02
   6847.0000000000   1.3389825190e+03   2.4344559929e+02   7.9256794727e+02
   6848.0000000000   1.3392801393e+03   2.4357318016e+02   7.9273894601e+02
   6849.0000000000   1.3395753671e+03   2.4369442644e+02   7.9290926983e+02
   6850.0000000000   1.3398688793e+03   2.4381428821e+02   7.9307901843e+02
   6851.0000000000   1.3401610392e+03   2.4393326028e+02   7.9325830680e+02
   6852.0000000000   1.3404520719e+03   2.4405154678e+02   7.9343125917e+02
   6853.0000000000   1.3407421302e+03   2.4416926021e+02   7.9360283224e+02
   6854.0000000000   1.3410313242e+03   2.4428647277e+02   7.9377352566e+02
   6855.0000000000   1.3413300565e+03   2.4440323527e+02   7.9395359156e+02
   6856.0000000000   1.3416220285e+03   2.4451958587e+02   7.9412721667e+02
   6857.0000000000   1.3419123433e+03   2.4463555451e+02   7.9430943544e+02
   6858.0000000000   1.3422015241e+03   2.4475116549e+02   7.9448483865e+02
   6859.0000000000   1.3424897930e+03   2.4486643905e+02   7.9465856221e+02
   6860.0000000000   1.3427875958e+03   2.4498139242e+02   7.9483119648e+02
   6861.0000000000   1.3430786521e+03   2.4509604048e+02   7.9500300221e+02
   6862.0000000000   1.3433783917e+03   2.4521039625e+02   7.9517412861e+02
   6863.0000000000   1.3436709769e+03   2.4532447129e+02   7.9534467310e+02
   6864.0000000000   1.3439616812e+03   2.4543827592e+02   7.9551470466e+02
   6865.0000000000   1.3442614293e+03   2.4557190840e+02   7.9569431939e+02
   6866.0000000000   1.3445541258e+03   2.4569352041e+02   7.9586762915e+02
   6867.0000000000   1.3448449756e+03   2.4581295139e+02   7.9603958213e+02
   6868.0000000000   1.3451345602e+03   2.4593114235e+02   7.9621067189e+02
   6869.0000000000   1.3454334575e+03   2.4604846156e+02   7.9638110164e+02
   6870.0000000000   1.3457254541e+03   2.4616510062e+02   7.9655098317e+02
   6871.0000000000   1.3460157004e+03   2.4628117536e+02   7.9673043253e+02
   6872.0000000000   1.3463047485e+03   2.4640680735e+02   7.9690357160e+02
   6873.0000000000   1.3465928393e+03   2.4652612299e+02   7.9707535389e+02
   6874.0000000000   1.3468904312e+03   2.4664407911e+02   7.9724627580e+02
   6875.0000000000   1.3471915717e+03   2.4677121890e+02   7.9742658652e+02
   6876.0000000000   1.3474850141e+03   2.4689182025e+02   7.9760047021e+02
   6877.0000000000   1.3477763395e+03   2.4701091262e+02   7.9777291462e+02
   6878.0000000000   1.3480662543e+03   2.4712903548e+02   7.9794443703e+02
   6879.0000000000   1.3483550729e+03   2.4724642044e+02   7.9811525587e+02
   6880.0000000000   1.3486429755e+03   2.4736319797e+02   7.9828549318e+02
   6881.0000000000   1.3489300795e+03   2.4747945252e+02   7.9845522770e+02
   6882.0000000000   1.3492164684e+03   2.4759524356e+02   7.9862451486e+02
   6883.0000000000   1.3495125238e+03   2.4771061548e+02   7.9880344063e+02
   6884.0000000000   1.3498019310e+03   2.4783564728e+02   7.9897610896e+02
   6885.0000000000   1.3500897798e+03   2.4795443830e+02   7.9914746181e+02
   6886.0000000000   1.3503869019e+03   2.4807192722e+02   7.9932803214e+02
   6887.0000000000   1.3506771471e+03   2.4819864464e+02   7.9951213508e+02
   6888.0000000000   1.3509656846e+03   2.4831885939e+02   7.9968886644e+02
   6889.0000000000   1.3512530717e+03   2.4843759426e+02   7.9986367768e+02
   6890.0000000000   1.3515395492e+03   2.4855538370e+02   8.0003726440e+02
   6891.0000000000   1.3518252545e+03   2.4867245546e+02   8.0020993572e+02
   6892.0000000000   1.3521205964e+03   2.4879898148e+02   8.0038186710e+02
   6893.0000000000   1.3524092753e+03   2.4891911543e+02   8.0055317177e+02
   6894.0000000000   1.3526963899e+03   2.4904787523e+02   8.0072392895e+02
   6895.0000000000   1.3529824583e+03   2.4917988674e+02   8.0089419724e+02
   6896.0000000000   1.3532780167e+03   2.4930435156e+02   8.0107406631e+02
   6897.0000000000   1.3535771416e+03   2.4942677195e+02   8.0124764373e+02
   6898.0000000000   1.3538685982e+03   2.4954787278e+02   8.0142991922e+02
   6899.0000000000   1.3541682917e+03   2.4966798200e+02   8.0160545577e+02
   6900.0000000000   1.3544708853e+03   2.4978728815e+02   8.0177937084e+02
   6901.0000000000   1.3547653802e+03   2.4990591401e+02   8.0195224193e+02
   6902.0000000000   1.3550574855e+03   2.5002394607e+02   8.0212432048e+02
   6903.0000000000   1.3553479834e+03   2.5014144864e+02   8.0230579323e+02
   6904.0000000000   1.3556372371e+03   2.5025847147e+02   8.0248082387e+02
   6905.0000000000   1.3559357790e+03   2.5037505428e+02   8.0266443759e+02
   6906.0000000000   1.3562377055e+03   2.5049122954e+02   8.0284122127e+02
   6907.0000000000   1.3565421229e+03   2.5060702431e+02   8.0302635371e+02
   6908.0000000000   1.3568382734e+03   2.5072246154e+02   8.0320449639e+02
   6909.0000000000   1.3571319320e+03   2.5084760541e+02   8.0339087044e+02
   6910.0000000000   1.3574239074e+03   2.5096654468e+02   8.0357016395e+02
   6911.0000000000   1.3577145766e+03   2.5108421027e+02   8.0375761596e+02
   6912.0000000000   1.3580041616e+03   2.5121112695e+02   8.0394797173e+02
   6913.0000000000   1.3582928097e+03   2.5133155910e+02   8.0413050684e+02
   6914.0000000000   1.3585806264e+03   2.5145052606e+02   8.0431077351e+02
   6915.0000000000   1.3588676915e+03   2.5156855960e+02   8.0448953243e+02
   6916.0000000000   1.3591643865e+03   2.5168588528e+02   8.0466713837e+02
   6917.0000000000   1.3594543983e+03   2.5180262887e+02   8.0484380062e+02
   6918.0000000000   1.3597428187e+03   2.5191887104e+02   8.0501965846e+02
   6919.0000000000   1.3600301627e+03   2.5203466823e+02   8.0519481180e+02
   6920.0000000000   1.3603166462e+03   2.5215006233e+02   8.0536933601e+02
   6921.0000000000   1.3606023907e+03   2.5226508584e+02   8.0555333462e+02
   6922.0000000000   1.3608874757e+03   2.5237976480e+02   8.0573092686e+02
   6923.0000000000   1.3611719581e+03   2.5249412063e+02   8.0591711230e+02
   6924.0000000000   1.3614558819e+03   2.5260817131e+02   8.0609646248e+02
   6925.0000000000   1.3617496008e+03   2.5272193220e+02   8.0627410220e+02
   6926.0000000000   1.3620470989e+03   2.5284546109e+02   8.0645061542e+02
   6927.0000000000   1.3623474060e+03   2.5297288574e+02   8.0662625929e+02
   6928.0000000000   1.3626397090e+03   2.5309320395e+02   8.0681122557e+02
   6929.0000000000   1.3629503803e+03   2.5321180780e+02   8.0698968247e+02
   6930.0000000000   1.3632577882e+03   2.5332935344e+02   8.0716661473e+02
   6931.0000000000   1.3635560214e+03   2.5345616651e+02   8.0734254128e+02
   6932.0000000000   1.3638512916e+03   2.5357647338e+02   8.0751768386e+02
   6933.0000000000   1.3641549000e+03   2.5369528726e+02   8.0769216840e+02
   6934.0000000000   1.3644612703e+03   2.5382318623e+02   8.0786607756e+02
   6935.0000000000   1.3647593655e+03   2.5395451574e+02   8.0803947060e+02
   6936.0000000000   1.3650652181e+03   2.5407839290e+02   8.0822243702e+02
   6937.0000000000   1.3653632599e+03   2.5420028465e+02   8.0839908412e+02
   6938.0000000000   1.3656589199e+03   2.5432089821e+02   8.0857435692e+02
   6939.0000000000   1.3659529055e+03   2.5444055159e+02   8.0874874676e+02
   6940.0000000000   1.3662455565e+03   2.5455942719e+02   8.0892245531e+02
   6941.0000000000   1.3665473995e+03   2.5467764375e+02   8.0909559333e+02
   6942.0000000000   1.3668422129e+03   2.5479528492e+02   8.0926823170e+02
   6943.0000000000   1.3671454707e+03   2.5491241296e+02   8.0944042029e+02
   6944.0000000000   1.3674413696e+03   2.5502907604e+02   8.0961219653e+02
   6945.0000000000   1.3677352103e+03   2.5515535713e+02   8.0978358982e+02
   6946.0000000000   1.3680276205e+03   2.5527535928e+02   8.0995462406e+02
   6947.0000000000   1.3683292060e+03   2.5540406908e+02   8.1012531919e+02
   6948.0000000000   1.3686237728e+03   2.5552604732e+02   8.1029569220e+02
   6949.0000000000   1.3689164858e+03   2.5564640987e+02   8.1046575780e+02
   6950.0000000000   1.3692079083e+03   2.5576573303e+02   8.1063552889e+02
   6951.0000000000   1.3694982910e+03   2.5588426738e+02   8.1081506142e+02
   6952.0000000000   1.3697980998e+03   2.5600215450e+02   8.1098843725e+02
   6953.0000000000   1.3700910700e+03   2.5612953045e+02   8.1116058153e+02
   6954.0000000000   1.3703926437e+03   2.5626057575e+02   8.1133196963e+02
   6955.0000000000   1.3706869931e+03   2.5638432590e+02   8.1150279014e+02
   6956.0000000000   1.3709793994e+03   2.5650620107e+02   8.1167314292e+02
   6957.0000000000   1.3712911134e+03   2.5662687903e+02   8.1184308962e+02
   6958.0000000000   1.3715896814e+03   2.5675670258e+02   8.1202271670e+02
   6959.0000000000   1.3718853634e+03   2.5687991191e+02   8.1219612638e+02
   6960.0000000000   1.3721895440e+03   2.5700153160e+02   8.1236825797e+02
   6961.0000000000   1.3724966264e+03   2.5712210477e+02   8.1253959708e+02
   6962.0000000000   1.3727955462e+03   2.5724186882e+02   8.1273042885e+02
   6963.0000000000   1.3730919929e+03   2.5736096025e+02   8.1290900210e+02
   6964.0000000000   1.3733867438e+03   2.5747946915e+02   8.1308521470e+02
   6965.0000000000   1.3736801630e+03   2.5759746006e+02   8.1326004603e+02
   6966.0000000000   1.3739827861e+03   2.5771498189e+02   8.1344393568e+02
   6967.0000000000   1.3742887135e+03   2.5784211767e+02   8.1362116649e+02
   6968.0000000000   1.3745867366e+03   2.5796297031e+02   8.1379678500e+02
   6969.0000000000   1.3748824654e+03   2.5808248166e+02   8.1397134679e+02
   6970.0000000000   1.3751766288e+03   2.5822122964e+02   8.1414509669e+02
   6971.0000000000   1.3754798784e+03   2.5834755722e+02   8.1431817582e+02
   6972.0000000000   1.3757760449e+03   2.5847140537e+02   8.1450072160e+02
   6973.0000000000   1.3760703086e+03   2.5859377755e+02   8.1467687202e+02
   6974.0000000000   1.3763632426e+03   2.5872512871e+02   8.1485159297e+02
   6975.0000000000   1.3766551043e+03   2.5884975243e+02   8.1502539058e+02
   6976.0000000000   1.3769460456e+03   2.5897270328e+02   8.1519847734e+02
   6977.0000000000   1.3772464885e+03   2.5909454311e+02   8.1538101659e+02
   6978.0000000000   1.3775401444e+03   2.5921552188e+02   8.1555715700e+02
   6979.0000000000   1.3778321222e+03   2.5934582944e+02   8.1573186911e+02
   6980.0000000000   1.3781332678e+03   2.5946963399e+02   8.1591570551e+02
   6981.0000000000   1.3784274420e+03   2.5959192094e+02   8.1609295104e+02
   6982.0000000000   1.3787198232e+03   2.5972325449e+02   8.1627868508e+02
   6983.0000000000   1.3790109760e+03   2.5984792875e+02   8.1645752310e+02
   6984.0000000000   1.3793011477e+03   2.5997098616e+02   8.1663461625e+02
   6985.0000000000   1.3795904810e+03   2.6009297686e+02   8.1681056511e+02
   6986.0000000000   1.3798790706e+03   2.6021414136e+02   8.1698563770e+02
   6987.0000000000   1.3801773037e+03   2.6033461775e+02   8.1715998865e+02
   6988.0000000000   1.3804688688e+03   2.6045449701e+02   8.1733371955e+02
   6989.0000000000   1.3807588578e+03   2.6057384432e+02   8.1750690269e+02
   6990.0000000000   1.3810581037e+03   2.6069270908e+02   8.1767959244e+02
   6991.0000000000   1.3813504571e+03   2.6081113024e+02   8.1785183129e+02
   6992.0000000000   1.3816410883e+03   2.6092913949e+02   8.1802365348e+02
   6993.0000000000   1.3819305551e+03   2.6104676320e+02   8.1819508726e+02
   6994.0000000000   1.3822190989e+03   2.6117406819e+02   8.1836615640e+02
   6995.0000000000   1.3825068577e+03   2.6130518981e+02   8.1853688121e+02
   6996.0000000000   1.3828042407e+03   2.6143917679e+02   8.1870727925e+02
   6997.0000000000   1.3831052678e+03   2.6156549835e+02   8.1887736593e+02
   6998.0000000000   1.3833986744e+03   2.6169977581e+02   8.1904715483e+02
   6999.0000000000   1.3837003484e+03   2.6182683316e+02   8.1921665808e+02
   7000.0000000000   1.3839946230e+03   2.6196197012e+02   8.1939593105e+02
   7001.0000000000   1.3842868561e+03   2.6208991870e+02   8.1956905518e+02
   7002.0000000000   1.3845777018e+03   2.6221590041e+02   8.1975099976e+02
   7003.0000000000   1.3848777781e+03   2.6234056205e+02   8.1993635599e+02
   7004.0000000000   1.3851708961e+03   2.6246420389e+02   8.2012434420e+02
   7005.0000000000   1.3854622223e+03   2.6258700400e+02   8.2030451848e+02
   7006.0000000000   1.3857626387e+03   2.6270908168e+02   8.2048250404e+02
   7007.0000000000   1.3860663494e+03   2.6283052294e+02   8.2065908329e+02
   7008.0000000000   1.3863828237e+03   2.6295139300e+02   8.2083461544e+02
   7009.0000000000   1.3866849606e+03   2.6307174316e+02   8.2100930761e+02
   7010.0000000000   1.3869939155e+03   2.6319161491e+02   8.2118329427e+02
   7011.0000000000   1.3872946188e+03   2.6331104251e+02   8.2135666965e+02
   7012.0000000000   1.3875926871e+03   2.6344009933e+02   8.2152950329e+02
   7013.0000000000   1.3878992384e+03   2.6356288161e+02   8.2170184863e+02
   7014.0000000000   1.3881982997e+03   2.6368432657e+02   8.2187374798e+02
   7015.0000000000   1.3885157981e+03   2.6380491981e+02   8.2204523566e+02
   7016.0000000000   1.3888196478e+03   2.6392485867e+02   8.2222638458e+02
   7017.0000000000   1.3891202534e+03   2.6404425057e+02   8.2241133478e+02
   7018.0000000000   1.3894290793e+03   2.6417320823e+02   8.2259913865e+02
   7019.0000000000   1.3897302611e+03   2.6429585102e+02   8.2277926831e+02
   7020.0000000000   1.3900291347e+03   2.6441713050e+02   8.2295730288e+02
   7021.0000000000   1.3903366856e+03   2.6454758607e+02   8.2313399658e+02
   7022.0000000000   1.3906368690e+03   2.6467149290e+02   8.2330969027e+02
   7023.0000000000   1.3909349304e+03   2.6479387855e+02   8.2348457856e+02
   7024.0000000000   1.3912314845e+03   2.6491528117e+02   8.2365878720e+02
   7025.0000000000   1.3915268173e+03   2.6503593150e+02   8.2384244852e+02
   7026.0000000000   1.3918211020e+03   2.6515595947e+02   8.2401969905e+02
   7027.0000000000   1.3921144578e+03   2.6527544923e+02   8.2420554904e+02
   7028.0000000000   1.3924276116e+03   2.6539446014e+02   8.2438457671e+02
   7029.0000000000   1.3927279047e+03   2.6551303659e+02   8.2456191106e+02
   7030.0000000000   1.3930358126e+03   2.6563121322e+02   8.2473813864e+02
   7031.0000000000   1.3933359774e+03   2.6574901796e+02   8.2491351812e+02
   7032.0000000000   1.3936338600e+03   2.6586647386e+02   8.2508819761e+02
   7033.0000000000   1.3939404838e+03   2.6598360038e+02   8.2526227405e+02
   7034.0000000000   1.3942398131e+03   2.6611045865e+02   8.2544586077e+02
   7035.0000000000   1.3945370934e+03   2.6624117923e+02   8.2562308117e+02
   7036.0000000000   1.3948329351e+03   2.6636476235e+02   8.2579889162e+02
   7037.0000000000   1.3951276188e+03   2.6648660212e+02   8.2598383625e+02
   7038.0000000000   1.3954316314e+03   2.6660735650e+02   8.2616219456e+02
   7039.0000000000   1.3957287230e+03   2.6672730824e+02   8.2633899798e+02
   7040.0000000000   1.3960343467e+03   2.6684661351e+02   8.2652483253e+02
   7041.0000000000   1.3963326831e+03   2.6696537091e+02   8.2671404802e+02
   7042.0000000000   1.3966290204e+03   2.6709369271e+02   8.2689576446e+02
   7043.0000000000   1.3969239764e+03   2.6721570003e+02   8.2707545109e+02
   7044.0000000000   1.3972281488e+03   2.6733634657e+02   8.2725381710e+02
   7045.0000000000   1.3975356559e+03   2.6745612915e+02   8.2743118228e+02
   7046.0000000000   1.3978352933e+03   2.6757525293e+02   8.2760773069e+02
   7047.0000000000   1.3981326702e+03   2.6769383083e+02   8.2778358262e+02
   7048.0000000000   1.3984388319e+03   2.6781193502e+02   8.2795882322e+02
   7049.0000000000   1.3987377440e+03   2.6793966053e+02   8.2814356058e+02
   7050.0000000000   1.3990346486e+03   2.6806111666e+02   8.2832191582e+02
   7051.0000000000   1.3993404714e+03   2.6818124866e+02   8.2849884452e+02
   7052.0000000000   1.3996391253e+03   2.6831059163e+02   8.2867484625e+02
   7053.0000000000   1.3999358252e+03   2.6843341764e+02   8.2885012923e+02
   7054.0000000000   1.4002311618e+03   2.6855475186e+02   8.2902480952e+02
   7055.0000000000   1.4005254024e+03   2.6867513054e+02   8.2919896230e+02
   7056.0000000000   1.4008187049e+03   2.6879478281e+02   8.2937264104e+02
   7057.0000000000   1.4011318141e+03   2.6892388174e+02   8.2954588614e+02
   7058.0000000000   1.4014423996e+03   2.6904658186e+02   8.2974886294e+02
   7059.0000000000   1.4017442584e+03   2.6916785736e+02   8.2993381230e+02
   7060.0000000000   1.4020434483e+03   2.6929826308e+02   8.3011550361e+02
   7061.0000000000   1.4023408606e+03   2.6943212975e+02   8.3030540074e+02
   7062.0000000000   1.4026472244e+03   2.6955856471e+02   8.3048813397e+02
   7063.0000000000   1.4029464130e+03   2.6968302820e+02   8.3066891156e+02
   7064.0000000000   1.4032436322e+03   2.6980622269e+02   8.3084837826e+02
   7065.0000000000   1.4035394718e+03   2.6992846277e+02   8.3102683381e+02
   7066.0000000000   1.4038445192e+03   2.7004992832e+02   8.3120445588e+02
   7067.0000000000   1.4041425702e+03   2.7017073622e+02   8.3138136318e+02
   7068.0000000000   1.4044387835e+03   2.7029096872e+02   8.3155764107e+02
   7069.0000000000   1.4047440375e+03   2.7041068701e+02   8.3173335411e+02
   7070.0000000000   1.4050422158e+03   2.7052993846e+02   8.3190855290e+02
   7071.0000000000   1.4053385132e+03   2.7064876092e+02   8.3208327829e+02
   7072.0000000000   1.4056335070e+03   2.7076718539e+02   8.3225756397e+02
   7073.0000000000   1.4059274541e+03   2.7089528221e+02   8.3243143825e+02
   7074.0000000000   1.4062205050e+03   2.7101714497e+02   8.3260492528e+02
   7075.0000000000   1.4065127605e+03   2.7114775292e+02   8.3277804595e+02
   7076.0000000000   1.4068042941e+03   2.7127166108e+02   8.3295081848e+02
   7077.0000000000   1.4070951624e+03   2.7139398067e+02   8.3312325897e+02
   7078.0000000000   1.4073854105e+03   2.7151528427e+02   8.3330542621e+02
   7079.0000000000   1.4076853949e+03   2.7163581933e+02   8.3348140464e+02
   7080.0000000000   1.4079787831e+03   2.7175572487e+02   8.3365612169e+02
   7081.0000000000   1.4082912906e+03   2.7187509032e+02   8.3383005480e+02
   7082.0000000000   1.4085906928e+03   2.7200402274e+02   8.3400339442e+02
   7083.0000000000   1.4088872967e+03   2.7212664022e+02   8.3417624208e+02
   7084.0000000000   1.4091821755e+03   2.7224789462e+02   8.3434866096e+02
   7085.0000000000   1.4094757738e+03   2.7237832618e+02   8.3452069441e+02
   7086.0000000000   1.4097683341e+03   2.7250221103e+02   8.3469237429e+02
   7087.0000000000   1.4100703279e+03   2.7263462212e+02   8.3487376966e+02
   7088.0000000000   1.4103654961e+03   2.7276017006e+02   8.3505901630e+02
   7089.0000000000   1.4106692850e+03   2.7289404659e+02   8.3523711796e+02
   7090.0000000000   1.4109658691e+03   2.7302092080e+02   8.3541347119e+02
   7091.0000000000   1.4112605312e+03   2.7314597403e+02   8.3558873562e+02
   7092.0000000000   1.4115538844e+03   2.7326982575e+02   8.3576319520e+02
   7093.0000000000   1.4118462027e+03   2.7339275661e+02   8.3593700693e+02
   7094.0000000000   1.4121582836e+03   2.7351493017e+02   8.3612031447e+02
   7095.0000000000   1.4124575048e+03   2.7363645455e+02   8.3629725762e+02
   7096.0000000000   1.4127540426e+03   2.7376745149e+02   8.3648284652e+02
   7097.0000000000   1.4130489140e+03   2.7389205079e+02   8.3666165774e+02
   7098.0000000000   1.4133425363e+03   2.7401521383e+02   8.3683881800e+02
   7099.0000000000   1.4136660945e+03   2.7413744427e+02   8.3702495584e+02
   7100.0000000000   1.4139706411e+03   2.7425895324e+02   8.3720439903e+02
   7101.0000000000   1.4142714271e+03   2.7437985891e+02   8.3739225361e+02
   7102.0000000000   1.4145699655e+03   2.7450023810e+02   8.3758319730e+02
   7103.0000000000   1.4148668712e+03   2.7463018994e+02   8.3776646522e+02
   7104.0000000000   1.4151624756e+03   2.7475382738e+02   8.3794758277e+02
   7105.0000000000   1.4154569863e+03   2.7487609891e+02   8.3813733605e+02
   7106.0000000000   1.4157711835e+03   2.7499749809e+02   8.3832013727e+02
   7107.0000000000   1.4160724434e+03   2.7511822798e+02   8.3850110060e+02
   7108.0000000000   1.4163709457e+03   2.7523840024e+02   8.3868082355e+02
   7109.0000000000   1.4166780316e+03   2.7535808631e+02   8.3885957977e+02
   7110.0000000000   1.4169880789e+03   2.7547733638e+02   8.3904757597e+02
   7111.0000000000   1.4172900068e+03   2.7560623251e+02   8.3922899296e+02
   7112.0000000000   1.4175998133e+03   2.7572887577e+02   8.3940882588e+02
   7113.0000000000   1.4179019044e+03   2.7585020589e+02   8.3958760220e+02
   7114.0000000000   1.4182120084e+03   2.7597070966e+02   8.3976555073e+02
   7115.0000000000   1.4185350919e+03   2.7610062929e+02   8.3994280321e+02
   7116.0000000000   1.4188438056e+03   2.7622414370e+02   8.4011944719e+02
   7117.0000000000   1.4191489279e+03   2.7634623658e+02   8.4029554599e+02
   7118.0000000000   1.4194620580e+03   2.7646742205e+02   8.4047114809e+02
   7119.0000000000   1.4197777168e+03   2.7659796045e+02   8.4064629209e+02
   7120.0000000000   1.4200849140e+03   2.7672204336e+02   8.4084109858e+02
   7121.0000000000   1.4203893901e+03   2.7684466369e+02   8.4103378177e+02
   7122.0000000000   1.4206919596e+03   2.7696634243e+02   8.4121826767e+02
   7123.0000000000   1.4209930151e+03   2.7708730074e+02   8.4140042562e+02
   7124.0000000000   1.4212927951e+03   2.7720766276e+02   8.4158110147e+02
   7125.0000000000   1.4215914627e+03   2.7732750882e+02   8.4176067681e+02
   7126.0000000000   1.4218994567e+03   2.7744689567e+02   8.4193936815e+02
   7127.0000000000   1.4222005054e+03   2.7756586581e+02   8.4211731458e+02
   7128.0000000000   1.4224997327e+03   2.7769449691e+02   8.4229461290e+02
   7129.0000000000   1.4228079976e+03   2.7781688737e+02   8.4247133439e+02
   7130.0000000000   1.4231194916e+03   2.7793797521e+02   8.4264753377e+02
   7131.0000000000   1.4234230392e+03   2.7806829055e+02   8.4282325450e+02
   7132.0000000000   1.4237242641e+03   2.7819210186e+02   8.4299853191e+02
   7133.0000000000   1.4240342199e+03   2.7831443172e+02   8.4318343987e+02
   7134.0000000000   1.4243368780e+03   2.7843581439e+02   8.4336207487e+02
   7135.0000000000   1.4246478036e+03   2.7855647753e+02   8.4353937411e+02
   7136.0000000000   1.4249512427e+03   2.7867654855e+02   8.4372586757e+02
   7137.0000000000   1.4252525253e+03   2.7879610948e+02   8.4390582401e+02
   7138.0000000000   1.4255522979e+03   2.7891521788e+02   8.4408426651e+02
   7139.0000000000   1.4258508595e+03   2.7903391663e+02   8.4427177450e+02
   7140.0000000000   1.4261690269e+03   2.7915223899e+02   8.4445264797e+02
   7141.0000000000   1.4264741931e+03   2.7927021171e+02   8.4463193102e+02
   7142.0000000000   1.4267868665e+03   2.7938785677e+02   8.4482021791e+02
   7143.0000000000   1.4270917107e+03   2.7950519266e+02   8.4500181949e+02
   7144.0000000000   1.4274045214e+03   2.7962223517e+02   8.4518178804e+02
   7145.0000000000   1.4277096499e+03   2.7973899799e+02   8.4536067969e+02
   7146.0000000000   1.4280124833e+03   2.7985549312e+02   8.4553873868e+02
   7147.0000000000   1.4283137028e+03   2.7997173120e+02   8.4571610543e+02
   7148.0000000000   1.4286136302e+03   2.8010781068e+02   8.4589287238e+02
   7149.0000000000   1.4289124594e+03   2.8023188333e+02   8.4606910561e+02
   7150.0000000000   1.4292206420e+03   2.8035378864e+02   8.4625489950e+02
   7151.0000000000   1.4295219111e+03   2.8047446759e+02   8.4644440938e+02
   7152.0000000000   1.4298213917e+03   2.8059428839e+02   8.4662665451e+02
   7153.0000000000   1.4301196233e+03   2.8071344255e+02   8.4680704408e+02
   7154.0000000000   1.4304168407e+03   2.8083204580e+02   8.4698624819e+02
   7155.0000000000   1.4307234995e+03   2.8095017508e+02   8.4716455961e+02
   7156.0000000000   1.4310233275e+03   2.8107792951e+02   8.4734214284e+02
   7157.0000000000   1.4313214422e+03   2.8119942150e+02   8.4752914799e+02
   7158.0000000000   1.4316183757e+03   2.8132964300e+02   8.4771976497e+02
   7159.0000000000   1.4319143560e+03   2.8145315780e+02   8.4791308045e+02
   7160.0000000000   1.4322198325e+03   2.8157508329e+02   8.4809859119e+02
   7161.0000000000   1.4325185279e+03   2.8169599642e+02   8.4828189475e+02
   7162.0000000000   1.4328258743e+03   2.8181614782e+02   8.4847380395e+02
   7163.0000000000   1.4331260357e+03   2.8193567875e+02   8.4865874242e+02
   7164.0000000000   1.4334346062e+03   2.8205468025e+02   8.4884182964e+02
   7165.0000000000   1.4337358289e+03   2.8217321607e+02   8.4903371013e+02
   7166.0000000000   1.4340350237e+03   2.8229133347e+02   8.4921873038e+02
   7167.0000000000   1.4343328259e+03   2.8240906900e+02   8.4940196908e+02
   7168.0000000000   1.4346295243e+03   2.8253649629e+02   8.4959404711e+02
   7169.0000000000   1.4349252877e+03   2.8266775527e+02   8.4977929632e+02
   7170.0000000000   1.4352305481e+03   2.8279185336e+02   8.4997283034e+02
   7171.0000000000   1.4355290226e+03   2.8291419029e+02   8.5015929076e+02
   7172.0000000000   1.4358258234e+03   2.8303542848e+02   8.5034384919e+02
   7173.0000000000   1.4361421172e+03   2.8315585425e+02   8.5052712269e+02
   7174.0000000000   1.4364454021e+03   2.8327562667e+02   8.5070939281e+02
   7175.0000000000   1.4367459072e+03   2.8339484670e+02   8.5089082548e+02
   7176.0000000000   1.4370446767e+03   2.8352362856e+02   8.5107153185e+02
   7177.0000000000   1.4373421437e+03   2.8364609500e+02   8.5125159244e+02
   7178.0000000000   1.4376488649e+03   2.8376720105e+02   8.5143106867e+02
   7179.0000000000   1.4379486272e+03   2.8388744467e+02   8.5161000926e+02
   7180.0000000000   1.4382465855e+03   2.8400703195e+02   8.5180854284e+02
   7181.0000000000   1.4385536162e+03   2.8412607662e+02   8.5199484575e+02
   7182.0000000000   1.4388536009e+03   2.8424465151e+02   8.5217877780e+02
   7183.0000000000   1.4391517330e+03   2.8436280774e+02   8.5237134155e+02
   7184.0000000000   1.4394589071e+03   2.8448058348e+02   8.5255699144e+02
   7185.0000000000   1.4397590149e+03   2.8459800851e+02   8.5274084740e+02
   7186.0000000000   1.4400572558e+03   2.8472515134e+02   8.5292350311e+02
   7187.0000000000   1.4403542089e+03   2.8485614790e+02   8.5310522599e+02
   7188.0000000000   1.4406604514e+03   2.8499004693e+02   8.5328617200e+02
   7189.0000000000   1.4409700892e+03   2.8511631726e+02   8.5346644464e+02
   7190.0000000000   1.4412719094e+03   2.8524053508e+02   8.5365616270e+02
   7191.0000000000   1.4415818344e+03   2.8536345200e+02   8.5384949859e+02
   7192.0000000000   1.4418945409e+03   2.8548540655e+02   8.5403548415e+02
   7193.0000000000   1.4422093603e+03   2.8560659125e+02   8.5421953821e+02
   7194.0000000000   1.4425259665e+03   2.8572712997e+02   8.5441238297e+02
   7195.0000000000   1.4428441546e+03   2.8584710890e+02   8.5459838898e+02
   7196.0000000000   1.4431534610e+03   2.8599672483e+02   8.5478264174e+02
   7197.0000000000   1.4434598203e+03   2.8612824113e+02   8.5496571813e+02
   7198.0000000000   1.4437641399e+03   2.8625644379e+02   8.5514787653e+02
   7199.0000000000   1.4440771818e+03   2.8638276479e+02   8.5532926763e+02
   7200.0000000000   1.4443931699e+03   2.8650777252e+02   8.5550999164e+02
   7201.0000000000   1.4447112919e+03   2.8663176697e+02   8.5569012080e+02
   7202.0000000000   1.4450208458e+03   2.8675493202e+02   8.5586971003e+02
   7203.0000000000   1.4453379674e+03   2.8687739145e+02   8.5604880273e+02
   7204.0000000000   1.4456471328e+03   2.8699923411e+02   8.5622743424e+02
   7205.0000000000   1.4459537946e+03   2.8712052690e+02   8.5641567843e+02
   7206.0000000000   1.4462586744e+03   2.8725136645e+02   8.5659763188e+02
   7207.0000000000   1.4465621222e+03   2.8737586623e+02   8.5677823193e+02
   7208.0000000000   1.4468643528e+03   2.8749897646e+02   8.5695796427e+02
   7209.0000000000   1.4471655147e+03   2.8762119279e+02   8.5713702628e+02
   7210.0000000000   1.4474657174e+03   2.8774272050e+02   8.5731552539e+02
   7211.0000000000   1.4477753653e+03   2.8787371778e+02   8.5749352990e+02
   7212.0000000000   1.4480781627e+03   2.8799832961e+02   8.5767108757e+02
   7213.0000000000   1.4483792162e+03   2.8812152380e+02   8.5784823416e+02
   7214.0000000000   1.4486790528e+03   2.8824380647e+02   8.5802499768e+02
   7215.0000000000   1.4489778987e+03   2.8836538932e+02   8.5821144536e+02
   7216.0000000000   1.4492758840e+03   2.8848639024e+02   8.5839166781e+02
   7217.0000000000   1.4495730962e+03   2.8860688529e+02   8.5858064156e+02
   7218.0000000000   1.4498695990e+03   2.8873697272e+02   8.5876291921e+02
   7219.0000000000   1.4501757614e+03   2.8886076451e+02   8.5894360983e+02
   7220.0000000000   1.4504752598e+03   2.8899325267e+02   8.5913332860e+02
   7221.0000000000   1.4507834972e+03   2.8911900145e+02   8.5931639294e+02
   7222.0000000000   1.4510846181e+03   2.8925317342e+02   8.5949785631e+02
   7223.0000000000   1.4513838837e+03   2.8938041800e+02   8.5968831831e+02
   7224.0000000000   1.4516818910e+03   2.8950590263e+02   8.5987209294e+02
   7225.0000000000   1.4519789018e+03   2.8963023655e+02   8.6005423434e+02
   7226.0000000000   1.4522750660e+03   2.8975369272e+02   8.6023529974e+02
   7227.0000000000   1.4525704817e+03   2.8987642868e+02   8.6041553402e+02
   7228.0000000000   1.4528652190e+03   2.9000859229e+02   8.6059507792e+02
   7229.0000000000   1.4531696500e+03   2.9013432860e+02   8.6077402399e+02
   7230.0000000000   1.4534777717e+03   2.9025860854e+02   8.6095243832e+02
   7231.0000000000   1.4537989427e+03   2.9038194201e+02   8.6113037073e+02
   7232.0000000000   1.4541059940e+03   2.9050454440e+02   8.6130786032e+02
   7233.0000000000   1.4544200350e+03   2.9062653691e+02   8.6148493871e+02
   7234.0000000000   1.4547259633e+03   2.9074799849e+02   8.6166163206e+02
   7235.0000000000   1.4550293715e+03   2.9087902989e+02   8.6183796247e+02
   7236.0000000000   1.4553310397e+03   2.9100374525e+02   8.6204408228e+02
   7237.0000000000   1.4556313442e+03   2.9113713845e+02   8.6223222276e+02
   7238.0000000000   1.4559305117e+03   2.9127381981e+02   8.6241714594e+02
   7239.0000000000   1.4562390142e+03   2.9140298043e+02   8.6262035441e+02
   7240.0000000000   1.4565405980e+03   2.9153011521e+02   8.6281054542e+02
   7241.0000000000   1.4568403971e+03   2.9165594374e+02   8.6299783930e+02
   7242.0000000000   1.4571492762e+03   2.9178079014e+02   8.6318334459e+02
   7243.0000000000   1.4574511103e+03   2.9190484005e+02   8.6336753924e+02
   7244.0000000000   1.4577510889e+03   2.9202821413e+02   8.6355069138e+02
   7245.0000000000   1.4580601046e+03   2.9215099721e+02   8.6374301733e+02
   7246.0000000000   1.4583723668e+03   2.9227325236e+02   8.6392870828e+02
   7247.0000000000   1.4586870293e+03   2.9239502839e+02   8.6411276807e+02
   7248.0000000000   1.4589933575e+03   2.9251636429e+02   8.6429573109e+02
   7249.0000000000   1.4592971394e+03   2.9263729195e+02   8.6447783158e+02
   7250.0000000000   1.4595991913e+03   2.9275783803e+02   8.6465920559e+02
   7251.0000000000   1.4599102143e+03   2.9288806962e+02   8.6483994406e+02
   7252.0000000000   1.4602243889e+03   2.9301207781e+02   8.6502011305e+02
   7253.0000000000   1.4605305514e+03   2.9313479544e+02   8.6519976328e+02
   7254.0000000000   1.4608343393e+03   2.9325670441e+02   8.6537893517e+02
   7255.0000000000   1.4611364992e+03   2.9337799884e+02   8.6555766187e+02
   7256.0000000000   1.4614476953e+03   2.9349878337e+02   8.6574601566e+02
   7257.0000000000   1.4617517672e+03   2.9361912379e+02   8.6592809186e+02
   7258.0000000000   1.4620539015e+03   2.9373906571e+02   8.6610882685e+02
   7259.0000000000   1.4623546765e+03   2.9386868738e+02   8.6628870554e+02
   7260.0000000000   1.4626543531e+03   2.9399208667e+02   8.6648801361e+02
   7261.0000000000   1.4629530863e+03   2.9411420058e+02   8.6668504566e+02
   7262.0000000000   1.4632819386e+03   2.9424555809e+02   8.6687377285e+02
   7263.0000000000   1.4636022149e+03   2.9438047098e+02   8.6706009234e+02
   7264.0000000000   1.4639230812e+03   2.9451807678e+02   8.6724486820e+02
   7265.0000000000   1.4642450305e+03   2.9464789620e+02   8.6742849452e+02
   7266.0000000000   1.4645681455e+03   2.9477553874e+02   8.6761119674e+02
   7267.0000000000   1.4648820978e+03   2.9490177879e+02   8.6779312051e+02
   7268.0000000000   1.4652135356e+03   2.9502697122e+02   8.6797436754e+02
   7269.0000000000   1.4655306845e+03   2.9515132077e+02   8.6815501290e+02
   7270.0000000000   1.4658441188e+03   2.9528500514e+02   8.6833511428e+02
   7271.0000000000   1.4661550882e+03   2.9541218952e+02   8.6851471748e+02
   7272.0000000000   1.4664744812e+03   2.9553785906e+02   8.6870390420e+02
   7273.0000000000   1.4667862687e+03   2.9566253413e+02   8.6889682148e+02
   7274.0000000000   1.4670957242e+03   2.9578643801e+02   8.6908248292e+02
   7275.0000000000   1.4674034881e+03   2.9591974248e+02   8.6926629375e+02
   7276.0000000000   1.4677098680e+03   2.9604660294e+02   8.6944892123e+02
   7277.0000000000   1.4680150549e+03   2.9618203983e+02   8.6963065604e+02
   7278.0000000000   1.4683191828e+03   2.9631063741e+02   8.6982170561e+02
   7279.0000000000   1.4686223527e+03   2.9643752853e+02   8.7000624603e+02
   7280.0000000000   1.4689246440e+03   2.9656330235e+02   8.7018926611e+02
   7281.0000000000   1.4692261215e+03   2.9668821941e+02   8.7037128683e+02
   7282.0000000000   1.4695371581e+03   2.9681242923e+02   8.7055253088e+02
   7283.0000000000   1.4698414358e+03   2.9693602984e+02   8.7074316897e+02
   7284.0000000000   1.4701440444e+03   2.9705909099e+02   8.7092735527e+02
   7285.0000000000   1.4704454979e+03   2.9721179861e+02   8.7112010908e+02
   7286.0000000000   1.4707460125e+03   2.9734640863e+02   8.7131605804e+02
   7287.0000000000   1.4710560295e+03   2.9747770190e+02   8.7150440567e+02
   7288.0000000000   1.4713695851e+03   2.9760710676e+02   8.7170070063e+02
   7289.0000000000   1.4716754241e+03   2.9773518900e+02   8.7188974132e+02
   7290.0000000000   1.4719894411e+03   2.9787229125e+02   8.7207677337e+02
   7291.0000000000   1.4722959745e+03   2.9800266768e+02   8.7226245403e+02
   7292.0000000000   1.4726107052e+03   2.9813135703e+02   8.7244708859e+02
   7293.0000000000   1.4729179273e+03   2.9825891447e+02   8.7263085785e+02
   7294.0000000000   1.4732333120e+03   2.9838558734e+02   8.7281388268e+02
   7295.0000000000   1.4735411532e+03   2.9852156481e+02   8.7299625014e+02
   7296.0000000000   1.4738468056e+03   2.9865101532e+02   8.7317802616e+02
   7297.0000000000   1.4741509302e+03   2.9878896942e+02   8.7336930707e+02
   7298.0000000000   1.4744538345e+03   2.9892001937e+02   8.7355420639e+02
   7299.0000000000   1.4747660215e+03   2.9904930454e+02   8.7373767467e+02
   7300.0000000000   1.4750815710e+03   2.9917741947e+02   8.7393025254e+02
   7301.0000000000   1.4753892600e+03   2.9930462921e+02   8.7412626194e+02
   7302.0000000000   1.4756946881e+03   2.9943108711e+02   8.7432484920e+02
   7303.0000000000   1.4760192146e+03   2.9956693900e+02   8.7451554280e+02
   7304.0000000000   1.4763304382e+03   2.9970637357e+02   8.7470395905e+02
   7305.0000000000   1.4766386494e+03   2.9983843333e+02   8.7489087841e+02
   7306.0000000000   1.4769552527e+03   2.9996854445e+02   8.7507666113e+02
   7307.0000000000   1.4772643462e+03   3.0009738997e+02   8.7526151680e+02
   7308.0000000000   1.4775712398e+03   3.0022527279e+02   8.7544558298e+02
   7309.0000000000   1.4778765808e+03   3.0036241004e+02   8.7562895718e+02
   7310.0000000000   1.4781909923e+03   3.0050303016e+02   8.7582175675e+02
   7311.0000000000   1.4784982939e+03   3.0064624450e+02   8.7600810993e+02
   7312.0000000000   1.4788036614e+03   3.0078156695e+02   8.7619297800e+02
   7313.0000000000   1.4791179860e+03   3.0091460760e+02   8.7637686515e+02
   7314.0000000000   1.4794354800e+03   3.0104614441e+02   8.7657002793e+02
   7315.0000000000   1.4797449822e+03   3.0117653698e+02   8.7675665722e+02
   7316.0000000000   1.4800521262e+03   3.0130599505e+02   8.7694174688e+02
   7317.0000000000   1.4803576541e+03   3.0143465684e+02   8.7712581971e+02
   7318.0000000000   1.4806619062e+03   3.0158270959e+02   8.7730909911e+02
   7319.0000000000   1.4809650824e+03   3.0171837026e+02   8.7749171161e+02
   7320.0000000000   1.4812673160e+03   3.0185152812e+02   8.7767374003e+02
   7321.0000000000   1.4815687032e+03   3.0198316331e+02   8.7785524355e+02
   7322.0000000000   1.4818693171e+03   3.0212372009e+02   8.7803626700e+02
   7323.0000000000   1.4821795351e+03   3.0225748752e+02   8.7821684586e+02
   7324.0000000000   1.4825036787e+03   3.0238951891e+02   8.7839700906e+02
   7325.0000000000   1.4828141102e+03   3.0252037652e+02   8.7857678077e+02
   7326.0000000000   1.4831214433e+03   3.0265031164e+02   8.7875618161e+02
   7327.0000000000   1.4834268526e+03   3.0277947147e+02   8.7894527386e+02
   7328.0000000000   1.4837308303e+03   3.0290795466e+02   8.7912814478e+02
   7329.0000000000   1.4840439654e+03   3.0303583286e+02   8.7930972407e+02
   7330.0000000000   1.4843500640e+03   3.0316316098e+02   8.7949049105e+02
   7331.0000000000   1.4846542939e+03   3.0328998275e+02   8.7969072670e+02
   7332.0000000000   1.4849572211e+03   3.0341633399e+02   8.7987867712e+02
   7333.0000000000   1.4852797358e+03   3.0354224470e+02   8.8006423838e+02
   7334.0000000000   1.4855892584e+03   3.0366774045e+02   8.8024838876e+02
   7335.0000000000   1.4858959891e+03   3.0379284338e+02   8.8043152275e+02
   7336.0000000000   1.4862112794e+03   3.0391757283e+02   8.8061385125e+02
   7337.0000000000   1.4865191934e+03   3.0404194593e+02   8.8079550489e+02
   7338.0000000000   1.4868250170e+03   3.0417602243e+02   8.8097657240e+02
   7339.0000000000   1.4871293805e+03   3.0430388765e+02   8.8116716246e+02
   7340.0000000000   1.4874428940e+03   3.0443046988e+02   8.8135139533e+02
   7341.0000000000   1.4877493671e+03   3.0455624737e+02   8.8154426961e+02
   7342.0000000000   1.4880539675e+03   3.0468141132e+02   8.8174039923e+02
   7343.0000000000   1.4883675798e+03   3.0480606398e+02   8.8192897806e+02
   7344.0000000000   1.4886740919e+03   3.0493026922e+02   8.8211550319e+02
   7345.0000000000   1.4889787019e+03   3.0505407104e+02   8.8230069594e+02
   7346.0000000000   1.4892923084e+03   3.0517750194e+02   8.8248488179e+02
   7347.0000000000   1.4895988065e+03   3.0530058708e+02   8.8266824752e+02
   7348.0000000000   1.4899033981e+03   3.0542334676e+02   8.8285091468e+02
   7349.0000000000   1.4902066650e+03   3.0554579778e+02   8.8303296888e+02
   7350.0000000000   1.4905191866e+03   3.0566795440e+02   8.8321447381e+02
   7351.0000000000   1.4908247516e+03   3.0578982893e+02   8.8339547882e+02
   7352.0000000000   1.4911388318e+03   3.0591143218e+02   8.8357602335e+02
   7353.0000000000   1.4914765751e+03   3.0604281821e+02   8.8376618417e+02
   7354.0000000000   1.4917941834e+03   3.0616806724e+02   8.8395005989e+02
   7355.0000000000   1.4921177477e+03   3.0630214742e+02   8.8413258930e+02
   7356.0000000000   1.4924326236e+03   3.0642960439e+02   8.8431425912e+02
   7357.0000000000   1.4927445828e+03   3.0657563037e+02   8.8449526741e+02
   7358.0000000000   1.4930545006e+03   3.0670893432e+02   8.8467572211e+02
   7359.0000000000   1.4933628120e+03   3.0684963400e+02   8.8485569179e+02
   7360.0000000000   1.4936697834e+03   3.0698286878e+02   8.8503522442e+02
   7361.0000000000   1.4939755968e+03   3.0711400118e+02   8.8522440027e+02
   7362.0000000000   1.4942803843e+03   3.0724374230e+02   8.8540731898e+02
   7363.0000000000   1.4945842469e+03   3.0737242615e+02   8.8558891912e+02
   7364.0000000000   1.4949079027e+03   3.0752033911e+02   8.8576968653e+02
   7365.0000000000   1.4952186884e+03   3.0765575539e+02   8.8594981814e+02
   7366.0000000000   1.4955267582e+03   3.0778860010e+02   8.8612942059e+02
   7367.0000000000   1.4958331167e+03   3.0791987707e+02   8.8630856116e+02
   7368.0000000000   1.4961381743e+03   3.0805000238e+02   8.8648728653e+02
   7369.0000000000   1.4964421550e+03   3.0817920499e+02   8.8666563130e+02
   7370.0000000000   1.4967452014e+03   3.0830763064e+02   8.8684362234e+02
   7371.0000000000   1.4970474133e+03   3.0843538073e+02   8.8702128130e+02
   7372.0000000000   1.4973488649e+03   3.0856253020e+02   8.8720867053e+02
   7373.0000000000   1.4976702525e+03   3.0868913686e+02   8.8738987679e+02
   7374.0000000000   1.4979892145e+03   3.0881524677e+02   8.8756982897e+02
   7375.0000000000   1.4982995262e+03   3.0894089756e+02   8.8774900539e+02
   7376.0000000000   1.4986072305e+03   3.0906612062e+02   8.8793764146e+02
   7377.0000000000   1.4989235261e+03   3.0919094257e+02   8.8811991051e+02
   7378.0000000000   1.4992324503e+03   3.0931538626e+02   8.8830079161e+02
   7379.0000000000   1.4995392838e+03   3.0943947158e+02   8.8850088390e+02
   7380.0000000000   1.4998446561e+03   3.0956321601e+02   8.8869858757e+02
   7381.0000000000   1.5001488588e+03   3.0968663501e+02   8.8888792306e+02
   7382.0000000000   1.5004520660e+03   3.0980974241e+02   8.8907481462e+02
   7383.0000000000   1.5007543954e+03   3.0993255062e+02   8.8927018725e+02
   7384.0000000000   1.5010662524e+03   3.1006511537e+02   8.8945851726e+02
   7385.0000000000   1.5013816582e+03   3.1019151847e+02   8.8964495310e+02
   7386.0000000000   1.5016996712e+03   3.1031668513e+02   8.8983011230e+02
   7387.0000000000   1.5020095005e+03   3.1044109087e+02   8.9001428095e+02
   7388.0000000000   1.5023168983e+03   3.1056492445e+02   8.9019762933e+02
   7389.0000000000   1.5026226563e+03   3.1068828594e+02   8.9038027201e+02
   7390.0000000000   1.5029271388e+03   3.1081123722e+02   8.9056229194e+02
   7391.0000000000   1.5032305581e+03   3.1093382050e+02   8.9074375218e+02
   7392.0000000000   1.5035330540e+03   3.1105606663e+02   8.9092470241e+02
   7393.0000000000   1.5038347262e+03   3.1117799926e+02   8.9112527184e+02
   7394.0000000000   1.5041459687e+03   3.1129963729e+02   8.9131363695e+02
   7395.0000000000   1.5044607955e+03   3.1143104071e+02   8.9149965750e+02
   7396.0000000000   1.5047885787e+03   3.1155629419e+02   8.9168429133e+02
   7397.0000000000   1.5051021598e+03   3.1168032480e+02   8.9187796534e+02
   7398.0000000000   1.5054123380e+03   3.1182369821e+02   8.9206495475e+02
   7399.0000000000   1.5057203824e+03   3.1196479160e+02   8.9225030159e+02
   7400.0000000000   1.5060268411e+03   3.1209760877e+02   8.9243455879e+02
   7401.0000000000   1.5063320200e+03   3.1223810600e+02   8.9261796980e+02
   7402.0000000000   1.5066361142e+03   3.1239131475e+02   8.9280067515e+02
   7403.0000000000   1.5069495781e+03   3.1253069119e+02   8.9298276773e+02
   7404.0000000000   1.5072767856e+03   3.1267680491e+02   8.9316431418e+02
   7405.0000000000   1.5075901357e+03   3.1281498781e+02   8.9335540952e+02
   7406.0000000000   1.5079105885e+03   3.1295071125e+02   8.9354016518e+02
   7407.0000000000   1.5082229750e+03   3.1308475678e+02   8.9372352941e+02
   7408.0000000000   1.5085328535e+03   3.1321750780e+02   8.9390599605e+02
   7409.0000000000   1.5088409859e+03   3.1336928717e+02   8.9408776876e+02
   7410.0000000000   1.5091580572e+03   3.1351844158e+02   8.9426895989e+02
   7411.0000000000   1.5094679244e+03   3.1365898981e+02   8.9444964160e+02
   7412.0000000000   1.5097757873e+03   3.1379686942e+02   8.9462986482e+02
   7413.0000000000   1.5100925534e+03   3.1393297806e+02   8.9480966781e+02
   7414.0000000000   1.5104124467e+03   3.1406773780e+02   8.9499912517e+02
   7415.0000000000   1.5107346336e+03   3.1421144192e+02   8.9518233298e+02
   7416.0000000000   1.5110587096e+03   3.1434832737e+02   8.9537427201e+02
   7417.0000000000   1.5113741079e+03   3.1448342843e+02   8.9555949820e+02
   7418.0000000000   1.5116867030e+03   3.1461730140e+02   8.9574312334e+02
   7419.0000000000   1.5119973633e+03   3.1475019716e+02   8.9592572033e+02
   7420.0000000000   1.5123065056e+03   3.1488226489e+02   8.9610753682e+02
   7421.0000000000   1.5126143803e+03   3.1501360626e+02   8.9628871196e+02
   7422.0000000000   1.5129211557e+03   3.1514429626e+02   8.9646933522e+02
   7423.0000000000   1.5132269539e+03   3.1527439315e+02   8.9665951371e+02
   7424.0000000000   1.5135318677e+03   3.1540394389e+02   8.9684336550e+02
   7425.0000000000   1.5138462895e+03   3.1553298728e+02   8.9702584246e+02
   7426.0000000000   1.5141539152e+03   3.1567160058e+02   8.9720744036e+02
   7427.0000000000   1.5144598443e+03   3.1580388351e+02   8.9738836373e+02
   7428.0000000000   1.5147645985e+03   3.1593477637e+02   8.9756872517e+02
   7429.0000000000   1.5150787186e+03   3.1606476759e+02   8.9774859673e+02
   7430.0000000000   1.5153859673e+03   3.1619405706e+02   8.9792802896e+02
   7431.0000000000   1.5156914788e+03   3.1632275455e+02   8.9811710411e+02
   7432.0000000000   1.5160061131e+03   3.1645093050e+02   8.9829992332e+02
   7433.0000000000   1.5163137397e+03   3.1657863465e+02   8.9848142630e+02
   7434.0000000000   1.5166195422e+03   3.1670590457e+02   8.9867214428e+02
   7435.0000000000   1.5169344080e+03   3.1683276995e+02   8.9885634648e+02
   7436.0000000000   1.5172525420e+03   3.1695925509e+02   8.9903905595e+02
   7437.0000000000   1.5175730940e+03   3.1710546935e+02   8.9922080732e+02
   7438.0000000000   1.5178853263e+03   3.1723957348e+02   8.9940182847e+02
   7439.0000000000   1.5181950238e+03   3.1737141445e+02   8.9958224701e+02
   7440.0000000000   1.5185030005e+03   3.1751198413e+02   8.9976214510e+02
   7441.0000000000   1.5188096363e+03   3.1764572787e+02   8.9994158040e+02
   7442.0000000000   1.5191151549e+03   3.1779784684e+02   9.0012059584e+02
   7443.0000000000   1.5194197044e+03   3.1793707124e+02   9.0029922479e+02
   7444.0000000000   1.5197233913e+03   3.1807349447e+02   9.0047749402e+02
   7445.0000000000   1.5200366146e+03   3.1820820130e+02   9.0065542556e+02
   7446.0000000000   1.5203533926e+03   3.1834165249e+02   9.0083303793e+02
   7447.0000000000   1.5206624624e+03   3.1847410394e+02   9.0101034698e+02
   7448.0000000000   1.5209693960e+03   3.1861576312e+02   9.0118736641e+02
   7449.0000000000   1.5212748946e+03   3.1875081467e+02   9.0136410827e+02
   7450.0000000000   1.5215895887e+03   3.1888425752e+02   9.0154058322e+02
   7451.0000000000   1.5218972927e+03   3.1901662229e+02   9.0171680077e+02
   7452.0000000000   1.5222031736e+03   3.1915818474e+02   9.0189276953e+02
   7453.0000000000   1.5225077942e+03   3.1929315018e+02   9.0206849727e+02
   7454.0000000000   1.5228114030e+03   3.1942652357e+02   9.0224399110e+02
   7455.0000000000   1.5231244637e+03   3.1955883640e+02   9.0241925753e+02
   7456.0000000000   1.5234307090e+03   3.1969031901e+02   9.0260434703e+02
   7457.0000000000   1.5237352596e+03   3.1982110357e+02   9.0278333677e+02
   7458.0000000000   1.5240386489e+03   3.1995127750e+02   9.0296114778e+02
   7459.0000000000   1.5243411060e+03   3.2008090380e+02   9.0313825181e+02
   7460.0000000000   1.5246530807e+03   3.2021003055e+02   9.0331483423e+02
   7461.0000000000   1.5249582956e+03   3.2033869591e+02   9.0350103650e+02
   7462.0000000000   1.5252825016e+03   3.2046693113e+02   9.0369103378e+02
   7463.0000000000   1.5255934986e+03   3.2059476238e+02   9.0387385319e+02
   7464.0000000000   1.5259016111e+03   3.2073225647e+02   9.0406495050e+02
   7465.0000000000   1.5262285635e+03   3.2086350431e+02   9.0424906664e+02
   7466.0000000000   1.5265524021e+03   3.2099343871e+02   9.0443140801e+02
   7467.0000000000   1.5268671138e+03   3.2112254162e+02   9.0461260307e+02
   7468.0000000000   1.5271788671e+03   3.2125100731e+02   9.0480297955e+02
   7469.0000000000   1.5274886234e+03   3.2137894058e+02   9.0498677225e+02
   7470.0000000000   1.5277968400e+03   3.2150640746e+02   9.0518909248e+02
   7471.0000000000   1.5281037879e+03   3.2163345382e+02   9.0538866989e+02
   7472.0000000000   1.5284096472e+03   3.2176011370e+02   9.0557964439e+02
   7473.0000000000   1.5287145466e+03   3.2188641366e+02   9.0576800151e+02
   7474.0000000000   1.5290185830e+03   3.2201237515e+02   9.0596470373e+02
   7475.0000000000   1.5293321511e+03   3.2213801603e+02   9.0616429729e+02
   7476.0000000000   1.5296492670e+03   3.2227339592e+02   9.0635602074e+02
   7477.0000000000   1.5299586674e+03   3.2240259956e+02   9.0654542151e+02
   7478.0000000000   1.5302762431e+03   3.2253055432e+02   9.0674330814e+02
   7479.0000000000   1.5305863318e+03   3.2265773738e+02   9.0693411227e+02
   7480.0000000000   1.5308942957e+03   3.2279438324e+02   9.0712296437e+02
   7481.0000000000   1.5312007935e+03   3.2292466457e+02   9.0731047551e+02
   7482.0000000000   1.5315164473e+03   3.2305355991e+02   9.0749693063e+02
   7483.0000000000   1.5318250722e+03   3.2318157903e+02   9.0768250148e+02
   7484.0000000000   1.5321318384e+03   3.2330893414e+02   9.0788739426e+02
   7485.0000000000   1.5324476314e+03   3.2343574206e+02   9.0807983833e+02
   7486.0000000000   1.5327666583e+03   3.2357212160e+02   9.0827977634e+02
   7487.0000000000   1.5330880725e+03   3.2370219605e+02   9.0847226685e+02
   7488.0000000000   1.5334011395e+03   3.2383091950e+02   9.0866263092e+02
   7489.0000000000   1.5337116477e+03   3.2395878845e+02   9.0886160185e+02
   7490.0000000000   1.5340204140e+03   3.2408600741e+02   9.0905357319e+02
   7491.0000000000   1.5343278211e+03   3.2421268854e+02   9.0924365200e+02
   7492.0000000000   1.5346444138e+03   3.2434894770e+02   9.0943243336e+02
   7493.0000000000   1.5349539787e+03   3.2447890632e+02   9.0962019074e+02
   7494.0000000000   1.5352616740e+03   3.2460751723e+02   9.0980708733e+02
   7495.0000000000   1.5355680612e+03   3.2473527614e+02   9.1000327830e+02
   7496.0000000000   1.5358837094e+03   3.2487243146e+02   9.1019291632e+02
   7497.0000000000   1.5361924021e+03   3.2500316660e+02   9.1038097971e+02
   7498.0000000000   1.5364992891e+03   3.2513246858e+02   9.1056798529e+02
   7499.0000000000   1.5368049236e+03   3.2527089846e+02   9.1075415485e+02
   7500.0000000000   1.5371198673e+03   3.2540274560e+02   9.1093961546e+02
   7501.0000000000   1.5374278974e+03   3.2553304729e+02   9.1112445145e+02
   7502.0000000000   1.5377341587e+03   3.2567239311e+02   9.1130872399e+02
   7503.0000000000   1.5380391998e+03   3.2580509045e+02   9.1149248010e+02
   7504.0000000000   1.5383432598e+03   3.2593618890e+02   9.1168580191e+02
   7505.0000000000   1.5386464768e+03   3.2606624243e+02   9.1189288106e+02
   7506.0000000000   1.5389695808e+03   3.2619549346e+02   9.1208680284e+02
   7507.0000000000   1.5392902299e+03   3.2632408084e+02   9.1227788846e+02
   7508.0000000000   1.5396022122e+03   3.2645209565e+02   9.1246727231e+02
   7509.0000000000   1.5399115785e+03   3.2657960275e+02   9.1265542620e+02
   7510.0000000000   1.5402192139e+03   3.2670665095e+02   9.1284260615e+02
   7511.0000000000   1.5405255235e+03   3.2683327849e+02   9.1302897209e+02
   7512.0000000000   1.5408307404e+03   3.2695951623e+02   9.1322467774e+02
   7513.0000000000   1.5411453355e+03   3.2708538970e+02   9.1341387409e+02
   7514.0000000000   1.5414530521e+03   3.2721092040e+02   9.1360153742e+02
   7515.0000000000   1.5417590202e+03   3.2733612671e+02   9.1378818229e+02
   7516.0000000000   1.5420741005e+03   3.2746102459e+02   9.1397402815e+02
   7517.0000000000   1.5423821649e+03   3.2759567249e+02   9.1416924417e+02
   7518.0000000000   1.5426883998e+03   3.2772415441e+02   9.1435798405e+02
   7519.0000000000   1.5429933757e+03   3.2786144172e+02   9.1454522266e+02
   7520.0000000000   1.5433076639e+03   3.2799208292e+02   9.1473147196e+02
   7521.0000000000   1.5436253657e+03   3.2814127268e+02   9.1491694859e+02
   7522.0000000000   1.5439455841e+03   3.2827772211e+02   9.1510177461e+02
   7523.0000000000   1.5442678750e+03   3.2841150640e+02   9.1528602972e+02
   7524.0000000000   1.5445919634e+03   3.2854369498e+02   9.1546977085e+02
   7525.0000000000   1.5449073397e+03   3.2867473600e+02   9.1565304118e+02
   7526.0000000000   1.5452302262e+03   3.2880487491e+02   9.1583587488e+02
   7527.0000000000   1.5455451430e+03   3.2893426604e+02   9.1601829988e+02
   7528.0000000000   1.5458575661e+03   3.2907305957e+02   9.1620033955e+02
   7529.0000000000   1.5461785496e+03   3.2920540395e+02   9.1638201384e+02
   7530.0000000000   1.5464920867e+03   3.2933627334e+02   9.1656334004e+02
   7531.0000000000   1.5468034465e+03   3.2947622491e+02   9.1675437781e+02
   7532.0000000000   1.5471132587e+03   3.2960954803e+02   9.1693921223e+02
   7533.0000000000   1.5474321387e+03   3.2974128165e+02   9.1712277122e+02
   7534.0000000000   1.5477439028e+03   3.2987197327e+02   9.1730553261e+02
   7535.0000000000   1.5480537256e+03   3.3000186128e+02   9.1748768717e+02
   7536.0000000000   1.5483724981e+03   3.3013108205e+02   9.1766933668e+02
   7537.0000000000   1.5486944331e+03   3.3025972506e+02   9.1785054454e+02
   7538.0000000000   1.5490083703e+03   3.3038785423e+02   9.1803135431e+02
   7539.0000000000   1.5493199440e+03   3.3051551783e+02   9.1822184249e+02
   7540.0000000000   1.5496298970e+03   3.3065279829e+02   9.1841614993e+02
   7541.0000000000   1.5499488896e+03   3.3078379801e+02   9.1860328396e+02
   7542.0000000000   1.5502607587e+03   3.3091345840e+02   9.1878864380e+02
   7543.0000000000   1.5505706884e+03   3.3104226801e+02   9.1897289116e+02
   7544.0000000000   1.5508792552e+03   3.3117042629e+02   9.1915631161e+02
   7545.0000000000   1.5511867188e+03   3.3129804215e+02   9.1934910795e+02
   7546.0000000000   1.5514932330e+03   3.3143522936e+02   9.1953545206e+02
   7547.0000000000   1.5518195406e+03   3.3156610806e+02   9.1972032895e+02
   7548.0000000000   1.5521329907e+03   3.3169563033e+02   9.1990425616e+02
   7549.0000000000   1.5524437434e+03   3.3182429145e+02   9.2009749771e+02
   7550.0000000000   1.5527528063e+03   3.3195229523e+02   9.2029429307e+02
   7551.0000000000   1.5530605908e+03   3.3207975349e+02   9.2048370970e+02
   7552.0000000000   1.5533673212e+03   3.3220673750e+02   9.2067118699e+02
   7553.0000000000   1.5536731398e+03   3.3233329713e+02   9.2085741520e+02
   7554.0000000000   1.5539781457e+03   3.3245946953e+02   9.2104270115e+02
   7555.0000000000   1.5542824123e+03   3.3258528368e+02   9.2122721949e+02
   7556.0000000000   1.5545859970e+03   3.3271076293e+02   9.2141108341e+02
   7557.0000000000   1.5548992649e+03   3.3283592665e+02   9.2159437243e+02
   7558.0000000000   1.5552058901e+03   3.3296079119e+02   9.2177714570e+02
   7559.0000000000   1.5555212742e+03   3.3308537064e+02   9.2195944903e+02
   7560.0000000000   1.5558295606e+03   3.3320967727e+02   9.2214131901e+02
   7561.0000000000   1.5561566475e+03   3.3334376639e+02   9.2233283011e+02
   7562.0000000000   1.5564704035e+03   3.3347171926e+02   9.2252812350e+02
   7563.0000000000   1.5567811903e+03   3.3360850490e+02   9.2271620796e+02
   7564.0000000000   1.5570901165e+03   3.3373866972e+02   9.2290248467e+02
   7565.0000000000   1.5573976512e+03   3.3386731763e+02   9.2308761745e+02
   7566.0000000000   1.5577143736e+03   3.3399501489e+02   9.2327189404e+02
   7567.0000000000   1.5580344045e+03   3.3412200352e+02   9.2345547484e+02
   7568.0000000000   1.5583568646e+03   3.3424841777e+02   9.2363846208e+02
   7569.0000000000   1.5586813237e+03   3.3437434287e+02   9.2384101566e+02
   7570.0000000000   1.5589971994e+03   3.3450988219e+02   9.2403133109e+02
   7571.0000000000   1.5593103546e+03   3.3464919500e+02   9.2422932481e+02
   7572.0000000000   1.5596216493e+03   3.3478130181e+02   9.2442003436e+02
   7573.0000000000   1.5599314937e+03   3.3491161162e+02   9.2460876355e+02
   7574.0000000000   1.5602401322e+03   3.3504079352e+02   9.2479618671e+02
   7575.0000000000   1.5605477288e+03   3.3517918330e+02   9.2498261351e+02
   7576.0000000000   1.5608544014e+03   3.3531101541e+02   9.2516822456e+02
   7577.0000000000   1.5611705583e+03   3.3544130956e+02   9.2535313882e+02
   7578.0000000000   1.5615108631e+03   3.3558064922e+02   9.2553744089e+02
   7579.0000000000   1.5618313314e+03   3.3571333981e+02   9.2572119413e+02
   7580.0000000000   1.5621476405e+03   3.3584443056e+02   9.2590444786e+02
   7581.0000000000   1.5624614551e+03   3.3597447572e+02   9.2608724168e+02
   7582.0000000000   1.5627734617e+03   3.3610371827e+02   9.2626960809e+02
   7583.0000000000   1.5630840323e+03   3.3624234212e+02   9.2645157432e+02
   7584.0000000000   1.5634037182e+03   3.3638455504e+02   9.2663316353e+02
   7585.0000000000   1.5637163147e+03   3.3651940989e+02   9.2682444015e+02
   7586.0000000000   1.5640269879e+03   3.3665233879e+02   9.2700949323e+02
   7587.0000000000   1.5643466249e+03   3.3678402821e+02   9.2720329844e+02
   7588.0000000000   1.5646591172e+03   3.3691478304e+02   9.2739040797e+02
   7589.0000000000   1.5649696670e+03   3.3704477696e+02   9.2757593078e+02
   7590.0000000000   1.5652788574e+03   3.3717412277e+02   9.2776043756e+02
   7591.0000000000   1.5655869508e+03   3.3731294441e+02   9.2794417428e+02
   7592.0000000000   1.5658941020e+03   3.3744537272e+02   9.2813732316e+02
   7593.0000000000   1.5662004156e+03   3.3757636961e+02   9.2832404419e+02
   7594.0000000000   1.5665059685e+03   3.3770643889e+02   9.2852940391e+02
   7595.0000000000   1.5668211393e+03   3.3783579173e+02   9.2872205821e+02
   7596.0000000000   1.5671296118e+03   3.3796454625e+02   9.2891205506e+02
   7597.0000000000   1.5674467949e+03   3.3810282362e+02   9.2910044942e+02
   7598.0000000000   1.5677774761e+03   3.3823475000e+02   9.2928768134e+02
   7599.0000000000   1.5681045115e+03   3.3836528246e+02   9.2947399170e+02
   7600.0000000000   1.5684222378e+03   3.3851500940e+02   9.2965953224e+02
   7601.0000000000   1.5687472483e+03   3.3865228137e+02   9.2984440730e+02
   7602.0000000000   1.5690641824e+03   3.3879708940e+02   9.3002869305e+02
   7603.0000000000   1.5693785666e+03   3.3894455737e+02   9.3021244757e+02
   7604.0000000000   1.5696911606e+03   3.3908408659e+02   9.3039571672e+02
   7605.0000000000   1.5700023348e+03   3.3922128454e+02   9.3057853761e+02
   7606.0000000000   1.5703226348e+03   3.3935693993e+02   9.3076094096e+02
   7607.0000000000   1.5706358510e+03   3.3949142310e+02   9.3094295264e+02
   7608.0000000000   1.5709574660e+03   3.3962495249e+02   9.3112459477e+02
   7609.0000000000   1.5712716821e+03   3.3975767301e+02   9.3130588647e+02
   7610.0000000000   1.5715838040e+03   3.3988968807e+02   9.3148684450e+02
   7611.0000000000   1.5718944626e+03   3.4002107532e+02   9.3166748364e+02
   7612.0000000000   1.5722039470e+03   3.4015189526e+02   9.3184781706e+02
   7613.0000000000   1.5725124286e+03   3.4028219645e+02   9.3202785657e+02
   7614.0000000000   1.5728200235e+03   3.4041201872e+02   9.3220761283e+02
   7615.0000000000   1.5731268166e+03   3.4054139538e+02   9.3238709553e+02
   7616.0000000000   1.5734328734e+03   3.4067035471e+02   9.3256631350e+02
   7617.0000000000   1.5737382465e+03   3.4079892105e+02   9.3275531932e+02
   7618.0000000000   1.5740532981e+03   3.4092711558e+02   9.3293819207e+02
   7619.0000000000   1.5743617008e+03   3.4105495691e+02   9.3311985452e+02
   7620.0000000000   1.5746788551e+03   3.4119250600e+02   9.3330078001e+02
   7621.0000000000   1.5749889040e+03   3.4132384918e+02   9.3348115538e+02
   7622.0000000000   1.5752971074e+03   3.4145391554e+02   9.3366107896e+02
   7623.0000000000   1.5756040614e+03   3.4158318400e+02   9.3384061106e+02
   7624.0000000000   1.5759100274e+03   3.4172189078e+02   9.3401979247e+02
   7625.0000000000   1.5762151547e+03   3.4185421017e+02   9.3420869721e+02
   7626.0000000000   1.5765195409e+03   3.4198512225e+02   9.3440146386e+02
   7627.0000000000   1.5768335750e+03   3.4212518274e+02   9.3458709771e+02
   7628.0000000000   1.5771615839e+03   3.4226872129e+02   9.3477099611e+02
   7629.0000000000   1.5774759316e+03   3.4240484348e+02   9.3496386350e+02
   7630.0000000000   1.5777872323e+03   3.4253900764e+02   9.3515005549e+02
   7631.0000000000   1.5780966596e+03   3.4267191438e+02   9.3533464481e+02
   7632.0000000000   1.5784047044e+03   3.4280387658e+02   9.3551819731e+02
   7633.0000000000   1.5787219540e+03   3.4293507261e+02   9.3570096174e+02
   7634.0000000000   1.5790322128e+03   3.4306561799e+02   9.3588308027e+02
   7635.0000000000   1.5793612851e+03   3.4319559379e+02   9.3606464559e+02
   7636.0000000000   1.5796873263e+03   3.4333510463e+02   9.3624572319e+02
   7637.0000000000   1.5800043235e+03   3.4346826859e+02   9.3642636192e+02
   7638.0000000000   1.5803390710e+03   3.4360003862e+02   9.3661664418e+02
   7639.0000000000   1.5806597905e+03   3.4373091198e+02   9.3680067192e+02
   7640.0000000000   1.5809770304e+03   3.4386109480e+02   9.3698338589e+02
   7641.0000000000   1.5812920136e+03   3.4400074579e+02   9.3716527382e+02
   7642.0000000000   1.5816052858e+03   3.4413401011e+02   9.3734653425e+02
   7643.0000000000   1.5819171619e+03   3.4427590007e+02   9.3752727512e+02
   7644.0000000000   1.5822278482e+03   3.4441099331e+02   9.3770756481e+02
   7645.0000000000   1.5825374911e+03   3.4454441729e+02   9.3788745087e+02
   7646.0000000000   1.5828462004e+03   3.4467675665e+02   9.3806696859e+02
   7647.0000000000   1.5831540613e+03   3.4481831261e+02   9.3824614539e+02
   7648.0000000000   1.5834714614e+03   3.4495330309e+02   9.3842500334e+02
   7649.0000000000   1.5837820930e+03   3.4508673924e+02   9.3861360512e+02
   7650.0000000000   1.5840910535e+03   3.4521915538e+02   9.3879603772e+02
   7651.0000000000   1.5843988626e+03   3.4535078282e+02   9.3897723019e+02
   7652.0000000000   1.5847057406e+03   3.4548175366e+02   9.3916770544e+02
   7653.0000000000   1.5850118128e+03   3.4561215463e+02   9.3935172605e+02
   7654.0000000000   1.5853171623e+03   3.4575209221e+02   9.3953430964e+02
   7655.0000000000   1.5856218493e+03   3.4588568489e+02   9.3971598635e+02
   7656.0000000000   1.5859259206e+03   3.4601788548e+02   9.3989698023e+02
   7657.0000000000   1.5862294137e+03   3.4614919089e+02   9.4007741561e+02
   7658.0000000000   1.5865323598e+03   3.4627980691e+02   9.4027746076e+02
   7659.0000000000   1.5868554235e+03   3.4640984737e+02   9.4046531412e+02
   7660.0000000000   1.5871659002e+03   3.4653938553e+02   9.4065084814e+02
   7661.0000000000   1.5874739105e+03   3.4666847310e+02   9.4083502814e+02
   7662.0000000000   1.5877907508e+03   3.4679714892e+02   9.4101824088e+02
   7663.0000000000   1.5881004450e+03   3.4692544352e+02   9.4121073683e+02
   7664.0000000000   1.5884082485e+03   3.4706342616e+02   9.4140675937e+02
   7665.0000000000   1.5887147674e+03   3.4719518910e+02   9.4160542679e+02
   7666.0000000000   1.5890202734e+03   3.4733571022e+02   9.4179625592e+02
   7667.0000000000   1.5893249241e+03   3.4746954324e+02   9.4199490217e+02
   7668.0000000000   1.5896288239e+03   3.4760179816e+02   9.4218621481e+02
   7669.0000000000   1.5899423663e+03   3.4773304642e+02   9.4237546833e+02
   7670.0000000000   1.5902595631e+03   3.4787357895e+02   9.4257338256e+02
   7671.0000000000   1.5905691450e+03   3.4800760546e+02   9.4276434665e+02
   7672.0000000000   1.5908869971e+03   3.4814013043e+02   9.4296351035e+02
   7673.0000000000   1.5912077700e+03   3.4827168268e+02   9.4315553939e+02
   7674.0000000000   1.5915307757e+03   3.4840248887e+02   9.4334562227e+02
   7675.0000000000   1.5918453540e+03   3.4853267718e+02   9.4353438822e+02
   7676.0000000000   1.5921573333e+03   3.4866233099e+02   9.4372212784e+02
   7677.0000000000   1.5924675536e+03   3.4879150940e+02   9.4390901386e+02
   7678.0000000000   1.5927764119e+03   3.4893030124e+02   9.4409516272e+02
   7679.0000000000   1.5930944622e+03   3.4906281282e+02   9.4428065901e+02
   7680.0000000000   1.5934054971e+03   3.4919398801e+02   9.4446556741e+02
   7681.0000000000   1.5937146787e+03   3.4932431692e+02   9.4464993921e+02
   7682.0000000000   1.5940225709e+03   3.4945399996e+02   9.4483381616e+02
   7683.0000000000   1.5943294255e+03   3.4959319110e+02   9.4502727750e+02
   7684.0000000000   1.5946353908e+03   3.4972603159e+02   9.4521442429e+02
   7685.0000000000   1.5949405671e+03   3.4985748598e+02   9.4540019766e+02
   7686.0000000000   1.5952553471e+03   3.4998805747e+02   9.4558508653e+02
   7687.0000000000   1.5955634238e+03   3.5011795523e+02   9.4576929106e+02
   7688.0000000000   1.5958698933e+03   3.5025733932e+02   9.4595292109e+02
   7689.0000000000   1.5962062301e+03   3.5039035541e+02   9.4613604696e+02
   7690.0000000000   1.5965235602e+03   3.5052197127e+02   9.4631871826e+02
   7691.0000000000   1.5968577953e+03   3.5065269258e+02   9.4650097230e+02
   7692.0000000000   1.5971777270e+03   3.5078273043e+02   9.4669288296e+02
   7693.0000000000   1.5975043900e+03   3.5091220190e+02   9.4687854582e+02
   7694.0000000000   1.5978227101e+03   3.5105122671e+02   9.4706289681e+02
   7695.0000000000   1.5981383141e+03   3.5118392937e+02   9.4724642000e+02
   7696.0000000000   1.5984520120e+03   3.5131526526e+02   9.4742931113e+02
   7697.0000000000   1.5987642042e+03   3.5144573221e+02   9.4761167605e+02
   7698.0000000000   1.5990854559e+03   3.5157553596e+02   9.4779358149e+02
   7699.0000000000   1.5994098909e+03   3.5170478989e+02   9.4798511825e+02
   7700.0000000000   1.5997263189e+03   3.5183356648e+02   9.4817039231e+02
   7701.0000000000   1.6000403642e+03   3.5197196104e+02   9.4835434630e+02
   7702.0000000000   1.6003527672e+03   3.5210408313e+02   9.4853746872e+02
   7703.0000000000   1.6006638698e+03   3.5223487819e+02   9.4873000281e+02
   7704.0000000000   1.6009738744e+03   3.5236483705e+02   9.4891612808e+02
   7705.0000000000   1.6012829172e+03   3.5249416036e+02   9.4910082858e+02
   7706.0000000000   1.6015910973e+03   3.5262295758e+02   9.4928461860e+02
   7707.0000000000   1.6019088095e+03   3.5275129816e+02   9.4948780302e+02
   7708.0000000000   1.6022300697e+03   3.5288927499e+02   9.4967864504e+02
   7709.0000000000   1.6025539329e+03   3.5303104010e+02   9.4986705337e+02
   7710.0000000000   1.6028696066e+03   3.5316560894e+02   9.5005401590e+02
   7711.0000000000   1.6031828422e+03   3.5329838683e+02   9.5023993455e+02
   7712.0000000000   1.6034944309e+03   3.5343004019e+02   9.5042502612e+02
   7713.0000000000   1.6038047373e+03   3.5356085837e+02   9.5060942596e+02
   7714.0000000000   1.6041139738e+03   3.5369100271e+02   9.5079322660e+02
   7715.0000000000   1.6044222807e+03   3.5382057599e+02   9.5097649538e+02
   7716.0000000000   1.6047297580e+03   3.5395969387e+02   9.5115928357e+02
   7717.0000000000   1.6050364812e+03   3.5409248028e+02   9.5134163157e+02
   7718.0000000000   1.6053425096e+03   3.5423393571e+02   9.5152357208e+02
   7719.0000000000   1.6056478911e+03   3.5436863057e+02   9.5170513218e+02
   7720.0000000000   1.6059733038e+03   3.5450168752e+02   9.5188633468e+02
   7721.0000000000   1.6062860535e+03   3.5463368787e+02   9.5207724353e+02
   7722.0000000000   1.6065962696e+03   3.5476488587e+02   9.5226194726e+02
   7723.0000000000   1.6069049367e+03   3.5489542588e+02   9.5244537653e+02
   7724.0000000000   1.6072124486e+03   3.5503544608e+02   9.5262801135e+02
   7725.0000000000   1.6075190156e+03   3.5516908417e+02   9.5281004427e+02
   7726.0000000000   1.6078350876e+03   3.5530130532e+02   9.5299157851e+02
   7727.0000000000   1.6081443906e+03   3.5544265933e+02   9.5318272312e+02
   7728.0000000000   1.6084623595e+03   3.5557742945e+02   9.5336759421e+02
   7729.0000000000   1.6087731607e+03   3.5571064964e+02   9.5355114045e+02
   7730.0000000000   1.6090923898e+03   3.5584286319e+02   9.5373385416e+02
   7731.0000000000   1.6094042910e+03   3.5598434950e+02   9.5391593658e+02
   7732.0000000000   1.6097245038e+03   3.5611931354e+02   9.5409749728e+02
   7733.0000000000   1.6100373000e+03   3.5625275815e+02   9.5427860556e+02
   7734.0000000000   1.6103480185e+03   3.5638521202e+02   9.5445930951e+02
   7735.0000000000   1.6106573081e+03   3.5651690241e+02   9.5463964473e+02
   7736.0000000000   1.6109654669e+03   3.5665800286e+02   9.5481963877e+02
   7737.0000000000   1.6112726713e+03   3.5679266945e+02   9.5499931373e+02
   7738.0000000000   1.6115790392e+03   3.5692587822e+02   9.5517868782e+02
   7739.0000000000   1.6118846561e+03   3.5705814154e+02   9.5535777636e+02
   7740.0000000000   1.6121999062e+03   3.5718967602e+02   9.5553659247e+02
   7741.0000000000   1.6125084771e+03   3.5732060336e+02   9.5571514758e+02
   7742.0000000000   1.6128257802e+03   3.5745100274e+02   9.5589345171e+02
   7743.0000000000   1.6131359663e+03   3.5758093039e+02   9.5607151379e+02
   7744.0000000000   1.6134443010e+03   3.5771042877e+02   9.5624934182e+02
   7745.0000000000   1.6137617041e+03   3.5783953124e+02   9.5644703199e+02
   7746.0000000000   1.6140720765e+03   3.5796826494e+02   9.5663273408e+02
   7747.0000000000   1.6143806201e+03   3.5809665241e+02   9.5681628587e+02
   7748.0000000000   1.6146879145e+03   3.5822471280e+02   9.5700867127e+02
   7749.0000000000   1.6149942168e+03   3.5835246259e+02   9.5719432874e+02
   7750.0000000000   1.6153203141e+03   3.5847991617e+02   9.5738840892e+02
   7751.0000000000   1.6156438972e+03   3.5860708624e+02   9.5757556499e+02
   7752.0000000000   1.6159587739e+03   3.5874402859e+02   9.5776096964e+02
   7753.0000000000   1.6162710085e+03   3.5888486944e+02   9.5794523635e+02
   7754.0000000000   1.6165814955e+03   3.5901860546e+02   9.5812864107e+02
   7755.0000000000   1.6168906466e+03   3.5915062780e+02   9.5831134331e+02
   7756.0000000000   1.6172090188e+03   3.5928159192e+02   9.5849344768e+02
   7757.0000000000   1.6175204037e+03   3.5943186741e+02   9.5867502826e+02
   7758.0000000000   1.6178299615e+03   3.5956975182e+02   9.5886618484e+02
   7759.0000000000   1.6181382539e+03   3.5970517390e+02   9.5905103193e+02
   7760.0000000000   1.6184558493e+03   3.5983913395e+02   9.5923451970e+02
   7761.0000000000   1.6187665303e+03   3.5997204202e+02   9.5941714315e+02
   7762.0000000000   1.6190754456e+03   3.6010412036e+02   9.5959910652e+02
   7763.0000000000   1.6193831469e+03   3.6023550809e+02   9.5978052240e+02
   7764.0000000000   1.6196898756e+03   3.6037634491e+02   9.5997150738e+02
   7765.0000000000   1.6199957714e+03   3.6052081616e+02   9.6015618375e+02
   7766.0000000000   1.6203009276e+03   3.6065796197e+02   9.6033950529e+02
   7767.0000000000   1.6206054120e+03   3.6079320660e+02   9.6052196857e+02
   7768.0000000000   1.6209092766e+03   3.6092723131e+02   9.6070377843e+02
   7769.0000000000   1.6212228821e+03   3.6106033735e+02   9.6088504746e+02
   7770.0000000000   1.6215505371e+03   3.6119269580e+02   9.6106584755e+02
   7771.0000000000   1.6218645930e+03   3.6132441745e+02   9.6124622903e+02
   7772.0000000000   1.6221756549e+03   3.6145558024e+02   9.6143627387e+02
   7773.0000000000   1.6224848894e+03   3.6158624221e+02   9.6162008290e+02
   7774.0000000000   1.6227927827e+03   3.6171644837e+02   9.6180259555e+02
   7775.0000000000   1.6231099176e+03   3.6184623479e+02   9.6198429822e+02
   7776.0000000000   1.6234200958e+03   3.6197563109e+02   9.6216538822e+02
   7777.0000000000   1.6237284804e+03   3.6210466204e+02   9.6234597241e+02
   7778.0000000000   1.6240356336e+03   3.6223334876e+02   9.6252611816e+02
   7779.0000000000   1.6243521230e+03   3.6236170945e+02   9.6270587219e+02
   7780.0000000000   1.6246720487e+03   3.6248976000e+02   9.6288526903e+02
   7781.0000000000   1.6250048321e+03   3.6262755892e+02   9.6306433544e+02
   7782.0000000000   1.6253336649e+03   3.6275919027e+02   9.6324309289e+02
   7783.0000000000   1.6256530031e+03   3.6288958109e+02   9.6342155911e+02
   7784.0000000000   1.6259691805e+03   3.6302925287e+02   9.6360979347e+02
   7785.0000000000   1.6262832356e+03   3.6316246724e+02   9.6380192486e+02
   7786.0000000000   1.6265956676e+03   3.6329424117e+02   9.6399699635e+02
   7787.0000000000   1.6269067730e+03   3.6342510435e+02   9.6418447217e+02
   7788.0000000000   1.6272167481e+03   3.6355528060e+02   9.6437996919e+02
   7789.0000000000   1.6275257330e+03   3.6368489411e+02   9.6456830741e+02
   7790.0000000000   1.6278338326e+03   3.6381402418e+02   9.6475473850e+02
   7791.0000000000   1.6281514476e+03   3.6394272603e+02   9.6494996406e+02
   7792.0000000000   1.6284622796e+03   3.6407104050e+02   9.6513835842e+02
   7793.0000000000   1.6287714325e+03   3.6420904357e+02   9.6532501459e+02
   7794.0000000000   1.6290897497e+03   3.6434083205e+02   9.6551051645e+02
   7795.0000000000   1.6294114105e+03   3.6447134243e+02   9.6569512791e+02
   7796.0000000000   1.6297252292e+03   3.6460105893e+02   9.6587900382e+02
   7797.0000000000   1.6300368208e+03   3.6474022164e+02   9.6606224746e+02
   7798.0000000000   1.6303469129e+03   3.6487300763e+02   9.6624493321e+02
   7799.0000000000   1.6306558343e+03   3.6500439904e+02   9.6642711748e+02
   7800.0000000000   1.6309637754e+03   3.6513490855e+02   9.6660884462e+02
   7801.0000000000   1.6312811808e+03   3.6527479525e+02   9.6679015053e+02
   7802.0000000000   1.6315917761e+03   3.6540824958e+02   9.6697106488e+02
   7803.0000000000   1.6319006793e+03   3.6554026339e+02   9.6715161264e+02
   7804.0000000000   1.6322187424e+03   3.6567135673e+02   9.6733181515e+02
   7805.0000000000   1.6325298305e+03   3.6581179433e+02   9.6752173533e+02
   7806.0000000000   1.6328391251e+03   3.6594577111e+02   9.6771550539e+02
   7807.0000000000   1.6331471928e+03   3.6607828251e+02   9.6790212703e+02
   7808.0000000000   1.6334542825e+03   3.6620985152e+02   9.6809704020e+02
   7809.0000000000   1.6337708571e+03   3.6634070083e+02   9.6828497565e+02
   7810.0000000000   1.6340806480e+03   3.6647095579e+02   9.6847113309e+02
   7811.0000000000   1.6344094127e+03   3.6660069769e+02   9.6865613660e+02
   7812.0000000000   1.6347249556e+03   3.6672998404e+02   9.6884026648e+02
   7813.0000000000   1.6350376050e+03   3.6685885793e+02   9.6902368405e+02
   7814.0000000000   1.6353484500e+03   3.6699739753e+02   9.6920649461e+02
   7815.0000000000   1.6356579477e+03   3.6712970160e+02   9.6938877249e+02
   7816.0000000000   1.6359663502e+03   3.6726070846e+02   9.6958061750e+02
   7817.0000000000   1.6362738178e+03   3.6739090396e+02   9.6976614418e+02
   7818.0000000000   1.6365804617e+03   3.6752048517e+02   9.6995030268e+02
   7819.0000000000   1.6368966832e+03   3.6764955889e+02   9.7013358803e+02
   7820.0000000000   1.6372061815e+03   3.6777819256e+02   9.7032624903e+02
   7821.0000000000   1.6375243764e+03   3.6790643300e+02   9.7051246997e+02
   7822.0000000000   1.6378354251e+03   3.6803431492e+02   9.7070728342e+02
   7823.0000000000   1.6381445980e+03   3.6816186524e+02   9.7089527880e+02
   7824.0000000000   1.6384524997e+03   3.6828910565e+02   9.7108159091e+02
   7825.0000000000   1.6387593976e+03   3.6841605403e+02   9.7126680929e+02
   7826.0000000000   1.6390654463e+03   3.6854272549e+02   9.7145119406e+02
   7827.0000000000   1.6393707474e+03   3.6866913302e+02   9.7163489393e+02
   7828.0000000000   1.6396753737e+03   3.6880533238e+02   9.7181800595e+02
   7829.0000000000   1.6399793807e+03   3.6893540515e+02   9.7201064329e+02
   7830.0000000000   1.6402828121e+03   3.6907432054e+02   9.7219692898e+02
   7831.0000000000   1.6406063416e+03   3.6920662508e+02   9.7238181897e+02
   7832.0000000000   1.6409172711e+03   3.6933742271e+02   9.7257585690e+02
   7833.0000000000   1.6412360457e+03   3.6946727971e+02   9.7277336628e+02
   7834.0000000000   1.6415472828e+03   3.6959643807e+02   9.7296344965e+02
   7835.0000000000   1.6418564233e+03   3.6972503198e+02   9.7315156394e+02
   7836.0000000000   1.6421641546e+03   3.6986319108e+02   9.7333840935e+02
   7837.0000000000   1.6424707908e+03   3.6999504578e+02   9.7352429886e+02
   7838.0000000000   1.6427765147e+03   3.7013559950e+02   9.7370941123e+02
   7839.0000000000   1.6430917655e+03   3.7027946821e+02   9.7389386251e+02
   7840.0000000000   1.6434002649e+03   3.7041584633e+02   9.7407773440e+02
   7841.0000000000   1.6437174464e+03   3.7055023058e+02   9.7426108766e+02
   7842.0000000000   1.6440377949e+03   3.7069338594e+02   9.7444396942e+02
   7843.0000000000   1.6443502231e+03   3.7082970839e+02   9.7462641732e+02
   7844.0000000000   1.6446603895e+03   3.7098438828e+02   9.7480846226e+02
   7845.0000000000   1.6449690441e+03   3.7113620049e+02   9.7499013005e+02
   7846.0000000000   1.6452765291e+03   3.7127931351e+02   9.7517144264e+02
   7847.0000000000   1.6455933617e+03   3.7141973223e+02   9.7535241893e+02
   7848.0000000000   1.6459033084e+03   3.7155838851e+02   9.7554311989e+02
   7849.0000000000   1.6462321504e+03   3.7170576728e+02   9.7572763166e+02
   7850.0000000000   1.6465477094e+03   3.7184619916e+02   9.7591088302e+02
   7851.0000000000   1.6468706452e+03   3.7198477091e+02   9.7609335245e+02
   7852.0000000000   1.6471960117e+03   3.7212207077e+02   9.7627523126e+02
   7853.0000000000   1.6475129597e+03   3.7225837019e+02   9.7646666612e+02
   7854.0000000000   1.6478272771e+03   3.7239383217e+02   9.7665179234e+02
   7855.0000000000   1.6481501135e+03   3.7253861233e+02   9.7683556961e+02
   7856.0000000000   1.6484758202e+03   3.7268690844e+02   9.7701849705e+02
   7857.0000000000   1.6487933208e+03   3.7282777099e+02   9.7720078040e+02
   7858.0000000000   1.6491083044e+03   3.7296663315e+02   9.7738253235e+02
   7859.0000000000   1.6494215517e+03   3.7310418403e+02   9.7757386891e+02
   7860.0000000000   1.6497437501e+03   3.7324073177e+02   9.7776895592e+02
   7861.0000000000   1.6500587565e+03   3.7337645361e+02   9.7796686219e+02
   7862.0000000000   1.6503924085e+03   3.7351146584e+02   9.7815707070e+02
   7863.0000000000   1.6507125664e+03   3.7364585134e+02   9.7834516803e+02
   7864.0000000000   1.6510295998e+03   3.7377967261e+02   9.7853191359e+02
   7865.0000000000   1.6513446293e+03   3.7391297870e+02   9.7873774093e+02
   7866.0000000000   1.6516787752e+03   3.7404580934e+02   9.7893099059e+02
   7867.0000000000   1.6520099010e+03   3.7417819746e+02   9.7912162204e+02
   7868.0000000000   1.6523319202e+03   3.7431017092e+02   9.7931065853e+02
   7869.0000000000   1.6526509677e+03   3.7446184253e+02   9.7950857227e+02
   7870.0000000000   1.6529679886e+03   3.7461142076e+02   9.7969967115e+02
   7871.0000000000   1.6532834327e+03   3.7475282721e+02   9.7989906597e+02
   7872.0000000000   1.6536182057e+03   3.7489192782e+02   9.8009139986e+02
   7873.0000000000   1.6539397590e+03   3.7502956576e+02   9.8028184660e+02
   7874.0000000000   1.6542583225e+03   3.7516612044e+02   9.8047102516e+02
   7875.0000000000   1.6545749536e+03   3.7530180662e+02   9.8065921856e+02
   7876.0000000000   1.6548901014e+03   3.7543676196e+02   9.8084659379e+02
   7877.0000000000   1.6552040192e+03   3.7558112654e+02   9.8103326274e+02
   7878.0000000000   1.6555168721e+03   3.7571904225e+02   9.8121930637e+02
   7879.0000000000   1.6558287780e+03   3.7585547888e+02   9.8140478637e+02
   7880.0000000000   1.6561398257e+03   3.7599094610e+02   9.8158975156e+02
   7881.0000000000   1.6564500852e+03   3.7612565953e+02   9.8177424161e+02
   7882.0000000000   1.6567699326e+03   3.7625974081e+02   9.8195828952e+02
   7883.0000000000   1.6570830513e+03   3.7640331395e+02   9.8214192321e+02
   7884.0000000000   1.6573945316e+03   3.7654050742e+02   9.8232516664e+02
   7885.0000000000   1.6577048878e+03   3.7667628025e+02   9.8250804062e+02
   7886.0000000000   1.6580246549e+03   3.7684126698e+02   9.8269056345e+02
   7887.0000000000   1.6583375909e+03   3.7699793567e+02   9.8287275130e+02
   7888.0000000000   1.6586488262e+03   3.7714522163e+02   9.8305461864e+02
   7889.0000000000   1.6589588985e+03   3.7728951658e+02   9.8323617844e+02
   7890.0000000000   1.6592680384e+03   3.7743188319e+02   9.8341744246e+02
   7891.0000000000   1.6595763772e+03   3.7757282063e+02   9.8359842137e+02
   7892.0000000000   1.6598943203e+03   3.7772266299e+02   9.8377912492e+02
   7893.0000000000   1.6602158854e+03   3.7786567032e+02   9.8395956206e+02
   7894.0000000000   1.6605298065e+03   3.7800689062e+02   9.8413974104e+02
   7895.0000000000   1.6608416516e+03   3.7814688847e+02   9.8431966948e+02
   7896.0000000000   1.6611521177e+03   3.7828591978e+02   9.8449935445e+02
   7897.0000000000   1.6614615123e+03   3.7842413679e+02   9.8467880252e+02
   7898.0000000000   1.6617700100e+03   3.7856164288e+02   9.8485801985e+02
   7899.0000000000   1.6620983624e+03   3.7869851398e+02   9.8503701217e+02
   7900.0000000000   1.6624139219e+03   3.7883480874e+02   9.8521578487e+02
   7901.0000000000   1.6627268490e+03   3.7898061858e+02   9.8539434302e+02
   7902.0000000000   1.6630484691e+03   3.7913009822e+02   9.8557269139e+02
   7903.0000000000   1.6633731470e+03   3.7927226754e+02   9.8575083449e+02
   7904.0000000000   1.6636897911e+03   3.7941253702e+02   9.8592877657e+02
   7905.0000000000   1.6640040712e+03   3.7955157842e+02   9.8611656614e+02
   7906.0000000000   1.6643167493e+03   3.7968968630e+02   9.8629827865e+02
   7907.0000000000   1.6646281779e+03   3.7983707150e+02   9.8647883360e+02
   7908.0000000000   1.6649385638e+03   3.7997791310e+02   9.8665870140e+02
   7909.0000000000   1.6652480443e+03   3.8011720260e+02   9.8683806623e+02
   7910.0000000000   1.6655567179e+03   3.8025546338e+02   9.8702706847e+02
   7911.0000000000   1.6658646592e+03   3.8039292030e+02   9.8721988233e+02
   7912.0000000000   1.6661719266e+03   3.8052970155e+02   9.8740553406e+02
   7913.0000000000   1.6664888865e+03   3.8066589147e+02   9.8759947865e+02
   7914.0000000000   1.6667992143e+03   3.8081159512e+02   9.8778645634e+02
   7915.0000000000   1.6671079934e+03   3.8095093021e+02   9.8797167286e+02
   7916.0000000000   1.6674157318e+03   3.8108884915e+02   9.8816580061e+02
   7917.0000000000   1.6677329592e+03   3.8122584876e+02   9.8835319388e+02
   7918.0000000000   1.6680434286e+03   3.8136213493e+02   9.8853893126e+02
   7919.0000000000   1.6683522660e+03   3.8150786622e+02   9.8873363022e+02
   7920.0000000000   1.6686600053e+03   3.8164718784e+02   9.8893166230e+02
   7921.0000000000   1.6689668733e+03   3.8178506774e+02   9.8913220754e+02
   7922.0000000000   1.6692729981e+03   3.8192201218e+02   9.8933486259e+02
   7923.0000000000   1.6695887822e+03   3.8205823302e+02   9.8952933253e+02
   7924.0000000000   1.6698979212e+03   3.8219384828e+02   9.8972132632e+02
   7925.0000000000   1.6702158296e+03   3.8233897870e+02   9.8991168068e+02
   7926.0000000000   1.6705266591e+03   3.8248779430e+02   9.9010079324e+02
   7927.0000000000   1.6708356747e+03   3.8262932314e+02   9.9028889985e+02
   7928.0000000000   1.6711537951e+03   3.8277902443e+02   9.9047615737e+02
   7929.0000000000   1.6714752387e+03   3.8292164351e+02   9.9066267786e+02
   7930.0000000000   1.6717991613e+03   3.8307243595e+02   9.9084854546e+02
   7931.0000000000   1.6721148272e+03   3.8322615102e+02   9.9103382567e+02
   7932.0000000000   1.6724383411e+03   3.8337206396e+02   9.9121857098e+02
   7933.0000000000   1.6727644713e+03   3.8351572507e+02   9.9140282438e+02
   7934.0000000000   1.6730822832e+03   3.8365789269e+02   9.9159666619e+02
   7935.0000000000   1.6733975287e+03   3.8379891924e+02   9.9178419840e+02
   7936.0000000000   1.6737110202e+03   3.8393901180e+02   9.9197036295e+02
   7937.0000000000   1.6740231433e+03   3.8407830766e+02   9.9216569386e+02
   7938.0000000000   1.6743444474e+03   3.8421690493e+02   9.9235446342e+02
   7939.0000000000   1.6746690426e+03   3.8437496640e+02   9.9254169774e+02
   7940.0000000000   1.6749857269e+03   3.8452069298e+02   9.9272793446e+02
   7941.0000000000   1.6753001151e+03   3.8466396283e+02   9.9291340428e+02
   7942.0000000000   1.6756129395e+03   3.8480574804e+02   9.9309823747e+02
   7943.0000000000   1.6759348543e+03   3.8494644241e+02   9.9329256314e+02
   7944.0000000000   1.6762600112e+03   3.8508625876e+02   9.9348051287e+02
   7945.0000000000   1.6765772278e+03   3.8523537534e+02   9.9366704761e+02
   7946.0000000000   1.6768921288e+03   3.8537795611e+02   9.9385266961e+02
   7947.0000000000   1.6772054518e+03   3.8551898495e+02   9.9403758835e+02
   7948.0000000000   1.6775175350e+03   3.8565898122e+02   9.9423196477e+02
   7949.0000000000   1.6778285771e+03   3.8579816762e+02   9.9442999013e+02
   7950.0000000000   1.6781387102e+03   3.8593667120e+02   9.9462070507e+02
   7951.0000000000   1.6784480299e+03   3.8607457578e+02   9.9481957688e+02
   7952.0000000000   1.6787669281e+03   3.8621194173e+02   9.9502140087e+02
   7953.0000000000   1.6790894174e+03   3.8634881513e+02   9.9521546365e+02
   7954.0000000000   1.6794042312e+03   3.8648523264e+02   9.9540731714e+02
   7955.0000000000   1.6797169385e+03   3.8662122430e+02   9.9559771819e+02
   7956.0000000000   1.6800282382e+03   3.8675681534e+02   9.9578701684e+02
   7957.0000000000   1.6803384399e+03   3.8689202732e+02   9.9597541765e+02
   7958.0000000000   1.6806477205e+03   3.8702687892e+02   9.9616305552e+02
   7959.0000000000   1.6809561956e+03   3.8716138659e+02   9.9636007087e+02
   7960.0000000000   1.6812639474e+03   3.8729556488e+02   9.9655060718e+02
   7961.0000000000   1.6815710376e+03   3.8742942685e+02   9.9673963625e+02
   7962.0000000000   1.6818878340e+03   3.8757302873e+02   9.9692766991e+02
   7963.0000000000   1.6822083313e+03   3.8771045281e+02   9.9711492583e+02
   7964.0000000000   1.6825315678e+03   3.8784662471e+02   9.9731157205e+02
   7965.0000000000   1.6828467375e+03   3.8798202031e+02   9.9750176144e+02
   7966.0000000000   1.6831595802e+03   3.8811682873e+02   9.9770051278e+02
   7967.0000000000   1.6834811969e+03   3.8826119484e+02   9.9789240920e+02
   7968.0000000000   1.6837955799e+03   3.8839925244e+02   9.9808258287e+02
   7969.0000000000   1.6841079849e+03   3.8854600438e+02   9.9827162250e+02
   7970.0000000000   1.6844190257e+03   3.8868602033e+02   9.9845978842e+02
   7971.0000000000   1.6847289826e+03   3.8884450992e+02   9.9864723007e+02
   7972.0000000000   1.6850380218e+03   3.8899019523e+02   9.9883404552e+02
   7973.0000000000   1.6853462547e+03   3.8913315974e+02   9.9902030463e+02
   7974.0000000000   1.6856640815e+03   3.8927447932e+02   9.9921610454e+02
   7975.0000000000   1.6859752001e+03   3.8942465168e+02   9.9940555819e+02
   7976.0000000000   1.6862950292e+03   3.8956799800e+02   9.9959361489e+02
   7977.0000000000   1.6866077247e+03   3.8970959185e+02   9.9978076935e+02
   7978.0000000000   1.6869185562e+03   3.8985000871e+02   9.9996722587e+02
   7979.0000000000   1.6872281271e+03   3.8998950866e+02   1.0001530974e+03
   7980.0000000000   1.6875367045e+03   3.9012824480e+02   1.0003384564e+03
   7981.0000000000   1.6878444419e+03   3.9026631973e+02   1.0005233544e+03
   7982.0000000000   1.6881617598e+03   3.9040380776e+02   1.0007078300e+03
   7983.0000000000   1.6884723665e+03   3.9054076553e+02   1.0008919134e+03
   7984.0000000000   1.6887916864e+03   3.9067723781e+02   1.0010756296e+03
   7985.0000000000   1.6891038785e+03   3.9081326102e+02   1.0012589992e+03
   7986.0000000000   1.6894142143e+03   3.9095890989e+02   1.0014420399e+03
   7987.0000000000   1.6897232980e+03   3.9109828162e+02   1.0016247668e+03
   7988.0000000000   1.6900313972e+03   3.9123631402e+02   1.0018071934e+03
   7989.0000000000   1.6903386656e+03   3.9137349311e+02   1.0019893315e+03
   7990.0000000000   1.6906452043e+03   3.9151001650e+02   1.0021711918e+03
   7991.0000000000   1.6909510856e+03   3.9164599177e+02   1.0023628284e+03
   7992.0000000000   1.6912666832e+03   3.9178148727e+02   1.0025483216e+03
   7993.0000000000   1.6915859953e+03   3.9192659525e+02   1.0027325953e+03
   7994.0000000000   1.6919080626e+03   3.9206542305e+02   1.0029261682e+03
   7995.0000000000   1.6922323991e+03   3.9220291446e+02   1.0031132995e+03
   7996.0000000000   1.6925483816e+03   3.9233955909e+02   1.0032990041e+03
   7997.0000000000   1.6928618426e+03   3.9247555670e+02   1.0034838100e+03
   7998.0000000000   1.6931736180e+03   3.9261101607e+02   1.0036779838e+03
   7999.0000000000   1.6934944180e+03   3.9274600620e+02   1.0038657200e+03
   8000.0000000000   1.6938184270e+03   3.9288057518e+02   1.0040520124e+03
   8001.0000000000   1.6941344823e+03   3.9301475873e+02   1.0042373822e+03
   8002.0000000000   1.6944482210e+03   3.9314858469e+02   1.0044220500e+03
   8003.0000000000   1.6947810272e+03   3.9329211997e+02   1.0046061392e+03
   8004.0000000000   1.6951108357e+03   3.9342945479e+02   1.0047897294e+03
   8005.0000000000   1.6954419041e+03   3.9356552075e+02   1.0049728763e+03
   8006.0000000000   1.6957743318e+03   3.9370079835e+02   1.0051656661e+03
   8007.0000000000   1.6960977535e+03   3.9383548031e+02   1.0053522025e+03
   8008.0000000000   1.6964181489e+03   3.9397971432e+02   1.0055374275e+03
   8009.0000000000   1.6967364502e+03   3.9411763643e+02   1.0057218293e+03
   8010.0000000000   1.6970531158e+03   3.9425420685e+02   1.0059056066e+03
   8011.0000000000   1.6973684248e+03   3.9438992509e+02   1.0060888674e+03
   8012.0000000000   1.6976825666e+03   3.9452499715e+02   1.0062716801e+03
   8013.0000000000   1.6979956787e+03   3.9465953591e+02   1.0064540922e+03
   8014.0000000000   1.6983181853e+03   3.9479361302e+02   1.0066361388e+03
   8015.0000000000   1.6986338051e+03   3.9492727833e+02   1.0068178473e+03
   8016.0000000000   1.6989476553e+03   3.9506056875e+02   1.0069992395e+03
   8017.0000000000   1.6992602712e+03   3.9519351286e+02   1.0071803335e+03
   8018.0000000000   1.6995822044e+03   3.9533617802e+02   1.0073611446e+03
   8019.0000000000   1.6998972262e+03   3.9548269916e+02   1.0075416859e+03
   8020.0000000000   1.7002104781e+03   3.9563212408e+02   1.0077320133e+03
   8021.0000000000   1.7005225068e+03   3.9577392075e+02   1.0079162083e+03
   8022.0000000000   1.7008335506e+03   3.9591366462e+02   1.0081092401e+03
   8023.0000000000   1.7011540660e+03   3.9605210659e+02   1.0082956555e+03
   8024.0000000000   1.7014677813e+03   3.9618958457e+02   1.0084805582e+03
   8025.0000000000   1.7017901327e+03   3.9632629055e+02   1.0086645147e+03
   8026.0000000000   1.7021052877e+03   3.9646234790e+02   1.0088477668e+03
   8027.0000000000   1.7024288432e+03   3.9660788681e+02   1.0090304488e+03
   8028.0000000000   1.7027450445e+03   3.9674704188e+02   1.0092126459e+03
   8029.0000000000   1.7030695326e+03   3.9688477715e+02   1.0093944168e+03
   8030.0000000000   1.7033865806e+03   3.9702159763e+02   1.0095758046e+03
   8031.0000000000   1.7037118479e+03   3.9715771503e+02   1.0097568422e+03
   8032.0000000000   1.7040296205e+03   3.9729324764e+02   1.0099476002e+03
   8033.0000000000   1.7043555673e+03   3.9742827204e+02   1.0101321713e+03
   8034.0000000000   1.7046739816e+03   3.9757288695e+02   1.0103154890e+03
   8035.0000000000   1.7050005377e+03   3.9771120481e+02   1.0105080796e+03
   8036.0000000000   1.7053195332e+03   3.9784817352e+02   1.0106942081e+03
   8037.0000000000   1.7056363269e+03   3.9798428600e+02   1.0108889389e+03
   8038.0000000000   1.7059515832e+03   3.9812978915e+02   1.0110869197e+03
   8039.0000000000   1.7062656129e+03   3.9826886561e+02   1.0112773635e+03
   8040.0000000000   1.7065992409e+03   3.9841654651e+02   1.0114657784e+03
   8041.0000000000   1.7069198661e+03   3.9855742000e+02   1.0116528925e+03
   8042.0000000000   1.7072376819e+03   3.9869661982e+02   1.0118591243e+03
   8043.0000000000   1.7075537190e+03   3.9883473455e+02   1.0120528063e+03
   8044.0000000000   1.7078684061e+03   3.9897202348e+02   1.0122438930e+03
   8045.0000000000   1.7081922995e+03   3.9910863461e+02   1.0124334048e+03
   8046.0000000000   1.7085195068e+03   3.9924466433e+02   1.0126318116e+03
   8047.0000000000   1.7088388214e+03   3.9938018078e+02   1.0128234200e+03
   8048.0000000000   1.7091558534e+03   3.9952527933e+02   1.0130132950e+03
   8049.0000000000   1.7094713309e+03   3.9966407124e+02   1.0132020074e+03
   8050.0000000000   1.7097855854e+03   3.9980150420e+02   1.0133898142e+03
   8051.0000000000   1.7100988106e+03   3.9993807135e+02   1.0135768670e+03
   8052.0000000000   1.7104111351e+03   4.0008401998e+02   1.0137632674e+03
   8053.0000000000   1.7107226519e+03   4.0022353322e+02   1.0139691780e+03
   8054.0000000000   1.7110437504e+03   4.0036159824e+02   1.0141627984e+03
   8055.0000000000   1.7113684419e+03   4.0049873205e+02   1.0143540050e+03
   8056.0000000000   1.7116957773e+03   4.0063515298e+02   1.0145437682e+03
   8057.0000000000   1.7120149609e+03   4.0077098311e+02   1.0147324800e+03
   8058.0000000000   1.7123420598e+03   4.0090630124e+02   1.0149303961e+03
   8059.0000000000   1.7126614990e+03   4.0104116299e+02   1.0151217203e+03
   8060.0000000000   1.7129786909e+03   4.0117560999e+02   1.0153114594e+03
   8061.0000000000   1.7132943255e+03   4.0130967478e+02   1.0155001472e+03
   8062.0000000000   1.7136190462e+03   4.0144338362e+02   1.0156880158e+03
   8063.0000000000   1.7139366828e+03   4.0157675826e+02   1.0158751985e+03
   8064.0000000000   1.7142524163e+03   4.0171986155e+02   1.0160718284e+03
   8065.0000000000   1.7145771401e+03   4.0186682532e+02   1.0162620406e+03
   8066.0000000000   1.7148947488e+03   4.0201669524e+02   1.0164507995e+03
   8067.0000000000   1.7152104451e+03   4.0215893782e+02   1.0166486549e+03
   8068.0000000000   1.7155248122e+03   4.0230917194e+02   1.0168398909e+03
   8069.0000000000   1.7158381117e+03   4.0245221939e+02   1.0170295421e+03
   8070.0000000000   1.7161504975e+03   4.0259333347e+02   1.0172181531e+03
   8071.0000000000   1.7164620734e+03   4.0274321724e+02   1.0174059598e+03
   8072.0000000000   1.7167729152e+03   4.0288624633e+02   1.0176031413e+03
   8073.0000000000   1.7170830813e+03   4.0302751498e+02   1.0177938572e+03
   8074.0000000000   1.7173926186e+03   4.0316760816e+02   1.0179830864e+03
   8075.0000000000   1.7177118846e+03   4.0330679079e+02   1.0181713432e+03
   8076.0000000000   1.7180348672e+03   4.0344521866e+02   1.0183588460e+03
   8077.0000000000   1.7183709189e+03   4.0359304039e+02   1.0185457177e+03
   8078.0000000000   1.7186928660e+03   4.0373440278e+02   1.0187320387e+03
   8079.0000000000   1.7190114961e+03   4.0387427883e+02   1.0189178664e+03
   8080.0000000000   1.7193280687e+03   4.0401318056e+02   1.0191032441e+03
   8081.0000000000   1.7196431242e+03   4.0415132538e+02   1.0192882059e+03
   8082.0000000000   1.7199569622e+03   4.0428883634e+02   1.0194828243e+03
   8083.0000000000   1.7202697724e+03   4.0442579407e+02   1.0196812387e+03
   8084.0000000000   1.7205920046e+03   4.0456225637e+02   1.0198724561e+03
   8085.0000000000   1.7209073908e+03   4.0469826713e+02   1.0200618766e+03
   8086.0000000000   1.7212313733e+03   4.0483386112e+02   1.0202501630e+03
   8087.0000000000   1.7215481259e+03   4.0496906672e+02   1.0204376020e+03
   8088.0000000000   1.7218732508e+03   4.0510390766e+02   1.0206243534e+03
   8089.0000000000   1.7222013171e+03   4.0524844863e+02   1.0208205633e+03
   8090.0000000000   1.7225212865e+03   4.0538677870e+02   1.0210103736e+03
   8091.0000000000   1.7228388496e+03   4.0552382903e+02   1.0211987522e+03
   8092.0000000000   1.7231547785e+03   4.0566008008e+02   1.0213862058e+03
   8093.0000000000   1.7234694315e+03   4.0579572478e+02   1.0215829916e+03
   8094.0000000000   1.7237830193e+03   4.0593086673e+02   1.0217732999e+03
   8095.0000000000   1.7240956821e+03   4.0607561531e+02   1.0219621233e+03
   8096.0000000000   1.7244178395e+03   4.0621408696e+02   1.0221499830e+03
   8097.0000000000   1.7247332041e+03   4.0636127513e+02   1.0223571898e+03
   8098.0000000000   1.7250572050e+03   4.0650174404e+02   1.0225520116e+03
   8099.0000000000   1.7253843259e+03   4.0664061106e+02   1.0227443612e+03
   8100.0000000000   1.7257137983e+03   4.0678849744e+02   1.0229352300e+03
   8101.0000000000   1.7260349176e+03   4.0692972521e+02   1.0231451120e+03
   8102.0000000000   1.7263534855e+03   4.0707939580e+02   1.0233423697e+03
   8103.0000000000   1.7266703252e+03   4.0722213867e+02   1.0235369725e+03
   8104.0000000000   1.7269858221e+03   4.0737315871e+02   1.0237299490e+03
   8105.0000000000   1.7273002037e+03   4.0752717895e+02   1.0239317744e+03
   8106.0000000000   1.7276239399e+03   4.0767345939e+02   1.0241267589e+03
   8107.0000000000   1.7279510940e+03   4.0781754071e+02   1.0243199702e+03
   8108.0000000000   1.7282704340e+03   4.0797021921e+02   1.0245119813e+03
   8109.0000000000   1.7285978727e+03   4.0811591422e+02   1.0247030510e+03
   8110.0000000000   1.7289280827e+03   4.0826978965e+02   1.0248933324e+03
   8111.0000000000   1.7292500742e+03   4.0841651859e+02   1.0250829284e+03
   8112.0000000000   1.7295798840e+03   4.0856129369e+02   1.0252719141e+03
   8113.0000000000   1.7299122572e+03   4.0870474662e+02   1.0254703914e+03
   8114.0000000000   1.7302465697e+03   4.0885721395e+02   1.0256624776e+03
   8115.0000000000   1.7305825262e+03   4.0900294100e+02   1.0258531260e+03
   8116.0000000000   1.7309199448e+03   4.0914696068e+02   1.0260428348e+03
   8117.0000000000   1.7312483787e+03   4.0928982497e+02   1.0262418558e+03
   8118.0000000000   1.7315737763e+03   4.0943177970e+02   1.0264343763e+03
   8119.0000000000   1.7318970555e+03   4.0957296911e+02   1.0266253873e+03
   8120.0000000000   1.7322186681e+03   4.0971349023e+02   1.0268254534e+03
   8121.0000000000   1.7325492092e+03   4.0985341382e+02   1.0270188679e+03
   8122.0000000000   1.7328725031e+03   4.0999279434e+02   1.0272106715e+03
   8123.0000000000   1.7331937374e+03   4.1013167532e+02   1.0274014125e+03
   8124.0000000000   1.7335134969e+03   4.1027009247e+02   1.0275913297e+03
   8125.0000000000   1.7338320509e+03   4.1040807578e+02   1.0277805597e+03
   8126.0000000000   1.7341598814e+03   4.1054565086e+02   1.0279691923e+03
   8127.0000000000   1.7344807375e+03   4.1068283986e+02   1.0281773803e+03
   8128.0000000000   1.7348100730e+03   4.1081966218e+02   1.0283733154e+03
   8129.0000000000   1.7351320703e+03   4.1096617943e+02   1.0285668674e+03
   8130.0000000000   1.7354520196e+03   4.1110647852e+02   1.0287590012e+03
   8131.0000000000   1.7357705410e+03   4.1125553351e+02   1.0289501044e+03
   8132.0000000000   1.7360982345e+03   4.1139789538e+02   1.0291403841e+03
   8133.0000000000   1.7364189017e+03   4.1153867213e+02   1.0293299696e+03
   8134.0000000000   1.7367377042e+03   4.1167843379e+02   1.0295189489e+03
   8135.0000000000   1.7370655220e+03   4.1181742577e+02   1.0297073864e+03
   8136.0000000000   1.7373965588e+03   4.1195578545e+02   1.0298953314e+03
   8137.0000000000   1.7377196467e+03   4.1209360093e+02   1.0300928673e+03
   8138.0000000000   1.7380404135e+03   4.1223093374e+02   1.0302840975e+03
   8139.0000000000   1.7383595968e+03   4.1236782948e+02   1.0304739642e+03
   8140.0000000000   1.7386775333e+03   4.1250432346e+02   1.0306730013e+03
   8141.0000000000   1.7389944197e+03   4.1264044393e+02   1.0308654807e+03
   8142.0000000000   1.7393103869e+03   4.1277621411e+02   1.0310564278e+03
   8143.0000000000   1.7396255287e+03   4.1291165349e+02   1.0312463794e+03
   8144.0000000000   1.7399502358e+03   4.1304677872e+02   1.0314355656e+03
   8145.0000000000   1.7402785198e+03   4.1318160423e+02   1.0316241159e+03
   8146.0000000000   1.7405991133e+03   4.1331614268e+02   1.0318121142e+03
   8147.0000000000   1.7409279037e+03   4.1346044978e+02   1.0319996198e+03
   8148.0000000000   1.7412492255e+03   4.1359860719e+02   1.0321866772e+03
   8149.0000000000   1.7415684381e+03   4.1373553982e+02   1.0323733211e+03
   8150.0000000000   1.7418861980e+03   4.1388176734e+02   1.0325595797e+03
   8151.0000000000   1.7422337635e+03   4.1402154973e+02   1.0327555207e+03
   8152.0000000000   1.7425828585e+03   4.1416994701e+02   1.0329452353e+03
   8153.0000000000   1.7429160244e+03   4.1431155920e+02   1.0331437008e+03
   8154.0000000000   1.7432552057e+03   4.1445152484e+02   1.0333354703e+03
   8155.0000000000   1.7435856203e+03   4.1459043407e+02   1.0335256537e+03
   8156.0000000000   1.7439233467e+03   4.1472854616e+02   1.0337148221e+03
   8157.0000000000   1.7442632223e+03   4.1486600826e+02   1.0339032219e+03
   8158.0000000000   1.7445943783e+03   4.1501296005e+02   1.0340909911e+03
   8159.0000000000   1.7449226205e+03   4.1516358439e+02   1.0342782181e+03
   8160.0000000000   1.7452488040e+03   4.1530691828e+02   1.0344649650e+03
   8161.0000000000   1.7455836679e+03   4.1546847173e+02   1.0346512773e+03
   8162.0000000000   1.7459111069e+03   4.1561706627e+02   1.0348371907e+03
   8163.0000000000   1.7462466683e+03   4.1576283220e+02   1.0350327778e+03
   8164.0000000000   1.7465745991e+03   4.1590687208e+02   1.0352321779e+03
   8165.0000000000   1.7469002367e+03   4.1604965629e+02   1.0354243980e+03
   8166.0000000000   1.7472242369e+03   4.1619144637e+02   1.0356148375e+03
   8167.0000000000   1.7475572276e+03   4.1633240884e+02   1.0358142030e+03
   8168.0000000000   1.7478830323e+03   4.1647265901e+02   1.0360269413e+03
   8169.0000000000   1.7482068308e+03   4.1661228145e+02   1.0362262703e+03
   8170.0000000000   1.7485291989e+03   4.1677142980e+02   1.0364326343e+03
   8171.0000000000   1.7488503973e+03   4.1691829837e+02   1.0366413339e+03
   8172.0000000000   1.7491705822e+03   4.1706276028e+02   1.0368418621e+03
   8173.0000000000   1.7495001795e+03   4.1720578369e+02   1.0370398818e+03
   8174.0000000000   1.7498229051e+03   4.1735780360e+02   1.0372362179e+03
   8175.0000000000   1.7501541906e+03   4.1750310173e+02   1.0374312662e+03
   8176.0000000000   1.7504782027e+03   4.1764672539e+02   1.0376252637e+03
   8177.0000000000   1.7508105388e+03   4.1778923187e+02   1.0378183693e+03
   8178.0000000000   1.7511354462e+03   4.1793086827e+02   1.0380106973e+03
   8179.0000000000   1.7514582488e+03   4.1807177816e+02   1.0382123785e+03
   8180.0000000000   1.7517795859e+03   4.1821205705e+02   1.0384175964e+03
   8181.0000000000   1.7520997501e+03   4.1835177384e+02   1.0386153927e+03
   8182.0000000000   1.7524189137e+03   4.1849098100e+02   1.0388212393e+03
   8183.0000000000   1.7527371928e+03   4.1862972005e+02   1.0390198930e+03
   8184.0000000000   1.7530546717e+03   4.1876802484e+02   1.0392165748e+03
   8185.0000000000   1.7533714150e+03   4.1890592358e+02   1.0394119268e+03
   8186.0000000000   1.7536874743e+03   4.1904344021e+02   1.0396062447e+03
   8187.0000000000   1.7540132111e+03   4.1918059534e+02   1.0397997027e+03
   8188.0000000000   1.7543426161e+03   4.1931740696e+02   1.0399924174e+03
   8189.0000000000   1.7546644062e+03   4.1946393539e+02   1.0401844731e+03
   8190.0000000000   1.7549841378e+03   4.1960426632e+02   1.0403759337e+03
   8191.0000000000   1.7553024997e+03   4.1975337271e+02   1.0405668498e+03
   8192.0000000000   1.7556197936e+03   4.1989580452e+02   1.0407572625e+03
   8193.0000000000   1.7559361900e+03   4.2004671327e+02   1.0409472060e+03
   8194.0000000000   1.7562517991e+03   4.2019073972e+02   1.0411467537e+03
   8195.0000000000   1.7565770178e+03   4.2034308883e+02   1.0413500465e+03
   8196.0000000000   1.7568955402e+03   4.2049848025e+02   1.0415460934e+03
   8197.0000000000   1.7572124623e+03   4.2065621419e+02   1.0417402965e+03
   8198.0000000000   1.7575592578e+03   4.2080589874e+02   1.0419333203e+03
   8199.0000000000   1.7578870515e+03   4.2095319768e+02   1.0421254536e+03
   8200.0000000000   1.7582111155e+03   4.2109892223e+02   1.0423168577e+03
   8201.0000000000   1.7585329680e+03   4.2124345379e+02   1.0425076362e+03
   8202.0000000000   1.7588532228e+03   4.2139706147e+02   1.0426978609e+03
   8203.0000000000   1.7591722087e+03   4.2154396556e+02   1.0428875853e+03
   8204.0000000000   1.7594901299e+03   4.2168918781e+02   1.0430768507e+03
   8205.0000000000   1.7598071250e+03   4.2184331891e+02   1.0432656901e+03
   8206.0000000000   1.7601542518e+03   4.2199067302e+02   1.0434541307e+03
   8207.0000000000   1.7604824950e+03   4.2213630810e+02   1.0436421954e+03
   8208.0000000000   1.7608173845e+03   4.2228078663e+02   1.0438299036e+03
   8209.0000000000   1.7611440440e+03   4.2243440359e+02   1.0440172723e+03
   8210.0000000000   1.7614681213e+03   4.2259142135e+02   1.0442043164e+03
   8211.0000000000   1.7617904160e+03   4.2274092521e+02   1.0443910490e+03
   8212.0000000000   1.7621113126e+03   4.2288836895e+02   1.0445774819e+03
   8213.0000000000   1.7624310421e+03   4.2304449917e+02   1.0447736702e+03
   8214.0000000000   1.7627600791e+03   4.2319370432e+02   1.0449636952e+03
   8215.0000000000   1.7630924912e+03   4.2334108348e+02   1.0451524815e+03
   8216.0000000000   1.7634170501e+03   4.2348722418e+02   1.0453505486e+03
   8217.0000000000   1.7637393529e+03   4.2363239334e+02   1.0455421565e+03
   8218.0000000000   1.7640704387e+03   4.2377674856e+02   1.0457323207e+03
   8219.0000000000   1.7644045887e+03   4.2393044031e+02   1.0459215697e+03
   8220.0000000000   1.7647306794e+03   4.2407761725e+02   1.0461101263e+03
   8221.0000000000   1.7650543666e+03   4.2422325425e+02   1.0462981137e+03
   8222.0000000000   1.7653764069e+03   4.2436786520e+02   1.0464856104e+03
   8223.0000000000   1.7657074692e+03   4.2451166931e+02   1.0466726711e+03
   8224.0000000000   1.7660313965e+03   4.2466483587e+02   1.0468593359e+03
   8225.0000000000   1.7663636961e+03   4.2481151886e+02   1.0470456359e+03
   8226.0000000000   1.7666989027e+03   4.2495669356e+02   1.0472315958e+03
   8227.0000000000   1.7670259645e+03   4.2510087239e+02   1.0474272804e+03
   8228.0000000000   1.7673608860e+03   4.2524427249e+02   1.0476167782e+03
   8229.0000000000   1.7676880744e+03   4.2539706093e+02   1.0478050196e+03
   8230.0000000000   1.7680129389e+03   4.2555343398e+02   1.0479924839e+03
   8231.0000000000   1.7683361712e+03   4.2570243653e+02   1.0481793631e+03
   8232.0000000000   1.7686580993e+03   4.2584949506e+02   1.0483758039e+03
   8233.0000000000   1.7689789210e+03   4.2599529200e+02   1.0485759863e+03
   8234.0000000000   1.7692987712e+03   4.2614012932e+02   1.0487890304e+03
   8235.0000000000   1.7696177487e+03   4.2628417868e+02   1.0489884942e+03
   8236.0000000000   1.7699462485e+03   4.2642755140e+02   1.0491848818e+03
   8237.0000000000   1.7702679675e+03   4.2658037043e+02   1.0493794205e+03
   8238.0000000000   1.7705983247e+03   4.2672676599e+02   1.0495726360e+03
   8239.0000000000   1.7709214778e+03   4.2687169959e+02   1.0497648183e+03
   8240.0000000000   1.7712426984e+03   4.2701567489e+02   1.0499561500e+03
   8241.0000000000   1.7715625921e+03   4.2716894748e+02   1.0501467561e+03
   8242.0000000000   1.7718814282e+03   4.2731570722e+02   1.0503367273e+03
   8243.0000000000   1.7721993628e+03   4.2746094687e+02   1.0505261321e+03
   8244.0000000000   1.7725164991e+03   4.2761523265e+02   1.0507150240e+03
   8245.0000000000   1.7728329118e+03   4.2776285857e+02   1.0509134907e+03
   8246.0000000000   1.7731486578e+03   4.2790886612e+02   1.0511056389e+03
   8247.0000000000   1.7734637822e+03   4.2805380422e+02   1.0512964141e+03
   8248.0000000000   1.7737886414e+03   4.2819791211e+02   1.0514863082e+03
   8249.0000000000   1.7741069025e+03   4.2834132672e+02   1.0516755235e+03
   8250.0000000000   1.7744339615e+03   4.2848413794e+02   1.0518641714e+03
   8251.0000000000   1.7747539576e+03   4.2863645450e+02   1.0520523233e+03
   8252.0000000000   1.7750721470e+03   4.2878239658e+02   1.0522500741e+03
   8253.0000000000   1.7753891229e+03   4.2892691832e+02   1.0524415331e+03
   8254.0000000000   1.7757051441e+03   4.2907051776e+02   1.0526316460e+03
   8255.0000000000   1.7760203574e+03   4.2921340162e+02   1.0528209038e+03
   8256.0000000000   1.7763451775e+03   4.2935568460e+02   1.0530095076e+03
   8257.0000000000   1.7766736273e+03   4.2949744070e+02   1.0531975671e+03
   8258.0000000000   1.7769944443e+03   4.2963872231e+02   1.0533951967e+03
   8259.0000000000   1.7773338367e+03   4.2977956893e+02   1.0535865169e+03
   8260.0000000000   1.7776597746e+03   4.2992001167e+02   1.0537865245e+03
   8261.0000000000   1.7779929858e+03   4.3006007588e+02   1.0539797863e+03
   8262.0000000000   1.7783285598e+03   4.3019978275e+02   1.0541714220e+03
   8263.0000000000   1.7786556680e+03   4.3033915031e+02   1.0543620104e+03
   8264.0000000000   1.7789801108e+03   4.3047819419e+02   1.0545518035e+03
   8265.0000000000   1.7793130456e+03   4.3062697260e+02   1.0547409438e+03
   8266.0000000000   1.7796591481e+03   4.3076956931e+02   1.0549295236e+03
   8267.0000000000   1.7800013006e+03   4.3091091109e+02   1.0551276519e+03
   8268.0000000000   1.7803338810e+03   4.3105147472e+02   1.0553294932e+03
   8269.0000000000   1.7806735209e+03   4.3120149451e+02   1.0555240722e+03
   8270.0000000000   1.7810048914e+03   4.3134514299e+02   1.0557168018e+03
   8271.0000000000   1.7813335454e+03   4.3148739866e+02   1.0559083543e+03
   8272.0000000000   1.7816705834e+03   4.3162877132e+02   1.0560990241e+03
   8273.0000000000   1.7820000298e+03   4.3176947321e+02   1.0562990211e+03
   8274.0000000000   1.7823271761e+03   4.3190962125e+02   1.0564925230e+03
   8275.0000000000   1.7826526691e+03   4.3205933432e+02   1.0566945645e+03
   8276.0000000000   1.7829871371e+03   4.3220273583e+02   1.0568997833e+03
   8277.0000000000   1.7833144073e+03   4.3234477999e+02   1.0570973902e+03
   8278.0000000000   1.7836396629e+03   4.3248596342e+02   1.0572928946e+03
   8279.0000000000   1.7839738022e+03   4.3262649074e+02   1.0574870269e+03
   8280.0000000000   1.7843007251e+03   4.3277651870e+02   1.0576801199e+03
   8281.0000000000   1.7846256403e+03   4.3292019043e+02   1.0578723660e+03
   8282.0000000000   1.7849594556e+03   4.3306247171e+02   1.0580638913e+03
   8283.0000000000   1.7852860740e+03   4.3320386662e+02   1.0582547850e+03
   8284.0000000000   1.7856107050e+03   4.3334458484e+02   1.0584451140e+03
   8285.0000000000   1.7859339364e+03   4.3348474235e+02   1.0586349301e+03
   8286.0000000000   1.7862560341e+03   4.3363445785e+02   1.0588242749e+03
   8287.0000000000   1.7865771559e+03   4.3379794396e+02   1.0590232270e+03
   8288.0000000000   1.7868974087e+03   4.3394829855e+02   1.0592158867e+03
   8289.0000000000   1.7872271905e+03   4.3409585048e+02   1.0594071941e+03
   8290.0000000000   1.7875501984e+03   4.3424173884e+02   1.0596076815e+03
   8291.0000000000   1.7878715321e+03   4.3439648267e+02   1.0598016196e+03
   8292.0000000000   1.7881917123e+03   4.3454441113e+02   1.0599940333e+03
   8293.0000000000   1.7885109594e+03   4.3469060072e+02   1.0601955031e+03
   8294.0000000000   1.7888293985e+03   4.3483562773e+02   1.0603903303e+03
   8295.0000000000   1.7891471123e+03   4.3497975216e+02   1.0605835600e+03
   8296.0000000000   1.7894641609e+03   4.3512312667e+02   1.0607757427e+03
   8297.0000000000   1.7897909095e+03   4.3526585324e+02   1.0609671185e+03
   8298.0000000000   1.7901213504e+03   4.3540800553e+02   1.0611578243e+03
   8299.0000000000   1.7904545200e+03   4.3554963953e+02   1.0613479498e+03
   8300.0000000000   1.7908002488e+03   4.3569079942e+02   1.0615375590e+03
   8301.0000000000   1.7911315475e+03   4.3583152106e+02   1.0617266998e+03
   8302.0000000000   1.7914696164e+03   4.3597183416e+02   1.0619154100e+03
   8303.0000000000   1.7917994067e+03   4.3612180832e+02   1.0621037201e+03
   8304.0000000000   1.7921265449e+03   4.3626553666e+02   1.0623016997e+03
   8305.0000000000   1.7924518348e+03   4.3640795370e+02   1.0624934418e+03
   8306.0000000000   1.7927756697e+03   4.3655958723e+02   1.0626838806e+03
   8307.0000000000   1.7930982890e+03   4.3671474869e+02   1.0628734990e+03
   8308.0000000000   1.7934198555e+03   4.3686253121e+02   1.0630624917e+03
   8309.0000000000   1.7937508063e+03   4.3700838433e+02   1.0632509640e+03
   8310.0000000000   1.7940748676e+03   4.3715300225e+02   1.0634389820e+03
   8311.0000000000   1.7943971608e+03   4.3730673753e+02   1.0636265918e+03
   8312.0000000000   1.7947285420e+03   4.3745383652e+02   1.0638138273e+03
   8313.0000000000   1.7950528810e+03   4.3759932778e+02   1.0640007150e+03
   8314.0000000000   1.7953753635e+03   4.3774375713e+02   1.0641872762e+03
   8315.0000000000   1.7956965602e+03   4.3788736380e+02   1.0643735285e+03
   8316.0000000000   1.7960167236e+03   4.3804033008e+02   1.0645695314e+03
   8317.0000000000   1.7963360007e+03   4.3818681859e+02   1.0647593694e+03
   8318.0000000000   1.7966544898e+03   4.3833181045e+02   1.0649479696e+03
   8319.0000000000   1.7969722626e+03   4.3847582202e+02   1.0651358090e+03
   8320.0000000000   1.7972996931e+03   4.3861907313e+02   1.0653230772e+03
   8321.0000000000   1.7976307806e+03   4.3876168811e+02   1.0655199197e+03
   8322.0000000000   1.7979542478e+03   4.3890374833e+02   1.0657104703e+03
   8323.0000000000   1.7982756554e+03   4.3904531187e+02   1.0658996875e+03
   8324.0000000000   1.7985956952e+03   4.3918642274e+02   1.0660880694e+03
   8325.0000000000   1.7989146712e+03   4.3932711567e+02   1.0662758206e+03
   8326.0000000000   1.7992327557e+03   4.3946741896e+02   1.0664730974e+03
   8327.0000000000   1.7995603790e+03   4.3960735619e+02   1.0666640419e+03
   8328.0000000000   1.7998915752e+03   4.3974694742e+02   1.0668536190e+03
   8329.0000000000   1.8002254086e+03   4.3988620993e+02   1.0670423318e+03
   8330.0000000000   1.8005614106e+03   4.4003520332e+02   1.0672303889e+03
   8331.0000000000   1.8008889702e+03   4.4017801255e+02   1.0674179053e+03
   8332.0000000000   1.8012139294e+03   4.4033965434e+02   1.0676149989e+03
   8333.0000000000   1.8015371319e+03   4.4048874955e+02   1.0678057925e+03
   8334.0000000000   1.8018589747e+03   4.4063532046e+02   1.0679952399e+03
   8335.0000000000   1.8021900110e+03   4.4078040253e+02   1.0681838376e+03
   8336.0000000000   1.8025140321e+03   4.4093446513e+02   1.0683717899e+03
   8337.0000000000   1.8028361990e+03   4.4108180870e+02   1.0685692536e+03
   8338.0000000000   1.8031570747e+03   4.4122749109e+02   1.0687603717e+03
   8339.0000000000   1.8034769099e+03   4.4137207554e+02   1.0689501099e+03
   8340.0000000000   1.8038061714e+03   4.4151581241e+02   1.0691389722e+03
   8341.0000000000   1.8041285950e+03   4.4166889138e+02   1.0693372126e+03
   8342.0000000000   1.8044493041e+03   4.4181548021e+02   1.0695290187e+03
   8343.0000000000   1.8047688348e+03   4.4196056365e+02   1.0697294248e+03
   8344.0000000000   1.8050874184e+03   4.4210466074e+02   1.0699230215e+03
   8345.0000000000   1.8054051875e+03   4.4225803771e+02   1.0701149443e+03
   8346.0000000000   1.8057325496e+03   4.4240489202e+02   1.0703057828e+03
   8347.0000000000   1.8060532046e+03   4.4255022199e+02   1.0704957972e+03
   8348.0000000000   1.8063722520e+03   4.4269455353e+02   1.0706851361e+03
   8349.0000000000   1.8066902111e+03   4.4283811218e+02   1.0708839409e+03
   8350.0000000000   1.8070176191e+03   4.4299107042e+02   1.0710763515e+03
   8351.0000000000   1.8073382350e+03   4.4313758365e+02   1.0712673349e+03
   8352.0000000000   1.8076571892e+03   4.4329267203e+02   1.0714573978e+03
   8353.0000000000   1.8079750191e+03   4.4344091934e+02   1.0716467531e+03
   8354.0000000000   1.8082919542e+03   4.4358745795e+02   1.0718556085e+03
   8355.0000000000   1.8086081248e+03   4.4373287656e+02   1.0720521844e+03
   8356.0000000000   1.8089236161e+03   4.4387743525e+02   1.0722564116e+03
   8357.0000000000   1.8092384892e+03   4.4402128313e+02   1.0724533367e+03
   8358.0000000000   1.8095631096e+03   4.4416451787e+02   1.0726482695e+03
   8359.0000000000   1.8098811501e+03   4.4430720890e+02   1.0728418887e+03
   8360.0000000000   1.8102080103e+03   4.4445945291e+02   1.0730345069e+03
   8361.0000000000   1.8105278313e+03   4.4460536237e+02   1.0732263073e+03
   8362.0000000000   1.8108458706e+03   4.4474988617e+02   1.0734174105e+03
   8363.0000000000   1.8111627221e+03   4.4489351856e+02   1.0736179471e+03
   8364.0000000000   1.8114786447e+03   4.4503646343e+02   1.0738120531e+03
   8365.0000000000   1.8118041043e+03   4.4517883325e+02   1.0740046947e+03
   8366.0000000000   1.8121228325e+03   4.4532070028e+02   1.0741963791e+03
   8367.0000000000   1.8124502661e+03   4.4547215991e+02   1.0743873204e+03
